code,yahoo,name_en,name_zh,market_cap_100m_hkd,board_lot,category,sub_category,price,open,high,low,volume,turnover_proxy,ma5,ma10,dev5,dev10,gain1,gain3,gain5,year_prev_high,three_year_prev_high,history_prev_high,year_high,three_year_high,year_high_breakout,three_year_high_breakout,all_time_high_breakout,year_high_distance,three_year_high_distance,consecutive_3d_gain,consecutive_5d_gain,break_pullback_ma5,break_ma5_pullback_ma10,new_year_high,new_3y_high,new_all_time_high,near_year_high_10pct,near_3y_high_10pct,base_date
0001,0001.HK,CKH HOLDINGS,长和,2608.26,500,Equity,Equity Securities (Main Board),68.1,67.75,68.2,67.25,3856238,262.61,67.74,67.905,0.53,0.29,0.74,0.81,0.81,74.4,74.4,108.9,74.4,74.4,-8.33,-8.33,-37.37,8.47,8.47,False,False,False,True,False,False,False,True,True,2026-09-24
0002,0002.HK,CLP HOLDINGS,中电控股,1955.47,500,Equity,Equity Securities (Main Board),77.4,77.3,77.55,77.1,2265865,175.38,77.57,77.61,-0.22,-0.27,0.13,-0.58,0.32,79.8,79.8,97.4,79.8,79.8,-2.82,-2.82,-20.38,3.01,3.01,False,False,False,False,False,False,False,True,True,2026-09-24
0003,0003.HK,HK & CHINA GAS,香港中华煤气,1339.78,"1,000",Equity,Equity Securities (Main Board),7.18,7.085,7.18,7.06,22015337,158.07,7.12,7.104,0.84,1.06,1.34,0.7,2.64,7.76,7.76,16.36,7.76,7.76,-7.47,-7.47,-56.11,7.47,7.47,False,False,False,True,False,False,False,True,True,2026-09-24
0004,0004.HK,WHARF HOLDINGS,九龙仓集团,598.98,"1,000",Equity,Equity Securities (Main Board),19.6,19.86,19.86,19.41,582854,11.42,19.566,19.226,0.17,1.95,-1.31,0.51,1.82,30.6,30.6,34.0,30.6,30.6,-35.1,-35.1,-41.59,35.95,35.95,False,False,False,False,False,False,False,False,False,2026-09-24
0005,0005.HK,HSBC HOLDINGS,汇丰控股,26902.53,400,Equity,Equity Securities (Main Board),156.9,157.5,158.4,156.3,10702028,1679.15,159.76,160.73,-1.79,-2.38,-1.63,-2.85,-1.81,169.7,169.7,169.7,169.7,169.7,-6.66,-6.66,-6.66,7.54,7.54,False,False,False,False,False,False,False,True,True,2026-09-24
0006,0006.HK,POWER ASSETS,电能实业,1278.66,500,Equity,Equity Securities (Main Board),60.0,59.9,60.05,59.45,3172003,190.32,60.09,60.285,-0.15,-0.47,0.33,-0.41,0.08,67.05,67.05,78.8,67.05,67.05,-10.44,-10.44,-23.79,10.51,10.51,False,False,False,False,False,False,False,False,False,2026-09-24
0008,0008.HK,PCCW,电讯盈科,405.98,"1,000",Equity,Equity Securities (Main Board),5.24,5.22,5.255,5.2,8629314,45.22,5.271,5.341,-0.59,-1.89,0.38,-0.76,-2.87,6.37,6.37,6.37,6.37,6.37,-17.5,-17.5,-17.5,17.74,17.74,False,False,False,False,False,False,False,False,False,2026-09-24
0010,0010.HK,HANG LUNG GROUP,恒隆集团,164.48,"1,000",Equity,Equity Securities (Main Board),12.08,12.16,12.18,12.04,456000,5.51,12.2,12.229,-0.98,-1.22,-0.98,-2.03,-0.9,17.54,17.54,35.9,17.54,17.54,-30.56,-30.56,-66.07,31.13,31.13,False,False,False,False,False,False,False,False,False,2026-09-24
0012,0012.HK,HENDERSON LAND,恒基地产,1273.28,"1,000",Equity,Equity Securities (Main Board),26.3,26.14,26.34,26.0,7547675,198.5,26.26,26.064,0.15,0.91,0.0,-0.15,2.26,35.66,35.66,46.41,35.66,35.66,-26.14,-26.14,-43.24,26.25,26.25,False,False,False,True,False,False,False,False,False,2026-09-24
0013,0013.HK,HUTCHMED,和黄医药,191.74,500,Equity,Equity Securities (Main Board),21.98,22.54,22.82,21.92,5097500,112.04,22.124,21.718,-0.65,1.21,-2.48,-2.14,0.83,25.58,35.9,85.8,25.58,35.9,-10.79,-36.43,-73.4,14.07,38.77,False,False,False,False,False,False,False,False,False,2026-09-24
0014,0014.HK,HYSAN DEV,希慎兴业,159.7,"1,000",Equity,Equity Securities (Main Board),15.55,15.7,15.7,15.42,1140476,17.73,15.724,15.673,-1.11,-0.78,-1.33,-0.96,0.13,23.3,23.3,46.9,23.3,23.3,-32.62,-32.62,-66.52,33.26,33.26,False,False,False,False,False,False,False,False,False,2026-09-24
0016,0016.HK,SHK PPT,新鸿基地产,3135.4,500,Equity,Equity Securities (Main Board),108.2,108.1,108.8,107.4,3842778,415.79,109.04,109.05,-0.77,-0.78,-0.82,-2.08,0.0,148.8,148.8,148.8,148.8,148.8,-26.88,-26.88,-26.88,27.28,27.28,False,False,False,False,False,False,False,False,False,2026-09-24
0017,0017.HK,NEW WORLD DEV,新世界发展,149.11,"1,000",Equity,Equity Securities (Main Board),5.925,5.945,5.985,5.835,2845250,16.86,5.898,5.855,0.46,1.2,-1.25,0.94,1.89,12.45,15.96,55.52,12.45,15.96,-51.93,-62.5,-89.22,52.41,62.88,False,False,False,True,False,False,False,False,False,2026-09-24
0019,0019.HK,SWIRE PACIFIC A,太古股份公司Ａ,808.59,500,Equity,Equity Securities (Main Board),103.8,102.8,104.4,102.6,873223,90.64,102.1,101.77,1.67,1.99,0.97,1.86,4.11,108.6,108.6,108.6,108.6,108.6,-3.87,-3.87,-3.87,4.42,4.42,True,True,False,False,False,False,False,True,True,2026-09-24
0020,0020.HK,SENSETIME-W,商汤－Ｗ,542.19,"1,000",Equity,Equity Securities (Main Board),1.3,1.245,1.3,1.235,478358292,621.87,1.27,1.257,2.36,3.42,4.42,2.77,7.88,2.8,2.94,9.7,2.8,2.94,-53.57,-55.78,-86.6,53.57,55.78,False,False,False,True,False,False,False,False,False,2026-09-24
0021,0021.HK,GREAT CHI HLDGS,大中华控股,3.26,"5,000",Equity,Equity Securities (Main Board),0.082,0.087,0.087,0.081,1265000,0.1,0.088,0.08,-6.61,2.37,-5.75,-11.83,2.5,0.15,0.18,0.35,0.15,0.18,-40.41,-51.67,-75.14,43.84,54.44,False,False,False,False,False,False,False,False,False,2026-09-24
0022,0022.HK,MEXAN,茂盛控股,1.12,"2,000",Equity,Equity Securities (Main Board),2.855,2.91,3.0,2.82,208000,0.59,3.016,2.777,-5.34,2.81,-4.83,-5.31,-12.96,18.5,18.5,19.25,18.5,18.5,-83.78,-83.78,-84.42,84.57,84.57,False,False,False,False,False,False,False,False,False,2026-09-24
0023,0023.HK,BANK OF E ASIA,东亚银行,509.77,200,Equity,Equity Securities (Main Board),19.26,19.18,19.3,18.94,1459435,28.11,19.428,19.207,-0.86,0.28,0.16,-2.68,0.05,19.82,19.82,36.0,19.82,19.82,-2.62,-2.62,-46.39,2.83,2.83,False,False,False,False,False,False,False,True,True,2026-09-24
0026,0026.HK,CHINA MOTOR BUS,中华汽车,26.68,200,Equity,Equity Securities (Main Board),59.0,59.0,59.0,58.6,7056,0.42,58.64,58.59,0.61,0.7,0.68,0.6,1.03,62.0,65.2,134.6,62.0,65.2,-4.84,-9.51,-56.17,4.84,9.51,False,False,True,False,False,False,False,True,True,2026-09-24
0027,0027.HK,GALAXY ENT,银河娱乐,1402.23,"1,000",Equity,Equity Securities (Main Board),32.02,31.9,32.08,31.56,14091203,451.2,32.316,32.476,-0.92,-1.4,-0.56,-1.9,-2.08,44.22,51.3,80.3,44.22,51.3,-27.45,-37.47,-60.05,27.59,37.58,False,False,False,False,False,False,False,False,False,2026-09-24
0028,0028.HK,TIAN AN,天安,48.38,"1,000",Equity,Equity Securities (Main Board),3.3,3.285,3.31,3.285,1140801,3.76,3.338,3.345,-1.14,-1.35,-0.9,-1.49,-0.9,4.95,5.55,6.78,4.95,5.55,-33.13,-40.36,-51.21,33.33,40.54,False,False,False,False,False,False,False,False,False,2026-09-24
0029,0029.HK,DYNAMIC HOLD,达力集团,21.24,"2,000",Equity,Equity Securities (Main Board),8.935,9.05,9.05,8.9,60000,0.54,8.903,9.041,0.36,-1.17,-0.72,-0.89,-2.03,13.1,14.6,16.56,13.1,14.6,-30.92,-38.01,-45.35,31.79,38.8,False,False,True,False,False,False,False,False,False,2026-09-24
0031,0031.HK,CHINA AEROSPACE,航天控股,14.65,"2,000",Equity,Equity Securities (Main Board),0.475,0.47,0.475,0.465,1998000,0.95,0.472,0.47,0.64,0.96,0.0,1.06,1.06,0.78,0.85,1.12,0.78,0.85,-39.1,-44.12,-57.59,39.1,44.12,False,False,True,True,False,False,False,False,False,2026-09-24
0034,0034.HK,KOWLOON DEV,九龙建业,59.56,"1,000",Equity,Equity Securities (Main Board),4.56,4.595,4.6,4.56,44000,0.2,4.509,4.454,1.13,2.39,-0.22,1.56,3.4,5.45,7.07,11.06,5.45,7.07,-15.6,-34.94,-58.41,16.33,35.5,False,False,False,False,False,False,False,False,False,2026-09-24
0035,0035.HK,FE CONSORT INTL,远东发展,20.04,"1,000",Equity,Equity Securities (Main Board),0.655,0.655,0.655,0.655,2000,0.0,0.649,0.665,0.92,-1.43,-0.76,2.34,-2.24,0.93,1.68,4.51,0.93,1.68,-29.57,-61.01,-85.47,29.57,61.01,False,False,False,False,False,False,False,False,False,2026-09-24
0037,0037.HK,FE HOTELS,远东酒店实业,3.57,"2,000",Equity,Equity Securities (Main Board),0.475,0.47,0.47,0.465,1324000,0.63,0.476,0.48,-0.21,-1.04,1.06,-1.04,-2.06,0.68,1.07,2.04,0.68,1.07,-30.88,-56.07,-76.96,30.15,55.61,False,False,False,False,False,False,False,False,False,2026-09-24
0038,0038.HK,FIRST TRACTOR,第一拖拉机股份,34.73,"2,000",Equity,Equity Securities (Main Board),8.86,8.705,8.93,8.7,1428105,12.65,8.837,9.048,0.26,-2.08,0.0,0.8,-3.12,10.6,10.6,10.6,10.6,10.6,-15.75,-15.75,-15.75,16.42,16.42,False,False,False,False,False,False,False,False,False,2026-09-24
0040,0040.HK,GOLD PEAK,金山科技工业,6.09,"1,000",Equity,Equity Securities (Main Board),0.675,0.675,0.675,0.675,60000,0.04,0.684,0.681,-1.32,-0.81,0.0,-2.17,-2.17,0.78,0.8,0.99,0.78,0.8,-13.46,-15.62,-31.51,13.46,15.62,False,False,False,False,False,False,False,False,False,2026-09-24
0041,0041.HK,GREAT EAGLE H,鹰君,108.04,"1,000",Equity,Equity Securities (Main Board),14.41,14.52,14.53,14.36,224694,3.24,14.426,14.523,-0.11,-0.78,-0.48,-0.07,0.07,19.2,19.2,45.0,19.2,19.2,-24.32,-24.32,-67.71,24.95,24.95,False,False,False,False,False,False,False,False,False,2026-09-24
0042,0042.HK,NE ELECTRIC,东北电气,0.55,"2,000",Equity,Equity Securities (Main Board),0.215,0.215,0.215,0.215,16000,0.0,0.224,0.228,-3.93,-5.78,-2.27,-10.04,-9.66,0.71,0.71,3.27,0.71,0.71,-69.72,-69.72,-93.43,69.72,69.72,False,False,False,False,False,False,False,False,False,2026-09-24
0045,0045.HK,HK&S HOTELS,大酒店,91.68,500,Equity,Equity Securities (Main Board),5.5,5.5,5.5,5.475,176500,0.97,5.408,5.385,1.7,2.15,0.09,3.09,3.68,7.26,7.26,17.12,7.26,7.26,-24.24,-24.24,-67.87,24.24,24.24,True,False,False,False,False,False,False,False,False,2026-09-24
0050,0050.HK,HK FERRY (HOLD),香港小轮（集团）,16.8,"1,000",Equity,Equity Securities (Main Board),4.715,4.715,4.725,4.71,49000,0.23,4.729,4.753,-0.3,-0.81,-0.21,-0.42,0.0,5.55,5.55,9.29,5.55,5.55,-14.86,-14.86,-49.14,15.05,15.05,False,False,False,False,False,False,False,False,False,2026-09-24
0051,0051.HK,HARBOUR CENTRE,海港企业,32.46,"1,000",Equity,Equity Securities (Main Board),4.58,4.5,4.58,4.5,11000,0.05,4.464,4.355,2.6,5.17,0.44,4.57,5.53,5.09,7.22,16.36,5.09,7.22,-10.02,-36.57,-72.0,10.02,36.57,True,True,False,False,False,False,False,False,False,2026-09-24
0052,0052.HK,FAIRWOOD HOLD,大快活集团,5.19,500,Equity,Equity Securities (Main Board),4.005,3.98,4.19,3.96,118500,0.47,4.153,4.285,-3.56,-6.53,0.5,-6.43,-8.67,4.84,11.28,38.4,4.84,11.28,-13.34,-62.85,-89.09,17.17,64.49,False,False,False,False,False,False,False,False,False,2026-09-24
0053,0053.HK,GUOCO GROUP,国浩集团,236.26,"1,000",Equity,Equity Securities (Main Board),71.8,71.75,71.8,71.6,8000,0.57,71.51,71.165,0.41,0.89,0.42,1.27,1.56,76.7,97.0,133.8,76.7,97.0,-6.39,-25.98,-46.34,6.39,25.98,False,False,False,False,False,False,False,True,False,2026-09-24
0055,0055.HK,NEWAY GROUP,中星集团控股,0.29,"10,000",Equity,Equity Securities (Main Board),0.115,0.112,0.115,0.112,42500,0.0,0.132,0.133,-12.88,-13.47,-6.5,-23.33,-14.81,0.19,0.31,0.75,0.19,0.31,-41.03,-62.3,-84.67,41.03,62.3,False,False,False,False,False,False,False,False,False,2026-09-24
0057,0057.HK,CHEN HSONG HOLD,震雄集团,9.58,"2,000",Equity,Equity Securities (Main Board),1.52,1.52,1.53,1.52,266000,0.4,1.508,1.493,0.8,1.81,0.0,2.7,2.7,1.75,1.94,3.93,1.75,1.94,-12.57,-21.13,-61.07,13.14,21.65,False,False,False,False,False,False,False,False,False,2026-09-24
0058,0058.HK,SUNWAY INT'L,新威国际,1.05,"20,000",Equity,Equity Securities (Main Board),0.203,0.203,0.203,0.203,240000,0.05,0.22,0.229,-7.73,-11.31,-3.79,-10.57,-11.74,0.4,0.88,13.0,0.4,0.88,-49.25,-76.93,-98.44,49.25,76.93,False,False,False,False,False,False,False,False,False,2026-09-24
0061,0061.HK,GREEN LEADER,绿领控股,0.24,"10,000",Equity,Equity Securities (Main Board),0.185,0.185,0.185,0.185,23125,0.0,0.186,0.184,-0.32,0.38,0.54,1.09,1.09,0.36,0.52,50.4,0.36,0.52,-48.61,-64.42,-99.63,48.61,64.42,False,False,False,False,False,False,False,False,False,2026-09-24
0062,0062.HK,TRANSPORT INT'L,载通,46.21,400,Equity,Equity Securities (Main Board),8.615,8.66,8.66,8.61,37200,0.32,8.69,8.632,-0.86,-0.2,-0.52,0.29,0.17,12.2,12.2,26.75,12.2,12.2,-29.02,-29.02,-67.63,29.39,29.39,False,False,False,False,False,False,False,False,False,2026-09-24
0063,0063.HK,CHI ASIA VALLEY,中亚烯谷集团,2.16,"1,000",Equity,Equity Securities (Main Board),0.034,0.036,0.036,0.033,936000,0.03,0.039,0.037,-12.82,-8.85,-17.07,-15.0,-2.86,0.06,0.15,0.86,0.06,0.15,-43.75,-76.0,-95.81,46.87,77.33,False,False,False,False,False,False,False,False,False,2026-09-24
0064,0064.HK,GET NICE,结好控股,23.52,"2,000",Equity,Equity Securities (Main Board),3.805,3.8,3.805,3.8,60500,0.23,3.806,3.808,-0.03,-0.08,0.13,-0.13,-0.26,3.86,3.86,7.5,3.86,3.86,-1.42,-1.42,-49.27,1.42,1.42,False,False,False,False,False,False,False,True,True,2026-09-24
0065,0065.HK,GRAND OCEAN AR,弘海高新资源,0.9,"4,000",Equity,Equity Securities (Main Board),0.365,0.36,0.365,0.335,756000,0.28,0.295,0.28,23.81,30.17,2.82,46.0,37.74,0.44,8.0,8.1,0.44,8.0,-17.05,-95.44,-95.49,17.05,95.44,True,False,False,False,False,False,False,False,False,2026-09-24
0066,0066.HK,MTR CORPORATION,港铁公司,2028.05,500,Equity,Equity Securities (Main Board),32.58,32.64,32.64,32.26,3841043,125.14,32.884,32.78,-0.92,-0.61,-0.18,-1.99,0.62,37.88,37.88,55.75,37.88,37.88,-13.83,-13.83,-41.45,13.99,13.99,False,False,False,False,False,False,False,False,False,2026-09-24
0068,0068.HK,MANYCORE TECH,MANYCORE TECH,135.51,500,Equity,Equity Securities (Main Board),7.85,7.795,8.09,7.71,3700156,29.05,8.159,8.276,-3.79,-5.15,0.71,-7.54,-9.25,48.5,48.5,48.5,48.5,48.5,-83.32,-83.32,-83.32,83.81,83.81,False,False,False,False,False,False,False,False,False,2026-09-24
0069,0069.HK,SHANGRI-LA ASIA,香格里拉（亚洲）,137.54,"2,000",Equity,Equity Securities (Main Board),3.83,3.7,3.92,3.65,3374000,12.92,3.751,3.856,2.11,-0.66,4.36,3.79,-1.03,5.39,6.27,19.9,5.39,6.27,-27.27,-37.48,-80.3,28.94,38.92,False,False,False,False,False,False,False,False,False,2026-09-24
0071,0071.HK,MIRAMAR HOTEL,美丽华酒店,68.09,"1,000",Equity,Equity Securities (Main Board),9.855,9.9,9.945,9.79,216000,2.13,9.935,9.977,-0.81,-1.22,-0.45,-1.05,-1.15,11.27,11.27,19.3,11.27,11.27,-11.76,-11.76,-48.47,12.56,12.56,False,False,False,False,False,False,False,False,False,2026-09-24
0072,0072.HK,META MEDIA,超媒体控股,1.02,"2,000",Equity,Equity Securities (Main Board),0.232,0.229,0.235,0.229,152000,0.04,0.238,0.232,-2.68,0.13,-12.45,7.91,6.91,0.31,0.36,1.97,0.31,0.36,-25.4,-34.72,-88.07,26.35,35.56,False,False,False,False,False,False,False,False,False,2026-09-24
0075,0075.HK,Y.T. REALTY,渝太地产,1.17,"2,000",Equity,Equity Securities (Main Board),0.146,0.146,0.146,0.146,4112,0.0,0.149,0.141,-1.88,3.77,-7.59,3.55,3.55,0.2,0.89,4.22,0.2,0.89,-25.51,-83.6,-96.54,25.51,83.6,False,False,False,False,False,False,False,False,False,2026-09-24
0078,0078.HK,REGAL INT'L,REGAL INT'L,4.0,"2,000",Equity,Equity Securities (Main Board),0.445,0.45,0.46,0.445,18006,0.01,0.445,0.448,0.0,-0.67,0.0,0.0,-1.11,0.59,3.15,7.16,0.59,3.15,-22.03,-85.4,-93.58,24.58,85.87,False,False,False,False,False,False,False,False,False,2026-09-24
0079,0079.HK,CENTURY LEGEND,世纪建业,0.4,"4,000",Equity,Equity Securities (Main Board),0.122,0.12,0.144,0.12,532000,0.06,0.121,0.117,1.16,4.01,1.67,12.96,9.91,0.16,0.17,0.96,0.16,0.17,-12.2,-12.73,-85.0,25.61,26.06,False,False,False,False,False,False,False,False,False,2026-09-24
0080,0080.HK,CAI CORP,ＣＡＩ控股,6.52,"10,000",Equity,Investment Companies,0.25,0.25,0.255,0.25,510000,0.13,0.251,0.253,-0.56,-1.03,-1.96,0.0,0.4,0.47,0.7,1.63,0.47,0.7,-45.74,-63.57,-84.34,46.81,64.29,False,False,False,False,False,False,False,False,False,2026-09-24
0081,0081.HK,CH OVS G OCEANS,中国海外宏洋集团,99.13,"1,000",Equity,Equity Securities (Main Board),2.785,2.815,2.815,2.765,2900000,8.08,2.827,2.8,-1.49,-0.54,-2.62,-1.07,1.64,3.35,3.35,6.12,3.35,3.35,-15.97,-15.97,-54.0,16.87,16.87,False,False,False,False,False,False,False,False,False,2026-09-24
0082,0082.HK,CRAZY SPORTS,疯狂体育,3.71,"2,000",Equity,Equity Securities (Main Board),0.082,0.077,0.082,0.073,964000,0.08,0.079,0.077,3.27,6.63,5.13,2.5,7.89,0.1,0.18,1.0,0.1,0.18,-15.46,-54.19,-91.8,15.46,54.19,False,False,False,True,False,False,False,False,False,2026-09-24
0083,0083.HK,SINO LAND,信和置业,972.99,"2,000",Equity,Equity Securities (Main Board),10.15,10.08,10.18,10.05,11905823,120.84,10.113,10.05,0.37,1.0,-0.68,0.3,2.89,13.3,13.3,15.48,13.3,13.3,-23.46,-23.46,-34.24,23.68,23.68,False,False,False,False,False,False,False,False,False,2026-09-24
0084,0084.HK,STELUX HOLDINGS,宝光实业,0.69,"1,000",Equity,Equity Securities (Main Board),0.067,0.068,0.068,0.067,444000,0.03,0.067,0.068,-0.59,-0.74,-1.47,0.0,0.0,0.09,0.15,0.96,0.09,0.15,-22.73,-53.74,-92.92,23.86,54.42,False,False,False,False,False,False,False,False,False,2026-09-24
0085,0085.HK,CE HUADA TECH,中电华大科技,16.04,"2,000",Equity,Equity Securities (Main Board),0.79,0.8,0.8,0.79,188000,0.15,0.794,0.797,-0.5,-0.88,-1.86,0.0,-1.25,1.54,2.09,2.09,1.54,2.09,-48.05,-61.72,-61.72,48.7,62.2,False,False,False,False,False,False,False,False,False,2026-09-24
0086,0086.HK,SUN HUNG KAI CO,新鸿基公司,78.22,"1,000",Equity,Equity Securities (Main Board),3.995,3.965,4.0,3.965,161565,0.65,4.002,4.005,-0.17,-0.25,-0.13,-0.25,-0.37,4.5,4.5,5.9,4.5,4.5,-11.11,-11.11,-32.2,11.22,11.22,False,False,False,False,False,False,False,False,False,2026-09-24
0087,0087.HK,SWIRE PACIFIC B,太古股份公司Ｂ,427.34,"2,500",Equity,Equity Securities (Main Board),15.0,14.99,15.0,14.83,315000,4.72,14.956,14.852,0.29,1.0,0.33,-0.6,2.74,15.8,15.8,16.34,15.8,15.8,-5.06,-5.06,-8.2,5.06,5.06,False,False,False,True,False,False,False,True,True,2026-09-24
0088,0088.HK,TAI CHEUNG HOLD,TAI CHEUNG HOLD,18.71,"1,000",Equity,Equity Securities (Main Board),3.03,3.02,3.065,3.01,70000,0.21,3.057,3.127,-0.88,-3.1,-0.66,0.0,-4.57,4.18,4.18,10.0,4.18,4.18,-26.67,-26.67,-69.35,27.51,27.51,False,False,False,False,False,False,False,False,False,2026-09-24
0089,0089.HK,TAI SANG LAND,大生地产,5.38,"1,000",Equity,Equity Securities (Main Board),1.87,1.86,1.86,1.85,13000,0.02,1.88,1.921,-0.53,-2.65,-4.35,0.54,-5.56,2.58,2.99,6.31,2.58,2.99,-27.91,-37.79,-70.52,27.52,37.46,False,False,False,False,False,False,False,False,False,2026-09-24
0090,0090.HK,PUXING ENERGY,普星能量,4.38,"2,000",Equity,Equity Securities (Main Board),0.955,0.955,0.955,0.955,14000,0.01,0.977,0.946,-2.25,0.95,-7.73,-3.54,4.37,1.36,2.28,2.28,1.36,2.28,-29.78,-58.11,-58.11,29.78,58.11,False,False,False,False,False,False,False,False,False,2026-09-24
0092,0092.HK,CHAMPION TECH,冠军科技集团,2.03,"12,000",Equity,Equity Securities (Main Board),0.185,0.185,0.189,0.183,798000,0.15,0.177,0.177,4.64,4.28,2.21,8.82,5.71,0.26,0.57,13.64,0.26,0.57,-28.68,-66.73,-98.61,30.19,67.43,True,False,False,False,False,False,False,False,False,2026-09-24
0094,0094.HK,GREENHEART GP,绿心集团,1.2,"80,000",Equity,Equity Securities (Main Board),0.043,0.041,0.045,0.041,480000,0.02,0.047,0.047,-9.28,-8.9,0.0,-18.87,-6.52,0.1,0.11,1.24,0.1,0.11,-53.12,-59.09,-96.36,55.21,60.91,False,False,False,False,False,False,False,False,False,2026-09-24
0096,0096.HK,YUSEI,YUSEI,3.28,"2,000",Equity,Equity Securities (Main Board),0.515,0.515,0.52,0.515,78000,0.04,0.515,0.515,0.0,-0.1,0.0,0.0,0.0,0.62,1.68,2.47,0.62,1.68,-16.13,-69.05,-78.99,16.94,69.35,False,False,False,False,False,False,False,False,False,2026-09-24
0097,0097.HK,HENDERSON INV,恒基发展,4.21,"1,000",Equity,Equity Securities (Main Board),0.138,0.139,0.139,0.138,359990,0.05,0.141,0.14,-2.13,-1.71,-0.72,-4.17,-1.43,0.21,0.37,0.71,0.21,0.37,-33.81,-62.43,-80.42,34.29,62.7,False,False,False,False,False,False,False,False,False,2026-09-24
0099,0099.HK,WONG'S INT'L,王氏国际,6.32,"1,000",Equity,Equity Securities (Main Board),1.32,1.33,1.335,1.33,98000,0.13,1.259,1.245,4.85,6.02,10.0,13.79,10.46,1.56,1.88,3.59,1.56,1.88,-14.42,-28.99,-62.81,15.38,29.79,False,False,False,False,False,False,False,False,False,2026-09-24
0100,0100.HK,MINIMAX-W,MINIMAX-W,748.09,20,Equity,Equity Securities (Main Board),279.0,268.0,288.0,266.0,8123166,2266.36,288.28,269.12,-3.22,3.67,1.45,-6.38,9.5,1330.0,1330.0,1330.0,1330.0,1330.0,-78.35,-78.35,-78.35,79.02,79.02,False,False,False,False,False,False,False,False,False,2026-09-24
0101,0101.HK,HANG LUNG PPT,恒隆地产,339.76,"1,000",Equity,Equity Securities (Main Board),6.53,6.57,6.575,6.465,7900439,51.59,6.583,6.643,-0.81,-1.7,-0.61,-1.95,-1.06,10.3,11.68,22.6,10.3,11.68,-36.17,-43.71,-70.91,36.6,44.09,False,False,False,False,False,False,False,False,False,2026-09-24
0103,0103.HK,SHOUGANG CENT,首佳科技,10.84,"1,000",Equity,Equity Securities (Main Board),2.095,2.075,2.1,2.07,148000,0.31,2.097,2.095,-0.1,0.0,-0.24,-0.24,0.96,3.2,4.3,4.3,3.2,4.3,-34.38,-51.16,-51.16,34.53,51.28,False,False,False,False,False,False,False,False,False,2026-09-24
0104,0104.HK,ASIA COMM HOLD,ASIA COMM HOLD,1.65,"5,000",Equity,Equity Securities (Main Board),0.221,0.225,0.225,0.22,85000,0.02,0.221,0.223,-0.09,-0.76,-0.45,0.0,-0.45,0.26,0.34,0.93,0.26,0.34,-15.09,-33.82,-75.81,16.6,35.0,False,False,False,False,False,False,False,False,False,2026-09-24
0105,0105.HK,ASSO INT HOTELS,凯联国际酒店,18.04,"2,000",Equity,Equity Securities (Main Board),5.01,5.0,5.0,5.0,110000,0.55,5.058,5.09,-0.95,-1.57,-1.18,-1.18,-1.18,5.64,7.77,25.6,5.64,7.77,-11.35,-35.65,-80.47,11.17,35.52,False,False,False,False,False,False,False,False,False,2026-09-24
0107,0107.HK,SICHUAN EXPRESS,四川成渝高速公路,43.24,"2,000",Equity,Equity Securities (Main Board),4.83,4.84,4.88,4.83,478000,2.31,4.813,4.784,0.35,0.96,-0.21,0.31,1.36,6.1,6.1,6.1,6.1,6.1,-20.0,-20.0,-20.0,20.82,20.82,False,False,False,False,False,False,False,False,False,2026-09-24
0108,0108.HK,SR MEDICAL,春雨医疗,67.26,"2,000",Equity,Equity Securities (Main Board),2.025,2.1,2.105,2.025,438000,0.89,2.093,2.05,-3.25,-1.2,-4.48,-6.03,1.5,3.71,4.28,4.28,3.71,4.28,-43.26,-50.82,-50.82,45.42,52.69,False,False,False,False,False,False,False,False,False,2026-09-24
0110,0110.HK,CHINA FORTUNE,中国长远,1.43,"4,000",Equity,Equity Securities (Main Board),0.515,0.52,0.52,0.515,304000,0.16,0.585,0.623,-11.97,-17.27,-8.04,-16.94,-23.7,0.85,0.85,4.05,0.85,0.85,-38.46,-38.46,-87.16,39.05,39.05,False,False,False,False,False,False,False,False,False,2026-09-24
0111,0111.HK,CINDA INTL HLDG,信达国际控股,4.36,"2,000",Equity,Equity Securities (Main Board),0.68,0.65,0.69,0.65,730000,0.5,0.671,0.68,1.34,0.07,0.74,1.49,0.74,1.27,1.27,1.27,1.27,1.27,-45.67,-45.67,-45.67,46.46,46.46,False,False,True,True,False,False,False,False,False,2026-09-24
0113,0113.HK,DICKSON CONCEPT,迪生创建,22.78,500,Equity,Equity Securities (Main Board),5.9,5.95,5.95,5.89,19000,0.11,5.935,5.922,-0.59,-0.38,-0.84,-0.84,-0.25,6.7,7.07,7.07,6.7,7.07,-11.19,-15.84,-15.84,11.94,16.55,False,False,False,False,False,False,False,False,False,2026-09-24
0116,0116.HK,CHOW SANG SANG,周生生,86.11,"1,000",Equity,Equity Securities (Main Board),12.82,12.7,12.84,12.62,355000,4.55,12.774,12.836,0.36,-0.12,0.47,0.94,-0.31,16.69,16.69,20.85,16.69,16.69,-23.07,-23.07,-38.42,23.19,23.19,True,False,False,False,False,False,False,False,False,2026-09-24
0117,0117.HK,TIANLI HOLDINGS,天利控股集团,25.92,"2,000",Equity,Equity Securities (Main Board),3.48,3.46,3.755,3.36,2293000,7.98,3.678,3.659,-5.38,-4.89,-1.14,-9.26,-9.96,8.39,8.39,8.39,8.39,8.39,-55.24,-55.24,-55.24,58.52,58.52,False,False,False,False,False,False,False,False,False,2026-09-24
0118,0118.HK,COSMOS MACH,大同机械,1.75,"2,000",Equity,Equity Securities (Main Board),0.203,0.198,0.214,0.197,222000,0.05,0.205,0.21,-1.17,-3.15,2.53,-1.93,-14.35,0.52,0.52,0.86,0.52,0.52,-58.85,-58.85,-75.12,60.96,60.96,False,False,False,False,False,False,False,False,False,2026-09-24
0119,0119.HK,POLY PROPERTY,保利置业集团,49.1,"1,000",Equity,Equity Securities (Main Board),1.285,1.285,1.285,1.245,8322000,10.69,1.268,1.237,1.34,3.92,0.78,0.39,7.98,2.55,2.55,4.7,2.55,2.55,-49.61,-49.61,-72.66,49.61,49.61,False,False,False,False,False,False,False,False,False,2026-09-24
0120,0120.HK,COSMOPOL INT'L,COSMOPOL INT'L,0.85,600,Equity,Equity Securities (Main Board),0.052,0.05,0.053,0.05,117000,0.01,0.052,0.052,0.39,-0.19,4.0,-3.7,4.0,0.11,7.7,10.0,0.11,7.7,-50.93,-99.31,-99.47,51.85,99.32,False,False,False,False,False,False,False,False,False,2026-09-24
0122,0122.HK,CROCODILE,鳄鱼恤,1.46,"2,000",Equity,Equity Securities (Main Board),1.41,1.4,1.4,1.4,2500,0.0,1.369,1.364,2.99,3.41,3.3,6.42,1.44,1.8,3.24,21.17,1.8,3.24,-22.22,-56.79,-93.39,21.67,56.48,True,False,False,False,False,False,False,False,False,2026-09-24
0123,0123.HK,YUEXIU PROPERTY,越秀地产,129.82,"1,000",Equity,Equity Securities (Main Board),3.225,3.3,3.28,3.2,3085000,9.95,3.237,3.163,-0.37,1.98,-1.23,-0.92,5.22,4.98,9.49,12.63,4.98,9.49,-34.14,-65.44,-74.03,35.24,66.02,False,False,False,False,False,False,False,False,False,2026-09-24
0124,0124.HK,GD LAND,粤海置地,3.41,"2,000",Equity,Equity Securities (Main Board),0.199,0.199,0.204,0.195,285930,0.06,0.196,0.195,1.43,1.95,0.0,3.11,0.51,0.25,0.68,2.21,0.25,0.68,-20.0,-70.0,-90.77,21.96,70.74,False,False,False,True,False,False,False,False,False,2026-09-24
0126,0126.HK,CARRIANNA,佳宁娜,1.32,"2,000",Equity,Equity Securities (Main Board),0.084,0.08,0.084,0.074,372000,0.03,0.084,0.086,0.24,-1.98,3.7,0.0,-2.33,0.14,0.38,1.46,0.14,0.38,-42.07,-78.18,-94.25,42.07,78.18,False,False,False,False,False,False,False,False,False,2026-09-24
0127,0127.HK,CHINESE EST H,华人置业,19.08,500,Equity,Equity Securities (Main Board),1.0,1.015,1.015,0.995,380000,0.38,1.018,1.027,-1.77,-2.68,-1.96,-2.44,-3.38,1.34,1.85,15.58,1.34,1.85,-24.25,-45.14,-93.49,25.37,45.95,False,False,False,False,False,False,False,False,False,2026-09-24
0128,0128.HK,ENM HOLDINGS,安宁控股,8.09,"4,000",Equity,Equity Securities (Main Board),0.49,0.49,0.495,0.45,1312072,0.64,0.338,0.319,44.97,53.61,63.33,63.33,63.33,0.3,0.55,1.44,0.5,0.55,65.0,-10.0,-65.63,1.01,10.91,False,False,False,False,True,False,False,True,False,2026-09-24
0129,0129.HK,ASIA STANDARD,泛海集团,2.69,"2,000",Equity,Equity Securities (Main Board),0.189,0.166,0.19,0.166,182556,0.03,0.174,0.172,8.75,9.69,11.18,11.18,11.18,0.25,0.55,2.74,0.25,0.55,-24.0,-65.45,-93.07,24.4,65.64,False,False,False,True,False,False,False,False,False,2026-09-24
0131,0131.HK,CHEUK NANG HOLD,卓能（集团）,8.55,"1,000",Equity,Equity Securities (Main Board),1.31,1.28,1.31,1.28,52000,0.07,1.308,1.303,0.15,0.5,0.77,0.0,0.0,1.42,2.05,6.3,1.42,2.05,-7.75,-36.1,-79.21,7.75,36.1,False,False,False,True,False,False,False,True,False,2026-09-24
0133,0133.HK,CHINA MERCHANTS,招商局中国基金,39.45,"2,000",Equity,Investment Companies,25.9,25.76,25.94,25.08,517892,13.41,25.084,25.054,3.25,3.38,-1.67,5.97,2.94,28.78,28.78,28.78,28.78,28.78,-9.87,-9.87,-9.87,10.01,10.01,False,False,True,False,False,False,False,False,False,2026-09-24
0135,0135.HK,KUNLUN ENERGY,昆仑能源,656.47,"2,000",Equity,Equity Securities (Main Board),7.6,7.55,7.63,7.51,7871003,59.82,7.555,7.583,0.6,0.23,0.66,1.06,-0.59,8.83,9.23,9.98,8.83,9.23,-13.59,-17.33,-23.55,13.93,17.66,False,False,False,True,False,False,False,False,False,2026-09-24
0136,0136.HK,CHINA RUYI,中国儒意,256.21,"4,000",Equity,Equity Securities (Main Board),1.525,1.59,1.6,1.515,48992000,74.71,1.511,1.495,0.93,2.04,-4.09,0.99,3.04,2.46,3.47,17.8,2.46,3.47,-34.96,-53.89,-91.01,38.01,56.05,False,False,False,False,False,False,False,False,False,2026-09-24
0139,0139.HK,SMART FISH,小鱼盈通,1.44,"10,000",Equity,Equity Securities (Main Board),0.098,0.098,0.101,0.098,1524750,0.15,0.099,0.1,-1.41,-1.61,0.0,-2.0,-2.0,0.23,1.22,7.4,0.23,1.22,-55.31,-91.72,-98.64,56.64,91.97,False,False,False,False,False,False,False,False,False,2026-09-24
0142,0142.HK,FIRST PACIFIC,第一太平,203.09,"2,000",Equity,Equity Securities (Main Board),4.765,4.83,4.83,4.725,2682440,12.78,4.796,4.822,-0.65,-1.18,-1.35,-0.94,-0.83,6.59,6.99,6.99,6.59,6.99,-26.71,-30.9,-30.9,27.69,31.83,False,False,False,False,False,False,False,False,False,2026-09-24
0144,0144.HK,CHINA MER PORT,招商局港口,702.75,"2,000",Equity,Equity Securities (Main Board),16.74,16.48,16.75,16.48,4135254,69.22,16.68,16.59,0.36,0.9,-0.24,-0.06,0.36,17.85,17.85,27.4,17.85,17.85,-6.16,-6.16,-38.87,6.22,6.22,False,False,False,True,False,False,False,True,True,2026-09-24
0145,0145.HK,CCIAM FUTURE EN,信能低碳,0.84,"8,000",Equity,Equity Securities (Main Board),0.23,0.208,0.23,0.205,856320,0.2,0.22,0.226,4.55,1.72,10.58,4.07,-4.17,0.28,0.84,36.42,0.28,0.84,-17.86,-72.62,-99.37,17.86,72.62,False,False,False,True,False,False,False,False,False,2026-09-24
0146,0146.HK,TAI PING CARPET,TAI PING CARPET,3.61,"1,000",Equity,Equity Securities (Main Board),1.7,1.7,1.7,1.7,1000,0.0,1.698,1.645,0.12,3.34,0.0,-2.86,7.59,1.99,2.0,3.96,1.99,2.0,-14.57,-15.0,-57.07,14.57,15.0,False,False,False,False,False,False,False,False,False,2026-09-24
0147,0147.HK,IB SETTLEMENT,国际商业结算,45.97,"5,000",Equity,Equity Securities (Main Board),0.199,0.2,0.202,0.198,106490000,21.19,0.201,0.199,-1.0,0.1,0.0,0.0,-0.5,0.29,0.67,1.79,0.29,0.67,-30.34,-69.85,-88.72,31.38,70.3,False,False,False,False,False,False,False,False,False,2026-09-24
0148,0148.HK,KINGBOARD HLDG,建滔集团,662.97,500,Equity,Equity Securities (Main Board),59.1,58.0,59.7,56.85,21169838,1251.14,57.25,55.935,3.23,5.66,0.77,3.41,8.14,151.8,151.8,151.8,151.8,151.8,-60.67,-60.67,-60.67,61.07,61.07,False,False,True,False,False,False,False,False,False,2026-09-24
0149,0149.HK,CH AGRI-PROD EX,中国农产品交易,6.37,"5,000",Equity,Equity Securities (Main Board),0.064,0.063,0.065,0.05,19145062,1.23,0.066,0.065,-2.44,-1.69,0.0,-3.03,-3.03,0.08,0.1,1.1,0.08,0.1,-16.67,-37.5,-94.08,17.95,38.46,False,False,False,False,False,False,False,False,False,2026-09-24
0150,0150.HK,HYPEBEAST,HYPEBEAST,3.02,"2,800",Equity,Equity Securities (Main Board),0.15,0.152,0.152,0.151,25200,0.0,0.153,0.153,-1.7,-1.64,-1.96,-3.85,-3.23,0.19,0.44,1.94,0.19,0.44,-20.0,-65.06,-92.16,21.05,65.52,False,False,False,False,False,False,False,False,False,2026-09-24
0151,0151.HK,WANT WANT CHINA,中国旺旺,325.7,"1,000",Equity,Equity Securities (Main Board),2.785,2.735,2.79,2.715,14659000,40.83,2.785,2.806,0.0,-0.73,1.27,-1.24,-0.54,5.1,5.97,8.44,5.1,5.97,-45.29,-53.27,-66.94,45.39,53.35,False,False,False,False,False,False,False,False,False,2026-09-24
0152,0152.HK,SHENZHEN INT'L,深圳国际,125.98,500,Equity,Equity Securities (Main Board),5.14,5.2,5.22,5.05,4910105,25.24,5.295,5.273,-2.93,-2.52,-1.91,-5.34,-3.47,9.3,9.3,18.6,9.3,9.3,-43.87,-43.87,-71.94,44.73,44.73,False,False,False,False,False,False,False,False,False,2026-09-24
0154,0154.HK,BE ENVIRONMENT,北京控股环境集团,6.45,"1,000",Equity,Equity Securities (Main Board),0.43,0.43,0.43,0.41,7000,0.0,0.438,0.444,-1.83,-3.15,-1.15,-2.27,-4.44,0.69,0.71,1.63,0.69,0.71,-37.68,-39.44,-73.62,37.68,39.44,False,False,False,False,False,False,False,False,False,2026-09-24
0156,0156.HK,LIPPO CHINA RES,力宝华润,10.84,"2,000",Equity,Equity Securities (Main Board),1.18,1.12,1.18,1.12,44400,0.05,1.112,1.073,6.12,9.92,5.36,10.28,12.38,1.13,1.23,2.9,1.18,1.23,4.42,-4.07,-59.31,0.0,4.07,True,False,False,False,True,False,False,True,True,2026-09-24
0159,0159.HK,BROCKMAN MINING,布莱克万矿业,4.83,"4,000",Equity,Equity Securities (Main Board),0.052,0.049,0.049,0.047,8000,0.0,0.05,0.049,3.59,6.56,1.96,1.96,10.64,0.1,0.29,0.44,0.1,0.29,-51.0,-83.1,-88.74,48.0,82.07,False,False,False,True,False,False,False,False,False,2026-09-24
0164,0164.HK,CHINA BAOLI TEC,中国宝力科技,1.61,"5,000",Equity,Equity Securities (Main Board),0.46,0.42,0.46,0.415,155000,0.07,0.43,0.437,6.98,5.38,9.52,8.24,6.98,0.69,1.7,285.0,0.69,1.7,-33.33,-72.94,-99.84,33.33,72.94,False,False,False,True,False,False,False,False,False,2026-09-24
0165,0165.HK,CHINA EB LTD,中国光大控股,106.0,"2,000",Equity,Equity Securities (Main Board),6.29,6.37,6.45,6.26,5536000,34.82,6.272,6.234,0.29,0.9,-1.33,-1.02,5.27,11.26,13.24,20.85,11.26,13.24,-42.72,-51.28,-69.06,44.14,52.49,False,False,False,False,False,False,False,False,False,2026-09-24
0166,0166.HK,NEW TIMES CORP,新时代集团控股,3.06,"2,000",Equity,Equity Securities (Main Board),0.035,0.036,0.036,0.034,554000,0.02,0.036,0.036,-2.78,-3.58,-2.78,-2.78,-7.89,0.05,0.14,0.34,0.05,0.14,-34.55,-74.29,-89.57,36.36,75.0,False,False,False,False,False,False,False,False,False,2026-09-24
0167,0167.HK,IDT INT'L,IDT INT'L,33.8,"18,000",Equity,Equity Securities (Main Board),6.5,6.58,6.58,6.48,162000,1.05,6.382,6.293,1.85,3.3,2.2,2.36,2.36,10.2,10.2,18.9,10.2,10.2,-35.49,-35.49,-65.19,36.27,36.27,False,False,False,False,False,False,False,False,False,2026-09-24
0168,0168.HK,TSINGTAO BR-500,青岛啤酒（五百）,260.59,500,Equity,Equity Securities (Main Board),39.78,39.72,39.82,39.44,1820332,72.41,39.544,39.686,0.6,0.24,0.15,0.2,0.2,54.25,67.0,93.55,54.25,67.0,-26.6,-40.57,-57.43,26.67,40.63,False,False,True,True,False,False,False,False,False,2026-09-24
0169,0169.HK,WANDA HOTEL DEV,万达酒店发展,4.13,"1,000",Equity,Equity Securities (Main Board),0.088,0.088,0.088,0.088,306000,0.03,0.088,0.088,-0.45,-0.23,1.15,-1.12,-1.12,0.21,0.8,2.39,0.21,0.8,-57.69,-89.0,-96.32,57.69,89.0,False,False,False,False,False,False,False,False,False,2026-09-24
0171,0171.HK,SILVER GRANT,银建国际,0.88,"2,000",Equity,Equity Securities (Main Board),0.038,0.038,0.04,0.035,820000,0.03,0.041,0.044,-8.21,-13.83,-7.32,-11.63,-13.64,0.09,0.36,2.36,0.09,0.36,-56.99,-88.89,-98.31,59.14,89.44,False,False,False,False,False,False,False,False,False,2026-09-24
0173,0173.HK,K. WAH INT'L,嘉华国际,61.32,"1,000",Equity,Equity Securities (Main Board),1.945,1.96,1.96,1.945,636000,1.24,1.973,1.995,-1.42,-2.48,-0.77,-1.77,-2.51,2.87,2.92,5.82,2.87,2.92,-31.71,-32.88,-66.32,32.23,33.39,False,False,False,False,False,False,False,False,False,2026-09-24
0175,0175.HK,GEELY AUTO,吉利汽车,1700.93,"1,000",Equity,Equity Securities (Main Board),15.77,15.56,15.92,15.56,20149455,317.76,15.822,16.007,-0.33,-1.48,0.06,-0.88,-1.44,25.62,25.62,36.45,25.62,25.62,-37.86,-37.86,-56.32,38.45,38.45,False,False,False,False,False,False,False,False,False,2026-09-24
0177,0177.HK,JIANGSU EXPRESS,江苏宁沪高速公路,130.02,"2,000",Equity,Equity Securities (Main Board),10.64,10.48,10.69,10.48,5185322,55.17,10.444,10.366,1.88,2.64,1.53,2.21,2.21,11.25,11.66,12.9,11.25,11.66,-4.98,-8.32,-17.13,5.42,8.75,True,False,False,False,False,False,False,True,True,2026-09-24
0178,0178.HK,SA SA INT'L,莎莎国际,36.93,"2,000",Equity,Equity Securities (Main Board),1.19,1.17,1.21,1.17,7130000,8.48,1.172,1.135,1.54,4.8,0.85,1.71,2.59,1.21,1.21,5.92,1.21,1.21,0.0,0.0,-79.56,1.65,1.65,False,False,False,False,False,False,False,True,True,2026-09-24
0179,0179.HK,JOHNSON ELEC H,德昌电机控股,168.75,500,Equity,Equity Securities (Main Board),18.06,18.2,18.33,17.86,1423147,25.7,18.264,18.238,-1.12,-0.98,0.28,-1.95,-2.17,32.24,45.78,45.78,32.24,45.78,-43.15,-59.96,-59.96,43.98,60.55,False,False,False,False,False,False,False,False,False,2026-09-24
0181,0181.HK,FUJIAN HOLDINGS,闽港控股,1.13,"20,000",Equity,Equity Securities (Main Board),0.099,0.1,0.121,0.099,180000,0.02,0.092,0.091,7.84,9.03,10.0,10.0,11.24,0.13,0.16,0.56,0.13,0.16,-8.33,-21.94,-78.39,25.0,36.13,False,False,False,False,False,False,False,False,False,2026-09-24
0182,0182.HK,CONCORD NE,协合新能源,23.98,"10,000",Equity,Equity Securities (Main Board),0.305,0.31,0.31,0.3,7670000,2.34,0.323,0.331,-5.57,-7.99,-4.69,-6.15,-8.96,0.49,0.73,1.01,0.49,0.73,-36.73,-57.53,-69.31,37.76,58.22,False,False,False,False,False,False,False,False,False,2026-09-24
0183,0183.HK,WINFULL GP,宏辉集团,0.87,"8,000",Equity,Equity Securities (Main Board),0.153,0.144,0.153,0.144,112000,0.02,0.147,0.147,4.37,4.29,5.52,5.52,5.52,0.23,0.37,2.32,0.23,0.37,-33.19,-58.65,-93.41,33.19,58.65,False,False,False,True,False,False,False,False,False,2026-09-24
0184,0184.HK,KECK SENG INV,激成投资,7.98,"2,000",Equity,Equity Securities (Main Board),2.345,2.345,2.345,2.345,2727,0.01,2.361,2.367,-0.68,-0.93,-0.64,-1.05,-2.29,2.49,2.94,7.6,2.49,2.94,-5.82,-20.24,-69.14,5.82,20.24,False,False,False,False,False,False,False,True,False,2026-09-24
0186,0186.HK,NIMBLE HOLDINGS,敏捷控股,22.52,"30,000",Equity,Equity Securities (Main Board),0.41,0.42,0.45,0.41,120000,0.05,0.377,0.363,8.75,12.95,0.0,17.14,18.84,0.5,0.5,1.9,0.5,0.5,-10.89,-10.89,-76.32,18.81,18.81,False,False,False,False,False,False,False,False,False,2026-09-24
0187,0187.HK,JINGCHENG MAC,京城机电股份,2.56,"2,000",Equity,Equity Securities (Main Board),2.56,2.555,2.705,2.55,1878000,4.81,2.613,2.658,-2.03,-3.69,-0.78,-1.92,-6.23,7.5,7.5,7.5,7.5,7.5,-63.93,-63.93,-63.93,65.87,65.87,False,False,False,False,False,False,False,False,False,2026-09-24
0189,0189.HK,DONGYUE GROUP,东岳集团,197.88,"1,000",Equity,Equity Securities (Main Board),11.42,11.69,11.69,11.2,15156000,173.08,11.734,11.986,-2.68,-4.72,-2.06,-4.83,-5.15,23.74,23.74,28.5,23.74,23.74,-50.76,-50.76,-58.98,51.9,51.9,False,False,False,False,False,False,False,False,False,2026-09-24
0191,0191.HK,LAI SUN INT'L,丽新国际,3.58,"1,000",Equity,Equity Securities (Main Board),0.405,0.42,0.44,0.4,711000,0.29,0.438,0.455,-7.53,-11.09,-7.95,-8.99,-13.83,1.0,1.15,14.73,1.0,1.15,-56.0,-61.74,-97.01,59.5,64.78,False,False,False,False,False,False,False,False,False,2026-09-24
0194,0194.HK,LIU CHONG HING,廖创兴企业,15.6,"2,000",Equity,Equity Securities (Main Board),4.12,4.135,4.145,4.11,70000,0.29,4.142,4.172,-0.53,-1.25,-0.24,-1.08,-1.32,5.28,5.66,14.24,5.28,5.66,-21.5,-26.77,-70.89,21.97,27.21,False,False,False,False,False,False,False,False,False,2026-09-24
0196,0196.HK,HONGHUA GROUP,宏华集团,8.59,"1,000",Equity,Equity Securities (Main Board),0.095,0.102,0.102,0.092,2096000,0.2,0.103,0.105,-7.95,-9.35,-5.94,-9.52,-10.38,0.25,0.26,1.19,0.25,0.26,-60.0,-60.77,-91.43,62.75,63.46,False,False,False,False,False,False,False,False,False,2026-09-24
0197,0197.HK,HENG TAI,亨泰,1.12,"5,000",Equity,Equity Securities (Main Board),0.535,0.54,0.54,0.535,90000,0.05,0.523,0.497,2.29,7.65,-2.73,11.46,15.05,0.62,1.5,17.0,0.62,1.5,-12.9,-64.0,-96.82,13.71,64.33,False,False,False,False,False,False,False,False,False,2026-09-24
0199,0199.HK,ITC NEOCLOUD,德祥地产,26.89,"1,000",Equity,Equity Securities (Main Board),2.47,2.495,2.59,2.45,2247000,5.55,2.425,2.356,1.86,4.84,-1.0,-0.4,12.27,2.94,2.94,3.53,2.94,2.94,-11.9,-11.9,-26.63,15.99,15.99,False,False,False,False,False,False,False,False,False,2026-09-24
0200,0200.HK,MELCO INT'L DEV,新濠国际发展,66.32,"1,000",Equity,Equity Securities (Main Board),2.915,2.885,2.935,2.84,3794500,11.06,2.897,2.933,0.62,-0.61,1.04,0.34,1.22,4.9,6.95,30.5,4.9,6.95,-40.1,-57.77,-90.38,40.51,58.06,False,False,False,False,False,False,False,False,False,2026-09-24
0202,0202.HK,EVERCHINA INT'L,润中国际控股,5.32,"5,000",Equity,Equity Securities (Main Board),0.073,0.07,0.073,0.065,215000,0.02,0.068,0.065,7.67,12.48,0.0,43.14,17.74,0.18,0.27,0.42,0.18,0.27,-59.44,-72.96,-82.62,59.44,72.96,False,False,False,False,False,False,False,False,False,2026-09-24
0205,0205.HK,BFB HEALTH,BFB HEALTH,6.88,"10,000",Equity,Equity Securities (Main Board),0.55,0.52,0.55,0.51,200000,0.11,0.539,0.559,2.04,-1.7,4.76,0.0,-6.78,1.01,1.01,3.12,1.01,1.01,-45.54,-45.54,-82.37,45.54,45.54,False,False,False,False,False,False,False,False,False,2026-09-24
0206,0206.HK,CM-ENERGY,华商能源,6.55,"1,000",Equity,Equity Securities (Main Board),0.202,0.203,0.204,0.202,252000,0.05,0.206,0.206,-1.75,-1.8,0.0,-2.42,-1.94,0.66,0.66,1.45,0.66,0.66,-69.09,-69.09,-85.96,69.39,69.39,False,False,False,False,False,False,False,False,False,2026-09-24
0209,0209.HK,POLY XVERSE IT,万维智能科技,0.6,"1,000",Equity,Equity Securities (Main Board),0.405,0.415,0.415,0.405,367000,0.15,0.411,0.407,-1.46,-0.61,-2.41,-1.22,-1.22,6.66,7.45,110.62,6.66,7.45,-93.77,-94.43,-99.62,93.92,94.56,False,False,False,False,False,False,False,False,False,2026-09-24
0210,0210.HK,DAPHNE INT'L,达芙妮国际,5.64,"2,000",Equity,Equity Securities (Main Board),0.285,0.275,0.285,0.275,150000,0.04,0.287,0.292,-0.7,-2.4,0.0,1.79,-1.72,0.43,0.57,1.1,0.43,0.57,-33.72,-50.0,-74.09,33.72,50.0,False,False,False,False,False,False,False,False,False,2026-09-24
0211,0211.HK,STYLAND HOLD,STYLAND HOLD,1.91,"10,000",Equity,Equity Securities (Main Board),0.26,0.26,0.26,0.26,10000,0.0,0.258,0.258,0.78,0.58,1.96,0.0,1.96,0.3,0.3,2.55,0.3,0.3,-13.33,-13.33,-89.8,13.33,13.33,False,False,False,False,False,False,False,False,False,2026-09-24
0213,0213.HK,NATIONAL ELEC H,NATIONAL ELEC H,3.29,"2,000",Equity,Equity Securities (Main Board),0.36,0.36,0.36,0.36,24000,0.01,0.36,0.36,0.0,0.14,0.0,0.0,1.41,0.47,0.79,1.26,0.47,0.79,-24.21,-54.43,-71.43,24.21,54.43,False,False,False,False,False,False,False,False,False,2026-09-24
0215,0215.HK,HUTCHTEL HK,和记电讯香港,54.21,"2,000",Equity,Equity Securities (Main Board),1.125,1.125,1.13,1.125,356000,0.4,1.126,1.127,-0.09,-0.22,0.0,-0.44,0.0,1.22,1.23,3.5,1.22,1.23,-7.38,-8.13,-67.71,7.79,8.54,False,False,False,False,False,False,False,True,True,2026-09-24
0216,0216.HK,CHINNEY INV,建业实业,2.43,"4,000",Equity,Equity Securities (Main Board),0.44,0.45,0.45,0.435,104000,0.05,0.447,0.447,-1.57,-1.68,-2.22,-2.22,-1.12,0.67,1.1,4.29,0.67,1.1,-32.84,-59.09,-89.51,34.33,60.0,False,False,False,False,False,False,False,False,False,2026-09-24
0217,0217.HK,CHINA CHENGTONG,中国诚通发展集团,6.92,"2,000",Equity,Equity Securities (Main Board),0.116,0.114,0.117,0.112,224000,0.03,0.115,0.114,0.52,1.84,0.0,0.87,3.57,0.2,0.25,0.77,0.2,0.25,-40.61,-54.12,-84.81,41.12,54.51,False,False,False,True,False,False,False,False,False,2026-09-24
0218,0218.HK,SWHYHK,申万宏源香港,13.74,"5,000",Equity,Equity Securities (Main Board),0.88,0.89,0.895,0.88,80000,0.07,0.895,0.891,-1.68,-1.23,-2.22,-2.76,2.33,1.55,4.25,4.48,1.55,4.25,-42.26,-78.94,-80.02,43.23,79.29,False,False,False,False,False,False,False,False,False,2026-09-24
0219,0219.HK,SHUNHO PROPERTY,顺豪物业,4.0,"2,000",Equity,Equity Securities (Main Board),0.69,0.69,0.69,0.69,40000,0.03,0.692,0.694,-0.29,-0.58,0.0,-0.72,-1.43,0.76,1.0,3.28,0.76,1.0,-9.21,-31.0,-78.96,9.21,31.0,False,False,False,False,False,False,False,True,False,2026-09-24
0220,0220.HK,U-PRESID CHINA,统一企业中国,299.98,"1,000",Equity,Equity Securities (Main Board),6.945,6.96,6.975,6.885,1747700,12.14,6.944,7.049,0.01,-1.47,0.07,-1.14,-0.71,8.74,10.82,10.82,8.74,10.82,-20.19,-35.54,-35.54,20.54,35.81,False,False,False,False,False,False,False,False,False,2026-09-24
0222,0222.HK,MIN XIN HOLD,闽信集团,16.6,"2,000",Equity,Equity Securities (Main Board),2.78,2.67,2.895,2.67,26000,0.07,2.7,2.706,2.96,2.73,4.51,4.12,3.73,3.63,3.75,8.38,3.63,3.75,-20.25,-22.8,-65.47,23.42,25.87,False,False,False,True,False,False,False,False,False,2026-09-24
0223,0223.HK,ELIFE HLDGS,易生活控股,1.55,"20,000",Equity,Equity Securities (Main Board),0.095,0.091,0.096,0.09,270000,0.03,0.098,0.095,-2.86,-0.11,-4.04,-1.04,1.06,0.19,0.5,3.4,0.19,0.5,-49.74,-80.8,-97.18,50.26,81.0,False,False,False,False,False,False,False,False,False,2026-09-24
0224,0224.HK,PIONEER GLOBAL,建生国际,6.87,"4,000",Equity,Equity Securities (Main Board),0.595,0.595,0.595,0.595,16000,0.01,0.589,0.586,1.02,1.54,-0.83,3.48,3.48,0.64,1.05,2.05,0.64,1.05,-7.75,-43.33,-70.98,7.75,43.33,False,False,False,False,False,False,False,True,False,2026-09-24
0227,0227.HK,FIRST SHANGHAI,第一上海,2.98,"8,000",Equity,Equity Securities (Main Board),0.136,0.124,0.136,0.124,288000,0.04,0.133,0.134,2.1,1.49,7.09,0.74,2.26,0.28,0.87,1.46,0.28,0.87,-52.28,-84.37,-90.69,52.28,84.37,False,False,False,True,False,False,False,False,False,2026-09-24
0228,0228.HK,CHINA ENERGY,中能控股,2.97,"2,000",Equity,Equity Securities (Main Board),0.65,0.675,0.675,0.635,950650,0.62,0.711,0.75,-8.58,-13.33,-5.11,-13.33,-16.67,2.1,5.44,10.2,2.1,5.44,-67.86,-87.59,-93.38,69.05,88.05,False,False,False,False,False,False,False,False,False,2026-09-24
0234,0234.HK,NEW CENTURY GP,新世纪集团,2.14,"24,000",Equity,Equity Securities (Main Board),0.037,0.035,0.037,0.034,1512000,0.06,0.035,0.033,5.71,12.46,5.71,12.12,8.82,0.04,0.06,0.17,0.04,0.06,-11.9,-35.09,-78.24,11.9,35.09,False,False,False,False,False,False,False,False,False,2026-09-24
0235,0235.HK,CSC HOLDINGS,中策资本控股,4.08,"5,000",Equity,Equity Securities (Main Board),0.02,0.019,0.02,0.019,1130000,0.02,0.02,0.02,2.04,2.04,0.0,0.0,0.0,0.04,0.04,0.29,0.04,0.04,-42.86,-53.49,-93.22,42.86,53.49,False,False,False,True,False,False,False,False,False,2026-09-24
0236,0236.HK,SAN MIGUEL HK,香港生力啤,4.0,"2,000",Equity,Equity Securities (Main Board),1.07,1.01,1.07,1.01,56000,0.06,1.078,1.079,-0.74,-0.83,-0.93,-0.93,-0.93,1.37,1.4,1.55,1.37,1.4,-21.9,-23.57,-30.97,21.9,23.57,False,False,False,False,False,False,False,False,False,2026-09-24
0237,0237.HK,SAFETY GODOWN,安全货仓,8.06,"2,000",Equity,Equity Securities (Main Board),1.99,2.0,2.0,1.99,24000,0.05,2.006,2.018,-0.8,-1.41,-1.0,-1.0,-0.5,2.45,2.45,6.87,2.45,2.45,-18.37,-18.37,-70.87,18.78,18.78,False,False,False,False,False,False,False,False,False,2026-09-24
0240,0240.HK,BUILD KING HOLD,利基控股,17.2,"10,000",Equity,Equity Securities (Main Board),1.385,1.385,1.385,1.365,40000,0.06,1.385,1.369,0.0,1.17,0.0,-0.36,1.47,1.89,1.89,1.89,1.89,1.89,-26.72,-26.72,-26.72,26.72,26.72,False,False,False,False,False,False,False,False,False,2026-09-24
0241,0241.HK,ALI HEALTH,阿里健康,456.95,"2,000",Equity,Equity Securities (Main Board),2.825,2.815,2.835,2.81,54092679,152.81,2.9,2.931,-2.59,-3.6,-0.35,-3.58,-4.07,7.91,7.91,30.15,7.91,7.91,-64.16,-64.16,-90.6,64.29,64.29,False,False,False,False,False,False,False,False,False,2026-09-24
0242,0242.HK,SHUN TAK HOLD,信德集团,15.69,"2,000",Equity,Equity Securities (Main Board),0.52,0.525,0.535,0.52,330000,0.17,0.514,0.507,1.17,2.56,-0.95,1.96,4.0,0.69,1.19,4.3,0.69,1.19,-22.46,-55.04,-87.56,24.64,56.3,False,False,False,False,False,False,False,False,False,2026-09-24
0245,0245.HK,CHINA VERED FIN,中薇金融,17.85,"5,000",Equity,Equity Securities (Main Board),0.96,0.96,0.96,0.96,5000,0.0,0.971,0.979,-1.13,-1.89,-1.03,-1.54,-2.54,1.2,1.58,19.0,1.2,1.58,-20.0,-39.24,-94.95,20.0,39.24,False,False,False,False,False,False,False,False,False,2026-09-24
0254,0254.HK,NUR HOLDINGS,国家联合资源,1.51,"20,000",Equity,Equity Securities (Main Board),0.224,0.233,0.233,0.224,720000,0.16,0.215,0.211,4.09,6.06,-1.75,8.74,12.0,1.2,1.2,7.65,1.2,1.2,-80.58,-80.58,-96.95,81.33,81.33,False,False,False,False,False,False,False,False,False,2026-09-24
0255,0255.HK,LUNG KEE,龙记集团,8.62,"2,000",Equity,Equity Securities (Main Board),1.36,1.375,1.375,1.34,78000,0.11,1.375,1.384,-1.09,-1.77,-0.73,-1.81,-2.16,1.71,1.98,4.4,1.71,1.98,-19.59,-30.56,-68.75,20.47,31.31,False,False,False,False,False,False,False,False,False,2026-09-24
0256,0256.HK,CITYCHAMP,冠城钟表珠宝,5.56,"2,000",Equity,Equity Securities (Main Board),0.107,0.11,0.113,0.107,2246000,0.24,0.113,0.112,-5.64,-4.38,-5.31,-7.76,-4.46,0.21,1.5,2.2,0.21,1.5,-45.15,-92.47,-94.86,48.06,92.87,False,False,False,False,False,False,False,False,False,2026-09-24
0257,0257.HK,EB ENVIRONMENT,光大环境,282.58,"1,000",Equity,Equity Securities (Main Board),4.6,4.595,4.63,4.555,7081084,32.57,4.653,4.83,-1.14,-4.76,0.11,-0.65,-6.98,5.9,5.9,12.49,5.9,5.9,-21.53,-21.53,-62.93,22.03,22.03,False,False,False,False,False,False,False,False,False,2026-09-24
0258,0258.HK,TOMSON GROUP,汤臣集团,49.59,"2,000",Equity,Equity Securities (Main Board),2.195,2.215,2.215,2.19,282000,0.62,2.15,2.171,2.09,1.13,-0.68,1.62,1.15,2.82,3.63,4.26,2.82,3.63,-21.45,-38.98,-48.0,22.16,39.53,False,False,False,False,False,False,False,False,False,2026-09-24
0259,0259.HK,YEEBO (INT'L H),亿都（国际控股）,25.21,"2,000",Equity,Equity Securities (Main Board),2.7,2.705,2.705,2.685,138000,0.37,2.712,2.747,-0.44,-1.73,-0.55,-1.64,-3.4,5.72,5.89,5.89,5.72,5.89,-52.71,-54.07,-54.07,52.8,54.16,False,False,False,False,False,False,False,False,False,2026-09-24
0261,0261.HK,GBA HOLDINGS,ＧＢＡ集团,0.78,"16,000",Equity,Equity Securities (Main Board),0.234,0.24,0.24,0.222,929544,0.22,0.242,0.246,-3.47,-4.92,-5.26,-5.65,-4.88,0.39,2.6,31.43,0.39,2.6,-38.46,-90.77,-99.24,40.0,91.0,False,False,False,False,False,False,False,False,False,2026-09-24
0264,0264.HK,CN INT DEV CORP,中联发展控股,7.78,"4,000",Equity,Equity Securities (Main Board),1.64,1.55,1.64,1.55,3864000,6.34,1.629,1.712,0.68,-4.23,3.8,-3.53,-5.75,2.68,3.35,3.35,2.68,3.35,-38.81,-51.04,-51.04,38.81,51.04,False,False,False,False,False,False,False,False,False,2026-09-24
0266,0266.HK,TIAN TECK LAND,天德地产,8.74,"2,000",Equity,Equity Securities (Main Board),1.84,1.835,1.84,1.835,56000,0.1,1.919,1.898,-4.12,-3.06,-9.8,0.27,-1.34,2.15,2.76,9.6,2.15,2.76,-14.42,-33.33,-80.83,14.42,33.33,False,False,False,False,False,False,False,False,False,2026-09-24
0267,0267.HK,CITIC,中信股份,3807.92,"1,000",Equity,Equity Securities (Main Board),13.09,13.03,13.13,12.95,4882742,63.92,13.15,13.159,-0.46,-0.52,0.08,-1.8,1.71,13.95,13.95,13.95,13.95,13.95,-5.88,-5.88,-5.88,6.16,6.16,False,False,False,False,False,False,False,True,True,2026-09-24
0268,0268.HK,KINGDEE INT'L,金蝶国际,259.2,"1,000",Equity,Equity Securities (Main Board),7.375,7.32,7.525,7.295,31477868,232.15,7.614,7.527,-3.14,-2.03,-1.34,-4.84,1.51,17.07,19.0,39.5,17.07,19.0,-55.92,-60.39,-80.95,56.8,61.18,False,False,False,False,False,False,False,False,False,2026-09-24
0269,0269.HK,CRTG,中国资源交通,1.06,"5,000",Equity,Equity Securities (Main Board),0.01,0.01,0.01,0.01,1000000,0.01,0.01,0.01,0.0,0.0,0.0,0.0,0.0,0.01,0.03,0.34,0.01,0.03,-9.09,-62.96,-97.1,9.09,62.96,False,False,False,False,False,False,False,True,False,2026-09-24
0270,0270.HK,GUANGDONG INV,粤海投资,569.12,"2,000",Equity,Equity Securities (Main Board),8.705,8.595,8.75,8.595,9807948,85.38,8.697,8.74,0.09,-0.41,0.4,0.17,-1.53,9.03,9.03,17.34,9.03,9.03,-3.1,-3.1,-49.54,3.6,3.6,False,False,False,False,False,False,False,True,True,2026-09-24
0271,0271.HK,ASIASEC PPT,亚证地产,1.61,"1,000",Equity,Equity Securities (Main Board),0.13,0.13,0.13,0.117,69000,0.01,0.143,0.143,-8.96,-9.34,-12.16,-9.72,-9.72,0.19,0.22,4.2,0.19,0.22,-29.73,-40.91,-96.9,29.73,40.91,False,False,False,False,False,False,False,False,False,2026-09-24
0272,0272.HK,SHUI ON LAND,瑞安房地产,36.52,500,Equity,Equity Securities (Main Board),0.455,0.45,0.46,0.44,7958500,3.62,0.435,0.44,4.6,3.41,2.25,5.81,5.81,0.74,0.95,2.8,0.74,0.95,-37.84,-51.58,-83.57,38.51,52.11,True,False,False,True,False,False,False,False,False,2026-09-24
0276,0276.HK,MONGOLIA ENERGY,蒙古能源,1.06,"6,000",Equity,Equity Securities (Main Board),0.565,0.54,0.57,0.535,141000,0.08,0.539,0.545,4.82,3.67,7.62,4.63,5.61,0.78,1.1,6.5,0.78,1.1,-26.92,-48.18,-91.23,27.56,48.64,False,False,False,True,False,False,False,False,False,2026-09-24
0279,0279.HK,ARTA TECHFIN,裕承科金,5.86,"6,000",Equity,Equity Securities (Main Board),0.42,0.43,0.43,0.405,51000,0.02,0.412,0.398,1.94,5.53,0.0,1.2,5.0,0.7,1.74,414.0,0.7,1.74,-38.57,-75.29,-99.9,40.0,75.86,False,False,True,False,False,False,False,False,False,2026-09-24
0280,0280.HK,KING FOOK HOLD,景福集团,4.77,"2,000",Equity,Equity Securities (Main Board),0.525,0.52,0.525,0.51,714000,0.37,0.551,0.594,-4.72,-11.69,1.94,-2.78,-17.97,0.66,0.66,0.7,0.66,0.66,-20.45,-20.45,-25.0,20.45,20.45,False,False,False,False,False,False,False,False,False,2026-09-24
0285,0285.HK,BYD ELECTRONIC,比亚迪电子,515.08,500,Equity,Equity Securities (Main Board),22.86,22.96,23.14,22.64,3349753,76.58,23.332,23.358,-2.02,-2.13,-0.52,-2.81,-3.63,36.6,61.55,63.1,36.6,61.55,-36.78,-62.4,-63.33,37.54,62.86,False,False,False,False,False,False,False,False,False,2026-09-24
0287,0287.HK,WINFAIR INV,永发置业,1.74,"2,000",Equity,Equity Securities (Main Board),4.36,4.36,4.36,4.36,4000,0.02,4.36,4.346,0.0,0.32,0.0,0.0,0.0,4.36,6.7,16.5,4.36,6.7,-0.11,-34.93,-73.58,0.11,34.93,False,False,False,False,False,False,False,True,False,2026-09-24
0288,0288.HK,WH GROUP,万洲国际,840.38,500,Equity,Equity Securities (Main Board),6.55,6.51,6.58,6.45,44040848,288.47,6.56,6.521,-0.15,0.45,1.63,-1.65,1.16,10.84,10.84,10.84,10.84,10.84,-39.3,-39.3,-39.3,39.58,39.58,False,False,False,False,False,False,False,False,False,2026-09-24
0290,0290.HK,GOFINTECH QUANT,国富量子,168.98,500,Equity,Equity Securities (Main Board),1.64,1.64,1.68,1.605,21349000,35.01,1.609,1.625,1.93,0.92,0.0,2.5,1.23,10.14,10.14,10.14,10.14,10.14,-83.43,-83.43,-83.43,83.83,83.83,False,False,True,True,False,False,False,False,False,2026-09-24
0291,0291.HK,CHINA RES BEER,华润啤酒,606.99,500,Equity,Equity Securities (Main Board),18.71,18.56,18.79,18.47,7103279,132.9,18.472,18.357,1.29,1.92,0.54,1.3,2.97,27.86,45.3,78.6,27.86,45.3,-32.56,-58.52,-76.09,32.84,58.7,False,False,False,False,False,False,False,False,False,2026-09-24
0293,0293.HK,CATHAY PAC AIR,国泰航空,875.07,"1,000",Equity,Equity Securities (Main Board),14.39,14.12,14.43,14.11,5272877,75.88,14.19,14.091,1.41,2.12,0.28,1.84,2.93,15.22,15.22,15.22,15.22,15.22,-5.19,-5.19,-5.19,5.45,5.45,False,False,False,False,False,False,False,True,True,2026-09-24
0294,0294.HK,YANGTZEKIANG,长江制衣,2.01,"1,000",Equity,Equity Securities (Main Board),0.97,0.95,0.975,0.95,3000,0.0,1.054,1.043,-7.97,-7.0,-7.62,-6.73,-8.49,1.2,1.48,3.83,1.2,1.48,-18.41,-34.12,-74.54,18.83,34.46,False,False,False,False,False,False,False,False,False,2026-09-24
0295,0295.HK,KONG SUN HOLD,江山控股,2.24,"25,000",Equity,Equity Securities (Main Board),0.015,0.015,0.015,0.015,1000000,0.01,0.015,0.016,-2.6,-5.66,0.0,-6.25,0.0,0.04,0.05,0.46,0.04,0.05,-60.53,-67.39,-96.74,60.53,67.39,False,False,False,False,False,False,False,False,False,2026-09-24
0296,0296.HK,EMPEROR E HOTEL,英皇娱乐酒店,2.04,"5,000",Equity,Equity Securities (Main Board),0.172,0.175,0.175,0.172,1119210,0.19,0.178,0.181,-3.48,-5.02,-1.71,-4.44,-4.97,0.29,0.48,2.09,0.29,0.48,-39.66,-63.54,-91.63,40.69,64.17,False,False,False,False,False,False,False,False,False,2026-09-24
0297,0297.HK,SINOFERT,中化化肥,85.35,"2,000",Equity,Equity Securities (Main Board),1.215,1.23,1.23,1.195,20110000,24.43,1.233,1.253,-1.46,-3.07,-1.22,-2.8,-3.95,2.07,2.07,2.07,2.07,2.07,-40.58,-40.58,-40.58,41.3,41.3,False,False,False,False,False,False,False,False,False,2026-09-24
0300,0300.HK,MIDEA GROUP,美的集团,628.42,100,Equity,Equity Securities (Main Board),96.65,95.65,97.0,95.25,4671441,451.49,96.88,98.115,-0.24,-1.49,0.26,0.89,-2.57,101.7,101.7,101.7,101.7,101.7,-4.62,-4.62,-4.62,4.97,4.97,True,False,False,False,False,False,False,True,True,2026-09-24
0301,0301.HK,SANVO CHEMICALS,三和精化,34.18,"2,000",Equity,Equity Securities (Main Board),7.265,7.32,7.32,7.2,58000,0.42,7.268,7.2,-0.04,0.9,0.69,-1.09,-1.69,7.59,7.59,7.59,7.59,7.59,-3.56,-3.56,-3.56,4.28,4.28,False,False,False,False,False,False,False,True,True,2026-09-24
0302,0302.HK,CMGE,中手游,5.61,"2,000",Equity,Equity Securities (Main Board),0.18,0.181,0.184,0.176,194000,0.03,0.183,0.186,-1.53,-3.12,-1.64,-1.1,-5.26,0.44,1.63,5.09,0.44,1.63,-58.18,-88.71,-96.39,59.09,88.96,False,False,False,False,False,False,False,False,False,2026-09-24
0303,0303.HK,VTECH HOLDINGS,VTECH HOLDINGS,130.46,100,Equity,Equity Securities (Main Board),51.45,51.15,52.0,51.15,460500,23.69,51.124,50.086,0.64,2.72,-0.48,0.19,5.21,66.6,67.9,128.0,66.6,67.9,-21.92,-23.42,-59.38,22.75,24.23,False,False,False,False,False,False,False,False,False,2026-09-24
0305,0305.HK,WULING MOTORS,五菱汽车,10.88,"10,000",Equity,Equity Securities (Main Board),0.33,0.32,0.33,0.32,450000,0.15,0.329,0.334,0.3,-1.05,3.13,-1.49,0.0,0.57,0.86,4.43,0.57,0.86,-42.11,-61.63,-92.55,42.11,61.63,False,False,False,False,False,False,False,False,False,2026-09-24
0306,0306.HK,KWOON CHUNG BUS,冠忠巴士集团,12.11,"2,000",Equity,Equity Securities (Main Board),2.54,2.57,2.57,2.54,80000,0.2,2.584,2.636,-1.7,-3.64,0.4,-2.31,-5.22,2.94,3.05,5.85,2.94,3.05,-12.59,-15.74,-56.07,13.61,16.72,False,False,False,False,False,False,False,False,False,2026-09-24
0308,0308.HK,CHINA TRAVEL HK,香港中旅,63.39,"2,000",Equity,Equity Securities (Main Board),1.145,1.145,1.155,1.14,4620000,5.29,1.142,1.152,0.26,-0.65,-0.43,0.0,0.44,1.65,2.99,3.61,1.65,2.99,-30.0,-61.37,-68.01,30.61,61.71,False,False,True,False,False,False,False,False,False,2026-09-24
0312,0312.HK,SHIRBLE STORE,岁宝百货,1.15,"2,000",Equity,Equity Securities (Main Board),0.046,0.046,0.046,0.041,4000,0.0,0.044,0.045,3.6,2.68,2.22,12.2,9.52,0.1,0.12,2.25,0.1,0.12,-54.0,-61.67,-97.96,54.0,61.67,False,False,False,True,False,False,False,False,False,2026-09-24
0314,0314.HK,SIPAI HEALTH,思派健康,11.21,200,Equity,Equity Securities (Main Board),1.545,1.525,1.55,1.515,772200,1.19,1.565,1.59,-1.28,-2.83,0.32,-3.44,-5.79,3.03,8.98,44.6,3.03,8.98,-48.84,-82.74,-96.52,49.01,82.8,False,False,False,False,False,False,False,False,False,2026-09-24
0315,0315.HK,SMARTONE TELE,数码通电讯,54.11,500,Equity,Equity Securities (Main Board),4.915,4.88,4.92,4.86,273500,1.34,4.89,4.865,0.51,1.02,0.0,0.51,0.82,5.3,5.3,13.02,5.3,5.3,-7.17,-7.17,-62.21,7.26,7.26,False,False,False,True,False,False,False,True,True,2026-09-24
0316,0316.HK,OOIL,东方海外国际,949.62,500,Equity,Equity Securities (Main Board),143.8,142.5,144.0,142.2,481698,69.27,145.42,145.95,-1.11,-1.47,0.91,-3.75,-0.96,178.9,178.9,284.8,178.9,178.9,-19.51,-19.51,-49.44,19.62,19.62,False,False,False,False,False,False,False,False,False,2026-09-24
0317,0317.HK,COMEC,中船防务,87.69,"2,000",Equity,Equity Securities (Main Board),14.81,14.81,15.09,14.61,2399600,35.54,15.274,14.926,-3.04,-0.78,-0.54,-6.62,2.28,18.0,18.68,18.68,18.0,18.68,-16.17,-19.22,-19.22,17.72,20.72,False,False,False,False,False,False,False,False,False,2026-09-24
0320,0320.HK,CTGL,金宝通,3.79,"2,000",Equity,Equity Securities (Main Board),0.45,0.45,0.45,0.45,574000,0.26,0.45,0.45,0.0,0.0,0.0,0.0,0.0,0.53,0.69,1.72,0.53,0.69,-15.09,-34.78,-73.84,15.09,34.78,False,False,False,False,False,False,False,False,False,2026-09-24
0321,0321.HK,TEXWINCA HOLD,德永佳集团,12.57,"2,000",Equity,Equity Securities (Main Board),0.91,0.91,0.92,0.89,600000,0.55,0.917,0.912,-0.76,-0.16,0.0,-1.62,0.55,1.37,1.37,5.73,1.37,1.37,-32.85,-32.85,-83.94,33.58,33.58,False,False,False,False,False,False,False,False,False,2026-09-24
0322,0322.HK,TINGYI,康师傅控股,648.3,"2,000",Equity,Equity Securities (Main Board),11.5,11.45,11.53,11.36,8868160,101.98,11.552,11.721,-0.45,-1.89,0.61,-1.71,-2.79,14.14,14.24,19.5,14.14,14.24,-18.46,-19.03,-40.87,18.67,19.24,False,False,False,False,False,False,False,False,False,2026-09-24
0323,0323.HK,MAANSHAN IRON,马鞍山钢铁股份,28.85,"2,000",Equity,Equity Securities (Main Board),1.665,1.695,1.7,1.625,4830000,8.04,1.711,1.729,-2.69,-3.7,-1.48,-4.58,-4.31,3.07,3.07,4.8,3.07,3.07,-44.63,-44.63,-64.58,45.77,45.77,False,False,False,False,False,False,False,False,False,2026-09-24
0325,0325.HK,BLOKS,布鲁可,152.98,300,Equity,Equity Securities (Main Board),62.1,62.9,62.9,61.55,182421,11.33,63.92,65.87,-2.85,-5.72,-1.82,-2.59,-6.97,80.6,198.0,198.0,80.6,198.0,-21.96,-68.23,-68.23,22.95,68.64,False,False,False,False,False,False,False,False,False,2026-09-24
0326,0326.HK,CHINA STAR ENT,中国星集团,155.69,"2,000",Equity,Equity Securities (Main Board),6.41,6.7,6.88,6.35,5497400,35.24,6.317,6.239,1.47,2.74,-4.33,3.89,-0.62,9.98,9.98,9.98,9.98,9.98,-31.06,-31.06,-31.06,35.77,35.77,False,False,False,False,False,False,False,False,False,2026-09-24
0327,0327.HK,PAX GLOBAL,百富环球,39.61,"1,000",Equity,Equity Securities (Main Board),3.73,3.75,3.775,3.725,767000,2.86,3.788,3.824,-1.53,-2.46,-0.53,-3.87,-1.45,5.15,7.12,11.0,5.15,7.12,-26.7,-46.98,-65.68,27.57,47.61,False,False,False,False,False,False,False,False,False,2026-09-24
0328,0328.HK,ALCO HOLDINGS,ALCO HOLDINGS,1.39,"2,000",Equity,Equity Securities (Main Board),0.485,0.51,0.51,0.48,312000,0.15,0.512,0.526,-5.27,-7.79,-5.83,-7.62,-10.19,5.22,62.42,708.12,5.22,62.42,-90.23,-99.18,-99.93,90.71,99.22,False,False,False,False,False,False,False,False,False,2026-09-24
0329,0329.HK,OCI INTL,东建国际,1.83,"4,000",Equity,Equity Securities (Main Board),0.122,0.123,0.123,0.122,8000,0.0,0.122,0.124,0.0,-1.61,0.0,-0.81,-0.81,0.41,1.02,4.74,0.41,1.02,-69.63,-87.94,-97.41,69.88,88.04,False,False,False,False,False,False,False,False,False,2026-09-24
0331,0331.HK,FSE LIFESTYLE,丰盛生活服务,22.82,"1,000",Equity,Equity Securities (Main Board),5.07,5.07,5.155,5.055,72000,0.37,5.076,5.088,-0.12,-0.35,-0.1,0.0,-0.29,5.85,6.07,8.85,5.85,6.07,-11.88,-15.07,-41.75,13.33,16.47,False,False,False,False,False,False,False,False,False,2026-09-24
0332,0332.HK,YUANHENG GAS,元亨燃气,0.57,"10,000",Equity,Equity Securities (Main Board),0.173,0.163,0.175,0.163,100000,0.02,0.171,0.167,1.29,3.65,-11.28,7.45,6.13,0.86,1.36,19.6,0.86,1.36,-79.65,-87.13,-99.11,79.88,87.28,False,False,True,True,False,False,False,False,False,2026-09-24
0334,0334.HK,CH DISPLAY OPT,华显光电,6.13,"8,000",Equity,Equity Securities (Main Board),0.29,0.29,0.29,0.29,48000,0.01,0.296,0.298,-2.03,-2.68,0.0,-3.33,-3.33,0.52,0.55,1.4,0.52,0.55,-44.23,-47.27,-79.29,44.23,47.27,False,False,False,False,False,False,False,False,False,2026-09-24
0336,0336.HK,HUABAO INTL,华宝国际,115.5,"1,000",Equity,Equity Securities (Main Board),3.585,3.75,3.75,3.45,18861000,67.62,3.616,3.512,-0.86,2.09,-4.02,1.41,-5.53,5.2,5.2,26.15,5.2,5.2,-27.88,-27.88,-85.66,31.06,31.06,False,False,False,False,False,False,False,False,False,2026-09-24
0337,0337.HK,GREENLAND HK,绿地香港,2.99,"1,000",Equity,Equity Securities (Main Board),0.107,0.11,0.11,0.107,869107,0.09,0.11,0.106,-2.9,0.56,-6.96,-6.96,13.83,0.28,0.99,4.8,0.28,0.99,-61.4,-88.89,-97.71,62.46,89.19,False,False,False,False,False,False,False,False,False,2026-09-24
0338,0338.HK,SHANGHAI PECHEM,上海石油化工股份,35.51,"2,000",Equity,Equity Securities (Main Board),1.105,1.11,1.115,1.1,4696000,5.19,1.109,1.12,-0.36,-1.34,-0.9,-1.34,-0.9,1.82,1.82,5.8,1.82,1.82,-38.74,-38.74,-80.78,39.29,39.29,False,False,False,False,False,False,False,False,False,2026-09-24
0339,0339.HK,WEBX HOLDING,全球数字控股,2.94,"10,000",Equity,Investment Companies,0.68,0.65,0.68,0.65,60000,0.04,0.68,0.685,0.0,-0.66,0.0,0.74,-2.16,0.99,0.99,1.05,0.99,0.99,-31.31,-31.31,-35.24,31.31,31.31,False,False,False,False,False,False,False,False,False,2026-09-24
0340,0340.HK,TONGGUAN GOLD,潼关黄金,137.6,"2,000",Equity,Equity Securities (Main Board),2.595,2.645,2.69,2.58,16841724,43.7,2.723,2.759,-4.7,-5.93,-3.89,-6.15,-4.95,4.14,4.14,4.14,4.14,4.14,-35.02,-35.02,-35.02,37.32,37.32,False,False,False,False,False,False,False,False,False,2026-09-24
0341,0341.HK,CAFE DE CORAL H,大家乐集团,30.58,"2,000",Equity,Equity Securities (Main Board),5.33,5.215,5.35,5.215,264051,1.41,5.305,5.39,0.47,-1.11,2.21,0.0,-3.62,5.91,10.6,28.0,5.91,10.6,-9.48,-49.53,-80.89,9.81,49.72,False,False,False,False,False,False,False,True,False,2026-09-24
0343,0343.HK,CULTURECOM HOLD,文化传信,2.91,"5,000",Equity,Equity Securities (Main Board),0.168,0.142,0.168,0.138,16560000,2.78,0.134,0.122,25.37,37.93,21.74,32.28,54.13,0.21,0.34,1.48,0.21,0.34,-18.45,-51.3,-88.65,18.45,51.3,True,False,False,False,False,False,False,False,False,2026-09-24
0345,0345.HK,VITASOY INT'L,VITASOY INT'L,67.26,"2,000",Equity,Equity Securities (Main Board),6.61,6.57,6.63,6.55,323992,2.14,6.565,6.532,0.69,1.2,0.61,0.38,1.46,7.36,12.88,47.25,7.36,12.88,-9.92,-48.52,-85.97,10.19,48.68,False,False,True,False,False,False,False,False,False,2026-09-24
0346,0346.HK,YANCHANG PETRO,延长石油国际,2.72,"5,000",Equity,Equity Securities (Main Board),0.247,0.245,0.247,0.245,20000,0.0,0.249,0.247,-0.96,0.12,-5.0,2.92,2.92,0.78,0.78,4.96,0.78,0.78,-68.33,-68.33,-95.02,68.33,68.33,False,False,False,False,False,False,False,False,False,2026-09-24
0347,0347.HK,ANGANG STEEL,鞍钢股份,16.02,"2,000",Equity,Equity Securities (Main Board),1.135,1.135,1.145,1.125,3706000,4.21,1.153,1.151,-1.56,-1.39,-1.3,-2.99,-1.3,2.19,2.62,7.27,2.19,2.62,-47.72,-56.3,-84.25,48.17,56.68,False,False,False,False,False,False,False,False,False,2026-09-24
0351,0351.HK,ASIA ENERGY LOG,亚洲能源物流,5.98,"10,000",Equity,Equity Securities (Main Board),0.3,0.3,0.3,0.3,170000,0.05,0.302,0.313,-0.66,-4.15,0.0,0.0,-3.23,0.41,0.48,3.0,0.41,0.48,-26.83,-37.5,-90.0,26.83,37.5,False,False,False,False,False,False,False,False,False,2026-09-24
0353,0353.HK,ENERGY INTINV,能源国际投资,9.31,"4,000",Equity,Equity Securities (Main Board),0.44,0.43,0.44,0.395,2029000,0.89,0.428,0.409,2.8,7.71,2.33,3.53,7.32,0.44,1.5,3.0,0.44,1.5,-1.12,-70.67,-85.33,1.12,70.67,False,False,False,True,False,False,False,True,False,2026-09-24
0354,0354.HK,CHINASOFT INT'L,中国软件国际,103.0,"2,000",Equity,Equity Securities (Main Board),3.77,3.825,3.825,3.74,5554000,20.94,3.847,3.757,-2.0,0.35,-0.26,-3.58,2.72,5.71,9.32,16.28,5.71,9.32,-33.01,-58.96,-76.5,33.98,59.55,False,False,False,False,False,False,False,False,False,2026-09-24
0355,0355.HK,CENTURY C INT'L,世纪城市国际,2.2,"4,000",Equity,Equity Securities (Main Board),0.071,0.073,0.073,0.071,560000,0.04,0.072,0.073,-1.11,-2.74,-1.39,-2.74,-5.33,0.11,0.28,0.84,0.11,0.28,-33.03,-73.93,-91.31,34.86,74.64,False,False,False,False,False,False,False,False,False,2026-09-24
0357,0357.HK,MEILAN AIRPORT,美兰空港,10.1,"1,000",Equity,Equity Securities (Main Board),4.45,4.445,4.6,4.445,93000,0.41,4.526,4.842,-1.68,-8.1,0.11,-5.42,-11.88,10.75,12.18,60.0,10.75,12.18,-57.21,-62.23,-92.33,58.6,63.46,False,False,False,False,False,False,False,False,False,2026-09-24
0358,0358.HK,JIANGXI COPPER,江西铜业股份,457.87,"1,000",Equity,Equity Securities (Main Board),33.0,33.76,33.76,32.62,8509065,280.8,33.932,33.806,-2.75,-2.38,-3.45,-3.4,-1.08,53.75,53.75,53.75,53.75,53.75,-37.19,-37.19,-37.19,38.6,38.6,False,False,False,False,False,False,False,False,False,2026-09-24
0360,0360.HK,NEW FOCUS AUTO,新焦点,6.03,"4,000",Equity,Equity Securities (Main Board),0.035,0.043,0.044,0.032,6584000,0.23,0.043,0.044,-18.6,-20.81,-22.22,-22.22,-23.91,0.06,0.34,0.96,0.06,0.34,-22.81,-87.25,-95.42,38.6,89.86,False,False,False,False,False,False,False,False,False,2026-09-24
0361,0361.HK,HANFORT DEV H,汉成发展控股,2.81,"20,000",Equity,Equity Securities (Main Board),0.048,0.047,0.049,0.047,1960000,0.09,0.051,0.047,-5.88,1.27,-2.04,-2.04,-25.0,0.1,0.18,0.44,0.1,0.18,-51.96,-72.47,-88.99,52.94,73.03,False,False,False,False,False,False,False,False,False,2026-09-24
0363,0363.HK,SHANGHAI IND H,上海实业控股,140.14,"1,000",Equity,Equity Securities (Main Board),12.89,12.96,12.96,12.81,879200,11.33,13.334,13.453,-3.33,-4.18,-3.66,-4.87,-3.81,16.19,16.19,25.44,16.19,16.19,-19.95,-19.95,-49.05,20.38,20.38,False,False,False,False,False,False,False,False,False,2026-09-24
0365,0365.HK,SINO ICT,芯成科技,5.17,"2,000",Equity,Equity Securities (Main Board),0.355,0.32,0.355,0.31,1660000,0.59,0.332,0.326,6.93,8.73,10.94,9.23,12.7,1.59,1.59,6.6,1.59,1.59,-77.67,-77.67,-94.62,77.67,77.67,False,False,False,True,False,False,False,False,False,2026-09-24
0366,0366.HK,LUKS GROUP (VN),陆氏集团（越南）,4.03,"2,000",Equity,Equity Securities (Main Board),0.81,0.8,0.81,0.785,916833,0.74,0.8,0.804,1.25,0.75,3.18,1.25,1.25,0.98,1.05,2.88,0.98,1.05,-17.35,-22.86,-71.88,17.35,22.86,False,False,False,True,False,False,False,False,False,2026-09-24
0367,0367.HK,CHUANG'S INT'L,庄士机构国际,3.7,"4,000",Equity,Equity Securities (Main Board),0.221,0.223,0.223,0.221,92000,0.02,0.23,0.236,-3.91,-6.55,-2.64,-4.74,-10.16,0.34,0.5,2.0,0.34,0.5,-34.41,-54.95,-88.85,35.0,55.35,False,False,False,False,False,False,False,False,False,2026-09-24
0368,0368.HK,SUPERLAND GROUP,德合集团,23.68,"4,000",Equity,Equity Securities (Main Board),2.96,3.03,3.07,2.85,908000,2.69,3.269,3.659,-9.45,-19.1,-2.31,-14.08,-12.68,6.82,6.82,6.82,6.82,6.82,-54.99,-54.99,-54.99,56.6,56.6,False,False,False,False,False,False,False,False,False,2026-09-24
0370,0370.HK,HK ROBOTICS,港仔机器人,7.87,"6,000",Equity,Equity Securities (Main Board),0.25,0.233,0.25,0.227,42798000,10.7,0.246,0.26,1.46,-3.74,7.3,0.4,-7.41,1.07,1.92,1.93,1.07,1.92,-76.64,-86.98,-87.04,76.64,86.98,False,False,False,False,False,False,False,False,False,2026-09-24
0371,0371.HK,BJ ENT WATER,北控水务集团,158.23,"2,000",Equity,Equity Securities (Main Board),1.575,1.58,1.59,1.56,14825065,23.35,1.579,1.589,-0.25,-0.85,-0.63,-0.32,0.96,2.98,2.98,6.75,2.98,2.98,-46.64,-46.64,-76.44,47.15,47.15,False,False,False,False,False,False,False,False,False,2026-09-24
0372,0372.HK,PT INTL DEV,保德国际发展,0.53,"30,000",Equity,Equity Securities (Main Board),0.176,0.162,0.176,0.162,270000,0.05,0.166,0.159,5.9,10.76,8.64,4.76,2.92,0.32,0.78,6.91,0.32,0.78,-45.0,-77.44,-97.45,45.0,77.44,False,False,False,False,False,False,False,False,False,2026-09-24
0373,0373.HK,ALLIED GROUP,联合集团,69.04,"2,000",Equity,Equity Securities (Main Board),1.965,1.965,1.985,1.965,66000,0.13,1.972,2.001,-0.35,-1.8,0.26,-0.76,-1.01,3.7,3.7,3.8,3.7,3.7,-46.35,-46.35,-47.69,46.89,46.89,False,False,False,False,False,False,False,False,False,2026-09-24
0375,0375.HK,YGM TRADING,YGM TRADING,1.68,"1,000",Equity,Equity Securities (Main Board),1.01,1.08,1.08,0.95,43000,0.04,1.063,1.036,-4.99,-2.56,-14.41,-0.98,-0.98,1.3,1.4,13.2,1.3,1.4,-16.92,-22.86,-91.82,22.31,27.86,False,False,False,False,False,False,False,False,False,2026-09-24
0376,0376.HK,YUNFENG FIN,云锋金融,83.62,"2,000",Equity,Equity Securities (Main Board),2.06,2.08,2.11,2.055,4206000,8.66,2.096,2.088,-1.72,-1.36,-2.37,-4.63,3.78,3.84,7.36,8.2,3.84,7.36,-45.05,-71.33,-74.27,46.35,72.01,False,False,False,False,False,False,False,False,False,2026-09-24
0377,0377.HK,CHINA HUAJUN GP,中国华君,2.05,80,Equity,Equity Securities (Main Board),1.095,1.21,1.21,0.88,1552720,1.7,2.678,3.76,-59.11,-70.88,-9.13,-75.11,-76.65,5.63,5.63,84.0,5.63,5.63,-78.51,-78.51,-98.56,80.55,80.55,False,False,False,False,False,False,False,False,False,2026-09-24
0379,0379.HK,EG LEASING,恒嘉融资租赁,2.68,"10,000",Equity,Equity Securities (Main Board),0.159,0.155,0.172,0.15,1950000,0.31,0.174,0.126,-8.73,26.59,4.61,-27.73,28.23,0.25,0.25,1.25,0.25,0.25,-31.2,-31.2,-86.24,36.4,36.4,False,False,False,False,False,False,False,False,False,2026-09-24
0380,0380.HK,CHINA PIPE,中国管业,1.73,"4,000",Equity,Equity Securities (Main Board),0.13,0.125,0.13,0.124,148000,0.02,0.132,0.132,-1.66,-1.59,4.0,-3.7,-2.99,0.15,0.23,0.9,0.15,0.23,-15.58,-42.73,-85.56,15.58,42.73,False,False,False,False,False,False,False,False,False,2026-09-24
0381,0381.HK,AOM INT'L,权识国际,0.94,"20,000",Equity,Equity Securities (Main Board),0.071,0.074,0.074,0.063,10020260,0.71,0.071,0.073,0.0,-3.27,1.43,1.43,-4.05,0.52,3.9,138.05,0.52,3.9,-85.77,-98.1,-99.95,86.35,98.18,False,False,False,False,False,False,False,False,False,2026-09-24
0382,0382.HK,EDVANTAGE GROUP,中汇集团,5.52,"2,000",Equity,Equity Securities (Main Board),0.46,0.47,0.47,0.46,58000,0.03,0.465,0.469,-1.08,-1.92,0.0,-1.08,-2.13,1.56,2.83,10.31,1.56,2.83,-69.87,-83.39,-95.44,70.51,83.75,False,False,False,False,False,False,False,False,False,2026-09-24
0384,0384.HK,CHINA GAS HOLD,中国燃气,294.75,200,Equity,Equity Securities (Main Board),5.41,5.395,5.41,5.34,4393401,23.77,5.386,5.409,0.45,0.02,0.74,0.37,0.37,8.37,8.85,36.7,8.37,8.85,-35.36,-38.87,-85.26,35.36,38.87,False,False,False,True,False,False,False,False,False,2026-09-24
0386,0386.HK,SINOPEC CORP,中国石油化工股份,1061.86,"2,000",Equity,Equity Securities (Main Board),4.485,4.415,4.505,4.405,117513056,527.05,4.478,4.565,0.16,-1.75,0.9,0.0,-0.44,5.7,5.7,8.35,5.7,5.7,-20.96,-20.96,-46.05,21.32,21.32,False,False,False,False,False,False,False,False,False,2026-09-24
0387,0387.HK,LEEPORT(HOLD),力丰（集团）,1.59,"4,000",Equity,Equity Securities (Main Board),0.69,0.725,0.725,0.69,8000,0.01,0.69,0.685,0.0,0.8,0.73,0.0,-4.17,1.0,1.1,1.9,1.0,1.1,-27.5,-34.09,-61.84,31.0,37.27,False,False,False,False,False,False,False,False,False,2026-09-24
0388,0388.HK,HKEX,香港交易所,4987.67,100,Equity,Equity Securities (Main Board),393.4,390.8,393.8,390.2,1632595,642.26,393.16,393.38,0.06,0.01,-0.61,0.56,1.24,444.8,466.0,587.0,444.8,466.0,-11.47,-15.49,-32.91,11.56,15.58,False,False,False,True,False,False,False,False,False,2026-09-24
0389,0389.HK,TONTINE WINES,通天酒业,0.89,"2,000",Equity,Equity Securities (Main Board),0.295,0.295,0.295,0.29,159986,0.05,0.306,0.321,-3.59,-8.1,-6.35,-6.35,0.0,0.64,1.1,2.75,0.64,1.1,-53.91,-73.18,-89.27,53.91,73.18,False,False,False,False,False,False,False,False,False,2026-09-24
0390,0390.HK,CHINA RAILWAY,中国中铁,132.95,"1,000",Equity,Equity Securities (Main Board),3.16,3.165,3.19,3.15,12433000,39.29,3.245,3.292,-2.62,-4.01,-0.16,-4.53,-5.11,5.28,5.28,8.21,5.28,5.28,-39.58,-39.58,-61.14,40.15,40.15,False,False,False,False,False,False,False,False,False,2026-09-24
0391,0391.HK,MEI AH ENTER,美亚娱乐资讯,17.77,"20,000",Equity,Equity Securities (Main Board),0.3,0.28,0.305,0.28,1800000,0.54,0.286,0.296,4.9,1.35,7.14,5.26,-1.64,0.34,0.34,0.68,0.34,0.34,-10.29,-10.29,-55.15,11.76,11.76,False,False,False,True,False,False,False,False,False,2026-09-24
0392,0392.HK,BEIJING ENT,北京控股,377.9,500,Equity,Equity Securities (Main Board),30.04,30.0,30.1,29.78,383669,11.53,29.84,29.824,0.67,0.72,0.74,0.4,0.2,36.56,36.88,50.5,36.56,36.88,-17.67,-18.38,-40.4,17.83,18.55,False,False,False,True,False,False,False,False,False,2026-09-24
0393,0393.HK,GLORIOUS SUN,旭日企业,19.35,"4,000",Equity,Equity Securities (Main Board),1.29,1.295,1.295,1.29,80000,0.1,1.295,1.296,-0.39,-0.46,-0.39,-0.39,0.0,1.43,1.43,1.43,1.43,1.43,-9.44,-9.44,-9.44,9.79,9.79,False,False,False,False,False,False,False,True,True,2026-09-24
0396,0396.HK,HING LEE (HK),兴利（香港）控股,1.99,"2,000",Equity,Equity Securities (Main Board),0.246,0.24,0.249,0.24,252000,0.06,0.247,0.255,-0.49,-3.64,2.5,-1.6,-0.4,0.75,0.75,0.76,0.75,0.75,-66.8,-66.8,-67.24,67.2,67.2,False,False,False,False,False,False,False,False,False,2026-09-24
0397,0397.HK,MINERVA GROUP,嬴集团,1.3,"10,000",Equity,Equity Securities (Main Board),0.038,0.038,0.039,0.038,3101000,0.12,0.04,0.041,-4.52,-8.21,0.0,-5.0,-11.63,0.06,0.2,0.45,0.06,0.2,-32.76,-80.3,-91.33,34.48,80.81,False,False,False,False,False,False,False,False,False,2026-09-24
0398,0398.HK,ORIENTAL WATCH,东方表行集团,16.5,"2,000",Equity,Equity Securities (Main Board),3.385,3.365,3.385,3.36,378000,1.28,3.375,3.377,0.3,0.24,0.59,0.15,0.59,3.69,4.23,5.42,3.69,4.23,-8.27,-19.98,-37.55,8.27,19.98,False,False,False,True,False,False,False,True,False,2026-09-24
0400,0400.HK,INGDAN,硬蛋创新,78.92,"1,000",Equity,Equity Securities (Main Board),4.8,4.75,4.845,4.735,2798000,13.43,4.703,4.647,2.06,3.3,1.05,1.91,6.9,5.57,5.57,13.16,5.57,5.57,-13.02,-13.02,-63.18,13.82,13.82,False,False,False,False,False,False,False,False,False,2026-09-24
0401,0401.HK,WANJIA GROUP,万嘉集团,1.16,"20,000",Equity,Equity Securities (Main Board),0.103,0.103,0.103,0.103,40000,0.0,0.102,0.102,0.78,0.59,0.98,0.98,0.98,0.21,0.21,4.87,0.21,0.21,-50.72,-50.72,-97.88,50.72,50.72,False,False,False,False,False,False,False,False,False,2026-09-24
0403,0403.HK,STARLITE HOLD,星光集团,0.94,"2,000",Equity,Equity Securities (Main Board),0.188,0.187,0.189,0.185,150000,0.03,0.199,0.199,-5.43,-5.58,-2.59,-11.32,-8.29,0.22,0.25,0.88,0.22,0.25,-14.09,-23.79,-78.52,14.55,24.19,False,False,False,False,False,False,False,False,False,2026-09-24
0406,0406.HK,YAU LEE HOLD,有利集团,2.43,"2,000",Equity,Equity Securities (Main Board),0.555,0.53,0.56,0.48,48000,0.03,0.506,0.503,9.68,10.34,15.63,11.0,11.0,0.8,1.59,1.6,0.8,1.59,-30.0,-64.78,-65.0,30.63,65.09,False,False,False,True,False,False,False,False,False,2026-09-24
0408,0408.HK,YIP'S CHEMICAL,叶氏化工集团,14.72,"2,000",Equity,Equity Securities (Main Board),2.635,2.64,2.64,2.625,60000,0.16,2.683,2.675,-1.79,-1.48,-0.57,-3.83,-0.94,2.75,2.75,5.76,2.75,2.75,-4.0,-4.0,-54.17,4.18,4.18,False,False,False,False,False,False,False,True,True,2026-09-24
0410,0410.HK,SOHO CHINA,ＳＯＨＯ中国,14.82,500,Equity,Equity Securities (Main Board),0.285,0.285,0.29,0.275,912500,0.26,0.288,0.3,-1.04,-5.0,-3.39,-1.72,-8.06,0.55,1.0,5.22,0.55,1.0,-47.27,-71.0,-94.44,48.18,71.5,False,False,False,False,False,False,False,False,False,2026-09-24
0411,0411.HK,LAM SOON (HK),南顺（香港）,27.99,"1,000",Equity,Equity Securities (Main Board),11.5,11.5,11.5,11.5,8000,0.09,11.9,11.68,-3.36,-1.54,-4.17,-4.17,-4.17,13.0,17.0,17.0,13.0,17.0,-11.54,-32.35,-32.35,11.54,32.35,False,False,False,False,False,False,False,False,False,2026-09-24
0412,0412.HK,SDHG,山高控股,33.39,"1,000",Equity,Equity Securities (Main Board),0.555,0.605,0.605,0.555,1845000,1.02,0.588,0.58,-5.61,-4.31,-6.72,-8.26,1.83,2.06,18.95,18.95,2.06,18.95,-70.63,-96.81,-96.81,73.06,97.07,False,False,False,False,False,False,False,False,False,2026-09-24
0418,0418.HK,FOUNDER HOLD,方正控股,8.19,"2,000",Equity,Equity Securities (Main Board),0.71,0.73,0.73,0.65,458000,0.33,0.712,0.678,-0.28,4.72,-2.74,1.43,5.97,0.85,1.28,1.28,0.85,1.28,-14.12,-42.97,-42.97,16.47,44.53,False,False,False,False,False,False,False,False,False,2026-09-24
0419,0419.HK,HONY MEDIA,弘毅文化集团,8.0,"10,000",Equity,Equity Securities (Main Board),0.455,0.465,0.465,0.44,1190000,0.54,0.467,0.475,-2.57,-4.21,0.0,-6.19,-5.21,0.83,1.23,7.3,0.83,1.23,-43.98,-62.2,-93.63,45.18,63.01,False,False,False,False,False,False,False,False,False,2026-09-24
0420,0420.HK,FOUNTAIN SET,福田实业,7.84,"2,000",Equity,Equity Securities (Main Board),0.64,0.635,0.64,0.63,68000,0.04,0.634,0.64,0.95,-0.08,0.79,2.4,0.0,0.76,0.83,1.48,0.76,0.83,-16.34,-22.89,-56.76,16.34,22.89,True,False,True,False,False,False,False,False,False,2026-09-24
0422,0422.HK,VMEP HOLDINGS,越南制造加工出口,2.45,"1,000",Equity,Equity Securities (Main Board),0.27,0.27,0.27,0.27,1000,0.0,0.262,0.259,3.05,4.05,3.85,3.85,1.89,0.32,0.88,0.99,0.32,0.88,-15.62,-69.32,-72.73,15.62,69.32,False,False,False,False,False,False,False,False,False,2026-09-24
0423,0423.HK,HKET HOLDINGS,经济日报集团,2.68,"2,000",Equity,Equity Securities (Main Board),0.62,0.63,0.63,0.62,298000,0.18,0.63,0.634,-1.59,-2.21,-1.59,-2.36,-2.36,0.82,1.04,1.75,0.82,1.04,-23.17,-39.42,-64.0,24.39,40.38,False,False,False,False,False,False,False,False,False,2026-09-24
0425,0425.HK,MINTH GROUP,敏实集团,270.38,100,Equity,Equity Securities (Main Board),23.08,23.1,23.4,22.86,2435774,56.22,23.404,23.694,-1.38,-2.59,-0.17,-2.7,-3.83,46.76,46.76,49.5,46.76,46.76,-49.96,-49.96,-52.73,50.64,50.64,False,False,False,False,False,False,False,False,False,2026-09-24
0426,0426.HK,ONE MEDIA GROUP,万华媒体,0.6,"2,000",Equity,Equity Securities (Main Board),0.15,0.157,0.157,0.15,56000,0.01,0.15,0.148,0.0,1.28,-1.32,1.35,-1.96,0.26,0.26,1.74,0.26,0.26,-40.75,-40.75,-90.98,43.4,43.4,False,False,False,False,False,False,False,False,False,2026-09-24
0428,0428.HK,COCOON HOLDINGS,中国天弓控股,0.31,"4,000",Equity,Investment Companies,0.199,0.2,0.2,0.199,12000,0.0,0.2,0.199,-0.4,-0.05,0.0,-1.0,0.0,0.4,2.7,18.44,0.4,2.7,-50.0,-92.59,-98.92,50.25,92.63,False,False,False,False,False,False,False,False,False,2026-09-24
0432,0432.HK,PCPD,盈大地产,4.12,"1,000",Equity,Equity Securities (Main Board),0.202,0.202,0.208,0.202,113969,0.02,0.207,0.208,-2.23,-2.84,-3.35,-2.42,-1.94,0.38,0.38,4.02,0.38,0.38,-44.53,-44.53,-94.83,46.13,46.13,False,False,False,False,False,False,False,False,False,2026-09-24
0433,0433.HK,NORTH MINING,北方矿业,5.7,"10,000",Equity,Equity Securities (Main Board),0.038,0.038,0.038,0.035,24450000,0.93,0.04,0.043,-5.0,-10.59,-2.56,-9.52,-13.64,0.11,0.26,3.78,0.11,0.26,-65.45,-85.38,-98.99,65.45,85.38,False,False,False,False,False,False,False,False,False,2026-09-24
0434,0434.HK,BOYAA,博雅互动,24.39,"1,000",Equity,Equity Securities (Main Board),3.22,3.455,3.455,3.115,3846000,12.38,3.216,3.055,0.12,5.42,-7.74,3.21,10.65,4.13,9.36,9.36,4.13,9.36,-16.34,-63.09,-63.09,22.03,65.6,False,False,False,False,False,False,False,False,False,2026-09-24
0436,0436.HK,NU ENVIRO,新宇环保,1.61,"20,000",Equity,Equity Securities (Main Board),0.053,0.054,0.054,0.053,460000,0.02,0.06,0.061,-12.25,-12.69,-11.67,-15.87,-15.87,0.08,0.1,0.8,0.08,0.1,-28.0,-45.45,-93.25,29.33,46.46,False,False,False,False,False,False,False,False,False,2026-09-24
0438,0438.HK,IRICO NEWENERGY,彩虹新能源,1.06,200,Equity,Equity Securities (Main Board),1.1,1.1,1.1,1.04,2000,0.0,1.125,1.129,-2.22,-2.57,-2.22,-3.93,-0.45,2.5,4.39,56.0,2.5,4.39,-56.0,-74.94,-98.04,56.0,74.94,False,False,False,False,False,False,False,False,False,2026-09-24
0439,0439.HK,GENESIS SCALE,瀚源控股,3.29,"2,000",Equity,Equity Securities (Main Board),0.535,0.525,0.535,0.52,164000,0.09,0.546,0.542,-2.01,-1.29,-0.93,-3.6,-2.73,1.21,2.33,36.4,1.21,2.33,-55.79,-77.04,-98.53,55.79,77.04,False,False,False,False,False,False,False,False,False,2026-09-24
0440,0440.HK,DAH SING,大新金融,144.32,400,Equity,Equity Securities (Main Board),45.16,45.08,45.86,45.0,114432,5.17,45.848,45.454,-1.5,-0.65,-0.66,-2.55,-0.44,51.2,51.2,66.0,51.2,51.2,-10.43,-10.43,-30.52,11.8,11.8,False,False,False,False,False,False,False,False,False,2026-09-24
0442,0442.HK,DOMAINE POWER,域能控股,1.68,"1,000",Equity,Equity Securities (Main Board),0.65,0.65,0.65,0.65,50000,0.03,0.684,0.642,-4.97,1.25,-4.41,-8.45,8.33,1.07,1.55,7.39,1.07,1.55,-39.25,-58.06,-91.2,39.25,58.06,False,False,False,False,False,False,False,False,False,2026-09-24
0450,0450.HK,HUNG HING PRINT,鸿兴印刷集团,6.17,"2,000",Equity,Equity Securities (Main Board),0.68,0.67,0.68,0.67,20000,0.01,0.675,0.676,0.74,0.59,1.49,1.49,2.26,0.97,1.23,2.43,0.97,1.23,-29.9,-44.72,-72.02,29.9,44.72,False,False,False,True,False,False,False,False,False,2026-09-24
0451,0451.HK,DYNASTY DIGITAL,时代数字,8.95,"2,000",Equity,Equity Securities (Main Board),0.505,0.515,0.52,0.505,601078,0.3,0.516,0.522,-2.13,-3.35,-1.94,-2.88,-3.81,1.8,1.8,15.6,1.8,1.8,-71.11,-71.11,-96.67,71.94,71.94,False,False,False,False,False,False,False,False,False,2026-09-24
0458,0458.HK,TRISTATE HOLD,联亚集团,4.81,"1,000",Equity,Equity Securities (Main Board),1.755,1.755,1.755,1.755,5000,0.01,1.867,1.761,-6.0,-0.37,-7.39,-7.39,3.24,2.85,3.0,3.0,2.85,3.0,-38.42,-41.5,-41.5,38.42,41.5,False,False,False,False,False,False,False,False,False,2026-09-24
0460,0460.HK,SIHUAN PHARM,四环医药,66.55,"1,000",Equity,Equity Securities (Main Board),0.73,0.74,0.75,0.725,13977000,10.2,0.738,0.729,-1.08,0.14,-2.01,-3.31,0.69,1.79,1.92,3.95,1.79,1.92,-58.1,-60.94,-81.01,59.22,61.98,False,False,False,False,False,False,False,False,False,2026-09-24
0464,0464.HK,CHINA IN-TECH,中国智能科技,5.29,"4,000",Equity,Equity Securities (Main Board),0.7,0.73,0.73,0.69,500000,0.35,0.725,0.725,-3.45,-3.45,-7.89,-5.41,-7.28,9.0,9.0,9.0,9.0,9.0,-91.89,-91.89,-91.89,92.22,92.22,False,False,False,False,False,False,False,False,False,2026-09-24
0467,0467.HK,UNITEDENERGY GP,联合能源集团,107.28,"2,000",Equity,Equity Securities (Main Board),0.415,0.405,0.415,0.405,21762000,9.03,0.411,0.411,0.97,0.85,2.47,-1.19,1.22,1.1,1.28,1.8,1.1,1.28,-62.27,-67.58,-76.94,62.27,67.58,False,False,False,True,False,False,False,False,False,2026-09-24
0470,0470.HK,WUXI LEAD,先导智能,28.93,100,Equity,Equity Securities (Main Board),26.9,27.62,27.82,26.84,609257,16.39,27.54,27.398,-2.32,-1.82,-1.68,-3.31,-1.82,61.85,61.85,61.85,61.85,61.85,-55.02,-55.02,-55.02,56.51,56.51,False,False,False,False,False,False,False,False,False,2026-09-24
0471,0471.HK,SILKWAVE INC,中播数据,0.56,"4,000",Equity,Equity Securities (Main Board),0.117,0.117,0.117,0.114,164000,0.02,0.115,0.117,1.39,0.17,0.0,-0.85,5.41,1.03,8.3,276.0,1.03,8.3,-88.64,-98.59,-99.96,88.64,98.59,False,False,False,True,False,False,False,False,False,2026-09-24
0472,0472.HK,NEW SILKROAD,新丝路控股集团,7.39,"10,000",Equity,Equity Securities (Main Board),0.192,0.196,0.196,0.192,160000,0.03,0.204,0.204,-5.79,-5.97,-4.0,-9.86,-4.48,0.45,0.5,1.88,0.45,0.5,-56.44,-60.8,-89.57,57.33,61.6,False,False,False,False,False,False,False,False,False,2026-09-24
0474,0474.HK,ACESO LIFE SCI,信铭生命科技,12.58,"6,000",Equity,Equity Securities (Main Board),0.142,0.14,0.142,0.139,2754000,0.39,0.143,0.146,-0.84,-2.54,-0.7,-0.7,-3.4,0.16,0.21,0.48,0.16,0.21,-12.88,-32.38,-70.42,12.88,32.38,False,False,False,False,False,False,False,False,False,2026-09-24
0476,0476.HK,EV DYNAMICS,科轩动力控股,2.45,"10,000",Equity,Equity Securities (Main Board),0.69,0.69,0.69,0.69,60000,0.04,0.701,0.686,-1.57,0.58,0.0,-3.5,0.0,1.0,1.44,17.0,1.0,1.44,-31.0,-52.08,-95.94,31.0,52.08,False,False,False,False,False,False,False,False,False,2026-09-24
0480,0480.HK,HKR INT'L,香港兴业国际,14.85,800,Equity,Equity Securities (Main Board),1.0,0.99,1.0,0.99,152800,0.15,1.0,1.0,0.0,-0.05,0.0,0.0,-0.5,1.27,1.67,5.09,1.27,1.67,-21.26,-40.12,-80.36,21.26,40.12,False,False,False,False,False,False,False,False,False,2026-09-24
0483,0483.HK,BAUHAUS INT'L,包浩斯国际,0.63,"2,000",Equity,Equity Securities (Main Board),0.172,0.17,0.171,0.165,384000,0.07,0.187,0.183,-7.92,-6.16,-2.82,-11.79,-11.79,0.33,0.59,2.01,0.33,0.59,-48.18,-71.02,-91.49,47.88,70.85,False,False,False,False,False,False,False,False,False,2026-09-24
0486,0486.HK,RUSAL,俄铝,434.52,"1,000",Equity,Equity Securities (Main Board),2.86,2.885,2.9,2.86,223000,0.64,2.895,2.917,-1.21,-1.95,-0.69,-1.55,-2.39,7.0,7.0,9.2,7.0,7.0,-58.57,-58.57,-68.48,59.14,59.14,False,False,False,False,False,False,False,False,False,2026-09-24
0488,0488.HK,LAI SUN DEV,丽新发展,9.81,300,Equity,Equity Securities (Main Board),0.675,0.63,0.68,0.63,26700,0.02,0.679,0.679,-0.59,-0.52,-0.74,-2.88,1.5,1.08,1.26,13.26,1.08,1.26,-37.04,-46.03,-94.87,37.5,46.43,False,False,False,False,False,False,False,False,False,2026-09-24
0491,0491.HK,EMPEROR CULTURE,英皇文化产业,0.9,"20,000",Equity,Equity Securities (Main Board),0.028,0.027,0.028,0.027,540000,0.02,0.029,0.031,-3.45,-9.68,3.7,-3.45,-17.65,0.04,0.1,0.37,0.04,0.1,-26.32,-71.43,-92.43,26.32,71.43,False,False,False,False,False,False,False,False,False,2026-09-24
0493,0493.HK,GOME RETAIL,国美零售,7.64,"1,000",Equity,Equity Securities (Main Board),0.01,0.01,0.01,0.01,2571000,0.03,0.01,0.01,0.0,0.0,0.0,0.0,0.0,0.02,0.08,2.55,0.02,0.08,-50.0,-88.1,-99.61,50.0,88.1,False,False,False,False,False,False,False,False,False,2026-09-24
0497,0497.HK,CSI PROPERTIES,资本策略地产,19.34,"20,000",Equity,Equity Securities (Main Board),0.15,0.154,0.154,0.146,2640000,0.4,0.157,0.159,-4.46,-5.84,-2.6,-6.83,-7.41,0.23,0.24,1.14,0.23,0.24,-34.19,-36.36,-86.49,35.9,38.02,False,False,False,False,False,False,False,False,False,2026-09-24
0499,0499.HK,QINGDAO HLDGS,青岛控股,2.05,"2,000",Equity,Equity Securities (Main Board),0.205,0.215,0.215,0.215,2000,0.0,0.203,0.203,1.18,0.89,1.49,1.49,1.49,0.27,0.27,0.98,0.27,0.27,-20.37,-20.37,-78.06,24.07,24.07,False,False,False,False,False,False,False,False,False,2026-09-24
0505,0505.HK,XINGYE ALLOY,兴业合金,9.0,"1,000",Equity,Equity Securities (Main Board),1.0,1.0,1.03,1.0,121431,0.12,0.982,0.971,1.83,2.99,0.0,3.09,3.09,1.06,1.17,1.39,1.06,1.17,-2.83,-11.97,-25.9,5.66,14.53,False,False,False,False,False,False,False,True,False,2026-09-24
0506,0506.HK,CHINA FOODS,中国食品,102.8,"2,000",Equity,Equity Securities (Main Board),3.675,3.625,3.685,3.6,1702000,6.25,3.688,3.725,-0.35,-1.33,1.24,-0.41,-1.21,4.53,5.2,5.42,4.53,5.2,-18.65,-29.13,-32.01,18.87,29.33,False,False,False,False,False,False,False,False,False,2026-09-24
0508,0508.HK,DINGYI GP INV,鼎亿集团投资,2.68,"5,000",Equity,Equity Securities (Main Board),0.31,0.29,0.31,0.29,101500,0.03,0.308,0.311,0.65,-0.16,1.64,0.0,0.0,0.8,0.83,15.0,0.8,0.83,-61.25,-62.65,-97.93,61.25,62.65,False,False,False,False,False,False,False,False,False,2026-09-24
0510,0510.HK,CASH FIN SER GP,时富金融服务集团,1.85,"6,000",Equity,Equity Securities (Main Board),0.43,0.44,0.44,0.43,30000,0.01,0.442,0.446,-2.71,-3.59,-2.27,-4.44,-4.44,0.74,1.64,10.2,0.74,1.64,-40.54,-73.17,-95.69,41.89,73.78,False,False,False,False,False,False,False,False,False,2026-09-24
0511,0511.HK,TVB,无线集团,9.83,100,Equity,Equity Securities (Main Board),2.105,2.12,2.145,2.09,230900,0.49,2.12,2.191,-0.71,-3.95,-0.71,-1.41,-6.03,3.33,4.62,35.2,3.33,4.62,-35.59,-53.57,-93.91,36.79,54.44,False,False,False,False,False,False,False,False,False,2026-09-24
0512,0512.HK,GRAND PHARMA,远大医药,171.44,500,Equity,Equity Securities (Main Board),4.83,4.935,4.935,4.785,5417000,26.16,4.911,4.9,-1.65,-1.43,-1.53,-3.5,-2.23,8.18,10.2,10.2,8.18,10.2,-39.67,-51.62,-51.62,40.95,52.65,False,False,False,False,False,False,False,False,False,2026-09-24
0517,0517.HK,COSCO SHIP INTL,中远海运国际,95.65,"2,000",Equity,Equity Securities (Main Board),6.525,6.51,6.56,6.49,1636000,10.67,6.572,6.43,-0.72,1.49,-0.38,-3.26,2.43,7.92,7.92,7.92,7.92,7.92,-17.17,-17.17,-17.17,17.61,17.61,False,False,False,False,False,False,False,False,False,2026-09-24
0518,0518.HK,TUNGTEX (HOLD),同得仕（集团）,0.74,"2,000",Equity,Equity Securities (Main Board),0.163,0.163,0.163,0.163,84000,0.01,0.164,0.165,-0.49,-1.03,0.0,0.0,-12.37,0.29,0.3,1.31,0.29,0.3,-43.79,-45.67,-87.56,43.79,45.67,False,False,False,False,False,False,False,False,False,2026-09-24
0519,0519.HK,NOVAUTEK,诺科达科技,4.12,"5,000",Equity,Equity Securities (Main Board),0.135,0.131,0.139,0.128,885000,0.12,0.137,0.138,-1.17,-2.17,0.75,-3.57,-2.17,0.23,0.55,1.01,0.23,0.55,-40.85,-74.73,-86.24,42.55,75.45,False,False,False,False,False,False,False,False,False,2026-09-24
0520,0520.HK,XIABUXIABU,呷哺呷哺,2.5,500,Equity,Equity Securities (Main Board),0.23,0.231,0.231,0.23,21500,0.0,0.232,0.23,-0.86,-0.09,0.0,-2.13,4.07,0.82,3.36,26.95,0.82,3.36,-71.83,-93.12,-99.14,71.95,93.15,False,False,False,False,False,False,False,False,False,2026-09-24
0521,0521.HK,CWT INT'L,CWT INT'L,22.69,"10,000",Equity,Equity Securities (Main Board),0.199,0.193,0.199,0.191,985000,0.2,0.197,0.194,1.02,2.52,2.58,2.05,3.11,0.37,0.37,0.52,0.37,0.37,-45.48,-45.48,-61.73,45.48,45.48,False,False,False,True,False,False,False,False,False,2026-09-24
0522,0522.HK,ASMPT,ASMPT,696.22,100,Equity,Equity Securities (Main Board),166.0,168.9,169.7,164.1,1827992,303.45,168.54,163.42,-1.51,1.58,-2.92,-0.84,3.75,244.4,244.4,244.4,244.4,244.4,-30.56,-30.56,-30.56,32.08,32.08,False,False,False,False,False,False,False,False,False,2026-09-24
0524,0524.HK,GW TERROIR,长城天下,4.3,"10,000",Equity,Equity Securities (Main Board),1.82,1.79,1.965,1.785,370000,0.67,1.896,1.93,-4.01,-5.7,-1.36,-4.46,-4.71,3.25,3.25,7.44,3.25,3.25,-39.54,-39.54,-73.59,44.0,44.0,False,False,False,False,False,False,False,False,False,2026-09-24
0525,0525.HK,GUANGSHEN RAIL,广深铁路股份,33.49,"2,000",Equity,Equity Securities (Main Board),2.34,2.3,2.34,2.29,5198000,12.16,2.286,2.324,2.36,0.67,1.96,0.86,0.0,2.6,2.64,5.89,2.6,2.64,-10.0,-11.36,-60.27,10.0,11.36,False,False,False,True,False,False,False,True,False,2026-09-24
0527,0527.HK,RF GREEN EN AI,瑞风绿能智算,19.48,"12,000",Equity,Equity Securities (Main Board),0.8,0.76,0.8,0.76,1872000,1.5,0.797,0.808,0.38,-0.99,1.91,0.0,0.63,0.95,0.95,3.19,0.95,0.95,-15.79,-15.79,-74.9,15.79,15.79,False,False,False,False,False,False,False,False,False,2026-09-24
0528,0528.HK,KINGDOM HOLDING,金达控股,7.3,"2,000",Equity,Equity Securities (Main Board),1.16,1.17,1.17,1.16,12000,0.01,1.167,1.172,-0.6,-1.07,0.0,-1.28,-0.43,1.31,1.45,1.96,1.31,1.45,-10.69,-19.31,-40.31,11.45,20.0,False,False,False,False,False,False,False,False,False,2026-09-24
0532,0532.HK,WKK INTL (HOLD),WKK INTL (HOLD),2.26,"2,000",Equity,Equity Securities (Main Board),0.31,0.3,0.31,0.3,1242000,0.39,0.307,0.312,0.98,-0.64,0.0,1.64,1.64,1.12,1.12,1.59,1.12,1.12,-72.32,-72.32,-80.5,72.32,72.32,False,False,True,False,False,False,False,False,False,2026-09-24
0533,0533.HK,GOLDLION HOLD,金利来集团,8.33,"1,000",Equity,Equity Securities (Main Board),0.855,0.865,0.865,0.86,110000,0.09,0.864,0.866,-1.04,-1.21,-1.16,-1.16,-2.29,1.15,1.49,3.52,1.15,1.49,-24.78,-41.95,-75.43,25.65,42.62,False,False,False,False,False,False,False,False,False,2026-09-24
0535,0535.HK,GEMDALE PPT,金地商置,16.28,"2,000",Equity,Equity Securities (Main Board),0.098,0.098,0.098,0.093,398000,0.04,0.095,0.096,3.38,1.66,4.26,3.16,-1.01,0.19,0.47,1.56,0.19,0.47,-49.22,-79.15,-93.72,49.22,79.15,False,False,False,True,False,False,False,False,False,2026-09-24
0536,0536.HK,TRADELINK,贸易通,9.27,"2,000",Equity,Equity Securities (Main Board),1.165,1.17,1.17,1.165,30000,0.03,1.169,1.165,-0.34,0.0,0.0,-0.85,-0.43,1.21,1.21,1.66,1.21,1.21,-3.31,-3.31,-29.52,3.72,3.72,False,False,False,False,False,False,False,True,True,2026-09-24
0537,0537.HK,RIGOL,普源精电,6.8,100,Equity,Equity Securities (Main Board),27.4,28.02,29.98,26.42,9495400,260.17,24.64,22.648,11.2,20.98,-2.21,18.61,34.05,38.0,38.0,38.0,38.0,38.0,-21.11,-21.11,-21.11,27.89,27.89,False,False,False,False,False,False,False,False,False,2026-09-24
0538,0538.HK,AJISEN (CHINA),味千（中国）,8.79,"1,000",Equity,Equity Securities (Main Board),0.805,0.8,0.805,0.79,56000,0.05,0.805,0.801,0.0,0.5,0.0,-1.23,0.62,1.03,1.17,4.27,1.03,1.17,-21.84,-31.2,-81.15,21.84,31.2,False,False,False,False,False,False,False,False,False,2026-09-24
0546,0546.HK,FUFENG GROUP,阜丰集团,109.82,"1,000",Equity,Equity Securities (Main Board),4.38,4.4,4.46,4.375,8340000,36.53,4.414,4.462,-0.77,-1.83,-0.45,-1.57,-1.02,9.49,10.14,10.14,9.49,10.14,-53.0,-56.02,-56.02,53.85,56.8,False,False,False,False,False,False,False,False,False,2026-09-24
0547,0547.HK,DIGITAL DOMAIN,数字王国,16.28,"5,000",Equity,Equity Securities (Main Board),0.204,0.194,0.211,0.194,441000,0.09,0.2,0.201,2.2,1.64,5.15,0.0,2.0,0.46,0.54,6.8,0.46,0.54,-53.63,-60.93,-96.9,55.16,62.22,False,False,False,True,False,False,False,False,False,2026-09-24
0548,0548.HK,SHENZHENEXPRESS,深圳高速公路股份,48.74,"2,000",Equity,Equity Securities (Main Board),6.52,6.56,6.56,6.52,154895,1.01,6.552,6.64,-0.49,-1.81,-0.91,-2.1,-2.4,8.12,8.12,11.76,8.12,8.12,-19.21,-19.21,-44.22,19.7,19.7,False,False,False,False,False,False,False,False,False,2026-09-24
0550,0550.HK,ALLEGRO CULTURE,律齐文化,2.32,"2,000",Equity,Equity Securities (Main Board),0.51,0.52,0.56,0.5,1726000,0.88,0.518,0.659,-1.54,-22.61,-1.92,3.03,-7.27,1.75,1.75,5.02,1.75,1.75,-68.0,-68.0,-88.84,70.86,70.86,False,False,False,False,False,False,False,False,False,2026-09-24
0551,0551.HK,YUE YUEN IND,裕元集团,201.21,500,Equity,Equity Securities (Main Board),12.54,12.61,12.61,12.4,3521000,44.15,12.418,12.656,0.98,-0.92,-0.56,1.13,0.4,19.1,19.1,38.4,19.1,19.1,-33.98,-33.98,-67.16,34.35,34.35,False,False,True,False,False,False,False,False,False,2026-09-24
0552,0552.HK,CHINACOMSERVICE,中国通信服务,98.65,"2,000",Equity,Equity Securities (Main Board),4.125,4.12,4.165,4.085,3922000,16.18,4.151,4.087,-0.63,0.94,-1.55,0.36,0.12,4.85,6.15,8.5,4.85,6.15,-14.12,-32.28,-51.0,14.95,32.93,False,False,False,False,False,False,False,False,False,2026-09-24
0553,0553.HK,NANJING PANDA,南京熊猫电子股份,7.36,"2,000",Equity,Equity Securities (Main Board),3.04,3.035,3.085,3.03,922000,2.8,3.079,3.073,-1.27,-1.07,-0.49,-2.72,1.33,7.22,7.22,9.15,7.22,7.22,-57.27,-57.27,-66.28,57.89,57.89,False,False,False,False,False,False,False,False,False,2026-09-24
0554,0554.HK,HANS GP HLDGS,汉思集团控股,8.64,"2,000",Equity,Equity Securities (Main Board),0.197,0.195,0.197,0.191,64000,0.01,0.196,0.195,0.72,1.23,0.0,2.6,1.03,0.26,0.43,0.53,0.26,0.43,-25.66,-54.19,-62.83,25.66,54.19,False,False,False,True,False,False,False,False,False,2026-09-24
0556,0556.HK,PAN ASIA ENVIRO,泛亚环保,3.77,"2,000",Equity,Equity Securities (Main Board),0.375,0.37,0.385,0.365,386000,0.14,0.386,0.392,-2.85,-4.46,-2.6,-2.6,-10.71,0.99,0.99,2.16,0.99,0.99,-61.11,-61.11,-82.18,62.12,62.12,False,False,False,False,False,False,False,False,False,2026-09-24
0558,0558.HK,LK TECH,力劲科技,16.37,"2,500",Equity,Equity Securities (Main Board),1.2,1.22,1.25,1.2,1207500,1.45,1.226,1.251,-2.12,-4.12,-1.64,-2.83,-5.14,3.81,8.04,26.18,3.81,8.04,-67.19,-84.45,-95.23,68.5,85.07,False,False,False,False,False,False,False,False,False,2026-09-24
0560,0560.HK,CHU KONG SHIP,珠江船务,6.67,"2,000",Equity,Equity Securities (Main Board),0.595,0.595,0.595,0.59,44000,0.03,0.592,0.596,0.51,-0.08,0.0,1.71,-0.83,0.78,0.87,2.5,0.78,0.87,-23.72,-31.61,-76.2,23.72,31.61,False,False,False,False,False,False,False,False,False,2026-09-24
0563,0563.HK,SH IND URBAN,上实城市开发,11.19,"2,000",Equity,Equity Securities (Main Board),0.234,0.226,0.234,0.226,193600,0.05,0.232,0.231,0.78,1.17,0.0,2.63,4.93,0.34,0.53,2.28,0.34,0.53,-30.15,-55.85,-89.74,30.15,55.85,False,False,False,True,False,False,False,False,False,2026-09-24
0564,0564.HK,ZCZL,中创智领,27.36,200,Equity,Equity Securities (Main Board),11.25,11.46,11.46,11.15,1740800,19.58,11.514,11.733,-2.29,-4.12,-0.71,-4.09,-5.38,23.88,26.0,26.0,23.88,26.0,-52.01,-55.92,-55.92,52.89,56.73,False,False,False,False,False,False,False,False,False,2026-09-24
0565,0565.HK,ART GROUP HOLD,锦艺集团控股,125.97,"5,000",Equity,Equity Securities (Main Board),4.685,4.29,4.685,4.285,9700000,45.44,4.352,4.343,7.65,7.87,9.21,9.72,10.89,4.47,4.47,4.47,4.68,4.68,4.81,4.81,4.81,0.0,0.0,False,False,False,True,True,True,True,True,True,2026-09-24
0567,0567.HK,JSMART TECH,金安智能,4.36,"20,000",Equity,Equity Securities (Main Board),0.27,0.28,0.29,0.27,180000,0.05,0.289,0.287,-6.57,-5.92,-3.57,-15.62,-6.9,0.56,0.56,0.62,0.56,0.56,-48.21,-48.21,-53.45,51.79,51.79,False,False,False,False,False,False,False,False,False,2026-09-24
0568,0568.HK,SHANDONG MOLONG,山东墨龙,11.53,400,Equity,Equity Securities (Main Board),4.09,4.1,4.225,4.05,17345200,70.94,4.303,4.478,-4.95,-8.66,-2.04,-7.67,-7.57,16.33,16.33,16.33,16.33,16.33,-74.13,-74.13,-74.13,74.95,74.95,False,False,False,False,False,False,False,False,False,2026-09-24
0570,0570.HK,TRAD CHI MED,中国中药,63.45,"2,000",Equity,Equity Securities (Main Board),1.26,1.26,1.265,1.245,5728962,7.22,1.257,1.261,0.24,-0.12,0.0,-1.95,0.4,2.24,4.46,7.57,2.24,4.46,-43.53,-71.64,-83.29,43.75,71.75,False,False,False,False,False,False,False,False,False,2026-09-24
0571,0571.HK,ESUN HOLDINGS,丰德丽控股,0.68,"2,000",Equity,Equity Securities (Main Board),0.039,0.043,0.043,0.039,706041,0.03,0.042,0.043,-8.02,-9.09,-4.88,-13.33,-9.3,0.06,0.41,1.58,0.06,0.41,-31.75,-89.38,-97.28,38.1,90.37,False,False,False,False,False,False,False,False,False,2026-09-24
0575,0575.HK,REGENT PACIFIC,励晶太平洋,2.39,"10,000",Equity,Equity Securities (Main Board),0.82,0.82,0.82,0.82,12100,0.01,0.842,0.836,-2.61,-1.97,0.61,-4.65,-8.38,1.22,1.24,15.8,1.22,1.24,-32.79,-33.87,-94.81,32.79,33.87,False,False,False,False,False,False,False,False,False,2026-09-24
0576,0576.HK,ZHEJIANGEXPRESS,浙江沪杭甬,119.58,"2,000",Equity,Equity Securities (Main Board),5.91,5.905,5.945,5.84,9419843,55.67,5.978,5.991,-1.14,-1.35,0.17,-2.72,-1.99,8.16,8.16,9.75,8.16,8.16,-27.14,-27.14,-39.0,27.57,27.57,False,False,False,False,False,False,False,False,False,2026-09-24
0579,0579.HK,JNCEC,京能清洁能源,44.99,"2,000",Equity,Equity Securities (Main Board),1.59,1.605,1.61,1.585,4634000,7.37,1.61,1.615,-1.24,-1.52,-0.93,-2.45,-1.55,2.53,2.62,2.93,2.53,2.62,-36.36,-38.55,-45.05,37.15,39.31,False,False,False,False,False,False,False,False,False,2026-09-24
0580,0580.HK,SUN.KING TECH,赛晶科技,19.94,"2,000",Equity,Equity Securities (Main Board),1.245,1.24,1.255,1.22,1442000,1.8,1.239,1.228,0.48,1.43,-0.4,-0.4,2.05,3.12,3.12,5.6,3.12,3.12,-59.78,-59.78,-77.59,60.1,60.1,False,False,False,True,False,False,False,False,False,2026-09-24
0581,0581.HK,CHINA ORIENTAL,中国东方集团,37.97,"2,000",Equity,Equity Securities (Main Board),1.02,1.01,1.03,1.01,716000,0.73,1.014,1.038,0.59,-1.73,0.0,-3.32,0.99,1.63,2.17,7.15,1.63,2.17,-36.81,-52.53,-85.59,37.42,53.0,False,False,True,False,False,False,False,False,False,2026-09-24
0585,0585.HK,IMAGI INT'L,意力国际,35.02,500,Equity,Equity Securities (Main Board),4.22,4.385,4.495,4.205,69000,0.29,4.493,4.431,-6.08,-4.76,-1.97,-8.26,-3.32,8.44,8.44,8.44,8.44,8.44,-46.74,-46.74,-46.74,50.0,50.0,False,False,False,False,False,False,False,False,False,2026-09-24
0586,0586.HK,CONCH VENTURE,海螺创业,135.48,500,Equity,Equity Securities (Main Board),7.56,7.585,7.665,7.515,2441000,18.45,7.541,7.528,0.25,0.43,-0.4,0.33,1.61,14.2,14.2,35.0,14.2,14.2,-46.02,-46.02,-78.1,46.76,46.76,False,False,False,True,False,False,False,False,False,2026-09-24
0587,0587.HK,CONCH ENVIRO,海螺环保,4.57,500,Equity,Equity Securities (Main Board),0.25,0.26,0.26,0.25,308500,0.08,0.254,0.261,-1.42,-4.32,-3.85,-1.96,-7.41,0.58,2.07,15.1,0.58,2.07,-55.17,-87.44,-98.28,56.9,87.92,False,False,False,False,False,False,False,False,False,2026-09-24
0588,0588.HK,BEIJING N STAR,北京北辰实业股份,4.81,"2,000",Equity,Equity Securities (Main Board),0.68,0.68,0.685,0.67,2888000,1.96,0.681,0.676,-0.15,0.67,-0.73,-0.73,2.26,1.01,1.29,3.41,1.01,1.29,-32.18,-46.9,-79.91,32.67,47.29,False,False,False,False,False,False,False,False,False,2026-09-24
0590,0590.HK,LUK FOOK HOLD,六福集团,124.47,"1,000",Equity,Equity Securities (Main Board),21.2,21.4,21.4,21.0,1078267,22.86,21.248,21.254,-0.23,-0.25,-0.93,-0.56,0.0,34.5,34.5,37.68,34.5,34.5,-37.97,-37.97,-43.21,38.55,38.55,False,False,False,False,False,False,False,False,False,2026-09-24
0591,0591.HK,C HIGHPRECISION,中国高精密,2.43,"1,000",Equity,Equity Securities (Main Board),0.234,0.243,0.243,0.23,1025000,0.24,0.246,0.25,-4.72,-6.33,-4.1,-6.4,-8.24,0.4,0.51,1.22,0.4,0.51,-38.48,-52.35,-80.08,40.76,54.12,False,False,False,False,False,False,False,False,False,2026-09-24
0595,0595.HK,AV CONCEPT HOLD,AV CONCEPT HOLD,10.39,"2,000",Equity,Equity Securities (Main Board),1.215,1.215,1.22,1.175,594000,0.72,1.243,1.251,-2.25,-2.92,-2.02,-3.57,-3.57,2.0,2.0,2.0,2.0,2.0,-39.0,-39.0,-39.0,39.25,39.25,False,False,False,False,False,False,False,False,False,2026-09-24
0596,0596.HK,INSPUR DIGI ENT,浪潮数字企业,21.78,"2,000",Equity,Equity Securities (Main Board),1.79,1.81,1.81,1.76,1014000,1.82,1.843,1.886,-2.88,-5.06,-0.56,-5.29,-1.65,7.2,11.13,11.13,7.2,11.13,-74.86,-83.74,-83.74,75.14,83.92,False,False,False,False,False,False,False,False,False,2026-09-24
0598,0598.HK,SINOTRANS,中国外运,91.34,"1,000",Equity,Equity Securities (Main Board),4.53,4.525,4.56,4.47,5030000,22.79,4.538,4.586,-0.18,-1.23,1.68,-1.74,-3.21,5.48,5.51,5.51,5.48,5.51,-16.79,-17.24,-17.24,17.34,17.79,False,False,False,False,False,False,False,False,False,2026-09-24
0599,0599.HK,E. BON HOLDINGS,怡邦行控股,0.89,"16,000",Equity,Equity Securities (Main Board),0.124,0.13,0.141,0.122,736000,0.09,0.126,0.122,-1.27,1.64,-3.13,-3.13,4.2,0.19,0.2,1.14,0.19,0.2,-23.78,-29.15,-87.63,32.97,37.69,False,False,False,False,False,False,False,False,False,2026-09-24
0600,0600.HK,AXERA,爱芯元智,132.98,100,Equity,Equity Securities (Main Board),22.58,22.78,23.16,21.64,873800,19.73,22.564,20.353,0.07,10.94,-0.88,1.35,17.85,36.9,36.9,36.9,36.9,36.9,-37.24,-37.24,-37.24,38.81,38.81,False,False,False,False,False,False,False,False,False,2026-09-24
0601,0601.HK,REMT,稀镁科技,0.41,"10,000",Equity,Equity Securities (Main Board),0.059,0.059,0.059,0.059,10000,0.0,0.063,0.064,-6.35,-7.09,-7.81,-7.81,-7.81,0.06,0.35,7.94,0.06,0.35,-7.81,-83.14,-99.26,7.81,83.14,False,False,False,False,False,False,False,True,False,2026-09-24
0602,0602.HK,JIAHUA STORES H,佳华百货控股,0.55,"2,500",Equity,Equity Securities (Main Board),0.053,0.049,0.053,0.049,120000,0.01,0.047,0.046,13.25,14.97,23.26,8.16,17.78,0.07,0.12,0.57,0.07,0.12,-22.06,-53.91,-90.7,22.06,53.91,False,False,False,False,False,False,False,False,False,2026-09-24
0603,0603.HK,CHINA OIL & GAS,中油燃气,7.22,"20,000",Equity,Equity Securities (Main Board),0.128,0.123,0.128,0.122,1740000,0.22,0.126,0.123,1.59,3.73,1.59,1.59,6.67,0.51,0.51,0.85,0.51,0.51,-74.9,-74.9,-84.94,74.9,74.9,False,False,False,True,False,False,False,False,False,2026-09-24
0604,0604.HK,SHENZHEN INVEST,深圳控股,54.73,"2,000",Equity,Equity Securities (Main Board),0.615,0.62,0.62,0.61,4292000,2.64,0.615,0.617,0.0,-0.32,-1.6,0.0,2.5,0.93,1.33,3.98,0.93,1.33,-33.33,-53.38,-84.42,33.87,53.76,False,False,False,False,False,False,False,False,False,2026-09-24
0605,0605.HK,C FIN SERVICES,中国金融投资管理,1.57,"2,000",Equity,Equity Securities (Main Board),0.75,0.75,0.75,0.75,2000,0.0,0.743,0.757,0.94,-0.86,0.0,0.67,2.04,1.16,20.0,20.0,1.16,20.0,-35.34,-96.25,-96.25,35.34,96.25,False,False,False,False,False,False,False,False,False,2026-09-24
0607,0607.HK,FULLSHARE,丰盛控股,1.77,"4,000",Equity,Equity Securities (Main Board),0.25,0.25,0.26,0.25,301250,0.08,0.248,0.253,0.97,-1.07,0.0,2.04,0.4,1.95,1.95,247.5,1.95,1.95,-86.67,-86.67,-99.89,87.18,87.18,False,False,False,False,False,False,False,False,False,2026-09-24
0609,0609.HK,TIANDE CHEMICAL,天德化工,8.96,"4,000",Equity,Equity Securities (Main Board),1.02,1.02,1.02,1.02,12000,0.01,1.045,1.039,-2.39,-1.88,-0.49,-3.77,-4.67,1.75,1.75,2.95,1.75,1.75,-41.71,-41.71,-65.42,41.71,41.71,False,False,False,False,False,False,False,False,False,2026-09-24
0610,0610.HK,WAI KEE HOLD,WAI KEE HOLD,7.22,"2,000",Equity,Equity Securities (Main Board),0.91,0.91,0.91,0.91,360000,0.33,0.916,0.919,-0.66,-0.98,0.0,-1.09,-1.09,0.98,1.3,5.78,0.98,1.3,-7.14,-30.0,-84.26,7.14,30.0,False,False,False,False,False,False,False,True,False,2026-09-24
0611,0611.HK,CNE TECH CORP,中国核能科技,8.33,"2,000",Equity,Equity Securities (Main Board),0.45,0.45,0.45,0.435,164000,0.07,0.447,0.441,0.67,2.04,0.0,3.45,4.65,0.55,0.71,1.93,0.55,0.71,-18.18,-36.62,-76.68,18.18,36.62,False,False,False,True,False,False,False,False,False,2026-09-24
0613,0613.HK,PLANETREE INT'L,梧桐国际,63.23,"2,000",Equity,Equity Securities (Main Board),5.5,5.3,5.51,5.225,623200,3.43,5.287,5.169,4.03,6.41,4.17,5.06,5.87,6.36,6.36,6.36,6.36,6.36,-13.43,-13.43,-13.43,13.59,13.59,True,False,False,False,False,False,False,False,False,2026-09-24
0616,0616.HK,ASSET CHAIN,财富链,1.74,"5,000",Equity,Equity Securities (Main Board),0.093,0.096,0.096,0.093,2150000,0.2,0.098,0.109,-5.3,-14.6,-3.12,-10.58,-13.08,0.4,0.5,194.1,0.4,0.5,-75.7,-80.8,-99.95,76.46,81.4,False,False,False,False,False,False,False,False,False,2026-09-24
0617,0617.HK,PALIBURG HOLD,百利保控股,2.06,"2,000",Equity,Equity Securities (Main Board),0.185,0.186,0.188,0.185,756000,0.14,0.189,0.192,-1.91,-3.39,-1.07,-3.65,-5.13,0.25,1.08,3.69,0.25,1.08,-26.27,-82.59,-94.91,27.45,82.87,False,False,False,False,False,False,False,False,False,2026-09-24
0618,0618.HK,PKU RESOURCES,北大资源,8.08,"8,000",Equity,Equity Securities (Main Board),0.295,0.295,0.305,0.295,112000,0.03,0.298,0.303,-1.01,-2.64,0.0,-1.67,-1.67,0.5,0.52,2.8,0.5,0.52,-39.0,-41.35,-89.11,41.0,43.27,False,False,False,False,False,False,False,False,False,2026-09-24
0619,0619.HK,SOUTH CHINA FIN,南华金融,0.84,"2,000",Equity,Equity Securities (Main Board),0.28,0.275,0.275,0.275,3500,0.0,0.279,0.281,0.36,-0.18,1.82,0.0,0.0,0.46,0.51,4.85,0.46,0.51,-39.56,-46.08,-94.33,38.46,45.1,False,False,False,False,False,False,False,False,False,2026-09-24
0620,0620.HK,DTXS SILK ROAD,大唐西市,1.97,"2,000",Equity,Equity Securities (Main Board),0.246,0.255,0.255,0.243,98000,0.02,0.257,0.262,-4.35,-5.96,-3.53,-8.89,-8.89,0.73,1.68,6.98,0.73,1.68,-65.07,-84.82,-96.35,66.3,85.36,False,False,False,False,False,False,False,False,False,2026-09-24
0621,0621.HK,TAUNG GOLD,坛金矿业,8.17,"5,000",Equity,Equity Securities (Main Board),0.45,0.45,0.465,0.445,2184000,0.98,0.468,0.467,-3.85,-3.74,0.0,-8.16,1.12,0.76,0.9,1.35,0.76,0.9,-38.82,-48.33,-65.56,40.79,50.0,False,False,False,False,False,False,False,False,False,2026-09-24
0622,0622.HK,OSHIDORI,威华达控股,215.6,"3,000",Equity,Equity Securities (Main Board),3.105,3.1,3.16,3.075,17786914,55.23,3.071,3.039,1.11,2.17,0.49,-1.11,3.5,3.23,3.23,3.23,3.23,3.23,-2.17,-2.17,-2.17,3.87,3.87,False,False,False,False,False,False,False,True,True,2026-09-24
0623,0623.HK,GOLDENBRIDGE GP,金桥集团控股,8.64,"1,000",Equity,Equity Securities (Main Board),1.895,1.885,1.895,1.885,11000,0.02,1.899,1.992,-0.21,-4.89,0.53,-0.79,-1.56,2.3,3.17,3.17,2.3,3.17,-17.61,-40.22,-40.22,17.61,40.22,False,False,False,False,False,False,False,False,False,2026-09-24
0625,0625.HK,SHEIN-W,希音－Ｗ,1058.6,100,Equity,Equity Securities (Main Board),37.4,37.84,38.18,37.08,321700,12.03,37.576,38.056,-0.47,-1.72,-1.16,0.86,-5.7,48.56,48.56,48.56,48.56,48.56,-21.38,-21.38,-21.38,22.98,22.98,False,False,False,False,False,False,False,False,False,2026-09-24
0626,0626.HK,PUBLIC FIN HOLD,大众金融控股,24.1,"2,000",Equity,Equity Securities (Main Board),2.195,2.2,2.205,2.18,1331000,2.92,2.207,2.212,-0.54,-0.77,-0.45,-0.68,-1.13,2.32,2.32,3.81,2.32,2.32,-4.96,-4.96,-42.13,5.39,5.39,False,False,False,False,False,False,False,True,True,2026-09-24
0627,0627.HK,VISION SYNERGY,共生智筑,11.29,"20,000",Equity,Equity Securities (Main Board),0.795,0.58,0.81,0.54,369800,0.29,0.62,0.545,28.23,45.74,13.57,65.63,63.92,0.83,1.97,187.0,0.83,1.97,-2.41,-58.88,-99.57,4.22,59.64,True,False,False,True,False,False,False,True,False,2026-09-24
0628,0628.HK,TONGTONG AI SOC,通通ＡＩ社交,14.3,"2,000",Equity,Equity Securities (Main Board),0.275,0.27,0.3,0.265,5884000,1.62,0.271,0.261,1.48,5.2,0.0,3.77,10.0,0.6,0.6,1.48,0.6,0.6,-50.0,-50.0,-79.73,54.17,54.17,False,False,False,False,False,False,False,False,False,2026-09-24
0630,0630.HK,AMCO UNITED,隽泰控股,2.03,"10,000",Equity,Equity Securities (Main Board),0.21,0.19,0.21,0.19,330000,0.07,0.216,0.205,-2.96,2.24,21.39,-19.23,19.32,0.31,0.43,4.5,0.31,0.43,-32.26,-50.59,-95.33,32.26,50.59,False,False,False,False,False,False,False,False,False,2026-09-24
0631,0631.HK,SANY INT'L,三一国际,271.4,"1,000",Equity,Equity Securities (Main Board),8.25,8.18,8.3,8.0,11594049,95.65,8.433,8.869,-2.17,-6.98,0.73,-4.68,-4.29,16.24,16.24,16.24,16.24,16.24,-48.89,-48.89,-48.89,49.2,49.2,False,False,False,False,False,False,False,False,False,2026-09-24
0632,0632.HK,CHK OIL,中港石油,1.69,"2,000",Equity,Equity Securities (Main Board),0.177,0.182,0.182,0.177,1380000,0.24,0.181,0.182,-2.21,-2.96,-1.12,-3.8,-3.28,1.12,1.12,7.25,1.12,1.12,-83.75,-83.75,-97.49,84.2,84.2,False,False,False,False,False,False,False,False,False,2026-09-24
0636,0636.HK,KLN,KLN,104.2,500,Equity,Equity Securities (Main Board),5.765,5.785,5.82,5.76,410340,2.37,5.85,5.906,-1.45,-2.4,-0.52,-3.11,-1.62,7.45,9.79,27.15,7.45,9.79,-21.88,-40.55,-78.56,22.62,41.11,False,False,False,False,False,False,False,False,False,2026-09-24
0637,0637.HK,LEE KEE,利记,1.41,"2,000",Equity,Equity Securities (Main Board),0.17,0.177,0.177,0.17,20000,0.0,0.175,0.175,-2.97,-3.13,-3.95,-3.41,-1.73,0.31,0.31,0.84,0.31,0.31,-43.81,-43.81,-78.93,46.03,46.03,False,False,False,False,False,False,False,False,False,2026-09-24
0639,0639.HK,SHOUGANG RES,首钢资源,140.0,"2,000",Equity,Equity Securities (Main Board),2.75,2.755,2.77,2.71,7186691,19.76,2.768,2.854,-0.65,-3.64,-0.54,-1.43,-4.84,3.5,3.64,3.86,3.5,3.64,-20.86,-23.9,-28.24,21.43,24.45,False,False,False,False,False,False,False,False,False,2026-09-24
0643,0643.HK,CARRY WEALTH,恒富控股,1.51,"10,000",Equity,Equity Securities (Main Board),0.168,0.166,0.168,0.163,330000,0.06,0.173,0.174,-2.67,-3.45,-3.45,-6.15,-1.18,0.34,0.97,1.4,0.34,0.97,-51.3,-82.68,-88.0,51.3,82.68,False,False,False,False,False,False,False,False,False,2026-09-24
0645,0645.HK,ARES ASIA,安域亚洲,1.08,"2,000",Equity,Equity Securities (Main Board),0.21,0.21,0.21,0.21,30000,0.01,0.196,0.193,7.36,9.03,9.37,9.37,9.37,0.2,0.32,1.72,0.21,0.32,5.0,-34.38,-87.8,0.0,34.38,False,False,False,False,True,False,False,True,False,2026-09-24
0646,0646.HK,CHINA ENV TEC,中国环保科技,0.84,"8,000",Equity,Equity Securities (Main Board),0.246,0.28,0.28,0.245,562000,0.14,0.244,0.259,0.74,-4.87,-3.53,9.33,-5.38,0.4,0.45,6.2,0.4,0.45,-29.11,-37.78,-95.48,37.72,45.33,False,False,False,False,False,False,False,False,False,2026-09-24
0648,0648.HK,SOFTMEDX,京玖康疗,0.54,"1,000",Equity,Equity Securities (Main Board),0.505,0.485,0.51,0.37,342038,0.17,0.511,0.518,-1.17,-2.6,2.02,-4.72,-0.98,23.0,23.0,29.6,23.0,23.0,-97.78,-97.78,-98.28,97.8,97.8,False,False,False,False,False,False,False,False,False,2026-09-24
0650,0650.HK,PRODUCTIVE TECH,普达特科技,14.16,"2,000",Equity,Equity Securities (Main Board),0.191,0.193,0.193,0.19,984000,0.19,0.195,0.192,-1.85,-0.62,-1.04,-3.05,0.0,0.9,0.9,3.11,0.9,0.9,-78.56,-78.56,-93.79,78.78,78.78,False,False,False,False,False,False,False,False,False,2026-09-24
0655,0655.HK,HK CHINESE LTD,香港华人有限公司,8.39,"2,000",Equity,Equity Securities (Main Board),0.42,0.42,0.42,0.415,117020,0.05,0.42,0.419,-0.0,0.12,0.0,0.0,2.44,0.53,0.53,1.6,0.53,0.53,-20.75,-20.75,-73.75,20.75,20.75,False,False,False,False,False,False,False,False,False,2026-09-24
0656,0656.HK,FOSUN INTL,复星国际,397.41,500,Equity,Equity Securities (Main Board),4.89,4.97,4.98,4.845,2957000,14.46,5.02,5.014,-2.59,-2.47,-2.3,-4.4,-2.2,5.66,6.81,20.2,5.66,6.81,-12.09,-26.87,-75.35,13.68,28.19,False,False,False,False,False,False,False,False,False,2026-09-24
0657,0657.HK,G-VISION INT'L,环科国际,0.74,"2,000",Equity,Equity Securities (Main Board),0.038,0.038,0.038,0.038,2000,0.0,0.042,0.04,-8.65,-5.0,-11.63,-13.64,-5.0,0.05,0.06,0.38,0.05,0.06,-30.91,-34.48,-90.13,30.91,34.48,False,False,False,False,False,False,False,False,False,2026-09-24
0658,0658.HK,C TRANSMISSION,中国高速传动,17.42,"1,000",Equity,Equity Securities (Main Board),1.065,1.065,1.07,1.065,17000,0.02,1.06,1.056,0.47,0.8,0.0,0.47,0.95,2.56,2.56,13.82,2.56,2.56,-58.2,-58.2,-92.26,58.4,58.4,False,False,False,False,False,False,False,False,False,2026-09-24
0659,0659.HK,CTF SERVICES,周大福创建,360.05,"1,000",Equity,Equity Securities (Main Board),7.885,7.9,7.9,7.81,838300,6.61,7.881,7.84,0.05,0.57,0.06,-0.13,1.61,9.57,9.57,19.91,9.57,9.57,-17.45,-17.45,-60.32,17.61,17.61,False,False,False,True,False,False,False,False,False,2026-09-24
0660,0660.HK,WAI CHUN BIOTEC,玮俊生物科技,1.54,"20,000",Equity,Equity Securities (Main Board),0.4,0.42,0.435,0.4,200500,0.08,0.43,0.435,-6.98,-8.05,-5.88,-9.09,-9.09,2.33,2.33,11.2,2.33,2.33,-81.33,-81.33,-96.12,82.83,82.83,False,False,False,False,False,False,False,False,False,2026-09-24
0661,0661.HK,CDAYENONFER,中国大冶有色金属,24.87,"2,000",Equity,Equity Securities (Main Board),0.139,0.139,0.14,0.135,7674000,1.07,0.139,0.139,0.29,-0.29,0.0,0.72,0.72,0.24,0.24,0.24,0.24,0.24,-41.42,-41.42,-41.42,41.84,41.84,False,False,False,False,False,False,False,False,False,2026-09-24
0664,0664.HK,TONGSHIFU,铜师傅,7.59,100,Equity,Equity Securities (Main Board),12.19,12.4,12.4,12.19,2700,0.03,12.484,12.441,-2.36,-2.02,-1.69,-5.87,-2.4,42.0,42.0,42.0,42.0,42.0,-70.48,-70.48,-70.48,70.98,70.98,False,False,False,False,False,False,False,False,False,2026-09-24
0666,0666.HK,REPT BATTERO,瑞浦兰钧,81.67,200,Equity,Equity Securities (Main Board),8.74,8.945,8.945,8.735,2380798,20.81,9.097,9.127,-3.92,-4.24,-3.16,-5.21,-3.96,18.87,24.4,24.4,18.87,24.4,-52.6,-63.34,-63.34,53.68,64.18,False,False,False,False,False,False,False,False,False,2026-09-24
0667,0667.HK,CHINA EAST EDU,中国东方教育,83.96,500,Equity,Equity Securities (Main Board),3.785,3.825,3.855,3.755,1438500,5.44,3.856,3.884,-1.84,-2.55,-1.05,-3.07,-1.94,7.0,9.15,20.85,7.0,9.15,-44.93,-57.87,-81.51,45.93,58.63,False,False,False,False,False,False,False,False,False,2026-09-24
0669,0669.HK,TECHTRONIC IND,创科实业,2347.82,500,Equity,Equity Securities (Main Board),128.5,125.7,130.6,125.7,3882769,498.94,128.74,128.48,-0.19,0.02,-0.77,-0.54,0.0,150.0,150.0,180.0,150.0,150.0,-12.93,-12.93,-27.44,14.33,14.33,False,False,False,False,False,False,False,False,False,2026-09-24
0670,0670.HK,CHINA EAST AIR,中国东方航空股份,129.35,"2,000",Equity,Equity Securities (Main Board),2.555,2.62,2.62,2.52,10835058,27.68,2.596,2.586,-1.58,-1.18,-2.67,-2.11,0.79,6.4,6.4,7.43,6.4,6.4,-59.06,-59.06,-64.74,60.08,60.08,False,False,False,False,False,False,False,False,False,2026-09-24
0672,0672.HK,ZHONGAN GROUP,众安集团,3.89,"1,000",Equity,Equity Securities (Main Board),0.069,0.067,0.076,0.067,2251800,0.16,0.071,0.074,-2.82,-6.25,-1.43,-5.48,-5.48,0.13,0.21,1.4,0.13,0.21,-43.28,-63.64,-94.57,48.51,66.99,False,False,False,False,False,False,False,False,False,2026-09-24
0675,0675.HK,K & P INT'L,坚宝国际,0.95,"2,000",Equity,Equity Securities (Main Board),0.355,0.355,0.355,0.355,22000,0.01,0.354,0.353,0.28,0.42,0.0,1.43,1.43,0.43,0.52,1.49,0.43,0.52,-17.44,-31.73,-76.17,17.44,31.73,False,False,False,False,False,False,False,False,False,2026-09-24
0676,0676.HK,PEGASUS INT'L,创信国际,7.31,"2,000",Equity,Equity Securities (Main Board),1.0,1.0,1.0,1.0,4000,0.0,1.012,1.011,-1.19,-1.09,-0.99,-1.96,-0.99,1.03,1.2,2.35,1.03,1.2,-2.91,-16.67,-57.45,2.91,16.67,False,False,False,False,False,False,False,True,False,2026-09-24
0677,0677.HK,GOLDEN RES DEV,金源发展国际实业,6.54,"2,000",Equity,Equity Securities (Main Board),0.385,0.365,0.385,0.36,160000,0.06,0.371,0.371,3.77,3.91,5.48,4.05,4.05,0.41,0.68,1.65,0.41,0.68,-7.23,-43.38,-76.67,7.23,43.38,False,False,False,True,False,False,False,True,False,2026-09-24
0679,0679.HK,ASIA TELE-NET,亚洲联网科技,18.94,"5,000",Equity,Equity Securities (Main Board),5.0,5.15,5.21,4.9,1050000,5.25,5.107,4.995,-2.1,0.1,-2.91,-4.58,3.41,21.2,21.2,21.2,21.2,21.2,-75.42,-75.42,-75.42,76.42,76.42,False,False,False,False,False,False,False,False,False,2026-09-24
0681,0681.HK,CHI PEOPLE HOLD,中民控股,2.59,"2,000",Equity,Equity Securities (Main Board),0.029,0.028,0.029,0.028,4070000,0.12,0.029,0.03,-0.68,-2.03,-3.33,0.0,-3.33,0.05,0.05,0.15,0.05,0.05,-45.28,-45.28,-80.14,45.28,45.28,False,False,False,False,False,False,False,False,False,2026-09-24
0683,0683.HK,KERRY PPT,嘉里建设,252.67,500,Equity,Equity Securities (Main Board),17.41,17.25,17.45,17.21,635500,11.06,17.496,17.499,-0.49,-0.51,0.35,-1.14,0.69,26.1,26.1,44.9,26.1,26.1,-33.14,-33.14,-61.14,33.3,33.3,False,False,False,False,False,False,False,False,False,2026-09-24
0684,0684.HK,ALLAN INT'L,亚伦国际,1.37,"2,000",Equity,Equity Securities (Main Board),0.41,0.41,0.41,0.41,66000,0.03,0.412,0.42,-0.49,-2.38,0.0,2.5,1.23,0.61,1.24,2.5,0.61,1.24,-32.79,-66.94,-83.6,32.79,66.94,False,False,False,False,False,False,False,False,False,2026-09-24
0685,0685.HK,MEDIA CHINESE,世界华文媒体,2.92,"1,000",Equity,Equity Securities (Main Board),0.18,0.17,0.17,0.17,5000,0.0,0.184,0.185,-2.17,-2.7,-2.7,-2.7,-2.7,0.25,0.34,3.69,0.25,0.34,-32.0,-50.72,-95.39,28.0,47.83,False,False,False,False,False,False,False,False,False,2026-09-24
0686,0686.HK,BJ ENERGY INTL,北京能源国际,13.08,"2,000",Equity,Equity Securities (Main Board),0.595,0.59,0.59,0.58,57600,0.03,0.593,0.624,0.34,-4.65,0.85,-0.83,-0.83,1.36,2.48,13.6,1.36,2.48,-56.62,-76.21,-95.66,56.25,76.01,False,False,False,False,False,False,False,False,False,2026-09-24
0688,0688.HK,CHINA OVERSEAS,中国海外发展,1376.87,500,Equity,Equity Securities (Main Board),12.58,12.52,12.69,12.46,21663770,272.53,12.452,12.321,1.03,2.1,-0.47,1.37,5.18,16.7,18.58,32.2,16.7,18.58,-24.01,-31.7,-60.59,24.67,32.29,False,False,False,False,False,False,False,False,False,2026-09-24
0689,0689.HK,EPI (HOLDINGS),长盈集团（控股）,2.68,"15,000",Equity,Equity Securities (Main Board),0.144,0.148,0.148,0.145,360000,0.05,0.146,0.145,-1.1,-0.48,0.0,-3.36,-0.69,0.36,0.39,10.6,0.36,0.39,-58.89,-62.05,-98.6,60.0,63.08,False,False,False,False,False,False,False,False,False,2026-09-24
0690,0690.HK,UNI-BIO GROUP,联康生物科技集团,4.18,"20,000",Equity,Equity Securities (Main Board),0.07,0.069,0.07,0.067,860000,0.06,0.071,0.073,-1.96,-3.45,-1.41,-1.41,-4.11,0.13,0.17,0.23,0.13,0.17,-44.88,-58.33,-69.57,44.88,58.33,False,False,False,False,False,False,False,False,False,2026-09-24
0691,0691.HK,SHANSHUI CEMENT,山水水泥,11.32,"1,000",Equity,Equity Securities (Main Board),0.26,0.25,0.25,0.245,22000,0.01,0.27,0.263,-3.7,-0.99,-5.45,-5.45,-8.77,0.62,1.09,6.29,0.62,1.09,-59.68,-77.06,-96.03,58.06,76.15,False,False,False,False,False,False,False,False,False,2026-09-24
0694,0694.HK,BEIJING AIRPORT,北京首都机场股份,27.91,"2,000",Equity,Equity Securities (Main Board),1.485,1.475,1.495,1.45,2423680,3.6,1.472,1.498,0.88,-0.87,0.0,0.34,-1.98,2.77,3.73,14.1,2.77,3.73,-46.03,-59.92,-89.4,46.39,60.19,False,False,True,False,False,False,False,False,False,2026-09-24
0695,0695.HK,DONGWU CEMENT,东吴水泥,41.21,"2,000",Equity,Equity Securities (Main Board),7.465,7.52,7.52,7.3,540000,4.03,7.651,7.728,-2.43,-3.4,-0.86,-3.68,-3.11,10.06,10.06,10.06,10.06,10.06,-25.25,-25.25,-25.25,25.8,25.8,False,False,False,False,False,False,False,False,False,2026-09-24
0696,0696.HK,TRAVELSKY TECH,中国民航信息网络,81.6,"1,000",Equity,Equity Securities (Main Board),8.75,8.8,8.825,8.69,2104908,18.42,8.747,8.711,0.03,0.44,-0.46,-0.06,0.92,11.24,14.04,28.0,11.24,14.04,-21.49,-37.14,-68.48,22.15,37.68,False,False,True,True,False,False,False,False,False,2026-09-24
0697,0697.HK,SHOUCHENG,首程控股,102.47,"2,000",Equity,Equity Securities (Main Board),1.29,1.345,1.345,1.285,28056000,36.19,1.326,1.336,-2.71,-3.44,-4.09,-3.73,-3.37,2.43,2.68,2.88,2.43,2.68,-44.65,-49.81,-53.3,46.91,51.87,False,False,False,False,False,False,False,False,False,2026-09-24
0698,0698.HK,TONGDA GROUP,通达集团,4.4,"1,000",Equity,Equity Securities (Main Board),2.26,2.335,2.43,2.26,37400,0.08,2.388,2.376,-5.36,-4.88,-7.76,-5.83,-7.0,4.01,8.6,135.82,4.01,8.6,-39.4,-71.74,-98.21,43.64,73.72,False,False,False,False,False,False,False,False,False,2026-09-24
0700,0700.HK,TENCENT,腾讯控股,39873.06,100,Equity,Equity Securities (Main Board),438.4,435.0,439.8,433.4,14278044,6259.49,436.0,433.72,0.55,1.08,-0.59,1.95,2.91,639.0,683.0,714.9,639.0,683.0,-31.17,-35.61,-38.48,31.39,35.81,False,False,False,True,False,False,False,False,False,2026-09-24
0701,0701.HK,CNT GROUP,CNT GROUP,1.75,"2,000",Equity,Equity Securities (Main Board),0.092,0.093,0.093,0.092,30000,0.0,0.093,0.093,-0.86,-0.86,-1.08,-1.08,-1.08,0.29,0.36,0.84,0.29,0.36,-68.47,-74.17,-88.93,68.81,74.44,False,False,False,False,False,False,False,False,False,2026-09-24
0703,0703.HK,FUTURE BRIGHT,FUTURE BRIGHT,0.69,"6,000",Equity,Equity Securities (Main Board),0.099,0.098,0.098,0.098,11387,0.0,0.107,0.101,-7.13,-1.98,-5.71,-11.61,4.21,0.14,0.29,1.37,0.14,0.29,-30.0,-66.78,-92.85,29.29,66.44,False,False,False,False,False,False,False,False,False,2026-09-24
0709,0709.HK,GIORDANO INT'L,佐丹奴国际,21.09,"2,000",Equity,Equity Securities (Main Board),1.305,1.31,1.31,1.305,310000,0.4,1.313,1.331,-0.61,-1.92,-0.38,-0.76,-1.51,1.55,2.74,5.35,1.55,2.74,-15.48,-52.19,-75.51,15.81,52.37,False,False,False,False,False,False,False,False,False,2026-09-24
0710,0710.HK,BOE VARITRONIX,京东方精电,32.06,"1,000",Equity,Equity Securities (Main Board),4.05,4.095,4.1,4.01,1276000,5.17,4.06,3.966,-0.25,2.13,-1.22,0.0,3.05,5.64,8.83,20.5,5.64,8.83,-27.3,-53.57,-80.0,28.19,54.13,False,False,False,False,False,False,False,False,False,2026-09-24
0712,0712.HK,COMTEC SOLAR,卡姆丹克太阳能,0.64,"10,000",Equity,Equity Securities (Main Board),0.06,0.06,0.06,0.06,720500,0.04,0.065,0.062,-7.41,-2.6,-7.69,-7.69,1.69,0.14,0.27,1.92,0.14,0.27,-55.56,-77.78,-96.88,55.56,77.78,False,False,False,False,False,False,False,False,False,2026-09-24
0713,0713.HK,WORLD HOUSEWARE,世界（集团）,2.53,"2,000",Equity,Equity Securities (Main Board),0.32,0.315,0.32,0.3,390000,0.12,0.324,0.322,-1.23,-0.47,0.0,0.0,1.59,0.45,0.72,1.21,0.45,0.72,-28.89,-55.56,-73.55,28.89,55.56,False,False,False,False,False,False,False,False,False,2026-09-24
0716,0716.HK,SINGAMAS CONT,胜狮货柜,8.93,"2,000",Equity,Equity Securities (Main Board),0.375,0.385,0.385,0.37,3584000,1.34,0.381,0.395,-1.57,-5.06,-2.6,-1.32,-7.41,0.72,1.03,2.05,0.72,1.03,-46.53,-62.62,-81.22,47.92,63.59,False,False,False,False,False,False,False,False,False,2026-09-24
0717,0717.HK,EMPEROR CAPITAL,英皇资本,3.91,"6,000",Equity,Equity Securities (Main Board),0.058,0.059,0.059,0.058,984000,0.06,0.06,0.062,-2.68,-6.75,0.0,-4.92,-9.38,0.1,0.16,0.86,0.1,0.16,-43.27,-62.42,-93.14,44.23,63.06,False,False,False,False,False,False,False,False,False,2026-09-24
0719,0719.HK,SHANDONG XINHUA,山东新华制药股份,11.25,"2,000",Equity,Equity Securities (Main Board),5.77,5.78,5.965,5.76,1336000,7.71,5.886,5.669,-1.97,1.78,-0.09,-8.56,6.26,7.25,9.46,17.0,7.25,9.46,-17.72,-36.95,-64.91,20.41,39.01,False,False,False,False,False,False,False,False,False,2026-09-24
0720,0720.HK,AUTO ITALIA,意达利控股,15.97,"25,000",Equity,Equity Securities (Main Board),0.26,0.255,0.26,0.255,550000,0.14,0.262,0.266,-0.76,-2.44,0.0,-1.89,-3.7,0.45,0.45,0.45,0.45,0.45,-42.22,-42.22,-42.22,42.22,42.22,False,False,False,False,False,False,False,False,False,2026-09-24
0721,0721.HK,C FIN INT INV,中国金融国际,2.59,"10,000",Equity,Investment Companies,0.118,0.1,0.118,0.099,220000,0.03,0.11,0.112,6.88,5.08,7.27,9.26,4.42,0.51,1.7,2.6,0.51,1.7,-77.09,-93.06,-95.46,77.09,93.06,True,False,True,True,False,False,False,False,False,2026-09-24
0722,0722.HK,UMP,联合医务,3.45,"2,000",Equity,Equity Securities (Main Board),0.425,0.42,0.425,0.41,28000,0.01,0.414,0.407,2.66,4.42,-4.49,6.25,6.25,0.5,0.71,4.31,0.5,0.71,-14.14,-40.14,-90.14,14.14,40.14,False,False,True,False,False,False,False,False,False,2026-09-24
0723,0723.HK,RELIANCE GLO HL,信保环球控股,2.79,"30,000",Equity,Equity Securities (Main Board),0.255,0.25,0.255,0.25,270000,0.07,0.255,0.258,0.0,-1.16,2.0,0.0,-3.77,0.35,0.57,1.35,0.35,0.57,-27.14,-55.26,-81.11,27.14,55.26,False,False,False,False,False,False,False,False,False,2026-09-24
0726,0726.HK,DIT GROUP,筑友智造科技,1.18,"5,000",Equity,Equity Securities (Main Board),0.038,0.037,0.038,0.037,15000,0.0,0.04,0.036,-4.52,4.4,0.0,-5.0,15.15,0.06,0.22,1.8,0.06,0.22,-32.14,-82.65,-97.89,32.14,82.65,False,False,False,False,False,False,False,False,False,2026-09-24
0727,0727.HK,SINOPROS CORP,中国丰汇,5.47,"10,000",Equity,Equity Securities (Main Board),0.43,0.42,0.43,0.42,50000,0.02,0.479,0.475,-10.23,-9.57,-5.49,-14.85,-14.85,0.99,4.38,46.8,0.99,4.38,-56.57,-90.18,-99.08,56.57,90.18,False,False,False,False,False,False,False,False,False,2026-09-24
0728,0728.HK,CHINA TELECOM,中国电信,611.99,"2,000",Equity,Equity Securities (Main Board),4.41,4.4,4.42,4.38,9614000,42.4,4.42,4.473,-0.23,-1.41,0.11,-0.11,-1.89,5.89,6.98,6.98,5.89,6.98,-24.96,-36.68,-36.68,25.13,36.82,False,False,False,False,False,False,False,False,False,2026-09-24
0730,0730.HK,CAPITAL IND-NEW,首惠产业金融－新,4.9,"1,000",Equity,Equity Securities (Main Board),6.2,6.25,6.25,5.85,43540,0.27,6.166,6.061,0.55,2.29,-2.05,0.0,3.77,7.0,8.45,18.25,7.0,8.45,-10.71,-26.04,-65.75,11.43,26.63,False,False,False,True,False,False,False,False,False,2026-09-24
0731,0731.HK,C&D NEWIN,建发新胜,3.89,"20,000",Equity,Equity Securities (Main Board),0.275,0.285,0.285,0.25,240000,0.07,0.286,0.288,-3.85,-4.68,-5.17,-1.79,-6.78,0.76,0.76,7.6,0.76,0.76,-62.5,-62.5,-96.25,63.82,63.82,False,False,False,False,False,False,False,False,False,2026-09-24
0732,0732.HK,TRULY INT'L,信利国际,23.35,"2,000",Equity,Equity Securities (Main Board),0.8,0.79,0.8,0.785,658000,0.53,0.792,0.805,1.01,-0.56,1.27,1.27,-0.62,1.12,1.34,4.18,1.12,1.34,-28.57,-40.3,-80.86,28.57,40.3,False,False,False,False,False,False,False,False,False,2026-09-24
0733,0733.HK,HOPEFLUENT,合富辉煌,1.25,"2,000",Equity,Equity Securities (Main Board),0.185,0.185,0.185,0.185,29040,0.01,0.182,0.182,1.76,1.87,2.21,2.21,2.21,0.32,1.53,4.6,0.32,1.53,-42.19,-87.91,-95.98,42.19,87.91,False,False,False,False,False,False,False,False,False,2026-09-24
0736,0736.HK,CHINA PPT INV,中国置业投资,0.83,"3,000",Equity,Equity Securities (Main Board),0.26,0.265,0.3,0.26,15000,0.0,0.248,0.212,5.01,22.64,4.0,-3.7,40.54,0.76,1.03,7.6,0.76,1.03,-60.53,-70.87,-96.05,65.79,74.76,False,False,False,False,False,False,False,False,False,2026-09-24
0737,0737.HK,BAY AREA DEV,湾区发展,63.14,500,Equity,Equity Securities (Main Board),1.895,1.93,1.93,1.89,5000,0.01,1.947,1.968,-2.67,-3.68,-1.81,-5.25,-5.49,2.02,2.02,5.2,2.02,2.02,-4.22,-4.22,-62.88,5.96,5.96,False,False,False,False,False,False,False,True,True,2026-09-24
0743,0743.HK,ASIA CEMENT CH,亚洲水泥（中国）,25.62,500,Equity,Equity Securities (Main Board),1.635,1.63,1.655,1.625,167500,0.27,1.983,2.026,-17.55,-19.32,-21.01,-21.01,-21.01,2.07,3.71,14.04,2.07,3.71,-20.05,-55.39,-88.21,21.01,55.93,False,False,False,False,False,False,False,False,False,2026-09-24
0745,0745.HK,CN CULTURE GP,中国国家文化产业,11.04,"2,000",Equity,Equity Securities (Main Board),4.71,4.695,4.71,4.68,198000,0.93,4.503,4.633,4.6,1.66,0.21,12.14,4.9,7.21,7.21,10.4,7.21,7.21,-34.67,-34.67,-54.71,34.67,34.67,True,False,False,False,False,False,False,False,False,2026-09-24
0746,0746.HK,L & M CHEMICAL,理文化工,36.05,"2,000",Equity,Equity Securities (Main Board),4.37,4.365,4.38,4.365,36000,0.16,4.407,4.427,-0.84,-1.3,-1.35,-1.8,-2.02,6.42,6.42,13.78,6.42,6.42,-31.78,-31.78,-68.21,31.93,31.93,False,False,False,False,False,False,False,False,False,2026-09-24
0750,0750.HK,SFSY ENERGY,水发兴业能源,4.79,"1,000",Equity,Equity Securities (Main Board),0.19,0.19,0.193,0.18,131000,0.02,0.185,0.185,2.7,2.59,0.0,1.6,2.7,0.27,0.5,4.48,0.27,0.5,-28.52,-61.4,-95.69,29.63,62.0,False,False,False,True,False,False,False,False,False,2026-09-24
0751,0751.HK,SKYWORTH GROUP,创维集团,66.6,"2,000",Equity,Equity Securities (Main Board),3.52,3.475,3.54,3.435,830000,2.92,3.572,3.743,-1.46,-5.96,1.44,-1.4,-8.81,7.59,7.59,7.59,7.59,7.59,-53.36,-53.36,-53.36,53.62,53.62,False,False,False,False,False,False,False,False,False,2026-09-24
0752,0752.HK,PICO FAR EAST,PICO FAR EAST,27.01,"2,000",Equity,Equity Securities (Main Board),2.115,2.125,2.13,2.115,18000,0.04,2.126,2.112,-0.52,0.14,-0.47,-1.17,1.2,2.96,2.96,3.54,2.96,2.96,-28.04,-28.04,-39.83,28.55,28.55,False,False,False,False,False,False,False,False,False,2026-09-24
0753,0753.HK,AIR CHINA,中国国航,185.09,"2,000",Equity,Equity Securities (Main Board),3.735,3.83,3.83,3.7,18601604,69.48,3.759,3.71,-0.64,0.67,-3.11,-0.4,3.03,7.77,7.77,12.86,7.77,7.77,-50.71,-50.71,-70.22,51.93,51.93,False,False,False,False,False,False,False,False,False,2026-09-24
0757,0757.HK,SOLARGIGA,阳光能源,1.83,"1,000",Equity,Equity Securities (Main Board),0.055,0.055,0.055,0.053,1358000,0.07,0.055,0.056,-0.36,-1.79,0.0,0.0,-1.79,0.1,0.19,0.75,0.1,0.19,-46.08,-71.35,-92.67,46.08,71.35,False,False,False,False,False,False,False,False,False,2026-09-24
0759,0759.HK,CEC INT'L HOLD,CEC INT'L HOLD,1.45,"2,000",Equity,Equity Securities (Main Board),0.218,0.202,0.218,0.201,98000,0.02,0.21,0.209,3.61,4.11,4.31,4.31,5.31,0.28,0.56,1.34,0.28,0.56,-20.73,-61.07,-83.73,20.73,61.07,False,False,False,True,False,False,False,False,False,2026-09-24
0762,0762.HK,CHINA UNICOM,中国联通,1707.38,"2,000",Equity,Equity Securities (Main Board),5.58,5.6,5.645,5.58,14247280,79.5,5.682,5.77,-1.8,-3.29,-0.71,-3.13,-4.7,8.28,11.56,13.24,8.28,11.56,-31.82,-51.17,-57.36,32.61,51.73,False,False,False,False,False,False,False,False,False,2026-09-24
0763,0763.HK,ZTE,中兴通讯,171.5,200,Equity,Equity Securities (Main Board),22.7,22.6,22.76,22.1,6826637,154.96,22.984,22.802,-1.24,-0.45,0.44,-3.57,1.16,32.1,46.46,46.46,32.1,46.46,-29.1,-51.01,-51.01,29.28,51.14,False,False,False,False,False,False,False,False,False,2026-09-24
0765,0765.HK,PERFECTECH INTL,PERFECTECH INTL,0.79,"2,000",Equity,Equity Securities (Main Board),0.162,0.162,0.162,0.162,20000,0.0,0.156,0.153,4.11,5.61,5.19,5.19,5.19,0.31,1.42,3.8,0.31,1.42,-46.89,-88.59,-95.74,46.89,88.59,False,False,False,False,False,False,False,False,False,2026-09-24
0767,0767.HK,ZHONG JI LS,中基长寿科学,2.99,"10,000",Equity,Equity Securities (Main Board),0.47,0.47,0.475,0.45,1800000,0.85,0.477,0.476,-1.47,-1.36,0.0,-4.08,-3.09,0.6,0.72,9.9,0.6,0.72,-20.17,-34.03,-95.2,21.01,34.72,False,False,False,False,False,False,False,False,False,2026-09-24
0768,0768.HK,UBA INVESTMENTS,开明投资,0.5,"2,000",Equity,Investment Companies,0.039,0.04,0.04,0.039,140000,0.01,0.042,0.04,-6.25,-2.99,-2.5,-9.3,2.63,0.05,0.1,0.2,0.05,0.1,-24.53,-60.0,-80.0,26.42,61.0,False,False,False,False,False,False,False,False,False,2026-09-24
0771,0771.HK,AUTOMATED SYS,自动系统,6.17,"2,000",Equity,Equity Securities (Main Board),0.735,0.705,0.735,0.7,170000,0.12,0.726,0.725,1.24,1.45,2.08,-0.68,4.26,0.99,1.09,2.3,0.99,1.09,-25.76,-32.57,-68.04,25.76,32.57,False,False,True,True,False,False,False,False,False,2026-09-24
0772,0772.HK,CHINA LIT,阅文集团,199.51,200,Equity,Equity Securities (Main Board),19.67,19.99,20.1,19.51,2540129,49.96,19.76,19.476,-0.46,1.0,-1.75,-0.66,4.02,44.68,46.88,110.0,44.68,46.88,-55.01,-57.12,-81.73,55.98,58.04,False,False,False,False,False,False,False,False,False,2026-09-24
0775,0775.HK,CKLIFE SCIENCES,长江生命科技,52.86,"2,000",Equity,Equity Securities (Main Board),0.55,0.55,0.555,0.545,657300,0.36,0.549,0.549,0.18,0.18,-0.9,0.92,0.92,0.89,1.1,1.34,0.89,1.1,-37.64,-49.55,-58.58,38.2,50.0,False,False,True,True,False,False,False,False,False,2026-09-24
0776,0776.HK,IMPERIUM TEC GP,帝国科技集团,1.63,"5,000",Equity,Equity Securities (Main Board),0.242,0.231,0.246,0.23,435000,0.11,0.243,0.238,-0.58,1.51,2.98,-6.92,4.76,1.34,9.87,34.7,1.34,9.87,-81.64,-97.51,-99.29,81.94,97.55,False,False,False,False,False,False,False,False,False,2026-09-24
0777,0777.HK,NETDRAGON,网龙,39.96,500,Equity,Equity Securities (Main Board),7.595,7.61,7.795,7.5,1052000,7.99,7.576,7.668,0.25,-0.95,-0.52,2.57,-6.23,12.08,16.8,34.35,12.08,16.8,-35.47,-53.6,-77.31,37.13,54.79,False,False,False,False,False,False,False,False,False,2026-09-24
0780,0780.HK,TONGCHENGTRAVEL,同程旅行,242.49,400,Equity,Equity Securities (Main Board),10.3,10.5,10.5,10.2,4705180,48.46,10.508,10.557,-1.98,-2.43,-2.18,-1.53,-2.18,25.42,25.42,25.42,25.42,25.42,-58.69,-58.69,-58.69,59.48,59.48,False,False,False,False,False,False,False,False,False,2026-09-24
0784,0784.HK,AILIFE INTL,爱生命国际,4.44,"10,000",Equity,Equity Securities (Main Board),0.555,0.58,0.58,0.555,770000,0.43,0.586,0.59,-5.29,-5.85,-5.13,-7.5,-4.31,1.35,1.35,3.07,1.35,1.35,-57.04,-57.04,-81.11,58.89,58.89,False,False,False,False,False,False,False,False,False,2026-09-24
0788,0788.HK,CHINA TOWER,中国铁塔,416.01,500,Equity,Equity Securities (Main Board),8.915,8.975,8.98,8.91,24009496,214.04,8.996,9.019,-0.9,-1.15,-0.67,-1.6,-1.44,11.76,12.85,23.3,11.76,12.85,-23.64,-30.12,-61.46,24.19,30.62,False,False,False,False,False,False,False,False,False,2026-09-24
0789,0789.HK,ARTINI HLDG,雅天妮集团,3.05,"5,000",Equity,Equity Securities (Main Board),1.15,1.15,1.15,1.145,98000,0.11,1.002,0.969,14.77,18.68,15.0,21.05,19.79,2.33,4.5,4.5,2.33,4.5,-50.54,-74.44,-74.44,50.54,74.44,False,False,False,False,False,False,False,False,False,2026-09-24
0797,0797.HK,7ROAD,第七大道,25.46,"2,000",Equity,Equity Securities (Main Board),1.015,1.03,1.055,0.96,1408000,1.43,1.058,1.083,-4.06,-6.28,-1.46,-5.58,-8.14,1.89,3.2,3.34,1.89,3.2,-44.18,-67.03,-68.41,46.3,68.28,False,False,False,False,False,False,False,False,False,2026-09-24
0798,0798.HK,CEOVU,中电光谷,9.56,"4,000",Equity,Equity Securities (Main Board),0.129,0.129,0.129,0.129,24000,0.0,0.134,0.136,-3.73,-4.87,0.0,-8.51,-7.19,0.23,0.47,0.91,0.23,0.47,-44.4,-72.55,-85.82,44.4,72.55,False,False,False,False,False,False,False,False,False,2026-09-24
0799,0799.HK,IGG,IGG,34.64,"1,000",Equity,Equity Securities (Main Board),3.025,3.055,3.055,3.02,912000,2.76,3.07,3.075,-1.47,-1.63,-1.94,-3.2,-1.79,4.02,5.82,15.12,4.02,5.82,-24.0,-47.51,-79.79,24.75,48.02,False,False,False,False,False,False,False,False,False,2026-09-24
0800,0800.HK,WERIDE-W,文远知行－Ｗ,146.8,100,Equity,Equity Securities (Main Board),15.75,15.33,15.75,15.14,1431900,22.55,15.106,15.208,4.26,3.56,0.77,8.7,6.06,25.98,25.98,25.98,25.98,25.98,-39.38,-39.38,-39.38,39.38,39.38,True,False,False,True,False,False,False,False,False,2026-09-24
0804,0804.HK,PINESTONE,鼎石资本,10.66,"5,000",Equity,Equity Securities (Main Board),15.5,15.04,16.27,14.7,1135000,17.59,14.946,14.473,3.71,7.1,1.31,7.27,8.09,16.78,16.78,101.0,16.78,16.78,-3.04,-3.04,-83.89,7.63,7.63,True,False,False,False,False,False,False,True,True,2026-09-24
0805,0805.HK,NEW GONOW RV,新吉奥房车,87.12,"2,000",Equity,Equity Securities (Main Board),9.075,9.53,9.655,8.7,4780000,43.38,9.366,9.286,-3.11,-2.27,-4.17,-3.25,-4.47,10.26,10.26,10.26,10.26,10.26,-5.9,-5.9,-5.9,11.55,11.55,False,False,False,False,False,False,False,False,False,2026-09-24
0806,0806.HK,VALUE PARTNERS,惠理集团,36.26,"1,000",Equity,Equity Securities (Main Board),1.985,1.985,1.985,1.98,334000,0.66,1.986,1.987,-0.05,-0.1,-0.25,0.25,1.02,2.72,3.03,10.28,2.72,3.03,-27.02,-34.49,-80.69,27.02,34.49,False,False,False,False,False,False,False,False,False,2026-09-24
0809,0809.HK,GLOBAL BIO-CHEM,大成生化科技,6.3,"10,000",Equity,Equity Securities (Main Board),0.375,0.375,0.375,0.375,10000,0.0,0.373,0.372,0.54,0.81,1.35,0.0,1.35,0.75,1.36,6.9,0.75,1.36,-50.0,-72.43,-94.57,50.0,72.43,False,False,False,False,False,False,False,False,False,2026-09-24
0811,0811.HK,XINHUA WINSHARE,新华文轩,36.61,"1,000",Equity,Equity Securities (Main Board),8.285,8.345,8.825,8.27,17595000,145.77,8.197,8.106,1.07,2.21,-0.78,2.79,3.56,11.15,12.4,12.4,11.15,12.4,-20.85,-28.83,-28.83,25.7,33.19,False,False,False,False,False,False,False,False,False,2026-09-24
0813,0813.HK,SHIMAO GROUP,世茂集团,4.05,500,Equity,Equity Securities (Main Board),0.039,0.038,0.04,0.037,48979500,1.91,0.037,0.038,4.28,2.63,5.41,5.41,2.63,0.28,3.54,38.28,0.28,3.54,-85.45,-98.87,-99.9,85.82,98.9,False,False,False,True,False,False,False,False,False,2026-09-24
0815,0815.HK,CHI SILVER GP,中国白银集团,9.0,"2,000",Equity,Equity Securities (Main Board),0.228,0.231,0.237,0.226,9890000,2.25,0.234,0.235,-2.56,-2.81,-2.15,-3.8,-0.87,0.86,0.93,2.8,0.86,0.93,-72.44,-74.52,-91.54,73.49,75.48,False,False,False,False,False,False,False,False,False,2026-09-24
0816,0816.HK,JINMAO SERVICES,金茂服务,19.44,500,Equity,Equity Securities (Main Board),2.15,2.12,2.17,2.105,185000,0.4,2.15,2.161,0.0,-0.49,-0.69,-0.69,-0.23,2.83,3.55,7.4,2.83,3.55,-23.32,-38.87,-70.68,24.03,39.44,False,False,True,False,False,False,False,False,False,2026-09-24
0817,0817.HK,CHINA JINMAO,中国金茂,164.18,"2,000",Equity,Equity Securities (Main Board),1.215,1.235,1.235,1.205,38692000,47.01,1.235,1.22,-1.62,-0.41,-1.62,-3.19,2.1,2.04,2.04,6.23,2.04,2.04,-39.46,-39.46,-80.16,40.44,40.44,False,False,False,False,False,False,False,False,False,2026-09-24
0818,0818.HK,HI SUN TECH,高阳科技,9.02,"3,000",Equity,Equity Securities (Main Board),0.325,0.32,0.325,0.32,297000,0.1,0.331,0.331,-1.81,-1.96,0.0,-5.8,-2.99,0.54,0.73,3.25,0.54,0.73,-39.81,-55.48,-90.0,39.81,55.48,False,False,False,False,False,False,False,False,False,2026-09-24
0819,0819.HK,TIANNENG POWER,天能动力,43.69,"2,000",Equity,Equity Securities (Main Board),3.88,3.91,3.92,3.865,2434000,9.44,3.931,3.933,-1.3,-1.34,-1.52,-1.9,-0.39,8.35,9.89,22.55,8.35,9.89,-53.05,-60.36,-82.62,53.53,60.77,False,False,False,False,False,False,False,False,False,2026-09-24
0821,0821.HK,VC HOLDINGS,汇盈控股,1.45,"8,000",Equity,Equity Securities (Main Board),0.39,0.38,0.38,0.38,20800,0.01,0.39,0.405,-0.0,-3.7,0.0,-1.27,-8.24,0.52,1.89,33.9,0.52,1.89,-27.62,-79.89,-98.88,25.71,79.37,False,False,False,False,False,False,False,False,False,2026-09-24
0822,0822.HK,KA SHUI INT'L,嘉瑞国际,2.68,"2,000",Equity,Equity Securities (Main Board),0.3,0.29,0.305,0.285,120000,0.04,0.311,0.308,-3.54,-2.6,-3.23,-4.76,-3.23,0.44,0.44,1.32,0.44,0.44,-30.68,-30.68,-76.89,31.82,31.82,False,False,False,False,False,False,False,False,False,2026-09-24
0825,0825.HK,NWDS CHINA,新世界百货中国,4.47,"1,000",Equity,Equity Securities (Main Board),0.265,0.27,0.27,0.26,4000,0.0,0.268,0.268,-1.12,-1.3,0.0,-1.85,0.0,0.42,0.62,2.19,0.42,0.62,-35.71,-56.45,-87.67,36.9,57.26,False,False,False,False,False,False,False,False,False,2026-09-24
0826,0826.HK,TIANGONG INT'L,天工国际,81.89,"2,000",Equity,Equity Securities (Main Board),3.005,3.05,3.05,2.95,7364000,22.13,3.07,3.131,-2.12,-4.02,-0.5,-2.91,-3.53,4.54,4.54,5.66,4.54,4.54,-32.82,-32.82,-46.11,33.81,33.81,False,False,False,False,False,False,False,False,False,2026-09-24
0827,0827.HK,KO YO GROUP,玖源集团,2.95,"4,000",Equity,Equity Securities (Main Board),0.042,0.042,0.043,0.042,4216000,0.18,0.044,0.044,-4.55,-4.76,-2.33,-6.67,-4.55,0.09,0.12,0.41,0.09,0.12,-50.57,-64.75,-89.51,51.72,65.57,False,False,False,False,False,False,False,False,False,2026-09-24
0828,0828.HK,DYNASTY WINES,王朝酒业,2.28,"2,000",Equity,Equity Securities (Main Board),0.162,0.16,0.16,0.16,454000,0.07,0.164,0.163,-1.34,-0.37,-2.41,-2.99,0.62,0.27,0.62,1.44,0.27,0.62,-40.74,-74.19,-88.89,40.0,73.87,False,False,False,False,False,False,False,False,False,2026-09-24
0829,0829.HK,SHENGUAN HLDGS,神冠控股,7.88,"2,000",Equity,Equity Securities (Main Board),0.244,0.243,0.248,0.24,392000,0.1,0.245,0.242,-0.33,0.78,0.0,-2.01,-0.81,0.28,0.34,0.74,0.28,0.34,-9.82,-27.06,-66.49,11.27,28.24,False,False,False,False,False,False,False,False,False,2026-09-24
0830,0830.HK,CSC DEVELOPMENT,中国建筑兴业,16.01,"2,000",Equity,Equity Securities (Main Board),0.71,0.75,0.75,0.71,288000,0.2,0.743,0.738,-4.44,-3.86,-5.33,-7.19,-2.74,1.31,2.65,3.02,1.31,2.65,-42.75,-71.7,-75.17,45.8,73.21,False,False,False,False,False,False,False,False,False,2026-09-24
0831,0831.HK,CR ASIA,利亚零售,3.09,"2,000",Equity,Equity Securities (Main Board),0.395,0.39,0.405,0.39,494000,0.2,0.393,0.392,0.51,0.77,0.0,0.0,1.28,0.47,0.79,5.27,0.47,0.79,-12.9,-48.73,-92.31,15.05,50.0,False,False,True,True,False,False,False,False,False,2026-09-24
0832,0832.HK,CENTRAL CHINA,建业地产,1.03,"1,000",Equity,Equity Securities (Main Board),0.034,0.033,0.036,0.033,195000,0.01,0.035,0.035,-3.95,-3.95,-10.53,6.25,-10.53,0.08,0.25,5.11,0.08,0.25,-52.63,-85.6,-99.3,55.26,86.4,False,False,False,False,False,False,False,False,False,2026-09-24
0833,0833.HK,ALLTRONICS,华讯,2.7,"4,000",Equity,Equity Securities (Main Board),0.57,0.575,0.575,0.555,261000,0.15,0.575,0.584,-0.87,-2.48,0.88,-0.87,-3.39,1.44,1.44,6.34,1.44,1.44,-60.07,-60.07,-90.93,60.42,60.42,False,False,False,False,False,False,False,False,False,2026-09-24
0834,0834.HK,SHENGRONG HLDG,盛融控股,1.08,"4,000",Equity,Equity Securities (Main Board),0.238,0.238,0.238,0.238,8000,0.0,0.234,0.24,1.88,-0.75,7.21,1.71,-4.8,0.5,0.82,3.78,0.5,0.82,-52.4,-70.98,-93.7,52.4,70.98,False,False,False,False,False,False,False,False,False,2026-09-24
0836,0836.HK,CHINA RES POWER,华润电力,986.75,"2,000",Equity,Equity Securities (Main Board),19.06,18.66,19.24,18.66,9977293,190.17,18.916,18.869,0.76,1.01,1.38,0.63,1.44,22.16,25.45,28.85,22.16,25.45,-13.18,-24.4,-33.31,13.99,25.11,False,False,False,True,False,False,False,False,False,2026-09-24
0837,0837.HK,CARPENTER TAN,谭木匠,14.05,500,Equity,Equity Securities (Main Board),5.65,5.64,5.71,5.495,52500,0.3,5.634,5.724,0.28,-1.29,0.18,0.8,-0.88,8.05,8.68,8.68,8.05,8.68,-29.07,-34.22,-34.22,29.81,34.91,True,False,False,False,False,False,False,False,False,2026-09-24
0838,0838.HK,EVA HOLDINGS,亿和控股,12.2,"2,000",Equity,Equity Securities (Main Board),0.705,0.7,0.71,0.7,310000,0.22,0.702,0.704,0.43,0.14,0.71,0.71,0.0,1.09,1.32,2.58,1.09,1.32,-34.86,-46.21,-72.48,35.32,46.59,False,False,False,True,False,False,False,False,False,2026-09-24
0839,0839.HK,CHINA EDU GROUP,中教控股,53.35,"1,000",Equity,Equity Securities (Main Board),1.905,1.925,1.93,1.89,1771000,3.37,1.906,1.877,-0.05,1.52,0.53,-3.3,3.81,3.36,6.87,20.8,3.36,6.87,-42.56,-71.91,-90.72,43.3,72.27,False,False,False,False,False,False,False,False,False,2026-09-24
0842,0842.HK,LEOCH INT'L,理士国际,11.75,"1,000",Equity,Equity Securities (Main Board),0.82,0.805,0.82,0.805,119000,0.1,0.828,0.846,-0.97,-3.02,-1.2,0.61,-4.09,2.6,2.92,2.92,2.6,2.92,-68.46,-71.92,-71.92,68.46,71.92,False,False,False,False,False,False,False,False,False,2026-09-24
0844,0844.HK,GREATIME INTL,广泰国际控股,1.8,"4,000",Equity,Equity Securities (Main Board),0.365,0.375,0.38,0.34,172000,0.06,0.384,0.397,-4.95,-8.18,-2.67,-3.95,-13.1,0.64,0.65,2.0,0.64,0.65,-40.62,-41.54,-81.0,42.97,43.85,False,False,False,False,False,False,False,False,False,2026-09-24
0852,0852.HK,STRONG PETRO,海峡石油化工,4.76,"2,000",Equity,Equity Securities (Main Board),0.224,0.244,0.244,0.21,224000,0.05,0.235,0.222,-4.68,0.95,1.82,-9.31,3.7,0.5,0.5,1.78,0.5,0.5,-50.71,-50.71,-86.29,54.75,54.75,False,False,False,False,False,False,False,False,False,2026-09-24
0855,0855.HK,CHINA WATER,中国水务,68.4,"2,000",Equity,Equity Securities (Main Board),4.205,4.205,4.215,4.185,559340,2.35,4.229,4.267,-0.57,-1.45,-0.36,-2.32,-0.24,5.71,7.05,11.56,5.71,7.05,-26.18,-40.21,-63.54,26.36,40.35,False,False,False,False,False,False,False,False,False,2026-09-24
0856,0856.HK,VSTECS,伟仕佳杰,128.9,"2,000",Equity,Equity Securities (Main Board),9.015,9.04,9.07,8.935,1410000,12.71,9.153,9.255,-1.51,-2.6,-0.72,-2.91,-2.28,12.72,12.72,12.72,12.72,12.72,-28.69,-28.69,-28.69,29.13,29.13,False,False,False,False,False,False,False,False,False,2026-09-24
0857,0857.HK,PETROCHINA,中国石油股份,2028.66,"2,000",Equity,Equity Securities (Main Board),9.615,9.355,9.66,9.35,71154000,684.15,9.479,9.662,1.43,-0.49,2.83,1.1,0.58,12.22,12.22,12.22,12.22,12.22,-20.95,-20.95,-20.95,21.32,21.32,False,False,False,False,False,False,False,False,False,2026-09-24
0858,0858.HK,EXTRAWELL PHAR,精优药业,2.17,"10,000",Equity,Equity Securities (Main Board),0.075,0.076,0.078,0.066,7190000,0.54,0.081,0.081,-7.18,-7.06,-7.41,-9.64,-10.71,0.12,0.15,0.47,0.12,0.15,-32.17,-47.65,-83.23,34.78,49.66,False,False,False,False,False,False,False,False,False,2026-09-24
0859,0859.HK,ZHONGCHANG INTL,中昌国际控股,1.43,"2,000",Equity,Equity Securities (Main Board),0.127,0.11,0.127,0.11,444000,0.06,0.127,0.124,0.16,2.5,0.79,0.0,-1.55,0.14,0.27,2.67,0.14,0.27,-12.41,-52.96,-95.24,12.41,52.96,False,False,False,True,False,False,False,False,False,2026-09-24
0860,0860.HK,APOLLO FMG,ＡＰＯＬＬＯ出行,6.39,"4,000",Equity,Equity Securities (Main Board),0.625,0.62,0.62,0.62,27200,0.02,0.639,0.644,-2.19,-2.95,0.81,-3.85,-2.34,0.76,1.46,42.6,0.76,1.46,-18.42,-57.53,-98.54,17.76,57.19,False,False,False,False,False,False,False,False,False,2026-09-24
0861,0861.HK,DC HOLDINGS,神州控股,43.85,"1,000",Equity,Equity Securities (Main Board),2.62,2.49,2.65,2.49,1365000,3.58,2.549,2.378,2.79,10.15,0.77,4.8,11.25,3.95,3.98,7.48,3.95,3.98,-32.91,-33.42,-64.57,33.67,34.17,False,False,False,False,False,False,False,False,False,2026-09-24
0862,0862.HK,VISION VALUES,远见控股,4.12,"10,000",Equity,Equity Securities (Main Board),1.05,0.99,1.05,0.98,30000,0.03,1.067,1.068,-1.59,-1.69,0.48,-2.78,-2.78,2.01,2.01,7.6,2.01,2.01,-47.76,-47.76,-86.18,47.76,47.76,False,False,False,False,False,False,False,False,False,2026-09-24
0863,0863.HK,OSL GROUP,ＯＳＬ集团,87.25,500,Equity,Equity Securities (Main Board),9.67,10.07,10.23,9.455,2303576,22.28,9.826,10.054,-1.59,-3.82,-3.97,-0.72,-8.17,20.18,20.3,25.0,20.18,20.3,-49.31,-49.61,-59.08,52.08,52.36,False,False,False,False,False,False,False,False,False,2026-09-24
0866,0866.HK,CHINA QINFA,中国秦发,52.55,"2,000",Equity,Equity Securities (Main Board),2.0,1.965,2.0,1.95,1826000,3.65,1.986,2.0,0.7,-0.02,-0.5,2.04,2.3,4.34,4.34,4.34,4.34,4.34,-53.92,-53.92,-53.92,53.92,53.92,False,False,False,False,False,False,False,False,False,2026-09-24
0867,0867.HK,CMS,康哲药业,255.24,"1,000",Equity,Equity Securities (Main Board),10.49,10.84,10.84,10.43,4550000,47.73,10.91,10.946,-3.85,-4.17,-2.96,-5.75,-5.07,15.52,15.86,22.8,15.52,15.86,-30.15,-31.65,-52.46,32.41,33.86,False,False,False,False,False,False,False,False,False,2026-09-24
0868,0868.HK,XINYI GLASS,信义玻璃,355.52,"1,000",Equity,Equity Securities (Main Board),8.03,8.13,8.13,7.865,17675529,141.93,8.186,8.367,-1.91,-4.03,-1.23,-2.9,-4.8,12.35,12.35,34.2,12.35,12.35,-34.17,-34.17,-76.23,34.98,34.98,False,False,False,False,False,False,False,False,False,2026-09-24
0869,0869.HK,PLAYMATES TOYS,彩星玩具,5.33,"4,000",Equity,Equity Securities (Main Board),0.47,0.47,0.47,0.47,1096000,0.52,0.469,0.471,0.21,-0.21,1.08,0.0,0.0,0.5,0.85,1.63,0.5,0.85,-5.05,-44.71,-71.17,5.05,44.71,False,False,False,False,False,False,False,True,False,2026-09-24
0873,0873.HK,SHIMAO SERVICES,世茂服务,9.01,"1,000",Equity,Equity Securities (Main Board),0.365,0.365,0.365,0.365,98000,0.04,0.354,0.359,3.11,1.67,-3.95,7.35,4.29,0.69,1.82,27.55,0.69,1.82,-47.1,-79.95,-98.68,47.1,79.95,False,False,False,False,False,False,False,False,False,2026-09-24
0874,0874.HK,BAIYUNSHAN PH,白云山,29.09,"2,000",Equity,Equity Securities (Main Board),13.23,13.3,13.3,13.19,560000,7.41,13.25,13.233,-0.15,-0.02,-0.68,-0.53,0.92,19.98,24.2,42.5,19.98,24.2,-33.43,-45.04,-68.71,33.78,45.33,False,False,False,False,False,False,False,False,False,2026-09-24
0875,0875.HK,CONGYU INTE AGR,从玉智农,1.75,"2,000",Equity,Equity Securities (Main Board),0.25,0.26,0.26,0.24,2110000,0.53,0.265,0.282,-5.66,-11.5,-1.96,-9.09,-13.79,1.85,8.0,48.0,1.85,8.0,-85.95,-96.75,-99.46,86.49,96.88,False,False,False,False,False,False,False,False,False,2026-09-24
0876,0876.HK,KAISA HEALTH,佳兆业健康,1.76,"2,000",Equity,Equity Securities (Main Board),1.7,1.705,1.705,1.65,40000,0.07,1.808,1.864,-5.97,-8.8,-7.36,-7.36,-11.46,10.95,10.95,29.5,10.95,10.95,-84.43,-84.43,-94.22,84.47,84.47,False,False,False,False,False,False,False,False,False,2026-09-24
0878,0878.HK,SOUNDWILL HOLD,金朝阳集团,17.07,500,Equity,Equity Securities (Main Board),6.025,6.015,6.1,6.015,54500,0.33,6.033,6.045,-0.13,-0.33,0.0,0.33,-1.23,7.4,8.26,20.55,7.4,8.26,-17.57,-26.15,-70.32,18.58,27.06,False,False,False,False,False,False,False,False,False,2026-09-24
0880,0880.HK,SJM HOLDINGS,澳博控股,101.2,"1,000",Equity,Equity Securities (Main Board),1.425,1.42,1.435,1.395,3779526,5.39,1.412,1.402,0.92,1.64,0.71,1.42,2.52,2.52,3.54,11.15,2.52,3.54,-43.06,-59.46,-87.13,43.45,59.75,False,False,True,True,False,False,False,False,False,2026-09-24
0881,0881.HK,ZHONGSHENG HLDG,中升控股,70.42,500,Equity,Equity Securities (Main Board),2.975,2.92,3.01,2.88,23324000,69.39,3.022,3.087,-1.56,-3.61,1.02,-3.88,-4.49,13.03,22.2,77.6,13.03,22.2,-76.9,-86.44,-96.12,77.17,86.6,False,False,False,False,False,False,False,False,False,2026-09-24
0882,0882.HK,TIANJIN DEV,天津发展,21.99,"2,000",Equity,Equity Securities (Main Board),2.05,2.06,2.06,2.035,190000,0.39,2.064,2.076,-0.68,-1.25,-0.24,-0.49,-1.44,2.76,2.98,5.02,2.76,2.98,-25.36,-30.87,-58.96,25.72,31.21,False,False,False,False,False,False,False,False,False,2026-09-24
0883,0883.HK,CNOOC,中国海洋石油,10618.33,"1,000",Equity,Equity Securities (Main Board),23.84,23.5,24.0,23.48,44278782,1055.61,23.68,23.996,0.68,-0.65,2.14,-0.42,-0.17,30.98,30.98,30.98,30.98,30.98,-22.53,-22.53,-22.53,23.05,23.05,False,False,False,False,False,False,False,False,False,2026-09-24
0884,0884.HK,CIFI HOLD GP,旭辉控股集团,6.03,"2,000",Equity,Equity Securities (Main Board),0.031,0.033,0.033,0.031,53760000,1.67,0.032,0.032,-3.73,-2.82,-6.06,-6.06,-3.13,0.17,1.0,7.5,0.17,1.0,-80.92,-96.7,-99.56,82.08,96.9,False,False,False,False,False,False,False,False,False,2026-09-24
0887,0887.HK,EMPEROR WATCH&J,英皇钟表珠宝,20.32,"10,000",Equity,Equity Securities (Main Board),0.28,0.275,0.285,0.27,6130000,1.72,0.275,0.283,1.82,-1.06,1.82,1.82,-3.45,0.4,0.65,0.65,0.4,0.65,-27.85,-56.15,-56.15,29.11,56.92,False,False,False,False,False,False,False,False,False,2026-09-24
0893,0893.HK,CHINAVTM MINING,中国铁钛,1.44,"1,000",Equity,Equity Securities (Main Board),0.064,0.066,0.066,0.06,421000,0.03,0.066,0.065,-2.44,-1.99,-1.54,-3.03,-3.03,0.11,0.15,0.47,0.11,0.15,-39.45,-56.0,-86.11,41.28,57.33,False,False,False,False,False,False,False,False,False,2026-09-24
0894,0894.HK,MAN YUE TECH,万裕科技,10.19,"2,000",Equity,Equity Securities (Main Board),2.125,2.22,2.265,2.115,2140000,4.55,2.368,2.408,-10.26,-11.75,-7.41,-19.51,-14.31,8.58,8.58,8.58,8.58,8.58,-73.6,-73.6,-73.6,75.23,75.23,False,False,False,False,False,False,False,False,False,2026-09-24
0895,0895.HK,DONGJIANG ENV,东江环保,3.28,200,Equity,Equity Securities (Main Board),1.64,1.655,1.675,1.615,11830800,19.4,1.629,1.602,0.68,2.37,-0.61,4.13,5.13,3.05,3.7,14.02,3.05,3.7,-45.08,-54.73,-88.05,46.23,55.68,False,False,False,False,False,False,False,False,False,2026-09-24
0896,0896.HK,HANISON,兴胜创建,2.79,"2,000",Equity,Equity Securities (Main Board),0.26,0.25,0.26,0.25,102000,0.03,0.26,0.259,0.0,0.39,0.0,-1.89,1.96,0.3,1.02,1.47,0.3,1.02,-13.33,-74.51,-82.31,13.33,74.51,False,False,True,False,False,False,False,False,False,2026-09-24
0897,0897.HK,WAI YUEN TONG,位元堂,4.12,"5,000",Equity,Equity Securities (Main Board),0.37,0.365,0.37,0.365,565000,0.21,0.36,0.352,2.78,5.26,-1.33,7.25,0.0,0.41,0.51,0.51,0.41,0.51,-10.84,-27.45,-27.45,10.84,27.45,False,False,False,False,False,False,False,False,False,2026-09-24
0899,0899.HK,ZHONG JIA GX,中加国信,1.47,"10,000",Equity,Equity Securities (Main Board),0.31,0.26,0.31,0.26,550000,0.17,0.272,0.235,13.97,32.14,10.71,29.17,48.33,0.32,3.5,31.0,0.32,3.5,-3.12,-91.14,-99.0,3.12,91.14,False,False,False,False,False,False,False,True,False,2026-09-24
0900,0900.HK,AEON CREDIT,AEON CREDIT,37.94,"2,000",Equity,Equity Securities (Main Board),9.06,9.055,9.095,9.01,42000,0.38,9.031,9.017,0.32,0.48,0.0,0.61,1.97,9.28,9.28,9.28,9.28,9.28,-2.05,-2.05,-2.05,2.42,2.42,False,False,False,True,False,False,False,True,True,2026-09-24
0901,0901.HK,SDMC,华曦达,132.76,100,Equity,Equity Securities (Main Board),63.4,67.0,67.0,63.0,171600,10.88,67.6,67.66,-6.21,-6.3,-5.37,-6.35,-4.95,88.45,88.45,88.45,88.45,88.45,-24.25,-24.25,-24.25,28.32,28.32,False,False,False,False,False,False,False,False,False,2026-09-24
0902,0902.HK,HUANENG POWER,华能国际电力股份,266.75,"2,000",Equity,Equity Securities (Main Board),5.675,5.56,5.685,5.56,16839749,95.57,5.627,5.659,0.85,0.28,2.07,0.53,0.62,7.63,7.63,7.63,7.63,7.63,-25.49,-25.49,-25.49,25.62,25.62,False,False,False,True,False,False,False,False,False,2026-09-24
0905,0905.HK,WALNUT CAP,胡桃资本,1.72,"16,000",Equity,Investment Companies,0.164,0.165,0.173,0.16,528000,0.09,0.171,0.175,-4.32,-6.45,-0.61,-6.82,-8.89,1.8,2.45,2.45,1.8,2.45,-90.39,-92.94,-92.94,90.89,93.31,False,False,False,False,False,False,False,False,False,2026-09-24
0909,0909.HK,MING YUAN CLOUD,明源云,17.79,"1,000",Equity,Equity Securities (Main Board),0.945,0.97,0.99,0.94,4922000,4.65,0.987,1.014,-4.26,-6.85,-3.08,-10.85,-6.9,3.7,4.83,60.8,3.7,4.83,-73.24,-79.5,-98.37,74.46,80.43,False,False,False,False,False,False,False,False,False,2026-09-24
0910,0910.HK,CHINA SANDI,中国三迪,0.86,"6,000",Equity,Equity Securities (Main Board),0.017,0.017,0.018,0.015,14313400,0.24,0.017,0.018,1.19,-4.49,0.0,0.0,6.25,0.05,0.18,0.69,0.05,0.18,-60.0,-90.22,-97.39,62.22,90.76,False,False,True,False,False,False,False,False,False,2026-09-24
0913,0913.HK,HARBOUR DIGITAL,港湾数字,1.35,"10,000",Equity,Investment Companies,0.152,0.153,0.153,0.152,208000,0.03,0.154,0.159,-1.43,-4.22,0.0,0.66,-3.8,0.46,1.01,4.2,0.46,1.01,-66.74,-84.85,-96.36,66.96,84.95,False,False,False,False,False,False,False,False,False,2026-09-24
0914,0914.HK,CONCH CEMENT,海螺水泥,204.01,500,Equity,Equity Securities (Main Board),15.91,15.89,16.02,15.66,5874535,93.46,15.918,16.106,-0.05,-1.22,0.38,-0.69,-2.15,27.14,27.14,62.05,27.14,27.14,-40.97,-40.97,-74.18,41.38,41.38,False,False,False,False,False,False,False,False,False,2026-09-24
0915,0915.HK,DAOHE GLOBAL,道和环球,0.74,"1,000",Equity,Equity Securities (Main Board),0.049,0.049,0.049,0.049,26000,0.0,0.053,0.056,-7.89,-12.97,-5.77,-10.91,-16.95,0.07,0.25,4.52,0.07,0.25,-30.99,-80.78,-98.92,30.99,80.78,False,False,False,False,False,False,False,False,False,2026-09-24
0916,0916.HK,CHINA LONGYUAN,龙源电力,174.19,"1,000",Equity,Equity Securities (Main Board),5.25,5.22,5.27,5.18,10191336,53.5,5.233,5.248,0.32,0.04,0.57,0.96,1.74,8.57,8.66,20.25,8.57,8.66,-38.51,-39.15,-73.98,38.74,39.38,True,False,True,True,False,False,False,False,False,2026-09-24
0917,0917.HK,QUNABOX GROUP,趣致集团,19.85,100,Equity,Equity Securities (Main Board),7.495,7.525,7.695,7.47,2728800,20.45,7.748,7.751,-3.27,-3.3,0.33,-6.37,-2.98,37.0,137.0,137.0,37.0,137.0,-79.2,-94.38,-94.38,79.74,94.53,False,False,False,False,False,False,False,False,False,2026-09-24
0918,0918.HK,MAJESTIC DRAGON,龙翼航空科技,16.32,"6,000",Equity,Equity Securities (Main Board),1.465,1.47,1.47,1.465,30000,0.04,1.569,1.684,-6.63,-12.98,0.0,-12.8,-13.06,3.2,3.2,5.57,3.2,3.2,-54.06,-54.06,-73.62,54.22,54.22,False,False,False,False,False,False,False,False,False,2026-09-24
0921,0921.HK,HISENSE HA,海信家电,100.1,"1,000",Equity,Equity Securities (Main Board),21.78,21.9,22.1,21.66,240000,5.23,21.776,22.098,0.02,-1.44,-0.09,2.06,-0.55,27.48,39.5,39.5,27.48,39.5,-19.58,-44.05,-44.05,20.74,44.86,False,False,False,False,False,False,False,False,False,2026-09-24
0923,0923.HK,IWS,综合环保集团,0.77,"2,000",Equity,Equity Securities (Main Board),0.016,0.016,0.016,0.015,46000,0.0,0.016,0.016,1.27,0.63,0.0,0.0,0.0,0.02,0.05,0.23,0.02,0.05,-27.27,-66.67,-93.19,27.27,66.67,False,False,True,True,False,False,False,False,False,2026-09-24
0927,0927.HK,FUJIKON IND,富士高实业,2.35,"2,000",Equity,Equity Securities (Main Board),0.46,0.455,0.455,0.45,22000,0.01,0.467,0.451,-1.5,2.0,1.1,-6.12,4.55,0.7,0.86,1.63,0.7,0.86,-35.0,-47.09,-72.09,34.29,46.51,False,False,False,False,False,False,False,False,False,2026-09-24
0928,0928.HK,KING INTL INV,帝王国际投资,2.55,"20,000",Equity,Equity Securities (Main Board),0.138,0.135,0.141,0.131,11945600,1.65,0.138,0.14,-0.29,-1.29,-1.43,-2.13,4.55,0.15,0.6,8.25,0.15,0.6,-6.62,-76.5,-98.29,8.61,77.0,False,False,False,False,False,False,False,True,False,2026-09-24
0929,0929.HK,IPE GROUP,国际精密,5.47,"5,000",Equity,Equity Securities (Main Board),0.52,0.53,0.54,0.52,153000,0.08,0.529,0.526,-1.7,-1.23,-2.8,-0.95,0.97,1.4,1.4,2.35,1.4,1.4,-61.43,-61.43,-77.02,62.86,62.86,False,False,False,False,False,False,False,False,False,2026-09-24
0931,0931.HK,CHINA HK POWER,中国港能,26.01,"2,000",Equity,Equity Securities (Main Board),0.315,0.315,0.315,0.315,271000,0.09,0.318,0.317,-0.94,-0.63,0.0,1.61,-1.56,0.6,0.76,2.32,0.6,0.76,-47.5,-58.55,-86.42,47.5,58.55,False,False,False,False,False,False,False,False,False,2026-09-24
0932,0932.HK,SHUNTEN INTL,顺腾国际控股,0.96,"4,000",Equity,Equity Securities (Main Board),0.031,0.031,0.031,0.03,704000,0.02,0.03,0.03,1.97,2.65,0.0,3.33,3.33,0.04,0.07,1.97,0.04,0.07,-22.5,-55.07,-98.43,22.5,55.07,False,False,True,True,False,False,False,False,False,2026-09-24
0933,0933.HK,VIVA GOODS,非凡领越,37.34,"8,000",Equity,Equity Securities (Main Board),0.375,0.36,0.38,0.36,1916943,0.72,0.369,0.354,1.63,6.08,4.17,1.35,8.7,0.71,1.35,1.97,0.71,1.35,-46.48,-71.85,-80.71,47.18,72.22,False,False,False,False,False,False,False,False,False,2026-09-24
0934,0934.HK,SINOPEC KANTONS,中石化冠德,92.11,"2,000",Equity,Equity Securities (Main Board),3.705,3.64,3.725,3.63,1530000,5.67,3.67,3.727,0.95,-0.59,1.23,1.23,-0.67,4.52,5.01,5.56,4.52,5.01,-17.59,-25.65,-33.0,18.03,26.05,False,False,False,False,False,False,False,False,False,2026-09-24
0936,0936.HK,KAISA CAPITAL,佳兆业资本,2.81,"10,000",Equity,Equity Securities (Main Board),0.265,0.265,0.265,0.265,100000,0.03,0.267,0.269,-0.75,-1.3,-1.85,0.0,1.92,0.49,1.35,1.49,0.49,1.35,-45.36,-80.37,-82.21,45.36,80.37,False,False,False,False,False,False,False,False,False,2026-09-24
0939,0939.HK,CCB,建设银行,23272.4,"1,000",Equity,Equity Securities (Main Board),9.68,9.585,9.715,9.585,118811174,1150.09,9.686,9.699,-0.06,-0.2,0.21,-0.77,0.05,9.9,9.9,9.9,9.9,9.9,-1.87,-1.87,-1.87,2.22,2.22,False,False,False,False,False,False,False,True,True,2026-09-24
0941,0941.HK,CHINA MOBILE,中国移动,16401.87,500,Equity,Equity Securities (Main Board),78.9,78.75,79.15,78.55,7864165,620.48,78.98,79.06,-0.1,-0.2,0.13,-0.38,-0.38,88.05,90.6,97.5,88.05,90.6,-10.11,-12.64,-18.82,10.39,12.91,False,False,False,False,False,False,False,False,False,2026-09-24
0943,0943.HK,ZHONGZHENG INTL,中证国际,3.54,"16,000",Equity,Equity Securities (Main Board),0.172,0.175,0.175,0.164,256000,0.04,0.18,0.173,-4.55,-0.29,-6.52,-4.44,-9.47,0.26,0.39,5.93,0.26,0.39,-32.69,-55.01,-97.05,33.85,55.78,False,False,False,False,False,False,False,False,False,2026-09-24
0945,0945.HK,MANULIFE-S,宏利金融－Ｓ,5666.31,100,Equity,Equity Securities (Main Board),342.0,342.8,342.8,341.2,4800,1.64,345.92,344.18,-1.13,-0.63,-1.38,-2.01,-0.87,352.0,352.0,352.0,352.0,352.0,-2.61,-2.61,-2.61,2.84,2.84,False,False,False,False,False,False,False,True,True,2026-09-24
0947,0947.HK,MOBI DEV,摩比发展,1.43,"1,000",Equity,Equity Securities (Main Board),0.179,0.166,0.179,0.16,274000,0.05,0.175,0.178,2.52,0.34,2.87,2.87,0.0,0.44,0.44,1.74,0.44,0.44,-58.85,-58.85,-89.71,58.85,58.85,False,False,False,True,False,False,False,False,False,2026-09-24
0948,0948.HK,ALPHA PRO HLDGS,阿尔法企业,1.15,"10,000",Equity,Equity Securities (Main Board),0.28,0.28,0.28,0.28,100000,0.03,0.287,0.282,-2.44,-0.71,3.7,-5.08,-5.08,0.37,0.8,3.23,0.37,0.8,-23.29,-65.0,-91.33,23.29,65.0,False,False,False,False,False,False,False,False,False,2026-09-24
0950,0950.HK,LEE'S PHARM,李氏大药厂,7.24,500,Equity,Equity Securities (Main Board),1.23,1.225,1.235,1.205,316000,0.39,1.215,1.18,1.23,4.24,0.82,2.07,8.37,1.69,2.7,14.7,1.69,2.7,-26.92,-54.26,-91.6,27.22,54.44,True,False,False,False,False,False,False,False,False,2026-09-24
0951,0951.HK,CHAOWEI POWER,超威动力,12.37,"1,000",Equity,Equity Securities (Main Board),1.12,1.11,1.12,1.105,75000,0.08,1.126,1.124,-0.53,-0.36,-0.88,1.82,0.45,2.61,2.61,7.82,2.61,2.61,-57.09,-57.09,-85.68,57.09,57.09,False,False,False,False,False,False,False,False,False,2026-09-24
0952,0952.HK,QUAM PLUS FIN,华富建业金融,5.7,"10,000",Equity,Equity Securities (Main Board),0.092,0.091,0.095,0.09,180000,0.02,0.094,0.095,-2.54,-3.66,-3.16,-3.16,-3.16,0.15,0.35,1.54,0.15,0.35,-36.24,-72.86,-93.83,38.26,73.71,False,False,False,False,False,False,False,False,False,2026-09-24
0953,0953.HK,SHAW BROTHERS,邵氏兄弟控股,2.04,"2,000",Equity,Equity Securities (Main Board),0.144,0.131,0.145,0.124,878000,0.13,0.149,0.159,-3.49,-9.6,1.41,0.7,-14.79,0.4,0.4,1.13,0.4,0.4,-63.75,-63.75,-87.17,64.0,64.0,False,False,False,False,False,False,False,False,False,2026-09-24
0954,0954.HK,CHANGMAO BIO,常茂生物,0.41,"4,000",Equity,Equity Securities (Main Board),0.223,0.219,0.219,0.219,24000,0.01,0.22,0.219,1.27,1.59,0.9,1.83,1.83,0.36,0.61,1.36,0.36,0.61,-39.17,-64.1,-83.9,38.06,63.44,False,False,True,True,False,False,False,False,False,2026-09-24
0956,0956.HK,CHINA SUNTIEN,新天绿色能源,70.5,"1,000",Equity,Equity Securities (Main Board),3.285,3.275,3.31,3.27,1461000,4.8,3.329,3.306,-1.32,-0.62,1.08,-3.38,-0.15,4.66,4.78,8.23,4.66,4.78,-28.97,-30.75,-59.78,29.51,31.28,False,False,False,False,False,False,False,False,False,2026-09-24
0960,0960.HK,LONGFOR GROUP,龙湖集团,387.16,500,Equity,Equity Securities (Main Board),5.455,5.655,5.655,5.395,23302873,127.12,5.649,5.558,-3.43,-1.84,-3.62,-6.27,-0.18,10.83,20.15,53.6,10.83,20.15,-47.78,-71.94,-89.45,49.63,72.93,False,False,False,False,False,False,False,False,False,2026-09-24
0966,0966.HK,CHINA TAIPING,中国太平,732.46,200,Equity,Equity Securities (Main Board),20.38,20.66,20.66,20.12,5617112,114.48,20.724,20.888,-1.66,-2.43,-1.64,-2.58,-1.36,25.96,25.96,36.1,25.96,25.96,-20.42,-20.42,-42.77,21.49,21.49,False,False,False,False,False,False,False,False,False,2026-09-24
0968,0968.HK,XINYI SOLAR,信义光能,177.0,"2,000",Equity,Equity Securities (Main Board),1.935,1.93,1.96,1.91,45605348,88.25,1.993,2.024,-2.91,-4.37,-2.03,-4.91,-3.49,3.73,6.82,24.8,3.73,6.82,-47.45,-71.26,-92.1,48.12,71.63,False,False,False,False,False,False,False,False,False,2026-09-24
0969,0969.HK,HUA LIEN INT'L,华联国际,2.5,"2,000",Equity,Equity Securities (Main Board),0.114,0.105,0.12,0.105,768000,0.09,0.108,0.11,5.17,3.64,1.79,12.87,11.76,0.3,0.35,0.35,0.3,0.35,-60.0,-65.71,-65.71,62.0,67.43,False,False,False,True,False,False,False,False,False,2026-09-24
0970,0970.HK,NEW SPARKLEROLL,新耀莱,2.43,"2,000",Equity,Equity Securities (Main Board),0.36,0.4,0.435,0.35,156000,0.06,0.413,0.428,-12.83,-15.89,-10.0,-17.24,-28.71,0.55,3.26,15.04,0.55,3.26,-20.91,-86.66,-97.11,34.55,88.96,False,False,False,False,False,False,False,False,False,2026-09-24
0974,0974.HK,SKL,中国顺客隆,2.34,"1,000",Equity,Equity Securities (Main Board),0.805,0.73,0.805,0.665,32000,0.03,0.798,0.786,0.88,2.35,-0.62,0.62,3.87,1.24,2.8,4.35,1.24,2.8,-35.08,-71.25,-81.49,35.08,71.25,False,False,False,True,False,False,False,False,False,2026-09-24
0975,0975.HK,MONGOL MINING,MONGOL MINING,89.86,"3,000",Equity,Equity Securities (Main Board),8.76,8.62,8.93,8.565,2847000,24.94,8.751,9.046,0.1,-3.16,1.62,-0.4,-3.2,14.58,14.78,14.78,14.58,14.78,-38.75,-39.58,-39.58,39.92,40.73,False,False,False,False,False,False,False,False,False,2026-09-24
0978,0978.HK,CHI MER LAND,招商局置地,11.67,"2,000",Equity,Equity Securities (Main Board),0.238,0.243,0.243,0.232,270000,0.06,0.24,0.239,-1.0,-0.38,-2.06,-2.06,1.28,0.31,0.56,1.92,0.31,0.56,-20.33,-56.61,-87.34,21.97,57.5,False,False,False,False,False,False,False,False,False,2026-09-24
0979,0979.HK,GREEN ENERGY GP,绿色能源科技集团,5.39,"2,000",Equity,Equity Securities (Main Board),0.39,0.395,0.4,0.39,374000,0.15,0.393,0.382,-0.76,1.96,-8.24,2.63,-1.27,0.56,0.56,0.69,0.56,0.56,-28.57,-28.57,-42.03,30.36,30.36,False,False,False,False,False,False,False,False,False,2026-09-24
0980,0980.HK,LIANHUA,联华超市,1.29,"1,000",Equity,Equity Securities (Main Board),0.345,0.37,0.37,0.305,7000,0.0,0.339,0.339,1.77,1.92,2.99,1.47,11.29,0.5,0.55,4.53,0.5,0.55,-26.73,-32.73,-91.83,31.68,37.27,False,False,False,True,False,False,False,False,False,2026-09-24
0981,0981.HK,SMIC,中芯国际,3837.24,500,Equity,Equity Securities (Main Board),63.8,63.55,63.8,62.5,30909576,1972.03,64.53,63.39,-1.13,0.65,0.0,-2.74,2.24,93.0,93.5,93.5,93.0,93.5,-31.4,-31.76,-31.76,31.4,31.76,False,False,False,False,False,False,False,False,False,2026-09-24
0983,0983.HK,SOCAM DEV,瑞安建业,1.87,"2,000",Equity,Equity Securities (Main Board),0.5,0.5,0.5,0.495,34000,0.02,0.497,0.49,0.6,2.15,-6.54,-2.91,7.53,0.55,0.82,3.15,0.55,0.82,-8.26,-39.02,-84.13,8.26,39.02,False,False,False,False,False,False,False,True,False,2026-09-24
0986,0986.HK,DUFU LIQUOR GP,杜甫酒业集团,0.18,"5,000",Equity,Equity Securities (Main Board),0.119,0.135,0.139,0.105,6275000,0.75,0.18,0.221,-33.89,-46.15,-7.75,-50.62,-51.43,0.97,1.68,14.83,0.97,1.68,-85.67,-91.73,-99.06,87.73,92.92,False,False,False,False,False,False,False,False,False,2026-09-24
0987,0987.HK,CH RENEW EN INV,中国再生能源投资,5.49,"2,000",Equity,Equity Securities (Main Board),0.219,0.218,0.219,0.211,638422,0.14,0.214,0.215,2.15,1.77,0.0,3.3,1.39,0.24,0.24,0.44,0.24,0.24,-10.25,-10.25,-49.66,10.25,10.25,False,False,True,True,False,False,False,False,False,2026-09-24
0989,0989.HK,CHINA CBS INTL,中国长白山国际,26.81,"10,000",Equity,Equity Securities (Main Board),0.5,0.565,0.565,0.495,148250,0.07,0.553,0.556,-9.58,-9.99,-13.79,-0.99,-11.5,0.98,4.04,46.6,0.98,4.04,-42.35,-86.01,-98.79,48.98,87.62,False,False,False,False,False,False,False,False,False,2026-09-24
0990,0990.HK,DEEP SOURCE,至源控股,87.13,"10,000",Equity,Equity Securities (Main Board),0.59,0.61,0.615,0.58,10940000,6.45,0.605,0.585,-2.48,0.85,-3.28,-4.07,1.72,0.97,0.99,1.7,0.97,0.99,-36.6,-37.88,-63.82,39.18,40.4,False,False,False,False,False,False,False,False,False,2026-09-24
0991,0991.HK,DATANG POWER,大唐发电,156.43,"2,000",Equity,Equity Securities (Main Board),2.56,2.57,2.57,2.54,9597110,24.57,2.583,2.62,-0.89,-2.31,0.39,-1.54,-2.1,3.61,3.61,3.61,3.61,3.61,-28.81,-28.81,-28.81,29.09,29.09,False,False,False,False,False,False,False,False,False,2026-09-24
0992,0992.HK,LENOVO GROUP,联想集团,4471.8,"2,000",Equity,Equity Securities (Main Board),36.02,36.5,36.68,35.42,54205272,1952.47,36.6,34.576,-1.58,4.18,-2.44,0.78,4.95,37.88,37.88,37.88,37.88,37.88,-3.17,-3.17,-3.17,4.91,4.91,False,False,False,False,False,False,False,True,True,2026-09-24
0994,0994.HK,CT VISION,中天宏信,4.0,"4,000",Equity,Equity Securities (Main Board),0.31,0.325,0.325,0.305,16000,0.0,0.319,0.295,-2.82,5.16,1.64,-7.46,-3.12,0.6,0.6,2.74,0.6,0.6,-45.83,-45.83,-88.14,48.33,48.33,False,False,False,False,False,False,False,False,False,2026-09-24
0995,0995.HK,ANHUIEXPRESSWAY,安徽皖通高速公路,82.43,"2,000",Equity,Equity Securities (Main Board),15.18,15.24,15.43,15.01,1504785,22.84,15.29,15.57,-0.72,-2.5,0.66,-2.13,-4.35,18.3,18.3,18.3,18.3,18.3,-15.68,-15.68,-15.68,17.05,17.05,False,False,False,False,False,False,False,False,False,2026-09-24
0997,0997.HK,CHINLINK INTL,普汇中金国际,0.21,"8,000",Equity,Equity Securities (Main Board),0.018,0.018,0.018,0.018,224000,0.0,0.02,0.02,-10.89,-10.89,-14.29,-14.29,-5.26,0.04,0.05,12.99,0.04,0.05,-53.85,-63.27,-99.86,53.85,63.27,False,False,False,False,False,False,False,False,False,2026-09-24
0998,0998.HK,CITIC BANK,中信银行,1264.24,"1,000",Equity,Equity Securities (Main Board),8.495,8.47,8.55,8.44,17607060,149.57,8.483,8.471,0.14,0.28,0.35,-0.64,0.95,8.6,8.6,8.6,8.6,8.6,-0.58,-0.58,-0.58,1.22,1.22,False,False,False,True,False,False,False,True,True,2026-09-24
0999,0999.HK,XIAOCAIYUAN,小菜园,99.2,800,Equity,Equity Securities (Main Board),8.515,8.835,8.86,8.36,7303660,62.19,8.671,8.393,-1.8,1.45,-3.24,-0.41,2.41,9.78,13.02,13.02,9.78,13.02,-9.41,-31.95,-31.95,12.93,34.6,False,False,False,False,False,False,False,False,False,2026-09-24
1000,1000.HK,BEIJING MEDIA,北青传媒,0.27,500,Equity,Equity Securities (Main Board),0.5,0.43,0.5,0.43,2000,0.0,0.476,0.431,5.04,15.87,13.64,2.04,25.0,0.93,0.93,4.4,0.93,0.93,-46.24,-46.24,-88.64,46.24,46.24,False,False,False,True,False,False,False,False,False,2026-09-24
1002,1002.HK,V.S. INT'L,威铖国际,1.42,"4,000",Equity,Equity Securities (Main Board),0.051,0.056,0.056,0.048,256000,0.01,0.052,0.053,-1.54,-3.41,2.0,-5.56,-3.77,0.1,0.1,0.43,0.1,0.1,-42.27,-45.1,-86.98,47.42,50.0,False,False,False,False,False,False,False,False,False,2026-09-24
1003,1003.HK,HUANXI MEDIA,欢喜传媒,10.7,"10,000",Equity,Equity Securities (Main Board),0.244,0.236,0.28,0.236,8270000,2.02,0.225,0.211,8.64,15.8,3.39,9.91,23.86,0.4,0.99,3.18,0.4,0.99,-30.0,-71.72,-91.19,39.0,75.35,True,True,False,False,False,False,False,False,False,2026-09-24
1004,1004.HK,C SMARTERENERGY,中国智慧能源,0.88,"10,000",Equity,Equity Securities (Main Board),0.187,0.217,0.217,0.176,320000,0.06,0.19,0.184,-1.68,1.69,-4.59,-1.58,-5.56,0.64,1.12,28.0,0.64,1.12,-66.09,-80.63,-99.23,70.78,83.3,False,False,False,False,False,False,False,False,False,2026-09-24
1008,1008.HK,LITU HOLDINGS,力图控股,2.76,"2,000",Equity,Equity Securities (Main Board),0.176,0.156,0.176,0.156,1406000,0.25,0.165,0.159,6.54,10.97,4.76,15.79,15.79,0.23,0.33,1.4,0.23,0.33,-23.14,-46.67,-87.43,23.14,46.67,False,False,False,True,False,False,False,False,False,2026-09-24
1009,1009.HK,INT'L ENT,国际娱乐,19.44,"10,000",Equity,Equity Securities (Main Board),1.42,1.475,1.475,1.42,130000,0.18,1.459,1.47,-2.67,-3.4,-2.07,-3.73,-4.7,1.56,2.9,2.9,1.56,2.9,-5.45,-49.14,-49.14,8.97,51.03,False,False,False,False,False,False,False,True,False,2026-09-24
1010,1010.HK,SKY BLUE 11,天玺曜１１,0.24,"2,000",Equity,Equity Securities (Main Board),0.054,0.066,0.066,0.054,636000,0.03,0.06,0.063,-10.6,-14.69,-10.0,-18.18,-16.92,0.11,4.33,7.3,0.11,4.33,-40.0,-98.48,-99.1,50.91,98.75,False,False,False,False,False,False,False,False,False,2026-09-24
1011,1011.HK,NT PHARMA,泰凌医药,6.92,"10,000",Equity,Equity Securities (Main Board),0.385,0.365,0.385,0.365,660000,0.25,0.388,0.374,-0.77,2.94,2.67,-7.23,6.94,0.9,1.4,2.48,0.9,1.4,-57.22,-72.5,-84.48,57.22,72.5,False,False,False,False,False,False,False,False,False,2026-09-24
1013,1013.HK,WAI CHUN GROUP,伟俊集团控股,1.15,"10,000",Equity,Equity Securities (Main Board),0.43,0.43,0.43,0.43,20000,0.01,0.39,0.376,10.26,14.36,13.16,13.16,22.86,1.55,1.55,6.8,1.55,1.55,-72.26,-72.26,-93.68,72.26,72.26,False,False,False,False,False,False,False,False,False,2026-09-24
1020,1020.HK,CIPRUN TECH,中细软科技,13.82,"4,000",Equity,Equity Securities (Main Board),0.231,0.238,0.239,0.229,12164000,2.81,0.241,0.243,-4.15,-4.98,-3.75,-5.33,-5.71,0.55,0.55,0.55,0.55,0.55,-56.55,-56.55,-56.55,58.0,58.0,False,False,False,False,False,False,False,False,False,2026-09-24
1021,1021.HK,HUAYAN ROBOTICS,华沿机器人,50.78,200,Equity,Equity Securities (Main Board),9.42,9.9,10.59,9.385,8365077,78.8,10.437,10.719,-9.74,-12.12,-4.41,-15.21,-14.36,25.12,25.12,25.12,25.12,25.12,-57.84,-57.84,-57.84,62.5,62.5,False,False,False,False,False,False,False,False,False,2026-09-24
1022,1022.HK,FEIYU,飞鱼科技,6.04,"1,500",Equity,Equity Securities (Main Board),0.345,0.345,0.35,0.345,33000,0.01,0.346,0.34,-0.29,1.62,1.47,-1.43,4.55,0.71,1.01,1.48,0.71,1.01,-50.7,-65.35,-76.35,51.41,65.84,False,False,False,False,False,False,False,False,False,2026-09-24
1023,1023.HK,SITOY GROUP,时代集团控股,4.2,"1,000",Equity,Equity Securities (Main Board),0.435,0.435,0.435,0.435,43000,0.02,0.436,0.434,-0.23,0.23,0.0,-1.14,3.57,0.54,0.93,3.15,0.54,0.93,-19.44,-53.23,-86.19,19.44,53.23,False,False,False,False,False,False,False,False,False,2026-09-24
1024,1024.HK,KUAISHOU-W,快手－Ｗ,1117.57,100,Equity,Equity Securities (Main Board),30.5,30.7,30.8,30.38,15579663,475.18,30.812,30.53,-1.01,-0.1,-0.91,-1.04,1.87,85.2,92.6,417.8,85.2,92.6,-63.85,-66.74,-92.63,64.2,67.06,False,False,False,False,False,False,False,False,False,2026-09-24
1025,1025.HK,KNT HOLDINGS,嘉艺控股,0.85,"8,000",Equity,Equity Securities (Main Board),0.19,0.192,0.202,0.186,360000,0.07,0.193,0.2,-1.66,-5.0,0.53,-5.0,-4.04,0.35,8.6,88.66,0.35,8.6,-43.1,-97.65,-99.77,46.48,97.79,False,False,False,False,False,False,False,False,False,2026-09-24
1027,1027.HK,ASIA STRAT TECH,亚洲策略科技,11.77,"1,000",Equity,Equity Securities (Main Board),2.82,2.995,2.995,2.82,4000,0.01,2.916,2.814,-3.29,0.21,-5.84,-2.08,-2.08,4.5,5.0,140.0,4.5,5.0,-33.44,-40.1,-97.86,37.33,43.6,False,False,False,False,False,False,False,False,False,2026-09-24
1028,1028.HK,C.BANNER,千百度,21.19,"1,000",Equity,Equity Securities (Main Board),0.85,0.86,0.88,0.845,1020000,0.87,0.903,0.887,-5.87,-4.12,-1.16,-10.99,-5.03,1.83,1.83,3.35,1.83,1.83,-51.91,-51.91,-73.73,53.55,53.55,False,False,False,False,False,False,False,False,False,2026-09-24
1029,1029.HK,IRC,铁货,7.67,"4,000",Equity,Equity Securities (Main Board),0.4,0.4,0.4,0.4,41000,0.02,0.404,0.403,-0.99,-0.74,-1.23,-1.23,0.0,0.63,1.86,4.86,0.63,1.86,-36.51,-78.55,-91.77,36.51,78.55,False,False,False,False,False,False,False,False,False,2026-09-24
1030,1030.HK,SEAZEN,新城发展,105.69,"2,000",Equity,Equity Securities (Main Board),1.455,1.5,1.51,1.45,11848190,17.24,1.494,1.44,-2.61,1.04,-3.96,-3.32,3.19,2.81,3.48,11.06,2.81,3.48,-46.26,-56.61,-86.35,48.22,58.19,False,False,False,False,False,False,False,False,False,2026-09-24
1033,1033.HK,SINOPEC SSC,中石化油服,35.17,"2,000",Equity,Equity Securities (Main Board),0.65,0.645,0.655,0.64,9070000,5.9,0.653,0.665,-0.46,-2.33,1.56,-2.99,-2.26,1.88,1.88,1.88,1.88,1.88,-65.16,-65.16,-65.16,65.43,65.43,False,False,False,False,False,False,False,False,False,2026-09-24
1037,1037.HK,MAXNERVA TECH,云智汇科技,4.38,"2,000",Equity,Equity Securities (Main Board),0.62,0.62,0.62,0.62,16000,0.01,0.611,0.615,1.47,0.81,1.64,1.64,0.81,0.91,1.42,2.93,0.91,1.42,-31.87,-56.34,-78.84,31.87,56.34,False,False,False,False,False,False,False,False,False,2026-09-24
1038,1038.HK,CKI HOLDINGS,长江基建集团,1655.38,500,Equity,Equity Securities (Main Board),65.7,65.6,65.85,65.0,586637,38.54,65.51,65.285,0.29,0.64,0.69,0.23,1.62,67.9,67.9,73.8,67.9,67.9,-3.02,-3.02,-10.77,3.24,3.24,False,False,False,True,False,False,False,True,True,2026-09-24
1044,1044.HK,HENGAN INT'L,恒安国际,231.3,500,Equity,Equity Securities (Main Board),20.02,19.8,20.12,19.8,3171000,63.48,19.916,20.086,0.52,-0.33,0.5,0.6,1.62,29.96,29.96,88.7,29.96,29.96,-32.84,-32.84,-77.32,33.18,33.18,False,False,False,False,False,False,False,False,False,2026-09-24
1045,1045.HK,APT SATELLITE,亚太卫星,18.57,"2,000",Equity,Equity Securities (Main Board),2.0,1.975,2.0,1.96,514000,1.03,2.005,2.079,-0.25,-3.8,1.78,-0.99,-6.1,5.39,5.39,5.71,5.39,5.39,-62.89,-62.89,-64.97,62.89,62.89,False,False,False,False,False,False,False,False,False,2026-09-24
1046,1046.HK,UNIVERSE ENT,寰宇娱乐文化,13.6,"5,000",Equity,Equity Securities (Main Board),1.5,1.385,1.5,1.355,30815806,46.22,1.355,1.208,10.7,24.12,8.3,15.38,28.21,1.42,1.42,1.5,1.5,1.5,5.26,5.26,0.0,0.0,0.0,False,False,False,False,True,True,False,True,True,2026-09-24
1050,1050.HK,KARRIE INT'L,嘉利国际,41.12,"2,000",Equity,Equity Securities (Main Board),1.97,2.0,2.005,1.97,1723700,3.4,2.003,1.964,-1.65,0.31,-2.48,-1.99,3.14,3.51,3.51,3.51,3.51,3.51,-42.88,-42.88,-42.88,43.87,43.87,False,False,False,False,False,False,False,False,False,2026-09-24
1051,1051.HK,G-RESOURCES,国际资源,27.86,"1,000",Equity,Equity Securities (Main Board),6.18,6.45,6.45,6.1,72000,0.44,6.692,7.089,-7.65,-12.83,-4.92,-10.43,-14.05,12.1,12.1,12.1,12.1,12.1,-46.69,-46.69,-46.69,48.93,48.93,False,False,False,False,False,False,False,False,False,2026-09-24
1052,1052.HK,YUEXIUTRANSPORT,越秀交通基建,56.13,"2,000",Equity,Equity Securities (Main Board),3.355,3.355,3.365,3.345,739000,2.48,3.372,3.386,-0.5,-0.9,0.0,-1.32,-0.89,4.81,4.81,7.53,4.81,4.81,-30.04,-30.04,-55.31,30.25,30.25,False,False,False,False,False,False,False,False,False,2026-09-24
1053,1053.HK,CHONGQING IRON,重庆钢铁股份,4.65,"2,000",Equity,Equity Securities (Main Board),0.865,0.88,0.88,0.855,7158000,6.19,0.859,0.859,0.7,0.7,-0.57,1.17,2.37,1.46,2.12,3.21,1.46,2.12,-39.73,-58.49,-72.59,40.75,59.2,False,False,True,True,False,False,False,False,False,2026-09-24
1055,1055.HK,CHINA SOUTH AIR,中国南方航空股份,136.77,"2,000",Equity,Equity Securities (Main Board),2.945,3.0,3.0,2.88,14373012,42.33,2.978,2.958,-1.11,-0.42,-2.48,-1.67,1.55,6.62,6.62,11.0,6.62,6.62,-54.68,-54.68,-72.73,55.51,55.51,False,False,False,False,False,False,False,False,False,2026-09-24
1057,1057.HK,ZHEJIANG SHIBAO,浙江世宝,8.28,"2,000",Equity,Equity Securities (Main Board),3.82,3.78,3.91,3.78,3442000,13.15,3.864,3.833,-1.14,-0.34,1.06,-2.05,-0.78,7.39,7.39,7.39,7.39,7.39,-47.09,-47.09,-47.09,48.31,48.31,False,False,False,False,False,False,False,False,False,2026-09-24
1060,1060.HK,DAMAI ENT,大麦娱乐,139.39,"10,000",Equity,Equity Securities (Main Board),0.465,0.47,0.47,0.465,22735781,10.57,0.476,0.485,-2.31,-4.22,-1.06,-3.12,-3.12,1.08,1.37,1.85,1.08,1.37,-56.48,-65.69,-74.59,56.94,66.06,False,False,False,False,False,False,False,False,False,2026-09-24
1061,1061.HK,ESSEX BIO-TECH,亿胜生物科技,12.06,"1,000",Equity,Equity Securities (Main Board),2.135,2.115,2.135,2.105,106000,0.23,2.183,2.121,-2.2,0.66,-0.93,-4.04,1.91,4.5,6.12,9.6,4.5,6.12,-52.56,-65.11,-77.76,52.56,65.11,False,False,False,False,False,False,False,False,False,2026-09-24
1062,1062.HK,CDB INT'L INV,国开国际投资,2.79,"10,000",Equity,Investment Companies,0.096,0.098,0.105,0.092,7640000,0.73,0.098,0.091,-2.04,5.03,-3.03,-3.03,0.0,0.12,0.13,0.31,0.12,0.13,-13.93,-18.6,-66.67,21.31,25.58,False,False,False,False,False,False,False,False,False,2026-09-24
1064,1064.HK,ZHONG HUA INT'L,中华国际,0.49,"5,000",Equity,Equity Securities (Main Board),0.064,0.064,0.065,0.062,585000,0.04,0.066,0.071,-3.61,-9.86,-4.48,-7.25,1.59,0.13,0.17,0.48,0.13,0.17,-49.22,-61.76,-86.46,50.0,62.35,False,False,False,False,False,False,False,False,False,2026-09-24
1065,1065.HK,TIANJIN CAPITAL,天津创业环保股份,12.41,"2,000",Equity,Equity Securities (Main Board),3.65,3.63,3.65,3.625,132000,0.48,3.673,3.689,-0.63,-1.07,-0.14,-1.48,-0.95,4.86,10.02,10.02,4.86,10.02,-24.9,-63.57,-63.57,24.9,63.57,False,False,False,False,False,False,False,False,False,2026-09-24
1066,1066.HK,WEIGAO GROUP,威高股份,145.05,400,Equity,Equity Securities (Main Board),3.255,3.295,3.3,3.23,7560400,24.61,3.248,3.194,0.22,1.91,-1.21,-0.15,3.01,5.68,8.02,22.7,5.68,8.02,-41.9,-58.85,-85.46,42.69,59.41,False,False,False,False,False,False,False,False,False,2026-09-24
1068,1068.HK,YURUN FOOD,雨润食品,1.42,"1,000",Equity,Equity Securities (Main Board),0.078,0.074,0.079,0.074,8000,0.0,0.077,0.077,1.83,1.83,5.41,0.0,4.0,0.14,0.31,2.58,0.14,0.31,-42.34,-74.52,-96.94,43.07,74.84,False,False,False,True,False,False,False,False,False,2026-09-24
1070,1070.HK,TCL ELECTRONICS,ＴＣＬ电子,423.52,"1,000",Equity,Equity Securities (Main Board),16.8,16.75,16.87,16.56,4812000,80.84,16.744,16.886,0.33,-0.51,1.33,1.45,-0.77,17.71,17.71,17.71,17.71,17.71,-4.74,-4.74,-4.74,5.14,5.14,False,False,False,False,False,False,False,True,True,2026-09-24
1071,1071.HK,HUADIAN POWER,华电国际电力股份,68.69,"2,000",Equity,Equity Securities (Main Board),4.0,4.01,4.02,3.965,1899778,7.6,4.014,4.061,-0.35,-1.5,1.01,-0.74,-1.36,4.89,5.57,5.57,4.89,5.57,-17.79,-27.83,-27.83,18.2,28.19,False,False,False,False,False,False,False,False,False,2026-09-24
1072,1072.HK,DONGFANG ELEC,东方电气,74.58,200,Equity,Equity Securities (Main Board),18.28,18.38,18.64,18.25,3057800,55.9,18.86,18.963,-3.08,-3.6,-0.6,-5.53,-3.23,46.7,119.9,119.9,46.7,119.9,-60.09,-84.45,-84.45,60.86,84.75,False,False,False,False,False,False,False,False,False,2026-09-24
1073,1073.HK,DA YU FIN,大禹金融,3.42,"5,000",Equity,Equity Securities (Main Board),0.1,0.1,0.1,0.1,80000,0.01,0.1,0.1,-0.2,0.1,-0.99,0.0,0.0,0.13,0.21,2.19,0.13,0.21,-25.37,-52.44,-95.44,25.37,52.44,False,False,False,False,False,False,False,False,False,2026-09-24
1075,1075.HK,CAPINFO,首都信息,1.31,"1,000",Equity,Equity Securities (Main Board),1.69,1.68,1.69,1.68,23200,0.04,1.692,1.702,-0.12,-0.68,0.3,-0.29,-0.29,3.22,3.65,7.6,3.22,3.65,-47.52,-53.7,-77.76,47.52,53.7,False,False,False,False,False,False,False,False,False,2026-09-24
1079,1079.HK,PINE TECH,松景科技,4.28,"10,000",Equity,Equity Securities (Main Board),0.2,0.196,0.201,0.196,90000,0.02,0.197,0.197,1.52,1.47,4.71,2.04,1.01,0.37,0.75,2.18,0.37,0.75,-44.93,-73.2,-90.78,45.21,73.33,False,False,False,True,False,False,False,False,False,2026-09-24
1080,1080.HK,SHENGLI PIPE,胜利管道,1.9,"1,500",Equity,Equity Securities (Main Board),0.049,0.049,0.049,0.049,16500,0.0,0.05,0.052,-2.78,-6.13,0.0,-3.92,-7.55,0.13,0.17,0.47,0.13,0.17,-62.88,-71.01,-89.57,62.88,71.01,False,False,False,False,False,False,False,False,False,2026-09-24
1081,1081.HK,DAJIN,大金重工,31.42,100,Equity,Equity Securities (Main Board),30.7,29.98,32.2,29.22,4263900,130.9,31.004,31.726,-0.98,-3.23,3.51,-2.91,-9.01,66.95,66.95,66.95,66.95,66.95,-51.9,-51.9,-51.9,54.14,54.14,False,False,False,False,False,False,False,False,False,2026-09-24
1082,1082.HK,BDV EDU INTL,源宇宙教育,6.29,"4,000",Equity,Equity Securities (Main Board),1.035,1.015,1.155,0.975,456400,0.47,1.01,1.012,2.48,2.22,1.97,3.5,0.49,1.52,2.24,2.24,1.52,2.24,-24.01,-48.44,-48.44,31.91,53.79,False,False,True,True,False,False,False,False,False,2026-09-24
1083,1083.HK,TG SMART ENERGY,港华智慧能源,109.85,"1,000",Equity,Equity Securities (Main Board),2.905,2.89,2.93,2.88,1128590,3.28,2.885,2.932,0.69,-0.9,0.0,1.75,1.93,4.23,4.36,8.18,4.23,4.36,-30.73,-32.8,-64.18,31.32,33.37,False,False,True,False,False,False,False,False,False,2026-09-24
1084,1084.HK,GREEN FRESH BIO,绿新生物科技,5.73,"2,000",Equity,Equity Securities (Main Board),0.655,0.64,0.655,0.63,40000,0.03,0.658,0.66,-0.46,-0.76,0.0,-0.76,-0.76,0.79,0.96,4.85,0.79,0.96,-17.09,-31.77,-86.49,17.09,31.77,False,False,False,False,False,False,False,False,False,2026-09-24
1085,1085.HK,HXTL,亨鑫科技,7.45,"2,000",Equity,Equity Securities (Main Board),1.6,1.63,1.63,1.63,2000,0.0,1.584,1.645,1.01,-2.74,0.0,4.58,-5.33,2.09,2.6,6.15,2.09,2.6,-22.01,-37.31,-73.5,23.44,38.46,False,False,False,False,False,False,False,False,False,2026-09-24
1086,1086.HK,GOODBABY INTL,好孩子国际,17.82,"1,000",Equity,Equity Securities (Main Board),1.065,1.01,1.08,1.01,5735000,6.11,1.004,0.96,6.08,10.94,5.45,5.45,13.3,1.16,1.66,5.58,1.16,1.66,-6.9,-34.94,-80.65,8.19,35.84,False,False,False,False,False,False,False,True,False,2026-09-24
1087,1087.HK,INVESTECH HLDGS,威讯控股,4.11,"2,000",Equity,Equity Securities (Main Board),1.715,1.75,1.75,1.71,120000,0.21,1.774,1.703,-3.33,0.73,0.59,-5.51,-6.03,2.0,2.08,42.8,2.0,2.08,-12.5,-15.87,-95.91,14.25,17.55,False,False,False,False,False,False,False,False,False,2026-09-24
1088,1088.HK,CHINA SHENHUA,中国神华,1508.38,500,Equity,Equity Securities (Main Board),44.66,44.48,45.28,44.46,5335411,238.28,44.852,45.126,-0.43,-1.03,-0.04,-0.98,-0.13,49.62,49.62,49.62,49.62,49.62,-8.75,-8.75,-8.75,10.0,10.0,False,False,False,False,False,False,False,True,True,2026-09-24
1090,1090.HK,DA MING INT'L,大明国际,8.92,"2,000",Equity,Equity Securities (Main Board),0.7,0.7,0.7,0.7,2000,0.0,0.668,0.664,4.79,5.42,6.06,6.06,6.06,0.9,1.47,4.25,0.9,1.47,-22.22,-52.38,-83.53,22.22,52.38,False,False,False,False,False,False,False,False,False,2026-09-24
1091,1091.HK,SOUTH MANGANESE,南方锰业,26.66,"1,000",Equity,Equity Securities (Main Board),0.45,0.43,0.46,0.425,7966000,3.58,0.441,0.428,2.04,5.02,4.65,4.65,-1.1,0.71,0.79,1.89,0.71,0.79,-35.21,-41.77,-75.66,36.62,43.04,False,False,False,True,False,False,False,False,False,2026-09-24
1093,1093.HK,CSPC PHARMA,石药集团,1076.2,"2,000",Equity,Equity Securities (Main Board),9.34,9.65,9.665,9.31,78554300,733.7,9.447,9.116,-1.13,2.45,-3.21,-2.76,5.54,10.96,11.63,13.93,10.96,11.63,-11.82,-16.9,-30.63,14.78,19.69,False,False,False,False,False,False,False,False,False,2026-09-24
1094,1094.HK,CHERISH SUN,承辉国际,2.24,"8,000",Equity,Equity Securities (Main Board),0.315,0.32,0.32,0.31,336000,0.11,0.321,0.323,-1.87,-2.63,-3.08,-1.56,-3.08,0.6,0.99,8.43,0.6,0.99,-46.67,-67.68,-96.2,47.5,68.18,False,False,False,False,False,False,False,False,False,2026-09-24
1097,1097.HK,CTFME,周大福媒体娱乐,4.64,"20,000",Equity,Equity Securities (Main Board),0.065,0.066,0.067,0.062,11384766,0.74,0.066,0.066,-2.11,-0.91,1.56,-8.45,0.0,0.12,0.17,0.65,0.12,0.17,-41.74,-61.27,-89.65,43.48,62.43,False,False,False,False,False,False,False,False,False,2026-09-24
1099,1099.HK,SINOPHARM,国药控股,200.06,400,Equity,Equity Securities (Main Board),14.91,15.0,15.08,14.88,3298568,49.18,15.026,15.099,-0.77,-1.25,-1.0,-1.32,-0.8,22.34,23.65,45.65,22.34,23.65,-32.5,-36.24,-66.97,33.26,36.96,False,False,False,False,False,False,False,False,False,2026-09-24
1100,1100.HK,MAINLAND HOLD,飞达控股,5.62,"2,000",Equity,Equity Securities (Main Board),1.31,1.32,1.32,1.295,6000,0.01,1.309,1.313,0.08,-0.23,0.0,0.38,0.38,2.2,2.2,2.28,2.2,2.2,-40.0,-40.0,-42.11,40.45,40.45,False,False,True,False,False,False,False,False,False,2026-09-24
1102,1102.HK,ENVIRO ENERGY,环能国际,2.8,"2,000",Equity,Equity Securities (Main Board),0.1,0.1,0.101,0.1,256000,0.03,0.099,0.099,0.6,1.11,3.09,0.0,1.01,0.21,0.21,5.4,0.21,0.21,-51.9,-51.9,-98.13,52.38,52.38,False,False,False,False,False,False,False,False,False,2026-09-24
1104,1104.HK,APAC RESOURCES,亚太资源,32.9,"20,000",Equity,Equity Securities (Main Board),2.2,2.27,2.27,2.115,8030000,17.67,2.127,2.107,3.43,4.39,2.8,4.76,6.28,3.89,3.89,3.89,3.89,3.89,-41.65,-41.65,-41.65,43.44,43.44,False,False,True,False,False,False,False,False,False,2026-09-24
1105,1105.HK,SING TAO,星岛,1.56,"2,000",Equity,Equity Securities (Main Board),0.177,0.192,0.196,0.177,120000,0.02,0.187,0.188,-5.35,-5.65,-7.81,-9.23,-9.23,0.25,0.44,1.87,0.25,0.44,-20.97,-55.45,-89.52,28.63,59.77,False,False,False,False,False,False,False,False,False,2026-09-24
1108,1108.HK,TRIUMPH NEW EN,凯盛新能,5.4,"2,000",Equity,Equity Securities (Main Board),2.16,2.215,2.215,2.16,1676000,3.62,2.232,2.285,-3.23,-5.45,-2.48,-3.79,-3.57,4.95,6.13,20.25,4.95,6.13,-55.25,-63.87,-89.06,56.36,64.76,False,False,False,False,False,False,False,False,False,2026-09-24
1109,1109.HK,CHINA RES LAND,华润置地,2072.25,500,Equity,Equity Securities (Main Board),29.06,29.04,29.5,28.7,29595212,860.04,29.124,28.986,-0.22,0.26,-1.89,-0.41,1.96,39.88,39.88,41.3,39.88,39.88,-26.03,-26.03,-28.57,27.13,27.13,False,False,False,False,False,False,False,False,False,2026-09-24
1110,1110.HK,KINGWORLD,金活医药集团,2.4,"4,000",Equity,Equity Securities (Main Board),0.385,0.38,0.385,0.37,1268000,0.49,0.377,0.381,2.12,1.18,1.32,2.67,0.0,0.78,0.87,1.8,0.78,0.87,-50.64,-55.75,-78.61,50.64,55.75,False,False,True,True,False,False,False,False,False,2026-09-24
1111,1111.HK,HUASHI GROUP,华视集团控股,1.91,"4,000",Equity,Equity Securities (Main Board),0.248,0.24,0.248,0.24,132000,0.03,0.246,0.244,0.73,1.47,-0.8,1.22,2.48,0.32,2.39,2.39,0.32,2.39,-22.5,-89.62,-89.62,22.5,89.62,False,False,True,True,False,False,False,False,False,2026-09-24
1112,1112.HK,H&H INTL HLDG,Ｈ＆Ｈ国际控股,119.04,500,Equity,Equity Securities (Main Board),18.44,17.5,18.47,17.5,2847500,52.51,17.502,17.468,5.36,5.56,2.44,9.37,9.7,19.3,19.3,64.5,19.3,19.3,-4.3,-4.3,-71.36,4.46,4.46,True,True,False,False,False,False,False,True,True,2026-09-24
1113,1113.HK,CK ASSET,长实集团,1616.2,500,Equity,Equity Securities (Main Board),46.18,46.24,46.6,46.08,3147109,145.33,46.264,46.566,-0.18,-0.83,-0.73,0.39,0.0,52.35,52.35,75.3,52.35,52.35,-10.98,-10.98,-38.11,11.79,11.79,False,False,False,False,False,False,False,False,False,2026-09-24
1114,1114.HK,BRILLIANCE CHI,BRILLIANCE CHI,91.07,"2,000",Equity,Equity Securities (Main Board),1.805,1.765,1.81,1.75,9158000,16.53,1.773,1.763,1.8,2.35,2.27,0.84,4.34,4.45,8.95,23.85,4.45,8.95,-59.33,-79.78,-92.41,59.44,79.83,False,False,False,True,False,False,False,False,False,2026-09-24
1115,1115.HK,5100 XIZANG,５１００藏冰川,28.44,"10,000",Equity,Equity Securities (Main Board),0.505,0.505,0.515,0.5,7170000,3.62,0.511,0.475,-1.17,6.32,0.0,-1.94,2.02,0.68,0.76,3.83,0.68,0.76,-24.26,-32.24,-86.54,25.74,33.55,False,False,False,False,False,False,False,False,False,2026-09-24
1117,1117.HK,CH MODERN D,现代牧业,122.69,"1,000",Equity,Equity Securities (Main Board),1.55,1.57,1.6,1.545,12278000,19.03,1.59,1.593,-2.52,-2.67,-1.27,-3.43,-3.13,1.74,1.74,3.1,1.74,1.74,-7.78,-7.78,-48.39,10.66,10.66,False,False,False,False,False,False,False,False,False,2026-09-24
1119,1119.HK,IDREAMSKY,创梦天地,7.45,400,Equity,Equity Securities (Main Board),0.365,0.36,0.365,0.345,791200,0.29,0.361,0.38,1.11,-3.95,5.8,7.35,-6.41,0.66,3.28,9.7,0.66,3.28,-44.7,-88.87,-96.24,44.7,88.87,False,False,False,False,False,False,False,False,False,2026-09-24
1121,1121.HK,GOLDENSOLAR,金阳新能源,7.02,"2,000",Equity,Equity Securities (Main Board),0.365,0.36,0.36,0.36,20000,0.01,0.374,0.367,-2.41,-0.41,0.0,-3.95,0.0,1.87,6.98,17.68,1.87,6.98,-80.75,-94.84,-97.96,80.48,94.77,False,False,False,False,False,False,False,False,False,2026-09-24
1122,1122.HK,QINGLING MOTORS,庆铃汽车股份,5.88,"2,000",Equity,Equity Securities (Main Board),0.475,0.49,0.49,0.47,2060000,0.98,0.471,0.472,0.85,0.74,-3.06,4.4,2.15,1.45,1.45,2.73,1.45,1.45,-66.21,-66.21,-82.05,67.24,67.24,False,False,False,True,False,False,False,False,False,2026-09-24
1126,1126.HK,DREAM INT'L,德林国际,40.61,500,Equity,Equity Securities (Main Board),6.0,6.135,6.15,5.96,456000,2.74,6.127,6.188,-2.07,-3.03,-2.91,-2.2,-3.07,9.5,19.62,19.62,9.5,19.62,-35.26,-68.65,-68.65,36.84,69.42,False,False,False,False,False,False,False,False,False,2026-09-24
1127,1127.HK,LION ROCK GROUP,狮子山集团,9.12,"4,000",Equity,Equity Securities (Main Board),1.185,1.19,1.19,1.185,72000,0.09,1.188,1.19,-0.25,-0.42,-0.42,0.0,0.42,1.4,1.6,1.67,1.4,1.6,-15.0,-25.62,-28.88,15.36,25.94,False,False,False,False,False,False,False,False,False,2026-09-24
1128,1128.HK,WYNN MACAU,永利澳门,274.32,400,Equity,Equity Securities (Main Board),5.175,5.15,5.205,5.075,2814447,14.56,5.143,5.241,0.62,-1.26,0.68,1.17,-0.48,6.24,8.45,31.35,6.24,8.45,-16.59,-38.4,-83.4,17.07,38.76,True,False,False,False,False,False,False,False,False,2026-09-24
1130,1130.HK,CHINA ENV RES,中国环境资源,2.31,"20,000",Equity,Equity Securities (Main Board),0.41,0.41,0.41,0.41,22600,0.01,0.449,0.478,-8.69,-14.32,-1.2,-14.58,-18.0,0.71,0.83,2.28,0.71,0.83,-42.25,-50.6,-81.98,42.25,50.6,False,False,False,False,False,False,False,False,False,2026-09-24
1133,1133.HK,HARBIN ELECTRIC,哈尔滨电气,93.84,"2,000",Equity,Equity Securities (Main Board),13.89,13.91,14.14,13.8,2305000,32.02,14.2,14.254,-2.18,-2.55,-1.0,-6.09,-0.71,28.88,28.88,28.88,28.88,28.88,-51.04,-51.04,-51.04,51.9,51.9,False,False,False,False,False,False,False,False,False,2026-09-24
1137,1137.HK,HK TECH VENTURE,香港科技探索,7.95,"1,000",Equity,Equity Securities (Main Board),1.005,1.005,1.015,1.005,147000,0.15,0.994,1.008,1.11,-0.3,-0.99,0.5,-0.5,1.48,3.45,17.02,1.48,3.45,-31.42,-70.58,-94.04,32.09,70.87,False,False,False,False,False,False,False,False,False,2026-09-24
1138,1138.HK,COSCO SHIP ENGY,中远海能,251.04,"2,000",Equity,Equity Securities (Main Board),19.37,19.0,19.69,18.82,26219436,507.87,19.458,18.997,-0.45,1.96,2.7,-5.79,0.41,22.4,22.4,22.4,22.4,22.4,-12.1,-12.1,-12.1,13.53,13.53,False,False,False,False,False,False,False,False,False,2026-09-24
1140,1140.HK,HK.AI CAPITAL,华科智能投资,13.06,"4,000",Equity,Investment Companies,0.112,0.112,0.112,0.108,508000,0.06,0.113,0.111,-0.53,0.72,3.7,-5.08,3.7,0.26,0.45,4.03,0.26,0.45,-56.92,-75.11,-97.22,56.92,75.11,False,False,False,False,False,False,False,False,False,2026-09-24
1141,1141.HK,CMBC CAPITAL,民银资本,6.86,"1,000",Equity,Equity Securities (Main Board),0.625,0.595,0.66,0.595,4654000,2.91,0.607,0.616,2.97,1.54,5.04,2.46,2.46,5.87,5.87,29.6,5.87,5.87,-88.76,-88.76,-97.77,89.35,89.35,False,False,False,True,False,False,False,False,False,2026-09-24
1142,1142.HK,E&P GLOBAL,能源及能量环球,11.14,"2,000",Equity,Equity Securities (Main Board),0.078,0.08,0.082,0.074,7598000,0.59,0.08,0.082,-2.99,-4.76,-2.5,-2.5,-10.34,0.24,5.65,5.65,0.24,5.65,-66.39,-98.55,-98.55,68.03,98.62,False,False,False,False,False,False,False,False,False,2026-09-24
1145,1145.HK,COURAGE INV,勇利投资,1.42,"20,000",Equity,Equity Securities (Main Board),0.129,0.13,0.13,0.129,60000,0.01,0.13,0.135,-0.77,-4.66,6.61,-7.86,-8.51,0.17,0.24,2.28,0.17,0.24,-25.29,-44.92,-94.29,25.86,45.34,False,False,False,False,False,False,False,False,False,2026-09-24
1146,1146.HK,HUICHENG INTL H,汇成国际控股,1.95,"2,000",Equity,Equity Securities (Main Board),0.055,0.05,0.057,0.05,252000,0.01,0.053,0.054,4.56,2.04,7.84,3.77,3.77,0.08,0.13,0.49,0.08,0.13,-24.0,-56.49,-88.37,26.67,58.02,False,False,False,True,False,False,False,False,False,2026-09-24
1147,1147.HK,EDENSOFT,伊登软件,2.6,"10,000",Equity,Equity Securities (Main Board),0.127,0.103,0.137,0.103,61673675,7.83,0.109,0.106,16.09,19.59,27.0,18.69,22.12,0.18,0.18,0.25,0.18,0.18,-24.73,-25.54,-46.27,30.22,30.98,False,False,False,True,False,False,False,False,False,2026-09-24
1150,1150.HK,MILAN STATION,米兰站,0.82,"10,000",Equity,Equity Securities (Main Board),0.078,0.075,0.075,0.075,13500,0.0,0.075,0.074,4.28,4.84,5.41,5.41,5.41,0.18,0.38,1.76,0.18,0.38,-58.56,-80.52,-95.73,56.91,79.74,False,False,False,False,False,False,False,False,False,2026-09-24
1152,1152.HK,MOMENTUM FIN,正乾金融控股,6.96,"2,000",Equity,Equity Securities (Main Board),0.194,0.195,0.196,0.19,1754000,0.34,0.194,0.199,-0.1,-2.61,0.0,-1.02,-3.0,0.47,0.53,1.15,0.47,0.53,-58.74,-63.02,-82.96,59.16,63.4,False,False,False,False,False,False,False,False,False,2026-09-24
1153,1153.HK,JIAYUAN SER,佳源服务,2.18,"1,000",Equity,Equity Securities (Main Board),0.325,0.325,0.325,0.325,2000,0.0,0.338,0.335,-3.85,-3.13,-7.14,-4.41,3.17,0.5,0.64,4.3,0.5,0.64,-35.0,-49.22,-92.44,35.0,49.22,False,False,False,False,False,False,False,False,False,2026-09-24
1156,1156.HK,CHINANEWENERGY,CHINANEWENERGY,1.98,"4,000",Equity,Equity Securities (Main Board),0.28,0.265,0.285,0.255,2124000,0.59,0.273,0.28,2.56,0.0,5.66,5.66,0.0,0.36,0.36,1.38,0.36,0.36,-20.83,-20.83,-79.35,22.22,22.22,False,False,False,True,False,False,False,False,False,2026-09-24
1157,1157.HK,ZOOMLION,中联重科,86.94,200,Equity,Equity Securities (Main Board),5.6,5.55,5.65,5.535,5920200,33.15,5.73,5.796,-2.27,-3.38,0.18,-4.36,-2.35,10.67,10.67,13.98,10.67,10.67,-47.05,-47.05,-59.59,47.52,47.52,False,False,False,False,False,False,False,False,False,2026-09-24
1160,1160.HK,GOLDSTONE CAP,金石资本集团,0.72,"100,000",Equity,Investment Companies,0.305,0.305,0.305,0.305,100000,0.03,0.351,0.388,-13.11,-21.29,1.67,-23.75,-29.07,0.65,0.65,1.35,0.65,0.65,-53.08,-53.08,-77.41,53.08,53.08,False,False,False,False,False,False,False,False,False,2026-09-24
1161,1161.HK,WATER OASIS GP,奥思集团,8.37,"2,000",Equity,Equity Securities (Main Board),1.23,1.245,1.25,1.225,376000,0.46,1.259,1.257,-2.3,-2.19,-2.77,-2.77,-4.28,1.42,1.6,2.0,1.42,1.6,-11.97,-21.88,-37.5,13.38,23.12,False,False,False,False,False,False,False,False,False,2026-09-24
1162,1162.HK,LUMINA GROUP,莹岚集团,1.48,"8,000",Equity,Equity Securities (Main Board),0.247,0.238,0.238,0.238,16000,0.0,0.247,0.245,-0.08,0.78,0.0,0.0,2.92,0.28,0.66,4.04,0.28,0.66,-13.45,-63.94,-94.11,10.18,62.58,False,False,False,False,False,False,False,False,False,2026-09-24
1164,1164.HK,CGN MINING,中广核矿业,164.93,"5,000",Equity,Equity Securities (Main Board),2.17,2.155,2.19,2.15,24005000,52.09,2.214,2.172,-1.99,-0.09,-2.69,-2.47,3.58,5.66,5.66,5.66,5.66,5.66,-61.31,-61.31,-61.31,61.66,61.66,False,False,False,False,False,False,False,False,False,2026-09-24
1166,1166.HK,SOLARTECH INT'L,星凯控股,0.36,"10,000",Equity,Equity Securities (Main Board),0.255,0.295,0.295,0.25,250000,0.06,0.286,0.288,-10.84,-11.3,-13.56,-10.53,-22.73,0.9,0.9,32.8,0.9,0.9,-67.22,-67.22,-99.1,71.67,71.67,False,False,False,False,False,False,False,False,False,2026-09-24
1167,1167.HK,JACOBIO-B,加科思－Ｂ,45.37,300,Equity,Equity Securities (Main Board),5.8,6.37,6.395,5.77,1118100,6.48,5.899,5.841,-1.68,-0.7,-6.15,-3.33,1.58,8.28,11.8,25.35,8.28,11.8,-22.77,-45.81,-74.77,29.95,50.85,False,False,False,False,False,False,False,False,False,2026-09-24
1168,1168.HK,Z FIN,Z FIN,22.04,"1,000",Equity,Equity Securities (Main Board),5.05,5.03,5.185,5.005,187000,0.94,5.067,5.115,-0.34,-1.27,0.5,-0.39,-2.42,6.09,12.26,31.7,6.09,12.26,-14.86,-57.71,-83.64,17.08,58.81,False,False,False,False,False,False,False,False,False,2026-09-24
1170,1170.HK,KINGMAKER,信星集团,2.6,"2,000",Equity,Equity Securities (Main Board),0.39,0.375,0.375,0.375,4000,0.0,0.391,0.401,-0.26,-2.86,0.0,0.0,-1.27,0.53,0.92,2.6,0.53,0.92,-29.25,-59.24,-85.58,26.42,57.61,False,False,False,False,False,False,False,False,False,2026-09-24
1171,1171.HK,YANKUANG ENERGY,兖矿能源,480.09,"2,000",Equity,Equity Securities (Main Board),11.78,11.75,12.02,11.65,21129095,248.9,12.024,12.308,-2.03,-4.29,-0.51,-4.54,-4.62,17.42,17.42,18.72,17.42,17.42,-31.0,-31.0,-35.78,32.38,32.38,False,False,False,False,False,False,False,False,False,2026-09-24
1172,1172.HK,MAGNUSCONCORDIA,融太集团,1.27,"20,000",Equity,Equity Securities (Main Board),0.022,0.024,0.024,0.021,260000,0.01,0.023,0.023,-5.98,-3.08,-8.33,-12.0,-4.35,0.03,0.08,0.49,0.03,0.08,-11.11,-70.0,-95.11,18.52,72.5,False,False,False,False,False,False,False,False,False,2026-09-24
1176,1176.HK,ZHUGUANG HOLD,珠光控股,1.77,"2,000",Equity,Equity Securities (Main Board),0.02,0.019,0.02,0.018,6234000,0.12,0.019,0.019,6.38,6.95,5.26,11.11,11.11,0.05,0.81,2.73,0.05,0.81,-63.64,-97.53,-99.27,63.64,97.53,False,False,True,True,False,False,False,False,False,2026-09-24
1177,1177.HK,SBP GROUP,中国生物制药,1044.38,"1,000",Equity,Equity Securities (Main Board),5.59,5.65,5.67,5.54,52818514,295.26,5.701,5.563,-1.95,0.48,-1.76,-5.57,1.73,7.29,9.12,11.24,7.29,9.12,-22.22,-37.83,-49.56,23.32,38.71,False,False,False,False,False,False,False,False,False,2026-09-24
1179,1179.HK,HWORLD-S,华住集团－Ｓ,1019.75,100,Equity,Equity Securities (Main Board),33.16,33.62,33.86,33.0,1163491,38.58,33.784,33.702,-1.85,-1.61,-2.18,-3.04,-1.01,44.26,44.26,49.3,44.26,44.26,-23.5,-23.5,-31.32,25.08,25.08,False,False,False,False,False,False,False,False,False,2026-09-24
1180,1180.HK,PARADISE ENT,汇彩控股,9.84,"4,000",Equity,Equity Securities (Main Board),0.935,0.935,0.95,0.92,592000,0.55,0.938,0.935,-0.32,0.0,-1.06,0.0,0.0,1.1,2.7,2.7,1.1,2.7,-13.24,-64.81,-64.81,14.61,65.37,False,False,False,False,False,False,False,False,False,2026-09-24
1183,1183.HK,MECOM POWER,澳能建设,4.62,"2,000",Equity,Equity Securities (Main Board),0.116,0.116,0.118,0.116,422000,0.05,0.119,0.121,-2.36,-4.29,-1.69,-1.69,-3.33,0.22,0.47,2.35,0.22,0.47,-46.36,-74.62,-94.97,47.27,75.05,False,False,False,False,False,False,False,False,False,2026-09-24
1184,1184.HK,S.A.S. DRAGON,S.A.S. DRAGON,50.38,"2,000",Equity,Equity Securities (Main Board),8.05,8.14,8.14,8.005,24000,0.19,8.151,8.335,-1.24,-3.43,-2.78,0.44,-2.07,9.3,9.3,9.3,9.3,9.3,-12.47,-12.47,-12.47,13.44,13.44,False,False,False,False,False,False,False,False,False,2026-09-24
1186,1186.HK,CHINA RAIL CONS,中国铁建,89.38,500,Equity,Equity Securities (Main Board),4.305,4.35,4.365,4.305,4178000,17.99,4.381,4.409,-1.73,-2.36,-0.92,-2.93,-3.37,5.7,7.03,11.98,5.7,7.03,-23.42,-37.91,-63.56,24.47,38.76,False,False,False,False,False,False,False,False,False,2026-09-24
1187,1187.HK,COFOE MEDICAL,可孚医疗,8.07,100,Equity,Equity Securities (Main Board),29.9,30.4,30.44,29.9,25700,0.77,30.832,31.52,-3.02,-5.14,-2.67,-5.97,-8.62,41.0,41.0,41.0,41.0,41.0,-25.76,-25.76,-25.76,27.07,27.07,False,False,False,False,False,False,False,False,False,2026-09-24
1191,1191.HK,CREALIGHTS,海光芯正,154.0,50,Equity,Equity Securities (Main Board),168.2,149.8,171.1,148.9,2259000,379.96,160.66,151.84,4.69,10.77,9.43,2.25,1.88,219.6,219.6,219.6,219.6,219.6,-22.09,-22.09,-22.09,23.41,23.41,False,False,False,True,False,False,False,False,False,2026-09-24
1193,1193.HK,CHINA RES GAS,华润燃气,375.1,100,Equity,Equity Securities (Main Board),16.21,16.17,16.26,16.02,1049004,17.0,16.222,16.307,-0.07,-0.59,0.06,-1.04,-0.55,22.66,35.2,52.25,22.66,35.2,-28.24,-53.81,-68.88,28.46,53.95,False,False,False,False,False,False,False,False,False,2026-09-24
1195,1195.HK,KINGWELL GROUP,京维集团,0.52,"4,000",Equity,Equity Securities (Main Board),0.018,0.018,0.019,0.017,11076000,0.2,0.021,0.02,-15.09,-8.63,-10.0,-21.74,-5.26,0.03,0.05,0.22,0.03,0.05,-34.48,-59.57,-91.2,37.93,61.7,False,False,False,False,False,False,False,False,False,2026-09-24
1199,1199.HK,COSCO SHIP PORT,中远海运港口,244.82,"2,000",Equity,Equity Securities (Main Board),6.095,5.945,6.1,5.935,9346677,56.97,5.986,5.908,1.82,3.17,2.09,1.58,2.18,6.56,6.56,9.95,6.56,6.56,-7.01,-7.01,-38.69,7.09,7.09,False,False,False,False,False,False,False,True,True,2026-09-24
1200,1200.HK,MIDLAND HOLDING,美联集团,12.83,"2,000",Equity,Equity Securities (Main Board),1.79,1.815,1.815,1.775,274000,0.49,1.787,1.784,0.17,0.31,-1.38,1.13,0.56,3.52,3.52,3.52,3.52,3.52,-48.44,-48.44,-48.44,49.15,49.15,False,False,False,True,False,False,False,False,False,2026-09-24
1201,1201.HK,TESSON HOLDINGS,天臣控股,9.23,"3,000",Equity,Equity Securities (Main Board),2.1,2.2,2.2,2.08,204000,0.43,2.081,2.059,0.91,1.97,-4.55,9.66,0.48,3.95,3.95,16.4,3.95,3.95,-44.3,-44.3,-86.59,46.84,46.84,False,False,False,False,False,False,False,False,False,2026-09-24
1202,1202.HK,SIWI SCI & TECH,四威科技,2.32,"2,000",Equity,Equity Securities (Main Board),1.45,1.455,1.465,1.43,142000,0.21,1.475,1.466,-1.69,-1.09,-3.65,-2.68,-0.68,1.92,1.92,2.35,1.92,1.92,-23.7,-23.7,-37.66,24.48,24.48,False,False,False,False,False,False,False,False,False,2026-09-24
1203,1203.HK,GUANGNAN (HOLD),广南（集团）,5.99,"2,000",Equity,Equity Securities (Main Board),0.66,0.64,0.66,0.64,40000,0.03,0.66,0.661,0.0,-0.08,0.0,0.0,0.0,0.88,1.14,1.28,0.88,1.14,-25.0,-42.11,-48.44,25.0,42.11,False,False,False,False,False,False,False,False,False,2026-09-24
1205,1205.HK,CITIC RESOURCES,中信资源,45.97,"2,000",Equity,Equity Securities (Main Board),0.585,0.575,0.59,0.57,9416000,5.51,0.563,0.529,3.91,10.59,2.63,3.54,18.18,0.65,0.65,1.22,0.65,0.65,-9.23,-9.23,-51.64,10.0,10.0,False,False,False,False,False,False,False,True,True,2026-09-24
1206,1206.HK,TECHNOVATOR,同方泰德,1.45,"2,000",Equity,Equity Securities (Main Board),0.186,0.186,0.186,0.186,6000,0.0,0.175,0.182,6.04,2.14,10.71,8.77,1.09,0.41,0.45,3.42,0.41,0.45,-54.07,-58.67,-94.56,54.07,58.67,False,False,False,False,False,False,False,False,False,2026-09-24
1208,1208.HK,MMG,五矿资源,1101.58,"4,000",Equity,Equity Securities (Main Board),8.575,8.78,8.795,8.47,26960403,231.19,8.768,8.719,-2.2,-1.65,-3.27,-2.67,0.06,11.96,11.96,11.96,11.96,11.96,-26.46,-26.46,-26.46,28.3,28.3,False,False,False,False,False,False,False,False,False,2026-09-24
1209,1209.HK,CHINA RES MIXC,华润万象生活,862.78,200,Equity,Equity Securities (Main Board),37.8,37.66,38.16,37.52,3374588,127.56,37.748,37.868,0.14,-0.18,-0.74,-0.21,1.61,51.15,51.15,55.25,51.15,51.15,-25.4,-25.4,-30.93,26.1,26.1,False,False,True,False,False,False,False,False,False,2026-09-24
1211,1211.HK,BYD COMPANY,比亚迪股份,2928.3,100,Equity,Equity Securities (Main Board),79.5,79.9,80.7,78.9,13390769,1064.57,80.78,80.335,-1.58,-1.04,-1.06,-2.09,-2.03,113.4,158.87,158.87,113.4,158.87,-28.84,-49.2,-49.2,29.89,49.96,False,False,False,False,False,False,False,False,False,2026-09-24
1215,1215.HK,KAI YUAN HLDGS,开源控股,2.81,"20,000",Equity,Equity Securities (Main Board),0.022,0.021,0.022,0.021,1420000,0.03,0.022,0.02,1.85,8.37,0.0,4.76,15.79,0.03,0.03,0.14,0.03,0.03,-15.38,-31.25,-83.82,15.38,31.25,False,False,False,False,False,False,False,False,False,2026-09-24
1216,1216.HK,ZYBANK,中原银行,19.79,"1,000",Equity,Equity Securities (Main Board),0.285,0.285,0.29,0.285,112000,0.03,0.282,0.283,1.06,0.71,1.79,0.0,0.0,0.37,0.58,2.6,0.37,0.58,-21.62,-50.0,-88.85,22.97,50.86,False,False,False,False,False,False,False,False,False,2026-09-24
1222,1222.HK,WANG ON GROUP,WANG ON GROUP,2.71,"20,000",Equity,Equity Securities (Main Board),0.02,0.02,0.02,0.02,1620000,0.03,0.021,0.021,-5.66,-5.66,0.0,-9.09,0.0,0.03,0.05,0.15,0.03,0.05,-28.57,-60.78,-86.67,28.57,60.78,False,False,False,False,False,False,False,False,False,2026-09-24
1223,1223.HK,SYMPHONY HOLD,新沣集团,38.37,"10,000",Equity,Equity Securities (Main Board),1.29,1.33,1.335,1.26,5710000,7.37,1.242,1.258,3.86,2.58,1.18,7.5,7.5,1.62,1.76,1.76,1.62,1.76,-17.59,-24.15,-24.15,20.37,26.7,True,False,False,False,False,False,False,False,False,2026-09-24
1224,1224.HK,C C LAND,中渝置地,46.01,"1,000",Equity,Equity Securities (Main Board),1.185,1.185,1.185,1.185,293000,0.35,1.183,1.183,0.17,0.13,0.0,0.42,0.42,1.4,2.38,2.55,1.4,2.38,-15.36,-50.21,-53.53,15.36,50.21,False,False,False,False,False,False,False,False,False,2026-09-24
1226,1226.HK,CH INV FIN GP,中国投融资,3.47,"10,000",Equity,Investment Companies,0.84,0.87,0.87,0.82,20000,0.02,0.835,0.815,0.6,3.07,3.07,-5.08,5.66,1.16,4.0,4.0,1.16,4.0,-25.0,-78.25,-78.25,27.59,79.0,False,False,False,False,False,False,False,False,False,2026-09-24
1228,1228.HK,CANBRIDGE-B,北海康成－Ｂ,11.18,"1,000",Equity,Equity Securities (Main Board),1.87,1.82,1.89,1.82,47000,0.09,1.909,1.896,-2.04,-1.37,1.08,-4.59,-2.09,3.5,3.5,9.99,3.5,3.5,-46.0,-46.0,-81.08,46.57,46.57,False,False,False,False,False,False,False,False,False,2026-09-24
1233,1233.HK,TIMES CHINA,时代中国控股,1.53,"1,000",Equity,Equity Securities (Main Board),0.051,0.049,0.051,0.047,3600000,0.18,0.049,0.048,3.66,5.59,0.0,6.25,8.51,0.12,0.73,17.0,0.12,0.73,-56.03,-93.01,-99.7,56.03,93.01,False,False,False,True,False,False,False,False,False,2026-09-24
1234,1234.HK,CHINA LILANG,中国利郎,33.77,"1,000",Equity,Equity Securities (Main Board),2.82,2.85,2.85,2.8,413000,1.16,2.817,2.848,0.11,-0.98,-0.35,-0.53,-1.23,3.97,5.12,13.08,3.97,5.12,-28.21,-44.34,-78.21,28.97,44.92,False,False,False,False,False,False,False,False,False,2026-09-24
1235,1235.HK,TRAVEL EXPERT,专业旅运,1.07,"5,000",Equity,Equity Securities (Main Board),0.21,0.205,0.21,0.205,305000,0.06,0.196,0.195,7.14,7.86,8.81,8.81,7.69,0.21,0.28,0.86,0.21,0.28,0.0,-25.0,-75.58,0.0,25.0,False,False,False,False,False,False,False,True,False,2026-09-24
1236,1236.HK,LDROBOT,乐动机器人,85.33,200,Equity,Equity Securities (Main Board),25.6,25.6,26.5,25.5,354000,9.06,26.252,26.944,-2.48,-4.99,-0.31,-4.19,-2.96,66.0,66.0,66.0,66.0,66.0,-59.85,-59.85,-59.85,61.21,61.21,False,False,False,False,False,False,False,False,False,2026-09-24
1238,1238.HK,POWERLONG,宝龙地产,7.33,"1,000",Equity,Equity Securities (Main Board),0.177,0.167,0.178,0.159,265000,0.05,0.168,0.166,5.36,6.76,7.93,5.36,7.93,0.3,1.27,8.73,0.3,1.27,-40.67,-85.98,-97.96,41.0,86.06,False,False,False,True,False,False,False,False,False,2026-09-24
1240,1240.HK,CNQC INT'L,青建国际,2.7,"2,500",Equity,Equity Securities (Main Board),0.178,0.13,0.178,0.13,225000,0.04,0.18,0.181,-0.89,-1.44,-2.2,0.0,0.0,0.2,0.25,3.38,0.2,0.25,-11.88,-27.94,-94.73,11.88,27.94,False,False,False,False,False,False,False,False,False,2026-09-24
1244,1244.HK,3D MEDICINES,思路迪医药股份,6.97,500,Equity,Equity Securities (Main Board),2.7,2.6,2.7,2.59,56000,0.15,2.626,2.473,2.82,9.18,0.0,1.89,19.47,6.07,21.8,131.5,6.07,21.8,-55.52,-87.61,-97.95,55.52,87.61,False,False,False,False,False,False,False,False,False,2026-09-24
1245,1245.HK,NIRAKU,NIRAKU,3.35,"2,000",Equity,Equity Securities (Main Board),0.28,0.3,0.3,0.27,664000,0.19,0.317,0.285,-11.67,-1.69,-12.5,-16.42,-11.11,0.35,0.35,1.8,0.35,0.35,-15.49,-15.49,-83.33,21.13,21.13,False,False,False,False,False,False,False,False,False,2026-09-24
1247,1247.HK,MIKO INTL,米格国际控股,2.14,"6,000",Equity,Equity Securities (Main Board),0.96,0.985,0.985,0.95,132000,0.13,0.972,0.965,-1.23,-0.52,-2.04,-2.04,0.0,3.07,3.42,4.05,3.07,3.42,-67.92,-71.2,-75.68,68.73,71.93,False,False,False,False,False,False,False,False,False,2026-09-24
1250,1250.HK,SDHS NEW ENERGY,山高新能源,23.36,"1,000",Equity,Equity Securities (Main Board),1.04,1.04,1.06,1.04,84000,0.09,1.064,1.077,-2.26,-3.44,0.0,-2.35,-6.31,1.89,3.35,15.0,1.89,3.35,-43.92,-68.36,-92.93,44.97,68.96,False,False,False,False,False,False,False,False,False,2026-09-24
1251,1251.HK,SPT ENERGY,华油能源,3.34,"2,000",Equity,Equity Securities (Main Board),0.171,0.178,0.178,0.171,596000,0.1,0.173,0.173,-1.38,-1.21,-3.93,0.59,0.59,0.34,0.34,1.22,0.34,0.34,-48.41,-48.41,-85.41,50.43,50.43,False,False,False,False,False,False,False,False,False,2026-09-24
1253,1253.HK,GREEN BROAD,绿博生态,0.86,"12,000",Equity,Equity Securities (Main Board),0.143,0.119,0.146,0.119,252000,0.04,0.116,0.111,23.28,28.6,26.55,32.41,32.41,0.21,3.0,23.2,0.21,3.0,-30.48,-95.13,-99.37,31.9,95.23,False,False,False,False,False,False,False,False,False,2026-09-24
1257,1257.HK,CEB GREENTECH,中国光大绿色环保,15.29,"1,000",Equity,Equity Securities (Main Board),0.74,0.73,0.74,0.73,118000,0.09,0.742,0.753,-0.27,-1.79,0.68,-1.33,-2.63,0.99,1.3,8.95,0.99,1.3,-25.25,-43.08,-91.73,25.25,43.08,False,False,False,False,False,False,False,False,False,2026-09-24
1258,1258.HK,CHINFMINING,中国有色矿业,607.16,"1,000",Equity,Equity Securities (Main Board),15.56,15.8,15.8,15.35,8298728,129.13,15.844,15.793,-1.79,-1.48,-2.08,-1.39,0.58,19.05,19.05,19.05,19.05,19.05,-17.06,-17.06,-17.06,18.32,18.32,False,False,False,False,False,False,False,False,False,2026-09-24
1259,1259.HK,PROSPER FUTURE,未来发展控股,0.71,"1,000",Equity,Equity Securities (Main Board),0.032,0.032,0.032,0.032,617000,0.02,0.032,0.032,-0.62,0.0,0.0,-3.03,3.23,0.05,0.09,0.69,0.05,0.09,-41.82,-62.35,-95.36,41.82,62.35,False,False,False,False,False,False,False,False,False,2026-09-24
1260,1260.HK,WONDERFUL SKY,皓天财经集团,4.26,"2,000",Equity,Equity Securities (Main Board),0.37,0.36,0.38,0.36,406000,0.15,0.375,0.381,-1.33,-2.89,-1.33,-2.63,-3.9,0.57,0.57,2.45,0.57,0.57,-33.33,-33.33,-84.49,35.09,35.09,False,False,False,False,False,False,False,False,False,2026-09-24
1268,1268.HK,MEIDONG AUTO,美东汽车,4.98,"2,000",Equity,Equity Securities (Main Board),0.37,0.31,0.385,0.31,6224000,2.3,0.291,0.284,27.15,30.05,23.33,39.62,34.55,1.8,5.85,48.4,1.8,5.85,-78.61,-93.42,-99.2,79.44,93.68,False,False,False,False,False,False,False,False,False,2026-09-24
1269,1269.HK,FIRST CAP GP,首控集团,0.94,"10,000",Equity,Equity Securities (Main Board),0.051,0.047,0.051,0.047,360000,0.02,0.054,0.053,-5.56,-4.67,6.25,-10.53,-7.27,0.07,0.12,41.2,0.07,0.12,-27.14,-56.78,-99.88,27.14,56.78,False,False,False,False,False,False,False,False,False,2026-09-24
1270,1270.HK,LANGHAM-SS,朗廷－ＳＳ,15.96,"2,000",Equity,Equity Securities (Main Board),0.45,0.45,0.45,0.445,3381680,1.52,0.451,0.454,-0.22,-0.88,0.0,0.0,-1.1,0.62,0.99,3.6,0.62,0.99,-27.42,-54.55,-87.49,27.42,54.55,False,False,False,False,False,False,False,False,False,2026-09-24
1271,1271.HK,GRAND MING,佳明集团控股,4.69,"1,000",Equity,Equity Securities (Main Board),0.33,0.335,0.335,0.33,12000,0.0,0.345,0.317,-4.35,3.94,-5.71,-18.52,13.79,1.38,4.2,8.85,1.38,4.2,-75.72,-92.02,-96.21,76.09,92.14,False,False,False,False,False,False,False,False,False,2026-09-24
1272,1272.HK,DATANG ENVIRO,大唐环境,6.74,"1,000",Equity,Equity Securities (Main Board),1.08,1.085,1.09,1.075,28000,0.03,1.089,1.098,-0.83,-1.59,0.0,-1.37,-0.92,1.35,3.2,4.52,1.35,3.2,-19.26,-65.94,-75.88,20.0,66.25,False,False,False,False,False,False,False,False,False,2026-09-24
1273,1273.HK,HK FINANCE GP,香港信贷,2.95,"4,000",Equity,Equity Securities (Main Board),0.71,0.7,0.71,0.67,112000,0.08,0.706,0.709,0.57,0.14,0.71,0.71,0.71,0.82,0.82,1.12,0.82,0.82,-13.41,-13.41,-36.61,13.41,13.41,False,False,False,True,False,False,False,False,False,2026-09-24
1274,1274.HK,IMOTIONTECH,知行科技,5.01,100,Equity,Equity Securities (Main Board),1.98,2.01,2.08,1.91,188500,0.37,2.096,2.169,-5.53,-8.73,-4.35,-9.17,-11.61,7.15,115.6,115.6,7.15,115.6,-70.91,-98.2,-98.2,72.31,98.29,False,False,False,False,False,False,False,False,False,2026-09-24
1276,1276.HK,HENGRUI PHARMA,恒瑞医药,117.53,200,Equity,Equity Securities (Main Board),45.52,46.92,47.4,45.16,2879245,131.06,47.144,45.83,-3.44,-0.68,-3.6,-7.85,2.48,80.95,95.2,95.2,80.95,95.2,-41.45,-50.21,-50.21,43.77,52.18,False,False,False,False,False,False,False,False,False,2026-09-24
1277,1277.HK,KINETIC DEV,力量发展,160.38,"2,000",Equity,Equity Securities (Main Board),1.865,1.85,1.89,1.84,6319044,11.79,1.882,1.913,-0.9,-2.53,-0.27,-0.8,-2.86,2.7,2.7,2.7,2.7,2.7,-30.0,-30.0,-30.0,30.93,30.93,False,False,False,False,False,False,False,False,False,2026-09-24
1278,1278.HK,CHINANEWTOWN,中国新城镇,6.81,"2,500",Equity,Equity Securities (Main Board),0.07,0.07,0.07,0.07,60000,0.0,0.07,0.069,0.57,0.86,0.0,0.0,1.45,0.1,0.15,0.48,0.1,0.15,-29.29,-52.38,-85.42,29.29,52.38,False,False,False,False,False,False,False,False,False,2026-09-24
1280,1280.HK,QIDIAN GUOFENG,奇点国峰,50.56,"2,000",Equity,Equity Securities (Main Board),2.615,2.75,2.8,2.55,1049000,2.74,2.85,2.812,-8.25,-7.01,-4.91,-10.75,-4.04,3.43,5.37,19.8,3.43,5.37,-18.37,-47.86,-85.86,23.76,51.3,False,False,False,False,False,False,False,False,False,2026-09-24
1281,1281.HK,XINDA INV HLDGS,鑫达投资控股,1.56,"1,000",Equity,Equity Securities (Main Board),0.105,0.106,0.106,0.1,22000,0.0,0.102,0.097,2.54,7.91,-1.87,5.0,12.9,0.12,0.54,4.17,0.12,0.54,-10.17,-80.37,-97.46,11.02,80.56,False,False,False,False,False,False,False,False,False,2026-09-24
1282,1282.HK,RENZE HARVEST,中泽丰,4.7,"8,000",Equity,Equity Securities (Main Board),0.094,0.094,0.094,0.093,192000,0.02,0.096,0.099,-1.88,-5.34,1.08,0.0,-10.48,0.16,0.29,17.07,0.16,0.29,-41.98,-68.14,-99.45,41.98,68.14,False,False,False,False,False,False,False,False,False,2026-09-24
1283,1283.HK,ACCEL GROUP,高陞集团控股,14.12,"5,000",Equity,Equity Securities (Main Board),1.71,1.72,1.72,1.71,345000,0.59,1.722,1.74,-0.7,-1.7,-0.29,-0.29,-1.44,1.94,1.94,2.65,1.94,1.94,-11.34,-11.34,-35.09,11.86,11.86,False,False,False,False,False,False,False,False,False,2026-09-24
1284,1284.HK,NEW MEDIA LAB,新传企划,4.14,"5,000",Equity,Equity Securities (Main Board),0.69,0.635,0.695,0.605,1810000,1.25,0.599,0.588,15.19,17.45,11.29,24.32,23.21,0.65,0.65,1.22,0.69,0.69,6.92,6.92,-43.03,0.72,0.72,True,False,False,False,True,True,False,True,True,2026-09-24
1285,1285.HK,JIASHILI GP,嘉士利集团,6.54,"1,000",Equity,Equity Securities (Main Board),1.575,1.575,1.575,1.54,9000,0.01,1.58,1.581,-0.32,-0.38,-0.63,-0.63,0.32,1.72,1.72,3.44,1.72,1.72,-8.43,-8.43,-54.22,8.43,8.43,False,False,False,False,False,False,False,True,True,2026-09-24
1286,1286.HK,IMPRO PRECISION,鹰普精密,139.33,"1,000",Equity,Equity Securities (Main Board),7.155,7.08,7.22,6.96,2807260,20.09,7.306,7.446,-2.07,-3.9,0.99,-5.11,-3.31,11.8,11.8,11.8,11.8,11.8,-38.81,-38.81,-38.81,39.36,39.36,False,False,False,False,False,False,False,False,False,2026-09-24
1288,1288.HK,ABC,农业银行,2031.84,"1,000",Equity,Equity Securities (Main Board),6.61,6.44,6.645,6.44,89864126,594.0,6.484,6.418,1.94,2.99,1.77,1.46,4.59,6.64,6.64,6.64,6.64,6.64,0.0,0.0,0.0,0.53,0.53,False,False,False,False,False,False,False,True,True,2026-09-24
1290,1290.HK,CHINA HUIRONG,中国汇融,6.21,"2,000",Equity,Equity Securities (Main Board),0.57,0.525,0.58,0.5,48000,0.03,0.549,0.561,3.83,1.6,8.57,3.64,4.59,0.69,1.01,1.66,0.69,1.01,-15.94,-42.57,-65.06,17.39,43.56,False,False,False,True,False,False,False,False,False,2026-09-24
1292,1292.HK,CM LOGISTICS,长安民生物流,2.42,"1,000",Equity,Equity Securities (Main Board),1.86,1.86,1.86,1.86,60000,0.11,1.86,1.856,0.0,0.22,0.0,0.0,0.0,4.0,4.8,6.65,4.0,4.8,-53.5,-61.25,-72.03,53.5,61.25,False,False,False,False,False,False,False,False,False,2026-09-24
1299,1299.HK,AIA,友邦保险,7842.76,200,Equity,Equity Securities (Main Board),75.8,75.1,76.2,75.0,18455366,1398.92,76.3,76.24,-0.66,-0.58,0.6,-2.0,-2.0,92.15,92.15,109.3,92.15,92.15,-17.31,-17.31,-30.28,17.74,17.74,False,False,False,False,False,False,False,False,False,2026-09-24
1300,1300.HK,TRIGIANT,俊知集团,63.65,"2,000",Equity,Equity Securities (Main Board),3.6,3.88,3.95,3.56,12632000,45.48,3.49,3.118,3.15,15.44,-7.22,2.86,27.21,4.93,4.93,4.93,4.93,4.93,-19.88,-19.88,-19.88,26.98,26.98,False,False,False,False,False,False,False,False,False,2026-09-24
1301,1301.HK,D&G TECH,德基科技控股,1.85,"2,000",Equity,Equity Securities (Main Board),0.295,0.295,0.31,0.295,70000,0.02,0.311,0.309,-5.14,-4.38,-1.67,-10.61,-3.28,0.69,1.05,1.7,0.69,1.05,-55.07,-70.48,-81.76,57.25,71.9,False,False,False,False,False,False,False,False,False,2026-09-24
1302,1302.HK,LIFETECH SCI,先健科技,62.06,"2,000",Equity,Equity Securities (Main Board),1.34,1.365,1.38,1.34,10176000,13.64,1.344,1.359,-0.3,-1.36,-1.11,-0.74,-2.55,2.38,2.63,5.98,2.38,2.63,-42.02,-47.53,-76.92,43.7,49.05,False,False,False,False,False,False,False,False,False,2026-09-24
1304,1304.HK,FORTIOR,FORTIOR,27.61,100,Equity,Equity Securities (Main Board),128.1,130.1,134.6,125.0,293300,37.57,131.8,124.83,-2.81,2.62,-1.54,-4.26,1.51,185.0,226.4,226.4,185.0,226.4,-27.24,-40.55,-40.55,30.76,43.42,False,False,False,False,False,False,False,False,False,2026-09-24
1308,1308.HK,SITC,海丰国际,1317.8,"1,000",Equity,Equity Securities (Main Board),48.6,49.0,49.0,47.7,8110675,394.18,48.312,47.3,0.6,2.75,1.67,-0.37,1.42,50.0,50.0,50.0,50.0,50.0,-2.0,-2.0,-2.0,2.8,2.8,False,False,False,False,False,False,False,True,True,2026-09-24
1310,1310.HK,HKBN,香港宽频,82.45,500,Equity,Equity Securities (Main Board),5.575,5.555,5.575,5.52,312500,1.74,5.53,5.502,0.81,1.33,0.63,1.18,1.55,8.4,9.41,15.6,8.4,9.41,-33.63,-40.75,-64.26,33.63,40.75,False,False,False,False,False,False,False,False,False,2026-09-24
1312,1312.HK,KONTA CHINA,华控康泰,1.79,"6,000",Equity,Equity Securities (Main Board),0.032,0.03,0.032,0.03,156000,0.0,0.033,0.032,-1.84,-1.23,0.0,-3.03,-3.03,0.04,0.05,0.9,0.04,0.05,-11.11,-33.33,-96.44,11.11,33.33,False,False,False,False,False,False,False,False,False,2026-09-24
1313,1313.HK,CR BLDG MAT TEC,华润建材科技,64.59,"2,000",Equity,Equity Securities (Main Board),0.925,0.935,0.935,0.915,7024000,6.5,0.931,0.948,-0.64,-2.43,-0.54,-3.14,-1.6,2.06,2.31,12.44,2.06,2.31,-54.61,-59.52,-92.48,55.1,59.96,False,False,False,False,False,False,False,False,False,2026-09-24
1314,1314.HK,TSUI WAH HLDG,翠华控股,2.58,"2,000",Equity,Equity Securities (Main Board),0.183,0.182,0.183,0.182,184000,0.03,0.187,0.186,-2.14,-1.77,-2.66,-2.66,-4.19,0.22,0.29,1.65,0.22,0.29,-15.28,-36.9,-88.91,15.28,36.9,False,False,False,False,False,False,False,False,False,2026-09-24
1315,1315.HK,GREEN ECONOMY,绿色经济,0.64,"10,000",Equity,Equity Securities (Main Board),0.103,0.114,0.118,0.093,685000,0.07,0.101,0.098,2.18,5.53,-3.74,5.1,11.96,0.15,0.27,58.15,0.15,0.27,-19.18,-56.3,-99.8,29.45,61.85,False,False,False,True,False,False,False,False,False,2026-09-24
1316,1316.HK,NEXTEER,耐世特,117.84,"1,000",Equity,Equity Securities (Main Board),4.695,4.555,4.74,4.555,6325000,29.7,4.696,4.7,-0.02,-0.1,1.08,-2.8,-0.42,8.25,8.9,20.4,8.25,8.9,-42.55,-46.74,-76.76,43.09,47.25,False,False,False,False,False,False,False,False,False,2026-09-24
1317,1317.HK,MAPLELEAF EDU,枫叶教育,5.2,"2,000",Equity,Equity Securities (Main Board),0.183,0.159,0.183,0.156,726000,0.13,0.167,0.168,9.71,9.25,15.09,9.58,1.67,0.4,0.57,7.63,0.4,0.57,-53.67,-67.89,-97.6,53.67,67.89,False,False,False,True,False,False,False,False,False,2026-09-24
1318,1318.HK,MAO GEPING,毛戈平,218.52,100,Equity,Equity Securities (Main Board),44.58,45.0,44.96,43.7,571900,25.5,45.1,46.002,-1.15,-3.09,-0.49,-2.92,-3.55,93.3,130.6,130.6,93.3,130.6,-51.81,-65.57,-65.57,52.22,65.87,False,False,False,False,False,False,False,False,False,2026-09-24
1319,1319.HK,OIWAHPAWN,霭华押业信贷,5.39,"8,000",Equity,Equity Securities (Main Board),0.28,0.28,0.28,0.28,32000,0.01,0.279,0.283,0.36,-1.23,0.0,1.82,-3.45,0.34,0.34,0.6,0.34,0.34,-18.84,-18.84,-53.33,18.84,18.84,False,False,False,False,False,False,False,False,False,2026-09-24
1323,1323.HK,HUASHENG INTL,华盛国际控股,1.81,"20,000",Equity,Equity Securities (Main Board),0.2,0.184,0.2,0.184,1020000,0.2,0.185,0.183,8.23,9.05,11.11,5.82,14.94,0.26,0.82,20.15,0.26,0.82,-23.08,-75.47,-99.01,23.08,75.47,False,False,True,False,False,False,False,False,False,2026-09-24
1327,1327.HK,LUXXU GROUP,励时集团,4.01,"20,000",Equity,Equity Securities (Main Board),1.55,1.55,1.55,1.55,20000,0.03,1.548,1.549,0.13,0.06,0.0,0.0,0.0,1.69,2.04,9.07,1.69,2.04,-8.28,-24.03,-82.92,8.28,24.03,False,False,False,False,False,False,False,True,False,2026-09-24
1328,1328.HK,GOLDSTREAM INV,金涌投资,8.63,"1,000",Equity,Equity Securities (Main Board),3.36,3.02,3.42,2.88,86000,0.29,3.285,3.342,2.28,0.54,8.04,-2.61,3.86,6.28,15.0,18.55,6.28,15.0,-45.54,-77.2,-81.56,46.5,77.6,False,False,False,True,False,False,False,False,False,2026-09-24
1330,1330.HK,DYNAGREEN ENV,绿色动力环保,24.04,"1,000",Equity,Equity Securities (Main Board),5.945,5.915,5.95,5.865,1740732,10.35,6.059,6.139,-1.88,-3.16,-1.57,-3.96,-6.45,6.69,7.7,7.7,6.69,7.7,-11.06,-22.73,-22.73,11.14,22.79,False,False,False,False,False,False,False,False,False,2026-09-24
1332,1332.HK,TOUYUN BIOTECH,透云生物,4.63,"10,000",Equity,Equity Securities (Main Board),0.158,0.154,0.16,0.154,1510000,0.24,0.156,0.155,1.02,1.74,-0.63,-0.63,1.94,0.32,0.75,2.2,0.32,0.75,-50.77,-78.67,-92.73,51.38,78.93,False,False,True,True,False,False,False,False,False,2026-09-24
1333,1333.HK,BRETON,博雷顿,46.39,200,Equity,Equity Securities (Main Board),12.35,12.11,12.8,12.11,670600,8.28,12.174,12.05,1.45,2.49,1.56,3.0,3.26,31.0,55.55,55.55,31.0,55.55,-58.71,-76.96,-76.96,60.16,77.77,True,False,True,False,False,False,False,False,False,2026-09-24
1334,1334.HK,RUICHANG INTL,瑞昌国际控股,4.53,"2,500",Equity,Equity Securities (Main Board),0.905,0.89,0.93,0.88,2420000,2.19,0.891,0.91,1.57,-0.55,1.69,1.12,0.0,2.65,2.65,2.65,2.65,2.65,-64.91,-64.91,-64.91,65.85,65.85,False,False,False,False,False,False,False,False,False,2026-09-24
1335,1335.HK,SHEEN TAI,顺泰控股,2.17,"2,000",Equity,Equity Securities (Main Board),0.089,0.095,0.098,0.087,1052000,0.09,0.098,0.097,-9.0,-8.06,-16.04,-6.32,-4.3,0.15,0.5,0.85,0.15,0.5,-34.67,-80.4,-88.47,40.67,82.2,False,False,False,False,False,False,False,False,False,2026-09-24
1336,1336.HK,NCI,新华保险,477.76,100,Equity,Equity Securities (Main Board),46.2,46.6,46.6,45.8,5097634,235.51,46.928,46.896,-1.55,-1.48,-1.2,-1.99,-0.94,65.8,65.8,65.8,65.8,65.8,-29.18,-29.18,-29.18,29.79,29.79,False,False,False,False,False,False,False,False,False,2026-09-24
1339,1339.HK,PICC GROUP,中国人民保险集团,506.56,"1,000",Equity,Equity Securities (Main Board),5.805,5.8,5.82,5.715,18272152,106.07,5.824,5.849,-0.33,-0.74,-0.17,-0.94,-1.69,7.63,7.63,7.63,7.63,7.63,-23.72,-23.72,-23.72,23.92,23.92,False,False,False,False,False,False,False,False,False,2026-09-24
1343,1343.HK,WEI YUAN HLDG,伟源控股,1.75,"5,000",Equity,Equity Securities (Main Board),0.164,0.158,0.168,0.157,395000,0.06,0.17,0.166,-3.64,-1.38,-4.65,-2.38,-10.38,0.2,0.2,4.09,0.2,0.2,-16.0,-16.0,-95.89,18.0,18.0,False,False,False,False,False,False,False,False,False,2026-09-24
1346,1346.HK,LEVER STYLE,利华控股集团,8.63,"4,000",Equity,Equity Securities (Main Board),1.35,1.35,1.35,1.35,611957,0.83,1.338,1.32,0.9,2.23,0.0,1.5,3.45,1.64,1.69,1.69,1.64,1.69,-17.68,-20.12,-20.12,17.68,20.12,False,False,False,False,False,False,False,False,False,2026-09-24
1347,1347.HK,HUA HONG GRACE,华虹宏力,1468.29,"1,000",Equity,Equity Securities (Main Board),110.4,113.8,113.8,109.2,17807056,1965.9,113.88,111.54,-3.06,-1.02,-3.33,-4.42,0.18,219.6,219.6,219.6,219.6,219.6,-48.18,-48.18,-48.18,49.73,49.73,False,False,False,False,False,False,False,False,False,2026-09-24
1348,1348.HK,QUALI-SMART,滉达富控股,2.65,"2,000",Equity,Equity Securities (Main Board),0.18,0.189,0.189,0.178,682000,0.12,0.178,0.187,1.24,-3.49,0.56,1.12,-2.7,0.41,0.41,0.75,0.41,0.41,-54.46,-54.46,-74.8,56.63,56.63,False,False,False,False,False,False,False,False,False,2026-09-24
1349,1349.HK,FUDANZHANGJIANG,复旦张江,8.56,"1,000",Equity,Equity Securities (Main Board),2.625,2.63,2.705,2.615,1277000,3.35,2.647,2.573,-0.83,2.02,-1.69,-0.94,4.37,3.69,5.29,9.26,3.69,5.29,-26.69,-48.87,-70.79,28.86,50.38,False,False,False,False,False,False,False,False,False,2026-09-24
1351,1351.HK,BRIGHT FUTURE,辉煌明天,1.62,"2,000",Equity,Equity Securities (Main Board),0.27,0.247,0.27,0.246,452000,0.12,0.252,0.217,7.23,24.42,9.31,18.42,30.43,0.44,0.88,4.6,0.44,0.88,-39.33,-69.32,-94.13,39.33,69.32,False,False,False,False,False,False,False,False,False,2026-09-24
1354,1354.HK,KINGFARPROPERTY,经发物业,0.45,300,Equity,Equity Securities (Main Board),2.725,2.745,2.745,2.7,91500,0.25,2.706,2.666,0.7,2.19,1.49,-0.91,1.87,4.0,41.55,41.55,4.0,41.55,-31.38,-93.39,-93.39,31.88,93.44,False,False,False,False,False,False,False,False,False,2026-09-24
1355,1355.HK,BIOSYSEN,生物系统工程,3.51,"20,000",Equity,Equity Securities (Main Board),0.196,0.205,0.205,0.196,1100000,0.22,0.194,0.18,1.03,9.07,-6.67,-4.85,29.8,0.23,1.18,1.65,0.23,1.18,-10.87,-82.63,-87.58,14.78,83.39,False,False,False,False,False,False,False,False,False,2026-09-24
1357,1357.HK,MEITU,美图公司,169.83,500,Equity,Equity Securities (Main Board),3.76,3.87,3.87,3.685,68030000,255.79,3.972,3.979,-5.34,-5.52,-2.84,-8.74,-1.44,9.33,12.56,23.05,9.33,12.56,-58.52,-69.19,-83.21,59.7,70.06,False,False,False,False,False,False,False,False,False,2026-09-24
1358,1358.HK,PW MEDTECH,普华和顺,12.47,"1,000",Equity,Equity Securities (Main Board),0.87,0.88,0.89,0.87,269000,0.23,0.888,0.912,-2.03,-4.61,-2.25,-1.14,-7.45,1.41,1.63,2.66,1.41,1.63,-36.88,-45.4,-66.54,38.3,46.63,False,False,False,False,False,False,False,False,False,2026-09-24
1359,1359.HK,CHINA CINDA,中国信达,121.43,"1,000",Equity,Equity Securities (Main Board),0.895,0.9,0.9,0.885,15259000,13.66,0.898,0.891,-0.33,0.39,-0.56,-1.1,1.7,1.38,2.1,3.52,1.38,2.1,-34.78,-57.14,-74.43,35.14,57.38,False,False,False,False,False,False,False,False,False,2026-09-24
1361,1361.HK,361 DEGREES,３６１度,96.46,"1,000",Equity,Equity Securities (Main Board),4.45,4.48,4.545,4.445,2897000,12.89,4.437,4.417,0.29,0.75,-1.11,0.0,1.25,7.25,7.25,7.25,7.25,7.25,-37.31,-37.31,-37.31,38.62,38.62,False,False,False,False,False,False,False,False,False,2026-09-24
1362,1362.HK,SIS MOBILE,新龙移动,2.32,"4,000",Equity,Equity Securities (Main Board),0.83,0.83,0.83,0.83,8000,0.01,0.825,0.825,0.61,0.61,2.47,0.0,0.61,0.9,0.9,2.05,0.9,0.9,-7.78,-7.78,-59.51,7.78,7.78,False,False,False,False,False,False,False,True,True,2026-09-24
1364,1364.HK,GUMING,古茗,510.35,400,Equity,Equity Securities (Main Board),21.82,22.0,22.0,21.52,2108137,46.0,21.828,22.04,-0.04,-1.0,-0.18,-0.91,0.28,31.28,31.28,31.28,31.28,31.28,-29.67,-29.67,-29.67,30.24,30.24,False,False,False,False,False,False,False,False,False,2026-09-24
1368,1368.HK,XTEP INT'L,特步国际,97.26,500,Equity,Equity Securities (Main Board),3.455,3.485,3.485,3.435,3788000,13.09,3.508,3.475,-1.51,-0.59,-0.58,-3.89,-1.14,5.54,7.5,16.32,5.54,7.5,-37.09,-53.53,-78.65,37.64,53.93,False,False,False,False,False,False,False,False,False,2026-09-24
1370,1370.HK,AOWEI HOLDING,奥威控股,2.09,"1,000",Equity,Equity Securities (Main Board),0.128,0.141,0.151,0.116,3092000,0.4,0.119,0.137,7.93,-6.5,-9.22,23.08,0.0,0.41,1.19,2.95,0.41,1.19,-62.72,-87.31,-94.88,68.4,89.24,False,False,True,False,False,False,False,False,False,2026-09-24
1371,1371.HK,CHINA ECOTOUR,中国生态旅游,4.76,"2,000",Equity,Equity Securities (Main Board),1.39,1.4,1.4,1.39,43424,0.06,1.294,1.233,7.42,12.73,0.0,13.01,13.01,2.43,8.3,601.18,2.43,8.3,-42.39,-83.13,-99.77,42.8,83.25,False,False,False,False,False,False,False,False,False,2026-09-24
1372,1372.HK,C CARBONNEUTRAL,中国碳中和,12.45,"1,000",Equity,Equity Securities (Main Board),1.27,1.255,1.3,1.17,2412000,3.06,1.257,1.249,1.03,1.68,0.4,1.2,5.39,1.68,2.02,9.65,1.68,2.02,-22.62,-35.64,-86.53,24.4,37.13,False,False,False,True,False,False,False,False,False,2026-09-24
1373,1373.HK,IH RETAIL,国际家居零售,4.71,"1,000",Equity,Equity Securities (Main Board),0.66,0.67,0.67,0.66,254000,0.17,0.666,0.66,-0.9,0.08,-1.49,-1.49,0.0,0.85,2.3,3.4,0.85,2.3,-21.18,-70.87,-80.29,22.35,71.3,False,False,False,False,False,False,False,False,False,2026-09-24
1375,1375.HK,CC SECURITIES,中州证券,19.31,"1,000",Equity,Equity Securities (Main Board),1.615,1.63,1.635,1.615,5965000,9.63,1.641,1.644,-1.58,-1.76,-1.22,-3.87,-0.62,2.38,4.08,4.98,2.38,4.08,-31.3,-59.93,-67.17,32.14,60.42,False,False,False,False,False,False,False,False,False,2026-09-24
1377,1377.HK,DTECH,鼎泰高科,35.19,100,Equity,Equity Securities (Main Board),278.6,270.0,281.2,265.0,150900,42.04,280.72,288.68,-0.76,-3.49,2.2,-2.93,0.58,455.6,455.6,455.6,455.6,455.6,-38.28,-38.28,-38.28,38.85,38.85,False,False,False,False,False,False,False,False,False,2026-09-24
1378,1378.HK,CHINAHONGQIAO,中国宏桥,2044.4,500,Equity,Equity Securities (Main Board),20.82,21.22,21.22,20.64,21266170,442.76,21.452,21.73,-2.95,-4.19,-2.25,-3.88,-4.67,41.36,41.36,41.36,41.36,41.36,-48.69,-48.69,-48.69,49.66,49.66,False,False,False,False,False,False,False,False,False,2026-09-24
1380,1380.HK,CHI KINGSTONE,中国金石,1.91,"10,000",Equity,Equity Securities (Main Board),0.37,0.32,0.37,0.32,280050,0.1,0.36,0.37,2.78,0.14,7.25,2.78,0.0,0.98,1.12,13.11,0.98,1.12,-62.24,-66.96,-97.18,62.24,66.96,False,False,False,True,False,False,False,False,False,2026-09-24
1382,1382.HK,PACIFICTEXTILES,互太纺织,12.24,"1,000",Equity,Equity Securities (Main Board),0.89,0.89,0.89,0.875,101000,0.09,0.886,0.908,0.45,-1.98,0.0,0.56,-1.66,1.37,1.85,10.2,1.37,1.85,-35.04,-51.89,-91.27,35.04,51.89,False,False,False,False,False,False,False,False,False,2026-09-24
1384,1384.HK,DEEPEXI TECH,滴普科技,100.47,200,Equity,Equity Securities (Main Board),28.8,29.16,29.76,28.28,1284200,36.98,30.072,30.316,-4.23,-5.0,-1.23,-7.34,-5.39,120.0,128.2,128.2,120.0,128.2,-75.2,-76.79,-76.79,76.0,77.54,False,False,False,False,False,False,False,False,False,2026-09-24
1385,1385.HK,SHANGHAI FUDAN,上海复旦,77.79,"1,000",Equity,Equity Securities (Main Board),27.36,27.62,28.14,27.1,2332624,63.82,27.296,26.094,0.23,4.85,-2.01,0.74,7.29,57.0,57.0,57.0,57.0,57.0,-50.63,-50.63,-50.63,52.0,52.0,False,False,False,False,False,False,False,False,False,2026-09-24
1389,1389.HK,MAJOR HLDGS,美捷汇控股,3.16,"12,000",Equity,Equity Securities (Main Board),0.57,0.57,0.57,0.57,24000,0.01,0.546,0.507,4.4,12.43,0.0,16.33,17.53,0.63,0.91,21.51,0.63,0.91,-9.52,-37.36,-97.35,9.52,37.36,False,False,False,False,False,False,False,True,False,2026-09-24
1392,1392.HK,HQVT,海清智元,233.65,500,Equity,Equity Securities (Main Board),30.9,32.2,32.2,30.44,3750500,115.89,33.78,31.485,-8.53,-1.86,-4.04,-9.7,-16.67,40.6,40.6,40.6,40.6,40.6,-20.69,-20.69,-20.69,23.89,23.89,False,False,False,False,False,False,False,False,False,2026-09-24
1393,1393.HK,HIDILI INDUSTRY,恒鼎实业,1.29,"1,000",Equity,Equity Securities (Main Board),0.028,0.028,0.029,0.026,1597000,0.04,0.029,0.028,-2.1,0.72,0.0,-6.67,-6.67,0.07,0.15,0.75,0.07,0.15,-60.27,-81.17,-96.13,61.64,81.82,False,False,False,False,False,False,False,False,False,2026-09-24
1395,1395.HK,ELL ENV,强泰环保,1.31,"5,000",Equity,Equity Securities (Main Board),0.118,0.118,0.118,0.118,25000,0.0,0.126,0.126,-6.2,-6.57,-2.48,-9.23,-9.23,0.18,0.19,0.65,0.18,0.19,-35.87,-37.57,-81.85,35.87,37.57,False,False,False,False,False,False,False,False,False,2026-09-24
1396,1396.HK,GBA AI COMP-500,粤港湾智算－五百,171.52,500,Equity,Equity Securities (Main Board),10.83,10.92,11.0,10.7,3159500,34.22,11.038,11.053,-1.88,-2.02,-0.73,-5.33,-3.3,19.85,19.85,19.85,19.85,19.85,-44.58,-44.58,-44.58,45.44,45.44,False,False,False,False,False,False,False,False,False,2026-09-24
1397,1397.HK,BAGUIO GREEN,碧瑶绿色集团,3.07,"4,000",Equity,Equity Securities (Main Board),0.74,0.74,0.74,0.74,12000,0.01,0.736,0.743,0.54,-0.34,-0.67,1.37,-0.67,1.32,1.41,1.41,1.32,1.41,-43.94,-47.52,-47.52,43.94,47.52,False,False,False,False,False,False,False,False,False,2026-09-24
1398,1398.HK,ICBC,工商银行,6648.42,"1,000",Equity,Equity Securities (Main Board),7.66,7.51,7.675,7.48,159120699,1218.86,7.564,7.562,1.27,1.29,1.59,1.06,1.86,7.76,7.76,7.76,7.76,7.76,-1.16,-1.16,-1.16,1.35,1.35,False,False,False,True,False,False,False,True,True,2026-09-24
1400,1400.HK,MOODY TECH HLDG,满地科技股份,1.14,"10,000",Equity,Equity Securities (Main Board),0.03,0.032,0.032,0.028,34140000,1.02,0.036,0.029,-15.73,3.45,-6.25,-21.05,25.0,0.05,1.24,61.43,0.05,1.24,-30.43,-97.42,-99.95,34.78,97.58,False,False,False,False,False,False,False,False,False,2026-09-24
1401,1401.HK,FUTURE MACH LTD,未来机器有限公司,3.75,"2,000",Equity,Equity Securities (Main Board),0.25,0.25,0.25,0.244,1074000,0.27,0.254,0.247,-1.57,1.17,0.0,-1.96,4.17,1.42,15.3,15.3,1.42,15.3,-82.39,-98.37,-98.37,82.39,98.37,False,False,False,False,False,False,False,False,False,2026-09-24
1402,1402.HK,I-CONTROL,超智能控股,5.52,"10,000",Equity,Equity Securities (Main Board),0.525,0.53,0.535,0.515,780000,0.41,0.548,0.575,-4.2,-8.77,-1.87,-4.55,-21.05,0.74,0.74,0.86,0.74,0.74,-27.7,-27.7,-37.79,29.05,29.05,False,False,False,False,False,False,False,False,False,2026-09-24
1405,1405.HK,DPC DASH,达势股份,38.2,100,Equity,Equity Securities (Main Board),29.02,28.4,29.06,28.4,538800,15.64,28.652,29.312,1.28,-1.0,2.69,1.04,-1.63,74.5,125.2,125.2,74.5,125.2,-60.99,-76.79,-76.79,61.05,76.82,False,False,False,False,False,False,False,False,False,2026-09-24
1407,1407.HK,JY GAS,交运燃气,3.12,"2,000",Equity,Equity Securities (Main Board),0.71,0.725,0.725,0.705,326000,0.23,0.719,0.711,-1.25,-0.14,-2.07,0.71,-2.07,0.83,0.83,1.6,0.83,0.83,-12.65,-12.65,-54.69,14.46,14.46,False,False,False,False,False,False,False,False,False,2026-09-24
1408,1408.HK,MACAU E&M,濠江机电,1.9,"2,000",Equity,Equity Securities (Main Board),0.38,0.38,0.38,0.38,154000,0.06,0.38,0.378,0.0,0.4,0.0,0.0,-2.56,0.47,0.47,5.5,0.47,0.47,-19.15,-19.15,-93.09,19.15,19.15,False,False,False,False,False,False,False,False,False,2026-09-24
1410,1410.HK,EDVANCE INTL,安领国际,10.7,"10,000",Equity,Equity Securities (Main Board),1.06,1.06,1.06,0.97,2260000,2.4,0.918,0.856,15.47,23.76,0.0,26.19,35.03,1.07,1.25,1.85,1.07,1.25,-0.47,-15.2,-42.7,0.47,15.2,False,False,False,False,False,False,False,True,False,2026-09-24
1413,1413.HK,FEG HOLDINGS,铸帝控股,0.66,"7,000",Equity,Equity Securities (Main Board),0.2,0.201,0.201,0.198,602000,0.12,0.215,0.224,-7.15,-10.79,-8.68,-6.1,-6.54,0.42,1.77,2.6,0.42,1.77,-52.14,-88.68,-92.27,52.38,88.73,False,False,False,False,False,False,False,False,False,2026-09-24
1415,1415.HK,COWELL,高伟电子,195.41,"1,000",Equity,Equity Securities (Main Board),22.54,22.6,22.86,21.88,1231123,27.75,22.928,23.126,-1.69,-2.53,-0.35,-2.76,-2.59,33.88,43.06,43.06,33.88,43.06,-32.53,-46.91,-46.91,33.47,47.65,False,False,False,False,False,False,False,False,False,2026-09-24
1417,1417.HK,RIVERINE CHINA,浦江中国,19.3,"2,000",Equity,Equity Securities (Main Board),4.765,4.975,5.07,4.68,768000,3.66,4.915,4.759,-3.05,0.12,-5.64,-3.93,7.56,9.78,9.78,9.78,9.78,9.78,-48.19,-48.19,-48.19,51.3,51.3,False,False,False,False,False,False,False,False,False,2026-09-24
1420,1420.HK,CHUAN HOLDING,川控股,3.36,"4,000",Equity,Equity Securities (Main Board),0.25,0.249,0.265,0.248,556000,0.14,0.259,0.259,-3.47,-3.66,0.0,-7.41,-3.85,0.33,0.33,0.52,0.33,0.33,-19.7,-19.7,-49.04,24.24,24.24,False,False,False,False,False,False,False,False,False,2026-09-24
1421,1421.HK,PROSP GP INTL,恒昌集团国际,1.26,"5,000",Equity,Equity Securities (Main Board),0.63,0.575,0.63,0.575,1254000,0.79,0.596,0.592,5.7,6.51,9.57,5.0,9.57,0.92,0.92,9.9,0.92,0.92,-31.52,-31.52,-93.64,31.52,31.52,False,False,False,True,False,False,False,False,False,2026-09-24
1425,1425.HK,JUSTIN ALLEN H,捷隆控股,7.19,"5,000",Equity,Equity Securities (Main Board),0.575,0.575,0.575,0.57,945000,0.54,0.581,0.586,-1.03,-1.96,0.0,-1.71,-2.54,0.73,0.85,0.85,0.73,0.85,-21.23,-32.35,-32.35,21.23,32.35,False,False,False,False,False,False,False,False,False,2026-09-24
1428,1428.HK,BRIGHT SMART,耀才证券金融,120.51,"2,000",Equity,Equity Securities (Main Board),7.1,7.155,7.155,7.065,3334000,23.67,7.158,7.089,-0.81,0.15,-0.77,-1.66,2.38,16.88,17.68,17.68,16.88,17.68,-57.61,-59.53,-59.53,57.94,59.84,False,False,False,False,False,False,False,False,False,2026-09-24
1429,1429.HK,SKYMISSION GP,天任集团,3.53,"8,000",Equity,Equity Securities (Main Board),0.184,0.212,0.213,0.183,5992000,1.1,0.208,0.205,-11.45,-10.07,-14.81,-14.81,-10.24,0.35,0.35,2.53,0.35,0.35,-40.0,-40.0,-91.58,48.17,48.17,False,False,False,False,False,False,False,False,False,2026-09-24
1431,1431.HK,YST DAIRY,原生态牧业,14.07,"1,000",Equity,Equity Securities (Main Board),0.3,0.3,0.3,0.295,39000,0.01,0.3,0.306,0.0,-1.96,0.0,0.0,-1.64,0.38,0.44,0.95,0.38,0.44,-22.08,-31.03,-68.42,22.08,31.03,False,False,False,False,False,False,False,False,False,2026-09-24
1432,1432.HK,CHINASHENGMU-PF,中国圣牧－ＰＦ,28.92,"1,000",Equity,Equity Securities (Main Board),0.345,0.355,0.36,0.345,18000,0.01,0.351,0.355,-1.71,-2.82,-2.82,-1.43,-5.48,0.44,0.5,2.65,0.44,0.5,-17.24,-28.0,-86.42,20.69,31.0,False,False,False,False,False,False,False,False,False,2026-09-24
1440,1440.HK,STAR SHINE HLDG,应星控股,261.78,"2,500",Equity,Equity Securities (Main Board),20.78,21.0,21.54,19.33,797500,16.57,20.87,18.562,-0.43,11.95,-0.95,1.76,16.61,23.5,23.5,23.5,23.5,23.5,-8.34,-8.34,-8.34,11.57,11.57,False,False,False,False,False,False,False,False,False,2026-09-24
1443,1443.HK,FULUM GP HLDG,富临集团控股,1.14,"2,000",Equity,Equity Securities (Main Board),0.088,0.067,0.09,0.067,21956000,1.93,0.069,0.065,26.8,35.18,37.5,39.68,46.67,0.1,0.25,1.37,0.1,0.25,-9.09,-64.0,-93.43,11.11,64.8,False,False,False,False,False,False,False,False,False,2026-09-24
1447,1447.HK,SFK,新福港,2.12,"2,000",Equity,Equity Securities (Main Board),0.53,0.53,0.54,0.52,228000,0.12,0.536,0.533,-1.12,-0.56,-1.85,-0.93,0.0,0.73,0.73,3.65,0.73,0.73,-26.03,-26.03,-85.21,27.4,27.4,False,False,False,False,False,False,False,False,False,2026-09-24
1449,1449.HK,LEADER EDU,立德教育,12.0,"1,000",Equity,Equity Securities (Main Board),1.5,1.4,1.6,1.355,1667000,2.5,1.369,1.461,9.57,2.67,15.38,14.07,7.14,1.71,1.71,1.99,1.71,1.71,-6.43,-6.43,-19.6,12.28,12.28,False,False,False,True,False,False,False,False,False,2026-09-24
1450,1450.HK,BE FRIENDS HLDG,交个朋友控股,10.11,"2,000",Equity,Equity Securities (Main Board),0.72,0.735,0.735,0.67,206000,0.15,0.722,0.716,-0.28,0.56,0.7,-0.69,2.86,1.15,1.95,4.6,1.15,1.95,-36.09,-62.31,-84.02,37.39,63.08,False,False,False,False,False,False,False,False,False,2026-09-24
1451,1451.HK,MS GROUP HLDGS,万成集团股份,3.04,"2,000",Equity,Equity Securities (Main Board),1.485,1.435,1.5,1.435,20000,0.03,1.476,1.361,0.61,9.11,4.21,-0.34,2.41,2.35,2.35,2.35,2.35,2.35,-36.17,-36.17,-36.17,36.81,36.81,False,False,False,False,False,False,False,False,False,2026-09-24
1452,1452.HK,DENOX ENV,迪诺斯环保,1.39,"1,000",Equity,Equity Securities (Main Board),0.18,0.177,0.18,0.173,173000,0.03,0.191,0.198,-5.86,-9.23,-4.26,-4.76,-13.46,0.24,0.24,1.19,0.24,0.24,-25.0,-25.0,-84.87,25.0,25.0,False,False,False,False,False,False,False,False,False,2026-09-24
1455,1455.HK,FOURACE IND GP,科利实业控股,3.39,"5,000",Equity,Equity Securities (Main Board),0.265,0.27,0.28,0.26,620000,0.16,0.263,0.26,0.91,1.81,-1.85,0.0,3.92,0.3,0.3,1.45,0.3,0.3,-6.67,-6.67,-80.69,11.67,11.67,False,False,False,True,False,False,False,False,False,2026-09-24
1456,1456.HK,GLMS SEC,国联民生,16.36,500,Equity,Equity Securities (Main Board),3.695,3.73,3.73,3.655,1409500,5.21,3.733,3.729,-1.02,-0.93,-0.81,-2.12,0.82,5.67,8.18,8.18,5.67,8.18,-34.22,-54.4,-54.4,34.83,54.83,False,False,False,False,False,False,False,False,False,2026-09-24
1458,1458.HK,ZHOU HEI YA,周黑鸭,22.37,500,Equity,Equity Securities (Main Board),1.075,1.1,1.105,1.07,349500,0.38,1.09,1.149,-1.38,-6.4,-0.46,-2.71,-8.12,1.76,2.9,11.86,1.76,2.9,-37.22,-61.9,-90.68,38.92,62.93,False,False,False,False,False,False,False,False,False,2026-09-24
1460,1460.HK,ICO GROUP,扬科集团,2.06,"8,000",Equity,Equity Securities (Main Board),0.235,0.235,0.235,0.235,32000,0.01,0.24,0.241,-2.0,-2.61,-2.49,-2.49,-2.49,0.32,0.38,2.75,0.32,0.38,-27.69,-38.96,-91.45,27.69,38.96,False,False,False,False,False,False,False,False,False,2026-09-24
1466,1466.HK,BAIJIN LIFE SCI,佰金生命科学,13.28,"8,000",Equity,Equity Securities (Main Board),1.425,1.45,1.455,1.41,1784000,2.54,1.424,1.347,0.07,5.79,-2.73,-2.06,5.56,1.7,1.7,14.26,1.7,1.7,-14.41,-14.41,-89.8,16.18,16.18,False,False,False,False,False,False,False,False,False,2026-09-24
1468,1468.HK,JAKOTA CAPITAL,嘉高达资本,0.76,"10,000",Equity,Equity Securities (Main Board),0.182,0.182,0.183,0.182,184000,0.03,0.186,0.189,-2.36,-3.5,-2.67,-1.09,-4.21,0.7,56.5,109.0,0.7,56.5,-73.86,-99.68,-99.83,74.0,99.68,False,False,False,False,False,False,False,False,False,2026-09-24
1470,1470.HK,PROSPER ONE,富一国际控股,1.02,"4,000",Equity,Equity Securities (Main Board),0.127,0.128,0.128,0.12,52000,0.01,0.128,0.124,-0.94,2.67,0.79,-1.55,-2.31,0.21,0.34,1.42,0.21,0.34,-39.05,-62.35,-90.99,39.52,62.65,False,False,False,False,False,False,False,False,False,2026-09-24
1472,1472.HK,SANG HING HLDGS,生兴控股,0.93,"5,000",Equity,Equity Securities (Main Board),0.093,0.095,0.095,0.092,265000,0.02,0.096,0.097,-2.72,-3.73,-2.11,-4.12,-4.12,0.16,0.16,3.95,0.16,0.16,-38.71,-38.71,-97.59,40.0,40.0,False,False,False,False,False,False,False,False,False,2026-09-24
1473,1473.HK,PANGAEA CONNECT,环联连讯,14.6,"4,000",Equity,Equity Securities (Main Board),1.235,1.22,1.245,1.2,264000,0.33,1.241,1.196,-0.48,3.26,0.41,-3.52,8.81,2.03,2.03,2.03,2.03,2.03,-38.67,-38.67,-38.67,39.16,39.16,False,False,False,False,False,False,False,False,False,2026-09-24
1475,1475.HK,NISSIN FOODS,日清食品,69.72,"1,000",Equity,Equity Securities (Main Board),6.68,6.68,6.68,6.68,1000,0.01,6.692,6.661,-0.18,0.29,0.0,-0.3,-0.3,9.69,9.69,9.69,9.69,9.69,-31.06,-31.06,-31.06,31.06,31.06,False,False,False,False,False,False,False,False,False,2026-09-24
1477,1477.HK,OCUMENSION-B,欧康维视生物－Ｂ,41.34,500,Equity,Equity Securities (Main Board),5.07,5.155,5.195,5.015,304500,1.54,5.132,5.235,-1.21,-3.14,-1.55,-2.03,-5.23,8.65,12.23,43.0,8.65,12.23,-39.94,-57.52,-87.92,41.39,58.54,False,False,False,False,False,False,False,False,False,2026-09-24
1478,1478.HK,Q TECH,丘钛科技,61.24,"1,000",Equity,Equity Securities (Main Board),5.125,5.18,5.18,5.09,2382000,12.21,5.266,5.293,-2.68,-3.17,-0.68,-4.47,-2.66,10.5,16.99,23.25,10.5,16.99,-50.67,-69.51,-77.72,51.19,69.84,False,False,False,False,False,False,False,False,False,2026-09-24
1483,1483.HK,NET-A-GO TECH,网誉科技,9.87,"2,000",Equity,Equity Securities (Main Board),1.205,1.275,1.275,1.195,880000,1.06,1.248,1.224,-3.45,-1.55,-2.82,-3.98,3.43,1.6,1.74,2.85,1.6,1.74,-20.31,-26.72,-55.26,24.69,30.75,False,False,False,False,False,False,False,False,False,2026-09-24
1489,1489.HK,GC CONSTRUCTION,GC CONSTRUCTION,39.0,"5,000",Equity,Equity Securities (Main Board),3.9,3.3,4.085,3.095,5798000,22.61,3.519,3.594,10.83,8.53,30.87,-11.76,-4.76,4.59,4.59,4.59,4.59,4.59,-11.1,-11.1,-11.1,15.13,15.13,False,False,False,True,False,False,False,False,False,2026-09-24
1490,1490.HK,AI X TECH,AI X TECH,3.09,"4,000",Equity,Equity Securities (Main Board),0.25,0.25,0.255,0.25,136000,0.03,0.255,0.259,-1.96,-3.4,0.0,-3.85,-3.85,0.38,0.38,1.83,0.38,0.38,-32.0,-32.0,-86.07,33.33,33.33,False,False,False,False,False,False,False,False,False,2026-09-24
1496,1496.HK,AP RENTALS,亚积邦租赁,1.79,"4,000",Equity,Equity Securities (Main Board),0.207,0.213,0.214,0.207,48000,0.01,0.207,0.201,0.0,3.24,0.0,0.0,0.0,0.21,0.21,0.65,0.21,0.21,1.9,1.9,-67.08,3.27,3.27,False,False,False,False,True,True,False,True,True,2026-09-24
1497,1497.HK,YAN PALACE,燕之屋,28.58,400,Equity,Equity Securities (Main Board),6.2,6.0,6.235,5.95,23600,0.15,6.287,6.392,-1.38,-3.0,1.97,-2.9,-2.97,6.99,15.34,15.34,6.99,15.34,-10.8,-59.35,-59.35,11.3,59.58,False,False,False,False,False,False,False,False,False,2026-09-24
1499,1499.HK,OKG TECH,欧科云链,6.12,"10,000",Equity,Equity Securities (Main Board),0.114,0.119,0.119,0.109,2510000,0.29,0.121,0.121,-5.47,-5.47,-4.2,-8.8,-5.0,0.22,0.73,1.22,0.22,0.73,-47.11,-83.7,-90.25,49.33,84.38,False,False,False,False,False,False,False,False,False,2026-09-24
1500,1500.HK,INCON,现恒建筑,2.95,"5,000",Equity,Equity Securities (Main Board),0.355,0.35,0.355,0.34,680000,0.24,0.361,0.38,-1.66,-6.58,-4.05,-4.05,0.0,0.47,0.47,1.02,0.47,0.47,-25.26,-25.26,-65.2,25.26,25.26,False,False,False,False,False,False,False,False,False,2026-09-24
1501,1501.HK,INT MEDICAL,瑛泰医疗,73.2,200,Equity,Equity Securities (Main Board),34.66,34.5,34.98,34.26,392200,13.59,34.224,34.476,1.27,0.53,-0.63,1.23,0.29,41.4,41.4,73.7,41.4,41.4,-15.51,-15.51,-52.54,16.28,16.28,False,False,False,True,False,False,False,False,False,2026-09-24
1502,1502.HK,FIN STREET PPT,金融街物业,2.03,"1,000",Equity,Equity Securities (Main Board),1.96,1.95,1.96,1.95,93000,0.18,1.945,1.933,0.77,1.4,0.51,1.03,1.29,2.34,2.56,14.32,2.34,2.56,-16.24,-23.44,-86.31,16.24,23.44,False,False,False,False,False,False,False,False,False,2026-09-24
1508,1508.HK,CHINA RE,中国再保险,81.49,"1,000",Equity,Equity Securities (Main Board),1.22,1.2,1.225,1.2,4471000,5.45,1.22,1.22,0.0,0.0,0.83,0.0,0.83,1.84,1.84,1.94,1.84,1.84,-33.42,-33.42,-36.86,33.7,33.7,False,False,False,False,False,False,False,False,False,2026-09-24
1511,1511.HK,UISEE TECH,驭势科技,67.1,50,Equity,Equity Securities (Main Board),52.95,54.0,54.0,51.6,339500,17.98,56.18,55.97,-5.75,-5.4,-1.94,-10.03,-8.15,102.3,102.3,102.3,102.3,102.3,-47.21,-47.21,-47.21,48.24,48.24,False,False,False,False,False,False,False,False,False,2026-09-24
1513,1513.HK,LIVZON PHARMA,丽珠医药,64.04,100,Equity,Equity Securities (Main Board),21.36,21.7,21.78,21.14,977900,20.89,21.048,20.936,1.48,2.03,-1.93,1.71,3.49,30.88,41.85,42.6,30.88,41.85,-29.47,-47.96,-48.87,30.83,48.96,False,False,False,False,False,False,False,False,False,2026-09-24
1515,1515.HK,CR MEDICAL,华润医疗,31.25,500,Equity,Equity Securities (Main Board),2.41,2.38,2.43,2.38,391000,0.94,2.394,2.408,0.67,0.1,1.26,-0.21,0.84,3.47,5.26,14.16,3.47,5.26,-29.97,-53.8,-82.84,30.55,54.18,False,False,False,True,False,False,False,False,False,2026-09-24
1516,1516.HK,SUNAC SERVICES,融创服务,23.01,"1,000",Equity,Equity Securities (Main Board),0.76,0.755,0.765,0.75,1994309,1.52,0.762,0.784,-0.26,-3.06,0.66,-1.3,-1.94,1.5,3.18,29.4,1.5,3.18,-49.0,-75.94,-97.4,49.33,76.1,False,False,False,False,False,False,False,False,False,2026-09-24
1518,1518.HK,NC HEALTHCARE,新世纪医疗,0.82,500,Equity,Equity Securities (Main Board),0.167,0.18,0.18,0.16,329000,0.05,0.207,0.228,-19.17,-26.69,-16.5,-26.75,-32.93,0.74,1.47,23.0,0.74,1.47,-75.68,-87.76,-99.22,77.43,88.64,False,False,False,False,False,False,False,False,False,2026-09-24
1519,1519.HK,J&T EXPRESS-W,极兔速递－Ｗ,763.98,200,Equity,Equity Securities (Main Board),8.85,8.7,8.89,8.7,29075896,257.32,8.9,9.036,-0.56,-2.05,1.03,-3.17,-2.16,12.2,16.54,16.54,12.2,16.54,-27.13,-46.25,-46.25,27.46,46.49,False,False,False,False,False,False,False,False,False,2026-09-24
1520,1520.HK,VIRTUAL MIND,天机控股,7.34,"6,000",Equity,Equity Securities (Main Board),0.7,0.67,0.7,0.665,144000,0.1,0.705,0.705,-0.71,-0.78,0.0,0.0,-1.41,1.21,1.95,5.36,1.21,1.95,-42.15,-64.1,-86.94,42.15,64.1,False,False,False,False,False,False,False,False,False,2026-09-24
1521,1521.HK,FRONTAGE,方达控股,22.56,"2,000",Equity,Equity Securities (Main Board),1.105,1.1,1.105,1.1,12000,0.01,1.076,1.092,2.7,1.19,2.31,1.84,4.25,1.36,2.33,9.18,1.36,2.33,-18.75,-52.58,-87.96,18.75,52.58,False,False,False,False,False,False,False,False,False,2026-09-24
1522,1522.HK,BII TRANS TECH,京投交通科技,4.49,"4,000",Equity,Equity Securities (Main Board),0.214,0.217,0.218,0.208,396000,0.08,0.214,0.215,-0.09,-0.6,-0.47,-0.93,-0.93,0.35,0.4,1.8,0.35,0.4,-38.59,-44.81,-87.89,39.72,45.82,False,False,False,False,False,False,False,False,False,2026-09-24
1523,1523.HK,PLOVER BAY TECH,珩湾科技,81.91,"1,000",Equity,Equity Securities (Main Board),7.395,7.38,7.46,7.37,482000,3.56,7.471,7.384,-1.02,0.15,0.0,-2.7,-0.6,9.85,9.85,9.85,9.85,9.85,-24.26,-24.26,-24.26,24.92,24.92,False,False,False,False,False,False,False,False,False,2026-09-24
1525,1525.HK,GENCH EDU,建桥教育,9.05,500,Equity,Equity Securities (Main Board),2.18,2.23,2.23,2.18,79500,0.17,2.236,2.242,-2.5,-2.77,-0.91,-3.54,-3.96,2.77,4.36,8.98,2.77,4.36,-19.49,-48.85,-75.17,21.3,50.0,False,False,False,False,False,False,False,False,False,2026-09-24
1526,1526.HK,RICI HEALTH,瑞慈医疗,13.02,"1,000",Equity,Equity Securities (Main Board),0.82,0.825,0.825,0.815,129000,0.11,0.849,0.845,-3.42,-2.96,-2.38,-4.65,-4.65,1.24,1.45,2.66,1.24,1.45,-33.47,-43.1,-68.98,33.87,43.45,False,False,False,False,False,False,False,False,False,2026-09-24
1527,1527.HK,TENGY ENV,天洁环境,0.85,200,Equity,Equity Securities (Main Board),2.42,2.45,2.525,2.41,8000,0.02,2.292,2.246,5.58,7.77,2.98,8.52,12.04,2.8,2.8,8.98,2.8,2.8,-9.82,-9.82,-71.88,13.57,13.57,False,False,False,False,False,False,False,False,False,2026-09-24
1529,1529.HK,YUES INTL HLDG,乐氏国际控股,6.07,"2,000",Equity,Equity Securities (Main Board),0.91,0.88,0.92,0.855,80000,0.07,0.911,0.894,-0.11,1.85,1.11,0.55,1.68,0.94,2.95,7.1,0.94,2.95,-2.65,-68.81,-87.04,3.7,69.15,False,False,False,False,False,False,False,True,False,2026-09-24
1530,1530.HK,3SBIO,三生制药,408.92,500,Equity,Equity Securities (Main Board),16.22,17.0,17.0,16.11,13263310,215.13,16.594,16.232,-2.25,-0.07,-4.64,-5.81,1.5,29.3,36.8,36.8,29.3,36.8,-41.98,-53.8,-53.8,44.64,55.92,False,False,False,False,False,False,False,False,False,2026-09-24
1532,1532.HK,CHINA PARTYTIME,中国派对文化,2.6,"3,000",Equity,Equity Securities (Main Board),0.144,0.145,0.145,0.145,24000,0.0,0.143,0.148,0.7,-2.77,0.0,0.7,-5.88,0.17,0.18,1.4,0.17,0.18,-14.71,-19.44,-89.64,15.29,20.0,False,False,False,False,False,False,False,False,False,2026-09-24
1536,1536.HK,YUK WING GP,煜荣集团,12.95,"2,000",Equity,Equity Securities (Main Board),0.71,0.75,0.87,0.68,30082000,21.36,0.639,0.506,11.11,40.24,-5.33,31.48,10.08,0.79,0.79,3.34,0.87,0.87,10.13,10.13,-73.95,18.39,18.39,False,False,False,False,True,True,False,False,False,2026-09-24
1538,1538.HK,ZHONG AO HOME,中奥到家,7.26,"2,000",Equity,Equity Securities (Main Board),0.85,0.85,0.85,0.8,676000,0.57,0.849,0.842,0.12,1.01,0.0,-1.16,0.59,0.96,0.96,1.88,0.96,0.96,-11.46,-11.46,-54.79,11.46,11.46,False,False,True,True,False,False,False,False,False,2026-09-24
1539,1539.HK,UNITY GP HLDGS,知行集团控股,9.91,"2,000",Equity,Equity Securities (Main Board),0.28,0.295,0.295,0.28,1046000,0.29,0.3,0.302,-6.67,-7.28,-8.2,-8.2,-5.08,0.41,0.71,2.3,0.41,0.71,-28.92,-58.45,-87.17,32.53,60.56,False,False,False,False,False,False,False,False,False,2026-09-24
1540,1540.HK,LEFTFIELD PRINT,澳狮环球,2.59,"3,000",Equity,Equity Securities (Main Board),0.52,0.45,0.525,0.445,3559250,1.85,0.516,0.613,0.78,-15.1,15.56,16.85,-28.28,0.75,0.75,1.05,0.75,0.75,-30.0,-30.0,-50.0,30.67,30.67,False,False,False,False,False,False,False,False,False,2026-09-24
1541,1541.HK,IMMUNEONCO-B,宜明昂科－Ｂ,14.28,200,Equity,Equity Securities (Main Board),3.415,3.49,3.82,3.345,738600,2.52,3.339,3.262,2.28,4.71,-1.01,2.86,6.72,7.12,32.15,32.15,7.12,32.15,-46.35,-88.12,-88.12,52.04,89.38,False,False,False,False,False,False,False,False,False,2026-09-24
1542,1542.HK,TAIZHOU WATER,台州水务,0.32,"1,000",Equity,Equity Securities (Main Board),0.64,0.72,0.78,0.55,131000,0.08,0.638,0.677,0.31,-5.54,1.59,0.0,5.79,1.28,2.88,4.32,1.28,2.88,-39.06,-72.92,-81.94,50.0,77.78,False,False,False,False,False,False,False,False,False,2026-09-24
1545,1545.HK,DESIGN CAPITAL,设计都会,3.4,"10,000",Equity,Equity Securities (Main Board),0.17,0.17,0.17,0.169,250000,0.04,0.164,0.161,3.41,5.92,0.0,3.66,11.84,0.17,0.17,0.33,0.17,0.17,-1.16,-1.16,-48.48,1.16,1.16,False,False,False,False,False,False,False,True,True,2026-09-24
1546,1546.HK,THELLOY DEV,德莱建业,1.14,"8,000",Equity,Equity Securities (Main Board),0.142,0.164,0.164,0.132,2776000,0.39,0.135,0.127,4.87,12.08,-11.25,13.6,26.79,0.44,0.44,0.88,0.44,0.44,-63.15,-63.15,-81.36,68.09,68.09,False,False,False,False,False,False,False,False,False,2026-09-24
1548,1548.HK,GENSCRIPT BIO,金斯瑞生物科技,906.27,"2,000",Equity,Equity Securities (Main Board),39.74,41.5,41.9,39.06,36036957,1432.11,40.54,37.122,-1.97,7.05,-4.84,-4.01,6.77,43.12,43.12,43.4,43.12,43.12,-2.83,-2.83,-3.46,7.84,7.84,False,False,False,False,False,False,False,True,True,2026-09-24
1549,1549.HK,EVER HARVEST GP,永丰集团控股,1.15,"8,000",Equity,Equity Securities (Main Board),0.074,0.079,0.079,0.074,328000,0.02,0.074,0.075,-0.54,-0.94,-1.33,0.0,-1.33,0.11,0.17,0.51,0.11,0.17,-28.83,-52.98,-84.51,33.33,55.95,False,False,False,False,False,False,False,False,False,2026-09-24
1552,1552.HK,BHCC HOLDING,BHCC HOLDING,2.16,"5,000",Equity,Equity Securities (Main Board),0.27,0.27,0.27,0.265,490000,0.13,0.277,0.279,-2.53,-3.23,-3.57,-3.57,-1.82,0.3,0.3,0.94,0.3,0.3,-10.0,-10.0,-71.28,10.0,10.0,False,False,False,False,False,False,False,True,True,2026-09-24
1555,1555.HK,MIE HOLDINGS,ＭＩ能源,0.95,"2,000",Equity,Equity Securities (Main Board),0.028,0.029,0.029,0.028,740000,0.02,0.03,0.029,-5.41,-3.78,-3.45,-6.67,0.0,0.08,0.08,0.92,0.08,0.08,-61.84,-62.34,-96.85,63.16,63.64,False,False,False,False,False,False,False,False,False,2026-09-24
1556,1556.HK,CHINNEY KW,建业建荣,3.6,"5,000",Equity,Equity Securities (Main Board),0.24,0.24,0.24,0.237,45000,0.01,0.242,0.243,-0.99,-1.4,-1.23,-1.23,-1.23,0.42,0.42,0.46,0.42,0.42,-42.86,-42.86,-47.83,42.86,42.86,False,False,False,False,False,False,False,False,False,2026-09-24
1557,1557.HK,K.H. GP HLDGS,剑虹集团控股,2.57,"4,000",Equity,Equity Securities (Main Board),0.535,0.52,0.575,0.52,72000,0.04,0.555,0.534,-3.6,0.09,1.9,-4.46,-9.32,1.0,1.0,3.38,1.0,1.0,-42.5,-42.5,-82.99,46.5,46.5,False,False,False,False,False,False,False,False,False,2026-09-24
1559,1559.HK,KWAN ON HLDGS,均安控股,1.27,"10,000",Equity,Equity Securities (Main Board),0.046,0.042,0.046,0.041,280000,0.01,0.046,0.047,0.44,-1.71,2.22,2.22,-2.13,0.09,0.21,2.42,0.09,0.21,-51.58,-77.99,-98.1,51.58,77.99,False,False,False,False,False,False,False,False,False,2026-09-24
1560,1560.HK,STAR GROUP ASIA,星星集团,1.92,"2,000",Equity,Equity Securities (Main Board),0.3,0.31,0.315,0.265,350000,0.11,0.298,0.311,0.67,-3.69,-6.25,3.45,5.26,0.47,1.0,1.48,0.47,1.0,-33.68,-68.5,-78.73,36.84,70.0,False,False,False,False,False,False,False,False,False,2026-09-24
1563,1563.HK,ALLI INTL ED LE,友联国际教育租赁,2.18,"1,000",Equity,Equity Securities (Main Board),0.129,0.13,0.13,0.128,132000,0.02,0.133,0.131,-2.71,-1.9,-0.77,-4.44,-3.73,0.18,1.85,19.62,0.18,1.85,-28.57,-92.97,-99.34,29.12,93.03,False,False,False,False,False,False,False,False,False,2026-09-24
1565,1565.HK,VIRSCEND EDU,成实外教育,4.4,"1,000",Equity,Equity Securities (Main Board),0.145,0.148,0.148,0.145,46000,0.01,0.153,0.158,-5.48,-8.05,-2.03,-9.38,-9.38,0.22,0.34,5.83,0.22,0.34,-32.73,-55.82,-97.46,34.09,56.72,False,False,False,False,False,False,False,False,False,2026-09-24
1566,1566.HK,CA CULTURAL,华夏文化科技,85.66,"5,000",Equity,Equity Securities (Main Board),5.3,4.7,5.35,4.68,9732900,51.58,4.625,4.347,14.59,21.94,8.5,18.17,30.86,5.33,5.33,5.33,5.35,5.35,0.38,0.38,0.38,0.93,0.93,True,False,False,False,True,True,True,True,True,2026-09-24
1568,1568.HK,SUNDART HLDGS,承达集团,15.15,"2,000",Equity,Equity Securities (Main Board),0.695,0.71,0.71,0.68,518000,0.36,0.68,0.659,2.21,5.38,-0.71,3.73,9.45,0.9,0.95,5.15,0.9,0.95,-21.11,-25.26,-86.21,22.78,26.84,False,False,False,False,False,False,False,False,False,2026-09-24
1570,1570.HK,WEIYE HOLDINGS,伟业控股,19.47,"1,000",Equity,Equity Securities (Main Board),9.925,10.15,10.15,9.8,88000,0.87,10.249,11.326,-3.16,-12.37,0.35,0.46,-17.63,16.0,16.0,16.0,16.0,16.0,-36.56,-36.56,-36.56,37.97,37.97,False,False,False,False,False,False,False,False,False,2026-09-24
1571,1571.HK,XIN POINT HOLD,信邦控股,35.89,"1,000",Equity,Equity Securities (Main Board),3.56,3.6,3.6,3.54,329798,1.17,3.669,3.683,-2.97,-3.33,-4.04,-3.26,-3.39,4.64,4.75,7.01,4.64,4.75,-22.41,-24.21,-48.64,23.28,25.05,False,False,False,False,False,False,False,False,False,2026-09-24
1572,1572.HK,CHINA ART FIN,中国艺术金融,1.22,"4,000",Equity,Equity Securities (Main Board),0.072,0.079,0.079,0.072,108000,0.01,0.076,0.076,-4.76,-4.76,-4.0,-6.49,-8.86,0.11,0.24,1.76,0.11,0.24,-25.47,-67.08,-95.51,32.08,70.0,False,False,False,False,False,False,False,False,False,2026-09-24
1576,1576.HK,QILU EXPRESSWAY,齐鲁高速,34.1,"1,000",Equity,Equity Securities (Main Board),1.705,1.68,1.705,1.635,53000,0.09,1.697,1.7,0.47,0.32,0.0,1.49,1.49,1.88,2.51,3.2,1.88,2.51,-9.31,-32.07,-46.72,9.31,32.07,False,False,False,True,False,False,False,True,False,2026-09-24
1577,1577.HK,HUIXIN CREDIT,汇鑫小贷,1.87,"2,000",Equity,Equity Securities (Main Board),1.04,0.955,1.04,0.91,54000,0.06,1.044,1.043,-0.38,-0.29,0.0,-0.95,0.0,1.2,1.2,2.4,1.2,1.2,-13.33,-13.33,-56.67,13.33,13.33,False,False,False,False,False,False,False,False,False,2026-09-24
1578,1578.HK,BANK OF TIANJIN,天津银行,36.17,500,Equity,Equity Securities (Main Board),2.05,2.065,2.065,2.05,33500,0.07,2.069,2.083,-0.92,-1.58,-0.73,-0.97,-0.73,2.88,2.88,7.0,2.88,2.88,-28.3,-28.3,-70.5,28.82,28.82,False,False,False,False,False,False,False,False,False,2026-09-24
1579,1579.HK,YIHAI INTL,颐海国际,140.68,"1,000",Equity,Equity Securities (Main Board),13.57,13.44,13.68,13.44,1032000,14.0,13.614,13.716,-0.32,-1.06,-0.22,-0.73,-0.8,17.33,18.82,148.6,17.33,18.82,-21.06,-27.31,-90.79,21.7,27.9,False,False,False,False,False,False,False,False,False,2026-09-24
1580,1580.HK,DA SEN HLDGS,大森控股,6.03,"30,000",Equity,Equity Securities (Main Board),0.55,0.47,0.55,0.47,2920254,1.61,0.44,0.347,25.0,58.68,20.88,42.86,103.7,0.65,0.65,5.24,0.65,0.65,-15.38,-15.38,-89.51,15.38,15.38,False,False,False,False,False,False,False,False,False,2026-09-24
1581,1581.HK,PROGRESSIVE P,进升集团控股,1.25,"10,000",Equity,Equity Securities (Main Board),0.3,0.335,0.335,0.295,370000,0.11,0.326,0.317,-7.98,-5.21,-9.09,-10.45,-11.76,0.59,0.59,3.57,0.59,0.59,-43.22,-43.22,-90.62,49.15,49.15,False,False,False,False,False,False,False,False,False,2026-09-24
1582,1582.HK,CR CONSTRUCTION,华营建筑,2.9,"2,500",Equity,Equity Securities (Main Board),0.58,0.615,0.615,0.575,775000,0.45,0.615,0.571,-5.69,1.58,-7.2,-11.45,-1.69,0.69,0.69,2.78,0.69,0.69,-11.51,-11.51,-77.88,16.55,16.55,False,False,False,False,False,False,False,False,False,2026-09-24
1585,1585.HK,YADEA,雅迪控股,258.51,"2,000",Equity,Equity Securities (Main Board),8.305,8.47,8.47,8.21,11413077,94.79,8.463,8.574,-1.87,-3.14,-1.95,-1.42,-5.57,13.46,17.28,24.0,13.46,17.28,-37.07,-50.98,-64.71,38.3,51.94,False,False,False,False,False,False,False,False,False,2026-09-24
1591,1591.HK,SHUN WO GROUP,汛和集团,0.62,"20,000",Equity,Equity Securities (Main Board),0.117,0.117,0.117,0.117,120000,0.01,0.117,0.117,0.0,0.26,0.0,0.0,0.0,0.19,0.35,1.93,0.19,0.35,-36.76,-66.57,-93.94,36.76,66.57,False,False,False,False,False,False,False,False,False,2026-09-24
1592,1592.HK,ANCHORSTONE,基石控股,2.46,"10,000",Equity,Equity Securities (Main Board),0.17,0.17,0.17,0.17,280000,0.05,0.17,0.168,0.12,0.95,-2.86,1.8,5.59,0.45,0.82,28.7,0.45,0.82,-62.22,-79.27,-99.41,62.22,79.27,False,False,False,False,False,False,False,False,False,2026-09-24
1593,1593.HK,CHEN LIN EDU,辰林教育,10.67,"2,000",Equity,Equity Securities (Main Board),1.075,1.085,1.115,1.075,684000,0.74,1.099,1.123,-2.18,-4.23,-2.27,-6.52,-4.02,1.43,3.0,3.44,1.43,3.0,-22.03,-62.83,-67.59,24.83,64.17,False,False,False,False,False,False,False,False,False,2026-09-24
1596,1596.HK,YICHEN IND,翼辰实业,0.74,"1,000",Equity,Equity Securities (Main Board),0.33,0.32,0.33,0.315,269000,0.09,0.308,0.304,7.14,8.37,3.13,13.79,15.79,1.45,4.6,7.68,1.45,4.6,-77.24,-92.83,-95.7,77.24,92.83,True,False,False,False,False,False,False,False,False,2026-09-24
1597,1597.HK,NATURE ENERGY T,纳泉能源科技,13.76,"1,000",Equity,Equity Securities (Main Board),5.505,5.51,5.815,5.2,268000,1.48,5.427,5.668,1.44,-2.87,-1.7,7.94,0.09,8.35,9.3,9.3,8.35,9.3,-30.36,-37.47,-37.47,34.07,40.81,False,False,False,False,False,False,False,False,False,2026-09-24
1599,1599.HK,UCD,城建设计,3.78,"1,000",Equity,Equity Securities (Main Board),0.975,0.995,0.995,0.975,30000,0.03,0.987,1.0,-1.22,-2.45,-1.02,-1.52,-2.01,1.4,2.24,5.53,1.4,2.24,-28.93,-55.58,-82.01,30.36,56.47,False,False,False,False,False,False,False,False,False,2026-09-24
1600,1600.HK,TIAN LUN GAS,天伦燃气,27.16,500,Equity,Equity Securities (Main Board),2.79,2.77,2.825,2.725,497500,1.39,2.754,2.722,1.31,2.5,0.9,1.82,4.89,3.43,5.67,10.9,3.43,5.67,-17.64,-50.18,-74.08,18.66,50.79,True,True,False,False,False,False,False,False,False,2026-09-24
1606,1606.HK,CDB LEASING,国银金租,41.96,"2,000",Equity,Equity Securities (Main Board),1.515,1.5,1.52,1.5,790000,1.2,1.508,1.521,0.46,-0.43,1.68,0.0,0.33,1.78,2.49,2.49,1.78,2.49,-14.61,-38.96,-38.96,14.89,39.16,False,False,False,False,False,False,False,False,False,2026-09-24
1608,1608.HK,VPOWER GROUP,伟能集团,2.47,"1,000",Equity,Equity Securities (Main Board),0.037,0.036,0.038,0.034,2745000,0.1,0.04,0.041,-6.57,-9.54,0.0,-9.76,-11.9,0.21,0.69,5.65,0.21,0.69,-81.9,-94.49,-99.33,82.38,94.64,False,False,False,False,False,False,False,False,False,2026-09-24
1609,1609.HK,STAR SPORTS MED,天星医疗,55.46,50,Equity,Equity Securities (Main Board),101.2,104.5,106.9,101.2,227200,22.99,106.06,105.17,-4.58,-3.77,-5.95,-8.0,1.2,299.0,299.0,299.0,299.0,299.0,-64.25,-64.25,-64.25,66.15,66.15,False,False,False,False,False,False,False,False,False,2026-09-24
1610,1610.HK,COFCO JOYCOME,中粮家佳康,50.4,"1,000",Equity,Equity Securities (Main Board),1.1,1.1,1.12,1.09,7408000,8.15,1.121,1.141,-1.87,-3.64,0.0,-3.93,-3.51,1.72,2.1,6.38,1.72,2.1,-34.88,-46.67,-82.45,36.05,47.62,False,False,False,False,False,False,False,False,False,2026-09-24
1611,1611.HK,BITFIRE GROUP,新火集团,15.55,500,Equity,Equity Securities (Main Board),2.065,2.05,2.07,2.025,128600,0.27,2.037,1.995,1.37,3.53,0.73,1.23,11.02,3.3,8.17,29.55,3.3,8.17,-37.27,-74.66,-92.99,37.42,74.72,False,False,False,False,False,False,False,False,False,2026-09-24
1612,1612.HK,VINCENT MED,永胜医疗,4.42,"2,000",Equity,Equity Securities (Main Board),0.67,0.65,0.67,0.65,52000,0.03,0.664,0.666,0.9,0.6,0.0,0.75,0.75,1.09,1.32,3.73,1.09,1.32,-38.53,-49.24,-82.04,38.53,49.24,False,False,True,True,False,False,False,False,False,2026-09-24
1613,1613.HK,SYNERTONE,协同通信,11.29,"6,400",Equity,Equity Securities (Main Board),0.735,0.735,0.755,0.705,741200,0.54,0.744,0.826,-1.21,-11.02,0.0,8.09,-22.22,1.36,1.36,6.18,1.36,1.36,-44.28,-44.28,-87.77,45.76,45.76,False,False,False,False,False,False,False,False,False,2026-09-24
1615,1615.HK,AB BUILDERS,奥邦建筑,3.18,"5,000",Equity,Equity Securities (Main Board),0.53,0.555,0.565,0.51,2505000,1.33,0.464,0.43,14.22,23.26,-5.36,29.27,32.5,0.56,0.56,0.7,0.56,0.56,0.89,0.89,-19.29,6.19,6.19,False,False,False,False,True,True,False,True,True,2026-09-24
1617,1617.HK,NANFANG COMM,南方通信,5.04,"4,000",Equity,Equity Securities (Main Board),0.31,0.31,0.315,0.3,5044000,1.56,0.285,0.271,8.77,14.18,-3.12,19.23,21.57,0.92,0.92,5.82,0.92,0.92,-65.76,-65.76,-94.59,66.3,66.3,False,False,False,False,False,False,False,False,False,2026-09-24
1618,1618.HK,MCC,中国中冶,37.76,"1,000",Equity,Equity Securities (Main Board),1.33,1.375,1.38,1.315,11571000,15.39,1.355,1.367,-1.85,-2.71,-3.27,-2.56,-0.75,2.04,3.17,3.42,2.04,3.17,-32.35,-56.47,-59.65,34.8,58.04,False,False,False,False,False,False,False,False,False,2026-09-24
1620,1620.HK,CINESE INTL,富盈环球集团,2.18,"10,000",Equity,Equity Securities (Main Board),0.182,0.186,0.19,0.181,960000,0.17,0.185,0.188,-1.73,-3.14,-2.15,-2.15,2.25,0.21,0.23,0.45,0.21,0.23,-10.38,-16.67,-57.78,14.15,20.18,False,False,False,False,False,False,False,False,False,2026-09-24
1621,1621.HK,VICO INTL HLDGS,域高国际控股,2.4,"8,000",Equity,Equity Securities (Main Board),0.24,0.228,0.242,0.221,5384000,1.29,0.228,0.222,5.26,8.21,6.19,6.19,8.6,0.23,0.23,0.47,0.24,0.24,7.08,7.08,-47.96,0.83,0.83,False,False,False,True,True,True,False,True,True,2026-09-24
1622,1622.HK,REDCO GROUP,力高集团,4.47,"2,000",Equity,Equity Securities (Main Board),0.126,0.14,0.14,0.121,586000,0.07,0.127,0.13,-0.47,-2.85,0.0,-0.79,-8.7,0.24,1.33,5.18,0.24,1.33,-42.15,-89.47,-97.3,47.93,90.53,False,False,False,False,False,False,False,False,False,2026-09-24
1623,1623.HK,HILONG,海隆控股,4.14,"1,000",Equity,Equity Securities (Main Board),0.244,0.255,0.255,0.24,91000,0.02,0.242,0.247,0.66,-1.37,0.0,3.39,0.83,0.31,0.4,2.58,0.31,0.4,-17.74,-35.44,-90.12,21.29,38.23,False,False,True,False,False,False,False,False,False,2026-09-24
1626,1626.HK,JIA YAO HLDGS,嘉耀控股,133.92,"1,000",Equity,Equity Securities (Main Board),22.32,22.12,22.78,20.58,799100,17.84,23.54,24.532,-5.18,-9.02,0.18,-9.64,-12.47,29.1,29.1,29.1,29.1,29.1,-21.72,-21.72,-21.72,23.3,23.3,False,False,False,False,False,False,False,False,False,2026-09-24
1627,1627.HK,ABLE ENG HLDGS,安保工程控股,7.4,"4,000",Equity,Equity Securities (Main Board),0.37,0.37,0.37,0.365,148000,0.05,0.37,0.388,0.0,-4.52,1.37,-1.33,2.78,0.7,0.79,1.36,0.7,0.79,-47.14,-53.16,-72.79,47.14,53.16,False,False,False,False,False,False,False,False,False,2026-09-24
1628,1628.HK,YUZHOU GROUP,禹洲集团,1.55,"5,000",Equity,Equity Securities (Main Board),0.104,0.108,0.109,0.103,235000,0.02,0.105,0.103,-0.76,0.68,-4.59,0.97,2.97,0.26,3.32,48.16,0.26,3.32,-58.87,-96.72,-99.77,60.75,96.87,False,False,False,False,False,False,False,False,False,2026-09-24
1630,1630.HK,KIN SHING HLDGS,建成控股,3.3,"6,000",Equity,Equity Securities (Main Board),0.22,0.22,0.226,0.21,1098000,0.24,0.209,0.237,5.26,-7.09,1.85,8.37,-6.38,0.47,0.47,6.67,0.47,0.47,-51.91,-51.91,-96.61,53.19,53.19,False,False,False,False,False,False,False,False,False,2026-09-24
1633,1633.HK,SHEUNG YUE GP,上谕集团,3.29,"3,000",Equity,Equity Securities (Main Board),0.48,0.5,0.5,0.46,567000,0.27,0.482,0.479,-0.41,0.1,-1.03,2.13,0.0,0.7,0.7,4.76,0.7,0.7,-28.57,-28.57,-89.5,31.43,31.43,False,False,False,False,False,False,False,False,False,2026-09-24
1635,1635.HK,DZUG,大众公用,11.66,"1,000",Equity,Equity Securities (Main Board),2.185,2.2,2.21,2.18,2898000,6.33,2.22,2.238,-1.58,-2.37,-0.23,-3.74,-2.02,6.33,6.33,6.33,6.33,6.33,-65.09,-65.09,-65.09,65.48,65.48,False,False,False,False,False,False,False,False,False,2026-09-24
1637,1637.HK,SH GROUP HLDG,顺兴集团控股,2.7,"2,000",Equity,Equity Securities (Main Board),0.675,0.66,0.675,0.66,32000,0.02,0.669,0.666,0.9,1.35,0.75,2.27,0.75,0.69,0.69,1.65,0.69,0.69,-2.17,-2.17,-59.09,2.17,2.17,False,False,False,True,False,False,False,True,True,2026-09-24
1638,1638.HK,KAISA GROUP,佳兆业集团,3.43,"1,000",Equity,Equity Securities (Main Board),0.03,0.031,0.032,0.03,37338088,1.12,0.032,0.032,-5.06,-5.06,-6.25,-9.09,-6.25,0.13,0.73,6.71,0.13,0.73,-75.38,-95.62,-99.52,76.92,95.89,False,False,False,False,False,False,False,False,False,2026-09-24
1641,1641.HK,HX COLDCHAIN,红星冷链,0.83,500,Equity,Equity Securities (Main Board),3.385,3.4,3.4,3.33,16000,0.05,3.476,3.56,-2.62,-4.93,-1.74,-3.84,-5.71,19.7,19.7,19.7,19.7,19.7,-82.74,-82.74,-82.74,82.82,82.82,False,False,False,False,False,False,False,False,False,2026-09-24
1643,1643.HK,MODERN CHI MED,现代中药集团,5.0,"3,000",Equity,Equity Securities (Main Board),0.695,0.735,0.745,0.665,147000,0.1,0.773,0.778,-10.09,-10.73,-7.33,-16.77,-13.13,3.26,3.26,3.26,3.26,3.26,-77.15,-77.15,-77.15,78.68,78.68,False,False,False,False,False,False,False,False,False,2026-09-24
1645,1645.HK,HAINA INTEL,海纳智能,15.06,"4,000",Equity,Equity Securities (Main Board),2.67,2.68,2.73,2.615,2588000,6.91,2.64,2.663,1.14,0.24,-0.56,2.69,3.49,4.22,4.22,4.22,4.22,4.22,-35.31,-35.31,-35.31,36.73,36.73,False,False,False,True,False,False,False,False,False,2026-09-24
1647,1647.HK,GRANDSHORES,雄岸科技,0.78,"5,000",Equity,Equity Securities (Main Board),0.065,0.062,0.065,0.058,430000,0.03,0.064,0.061,1.88,7.26,4.84,1.56,10.17,0.09,0.15,3.7,0.09,0.15,-23.53,-56.08,-98.24,23.53,56.08,False,False,False,True,False,False,False,False,False,2026-09-24
1650,1650.HK,HYGIEIA GROUP,HYGIEIA GROUP,3.52,"8,000",Equity,Equity Securities (Main Board),0.176,0.177,0.182,0.171,4632000,0.82,0.172,0.161,2.21,9.32,-1.12,2.33,16.56,0.18,0.18,0.26,0.18,0.18,-1.09,-1.09,-30.0,4.35,4.35,False,False,False,False,False,False,False,True,True,2026-09-24
1651,1651.HK,TSUGAMI CHINA,津上机床中国,174.06,500,Equity,Equity Securities (Main Board),47.22,48.38,48.78,46.32,1823605,86.11,48.012,47.687,-1.65,-0.98,-2.15,-2.48,3.1,74.15,74.15,74.15,74.15,74.15,-34.21,-34.21,-34.21,36.32,36.32,False,False,False,False,False,False,False,False,False,2026-09-24
1653,1653.HK,MOS HOUSE,MOS HOUSE,3.99,"20,000",Equity,Equity Securities (Main Board),1.38,1.375,1.38,1.375,80000,0.11,1.381,1.371,-0.07,0.69,-0.72,1.47,0.0,3.82,5.02,6.7,3.82,5.02,-63.87,-72.51,-79.4,63.87,72.51,False,False,False,False,False,False,False,False,False,2026-09-24
1655,1655.HK,OKURA HOLDINGS,OKURA HOLDINGS,1.15,"5,000",Equity,Equity Securities (Main Board),0.16,0.161,0.161,0.157,180000,0.03,0.163,0.164,-1.6,-2.62,-1.23,-2.44,-4.19,0.31,0.83,1.71,0.31,0.83,-48.06,-80.6,-90.58,48.39,80.72,False,False,False,False,False,False,False,False,False,2026-09-24
1657,1657.HK,SG GROUP HLDGS,桦欣控股,16.38,500,Equity,Equity Securities (Main Board),51.2,57.0,57.0,49.88,12500,0.64,53.48,51.772,-4.26,-1.1,-5.36,-6.91,2.81,80.0,80.0,80.0,80.0,80.0,-28.75,-28.75,-28.75,36.0,36.0,False,False,False,False,False,False,False,False,False,2026-09-24
1658,1658.HK,PSBC,邮储银行,1076.2,"1,000",Equity,Equity Securities (Main Board),5.42,5.36,5.435,5.36,31829120,172.51,5.405,5.398,0.28,0.42,0.65,0.09,0.0,5.57,5.95,6.82,5.57,5.95,-2.51,-8.66,-20.31,2.78,8.91,False,False,False,True,False,False,False,True,True,2026-09-24
1660,1660.HK,SEVEN ELEMENTS,七元投资,12.95,"8,000",Equity,Equity Securities (Main Board),0.209,0.221,0.221,0.202,3392000,0.71,0.212,0.208,-1.42,0.53,-3.24,-1.88,0.0,0.51,0.65,2.47,0.51,0.65,-56.67,-66.0,-91.06,59.02,67.85,False,False,False,False,False,False,False,False,False,2026-09-24
1662,1662.HK,YEE HOP HLDGS,义合控股,3.35,"1,000",Equity,Equity Securities (Main Board),0.65,0.63,0.66,0.63,14000,0.01,0.613,0.593,6.04,9.61,6.56,6.56,8.33,2.34,3.6,3.6,2.34,3.6,-71.79,-81.67,-81.67,72.22,81.94,False,False,False,False,False,False,False,False,False,2026-09-24
1666,1666.HK,TONG REN TANG,同仁堂科技,19.65,"1,000",Equity,Equity Securities (Main Board),3.125,3.09,3.14,3.06,2841000,8.88,3.106,3.134,0.61,-0.29,-0.16,1.46,-1.11,4.56,7.03,16.0,4.56,7.03,-31.14,-55.33,-80.37,31.47,55.55,False,False,True,False,False,False,False,False,False,2026-09-24
1669,1669.HK,GIC GROUP,环球信贷集团,5.78,"2,000",Equity,Equity Securities (Main Board),1.445,1.45,1.45,1.445,14000,0.02,1.453,1.456,-0.55,-0.76,-0.34,-1.03,-2.36,1.56,1.56,1.65,1.56,1.56,-7.05,-7.05,-12.12,7.37,7.37,False,False,False,False,False,False,False,True,True,2026-09-24
1671,1671.HK,TIANBAO ENERGY,天保能源,1.27,"2,000",Equity,Equity Securities (Main Board),0.795,0.8,0.8,0.77,116000,0.09,0.767,0.761,3.65,4.47,1.92,6.0,4.61,1.3,1.51,3.83,1.3,1.51,-38.46,-47.02,-79.11,38.85,47.35,True,False,False,False,False,False,False,False,False,2026-09-24
1672,1672.HK,ASCLETIS-B,歌礼制药－Ｂ,92.1,"1,000",Equity,Equity Securities (Main Board),8.755,9.24,9.24,8.665,630722,5.52,9.04,8.898,-3.15,-1.6,-5.09,-5.35,7.49,19.86,19.86,19.86,19.86,19.86,-53.47,-53.47,-53.47,55.92,55.92,False,False,False,False,False,False,False,False,False,2026-09-24
1673,1673.HK,HUAZHANG TECH,华章科技,3.99,"2,000",Equity,Equity Securities (Main Board),0.25,0.26,0.265,0.25,140000,0.04,0.271,0.262,-7.75,-4.58,-16.67,0.0,0.0,0.38,0.45,5.08,0.38,0.45,-30.26,-41.11,-94.78,34.21,44.44,False,False,False,False,False,False,False,False,False,2026-09-24
1675,1675.HK,ASIAINFO TECH,亚信科技,38.26,400,Equity,Equity Securities (Main Board),4.07,4.035,4.135,4.035,936400,3.81,4.115,3.986,-1.09,2.11,-1.45,-1.21,5.71,10.06,13.44,15.68,10.06,13.44,-58.9,-69.23,-73.63,59.54,69.72,False,False,False,False,False,False,False,False,False,2026-09-24
1676,1676.HK,GAODI HOLDINGS,高地股份,1.84,"10,000",Equity,Equity Securities (Main Board),0.465,0.485,0.485,0.46,2776000,1.29,0.481,0.484,-3.33,-3.93,-5.1,-5.1,-4.12,0.65,2.53,28.5,0.65,2.53,-25.38,-80.83,-98.3,28.46,81.62,False,False,False,False,False,False,False,False,False,2026-09-24
1679,1679.HK,RISECOMM GP,瑞斯康集团,2.75,"5,000",Equity,Equity Securities (Main Board),1.275,1.24,1.285,1.2,140000,0.18,1.27,1.277,0.39,-0.16,-0.78,1.19,2.0,2.16,2.16,97.46,2.16,2.16,-40.51,-40.51,-98.68,40.97,40.97,False,False,False,False,False,False,False,False,False,2026-09-24
1681,1681.HK,CONSUN PHARMA,康臣药业,121.32,"1,000",Equity,Equity Securities (Main Board),14.48,14.3,14.5,14.26,1136600,16.46,14.05,13.605,3.06,6.43,0.84,4.55,9.95,19.35,19.35,19.35,19.35,19.35,-25.06,-25.06,-25.06,25.17,25.17,True,True,False,False,False,False,False,False,False,2026-09-24
1682,1682.HK,HP LIVING TECH,杭品生活科技,2.18,"4,000",Equity,Equity Securities (Main Board),0.139,0.143,0.143,0.139,108000,0.02,0.143,0.146,-2.8,-5.05,0.0,-6.71,0.72,0.32,0.5,2.01,0.32,0.5,-55.31,-71.4,-92.89,56.56,72.2,False,False,False,False,False,False,False,False,False,2026-09-24
1683,1683.HK,HOPE LIFE INT,旷逸国际,2.22,"16,000",Equity,Equity Securities (Main Board),0.119,0.125,0.125,0.116,464000,0.06,0.122,0.126,-2.46,-5.85,-4.8,-0.83,-4.8,0.38,0.95,3.54,0.38,0.95,-66.67,-86.84,-96.47,68.27,87.47,False,False,False,False,False,False,False,False,False,2026-09-24
1685,1685.HK,BOER POWER,博耳电力,4.53,"1,000",Equity,Equity Securities (Main Board),0.585,0.585,0.6,0.585,83000,0.05,0.593,0.598,-1.35,-2.17,0.86,-1.68,-0.85,1.1,1.1,3.68,1.1,1.1,-45.45,-45.45,-83.7,46.82,46.82,False,False,False,False,False,False,False,False,False,2026-09-24
1686,1686.HK,SUNEVISION,新意网集团,133.52,"1,000",Equity,Equity Securities (Main Board),5.65,5.7,5.71,5.61,1908004,10.78,5.67,5.563,-0.35,1.56,-1.14,-0.88,3.1,7.9,10.36,10.36,7.9,10.36,-27.72,-44.88,-44.88,28.48,45.46,False,False,False,False,False,False,False,False,False,2026-09-24
1688,1688.HK,LINGYI ITECH,领益智造,47.21,660,Equity,Equity Securities (Main Board),5.815,6.095,6.095,5.815,7621680,44.32,6.025,6.141,-3.49,-5.32,-3.65,-4.52,-4.36,11.8,11.8,11.8,11.8,11.8,-48.35,-48.35,-48.35,50.72,50.72,False,False,False,False,False,False,False,False,False,2026-09-24
1689,1689.HK,HUAXIHOLDINGS,华禧控股,2.03,"2,000",Equity,Equity Securities (Main Board),0.29,0.295,0.295,0.285,436000,0.13,0.296,0.293,-2.03,-1.19,-1.69,-4.92,0.0,0.47,1.37,3.86,0.47,1.37,-36.56,-78.47,-92.36,37.63,78.83,False,False,False,False,False,False,False,False,False,2026-09-24
1691,1691.HK,JS GLOBAL LIFE,ＪＳ环球生活,56.46,500,Equity,Equity Securities (Main Board),1.625,1.52,1.63,1.52,2092500,3.4,1.602,1.577,1.44,3.04,1.56,1.88,3.5,2.01,2.39,4.54,2.01,2.39,-18.91,-31.8,-64.08,19.15,32.01,False,False,False,True,False,False,False,False,False,2026-09-24
1696,1696.HK,SISRAM MED,复锐医疗科技,9.6,400,Equity,Equity Securities (Main Board),2.05,1.96,2.05,1.94,59600,0.12,1.984,1.988,3.33,3.14,5.67,5.4,0.0,4.91,8.07,35.0,4.91,8.07,-58.25,-74.6,-94.14,58.25,74.6,False,False,False,True,False,False,False,False,False,2026-09-24
1697,1697.HK,SDITC,山东国信,2.63,"1,800",Equity,Equity Securities (Main Board),0.226,0.229,0.231,0.226,77400,0.02,0.233,0.234,-2.84,-3.38,-0.88,-3.0,-4.24,0.39,0.52,2.54,0.39,0.52,-40.77,-55.58,-90.9,42.05,56.54,False,False,False,False,False,False,False,False,False,2026-09-24
1698,1698.HK,TME-SW,腾讯音乐－ＳＷ,524.06,100,Equity,Equity Securities (Main Board),32.02,31.9,32.28,31.84,751320,24.06,31.592,31.436,1.35,1.86,0.13,4.71,3.69,72.75,104.0,104.0,72.75,104.0,-55.63,-68.96,-68.96,55.99,69.21,False,False,False,False,False,False,False,False,False,2026-09-24
1703,1703.HK,EASYHOLD GROUP,谊和股份,0.43,"5,000",Equity,Equity Securities (Main Board),0.31,0.31,0.315,0.305,785000,0.24,0.312,0.312,-0.64,-0.48,0.0,-1.59,-1.59,2.3,2.3,10.7,2.3,2.3,-86.3,-86.3,-97.06,86.52,86.52,False,False,False,False,False,False,False,False,False,2026-09-24
1705,1705.HK,B & S INTL HLDG,宾仕国际,3.68,"4,000",Equity,Equity Securities (Main Board),0.92,0.9,0.95,0.9,432000,0.4,0.894,0.899,2.91,2.34,2.79,5.14,2.22,1.0,1.0,7.9,1.0,1.0,-5.0,-5.0,-87.97,8.0,8.0,True,False,False,False,False,False,False,True,True,2026-09-24
1709,1709.HK,DL HOLDINGS GP,德林控股,18.28,"1,000",Equity,Equity Securities (Main Board),0.9,0.97,0.985,0.9,5464000,4.92,0.902,0.896,-0.22,0.45,-7.22,3.45,2.27,2.57,5.67,17.02,2.57,5.67,-61.65,-82.62,-94.21,64.96,84.12,False,False,False,False,False,False,False,False,False,2026-09-24
1710,1710.HK,TRIO IND ELEC,致丰工业电子,22.4,"4,000",Equity,Equity Securities (Main Board),2.24,2.075,2.28,2.075,3808000,8.53,2.079,2.011,7.74,11.42,10.34,12.28,7.43,2.3,2.3,2.3,2.3,2.3,-0.65,-0.65,-0.65,2.4,2.4,False,False,False,False,False,False,False,True,True,2026-09-24
1712,1712.HK,DRAGON MINING,龙资源,16.22,"1,000",Equity,Equity Securities (Main Board),8.55,8.49,8.82,8.4,717000,6.13,8.543,8.657,0.08,-1.24,0.94,-0.64,-3.06,12.96,12.96,12.96,12.96,12.96,-31.94,-31.94,-31.94,34.03,34.03,False,False,False,False,False,False,False,False,False,2026-09-24
1713,1713.HK,SICHUAN EN INV,四川能投发展,12.8,"2,000",Equity,Equity Securities (Main Board),1.625,1.625,1.625,1.625,90000,0.15,1.633,1.653,-0.49,-1.69,0.62,-1.52,-1.52,2.82,3.24,6.0,2.82,3.24,-42.38,-49.85,-72.92,42.38,49.85,False,False,False,False,False,False,False,False,False,2026-09-24
1716,1716.HK,MOST KWAI CHUNG,毛记葵涌,9.48,"2,000",Equity,Equity Securities (Main Board),3.51,3.835,3.835,3.51,386000,1.35,3.782,3.958,-7.19,-11.32,-8.47,-11.81,-10.91,9.71,9.71,11.76,9.71,9.71,-60.5,-60.5,-67.39,63.85,63.85,False,False,False,False,False,False,False,False,False,2026-09-24
1717,1717.HK,AUSNUTRIA,澳优,19.03,"1,000",Equity,Equity Securities (Main Board),1.07,1.065,1.07,1.03,26000,0.03,1.089,1.113,-1.74,-3.82,0.47,-1.83,-3.6,2.12,3.2,17.78,2.12,3.2,-49.53,-66.56,-93.98,49.53,66.56,False,False,False,False,False,False,False,False,False,2026-09-24
1719,1719.HK,CIL GROUP,中国通商集团,3.97,"4,000",Equity,Equity Securities (Main Board),0.23,0.23,0.23,0.23,80000,0.02,0.229,0.224,0.35,2.54,0.44,0.44,0.44,0.41,1.11,2.03,0.41,1.11,-43.9,-79.28,-88.67,43.9,79.28,False,False,False,False,False,False,False,False,False,2026-09-24
1722,1722.HK,KIN PANG HLDGS,建鹏控股,1.53,"10,000",Equity,Equity Securities (Main Board),0.139,0.117,0.139,0.117,240000,0.03,0.134,0.128,3.42,8.26,7.75,1.46,9.45,0.15,0.49,0.59,0.15,0.49,-5.44,-71.34,-76.44,5.44,71.34,False,False,False,True,False,False,False,True,False,2026-09-24
1723,1723.HK,MOON INC,恒月控股,3.49,"2,000",Equity,Equity Securities (Main Board),0.73,0.55,0.84,0.54,6090000,4.45,0.532,0.488,37.22,49.59,29.2,62.22,82.5,1.99,7.17,7.17,1.99,7.17,-57.79,-88.28,-88.28,63.32,89.82,True,True,False,False,False,False,False,False,False,2026-09-24
1725,1725.HK,C STRATEGIC TEC,中国技术集团,2.05,200,Equity,Equity Securities (Main Board),0.25,0.25,0.26,0.247,4005600,1.0,0.259,0.269,-3.47,-7.24,-1.96,-3.85,-5.66,1.13,6.4,50.0,1.13,6.4,-76.99,-95.94,-99.48,77.88,96.09,False,False,False,False,False,False,False,False,False,2026-09-24
1726,1726.HK,HKE HOLDINGS,HKE HOLDINGS,9.08,"5,000",Equity,Equity Securities (Main Board),0.795,0.755,0.795,0.755,280000,0.22,0.785,0.807,1.27,-1.49,4.61,-1.24,-1.85,1.46,2.4,2.6,1.46,2.4,-45.55,-66.88,-69.42,45.55,66.88,False,False,False,False,False,False,False,False,False,2026-09-24
1729,1729.HK,TIME INTERCON,汇聚科技,392.92,"1,000",Equity,Equity Securities (Main Board),17.58,18.28,18.28,17.42,7328071,128.83,18.312,18.072,-4.0,-2.72,-3.83,-5.69,0.74,24.7,24.7,24.7,24.7,24.7,-25.99,-25.99,-25.99,28.83,28.83,False,False,False,False,False,False,False,False,False,2026-09-24
1731,1731.HK,PROSPEROUS IND,其利工业集团,8.18,"4,000",Equity,Equity Securities (Main Board),0.73,0.73,0.75,0.73,308000,0.22,0.75,0.75,-2.67,-2.73,-2.67,-3.31,-2.67,0.9,0.96,3.6,0.9,0.96,-16.67,-21.87,-79.17,18.89,23.96,False,False,False,False,False,False,False,False,False,2026-09-24
1732,1732.HK,XIANGXING TECH,象兴科技,2.47,"20,000",Equity,Equity Securities (Main Board),0.193,0.192,0.193,0.192,60000,0.01,0.205,0.206,-6.04,-6.49,-8.1,-8.1,-3.02,0.28,0.4,0.74,0.28,0.4,-29.82,-51.14,-73.92,29.82,51.14,False,False,False,False,False,False,False,False,False,2026-09-24
1733,1733.HK,E-COMMODITIES,易大宗,18.29,"2,000",Equity,Equity Securities (Main Board),0.685,0.69,0.695,0.68,802000,0.55,0.695,0.712,-1.44,-3.72,-2.84,-1.44,-5.52,0.96,1.93,2.68,0.96,1.93,-27.6,-63.99,-74.07,28.65,64.51,False,False,False,False,False,False,False,False,False,2026-09-24
1735,1735.HK,CENTRAL NEW EGY,中环新能源,421.56,"1,000",Equity,Equity Securities (Main Board),9.98,9.22,9.98,9.085,14675000,146.46,9.042,8.627,10.37,15.68,8.01,18.6,21.19,10.3,12.66,12.66,10.3,12.66,-3.11,-21.17,-21.17,3.11,21.17,False,False,False,False,False,False,False,True,False,2026-09-24
1737,1737.HK,A & S GROUP,亚洲实业集团,1.88,"10,000",Equity,Equity Securities (Main Board),0.188,0.18,0.188,0.175,1350000,0.25,0.171,0.167,9.81,12.37,5.03,17.5,13.25,0.18,0.18,0.7,0.19,0.19,2.73,2.73,-73.14,0.0,0.0,True,False,False,False,True,True,False,True,True,2026-09-24
1739,1739.HK,QEEKA HOME,齐屹科技,1.36,500,Equity,Equity Securities (Main Board),0.119,0.12,0.12,0.119,137500,0.02,0.126,0.127,-5.25,-6.08,-0.83,-4.8,-4.8,0.25,0.44,4.9,0.25,0.44,-52.0,-73.03,-97.55,52.4,73.26,False,False,False,False,False,False,False,False,False,2026-09-24
1740,1740.HK,VALUES CULTURAL,新石文化,1.83,"5,000",Equity,Equity Securities (Main Board),0.176,0.178,0.183,0.174,1625000,0.29,0.186,0.181,-5.27,-2.92,-2.22,-6.38,-6.88,0.22,0.22,1.02,0.22,0.22,-18.3,-18.3,-82.06,21.43,21.43,False,False,False,False,False,False,False,False,False,2026-09-24
1745,1745.HK,LVJI TECH,驴迹科技,1.47,"2,000",Equity,Equity Securities (Main Board),2.9,2.64,2.9,2.62,92680,0.27,2.816,2.874,2.98,0.9,9.43,3.57,-10.77,9.5,34.21,103.13,9.5,34.21,-69.47,-91.52,-97.19,69.47,91.52,False,False,False,True,False,False,False,False,False,2026-09-24
1746,1746.HK,MAN SHUN GP,万顺集团控股,5.0,"4,000",Equity,Equity Securities (Main Board),0.5,0.49,0.5,0.49,44000,0.02,0.498,0.504,0.4,-0.89,1.01,0.0,0.0,0.75,0.88,1.15,0.75,0.88,-33.33,-43.18,-56.52,33.33,43.18,False,False,False,False,False,False,False,False,False,2026-09-24
1747,1747.HK,HOME CONTROL,HOME CONTROL,21.4,"2,000",Equity,Equity Securities (Main Board),4.0,4.0,4.0,4.0,2000,0.01,3.912,3.847,2.25,3.98,3.63,2.7,11.11,5.32,6.2,6.2,5.32,6.2,-24.81,-35.48,-35.48,24.81,35.48,False,False,False,False,False,False,False,False,False,2026-09-24
1750,1750.HK,REM GROUP HLDGS,全达电器集团控股,2.45,"10,000",Equity,Equity Securities (Main Board),0.136,0.137,0.138,0.131,1780000,0.24,0.137,0.121,-0.44,11.93,-0.73,-0.73,-10.53,0.18,0.18,0.49,0.18,0.18,-22.47,-22.47,-71.55,23.6,23.6,False,False,False,False,False,False,False,False,False,2026-09-24
1751,1751.HK,AI ENERGY E-2K,智算能建（二千）,2.75,"2,000",Equity,Equity Securities (Main Board),0.675,0.725,0.725,0.675,622000,0.42,0.711,0.724,-5.06,-6.7,-6.9,-6.25,-11.18,2.25,2.38,46.38,2.25,2.38,-67.78,-69.54,-98.44,70.0,71.64,False,False,False,False,False,False,False,False,False,2026-09-24
1752,1752.HK,TOP EDUCATION,澳洲成峰高教,1.94,"10,000",Equity,Equity Securities (Main Board),0.087,0.088,0.089,0.084,1060000,0.09,0.088,0.089,-0.91,-1.81,-2.25,-1.14,-2.25,0.19,0.19,0.96,0.19,0.19,-53.16,-53.16,-90.73,54.21,54.21,False,False,False,False,False,False,False,False,False,2026-09-24
1753,1753.HK,DUIBA,兑吧,5.33,400,Equity,Equity Securities (Main Board),0.495,0.495,0.535,0.47,5047200,2.5,0.555,0.59,-10.81,-16.1,0.0,-19.51,-21.43,0.83,0.83,6.8,0.83,0.83,-35.93,-35.93,-92.13,40.72,40.72,False,False,False,False,False,False,False,False,False,2026-09-24
1757,1757.HK,GLOBAL CHI BC,环球华商俱乐部,57.72,"1,000",Equity,Equity Securities (Main Board),4.81,5.1,5.1,4.8,24000,0.12,4.895,5.021,-1.74,-4.19,-1.54,-3.8,-5.59,22.66,22.66,22.66,22.66,22.66,-77.49,-77.49,-77.49,78.77,78.77,False,False,False,False,False,False,False,False,False,2026-09-24
1759,1759.HK,SINO GAS HLDGS,中油洁能控股,1.66,"1,000",Equity,Equity Securities (Main Board),0.77,0.785,0.785,0.77,33000,0.03,0.775,0.734,-0.65,4.98,-1.91,-1.28,5.48,1.49,3.0,4.9,1.49,3.0,-47.32,-73.83,-83.98,48.32,74.33,False,False,False,False,False,False,False,False,False,2026-09-24
1760,1760.HK,INTRON TECH,英恒科技,13.76,"1,000",Equity,Equity Securities (Main Board),1.265,1.275,1.305,1.255,1429000,1.81,1.281,1.292,-1.25,-2.13,-0.78,-0.39,-5.6,3.3,3.4,9.56,3.3,3.4,-60.45,-61.62,-86.35,61.67,62.79,False,False,False,False,False,False,False,False,False,2026-09-24
1762,1762.HK,WANKA ONLINE,万咖壹联,17.97,"1,000",Equity,Equity Securities (Main Board),0.925,0.935,0.95,0.92,2206000,2.04,0.935,0.971,-1.07,-4.74,-1.07,-4.15,-0.54,2.31,2.31,5.86,2.31,2.31,-58.87,-58.87,-83.79,59.96,59.96,False,False,False,False,False,False,False,False,False,2026-09-24
1763,1763.HK,CIRC,中国同辐,11.31,200,Equity,Equity Securities (Main Board),14.14,13.8,14.43,13.65,54000,0.76,14.15,13.894,-0.07,1.77,1.0,0.14,0.43,24.28,25.0,35.4,24.28,25.0,-40.57,-42.28,-59.24,41.76,43.44,False,False,False,False,False,False,False,False,False,2026-09-24
1765,1765.HK,XJ INTL HLDGS,希教国际控股,11.97,"2,000",Equity,Equity Securities (Main Board),0.138,0.136,0.138,0.132,1728000,0.24,0.136,0.137,1.77,0.51,2.22,2.22,0.0,0.19,0.51,3.47,0.19,0.51,-27.75,-72.94,-96.02,27.75,72.94,False,False,False,True,False,False,False,False,False,2026-09-24
1766,1766.HK,CRRC,中国中车,226.64,"1,000",Equity,Equity Securities (Main Board),5.185,5.14,5.185,5.09,19128476,99.18,5.185,5.181,-0.0,0.07,0.29,-1.24,2.17,6.19,6.76,8.82,6.19,6.76,-16.24,-23.3,-41.21,16.24,23.3,False,False,False,False,False,False,False,False,False,2026-09-24
1767,1767.HK,TS WONDERS,TS WONDERS,3.55,"10,000",Equity,Equity Securities (Main Board),0.355,0.35,0.36,0.345,1270000,0.45,0.345,0.348,2.9,1.87,4.41,4.41,1.43,0.41,0.43,1.04,0.41,0.43,-12.2,-16.28,-65.38,13.41,17.44,False,False,False,True,False,False,False,False,False,2026-09-24
1768,1768.HK,BUSYMING,鸣鸣很忙,768.67,100,Equity,Equity Securities (Main Board),356.0,360.0,371.6,345.2,487727,173.63,362.08,365.74,-1.68,-2.66,-2.09,-1.55,-1.55,465.6,465.6,465.6,465.6,465.6,-20.19,-20.19,-20.19,23.54,23.54,False,False,False,False,False,False,False,False,False,2026-09-24
1769,1769.HK,SCHOLAR EDU,思考乐教育,5.49,"1,000",Equity,Equity Securities (Main Board),0.815,0.83,0.83,0.79,448000,0.37,0.83,0.835,-1.81,-2.45,-1.21,-2.4,-1.81,2.32,7.57,26.85,2.32,7.57,-64.22,-89.04,-96.91,64.87,89.23,False,False,False,False,False,False,False,False,False,2026-09-24
1770,1770.HK,DKE,东方科脉,39.69,50,Equity,Equity Securities (Main Board),77.55,75.0,79.45,74.9,3550,0.28,78.55,79.745,-1.27,-2.75,3.4,-6.34,-6.85,119.5,119.5,119.5,119.5,119.5,-33.51,-33.51,-33.51,35.1,35.1,False,False,False,False,False,False,False,False,False,2026-09-24
1772,1772.HK,GANFENGLITHIUM,赣锋锂业,151.79,200,Equity,Equity Securities (Main Board),31.42,32.56,32.98,31.18,10985211,345.16,33.248,33.51,-5.5,-6.24,-4.96,-9.09,-5.76,91.2,91.2,132.14,91.2,91.2,-63.84,-63.84,-75.04,65.55,65.55,False,False,False,False,False,False,False,False,False,2026-09-24
1773,1773.HK,TIANLI INT HLDG,天立国际控股,15.04,"1,000",Equity,Equity Securities (Main Board),0.72,0.735,0.735,0.705,6957000,5.01,0.747,0.8,-3.61,-10.06,-2.04,-7.1,-13.77,2.93,5.98,10.68,2.93,5.98,-74.91,-87.71,-93.12,75.43,87.96,False,False,False,False,False,False,False,False,False,2026-09-24
1775,1775.HK,BEXCELLENT GP,精英汇集团,1.81,"4,000",Equity,Equity Securities (Main Board),0.34,0.355,0.355,0.34,104000,0.04,0.341,0.342,-0.29,-0.44,1.49,-1.45,-1.45,0.69,0.69,1.45,0.69,0.69,-48.55,-48.55,-75.52,50.72,50.72,False,False,False,False,False,False,False,False,False,2026-09-24
1776,1776.HK,GF SEC,广发证券,330.38,200,Equity,Equity Securities (Main Board),17.2,17.32,17.5,17.01,4113300,70.75,17.482,17.427,-1.61,-1.3,-2.33,-1.99,1.71,19.83,21.4,21.4,19.83,21.4,-11.75,-18.22,-18.22,13.26,19.63,False,False,False,False,False,False,False,False,False,2026-09-24
1777,1777.HK,FANTASIA,花样年控股,2.14,"5,000",Equity,Equity Securities (Main Board),0.059,0.058,0.059,0.054,1715776,0.1,0.059,0.063,0.0,-5.6,3.51,-1.67,-9.23,0.5,1.5,9.6,0.5,1.5,-88.08,-96.07,-99.39,88.08,96.07,False,False,False,False,False,False,False,False,False,2026-09-24
1778,1778.HK,COLOUR LIFE,彩生活,2.71,"1,000",Equity,Equity Securities (Main Board),0.146,0.15,0.15,0.145,215000,0.03,0.147,0.148,-0.54,-1.48,0.69,-2.01,-3.95,0.3,0.46,9.25,0.3,0.46,-50.0,-67.39,-98.38,51.33,68.26,False,False,False,False,False,False,False,False,False,2026-09-24
1779,1779.HK,LONGBIO-B,天辰生物－Ｂ,88.12,50,Equity,Equity Securities (Main Board),117.4,122.0,122.0,108.0,106466,12.5,113.88,105.44,3.09,11.34,-1.68,2.53,15.21,165.9,165.9,165.9,165.9,165.9,-26.46,-26.46,-26.46,29.23,29.23,False,False,False,False,False,False,False,False,False,2026-09-24
1780,1780.HK,RONGZUN INT'L H,荣尊国际控股,31.74,"2,500",Equity,Equity Securities (Main Board),5.12,5.06,5.12,4.895,15948601,81.66,4.988,4.771,2.65,7.32,0.79,3.64,12.9,6.73,6.73,6.73,6.73,6.73,-23.92,-23.92,-23.92,23.92,23.92,False,False,False,False,False,False,False,False,False,2026-09-24
1783,1783.HK,ENVISION GREEN,晋景新能,133.82,"1,000",Equity,Equity Securities (Main Board),4.45,4.45,4.45,4.345,5025000,22.36,4.427,4.334,0.52,2.68,0.91,2.06,5.33,6.42,8.51,8.51,6.42,8.51,-30.69,-47.71,-47.71,30.69,47.71,False,False,False,False,False,False,False,False,False,2026-09-24
1786,1786.HK,CRCCE,铁建装备,3.67,500,Equity,Equity Securities (Main Board),0.69,0.69,0.69,0.69,50000,0.03,0.693,0.693,-0.43,-0.43,-0.72,-1.43,0.0,0.95,1.05,3.91,0.95,1.05,-27.37,-34.29,-82.35,27.37,34.29,False,False,False,False,False,False,False,False,False,2026-09-24
1787,1787.HK,SD GOLD,山东黄金,206.26,250,Equity,Equity Securities (Main Board),20.72,21.0,21.06,20.48,24952897,517.02,21.816,22.922,-5.02,-9.61,-3.27,-7.5,-11.07,54.45,54.45,54.45,54.45,54.45,-61.32,-61.32,-61.32,61.95,61.95,False,False,False,False,False,False,False,False,False,2026-09-24
1788,1788.HK,GUOTAI JUNAN I,国泰君安国际,277.32,"1,000",Equity,Equity Securities (Main Board),2.91,2.9,2.91,2.895,5808000,16.9,2.903,2.897,0.24,0.45,0.17,0.34,0.34,3.59,7.07,7.07,3.59,7.07,-18.94,-58.84,-58.84,18.94,58.84,False,False,False,True,False,False,False,False,False,2026-09-24
1789,1789.HK,AK MEDICAL,爱康医疗,51.77,"2,000",Equity,Equity Securities (Main Board),4.805,4.855,4.905,4.795,2251295,10.82,4.885,4.882,-1.64,-1.59,-2.04,-2.24,-0.72,7.15,7.99,27.65,7.15,7.99,-31.4,-38.61,-82.26,32.8,39.86,False,False,False,False,False,False,False,False,False,2026-09-24
1792,1792.HK,CMON,CMON,3.84,"2,000",Equity,Equity Securities (Main Board),1.55,1.48,1.61,1.48,288000,0.45,1.554,1.402,-0.26,10.52,1.97,-2.52,-6.06,4.0,4.0,150.5,4.0,4.0,-59.75,-59.75,-98.93,61.25,61.25,False,False,False,False,False,False,False,False,False,2026-09-24
1793,1793.HK,WECON HOLDINGS,伟工控股,16.04,"4,000",Equity,Equity Securities (Main Board),2.005,1.92,2.05,1.885,1460000,2.93,1.899,1.728,5.58,16.03,2.3,12.64,3.35,2.1,2.1,2.1,2.1,2.1,-2.15,-2.15,-2.15,4.3,4.3,True,False,False,False,False,False,False,True,True,2026-09-24
1796,1796.HK,METASPACEX,中国数智科技,1.94,"2,000",Equity,Equity Securities (Main Board),0.405,0.28,0.41,0.275,10360000,4.2,0.296,0.304,36.82,33.0,52.83,50.0,47.27,3.65,5.5,5.5,3.65,5.5,-88.77,-92.55,-92.55,88.9,92.64,False,False,False,True,False,False,False,False,False,2026-09-24
1797,1797.HK,EAST BUY,东方甄选,272.53,500,Equity,Equity Securities (Main Board),25.86,25.4,26.14,25.1,3596830,93.01,26.188,25.792,-1.25,0.26,1.81,-4.51,3.27,33.0,53.7,75.55,33.0,53.7,-20.79,-51.32,-65.4,21.64,51.84,False,False,False,False,False,False,False,False,False,2026-09-24
1798,1798.HK,DATANG RENEW,大唐新能源,24.76,"1,000",Equity,Equity Securities (Main Board),0.99,1.01,1.015,0.985,5669000,5.61,1.008,1.032,-1.79,-4.07,-2.94,-5.71,-4.35,2.15,2.82,4.41,2.15,2.82,-52.79,-64.01,-76.98,53.95,64.89,False,False,False,False,False,False,False,False,False,2026-09-24
1799,1799.HK,XINTE ENERGY,新特能源,13.2,400,Equity,Equity Securities (Main Board),3.51,3.56,3.58,3.49,742800,2.61,3.571,3.583,-1.71,-2.04,-2.64,-4.49,-0.14,8.22,15.98,31.3,8.22,15.98,-56.45,-77.6,-88.56,57.3,78.04,False,False,False,False,False,False,False,False,False,2026-09-24
1800,1800.HK,CHINA COMM CONS,中国交通建设,147.8,"1,000",Equity,Equity Securities (Main Board),3.345,3.4,3.405,3.345,10079340,33.72,3.393,3.426,-1.41,-2.36,-1.62,-2.05,-2.34,5.26,6.11,11.74,5.26,6.11,-35.27,-44.27,-71.0,36.41,45.25,False,False,False,False,False,False,False,False,False,2026-09-24
1801,1801.HK,INNOVENT BIO,信达生物,1741.36,500,Equity,Equity Securities (Main Board),99.8,102.6,102.6,99.4,9111543,909.33,101.06,98.095,-1.25,1.74,-3.48,-2.54,3.8,112.7,112.7,112.7,112.7,112.7,-8.96,-8.96,-8.96,11.45,11.45,False,False,False,False,False,False,False,False,False,2026-09-24
1809,1809.HK,PRINX CHENGSHAN,浦林成山,41.64,500,Equity,Equity Securities (Main Board),6.52,6.7,6.7,6.515,40000,0.26,6.69,6.728,-2.54,-3.09,-2.25,-2.69,-2.69,8.36,9.54,9.55,8.36,9.54,-19.86,-29.77,-29.84,22.01,31.66,False,False,False,False,False,False,False,False,False,2026-09-24
1810,1810.HK,XIAOMI-W,小米集团－Ｗ,5669.76,200,Equity,Equity Securities (Main Board),26.58,26.14,26.68,26.12,82395640,2190.08,26.788,26.628,-0.78,-0.18,1.53,-3.63,1.68,40.6,61.45,61.45,40.6,61.45,-34.29,-56.58,-56.58,34.53,56.75,False,False,False,False,False,False,False,False,False,2026-09-24
1811,1811.HK,CGN NEW ENERGY,中广核新能源,85.37,"2,000",Equity,Equity Securities (Main Board),1.99,1.995,2.015,1.975,7122000,14.17,2.039,2.084,-2.4,-4.51,0.0,-5.01,-4.56,3.0,3.23,8.99,3.0,3.23,-32.83,-37.62,-77.59,33.67,38.39,False,False,False,False,False,False,False,False,False,2026-09-24
1812,1812.HK,CHENMING PAPER,晨鸣纸业,3.25,500,Equity,Equity Securities (Main Board),0.615,0.63,0.63,0.615,199500,0.12,0.613,0.61,0.33,0.9,-1.6,0.82,2.5,1.34,2.49,10.8,1.34,2.49,-52.99,-74.7,-94.17,54.1,75.3,False,False,False,False,False,False,False,False,False,2026-09-24
1813,1813.HK,KWG GROUP,合景泰富集团,3.08,500,Equity,Equity Securities (Main Board),0.09,0.088,0.09,0.088,527118,0.05,0.092,0.092,-1.75,-2.28,0.0,-4.26,0.0,0.28,1.2,14.18,0.28,1.2,-67.86,-92.5,-99.37,67.86,92.5,False,False,False,False,False,False,False,False,False,2026-09-24
1815,1815.HK,EVEREST GOLD,珠峰黄金,22.97,"1,000",Equity,Equity Securities (Main Board),1.625,1.76,1.8,1.605,9330000,15.16,1.818,1.867,-10.62,-12.94,-8.19,-16.67,-12.16,2.89,3.06,3.06,2.89,3.06,-37.72,-41.18,-41.18,43.77,46.9,False,False,False,False,False,False,False,False,False,2026-09-24
1816,1816.HK,CGN POWER,中广核电力,331.0,"1,000",Equity,Equity Securities (Main Board),2.965,2.945,2.98,2.92,32055212,95.04,2.958,2.995,0.24,-1.0,0.85,0.51,-0.67,3.77,3.77,3.77,3.77,3.77,-20.95,-20.95,-20.95,21.35,21.35,False,False,False,False,False,False,False,False,False,2026-09-24
1818,1818.HK,ZHAOJIN MINING,招金矿业,533.09,500,Equity,Equity Securities (Main Board),18.5,18.87,18.87,18.33,19572452,362.09,19.366,20.135,-4.47,-8.12,-3.09,-6.89,-9.58,42.36,42.36,42.36,42.36,42.36,-55.45,-55.45,-55.45,56.33,56.33,False,False,False,False,False,False,False,False,False,2026-09-24
1822,1822.HK,CHINA WOOD INT,中木国际,2.57,"30,000",Equity,Equity Securities (Main Board),0.13,0.128,0.13,0.121,510000,0.07,0.129,0.126,0.78,3.01,1.56,-6.47,14.04,0.18,2.2,85.0,0.18,2.2,-28.18,-94.09,-99.85,28.18,94.09,False,False,False,True,False,False,False,False,False,2026-09-24
1823,1823.HK,HUAYUEXPRESSWAY,华昱高速,4.97,"2,000",Equity,Equity Securities (Main Board),1.055,1.095,1.095,1.055,12000,0.01,1.112,1.113,-5.13,-5.21,-3.65,-7.46,-6.64,2.04,2.04,7.7,2.04,2.04,-46.32,-46.32,-85.78,48.28,48.28,False,False,False,False,False,False,False,False,False,2026-09-24
1825,1825.HK,STERLING GP,STERLING GP,0.8,"2,000",Equity,Equity Securities (Main Board),1.93,2.05,2.2,1.9,3446000,6.65,1.186,1.093,62.73,76.58,93.0,93.0,93.0,1.49,2.47,78.0,2.2,2.47,47.65,-10.93,-97.18,12.27,21.86,False,False,False,False,True,False,False,False,False,2026-09-24
1826,1826.HK,FDB HOLDINGS,丰展控股,13.67,"10,000",Equity,Equity Securities (Main Board),0.57,0.54,0.59,0.54,990000,0.56,0.576,0.584,-1.04,-2.48,-2.56,-6.56,-10.94,0.68,0.68,2.49,0.68,0.68,-12.59,-12.59,-76.31,15.56,15.56,False,False,False,False,False,False,False,False,False,2026-09-24
1827,1827.HK,MIRICOR,卓珈控股,3.4,"5,000",Equity,Equity Securities (Main Board),0.85,0.77,0.85,0.77,120000,0.1,0.924,0.899,-8.01,-5.45,0.0,-11.46,-10.53,1.05,1.52,5.05,1.05,1.52,-19.05,-44.08,-83.17,19.05,44.08,False,False,False,False,False,False,False,False,False,2026-09-24
1828,1828.HK,FWD,富卫集团,437.63,100,Equity,Equity Securities (Main Board),34.2,34.0,34.68,33.56,1537964,52.6,35.044,34.452,-2.41,-0.73,-0.23,-5.0,1.18,40.8,50.8,50.8,40.8,50.8,-15.0,-31.73,-31.73,16.18,32.68,False,False,False,False,False,False,False,False,False,2026-09-24
1830,1830.HK,PERFECT MEDICAL,完美医疗,15.83,"1,000",Equity,Equity Securities (Main Board),1.26,1.27,1.27,1.24,74000,0.09,1.273,1.27,-1.02,-0.83,-0.79,-1.56,-1.18,1.47,3.95,10.9,1.47,3.95,-13.61,-67.85,-88.35,14.29,68.1,False,False,False,False,False,False,False,False,False,2026-09-24
1832,1832.HK,SAI LEISURE,海天地悦旅,5.45,"1,000",Equity,Equity Securities (Main Board),1.515,1.525,1.525,1.515,16000,0.02,1.446,1.423,4.77,6.47,1.34,8.21,6.69,1.5,1.5,4.46,1.52,1.52,2.01,2.01,-65.81,0.66,0.66,False,False,False,False,True,True,False,True,True,2026-09-24
1833,1833.HK,PA GOODDOCTOR,平安好医生,130.66,100,Equity,Equity Securities (Main Board),6.045,6.1,6.1,6.005,5737800,34.69,6.127,6.088,-1.34,-0.71,-0.9,-1.14,0.58,18.79,24.4,148.5,18.79,24.4,-67.54,-75.0,-95.89,67.83,75.23,False,False,False,False,False,False,False,False,False,2026-09-24
1835,1835.HK,REALWAY CAPITAL,瑞威资管,1.53,400,Equity,Equity Securities (Main Board),3.985,3.99,3.99,3.99,18400,0.07,3.882,3.74,2.65,6.55,-0.13,4.87,2.18,5.7,5.7,5.83,5.7,5.7,-30.0,-30.0,-31.56,30.09,30.09,False,False,False,False,False,False,False,False,False,2026-09-24
1836,1836.HK,STELLA HOLDINGS,九兴控股,99.4,500,Equity,Equity Securities (Main Board),11.77,11.7,12.05,11.7,882000,10.38,11.636,11.514,1.15,2.22,0.6,1.47,4.16,15.6,19.44,19.44,15.6,19.44,-22.76,-38.01,-38.01,24.55,39.45,True,True,False,False,False,False,False,False,False,2026-09-24
1837,1837.HK,NATURAL FOOD IH,五谷磨房,30.64,"2,000",Equity,Equity Securities (Main Board),1.4,1.44,1.44,1.38,724000,1.01,1.424,1.408,-1.69,-0.6,-2.78,-2.78,1.08,1.83,1.83,2.45,1.83,1.83,-21.31,-21.31,-41.22,23.5,23.5,False,False,False,False,False,False,False,False,False,2026-09-24
1841,1841.HK,A.PLUS GROUP,优越集团控股,1.92,"10,000",Equity,Equity Securities (Main Board),0.48,0.48,0.49,0.48,300000,0.14,0.488,0.481,-1.64,-0.1,-2.04,-2.04,-2.04,0.57,0.57,1.07,0.57,0.57,-14.04,-14.04,-54.21,15.79,15.79,False,False,False,False,False,False,False,False,False,2026-09-24
1842,1842.HK,GROWN UP GROUP,植华集团,0.58,"4,000",Equity,Equity Securities (Main Board),0.04,0.037,0.04,0.034,4560000,0.18,0.043,0.044,-7.83,-9.3,8.11,-11.11,-11.11,0.07,0.14,2.28,0.07,0.14,-41.18,-71.63,-98.25,41.18,71.63,False,False,False,False,False,False,False,False,False,2026-09-24
1843,1843.HK,SNACK EMPIRE,快餐帝国,2.88,"4,000",Equity,Equity Securities (Main Board),0.36,0.36,0.36,0.35,328000,0.12,0.358,0.357,0.56,0.98,0.0,0.0,0.0,0.41,0.41,1.87,0.41,0.41,-12.2,-12.2,-80.75,12.2,12.2,False,False,False,True,False,False,False,False,False,2026-09-24
1845,1845.HK,WG ENV TECH,维港环保科技,4.0,"3,000",Equity,Equity Securities (Main Board),0.3,0.22,0.44,0.22,618000,0.19,0.235,0.236,27.77,27.01,40.85,45.63,20.97,0.37,0.44,2.0,0.44,0.44,18.92,1.15,-78.0,31.82,31.82,False,False,False,True,True,True,False,False,False,2026-09-24
1847,1847.HK,GHPC,云南建投混凝土,0.53,"1,000",Equity,Equity Securities (Main Board),0.395,0.455,0.455,0.385,191000,0.08,0.427,0.419,-7.49,-5.73,-10.23,-8.14,-1.25,0.69,1.25,3.01,0.69,1.25,-34.06,-63.6,-84.88,42.75,68.4,False,False,False,False,False,False,False,False,False,2026-09-24
1848,1848.HK,CALC,中国飞机租赁,27.18,500,Equity,Equity Securities (Main Board),3.58,3.56,3.58,3.56,34500,0.12,3.611,3.614,-0.86,-0.94,0.28,-1.51,0.0,5.1,5.25,11.04,5.1,5.25,-29.8,-31.81,-67.57,29.8,31.81,False,False,False,False,False,False,False,False,False,2026-09-24
1850,1850.HK,BEAUTIFULLIFEGP,美好生活集团控股,0.69,"10,000",Equity,Equity Securities (Main Board),0.4,0.39,0.405,0.39,640000,0.26,0.398,0.399,0.5,0.25,0.0,1.27,0.0,3.8,16.07,259.72,3.8,16.07,-89.34,-97.48,-99.84,89.47,97.51,False,False,True,True,False,False,False,False,False,2026-09-24
1851,1851.HK,GINGKO EDU,银杏教育,38.5,"2,000",Equity,Equity Securities (Main Board),7.7,7.94,8.5,7.7,686000,5.28,7.903,8.1,-2.57,-4.94,-3.02,-4.29,4.19,10.2,10.2,10.2,10.2,10.2,-16.67,-16.67,-16.67,24.51,24.51,False,False,False,False,False,False,False,False,False,2026-09-24
1855,1855.HK,ZONQING LTD,中庆股份,1.26,"2,000",Equity,Equity Securities (Main Board),0.153,0.146,0.161,0.145,10000,0.0,0.153,0.155,0.13,-1.1,1.32,4.08,3.38,2.04,10.5,10.5,2.04,10.5,-92.11,-98.47,-98.47,92.5,98.54,False,False,False,False,False,False,False,False,False,2026-09-24
1856,1856.HK,ERNEST BOREL,依波路,6.11,"1,000",Equity,Equity Securities (Main Board),1.695,1.67,1.695,1.67,155000,0.26,1.696,1.687,-0.06,0.5,0.0,0.0,1.19,2.0,2.3,3.25,2.0,2.3,-15.25,-26.3,-47.85,15.25,26.3,False,False,False,False,False,False,False,False,False,2026-09-24
1857,1857.HK,CEB WATER,中国光大水务,37.05,"1,000",Equity,Equity Securities (Main Board),1.295,1.3,1.315,1.295,190000,0.25,1.302,1.299,-0.54,-0.35,0.0,-2.63,-1.15,1.71,1.73,3.0,1.71,1.73,-23.1,-23.99,-56.17,24.27,25.14,False,False,False,False,False,False,False,False,False,2026-09-24
1858,1858.HK,CHUNLI MEDICAL,春立医疗,7.41,250,Equity,Equity Securities (Main Board),7.79,7.855,7.855,7.715,265500,2.07,7.778,7.806,0.15,-0.21,-1.2,-0.32,-1.27,17.07,20.82,63.0,17.07,20.82,-53.98,-62.27,-87.53,54.36,62.58,False,False,False,False,False,False,False,False,False,2026-09-24
1860,1860.HK,MOBVISTA,汇量科技,210.88,"1,000",Equity,Equity Securities (Main Board),12.39,12.65,12.83,12.23,7001141,86.74,12.566,11.574,-1.4,7.05,-1.2,0.24,10.13,20.64,21.62,21.62,20.64,21.62,-37.84,-40.66,-40.66,39.97,42.69,False,False,False,False,False,False,False,False,False,2026-09-24
1861,1861.HK,PRECIOUS DRAGON,保宝龙科技,5.38,"2,000",Equity,Equity Securities (Main Board),2.3,2.3,2.3,2.3,30000,0.07,2.3,2.32,0.0,-0.86,0.0,0.0,-2.13,3.6,3.6,4.91,3.6,3.6,-36.11,-36.11,-53.16,36.11,36.11,False,False,False,False,False,False,False,False,False,2026-09-24
1865,1865.HK,PENGO HLDG GP,鹏高控股集团,6.53,"12,000",Equity,Equity Securities (Main Board),0.455,0.46,0.48,0.41,36492000,16.6,0.45,0.431,1.11,5.69,-1.09,-1.09,8.33,0.65,0.7,16.73,0.65,0.7,-26.15,-31.45,-97.13,30.0,35.02,False,False,False,True,False,False,False,False,False,2026-09-24
1866,1866.HK,CHINA XLX FERT,中国心连心化肥,130.02,"1,000",Equity,Equity Securities (Main Board),10.2,9.81,10.23,9.5,5493000,56.03,9.904,10.082,2.99,1.17,3.98,3.08,0.29,12.98,12.98,12.98,12.98,12.98,-21.19,-21.19,-21.19,21.42,21.42,False,False,False,True,False,False,False,False,False,2026-09-24
1867,1867.HK,STD DEV GROUP,标准发展集团,2.85,"10,000",Equity,Equity Securities (Main Board),0.191,0.192,0.192,0.191,40000,0.01,0.203,0.215,-6.1,-11.2,-4.5,-4.5,-15.49,0.26,0.31,2.58,0.26,0.31,-27.55,-37.05,-92.55,27.92,37.38,False,False,False,False,False,False,False,False,False,2026-09-24
1869,1869.HK,KAFELAKU COFFEE,猫屎咖啡控股,0.93,"10,000",Equity,Equity Securities (Main Board),0.055,0.055,0.055,0.053,920000,0.05,0.056,0.057,-2.14,-2.65,0.0,1.85,-6.78,0.17,0.32,8.12,0.17,0.32,-67.26,-82.81,-99.32,67.26,82.81,False,False,False,False,False,False,False,False,False,2026-09-24
1870,1870.HK,GREEN POWER GP,绿色电能集团,2.24,"2,500",Equity,Equity Securities (Main Board),0.22,0.239,0.239,0.212,862500,0.19,0.242,0.231,-9.02,-4.76,-7.95,-8.33,-22.81,0.58,2.16,3.1,0.58,2.16,-58.79,-88.94,-92.29,62.07,89.81,False,False,False,False,False,False,False,False,False,2026-09-24
1871,1871.HK,CHINA ORIENTED,向中国际,2.05,"4,000",Equity,Equity Securities (Main Board),0.47,0.395,0.48,0.39,5952000,2.8,0.408,0.365,15.2,28.77,20.51,22.08,17.5,0.45,0.47,1.39,0.48,0.48,6.67,3.23,-65.41,2.08,2.08,False,False,False,False,True,True,False,True,True,2026-09-24
1872,1872.HK,GUAN CHAO HLDGS,冠轈控股,25.64,"5,000",Equity,Equity Securities (Main Board),3.935,4.01,4.01,3.8,1080000,4.25,4.072,4.072,-3.36,-3.35,-1.99,-3.55,-6.2,9.23,9.23,50.0,9.23,9.23,-56.55,-56.55,-91.98,57.37,57.37,False,False,False,False,False,False,False,False,False,2026-09-24
1873,1873.HK,VIVA BIOTECH,维亚生物,30.57,500,Equity,Equity Securities (Main Board),1.46,1.515,1.515,1.445,2507000,3.66,1.498,1.41,-2.54,3.51,-3.63,-3.31,4.66,2.86,3.27,11.64,2.86,3.27,-47.03,-53.67,-86.98,48.95,55.35,False,False,False,False,False,False,False,False,False,2026-09-24
1875,1875.HK,BIODLINK-B,东曜药业－Ｂ,29.6,400,Equity,Equity Securities (Main Board),3.83,3.975,3.975,3.805,134800,0.52,3.897,3.826,-1.72,0.1,-2.17,-3.28,-0.13,5.87,5.87,6.43,5.87,5.87,-32.28,-32.28,-38.18,34.75,34.75,False,False,False,False,False,False,False,False,False,2026-09-24
1876,1876.HK,BUD APAC,百威亚太,807.85,100,Equity,Equity Securities (Main Board),6.1,6.095,6.11,6.025,7261121,44.29,6.035,5.923,1.08,2.98,0.08,1.16,3.21,8.3,16.68,32.65,8.3,16.68,-26.39,-63.37,-81.29,26.51,63.43,False,False,False,False,False,False,False,False,False,2026-09-24
1877,1877.HK,JUNSHI BIO,君实生物,47.45,200,Equity,Equity Securities (Main Board),18.23,18.83,18.83,18.08,2022852,36.88,18.65,17.856,-2.25,2.09,-4.0,-6.51,6.05,30.8,38.64,94.0,30.8,38.64,-38.86,-51.27,-79.97,40.81,52.82,False,False,False,False,False,False,False,False,False,2026-09-24
1878,1878.HK,SOUTHGOBI,南戈壁,7.15,50,Equity,Equity Securities (Main Board),1.93,1.91,1.945,1.85,614650,1.19,1.868,1.838,3.32,4.98,4.32,4.89,7.52,2.3,6.58,6.58,2.3,6.58,-15.43,-70.44,-70.44,16.09,70.67,False,False,False,False,False,False,False,False,False,2026-09-24
1879,1879.HK,XIZHI TECH-P,曦智科技－Ｐ,239.77,15,Equity,Equity Securities (Main Board),312.0,305.2,312.0,295.6,216075,67.42,316.92,297.88,-1.55,4.74,0.13,-1.33,18.36,1050.0,1050.0,1050.0,1050.0,1050.0,-70.29,-70.29,-70.29,70.29,70.29,False,False,False,False,False,False,False,False,False,2026-09-24
1880,1880.HK,CTG DUTY-FREE,中国中免,57.97,100,Equity,Equity Securities (Main Board),46.26,46.54,46.88,45.88,285514,13.21,46.504,46.43,-0.52,-0.37,-0.73,-0.98,0.26,107.0,107.9,280.0,107.0,107.9,-56.19,-56.55,-83.26,56.77,57.13,False,False,False,False,False,False,False,False,False,2026-09-24
1882,1882.HK,HAITIAN INT'L,海天国际,283.45,"1,000",Equity,Equity Securities (Main Board),17.76,17.76,17.81,17.36,2028568,36.03,17.544,17.501,1.23,1.48,0.17,0.91,2.42,26.2,28.9,32.55,26.2,28.9,-32.02,-38.37,-45.28,32.21,38.55,False,False,False,True,False,False,False,False,False,2026-09-24
1883,1883.HK,CITIC TELECOM,中信国际电讯,89.01,"1,000",Equity,Equity Securities (Main Board),2.405,2.4,2.41,2.385,2468000,5.94,2.398,2.4,0.29,0.23,0.63,0.0,-0.62,2.86,3.29,3.61,2.86,3.29,-15.73,-26.75,-33.24,15.91,26.9,False,False,False,True,False,False,False,False,False,2026-09-24
1888,1888.HK,KB LAMINATES,建滔积层板,1643.48,500,Equity,Equity Securities (Main Board),52.15,50.95,53.2,49.12,78097912,4072.81,49.144,48.15,6.12,8.31,1.16,6.95,11.86,107.2,107.2,107.2,107.2,107.2,-50.37,-50.37,-50.37,51.35,51.35,False,False,True,False,False,False,False,False,False,2026-09-24
1889,1889.HK,SANAI HEALTH GP,三爱健康集团,0.28,"5,000",Equity,Equity Securities (Main Board),0.184,0.175,0.185,0.175,15000,0.0,0.187,0.19,-1.6,-3.11,10.84,-5.64,-5.64,0.58,1.85,20.0,0.58,1.85,-68.1,-90.0,-99.07,68.28,90.05,False,False,False,False,False,False,False,False,False,2026-09-24
1890,1890.HK,CHINA KEPEI,中国科培,16.62,"2,000",Equity,Equity Securities (Main Board),0.825,0.83,0.84,0.82,358000,0.3,0.835,0.831,-1.2,-0.78,-2.94,-2.94,0.0,1.38,2.2,7.32,1.38,2.2,-39.13,-61.82,-88.52,40.22,62.5,False,False,False,False,False,False,False,False,False,2026-09-24
1891,1891.HK,HENG HUP,兴合控股,2.06,"4,000",Equity,Equity Securities (Main Board),0.206,0.205,0.208,0.205,756000,0.16,0.2,0.195,2.9,5.8,3.0,4.04,6.74,0.21,0.25,0.44,0.21,0.25,0.48,-15.1,-52.73,0.96,15.92,False,False,False,False,True,False,False,True,False,2026-09-24
1896,1896.HK,MAOYAN ENT,猫眼娱乐,46.85,200,Equity,Equity Securities (Main Board),3.99,3.97,4.035,3.97,2277539,9.09,4.0,4.036,-0.25,-1.14,-0.13,-1.12,0.13,7.92,11.8,19.3,7.92,11.8,-49.05,-65.81,-79.09,49.62,66.19,False,False,False,False,False,False,False,False,False,2026-09-24
1897,1897.HK,MILLIONHOPE IND,美亨实业,1.77,"2,000",Equity,Equity Securities (Main Board),0.44,0.44,0.44,0.44,221873,0.1,0.429,0.434,2.56,1.27,1.15,4.76,0.0,0.52,0.64,0.95,0.52,0.64,-15.38,-31.25,-53.68,15.38,31.25,True,False,False,False,False,False,False,False,False,2026-09-24
1898,1898.HK,CHINA COAL,中煤能源,432.02,"1,000",Equity,Equity Securities (Main Board),10.52,10.42,10.66,10.42,8679260,91.31,10.602,10.778,-0.77,-2.39,0.29,-2.86,-1.41,15.24,15.24,15.24,15.24,15.24,-30.05,-30.05,-30.05,30.97,30.97,False,False,False,False,False,False,False,False,False,2026-09-24
1899,1899.HK,XINGDA INT'L,兴达国际,19.78,"1,000",Equity,Equity Securities (Main Board),1.03,1.04,1.04,1.01,13000,0.01,1.035,1.041,-0.48,-1.06,-0.96,0.0,-1.44,1.6,1.7,3.97,1.6,1.7,-35.0,-38.82,-73.8,35.63,39.41,False,False,False,False,False,False,False,False,False,2026-09-24
1903,1903.HK,JBB BUILDERS,JBB BUILDERS,9.5,"2,000",Equity,Equity Securities (Main Board),1.9,1.955,1.955,1.8,374000,0.71,2.116,2.198,-10.21,-13.56,-2.81,-15.93,-16.67,3.8,3.8,3.8,3.8,3.8,-48.55,-48.55,-48.55,50.0,50.0,False,False,False,False,False,False,False,False,False,2026-09-24
1905,1905.HK,HAITONG UT,海通恒信,56.21,"2,000",Equity,Equity Securities (Main Board),0.97,0.975,0.975,0.965,572000,0.55,0.968,0.983,0.21,-1.37,0.52,-0.51,0.0,1.18,1.19,1.95,1.18,1.19,-17.72,-18.07,-50.0,18.14,18.49,False,False,False,False,False,False,False,False,False,2026-09-24
1906,1906.HK,BONNY HLDG,博尼控股,15.3,"10,000",Equity,Equity Securities (Main Board),1.04,0.97,1.06,0.97,13028600,13.55,0.951,0.88,9.36,18.18,6.67,16.2,22.35,1.0,1.0,1.0,1.06,1.06,5.47,5.47,5.47,1.89,1.89,False,False,False,False,True,True,True,True,True,2026-09-24
1907,1907.HK,CHINA RISUN GP,中国旭阳集团,68.0,"1,000",Equity,Equity Securities (Main Board),1.6,1.645,1.645,1.585,9320000,14.91,1.689,1.746,-5.27,-8.39,-1.23,-8.57,-10.86,4.24,4.24,6.48,4.24,4.24,-61.2,-61.2,-74.61,62.26,62.26,False,False,False,False,False,False,False,False,False,2026-09-24
1908,1908.HK,C&D INTL GROUP,建发国际集团,285.09,"1,000",Equity,Equity Securities (Main Board),12.31,12.52,12.52,12.08,4777233,58.81,12.43,12.19,-0.97,0.98,-2.07,-1.68,4.15,18.47,20.5,27.8,18.47,20.5,-32.21,-38.93,-54.96,33.35,39.95,False,False,False,False,False,False,False,False,False,2026-09-24
1909,1909.HK,FIRE ROCK,火岩控股,4.48,"2,000",Equity,Equity Securities (Main Board),1.845,1.845,1.85,1.845,167500,0.31,1.798,1.783,2.61,3.48,5.43,2.5,2.79,3.7,11.2,72.8,3.7,11.2,-50.0,-83.48,-97.46,50.14,83.53,False,False,False,False,False,False,False,False,False,2026-09-24
1910,1910.HK,SAMSONITE,新秀丽,167.88,300,Equity,Equity Securities (Main Board),12.31,12.26,12.37,12.1,1332595,16.4,12.192,12.326,0.97,-0.13,0.41,1.48,1.32,21.98,31.6,38.6,21.98,31.6,-43.72,-60.85,-67.95,43.99,61.04,False,False,True,False,False,False,False,False,False,2026-09-24
1911,1911.HK,CR HOLDINGS,华兴资本控股,20.5,100,Equity,Equity Securities (Main Board),3.575,3.72,3.72,3.55,216100,0.77,3.628,3.687,-1.46,-3.04,-2.59,0.14,-1.79,5.17,10.02,32.15,5.17,10.02,-28.05,-62.87,-88.43,30.85,64.32,False,False,False,False,False,False,False,False,False,2026-09-24
1912,1912.HK,CONTEL,康特隆,16.93,"5,000",Equity,Equity Securities (Main Board),3.67,3.655,3.8,3.6,235600,0.86,3.646,3.553,0.66,3.29,0.41,1.94,16.14,3.98,3.98,34.87,3.98,3.98,-4.64,-4.64,-89.1,7.9,7.9,False,False,False,False,False,False,False,True,True,2026-09-24
1913,1913.HK,PRADA,普拉达,977.98,100,Equity,Equity Securities (Main Board),38.22,38.14,39.16,37.52,1095658,41.88,38.044,38.468,0.46,-0.64,0.21,2.36,-2.05,45.86,71.7,71.7,45.86,71.7,-14.61,-45.38,-45.38,16.66,46.69,True,False,False,False,False,False,False,False,False,2026-09-24
1916,1916.HK,JIANGXI BANK,江西银行,7.74,500,Equity,Equity Securities (Main Board),0.575,0.585,0.585,0.575,97500,0.06,0.577,0.577,-0.35,-0.43,-0.86,-1.71,0.88,0.72,1.25,7.27,0.72,1.25,-18.75,-53.2,-91.95,20.14,54.0,False,False,False,False,False,False,False,False,False,2026-09-24
1917,1917.HK,DOUMOB,豆盟科技,1.59,"10,000",Equity,Equity Securities (Main Board),0.069,0.069,0.069,0.069,120000,0.01,0.075,0.077,-8.0,-10.74,-2.82,-13.75,-14.81,0.14,0.18,0.96,0.14,0.18,-49.64,-61.24,-92.81,49.64,61.24,False,False,False,False,False,False,False,False,False,2026-09-24
1918,1918.HK,SUNAC,融创中国,129.78,"1,000",Equity,Equity Securities (Main Board),0.65,0.655,0.665,0.62,265448652,172.54,0.651,0.599,-0.15,8.51,-0.76,-5.11,17.12,1.36,5.51,48.91,1.36,5.51,-51.1,-87.93,-98.64,52.21,88.2,False,False,False,False,False,False,False,False,False,2026-09-24
1919,1919.HK,COSCO SHIP HOLD,中远海控,449.31,500,Equity,Equity Securities (Main Board),16.57,16.3,16.65,16.19,7122206,118.01,16.758,16.644,-1.12,-0.44,1.66,-4.16,-1.31,18.04,18.04,18.04,18.04,18.04,-7.71,-7.71,-7.71,8.15,8.15,False,False,False,False,False,False,False,True,True,2026-09-24
1920,1920.HK,JUNWEA GROUP,巨美集团,2.26,"10,000",Equity,Equity Securities (Main Board),0.385,0.405,0.405,0.375,300000,0.12,0.388,0.388,-0.77,-0.9,-4.94,5.48,2.67,1.45,1.45,3.85,1.45,1.45,-72.07,-72.07,-89.48,73.45,73.45,False,False,False,False,False,False,False,False,False,2026-09-24
1921,1921.HK,DALIPAL HLDG,达力普控股,46.33,"2,000",Equity,Equity Securities (Main Board),2.98,2.98,3.05,2.94,818000,2.44,3.022,3.127,-1.39,-4.69,-0.83,-1.16,-5.25,9.99,10.5,10.5,9.99,10.5,-69.47,-70.95,-70.95,70.17,71.62,False,False,False,False,False,False,False,False,False,2026-09-24
1925,1925.HK,KWUNGS AROMA,旷世芳香,5.08,"2,000",Equity,Equity Securities (Main Board),1.255,1.26,1.265,1.255,14000,0.02,1.26,1.246,-0.4,0.72,-1.18,2.45,1.62,1.38,1.58,1.77,1.38,1.58,-8.66,-19.94,-28.53,9.39,20.57,False,False,False,False,False,False,False,True,False,2026-09-24
1927,1927.HK,JIUJIUWANG,久久王,2.69,"5,000",Equity,Equity Securities (Main Board),0.34,0.315,0.35,0.31,1660000,0.56,0.318,0.317,6.92,7.26,7.94,7.94,7.94,0.32,0.32,0.82,0.35,0.35,7.69,7.69,-57.32,2.86,2.86,False,False,True,True,True,True,False,True,True,2026-09-24
1928,1928.HK,SANDS CHINA LTD,金沙中国有限公司,974.44,400,Equity,Equity Securities (Main Board),12.04,12.07,12.12,11.92,12086852,145.53,12.122,12.405,-0.68,-2.94,-0.25,-0.5,-1.31,20.14,25.1,49.35,20.14,25.1,-39.82,-51.71,-75.44,40.22,52.03,False,False,False,False,False,False,False,False,False,2026-09-24
1929,1929.HK,CHOW TAI FOOK,周大福,1079.38,200,Equity,Equity Securities (Main Board),10.94,11.01,11.19,10.91,8157282,89.24,11.016,11.17,-0.69,-2.06,-0.64,-1.17,-0.82,15.55,16.95,18.54,15.55,16.95,-28.04,-33.98,-39.64,29.65,35.46,False,False,False,False,False,False,False,False,False,2026-09-24
1931,1931.HK,ETHK LABS INC.,华检医疗,7.46,"1,000",Equity,Equity Securities (Main Board),0.465,0.465,0.47,0.465,18000,0.01,0.472,0.481,-1.48,-3.33,-1.06,-2.11,-3.12,2.8,12.86,12.86,2.8,12.86,-83.21,-96.35,-96.35,83.39,96.38,False,False,False,False,False,False,False,False,False,2026-09-24
1932,1932.HK,CPM GROUP,中漆集团,1.54,"4,000",Equity,Equity Securities (Main Board),0.154,0.153,0.154,0.153,456000,0.07,0.148,0.141,3.91,8.99,10.79,0.0,10.0,0.8,0.8,0.9,0.8,0.8,-80.75,-80.75,-82.89,80.75,80.75,False,False,False,False,False,False,False,False,False,2026-09-24
1933,1933.HK,ONEFORCE HLDGS,元力控股,1.03,"4,000",Equity,Equity Securities (Main Board),0.204,0.203,0.204,0.203,188000,0.04,0.209,0.213,-2.49,-4.09,0.0,-2.86,-6.85,0.6,0.6,1.78,0.6,0.6,-66.0,-66.0,-88.54,66.0,66.0,False,False,False,False,False,False,False,False,False,2026-09-24
1937,1937.HK,JIACHEN HOLDING,佳辰控股,1.39,"5,000",Equity,Equity Securities (Main Board),0.139,0.131,0.141,0.129,325000,0.05,0.14,0.142,-1.0,-2.39,2.96,-2.8,-3.47,0.25,1.81,1.9,0.25,1.81,-43.15,-92.21,-92.58,43.95,92.32,False,False,False,False,False,False,False,False,False,2026-09-24
1938,1938.HK,CHU KONG PIPE,珠江钢管,2.09,"1,000",Equity,Equity Securities (Main Board),0.207,0.204,0.209,0.199,703000,0.15,0.209,0.217,-0.96,-4.74,-1.43,-0.96,-2.82,0.46,0.58,1.22,0.46,0.58,-54.07,-63.97,-82.87,54.51,64.31,False,False,False,False,False,False,False,False,False,2026-09-24
1939,1939.HK,SHANGSHAN GOLD,上善黄金,3.1,"2,000",Equity,Equity Securities (Main Board),0.605,0.595,0.63,0.54,4356000,2.64,0.536,0.485,12.87,24.87,1.68,26.04,44.05,1.3,10.48,10.48,1.3,10.48,-51.54,-93.99,-93.99,53.46,94.23,True,True,False,False,False,False,False,False,False,2026-09-24
1940,1940.HK,CGII HLDGS,CGII HLDGS,15.12,"2,000",Equity,Equity Securities (Main Board),1.26,1.24,1.28,1.23,434000,0.55,1.301,1.302,-3.15,-3.23,1.61,-5.97,-1.56,2.0,2.0,4.89,2.0,2.0,-36.0,-36.0,-73.82,37.0,37.0,False,False,False,False,False,False,False,False,False,2026-09-24
1941,1941.HK,YE XING GROUP,烨星集团,2.94,"2,000",Equity,Equity Securities (Main Board),0.725,0.72,0.725,0.72,214000,0.16,0.713,0.701,1.68,3.42,0.0,4.32,4.32,0.73,0.73,1.88,0.73,0.73,0.0,0.0,-61.44,0.0,0.0,False,False,False,False,False,False,False,True,True,2026-09-24
1942,1942.HK,MOG DIGITECH,马可数字科技,1.4,"2,000",Equity,Equity Securities (Main Board),0.068,0.067,0.069,0.065,3896000,0.26,0.07,0.071,-2.86,-3.95,-1.45,-4.23,-2.86,0.33,17.46,104.3,0.33,17.46,-79.09,-99.6,-99.93,79.39,99.61,False,False,False,False,False,False,False,False,False,2026-09-24
1943,1943.HK,KING'S STONE,金石控股集团,14.02,"5,000",Equity,Equity Securities (Main Board),1.195,1.22,1.24,1.185,3020000,3.61,1.213,1.206,-1.48,-0.91,-2.05,-5.16,1.27,1.55,1.55,1.62,1.55,1.55,-20.0,-20.0,-23.46,22.9,22.9,False,False,False,False,False,False,False,False,False,2026-09-24
1945,1945.HK,ZERO2IPO,清科控股,3.81,400,Equity,Equity Securities (Main Board),1.295,1.26,1.295,1.255,72400,0.09,1.29,1.329,0.39,-2.56,2.78,7.02,-6.83,2.09,2.09,15.82,2.09,2.09,-38.04,-38.04,-91.81,38.04,38.04,False,False,False,False,False,False,False,False,False,2026-09-24
1947,1947.HK,MEIHAO GROUP,美皓集团,3.24,"5,000",Equity,Equity Securities (Main Board),0.54,0.54,0.545,0.54,155000,0.08,0.544,0.557,-0.74,-3.05,-0.92,-0.92,-0.92,0.61,0.61,0.82,0.61,0.61,-10.66,-10.66,-33.54,11.48,11.48,False,False,False,False,False,False,False,False,False,2026-09-24
1948,1948.HK,UJU HOLDING,优矩控股,23.4,"1,000",Equity,Equity Securities (Main Board),3.9,3.91,3.91,3.9,3000,0.01,4.021,3.925,-3.01,-0.64,-3.35,-4.18,5.83,5.8,7.7,7.7,5.8,7.7,-32.59,-49.22,-49.22,32.76,49.35,False,False,False,False,False,False,False,False,False,2026-09-24
1949,1949.HK,PLATT NERA,佰达国际控股,1.59,"4,000",Equity,Equity Securities (Main Board),0.69,0.69,0.69,0.69,229600,0.16,0.654,0.653,5.5,5.67,0.0,9.52,0.0,0.91,6.85,15.52,0.91,6.85,-24.18,-89.93,-95.55,24.18,89.93,False,False,False,False,False,False,False,False,False,2026-09-24
1950,1950.HK,DIWANG IND H,帝王实业控股,0.71,"4,000",Equity,Equity Securities (Main Board),0.099,0.101,0.101,0.095,188000,0.02,0.105,0.108,-5.89,-8.25,-5.71,-8.33,-10.0,0.19,0.43,10.05,0.19,0.43,-46.56,-76.24,-99.0,47.62,76.71,False,False,False,False,False,False,False,False,False,2026-09-24
1951,1951.HK,JXR,锦欣生殖,56.3,500,Equity,Equity Securities (Main Board),2.105,2.12,2.16,2.105,6020500,12.67,2.12,2.112,-0.71,-0.33,-1.64,-1.64,0.48,2.67,4.64,24.55,2.67,4.64,-19.1,-53.45,-91.2,21.16,54.63,False,False,False,False,False,False,False,False,False,2026-09-24
1952,1952.HK,EVEREST MED,云顶新耀,97.37,500,Equity,Equity Securities (Main Board),27.5,29.26,29.26,26.96,4980500,136.96,28.324,27.416,-2.91,0.31,-5.11,-4.71,4.4,45.04,77.55,104.8,45.04,77.55,-35.04,-62.27,-72.08,38.94,64.54,False,False,False,False,False,False,False,False,False,2026-09-24
1953,1953.HK,SFQ GLOBAL,赛孚迅国际,15.37,"5,000",Equity,Equity Securities (Main Board),1.22,1.22,1.255,1.22,730000,0.89,1.238,1.238,-1.45,-1.45,-1.21,-0.81,-1.21,1.9,1.9,1.9,1.9,1.9,-33.95,-33.95,-33.95,35.79,35.79,False,False,False,False,False,False,False,False,False,2026-09-24
1955,1955.HK,JOHNSON HLDGS,庄臣控股,2.9,"2,000",Equity,Equity Securities (Main Board),0.58,0.59,0.59,0.55,372000,0.22,0.604,0.606,-3.97,-4.21,-0.85,-7.94,-6.45,0.75,0.75,2.16,0.75,0.75,-21.33,-21.33,-72.69,22.67,22.67,False,False,False,False,False,False,False,False,False,2026-09-24
1956,1956.HK,WENGE AI,中科闻歌,123.94,200,Equity,Equity Securities (Main Board),71.05,75.05,75.05,69.6,243400,17.29,75.94,76.935,-6.44,-7.65,-5.33,-8.5,-7.37,125.0,125.0,125.0,125.0,125.0,-39.96,-39.96,-39.96,43.16,43.16,False,False,False,False,False,False,False,False,False,2026-09-24
1957,1957.HK,MBV INTL,大人国际,1.73,"2,500",Equity,Equity Securities (Main Board),0.275,0.275,0.275,0.275,90000,0.02,0.28,0.28,-1.79,-1.61,-1.79,-1.79,0.0,0.32,1.1,2.11,0.32,1.1,-15.38,-75.0,-86.97,15.38,75.0,False,False,False,False,False,False,False,False,False,2026-09-24
1958,1958.HK,BAIC MOTOR,北京汽车,18.4,500,Equity,Equity Securities (Main Board),0.73,0.685,0.735,0.685,5310000,3.88,0.719,0.731,1.53,-0.07,3.55,0.69,2.82,1.99,2.82,12.58,1.99,2.82,-63.07,-73.94,-94.16,63.32,74.11,False,False,False,False,False,False,False,False,False,2026-09-24
1960,1960.HK,TBKS HLDGS,TBKS HLDGS,4.15,"5,000",Equity,Equity Securities (Main Board),0.415,0.405,0.415,0.4,380000,0.16,0.389,0.382,6.68,8.5,2.47,10.67,9.21,0.68,0.68,0.97,0.68,0.68,-38.97,-38.97,-57.22,38.97,38.97,False,False,False,False,False,False,False,False,False,2026-09-24
1963,1963.HK,BCQ,重庆银行,133.43,500,Equity,Equity Securities (Main Board),8.45,8.425,8.525,8.355,715500,6.05,8.415,8.466,0.42,-0.19,0.6,-0.76,0.84,8.81,8.92,8.92,8.81,8.92,-3.23,-4.43,-4.43,4.09,5.27,False,False,False,False,False,False,False,True,True,2026-09-24
1966,1966.HK,CHINA SCE GROUP,中骏集团控股,2.24,"1,000",Equity,Equity Securities (Main Board),0.053,0.045,0.053,0.044,389000,0.02,0.048,0.047,11.34,13.98,10.42,17.78,17.78,0.09,0.4,4.9,0.09,0.4,-41.76,-86.75,-98.92,41.76,86.75,False,False,False,True,False,False,False,False,False,2026-09-24
1967,1967.HK,CONFIDENCE IN,信恳智能,0.82,200,Equity,Equity Securities (Main Board),0.275,0.255,0.28,0.25,193400,0.05,0.279,0.286,-1.43,-3.85,-3.51,-3.51,-5.17,0.5,0.84,48.5,0.5,0.84,-43.43,-66.67,-99.42,44.44,67.26,False,False,False,False,False,False,False,False,False,2026-09-24
1968,1968.HK,HINGTEX HLDGS,兴纺控股,1.03,"4,000",Equity,Equity Securities (Main Board),0.161,0.162,0.162,0.161,144000,0.02,0.166,0.163,-2.9,-1.53,-4.73,-5.29,0.0,0.25,0.25,3.55,0.25,0.25,-35.2,-35.2,-95.44,35.6,35.6,False,False,False,False,False,False,False,False,False,2026-09-24
1969,1969.HK,CHINA CHUNLAI,中国春来,11.52,"1,000",Equity,Equity Securities (Main Board),0.96,0.98,0.98,0.96,25000,0.02,0.96,0.94,-0.0,2.18,-2.54,-1.03,5.49,5.59,427.0,427.0,5.59,427.0,-82.47,-99.77,-99.77,82.83,99.78,False,False,False,False,False,False,False,False,False,2026-09-24
1970,1970.HK,IMAX CHINA,IMAX CHINA,28.84,100,Equity,Equity Securities (Main Board),8.485,8.15,8.625,8.15,3900,0.03,8.383,8.428,1.22,0.68,0.3,0.3,0.41,9.1,9.1,41.8,9.1,9.1,-5.22,-5.22,-79.37,6.76,6.76,False,False,False,True,False,False,False,True,True,2026-09-24
1971,1971.HK,RSUN SER,弘阳服务,1.22,"1,000",Equity,Equity Securities (Main Board),0.295,0.28,0.28,0.28,11000,0.0,0.303,0.307,-2.64,-4.07,1.72,-4.84,-4.84,0.42,0.64,7.72,0.42,0.64,-33.33,-56.25,-96.37,29.76,53.91,False,False,False,False,False,False,False,False,False,2026-09-24
1972,1972.HK,SWIREPROPERTIES,太古地产,1412.89,200,Equity,Equity Securities (Main Board),24.54,24.46,24.6,24.32,1670960,41.01,24.44,24.282,0.41,1.06,0.16,0.41,2.59,27.18,27.18,34.65,27.18,27.18,-9.49,-9.49,-29.0,9.71,9.71,False,False,False,False,False,False,False,True,True,2026-09-24
1973,1973.HK,TIAN TU CAPITAL,天图投资,3.46,400,Equity,Equity Securities (Main Board),1.995,1.995,1.995,1.8,1200,0.0,1.899,1.883,5.06,5.92,10.83,5.0,11.14,3.55,6.8,6.8,3.55,6.8,-43.8,-70.66,-70.66,43.8,70.66,False,False,False,True,False,False,False,False,False,2026-09-24
1975,1975.HK,SUN HING PRINT,新兴印刷,2.5,"4,000",Equity,Equity Securities (Main Board),0.52,0.52,0.52,0.52,2044000,1.06,0.52,0.51,0.0,1.86,0.0,0.0,2.97,0.54,0.8,1.45,0.54,0.8,-2.8,-35.0,-64.14,2.8,35.0,False,False,False,False,False,False,False,True,False,2026-09-24
1977,1977.HK,ANALOGUE HLDGS,安乐工程,12.74,"2,000",Equity,Equity Securities (Main Board),0.91,0.92,0.925,0.91,112000,0.1,0.917,0.922,-0.76,-1.3,-1.09,-1.09,-0.55,1.09,1.38,2.19,1.09,1.38,-15.14,-32.97,-57.76,16.51,34.06,False,False,False,False,False,False,False,False,False,2026-09-24
1978,1978.HK,LH GROUP,叙福楼集团,1.72,"2,000",Equity,Equity Securities (Main Board),0.215,0.215,0.215,0.215,20000,0.0,0.216,0.219,-0.56,-2.05,0.94,-2.27,-2.27,0.37,1.1,2.12,0.37,1.1,-41.89,-80.45,-89.86,41.89,80.45,False,False,False,False,False,False,False,False,False,2026-09-24
1979,1979.HK,TEN PAO GROUP,天宝集团,15.84,"4,000",Equity,Equity Securities (Main Board),1.53,1.52,1.53,1.505,196000,0.3,1.518,1.53,0.79,-0.03,0.66,0.33,0.66,3.38,3.38,3.38,3.38,3.38,-54.73,-54.73,-54.73,54.73,54.73,False,False,True,False,False,False,False,False,False,2026-09-24
1980,1980.HK,TIANGE,天鸽互动,6.8,"1,000",Equity,Equity Securities (Main Board),0.615,0.6,0.615,0.6,58000,0.04,0.617,0.616,-0.32,-0.08,-0.81,-0.81,0.82,0.85,0.85,7.9,0.85,0.85,-27.65,-27.65,-92.22,27.65,27.65,False,False,False,False,False,False,False,False,False,2026-09-24
1981,1981.HK,CATHAY GP HLDGS,华夏控股,11.17,"1,000",Equity,Equity Securities (Main Board),0.675,0.715,0.715,0.675,327000,0.22,0.676,0.678,-0.15,-0.44,0.0,0.0,0.0,1.11,1.99,8.96,1.11,1.99,-35.59,-64.07,-92.02,39.19,66.08,False,False,False,False,False,False,False,False,False,2026-09-24
1982,1982.HK,NAMESON HLDGS,南旋控股,16.87,"2,000",Equity,Equity Securities (Main Board),0.74,0.745,0.745,0.74,582000,0.43,0.745,0.76,-0.67,-2.7,-0.67,0.0,-3.9,1.22,1.22,3.53,1.22,1.22,-38.93,-38.93,-78.9,39.34,39.34,False,False,False,False,False,False,False,False,False,2026-09-24
1983,1983.HK,LUZHOU BANK,泸州银行,15.74,"1,000",Equity,Equity Securities (Main Board),2.09,2.09,2.09,2.09,1000,0.0,2.086,2.08,0.19,0.48,0.0,0.48,0.0,2.58,3.96,3.96,2.58,3.96,-18.99,-47.22,-47.22,18.99,47.22,False,False,False,False,False,False,False,False,False,2026-09-24
1985,1985.HK,MICROWARE,美高域,7.35,"2,000",Equity,Equity Securities (Main Board),2.4,2.4,2.41,2.4,28000,0.07,2.472,2.528,-2.91,-5.08,0.0,-5.14,-4.0,4.0,4.0,4.0,4.0,4.0,-39.75,-39.75,-39.75,40.0,40.0,False,False,False,False,False,False,False,False,False,2026-09-24
1986,1986.HK,TSAKER NE,彩客新能源,9.05,500,Equity,Equity Securities (Main Board),0.935,0.955,0.955,0.92,96000,0.09,0.95,0.948,-1.58,-1.42,-0.53,-1.58,-1.58,1.24,1.24,6.5,1.24,1.24,-22.98,-22.98,-85.31,24.6,24.6,False,False,False,False,False,False,False,False,False,2026-09-24
1987,1987.HK,BENG SOON MACH,BENG SOON MACH,2.11,"4,000",Equity,Equity Securities (Main Board),0.211,0.22,0.22,0.209,48000,0.01,0.217,0.219,-2.94,-3.43,-4.09,-3.21,-4.09,0.28,0.32,5.07,0.28,0.32,-21.43,-31.25,-95.66,24.64,34.06,False,False,False,False,False,False,False,False,False,2026-09-24
1988,1988.HK,MINSHENG BANK,民生银行,289.55,500,Equity,Equity Securities (Main Board),3.48,3.455,3.485,3.425,18535056,64.5,3.482,3.522,-0.06,-1.19,0.14,-1.69,-2.66,4.27,5.55,7.9,4.27,5.55,-18.38,-37.21,-55.89,18.5,37.3,False,False,False,False,False,False,False,False,False,2026-09-24
1989,1989.HK,DELTON,广合科技,54.69,100,Equity,Equity Securities (Main Board),118.9,124.2,125.0,114.5,3173408,377.32,121.64,121.19,-2.25,-1.89,-6.53,-3.33,1.8,222.0,222.0,222.0,222.0,222.0,-43.69,-43.69,-43.69,46.44,46.44,False,False,False,False,False,False,False,False,False,2026-09-24
1993,1993.HK,ASIARAY,雅仕维,2.38,500,Equity,Equity Securities (Main Board),0.49,0.45,0.49,0.445,2000,0.0,0.486,0.496,0.82,-1.21,-2.0,4.26,-5.77,0.85,1.67,9.7,0.85,1.67,-42.35,-70.66,-94.95,42.35,70.66,False,False,False,False,False,False,False,False,False,2026-09-24
1995,1995.HK,ES SERVICES,永升服务,28.86,"2,000",Equity,Equity Securities (Main Board),1.69,1.67,1.69,1.665,1702000,2.88,1.691,1.716,-0.06,-1.49,0.9,-1.74,-1.17,2.08,3.06,26.05,2.08,3.06,-18.75,-44.77,-93.51,18.75,44.77,False,False,False,False,False,False,False,False,False,2026-09-24
1996,1996.HK,RSUN PPT,弘阳地产,0.9,"1,000",Equity,Equity Securities (Main Board),0.027,0.025,0.027,0.025,438000,0.01,0.026,0.028,2.27,-3.91,3.85,3.85,-12.9,0.05,0.32,3.62,0.05,0.32,-46.0,-91.56,-99.25,46.0,91.56,False,False,False,False,False,False,False,False,False,2026-09-24
1997,1997.HK,WHARF REIC,九龙仓置业,934.55,"1,000",Equity,Equity Securities (Main Board),30.78,30.7,31.14,30.6,2191662,67.46,30.84,30.558,-0.19,0.73,-0.84,-0.71,1.72,34.82,34.82,65.15,34.82,34.82,-10.57,-10.57,-52.2,11.6,11.6,False,False,False,False,False,False,False,False,False,2026-09-24
1999,1999.HK,MAN WAH HLDGS,敏华控股,104.36,400,Equity,Equity Securities (Main Board),2.715,2.74,2.745,2.685,17124800,46.49,2.784,2.818,-2.48,-3.67,-0.91,-4.74,-4.4,5.2,7.84,22.75,5.2,7.84,-47.21,-64.99,-87.93,47.79,65.37,False,False,False,False,False,False,False,False,False,2026-09-24
2000,2000.HK,SIM TECH,晨讯科技,6.36,"2,000",Equity,Equity Securities (Main Board),0.3,0.3,0.305,0.29,84000,0.03,0.299,0.294,0.33,2.04,5.26,-1.64,0.0,0.37,0.5,0.62,0.37,0.5,-16.44,-39.0,-50.81,17.81,40.0,False,False,False,True,False,False,False,False,False,2026-09-24
2001,2001.HK,NEW HIGHER EDU,新高教集团,9.56,"1,000",Equity,Equity Securities (Main Board),0.485,0.49,0.5,0.475,936000,0.45,0.489,0.492,-0.82,-1.42,-1.02,1.04,-1.02,0.97,2.8,8.52,0.97,2.8,-48.45,-82.14,-94.13,50.0,82.68,False,False,False,False,False,False,False,False,False,2026-09-24
2002,2002.HK,SUNSHINE PAPER,阳光纸业,15.87,"2,000",Equity,Equity Securities (Main Board),1.49,1.43,1.49,1.43,520000,0.77,1.359,1.268,9.64,17.46,4.56,15.95,19.2,1.45,3.33,3.63,1.49,3.33,2.76,-55.26,-58.95,0.0,55.26,True,True,False,False,True,False,False,True,False,2026-09-24
2003,2003.HK,VCREDIT,维信金科,5.85,200,Equity,Equity Securities (Main Board),1.195,1.22,1.22,1.15,155600,0.19,1.207,1.091,-0.99,9.58,-2.05,-0.42,8.64,2.64,4.72,22.65,2.64,4.72,-53.79,-74.15,-94.61,54.73,74.68,False,False,False,False,False,False,False,False,False,2026-09-24
2005,2005.HK,SSY GROUP,石四药集团,80.63,"2,000",Equity,Equity Securities (Main Board),2.795,2.8,2.81,2.77,2738000,7.65,2.761,2.725,1.23,2.57,0.0,1.82,1.45,3.15,5.2,9.46,3.15,5.2,-10.79,-45.96,-70.3,11.27,46.25,False,False,False,False,False,False,False,False,False,2026-09-24
2007,2007.HK,COUNTRY GARDEN,碧桂园,87.0,"1,000",Equity,Equity Securities (Main Board),0.186,0.184,0.187,0.178,256594481,47.73,0.181,0.176,2.88,5.62,1.64,2.2,8.77,0.43,1.05,17.88,0.43,1.05,-56.51,-82.19,-98.95,56.74,82.29,False,False,False,False,False,False,False,False,False,2026-09-24
2008,2008.HK,PHOENIX TV,凤凰卫视,6.39,"1,000",Equity,Equity Securities (Main Board),1.28,1.3,1.3,1.28,34000,0.04,1.276,1.309,0.31,-2.25,0.79,0.0,-1.92,2.02,2.9,18.0,2.02,2.9,-35.64,-55.17,-92.78,36.63,55.86,False,False,False,False,False,False,False,False,False,2026-09-24
2009,2009.HK,BBMG,金隅集团,14.03,"1,000",Equity,Equity Securities (Main Board),0.6,0.605,0.605,0.595,7809000,4.69,0.609,0.606,-1.48,-0.91,-0.83,-3.23,-1.64,0.96,1.1,5.25,0.96,1.1,-36.98,-45.0,-88.48,37.5,45.45,False,False,False,False,False,False,False,False,False,2026-09-24
2011,2011.HK,GILSTON GROUP,进腾集团,6.78,"2,000",Equity,Equity Securities (Main Board),1.18,1.18,1.18,1.18,20000,0.02,1.186,1.189,-0.51,-0.76,-0.84,0.0,0.0,1.49,2.07,3.15,1.49,2.07,-20.81,-43.0,-62.54,20.81,43.0,False,False,False,False,False,False,False,False,False,2026-09-24
2012,2012.HK,SUNSHINE OIL,阳光油砂,1.15,"1,000",Equity,Equity Securities (Main Board),0.161,0.165,0.168,0.156,920160,0.15,0.158,0.162,1.77,-0.56,2.55,3.21,2.55,0.51,1.48,29.0,0.51,1.48,-67.06,-88.65,-99.42,68.43,89.12,False,False,False,False,False,False,False,False,False,2026-09-24
2013,2013.HK,WEIMOB INC,微盟集团,33.68,"1,000",Equity,Equity Securities (Main Board),0.815,0.81,0.825,0.805,10837625,8.83,0.822,0.818,-0.85,-0.37,0.62,-1.81,1.87,2.62,3.87,33.5,2.62,3.87,-68.51,-78.68,-97.54,68.89,78.94,False,False,False,False,False,False,False,False,False,2026-09-24
2015,2015.HK,LI AUTO-W,理想汽车－Ｗ,761.61,100,Equity,Equity Securities (Main Board),46.76,45.48,47.3,45.48,6690960,312.87,46.224,46.446,1.16,0.68,1.12,2.81,-0.26,78.9,182.9,185.5,78.9,182.9,-40.05,-74.14,-74.5,40.74,74.43,False,False,False,True,False,False,False,False,False,2026-09-24
2016,2016.HK,CZBANK,浙商银行,139.12,"1,000",Equity,Equity Securities (Main Board),2.35,2.335,2.365,2.335,2983000,7.01,2.385,2.399,-1.47,-2.04,0.0,-3.69,-2.08,2.69,3.14,4.85,2.69,3.14,-12.08,-24.68,-51.19,12.64,25.16,False,False,False,False,False,False,False,False,False,2026-09-24
2017,2017.HK,CHANHIGH,沧海控股,3.77,"2,000",Equity,Equity Securities (Main Board),0.61,0.595,0.61,0.59,90000,0.05,0.591,0.566,3.21,7.77,0.0,14.02,12.96,0.75,0.75,2.28,0.75,0.75,-18.67,-18.67,-73.25,18.67,18.67,False,False,False,False,False,False,False,False,False,2026-09-24
2018,2018.HK,AAC TECH,瑞声科技,465.35,500,Equity,Equity Securities (Main Board),40.34,39.58,41.64,39.22,4509660,181.92,40.148,40.55,0.48,-0.52,2.18,0.15,-0.15,50.35,54.8,185.0,50.35,54.8,-17.3,-24.01,-77.49,19.88,26.39,False,False,False,False,False,False,False,False,False,2026-09-24
2020,2020.HK,ANTA SPORTS,安踏体育,2012.19,200,Equity,Equity Securities (Main Board),71.95,72.0,73.25,71.65,5546880,399.1,71.87,72.305,0.11,-0.49,0.21,-0.07,-0.07,88.8,107.5,191.9,88.8,107.5,-17.51,-31.86,-61.83,18.98,33.07,False,False,False,False,False,False,False,False,False,2026-09-24
2022,2022.HK,DIGIT HOLLYWOOD,游莱互动,0.94,"4,000",Equity,Equity Securities (Main Board),0.047,0.043,0.047,0.042,336000,0.02,0.047,0.047,0.86,-0.84,0.0,0.0,-2.08,0.08,0.17,1.51,0.08,0.17,-37.33,-72.51,-96.89,37.33,72.51,False,False,True,False,False,False,False,False,False,2026-09-24
2025,2025.HK,RUIFENG POWER,瑞丰动力,100.08,"2,000",Equity,Equity Securities (Main Board),12.51,12.72,12.72,12.33,414000,5.18,12.632,12.396,-0.97,0.92,-1.03,-1.11,3.39,23.78,23.78,23.78,23.78,23.78,-46.51,-46.51,-46.51,47.39,47.39,False,False,False,False,False,False,False,False,False,2026-09-24
2026,2026.HK,PONY-W,小马智行－Ｗ,199.63,100,Equity,Equity Securities (Main Board),56.5,56.05,56.9,55.95,848900,47.96,54.22,52.955,4.21,6.69,0.89,8.65,7.11,136.9,136.9,136.9,136.9,136.9,-58.44,-58.44,-58.44,58.73,58.73,True,False,False,False,False,False,False,False,False,2026-09-24
2028,2028.HK,JOLIMARK,映美控股,48.75,"2,000",Equity,Equity Securities (Main Board),5.68,4.9,5.68,4.795,159052000,903.42,4.739,4.14,19.86,37.21,14.86,24.29,40.42,5.16,5.16,5.16,5.68,5.68,10.18,10.18,10.18,0.0,0.0,False,False,False,False,True,True,True,True,True,2026-09-24
2030,2030.HK,CABBEEN,卡宾,8.62,"1,000",Equity,Equity Securities (Main Board),1.29,1.29,1.29,1.29,99000,0.13,1.288,1.288,0.16,0.16,0.78,0.0,0.78,1.55,1.95,4.32,1.55,1.95,-16.77,-33.85,-70.14,16.77,33.85,False,False,False,False,False,False,False,False,False,2026-09-24
2031,2031.HK,AUSUPREME,澳至尊,3.58,"5,000",Equity,Equity Securities (Main Board),0.47,0.47,0.47,0.47,30000,0.01,0.488,0.485,-3.69,-3.09,0.0,-8.74,0.0,0.52,0.52,0.71,0.52,0.52,-9.62,-9.62,-33.8,9.62,9.62,False,False,False,False,False,False,False,True,True,2026-09-24
2038,2038.HK,FIH,富智康集团,118.13,"1,000",Equity,Equity Securities (Main Board),15.09,15.01,15.4,14.88,561500,8.47,15.766,15.919,-4.29,-5.21,-1.05,-6.91,-4.97,31.46,31.46,33.4,31.46,31.46,-51.05,-51.05,-53.89,52.03,52.03,False,False,False,False,False,False,False,False,False,2026-09-24
2039,2039.HK,CIMC,中集集团,227.77,100,Equity,Equity Securities (Main Board),7.575,7.46,7.59,7.46,3734700,28.29,7.699,7.639,-1.61,-0.84,-0.2,-3.99,0.87,12.8,12.8,12.8,12.8,12.8,-40.7,-40.7,-40.7,40.82,40.82,False,False,False,False,False,False,False,False,False,2026-09-24
2041,2041.HK,MEDCAPTAIN,麦科田,39.32,100,Equity,Equity Securities (Main Board),8.205,8.085,8.44,8.085,131500,1.08,8.202,8.278,0.04,-0.88,1.3,0.18,2.37,9.98,9.98,9.98,9.98,9.98,-15.43,-15.43,-15.43,17.79,17.79,False,False,False,False,False,False,False,False,False,2026-09-24
2048,2048.HK,E-HOUSE ENT,易居企业控股,1.21,300,Equity,Equity Securities (Main Board),0.069,0.07,0.07,0.065,1693200,0.12,0.068,0.067,2.07,2.53,-1.43,2.99,6.15,0.13,0.6,15.34,0.13,0.6,-47.76,-88.33,-99.54,48.51,88.5,False,False,True,True,False,False,False,False,False,2026-09-24
2050,2050.HK,SANHUA,三花智控,117.13,100,Equity,Equity Securities (Main Board),24.58,24.46,25.2,24.26,6331400,155.63,24.752,24.384,-0.69,0.8,0.49,-1.84,0.74,41.36,46.48,46.48,41.36,46.48,-39.07,-45.78,-45.78,40.57,47.12,False,False,False,False,False,False,False,False,False,2026-09-24
2051,2051.HK,VALA,VALA,5.7,"10,000",Equity,Equity Securities (Main Board),0.35,0.385,0.385,0.35,1990000,0.7,0.38,0.393,-7.89,-10.94,-6.67,-7.89,-20.45,0.73,0.87,9.55,0.73,0.87,-47.26,-55.75,-95.97,52.05,59.77,False,False,False,False,False,False,False,False,False,2026-09-24
2057,2057.HK,ZTO EXPRESS-W,中通快递－Ｗ,855.59,50,Equity,Equity Securities (Main Board),156.2,154.1,157.0,153.9,2620690,409.35,158.72,160.31,-1.59,-2.56,1.03,-4.81,-3.88,205.6,219.0,299.0,205.6,219.0,-23.64,-28.31,-47.49,24.03,28.68,False,False,False,False,False,False,False,False,False,2026-09-24
2068,2068.HK,CHALIECO,中铝国际,6.85,"1,000",Equity,Equity Securities (Main Board),1.715,1.755,1.755,1.715,2095000,3.59,1.721,1.721,-0.35,-0.32,-1.44,-0.58,1.18,3.43,3.5,4.34,3.43,3.5,-48.83,-49.86,-59.56,50.0,51.0,False,False,False,False,False,False,False,False,False,2026-09-24
2076,2076.HK,BOSS ZHIPIN-W,ＢＯＳＳ直聘－Ｗ,466.65,100,Equity,Equity Securities (Main Board),56.25,56.15,56.65,55.85,88594,4.98,57.13,59.11,-1.54,-4.84,-0.79,-3.76,-4.01,83.15,97.8,98.95,83.15,97.8,-31.87,-42.08,-42.75,32.35,42.48,False,False,False,False,False,False,False,False,False,2026-09-24
2080,2080.HK,AUX INTL,奥克斯国际,2.17,"2,000",Equity,Equity Securities (Main Board),0.44,0.44,0.445,0.435,534000,0.23,0.388,0.355,13.4,23.94,1.15,29.41,33.33,0.47,0.78,2.45,0.47,0.78,-4.3,-42.95,-81.84,5.38,43.59,True,False,False,False,False,False,False,True,False,2026-09-24
2086,2086.HK,LEADWAY TECH,高维科技,1.61,"1,000",Equity,Equity Securities (Main Board),0.505,0.5,0.505,0.5,12000,0.01,0.519,0.527,-2.7,-4.17,-0.98,-3.81,-5.61,0.6,1.0,5.34,0.6,1.0,-15.83,-49.5,-90.54,15.83,49.5,False,False,False,False,False,False,False,False,False,2026-09-24
2096,2096.HK,SIMCERE PHARMA,先声药业,292.52,"1,000",Equity,Equity Securities (Main Board),11.39,11.61,11.71,11.28,3590000,40.89,11.488,11.357,-0.85,0.29,-2.4,-1.89,1.06,14.28,15.08,15.08,14.28,15.08,-18.0,-22.35,-22.35,20.24,24.47,False,False,False,False,False,False,False,False,False,2026-09-24
2097,2097.HK,MIXUE GROUP,蜜雪集团,280.79,100,Equity,Equity Securities (Main Board),186.1,185.8,188.4,185.6,80200,14.93,190.1,190.52,-2.1,-2.32,-0.48,-3.97,-2.41,464.0,618.5,618.5,464.0,618.5,-59.4,-69.54,-69.54,59.89,69.91,False,False,False,False,False,False,False,False,False,2026-09-24
2098,2098.HK,ZALL SMARTCOM,卓尔智联,9.05,"1,000",Equity,Equity Securities (Main Board),0.073,0.073,0.074,0.067,2879000,0.21,0.074,0.074,-1.08,-1.35,-1.35,-1.35,-1.35,0.12,0.47,11.76,0.12,0.47,-36.75,-84.42,-99.37,37.61,84.63,False,False,False,False,False,False,False,False,False,2026-09-24
2099,2099.HK,CHINAGOLDINTL,中国黄金国际,884.8,100,Equity,Equity Securities (Main Board),223.2,226.0,227.8,220.0,1776455,396.5,232.88,244.0,-4.16,-8.52,-2.02,-4.7,-9.56,280.6,280.6,280.6,280.6,280.6,-18.82,-18.82,-18.82,20.46,20.46,False,False,False,False,False,False,False,False,False,2026-09-24
2100,2100.HK,BAIOO,百奥家庭互动,7.57,"2,000",Equity,Equity Securities (Main Board),0.265,0.265,0.265,0.265,18000,0.0,0.264,0.268,0.38,-1.12,0.0,0.0,0.0,0.57,0.84,3.25,0.57,0.84,-53.51,-68.45,-91.85,53.51,68.45,False,False,False,False,False,False,False,False,False,2026-09-24
2102,2102.HK,TAK LEE MACH,德利机械,3.4,"10,000",Equity,Equity Securities (Main Board),0.34,0.33,0.34,0.33,690000,0.23,0.325,0.323,4.62,5.26,6.25,4.62,4.62,0.38,0.38,0.51,0.38,0.38,-9.33,-9.33,-33.33,9.33,9.33,False,False,False,False,False,False,False,True,True,2026-09-24
2105,2105.HK,LAEKNA-B,来凯医药－Ｂ,31.83,500,Equity,Equity Securities (Main Board),7.04,7.22,7.22,6.84,2078000,14.63,7.182,6.849,-1.98,2.79,-2.29,-4.54,2.92,19.36,26.45,26.45,19.36,26.45,-62.71,-72.7,-72.7,63.64,73.38,False,False,False,False,False,False,False,False,False,2026-09-24
2108,2108.HK,K2 F&B,K2 F&B,3.2,"4,000",Equity,Equity Securities (Main Board),0.4,0.4,0.4,0.4,100000,0.04,0.401,0.402,-0.25,-0.37,0.0,0.0,0.0,0.54,0.54,0.9,0.54,0.54,-25.93,-25.93,-55.56,25.93,25.93,False,False,False,False,False,False,False,False,False,2026-09-24
2110,2110.HK,TIAN CHENG-NEW,天成控股（新）,0.28,"2,000",Equity,Equity Securities (Main Board),0.645,0.68,0.68,0.64,36000,0.02,0.663,0.655,-2.71,-1.45,-6.52,-2.27,-0.77,1.85,7.4,50.0,1.85,7.4,-63.24,-90.81,-98.64,65.14,91.28,False,False,False,False,False,False,False,False,False,2026-09-24
2111,2111.HK,BEST PACIFIC,超盈国际控股,25.37,"2,000",Equity,Equity Securities (Main Board),2.44,2.62,2.66,2.41,5286326,12.9,2.558,2.617,-4.61,-6.76,-5.24,-6.15,-7.4,3.48,3.74,7.47,3.48,3.74,-23.56,-28.88,-64.39,29.89,34.76,False,False,False,False,False,False,False,False,False,2026-09-24
2112,2112.HK,GRACE LIFE-TECH,恩典生命科技,0.58,"2,000",Equity,Equity Securities (Main Board),0.039,0.038,0.039,0.038,54000,0.0,0.039,0.039,-0.51,0.78,2.63,-2.5,-2.5,0.09,0.49,2.02,0.09,0.49,-57.61,-92.04,-98.07,57.61,92.04,False,False,False,False,False,False,False,False,False,2026-09-24
2119,2119.HK,TSIT WING INTL,捷荣国际控股,3.28,"2,000",Equity,Equity Securities (Main Board),0.455,0.45,0.455,0.45,16000,0.01,0.452,0.454,0.66,0.33,1.11,0.0,0.0,0.55,0.86,2.85,0.55,0.86,-17.27,-47.09,-84.04,17.27,47.09,False,False,False,True,False,False,False,False,False,2026-09-24
2121,2121.HK,AINNOVATION,创新奇智,16.89,100,Equity,Equity Securities (Main Board),3.06,3.005,3.145,2.995,358398,1.1,3.116,3.226,-1.8,-5.13,0.82,0.16,-15.93,7.33,13.54,27.5,7.33,13.54,-57.09,-76.77,-88.56,58.25,77.4,False,False,False,False,False,False,False,False,False,2026-09-24
2125,2125.HK,STRAWBEAR ENT,稻草熊娱乐,2.05,"1,000",Equity,Equity Securities (Main Board),0.29,0.27,0.29,0.26,61000,0.02,0.289,0.291,0.35,-0.51,1.75,0.0,7.41,0.5,0.82,15.3,0.5,0.82,-42.0,-64.63,-98.1,42.0,64.63,False,False,False,False,False,False,False,False,False,2026-09-24
2126,2126.HK,JW THERAP-B,药明巨诺－Ｂ,11.44,500,Equity,Equity Securities (Main Board),2.745,2.95,2.965,2.62,2874500,7.89,2.621,2.326,4.73,17.99,-6.63,15.82,25.34,3.18,6.44,52.8,3.18,6.44,-6.76,-53.96,-94.38,13.68,57.38,False,False,False,False,False,False,False,False,False,2026-09-24
2128,2128.HK,CHINA LESSO,中国联塑,99.9,"1,000",Equity,Equity Securities (Main Board),3.22,3.06,3.235,3.045,26393000,84.99,3.164,3.151,1.77,2.19,4.89,-0.16,4.04,7.14,7.14,21.6,7.14,7.14,-54.69,-54.69,-85.02,54.9,54.9,False,False,False,True,False,False,False,False,False,2026-09-24
2129,2129.HK,LEGION CONSO,LEGION CONSO,3.62,"5,000",Equity,Equity Securities (Main Board),0.29,0.28,0.295,0.28,200000,0.06,0.284,0.268,2.11,8.25,0.0,3.57,0.0,0.31,0.31,0.49,0.31,0.31,-6.35,-6.35,-39.18,7.94,7.94,False,False,True,False,False,False,False,True,True,2026-09-24
2130,2130.HK,CN LOGISTICS,嘉泓物流,9.36,"1,000",Equity,Equity Securities (Main Board),3.115,3.13,3.13,3.13,1000,0.0,3.129,3.142,-0.45,-0.86,0.65,-0.95,-1.11,3.47,6.4,11.26,3.47,6.4,-9.8,-51.09,-72.2,10.23,51.33,False,False,False,False,False,False,False,False,False,2026-09-24
2136,2136.HK,LIFESTYLE CHI,利福中国,8.79,500,Equity,Equity Securities (Main Board),0.6,0.58,0.6,0.575,189000,0.11,0.591,0.589,1.52,1.78,1.69,1.69,2.56,1.13,1.16,4.07,1.13,1.16,-46.9,-48.28,-85.26,46.9,48.28,False,False,False,True,False,False,False,False,False,2026-09-24
2137,2137.HK,BRII-B,腾盛博药－Ｂ,6.43,500,Equity,Equity Securities (Main Board),0.89,0.865,0.89,0.85,354500,0.32,0.888,0.882,0.23,0.85,-0.56,0.56,1.14,1.7,3.5,52.6,1.7,3.5,-47.65,-74.57,-98.31,47.65,74.57,False,False,False,True,False,False,False,False,False,2026-09-24
2138,2138.HK,EC HEALTHCARE,医思健康,6.76,"1,000",Equity,Equity Securities (Main Board),0.57,0.535,0.575,0.535,436000,0.25,0.54,0.527,5.56,8.16,3.64,9.62,9.62,0.72,3.65,16.26,0.72,3.65,-20.14,-84.25,-96.46,20.83,84.38,True,False,False,False,False,False,False,False,False,2026-09-24
2139,2139.HK,BANK OF GANSU,甘肃银行,9.29,"1,000",Equity,Equity Securities (Main Board),0.245,0.25,0.25,0.245,341000,0.08,0.249,0.25,-1.61,-1.8,-2.0,-2.0,-2.0,0.42,0.64,3.34,0.42,0.64,-40.48,-60.94,-92.51,41.67,61.72,False,False,False,False,False,False,False,False,False,2026-09-24
2142,2142.HK,HBM HOLDINGS-B,和铂医药－Ｂ,120.22,"1,000",Equity,Equity Securities (Main Board),13.83,15.24,15.24,13.65,14148446,195.67,14.682,13.755,-5.8,0.55,-9.25,-8.89,8.9,17.07,17.98,17.98,17.07,17.98,-10.72,-15.24,-15.24,18.98,23.08,False,False,False,False,False,False,False,False,False,2026-09-24
2145,2145.HK,CHICMAX,上美股份,42.3,100,Equity,Equity Securities (Main Board),20.94,20.82,21.18,20.8,464821,9.73,21.272,21.6,-1.56,-3.06,-0.29,-5.68,-0.29,81.1,104.8,104.8,81.1,104.8,-73.88,-79.79,-79.79,74.18,80.02,False,False,False,False,False,False,False,False,False,2026-09-24
2146,2146.HK,ROISERV,荣万家,1.69,500,Equity,Equity Securities (Main Board),1.8,2.035,2.035,1.8,6000,0.01,1.99,2.021,-9.55,-10.91,-11.55,-11.55,-12.62,2.3,2.3,13.2,2.3,2.3,-11.52,-11.52,-84.58,21.74,21.74,False,False,False,False,False,False,False,False,False,2026-09-24
2147,2147.HK,ZHENGWEI GROUP,正味集团,2.45,"4,000",Equity,Equity Securities (Main Board),0.52,0.52,0.52,0.5,444800,0.23,0.537,0.609,-3.17,-14.61,0.0,-11.11,-14.75,1.0,58.0,58.0,1.0,58.0,-48.0,-99.1,-99.1,48.0,99.1,False,False,False,False,False,False,False,False,False,2026-09-24
2149,2149.HK,BATELAB,贝克微,6.11,100,Equity,Equity Securities (Main Board),33.92,33.5,33.98,32.9,7300,0.25,33.636,33.178,0.84,2.24,1.31,1.25,4.82,49.6,80.0,80.0,49.6,80.0,-31.49,-57.53,-57.53,31.61,57.6,False,False,False,True,False,False,False,False,False,2026-09-24
2150,2150.HK,NAYUKI,奈雪的茶,12.01,500,Equity,Equity Securities (Main Board),0.725,0.735,0.735,0.725,300500,0.22,0.732,0.715,-0.96,1.4,-1.36,-1.36,1.4,1.21,4.22,18.98,1.21,4.22,-39.26,-82.58,-96.13,40.08,82.82,False,False,False,False,False,False,False,False,False,2026-09-24
2153,2153.HK,TAT HONG EQUIP,达丰设备,10.44,"2,000",Equity,Equity Securities (Main Board),0.895,0.945,0.945,0.895,118000,0.11,0.927,0.93,-3.45,-3.71,-5.29,-3.76,-3.24,1.02,1.44,1.92,1.02,1.44,-7.35,-34.38,-50.78,12.25,37.85,False,False,False,False,False,False,False,False,False,2026-09-24
2155,2155.HK,MORIMATSU INTL,森松国际,91.6,"1,000",Equity,Equity Securities (Main Board),7.205,6.985,7.21,6.94,2414000,17.39,7.137,7.119,0.95,1.21,2.78,-0.62,2.27,12.08,12.08,15.64,12.08,12.08,-40.31,-40.31,-53.9,40.36,40.36,False,False,False,True,False,False,False,False,False,2026-09-24
2156,2156.HK,C&D PROPERTY,建发物业,35.63,"1,000",Equity,Equity Securities (Main Board),2.53,2.535,2.545,2.525,165000,0.42,2.547,2.576,-0.67,-1.8,-1.17,-0.59,-0.59,3.15,4.19,5.44,3.15,4.19,-19.21,-39.26,-53.22,19.68,39.62,False,False,False,False,False,False,False,False,False,2026-09-24
2157,2157.HK,LEPU BIO,乐普生物,68.39,"1,000",Equity,Equity Securities (Main Board),3.79,4.1,4.1,3.79,11773000,44.62,4.059,3.984,-6.63,-4.87,-5.25,-10.61,-3.44,6.65,10.5,31.8,6.65,10.5,-38.35,-60.95,-87.11,43.01,63.9,False,False,False,False,False,False,False,False,False,2026-09-24
2158,2158.HK,YIDU TECH,医渡科技,34.68,100,Equity,Equity Securities (Main Board),3.4,3.45,3.47,3.39,1133800,3.85,3.447,3.462,-1.36,-1.78,-1.73,-2.3,-1.73,7.05,9.13,69.8,7.05,9.13,-50.78,-61.99,-95.03,51.77,62.76,False,False,False,False,False,False,False,False,False,2026-09-24
2159,2159.HK,MEDIWELCOME,麦迪卫康,5.72,"8,000",Equity,Equity Securities (Main Board),1.7,1.72,1.75,1.66,48000,0.08,1.702,1.704,-0.12,-0.23,-0.58,0.0,0.0,2.27,2.27,4.81,2.27,2.27,-22.91,-22.91,-63.62,25.11,25.11,False,False,False,False,False,False,False,False,False,2026-09-24
2161,2161.HK,JBM HEALTHCARE,健倍苗苗,13.52,"2,000",Equity,Equity Securities (Main Board),1.645,1.645,1.65,1.63,66000,0.11,1.644,1.65,0.06,-0.3,0.0,0.0,0.3,2.83,3.43,3.43,2.83,3.43,-41.7,-51.9,-51.9,41.87,52.04,False,False,True,False,False,False,False,False,False,2026-09-24
2162,2162.HK,KEYMED BIO-B,康诺亚－Ｂ,221.21,500,Equity,Equity Securities (Main Board),74.05,78.5,78.55,73.25,1393000,103.15,76.55,75.155,-3.27,-1.47,-5.67,-7.26,1.51,89.75,89.75,89.75,89.75,89.75,-12.48,-12.48,-12.48,17.49,17.49,False,False,False,False,False,False,False,False,False,2026-09-24
2165,2165.HK,LING YUE SER GP,领悦服务集团,4.24,"1,000",Equity,Equity Securities (Main Board),1.485,1.645,1.645,1.485,41000,0.06,1.49,1.498,-0.34,-0.83,2.41,-1.66,-3.88,2.05,2.35,5.5,2.05,2.35,-19.76,-30.0,-70.09,27.56,36.81,False,False,False,False,False,False,False,False,False,2026-09-24
2166,2166.HK,SMART-CORE,芯智控股,23.6,"2,000",Equity,Equity Securities (Main Board),4.025,4.05,4.085,4.025,326000,1.31,4.039,4.003,-0.35,0.54,-1.35,-0.74,0.63,6.95,6.95,6.95,6.95,6.95,-41.22,-41.22,-41.22,42.09,42.09,False,False,False,False,False,False,False,False,False,2026-09-24
2167,2167.HK,TI CLOUD,天润云,7.84,200,Equity,Equity Securities (Main Board),4.52,4.48,4.52,4.45,9800,0.04,4.592,4.675,-1.57,-3.32,0.0,-3.83,0.44,5.3,8.78,15.9,5.3,8.78,-14.64,-48.52,-71.57,14.64,48.52,False,False,False,False,False,False,False,False,False,2026-09-24
2168,2168.HK,KAISA PROSPER,佳兆业美好,1.64,250,Equity,Equity Securities (Main Board),0.98,0.95,0.98,0.94,44500,0.04,0.992,1.008,-1.21,-2.78,-1.51,-1.51,-2.0,1.6,3.1,39.95,1.6,3.1,-38.75,-68.39,-97.55,38.75,68.39,False,False,False,False,False,False,False,False,False,2026-09-24
2169,2169.HK,CANGGANGRAILWAY,沧港铁路,21.6,"2,000",Equity,Equity Securities (Main Board),0.54,0.525,0.54,0.525,104000,0.06,0.537,0.537,0.56,0.56,0.0,0.0,0.0,0.82,3.28,3.28,0.82,3.28,-34.15,-83.51,-83.51,34.15,83.51,False,False,True,True,False,False,False,False,False,2026-09-24
2170,2170.HK,BASECARE-B,贝康医疗－Ｂ,1.08,500,Equity,Equity Securities (Main Board),1.31,1.32,1.32,1.29,491500,0.64,1.355,1.349,-3.32,-2.89,-6.09,-2.6,-7.75,2.27,4.45,34.85,2.27,4.45,-41.85,-70.34,-96.21,42.29,70.56,False,False,False,False,False,False,False,False,False,2026-09-24
2171,2171.HK,CARSGEN-B,科济药业－Ｂ,76.0,500,Equity,Equity Securities (Main Board),12.79,13.2,13.2,12.62,1515500,19.38,13.052,12.786,-2.01,0.03,-3.11,-4.55,3.98,28.6,28.6,57.25,28.6,28.6,-53.85,-53.85,-76.94,55.28,55.28,False,False,False,False,False,False,False,False,False,2026-09-24
2175,2175.HK,CH GENERAL EDU,中国通才教育,11.22,"1,000",Equity,Equity Securities (Main Board),2.22,2.215,2.22,2.215,95000,0.21,2.267,2.281,-2.07,-2.67,-0.89,-0.45,-2.84,3.9,5.18,5.18,3.9,5.18,-43.08,-57.14,-57.14,43.08,57.14,False,False,False,False,False,False,False,False,False,2026-09-24
2176,2176.HK,CCID CONSULTING,赛迪顾问,1.04,"10,000",Equity,Equity Securities (Main Board),0.5,0.5,0.5,0.5,50000,0.03,0.491,0.487,1.83,2.77,0.0,3.09,3.09,1.68,2.13,2.13,1.68,2.13,-70.24,-76.53,-76.53,70.24,76.53,False,False,False,False,False,False,False,False,False,2026-09-24
2177,2177.HK,UNQ HOLDINGS,优趣汇控股,3.65,200,Equity,Equity Securities (Main Board),2.2,2.18,2.2,2.18,2800,0.01,2.188,2.211,0.55,-0.48,0.92,0.0,-1.57,3.0,3.86,12.5,3.0,3.86,-26.67,-43.01,-82.4,26.67,43.01,False,False,False,False,False,False,False,False,False,2026-09-24
2178,2178.HK,PETRO-KING,百勤油服,3.61,"1,000",Equity,Equity Securities (Main Board),0.209,0.2,0.217,0.2,1768000,0.37,0.218,0.232,-4.04,-9.99,3.98,-5.43,-11.44,0.39,0.39,0.68,0.39,0.39,-44.36,-44.36,-68.09,46.41,46.41,False,False,False,False,False,False,False,False,False,2026-09-24
2179,2179.HK,RECBIO-B,瑞科生物－Ｂ,20.16,500,Equity,Equity Securities (Main Board),4.4,4.3,4.5,4.3,2500,0.01,4.652,4.777,-5.42,-7.88,0.0,-9.84,-10.3,6.7,13.0,28.3,6.7,13.0,-32.84,-65.38,-84.1,34.33,66.15,False,False,False,False,False,False,False,False,False,2026-09-24
2180,2180.HK,MANPOWER GRC,万宝盛华,10.04,250,Equity,Equity Securities (Main Board),4.84,4.8,4.96,4.75,102000,0.49,4.787,4.825,1.11,0.31,1.89,1.89,-0.1,6.7,7.88,14.66,6.7,7.88,-25.97,-37.06,-66.17,27.76,38.58,False,False,False,True,False,False,False,False,False,2026-09-24
2181,2181.HK,MABPHARM-B,迈博药业－Ｂ,16.29,"2,000",Equity,Equity Securities (Main Board),0.395,0.35,0.4,0.35,46000,0.02,0.396,0.411,-0.25,-3.89,5.33,-1.25,-5.95,0.81,0.94,1.8,0.81,0.94,-50.62,-57.45,-77.78,51.23,57.98,False,False,False,False,False,False,False,False,False,2026-09-24
2182,2182.HK,TIAN CHANG GP,天长集团,3.01,"4,000",Equity,Equity Securities (Main Board),0.485,0.485,0.485,0.485,28000,0.01,0.443,0.422,9.48,15.07,7.78,7.78,21.25,0.48,0.48,1.01,0.49,0.49,1.04,1.04,-51.98,0.0,0.0,False,False,False,False,True,True,False,True,True,2026-09-24
2185,2185.HK,BIOHEART-B,百心安－Ｂ,3.26,100,Equity,Equity Securities (Main Board),1.385,1.38,1.4,1.35,117400,0.16,1.432,1.537,-3.28,-9.89,0.36,-7.97,-13.44,6.46,10.77,75.55,6.46,10.77,-78.33,-87.0,-98.15,78.56,87.14,False,False,False,False,False,False,False,False,False,2026-09-24
2186,2186.HK,LUYE PHARMA,绿叶制药,75.3,500,Equity,Equity Securities (Main Board),1.885,1.91,1.945,1.865,24517500,46.22,1.852,1.811,1.78,4.09,-1.31,0.53,10.88,3.06,4.49,9.86,3.06,4.49,-36.44,-56.68,-80.27,38.4,58.02,False,False,False,False,False,False,False,False,False,2026-09-24
2187,2187.HK,ZHIXIN GP HLDG,智欣集团控股,4.17,"2,000",Equity,Equity Securities (Main Board),0.465,0.455,0.455,0.455,18000,0.01,0.453,0.448,2.65,3.68,1.09,3.33,3.33,0.99,4.31,10.2,0.99,4.31,-54.04,-89.44,-95.54,53.03,89.21,False,False,False,False,False,False,False,False,False,2026-09-24
2189,2189.HK,KATO (HK) HLDGS,嘉涛（香港）控股,4.7,"4,000",Equity,Equity Securities (Main Board),0.47,0.475,0.475,0.465,36000,0.02,0.467,0.47,0.64,-0.0,-2.08,2.17,-1.05,0.51,0.62,0.7,0.51,0.62,-7.77,-23.39,-32.14,8.74,24.19,False,False,True,False,False,False,False,True,False,2026-09-24
2190,2190.HK,ZYLOXTB,归创通桥,68.68,500,Equity,Equity Securities (Main Board),21.3,21.02,21.3,20.72,493190,10.5,20.924,20.746,1.8,2.67,0.95,3.1,3.2,27.62,28.0,60.8,27.62,28.0,-22.88,-23.93,-64.97,22.88,23.93,True,False,False,True,False,False,False,False,False,2026-09-24
2192,2192.HK,MEDLIVE,医脉通,50.97,500,Equity,Equity Securities (Main Board),6.885,6.945,6.945,6.805,418500,2.88,6.987,6.951,-1.46,-0.96,-0.94,-1.29,-0.36,15.01,17.18,47.0,15.01,17.18,-53.73,-59.58,-85.22,54.13,59.92,False,False,False,False,False,False,False,False,False,2026-09-24
2193,2193.HK,MAN KING HOLD,万景控股,1.68,"4,000",Equity,Equity Securities (Main Board),0.4,0.425,0.425,0.4,116000,0.05,0.415,0.409,-3.61,-2.08,-5.88,-5.88,0.0,0.44,0.44,1.53,0.44,0.44,-3.41,-3.41,-72.22,9.09,9.09,False,False,False,False,False,False,False,True,True,2026-09-24
2195,2195.HK,UNITY ENT,盈汇企业控股,0.45,"10,000",Equity,Equity Securities (Main Board),0.265,0.255,0.265,0.224,399000,0.11,0.274,0.267,-3.28,-0.75,1.92,-11.67,1.92,0.47,6.4,12.7,0.47,6.4,-44.21,-95.86,-97.91,44.21,95.86,False,False,False,False,False,False,False,False,False,2026-09-24
2196,2196.HK,FOSUN PHARMA,复星医药,93.43,500,Equity,Equity Securities (Main Board),17.64,17.93,18.01,17.55,1404836,24.78,17.85,17.392,-1.18,1.43,-1.51,-3.55,2.86,22.18,29.0,82.0,22.18,29.0,-18.8,-37.9,-78.04,20.47,39.17,False,False,False,False,False,False,False,False,False,2026-09-24
2197,2197.HK,CLOVER BIO-B,三叶草生物－Ｂ,26.75,500,Equity,Equity Securities (Main Board),2.06,2.08,2.125,2.045,1489000,3.07,2.099,2.026,-1.86,1.65,-2.83,-4.19,4.57,3.2,3.2,14.8,3.2,3.2,-33.59,-33.59,-85.64,35.63,35.63,False,False,False,False,False,False,False,False,False,2026-09-24
2198,2198.HK,CHINA SANJIANG,中国三江化工,44.15,"1,000",Equity,Equity Securities (Main Board),3.71,3.71,3.725,3.63,966000,3.58,3.789,3.907,-2.08,-5.04,0.68,-2.88,-3.76,5.9,5.9,5.9,5.9,5.9,-36.86,-36.86,-36.86,37.12,37.12,False,False,False,False,False,False,False,False,False,2026-09-24
2199,2199.HK,REGINA MIRACLE,维珍妮,29.38,"1,000",Equity,Equity Securities (Main Board),2.4,2.4,2.42,2.38,219000,0.53,2.42,2.456,-0.83,-2.26,0.0,-2.44,-2.04,2.75,3.0,10.82,2.75,3.0,-12.0,-19.33,-77.63,12.73,20.0,False,False,False,False,False,False,False,False,False,2026-09-24
2202,2202.HK,CHINA VANKE,万科企业,56.27,100,Equity,Equity Securities (Main Board),2.55,2.605,2.62,2.485,47946300,122.26,2.494,2.352,2.25,8.42,-1.92,3.24,15.91,4.14,14.08,42.85,4.14,14.08,-36.71,-81.39,-93.89,38.41,81.89,False,False,False,False,False,False,False,False,False,2026-09-24
2203,2203.HK,BRAINHOLE TECH,脑洞科技,1.01,"10,000",Equity,Equity Securities (Main Board),0.126,0.138,0.138,0.124,60000,0.01,0.129,0.122,-2.17,3.45,-5.26,-8.7,10.53,0.27,0.93,1.29,0.27,0.93,-48.89,-85.16,-89.3,53.33,86.45,False,False,False,False,False,False,False,False,False,2026-09-24
2208,2208.HK,GOLDWIND,金风科技,68.27,200,Equity,Equity Securities (Main Board),8.865,8.76,8.965,8.665,11327402,100.42,8.899,8.969,-0.38,-1.16,1.2,-0.95,0.11,18.49,18.49,19.82,18.49,18.49,-51.51,-51.51,-54.77,52.06,52.06,False,False,False,False,False,False,False,False,False,2026-09-24
2209,2209.HK,YESASIA HLDGS,喆丽控股,14.37,"1,000",Equity,Equity Securities (Main Board),3.43,3.38,3.445,3.355,195000,0.67,3.418,3.514,0.35,-2.4,1.48,-0.29,-3.11,4.19,7.45,7.45,4.19,7.45,-17.78,-53.76,-53.76,18.14,53.96,False,False,False,False,False,False,False,False,False,2026-09-24
2210,2210.HK,BEIJING JIAYE,京城佳业,0.72,400,Equity,Equity Securities (Main Board),1.975,1.975,1.975,1.975,50800,0.1,1.979,1.985,-0.2,-0.5,0.0,-0.25,-0.25,2.77,4.89,8.4,2.77,4.89,-28.7,-59.61,-76.49,28.7,59.61,False,False,False,False,False,False,False,False,False,2026-09-24
2211,2211.HK,UNI HEALTH,大健康国际,2.71,"5,000",Equity,Equity Securities (Main Board),0.49,0.455,0.54,0.455,900000,0.44,0.458,0.513,6.96,-4.53,12.64,7.06,-1.11,5.36,5.36,40.5,5.36,5.36,-89.93,-89.93,-98.67,90.86,90.86,False,False,False,False,False,False,False,False,False,2026-09-24
2215,2215.HK,DEXIN SER GROUP,德信服务集团,2.29,"1,000",Equity,Equity Securities (Main Board),0.249,0.255,0.255,0.24,287000,0.07,0.245,0.219,1.47,13.65,-6.04,13.18,33.87,0.67,2.6,3.82,0.67,2.6,-61.65,-90.19,-93.32,62.56,90.42,False,False,False,False,False,False,False,False,False,2026-09-24
2216,2216.HK,BRONCUS-B,堃博医疗－Ｂ,3.9,500,Equity,Equity Securities (Main Board),0.74,0.76,0.76,0.72,690000,0.51,0.715,0.673,3.5,9.96,-2.63,9.63,10.45,2.7,3.72,18.0,2.7,3.72,-71.85,-79.57,-95.78,72.59,80.11,False,False,False,False,False,False,False,False,False,2026-09-24
2218,2218.HK,ANDRE JUICE,安德利果汁,12.45,500,Equity,Equity Securities (Main Board),21.7,21.7,22.8,21.3,1893000,41.08,21.47,23.135,1.07,-6.2,0.0,8.18,-0.73,41.14,41.14,41.14,41.14,41.14,-44.58,-44.58,-44.58,47.25,47.25,False,False,True,False,False,False,False,False,False,2026-09-24
2219,2219.HK,CHAOJU EYE CARE,朝聚眼科,16.98,500,Equity,Equity Securities (Main Board),2.42,2.455,2.455,2.4,284500,0.69,2.458,2.461,-1.55,-1.67,-1.02,-3.2,-0.41,3.14,4.73,17.8,3.14,4.73,-21.82,-48.1,-86.21,22.93,48.84,False,False,False,False,False,False,False,False,False,2026-09-24
2221,2221.HK,NEW CONCEPTS,创业集团控股,1.5,"4,000",Equity,Equity Securities (Main Board),0.64,0.635,0.64,0.605,61600,0.04,0.645,0.647,-0.78,-1.08,0.0,-4.48,-2.29,1.11,7.7,53.9,1.11,7.7,-42.34,-91.69,-98.81,42.34,91.69,False,False,False,False,False,False,False,False,False,2026-09-24
2222,2222.HK,NVC INTL,雷士国际,2.94,"10,000",Equity,Equity Securities (Main Board),0.58,0.58,0.58,0.58,20100,0.01,0.587,0.599,-1.19,-3.17,-0.85,0.0,-4.13,0.89,1.1,12.7,0.89,1.1,-34.83,-47.27,-95.43,34.83,47.27,False,False,False,False,False,False,False,False,False,2026-09-24
2223,2223.HK,CASABLANCA,卡撒天娇,1.28,"2,000",Equity,Equity Securities (Main Board),0.495,0.475,0.475,0.475,12000,0.01,0.499,0.506,-0.8,-2.27,-1.0,-1.0,-1.0,1.05,1.05,1.57,1.05,1.05,-54.76,-54.76,-69.75,52.86,52.86,False,False,False,False,False,False,False,False,False,2026-09-24
2225,2225.HK,JINHAI MED TECH,今海医疗科技,303.63,"5,000",Equity,Equity Securities (Main Board),5.73,5.83,5.91,5.62,3205000,18.36,5.905,6.022,-2.96,-4.85,-1.72,-8.47,-5.13,6.99,6.99,6.99,6.99,6.99,-15.45,-15.45,-15.45,18.03,18.03,False,False,False,False,False,False,False,False,False,2026-09-24
2228,2228.HK,XTALPI,晶泰控股,347.01,"1,000",Equity,Equity Securities (Main Board),8.065,8.275,8.525,7.965,70546039,568.95,8.329,7.611,-3.17,5.97,-3.82,-5.06,16.97,14.28,16.2,16.2,14.28,16.2,-40.3,-47.38,-47.38,43.52,50.22,False,False,False,False,False,False,False,False,False,2026-09-24
2230,2230.HK,MEDIALINK GROUP,羚邦集团,3.94,"5,000",Equity,Equity Securities (Main Board),0.198,0.198,0.198,0.198,25000,0.0,0.2,0.2,-1.1,-0.95,-0.5,-1.98,-1.0,0.26,0.37,0.41,0.26,0.37,-25.28,-46.49,-51.11,25.28,46.49,False,False,False,False,False,False,False,False,False,2026-09-24
2231,2231.HK,JY GRANDMARK,景业名邦集团,0.28,"1,000",Equity,Equity Securities (Main Board),0.017,0.018,0.018,0.016,2845000,0.05,0.018,0.018,-4.49,-3.41,-5.56,-5.56,0.0,0.11,1.3,3.54,0.11,1.3,-83.64,-98.62,-99.49,84.55,98.69,False,False,False,False,False,False,False,False,False,2026-09-24
2232,2232.HK,CRYSTAL INTL,晶苑国际,181.87,500,Equity,Equity Securities (Main Board),6.375,6.455,6.575,6.335,1841932,11.74,6.513,6.547,-2.12,-2.62,-0.93,-3.92,-1.47,7.85,7.85,9.79,7.85,7.85,-16.24,-16.24,-32.84,18.79,18.79,False,False,False,False,False,False,False,False,False,2026-09-24
2233,2233.HK,WESTCHINACEMENT,西部水泥,97.78,"2,000",Equity,Equity Securities (Main Board),1.79,1.8,1.805,1.76,8370000,14.98,1.811,1.821,-1.16,-1.7,-1.65,-1.92,0.85,3.83,3.83,3.83,3.83,3.83,-52.87,-52.87,-52.87,53.26,53.26,False,False,False,False,False,False,False,False,False,2026-09-24
2236,2236.HK,WISON ENGRG,惠生工程,19.18,"1,000",Equity,Equity Securities (Main Board),0.47,0.49,0.5,0.47,602490,0.28,0.488,0.492,-3.69,-4.47,-4.08,-4.08,-4.08,0.77,0.77,1.85,0.77,0.77,-35.06,-35.06,-72.97,38.96,38.96,False,False,False,False,False,False,False,False,False,2026-09-24
2237,2237.HK,CHINA GRAPHITE,中国石墨,2.88,"10,000",Equity,Equity Securities (Main Board),0.18,0.181,0.184,0.175,90000,0.02,0.187,0.187,-3.64,-3.95,-5.26,-6.74,-1.64,0.37,36.0,36.0,0.37,36.0,-50.27,-99.49,-99.49,51.35,99.5,False,False,False,False,False,False,False,False,False,2026-09-24
2238,2238.HK,GAC GROUP,广汽集团,71.74,"2,000",Equity,Equity Securities (Main Board),2.55,2.425,2.575,2.405,25325500,64.58,2.47,2.391,3.24,6.65,6.03,1.8,4.72,4.21,4.38,15.75,4.21,4.38,-38.84,-41.21,-83.65,39.43,41.78,False,False,False,False,False,False,False,False,False,2026-09-24
2239,2239.HK,SMIT,国微控股,3.83,"1,000",Equity,Equity Securities (Main Board),1.18,1.12,1.195,1.0,170000,0.2,1.225,1.26,-3.67,-6.35,-1.26,-5.6,-11.28,2.4,2.4,9.79,2.4,2.4,-50.21,-50.21,-87.79,50.83,50.83,False,False,False,False,False,False,False,False,False,2026-09-24
2245,2245.HK,LYGEND RESOURCE,力勤资源,107.77,200,Equity,Equity Securities (Main Board),19.57,19.83,20.64,18.72,3932800,76.96,18.508,17.727,5.74,10.4,-1.21,14.24,18.61,30.82,30.82,30.82,30.82,30.82,-33.03,-33.03,-33.03,36.5,36.5,False,False,False,False,False,False,False,False,False,2026-09-24
2246,2246.HK,GOGOX,快狗打车,0.76,"2,000",Equity,Equity Securities (Main Board),1.15,1.13,1.15,1.13,6000,0.01,1.159,1.169,-0.78,-1.67,0.88,-2.54,-4.17,2.49,9.6,231.5,2.49,9.6,-53.82,-88.02,-99.5,53.82,88.02,False,False,False,False,False,False,False,False,False,2026-09-24
2249,2249.HK,NEXCHIP,晶合集成,62.21,100,Equity,Equity Securities (Main Board),27.4,27.98,27.98,27.04,480600,13.17,28.044,27.488,-2.3,-0.32,-2.07,-3.04,2.39,37.0,37.0,37.0,37.0,37.0,-24.38,-24.38,-24.38,25.95,25.95,False,False,False,False,False,False,False,False,False,2026-09-24
2250,2250.HK,B.DUCK SEMK,小黄鸭德盈,3.13,"1,000",Equity,Equity Securities (Main Board),0.31,0.305,0.31,0.305,3000,0.0,0.322,0.336,-3.73,-7.6,0.0,-6.06,-10.14,0.96,1.84,2.77,0.96,1.84,-67.71,-83.15,-88.81,67.71,83.15,False,False,False,False,False,False,False,False,False,2026-09-24
2251,2251.HK,AIRDOC-B,鹰瞳科技－Ｂ,9.16,100,Equity,Equity Securities (Main Board),9.105,9.0,9.15,8.9,60600,0.55,9.625,9.239,-5.4,-1.45,-2.2,-7.56,-7.98,13.77,18.38,74.95,13.77,18.38,-33.55,-50.22,-87.79,33.88,50.46,False,False,False,False,False,False,False,False,False,2026-09-24
2255,2255.HK,HAICHANG HLDG,海昌海洋公园,20.61,"1,000",Equity,Equity Securities (Main Board),0.156,0.166,0.168,0.149,23097000,3.6,0.168,0.181,-7.14,-13.67,-8.77,-10.86,-15.68,0.65,1.21,4.28,0.65,1.21,-74.15,-86.12,-96.08,76.0,87.11,False,False,False,False,False,False,False,False,False,2026-09-24
2256,2256.HK,ABBISKO-B,和誉－Ｂ,64.67,"1,000",Equity,Equity Securities (Main Board),9.02,9.26,9.26,8.805,1525000,13.76,8.912,8.679,1.21,3.93,-2.59,1.35,9.2,14.99,19.78,19.78,14.99,19.78,-38.23,-53.19,-53.19,39.83,54.4,False,False,False,False,False,False,False,False,False,2026-09-24
2257,2257.HK,SIRNAOMICS-B,圣诺医药－Ｂ,4.32,50,Equity,Equity Securities (Main Board),3.85,3.745,3.85,3.745,15300,0.06,3.758,3.837,2.45,0.33,2.8,3.36,0.13,10.72,52.05,101.0,10.72,52.05,-64.09,-92.6,-96.19,64.09,92.6,False,False,False,True,False,False,False,False,False,2026-09-24
2258,2258.HK,WATTS INT'L,华滋国际海洋,3.01,"2,000",Equity,Equity Securities (Main Board),0.365,0.355,0.375,0.355,48000,0.02,0.354,0.332,3.11,9.94,2.82,7.35,1.39,0.7,0.7,3.9,0.7,0.7,-46.43,-46.43,-90.38,47.86,47.86,False,False,False,False,False,False,False,False,False,2026-09-24
2259,2259.HK,ZIJIN GOLD INTL,紫金黄金国际,3792.37,100,Equity,Equity Securities (Main Board),141.7,145.0,145.0,138.7,6324416,896.17,149.82,154.23,-5.42,-8.12,-3.34,-8.46,-8.58,268.0,268.0,268.0,268.0,268.0,-45.9,-45.9,-45.9,47.13,47.13,False,False,False,False,False,False,False,False,False,2026-09-24
2261,2261.HK,NASN TECH,拿森科技,102.04,100,Equity,Equity Securities (Main Board),17.15,16.81,17.29,16.61,448700,7.7,16.872,16.711,1.65,2.63,2.02,1.48,3.31,20.3,20.3,20.3,20.3,20.3,-14.83,-14.83,-14.83,15.52,15.52,False,False,False,True,False,False,False,False,False,2026-09-24
2263,2263.HK,FU SHEK FIN,富石金融,3.35,"10,000",Equity,Equity Securities (Main Board),0.335,0.325,0.325,0.325,50000,0.02,0.329,0.324,1.82,3.4,1.52,3.08,3.08,0.44,0.44,0.57,0.44,0.44,-25.29,-25.29,-42.98,22.99,22.99,False,False,False,False,False,False,False,False,False,2026-09-24
2265,2265.HK,HC ENV TECH,鸿承环保科技,11.7,"5,000",Equity,Equity Securities (Main Board),1.17,1.15,1.175,1.15,780000,0.91,1.151,1.151,1.65,1.61,1.74,2.18,3.54,1.9,1.9,1.9,1.9,1.9,-38.16,-38.16,-38.16,38.42,38.42,False,False,False,True,False,False,False,False,False,2026-09-24
2266,2266.HK,LAI SI ENT,黎氏企业,1.68,"2,000",Equity,Equity Securities (Main Board),0.42,0.4,0.42,0.4,36000,0.02,0.378,0.36,11.11,16.5,0.0,27.27,27.27,0.48,0.49,3.3,0.48,0.49,-12.5,-14.29,-87.27,12.5,14.29,False,False,False,False,False,False,False,False,False,2026-09-24
2268,2268.HK,WUXI XDC,药明合联,1008.93,500,Equity,Equity Securities (Main Board),79.55,80.35,80.4,78.1,6827002,543.09,79.63,77.255,-0.1,2.97,-1.0,-1.43,3.99,81.85,85.5,85.5,81.85,85.5,-1.77,-5.96,-5.96,2.81,6.96,False,False,False,False,False,False,False,True,True,2026-09-24
2269,2269.HK,WUXI BIO,药明生物,2136.38,500,Equity,Equity Securities (Main Board),51.9,52.5,52.95,51.55,13314226,691.01,52.14,50.61,-0.46,2.55,-1.7,-2.08,3.59,54.45,54.45,148.0,54.45,54.45,-2.75,-2.75,-64.22,4.68,4.68,False,False,False,False,False,False,False,True,True,2026-09-24
2271,2271.HK,ZHONGAN SERVICE,众安智慧生活,18.46,"2,000",Equity,Equity Securities (Main Board),3.4,3.09,3.45,3.09,676000,2.3,3.139,3.057,8.31,11.22,6.42,10.75,13.14,3.99,6.23,6.23,3.99,6.23,-13.53,-44.62,-44.62,14.79,45.43,False,False,False,False,False,False,False,False,False,2026-09-24
2272,2272.HK,KEYTOP PARKING,科拓股份,73.36,60,Equity,Equity Securities (Main Board),74.65,75.3,83.0,72.55,111180,8.3,77.42,77.12,-3.58,-3.2,-0.73,-7.9,-2.42,127.5,127.5,127.5,127.5,127.5,-34.9,-34.9,-34.9,41.45,41.45,False,False,False,False,False,False,False,False,False,2026-09-24
2273,2273.HK,GUSHENGTANG,固生堂,61.37,100,Equity,Equity Securities (Main Board),27.66,27.46,27.7,27.22,469000,12.97,27.472,27.218,0.68,1.62,0.36,0.22,2.22,32.28,52.4,60.25,32.28,52.4,-14.19,-47.14,-54.02,14.31,47.21,False,False,False,False,False,False,False,False,False,2026-09-24
2276,2276.HK,CONANT OPTICAL,康耐特光学,199.91,100,Equity,Equity Securities (Main Board),40.12,43.32,43.98,39.74,4796475,192.43,43.212,42.128,-7.16,-4.77,-7.85,-8.65,0.05,66.5,66.5,66.5,66.5,66.5,-33.86,-33.86,-33.86,39.67,39.67,False,False,False,False,False,False,False,False,False,2026-09-24
2279,2279.HK,YONGHE MEDICAL,雍禾医疗,10.27,500,Equity,Equity Securities (Main Board),1.955,2.005,2.04,1.955,143600,0.28,2.018,1.978,-3.12,-1.16,-3.93,-3.69,-0.26,2.74,4.14,19.0,2.74,4.14,-25.55,-50.72,-89.26,28.65,52.78,False,False,False,False,False,False,False,False,False,2026-09-24
2281,2281.HK,XINGLU WATER,兴泸水务,1.28,"1,000",Equity,Equity Securities (Main Board),0.595,0.595,0.64,0.595,43000,0.03,0.592,0.594,0.51,0.25,3.48,0.0,2.59,0.88,0.88,2.41,0.88,0.88,-27.27,-27.27,-73.44,32.39,32.39,False,False,False,False,False,False,False,False,False,2026-09-24
2282,2282.HK,MGM CHINA,美高梅中国,375.11,400,Equity,Equity Securities (Main Board),9.87,9.695,9.925,9.61,4866800,48.04,9.627,9.756,2.52,1.17,0.77,4.78,3.46,13.9,17.37,25.5,13.9,17.37,-28.6,-42.86,-61.08,28.99,43.18,True,False,False,True,False,False,False,False,False,2026-09-24
2283,2283.HK,TK GROUP HLDG,东江集团控股,12.83,"2,000",Equity,Equity Securities (Main Board),1.54,1.54,1.545,1.54,260000,0.4,1.554,1.543,-0.9,-0.19,-1.28,-1.91,1.99,2.6,2.78,7.45,2.6,2.78,-40.58,-44.42,-79.26,40.77,44.6,False,False,False,False,False,False,False,False,False,2026-09-24
2285,2285.HK,CHERVON,泉峰控股,128.32,100,Equity,Equity Securities (Main Board),25.2,25.66,25.88,25.08,438000,11.04,25.2,25.472,0.0,-1.07,-1.79,0.0,-1.49,27.8,30.0,71.0,27.8,30.0,-6.91,-13.73,-63.55,9.35,16.0,False,False,True,False,False,False,False,True,False,2026-09-24
2286,2286.HK,CHEN XING,辰兴发展,1.71,"1,000",Equity,Equity Securities (Main Board),0.285,0.28,0.28,0.28,29000,0.01,0.287,0.289,-0.7,-1.55,1.79,-3.39,-3.39,0.68,2.5,3.01,0.68,2.5,-58.82,-88.8,-90.7,58.09,88.6,False,False,False,False,False,False,False,False,False,2026-09-24
2290,2290.HK,LUNG FUNG GROUP,龙丰集团,22.9,500,Equity,Equity Securities (Main Board),4.58,4.37,4.615,4.37,3457200,15.83,4.362,4.175,5.0,9.7,4.93,3.04,3.04,4.61,4.61,4.61,4.61,4.61,0.11,0.11,0.11,0.76,0.76,False,False,False,False,True,True,True,True,True,2026-09-24
2291,2291.HK,SCIENTECH,心泰医疗,39.64,"1,000",Equity,Equity Securities (Main Board),11.5,12.88,12.88,11.47,193000,2.22,11.25,11.001,2.22,4.54,-2.54,4.55,9.52,19.49,32.5,43.0,19.49,32.5,-33.91,-60.37,-70.05,41.0,64.62,False,False,False,False,False,False,False,False,False,2026-09-24
2295,2295.HK,MAXICITY,丰城控股,23.2,"5,000",Equity,Equity Securities (Main Board),5.8,5.8,5.95,5.8,55000,0.32,5.951,5.868,-2.54,-1.16,-0.68,-1.69,-7.2,9.2,9.2,9.2,9.2,9.2,-35.33,-35.33,-35.33,36.96,36.96,False,False,False,False,False,False,False,False,False,2026-09-24
2297,2297.HK,RAINMED-B,润迈德－Ｂ,2.38,"1,000",Equity,Equity Securities (Main Board),0.17,0.169,0.17,0.169,7000,0.0,0.164,0.162,3.66,5.2,6.25,6.25,11.11,0.31,0.92,6.1,0.31,0.92,-46.03,-81.52,-97.21,46.03,81.52,False,False,False,False,False,False,False,False,False,2026-09-24
2298,2298.HK,COSMO LADY,都市丽人,5.96,"1,000",Equity,Equity Securities (Main Board),0.265,0.265,0.265,0.26,255000,0.07,0.264,0.273,0.38,-3.11,0.0,0.0,-3.64,0.5,0.5,5.25,0.5,0.5,-47.0,-47.0,-94.95,47.0,47.0,False,False,False,False,False,False,False,False,False,2026-09-24
2302,2302.HK,CNNC INT'L,中核国际,15.7,"1,000",Equity,Equity Securities (Main Board),3.21,3.265,3.265,3.2,132000,0.42,3.418,3.478,-6.09,-7.72,-1.68,-9.83,-7.76,8.8,8.8,8.8,8.8,8.8,-62.9,-62.9,-62.9,63.52,63.52,False,False,False,False,False,False,False,False,False,2026-09-24
2306,2306.HK,YH ENT,乐华娱乐,15.37,"3,000",Equity,Equity Securities (Main Board),1.85,1.81,1.91,1.8,297000,0.55,1.919,1.92,-3.6,-3.67,-4.15,-6.57,-3.9,2.81,8.25,8.25,2.81,8.25,-32.03,-76.85,-76.85,34.16,77.58,False,False,False,False,False,False,False,False,False,2026-09-24
2309,2309.HK,ZO FUTURE GROUP,大象未来集团,18.46,"2,000",Equity,Equity Securities (Main Board),2.0,2.01,2.075,1.98,4142120,8.28,2.054,2.051,-2.63,-2.46,-2.44,-4.53,-1.48,4.58,4.58,20.66,4.58,4.58,-54.69,-54.69,-89.96,56.33,56.33,False,False,False,False,False,False,False,False,False,2026-09-24
2310,2310.HK,TIMES UNI GP,时代环球集团,1.97,"2,000",Equity,Equity Securities (Main Board),0.18,0.18,0.181,0.18,684000,0.12,0.18,0.181,0.0,-0.44,0.0,0.0,-1.1,0.26,0.26,1.31,0.26,0.26,-30.38,-30.38,-86.18,30.77,30.77,False,False,False,False,False,False,False,False,False,2026-09-24
2312,2312.HK,LONG INV CORP,ＬＯＮＧ投资集团,1.78,"10,000",Equity,Investment Companies,0.39,0.39,0.39,0.385,110000,0.04,0.386,0.386,1.04,1.04,-2.5,4.0,2.63,1.28,2.79,43.59,1.28,2.79,-69.53,-86.02,-99.11,69.53,86.02,False,False,False,True,False,False,False,False,False,2026-09-24
2313,2313.HK,SHENZHOU INTL,申洲国际,516.37,100,Equity,Equity Securities (Main Board),34.36,34.26,34.56,34.1,4625516,158.93,34.684,34.96,-0.93,-1.72,-1.09,-0.98,-1.66,66.3,87.25,207.6,66.3,87.25,-47.87,-60.39,-83.35,48.17,60.62,False,False,False,False,False,False,False,False,False,2026-09-24
2314,2314.HK,LEE & MAN PAPER,理文造纸,148.61,"1,000",Equity,Equity Securities (Main Board),3.46,3.445,3.54,3.44,2021000,6.99,3.477,3.51,-0.49,-1.42,-0.57,-1.98,-2.54,4.55,4.55,10.94,4.55,4.55,-22.11,-22.11,-67.64,23.87,23.87,False,False,False,False,False,False,False,False,False,2026-09-24
2315,2315.HK,BIOCYTOGEN-B,百奥赛图－Ｂ,74.94,500,Equity,Equity Securities (Main Board),67.65,71.1,71.15,66.3,1400000,94.71,66.95,62.7,1.05,7.89,-3.77,-1.31,10.72,75.3,75.3,75.3,75.3,75.3,-5.51,-5.51,-5.51,10.16,10.16,False,False,False,False,False,False,False,False,False,2026-09-24
2318,2318.HK,PING AN,中国平安,3965.83,500,Equity,Equity Securities (Main Board),53.25,53.1,53.45,53.0,18936476,1008.37,53.5,53.38,-0.47,-0.24,-0.28,-0.93,0.76,74.7,74.7,103.6,74.7,74.7,-28.45,-28.45,-48.41,28.71,28.71,False,False,False,False,False,False,False,False,False,2026-09-24
2319,2319.HK,MENGNIU DAIRY,蒙牛乳业,685.98,"1,000",Equity,Equity Securities (Main Board),17.72,17.82,17.9,17.65,7864719,139.36,17.814,17.959,-0.53,-1.33,-1.12,-1.45,-2.05,19.67,27.2,53.85,19.67,27.2,-9.0,-34.19,-66.76,9.91,34.85,False,False,False,False,False,False,False,True,False,2026-09-24
2320,2320.HK,HOP FUNG GROUP,合丰集团,1.64,"2,000",Equity,Equity Securities (Main Board),0.201,0.23,0.23,0.201,1572000,0.32,0.223,0.239,-9.78,-15.93,-12.61,-13.73,-18.95,0.31,0.31,1.52,0.31,0.31,-25.81,-25.81,-84.87,35.16,35.16,False,False,False,False,False,False,False,False,False,2026-09-24
2321,2321.HK,SWANGCHAICHUAN,双财庄,5.2,"5,000",Equity,Equity Securities (Main Board),0.52,0.52,0.52,0.52,25000,0.01,0.517,0.508,0.58,2.26,0.0,0.97,4.0,0.56,0.56,2.44,0.56,0.56,-7.14,-7.14,-78.69,7.14,7.14,False,False,False,False,False,False,False,True,True,2026-09-24
2322,2322.HK,MODERN INNO DT,新质数字,2.39,"8,000",Equity,Equity Securities (Main Board),0.054,0.059,0.06,0.053,6464000,0.35,0.054,0.058,-0.74,-6.25,-6.9,0.0,-10.0,0.16,1.2,1.31,0.16,1.2,-62.03,-95.0,-95.42,65.82,95.5,False,False,False,False,False,False,False,False,False,2026-09-24
2325,2325.HK,YUNKANG GROUP,云康集团,2.89,"3,000",Equity,Equity Securities (Main Board),0.465,0.47,0.47,0.47,27000,0.01,0.464,0.471,0.22,-1.27,-1.06,0.0,-4.12,1.09,12.3,19.18,1.09,12.3,-56.88,-96.18,-97.55,57.34,96.22,False,False,False,False,False,False,False,False,False,2026-09-24
2326,2326.HK,NPE HOLDINGS,新源万恒控股,2.53,"10,000",Equity,Equity Securities (Main Board),0.012,0.012,0.012,0.011,13930000,0.17,0.011,0.011,7.14,13.21,0.0,20.0,20.0,0.01,0.02,0.65,0.01,0.02,0.0,-36.84,-98.15,0.0,36.84,False,False,False,False,False,False,False,True,False,2026-09-24
2327,2327.HK,MEILLEUREHEALTH,美瑞健康国际,9.33,"6,000",Equity,Equity Securities (Main Board),0.23,0.23,0.23,0.229,276000,0.06,0.23,0.228,0.09,0.88,0.0,0.0,0.88,0.3,0.31,1.64,0.3,0.31,-23.33,-26.98,-85.98,23.33,26.98,False,False,False,False,False,False,False,False,False,2026-09-24
2328,2328.HK,PICC P&C,中国财险,1155.63,"2,000",Equity,Equity Securities (Main Board),16.75,16.66,16.87,16.65,16465440,275.8,16.846,16.874,-0.57,-0.73,-0.53,-1.59,-0.53,17.89,19.81,19.81,17.89,19.81,-5.7,-14.84,-14.84,6.37,15.45,False,False,False,False,False,False,False,True,False,2026-09-24
2329,2329.HK,GLORY HEALTH,国瑞健康,4.49,"1,000",Equity,Equity Securities (Main Board),0.101,0.087,0.101,0.086,139000,0.01,0.097,0.096,3.91,5.43,2.02,6.32,9.78,0.15,0.25,2.84,0.15,0.25,-32.67,-59.6,-96.44,32.67,59.6,True,True,False,True,False,False,False,False,False,2026-09-24
2331,2331.HK,LI NING,李宁,317.93,500,Equity,Equity Securities (Main Board),12.3,12.28,12.38,12.24,10309957,126.81,12.484,12.639,-1.47,-2.68,-0.65,-3.98,-2.23,23.42,35.6,108.2,23.42,35.6,-47.14,-65.22,-88.56,47.48,65.45,False,False,False,False,False,False,False,False,False,2026-09-24
2333,2333.HK,GWMOTOR,长城汽车,167.18,500,Equity,Equity Securities (Main Board),7.28,7.355,7.37,7.25,11794460,85.86,7.399,7.475,-1.61,-2.6,-1.02,-2.67,-2.48,15.27,19.86,39.0,15.27,19.86,-51.74,-62.89,-81.1,52.32,63.34,False,False,False,False,False,False,False,False,False,2026-09-24
2335,2335.HK,MICOT PHARMA-B,麦科医药－Ｂ,61.45,200,Equity,Equity Securities (Main Board),21.94,21.86,22.3,21.38,517000,11.34,22.092,21.684,-0.69,1.18,0.27,-2.32,1.57,45.04,45.04,45.04,45.04,45.04,-50.49,-50.49,-50.49,51.29,51.29,False,False,False,False,False,False,False,False,False,2026-09-24
2336,2336.HK,SHUOAO INTL,硕奥国际,3.29,"10,000",Equity,Equity Securities (Main Board),0.181,0.181,0.181,0.181,10000,0.0,0.193,0.206,-6.12,-11.96,0.0,-11.71,-15.02,0.3,0.37,0.61,0.3,0.37,-39.67,-51.08,-70.33,39.67,51.08,False,False,False,False,False,False,False,False,False,2026-09-24
2337,2337.HK,UNITED STRENGTH,众诚能源,5.22,"1,000",Equity,Equity Securities (Main Board),1.395,1.385,1.405,1.385,157000,0.22,1.401,1.391,-0.43,0.25,-0.36,-0.36,0.72,1.78,6.47,16.16,1.78,6.47,-21.07,-78.28,-91.31,21.63,78.44,False,False,False,False,False,False,False,False,False,2026-09-24
2338,2338.HK,WEICHAI POWER,潍柴动力,581.75,"1,000",Equity,Equity Securities (Main Board),29.94,29.76,30.2,29.62,13757419,411.9,30.824,30.722,-2.87,-2.55,-0.47,-4.47,-3.85,45.44,45.44,45.44,45.44,45.44,-33.54,-33.54,-33.54,34.11,34.11,False,False,False,False,False,False,False,False,False,2026-09-24
2339,2339.HK,BWI INT'L,京西国际,81.22,"2,000",Equity,Equity Securities (Main Board),6.285,6.04,6.335,5.675,3194000,20.07,6.261,5.817,0.38,8.04,4.06,-1.8,7.53,9.3,9.3,9.3,9.3,9.3,-31.88,-31.88,-31.88,32.42,32.42,False,False,False,True,False,False,False,False,False,2026-09-24
2340,2340.HK,ISP HOLDINGS,昇柏控股,1.13,"4,000",Equity,Equity Securities (Main Board),0.148,0.14,0.148,0.137,18000,0.0,0.145,0.143,2.21,3.35,2.78,2.78,4.23,0.18,0.27,2.13,0.18,0.27,-17.32,-45.19,-93.05,17.32,45.19,False,False,False,True,False,False,False,False,False,2026-09-24
2342,2342.HK,COMBA,京信通信,38.13,"2,000",Equity,Equity Securities (Main Board),1.22,1.035,1.265,1.03,82519771,100.67,1.004,0.852,21.51,43.19,14.55,23.23,74.29,2.55,3.55,3.9,2.55,3.55,-50.39,-64.37,-67.56,52.16,65.63,False,False,False,False,False,False,False,False,False,2026-09-24
2343,2343.HK,PACIFIC BASIN,太平洋航运,212.22,"1,000",Equity,Equity Securities (Main Board),4.115,4.095,4.15,4.005,11380000,46.83,4.179,4.185,-1.53,-1.68,0.49,-4.75,-2.14,4.45,4.45,4.9,4.45,4.45,-6.74,-6.74,-15.31,7.53,7.53,False,False,False,False,False,False,False,True,True,2026-09-24
2347,2347.HK,YOHO GROUP,友和集团,3.85,"2,000",Equity,Equity Securities (Main Board),0.795,0.8,0.8,0.785,140000,0.11,0.774,0.756,2.71,5.16,-1.24,4.61,7.43,0.94,0.94,2.45,0.94,0.94,-14.89,-14.89,-67.35,15.43,15.43,False,False,False,False,False,False,False,False,False,2026-09-24
2348,2348.HK,DAWNRAYS PHARMA,东瑞制药,14.62,"4,000",Equity,Equity Securities (Main Board),0.97,0.98,0.98,0.97,168000,0.16,0.98,0.983,-1.02,-1.27,-1.52,-1.02,-1.02,1.22,1.47,2.75,1.22,1.47,-19.67,-33.33,-64.36,20.49,34.01,False,False,False,False,False,False,False,False,False,2026-09-24
2349,2349.HK,CHINA AI INFRA,中国智能基础设施,2.85,"4,000",Equity,Equity Securities (Main Board),0.091,0.092,0.092,0.092,12000,0.0,0.09,0.09,0.66,1.11,10.98,-2.15,1.11,0.2,0.2,0.65,0.2,0.2,-53.77,-53.77,-85.85,54.27,54.27,False,False,False,False,False,False,False,False,False,2026-09-24
2350,2350.HK,MTT GROUP,数科集团,6.34,"5,000",Equity,Equity Securities (Main Board),0.725,0.71,0.74,0.71,140000,0.1,0.722,0.718,0.42,0.97,-0.68,0.69,2.84,1.25,1.25,1.25,1.25,1.25,-40.8,-40.8,-40.8,42.0,42.0,False,False,False,True,False,False,False,False,False,2026-09-24
2355,2355.HK,BAOYE GROUP,宝业集团,4.77,"2,000",Equity,Equity Securities (Main Board),2.81,2.85,2.85,2.81,82000,0.23,2.81,2.836,0.0,-0.93,1.44,-1.4,-1.4,6.0,6.0,7.2,6.0,6.0,-52.5,-52.5,-60.42,53.17,53.17,False,False,False,False,False,False,False,False,False,2026-09-24
2356,2356.HK,DAHSING BANKING,大新银行集团,203.69,400,Equity,Equity Securities (Main Board),14.49,14.41,14.49,14.3,1127352,16.34,14.686,14.597,-1.33,-0.73,0.49,-3.59,-2.29,15.45,15.45,19.4,15.45,15.45,-6.21,-6.21,-25.31,6.21,6.21,False,False,False,False,False,False,False,True,True,2026-09-24
2357,2357.HK,AVICHINA,中航科工,182.28,"1,000",Equity,Equity Securities (Main Board),2.935,2.97,3.01,2.915,19662000,57.71,2.931,2.892,0.14,1.47,-1.68,0.0,3.71,4.66,5.33,8.13,4.66,5.33,-35.41,-43.53,-62.98,37.02,44.93,False,False,False,False,False,False,False,False,False,2026-09-24
2358,2358.HK,JIU RONG HOLD,久融控股,0.66,"10,000",Equity,Equity Securities (Main Board),0.012,0.012,0.013,0.012,3340000,0.04,0.014,0.014,-14.29,-16.67,-7.69,-20.0,-20.0,0.04,0.04,0.33,0.04,0.04,-70.45,-70.45,-96.06,72.73,72.73,False,False,False,False,False,False,False,False,False,2026-09-24
2359,2359.HK,WUXI APPTEC,药明康德,1110.02,100,Equity,Equity Securities (Main Board),205.0,206.8,209.4,204.4,3551503,728.06,205.72,200.24,-0.35,2.38,-1.25,-1.44,3.54,212.8,212.8,212.8,212.8,212.8,-1.6,-1.6,-1.6,3.67,3.67,False,False,False,False,False,False,False,True,True,2026-09-24
2360,2360.HK,BEST MART 360,优品３６０,16.75,"2,000",Equity,Equity Securities (Main Board),1.675,1.69,1.69,1.66,112000,0.19,1.672,1.695,0.18,-1.18,0.3,0.0,-0.3,2.07,2.42,4.61,2.07,2.42,-18.36,-30.17,-63.34,19.08,30.79,False,False,False,False,False,False,False,False,False,2026-09-24
2363,2363.HK,TONGDA HONG TAI,通达宏泰,0.51,"5,000",Equity,Equity Securities (Main Board),0.248,0.246,0.246,0.246,19075,0.0,0.23,0.23,7.92,8.06,5.98,14.29,15.35,0.41,0.74,20.33,0.41,0.74,-40.72,-66.78,-98.79,40.24,66.51,False,False,False,False,False,False,False,False,False,2026-09-24
2367,2367.HK,GIANT BIOGENE,巨子生物,262.24,200,Equity,Equity Securities (Main Board),24.7,24.24,24.84,23.8,3729433,92.12,24.492,24.648,0.85,0.21,1.48,0.16,0.98,38.0,87.1,87.1,38.0,87.1,-34.63,-71.48,-71.48,35.0,71.64,False,False,False,True,False,False,False,False,False,2026-09-24
2368,2368.HK,EAGLE NICE,鹰美,16.31,"2,000",Equity,Equity Securities (Main Board),2.84,2.85,2.85,2.84,6000,0.02,2.844,2.863,-0.14,-0.79,1.07,-1.39,-1.39,3.66,4.97,5.92,3.66,4.97,-22.13,-42.66,-51.86,22.4,42.86,False,False,False,False,False,False,False,False,False,2026-09-24
2369,2369.HK,COOLPAD GROUP,酷派集团,1.97,"4,000",Equity,Equity Securities (Main Board),0.495,0.485,0.51,0.48,268800,0.13,0.503,0.499,-1.59,-0.9,1.02,1.02,-2.94,1.11,3.48,57.34,1.11,3.48,-54.05,-85.34,-99.11,55.41,85.78,False,False,False,False,False,False,False,False,False,2026-09-24
2370,2370.HK,REDCO HEALTHY,力高健康生活,2.33,500,Equity,Equity Securities (Main Board),1.165,1.19,1.2,1.15,1689000,1.97,1.184,1.214,-1.6,-4.04,-4.51,-3.72,-2.92,1.76,1.76,19.48,1.76,1.76,-31.82,-31.82,-93.84,33.81,33.81,False,False,False,False,False,False,False,False,False,2026-09-24
2372,2372.HK,WEILI HOLDINGS,伟立控股,7.76,"4,000",Equity,Equity Securities (Main Board),0.97,0.97,0.97,0.97,44000,0.04,0.939,0.963,3.3,0.78,4.3,3.74,-0.51,1.45,1.45,1.45,1.45,1.45,-33.1,-33.1,-33.1,33.1,33.1,False,False,False,False,False,False,False,False,False,2026-09-24
2373,2373.HK,BEAUTYFARM MED,美丽田园医疗健康,45.53,500,Equity,Equity Securities (Main Board),18.38,18.21,18.77,18.16,251500,4.62,18.86,18.465,-2.55,-0.46,-1.34,-4.17,3.26,29.2,41.6,41.6,29.2,41.6,-35.72,-54.88,-54.88,37.05,55.82,False,False,False,False,False,False,False,False,False,2026-09-24
2376,2376.HK,LUSHANGSERVICES,鲁商服务,0.75,500,Equity,Equity Securities (Main Board),2.24,2.3,2.3,2.12,1500,0.0,2.288,2.294,-2.1,-2.38,-2.61,-2.61,-2.61,3.3,3.99,5.33,3.3,3.99,-30.3,-42.36,-56.85,32.12,43.86,False,False,False,False,False,False,False,False,False,2026-09-24
2377,2377.HK,BOQI ENV,博奇环保,6.5,"1,000",Equity,Equity Securities (Main Board),0.76,0.775,0.775,0.76,162000,0.12,0.774,0.781,-1.81,-2.69,-3.18,-2.56,-3.18,1.09,1.28,2.8,1.09,1.28,-28.9,-39.45,-72.32,30.28,40.62,False,False,False,False,False,False,False,False,False,2026-09-24
2378,2378.HK,PRU,保诚,2442.85,50,Equity,Equity Securities (Main Board),98.3,99.05,99.1,97.35,168632,16.58,100.86,102.07,-2.54,-3.69,-1.5,-4.19,-4.84,131.2,131.2,209.45,131.2,131.2,-24.47,-24.47,-52.69,25.08,25.08,False,False,False,False,False,False,False,False,False,2026-09-24
2380,2380.HK,CHINA POWER,中国电力,326.57,"1,000",Equity,Equity Securities (Main Board),2.64,2.625,2.65,2.62,5485915,14.48,2.632,2.658,0.3,-0.66,0.96,-0.56,0.0,3.85,4.27,5.67,3.85,4.27,-31.17,-37.94,-53.26,31.43,38.17,False,False,False,False,False,False,False,False,False,2026-09-24
2381,2381.HK,SMC ELECTRIC,蚬壳电业,7.9,"10,000",Equity,Equity Securities (Main Board),0.395,0.395,0.4,0.385,1770000,0.7,0.389,0.391,1.54,1.02,1.28,1.28,11.27,0.46,0.46,0.46,0.46,0.46,-12.09,-12.09,-12.09,13.19,13.19,False,False,False,True,False,False,False,False,False,2026-09-24
2382,2382.HK,SUNNY OPTICAL,舜宇光学科技,703.49,100,Equity,Equity Securities (Main Board),65.2,64.1,65.5,63.65,5029895,327.95,66.34,67.09,-1.72,-2.82,0.31,-3.19,-3.41,87.6,96.15,259.4,87.6,96.15,-25.23,-31.88,-74.75,25.57,32.19,False,False,False,False,False,False,False,False,False,2026-09-24
2383,2383.HK,TOM GROUP,ＴＯＭ集团,14.45,"2,000",Equity,Equity Securities (Main Board),0.365,0.355,0.365,0.355,16000,0.01,0.364,0.364,0.27,0.41,1.39,0.0,0.0,0.43,0.79,2.4,0.43,0.79,-15.12,-53.8,-84.79,15.12,53.8,False,False,False,True,False,False,False,False,False,2026-09-24
2385,2385.HK,READBOY,读书郎,17.97,400,Equity,Equity Securities (Main Board),5.105,5.13,5.21,5.055,262000,1.34,5.143,5.213,-0.74,-2.08,-0.49,-1.92,-2.3,6.95,15.0,15.0,6.95,15.0,-25.04,-65.27,-65.27,26.55,65.97,False,False,False,False,False,False,False,False,False,2026-09-24
2386,2386.HK,SINOPEC SEG,中石化炼化工程,87.53,500,Equity,Equity Securities (Main Board),5.315,5.3,5.335,5.21,9534500,50.68,5.302,5.373,0.25,-1.07,0.85,-0.84,-2.92,8.25,8.25,9.18,8.25,8.25,-35.33,-35.33,-41.88,35.58,35.58,False,False,False,False,False,False,False,False,False,2026-09-24
2388,2388.HK,BOC HONG KONG,中银香港,5418.55,500,Equity,Equity Securities (Main Board),51.25,51.3,51.55,51.05,6082425,311.72,51.86,51.975,-1.18,-1.39,-0.1,-2.19,-1.35,53.85,53.85,53.85,53.85,53.85,-4.27,-4.27,-4.27,4.83,4.83,False,False,False,False,False,False,False,True,True,2026-09-24
2389,2389.HK,BJ HEALTH,北京健康,4.91,"6,000",Equity,Equity Securities (Main Board),0.081,0.081,0.081,0.081,12000,0.0,0.081,0.081,0.0,0.37,1.25,0.0,0.0,0.09,0.11,0.6,0.09,0.11,-8.99,-26.36,-86.5,8.99,26.36,False,False,False,False,False,False,False,True,False,2026-09-24
2390,2390.HK,ZHIHU-W,知乎－Ｗ,21.76,100,Equity,Equity Securities (Main Board),9.05,8.89,9.09,8.875,49400,0.45,8.715,8.151,3.84,11.04,0.67,9.04,13.69,11.6,16.96,36.6,11.6,16.96,-21.64,-46.4,-75.16,21.98,46.64,True,False,False,False,False,False,False,False,False,2026-09-24
2392,2392.HK,XUANWU CLOUD,玄武云,5.74,500,Equity,Equity Securities (Main Board),1.035,0.955,1.065,0.955,76500,0.08,1.014,1.004,2.07,3.09,2.99,2.99,0.0,1.6,2.6,8.17,1.6,2.6,-33.44,-59.04,-86.96,35.31,60.19,False,False,False,True,False,False,False,False,False,2026-09-24
2393,2393.HK,YESTAR HEALTH,巨星医疗控股,1.54,"2,500",Equity,Equity Securities (Main Board),0.066,0.061,0.066,0.059,337500,0.02,0.067,0.064,-2.08,3.29,-2.94,-4.35,6.45,0.13,0.22,4.6,0.13,0.22,-50.0,-70.67,-98.57,50.0,70.67,False,False,False,False,False,False,False,False,False,2026-09-24
2396,2396.HK,B&K CORP-B,青城新药－Ｂ,3.64,200,Equity,Equity Securities (Main Board),4.385,4.385,4.385,4.385,2400,0.01,4.199,4.075,4.43,7.62,-0.23,9.08,20.14,17.47,37.2,37.2,17.47,37.2,-74.9,-88.21,-88.21,74.9,88.21,False,False,False,False,False,False,False,False,False,2026-09-24
2399,2399.HK,CN ANCHU ENERGY,中国安储能源,10.71,"1,000",Equity,Equity Securities (Main Board),0.3,0.3,0.305,0.295,3145000,0.94,0.305,0.311,-1.64,-3.54,0.0,-4.76,-3.23,0.78,1.07,6.58,0.78,1.07,-60.9,-71.5,-95.36,61.54,71.96,False,False,False,False,False,False,False,False,False,2026-09-24
2400,2400.HK,XD INC,心动公司,192.68,200,Equity,Equity Securities (Main Board),39.82,39.68,39.98,39.14,850400,33.86,39.852,38.968,-0.08,2.19,0.05,1.17,6.81,92.45,92.45,114.5,92.45,92.45,-56.76,-56.76,-65.08,56.93,56.93,False,False,False,False,False,False,False,False,False,2026-09-24
2402,2402.HK,SINOHYTEC,亿华通,4.69,50,Equity,Equity Securities (Main Board),10.48,10.5,11.09,10.2,2930100,30.71,10.504,10.666,-0.23,-1.74,0.58,0.77,-0.1,31.98,50.0,50.0,31.98,50.0,-65.32,-77.82,-77.82,67.23,79.04,False,False,False,False,False,False,False,False,False,2026-09-24
2407,2407.HK,GAUSH MEDITECH,高视医疗,6.54,100,Equity,Equity Securities (Main Board),4.425,4.55,4.55,4.195,14500,0.06,4.509,4.563,-1.86,-3.01,-1.23,-1.45,0.57,8.24,42.05,56.1,8.24,42.05,-44.78,-89.18,-91.89,46.3,89.48,False,False,False,False,False,False,False,False,False,2026-09-24
2408,2408.HK,XIAO NOODLES,遇见小面,29.39,500,Equity,Equity Securities (Main Board),4.135,4.2,4.23,4.13,134000,0.55,4.101,4.028,0.83,2.66,-0.84,0.36,4.95,6.07,6.07,6.07,6.07,6.07,-30.31,-30.31,-30.31,31.88,31.88,False,False,False,False,False,False,False,False,False,2026-09-24
2409,2409.HK,SEACON,洲际船务,22.6,"1,000",Equity,Equity Securities (Main Board),4.52,4.49,4.59,4.47,83000,0.38,4.541,4.508,-0.46,0.27,0.33,-1.09,-0.99,4.9,5.0,5.0,4.9,5.0,-6.33,-8.2,-8.2,7.76,9.6,False,False,False,False,False,False,False,True,True,2026-09-24
2410,2410.HK,TYK MEDICINES-B,同源康医药－Ｂ,16.8,500,Equity,Equity Securities (Main Board),4.42,4.41,4.85,4.345,2002000,8.85,3.941,3.631,12.15,21.73,2.67,18.02,33.74,14.89,56.55,56.55,14.89,56.55,-67.43,-91.42,-91.42,70.32,92.18,True,False,False,False,False,False,False,False,False,2026-09-24
2411,2411.HK,PAGODA GP,百果园集团,29.34,500,Equity,Equity Securities (Main Board),1.495,1.54,1.545,1.485,6343500,9.48,1.502,1.465,-0.47,2.05,-3.55,1.36,2.4,1.97,6.68,7.12,1.97,6.68,-21.57,-76.87,-78.3,24.11,77.62,False,False,False,False,False,False,False,False,False,2026-09-24
2415,2415.HK,MEDSCI,梅斯健康,5.01,250,Equity,Equity Securities (Main Board),0.825,0.9,0.9,0.8,18500,0.02,0.815,0.795,1.23,3.71,4.43,-0.6,3.12,1.4,7.55,13.46,1.4,7.55,-35.71,-88.08,-93.31,41.07,89.07,False,False,False,False,False,False,False,False,False,2026-09-24
2416,2416.HK,EDIANYUN,易点云,13.8,500,Equity,Equity Securities (Main Board),2.835,2.765,2.985,2.765,116500,0.33,2.902,2.995,-2.31,-5.34,2.72,-5.5,-8.55,5.8,9.5,15.78,5.8,9.5,-48.53,-68.58,-81.08,51.12,70.16,False,False,False,False,False,False,False,False,False,2026-09-24
2418,2418.HK,DEEWIN,德银天下,14.47,"1,500",Equity,Equity Securities (Main Board),2.765,2.85,2.85,2.6,42000,0.12,2.833,2.844,-2.4,-2.79,-2.98,-2.98,-2.98,9.61,11.4,11.4,9.61,11.4,-70.34,-75.0,-75.0,71.23,75.75,False,False,False,False,False,False,False,False,False,2026-09-24
2419,2419.HK,DEKON AGR,德康农牧,86.9,100,Equity,Equity Securities (Main Board),56.4,56.15,56.95,55.7,397589,22.42,57.25,57.575,-1.48,-2.04,0.0,-3.59,-0.97,87.0,110.0,110.0,87.0,110.0,-34.54,-48.23,-48.23,35.17,48.73,False,False,False,False,False,False,False,False,False,2026-09-24
2420,2420.HK,ZIBUYU,子不语,26.4,500,Equity,Equity Securities (Main Board),5.28,5.8,6.0,5.195,317000,1.67,5.596,5.653,-5.65,-6.6,-4.78,-8.89,-8.17,6.19,7.0,9.4,6.19,7.0,-3.07,-14.29,-36.17,14.7,24.57,False,False,False,False,False,False,False,False,False,2026-09-24
2421,2421.HK,KRP DEVELOPMENT,嘉创地产,2.83,"2,000",Equity,Equity Securities (Main Board),0.56,0.56,0.56,0.555,176000,0.1,0.557,0.558,0.54,0.45,0.9,0.9,0.9,0.66,1.01,2.0,0.66,1.01,-15.15,-44.55,-72.0,15.15,44.55,False,False,False,True,False,False,False,False,False,2026-09-24
2422,2422.HK,REGO INTERACT,润歌互动,34.61,"4,000",Equity,Equity Securities (Main Board),2.085,2.09,2.145,2.0,1204000,2.51,2.119,2.069,-1.6,0.77,-0.24,-2.8,4.25,3.48,3.48,3.48,3.48,3.48,-38.36,-38.36,-38.36,40.09,40.09,False,False,False,False,False,False,False,False,False,2026-09-24
2423,2423.HK,BEKE-W,贝壳－Ｗ,1377.42,100,Equity,Equity Securities (Main Board),43.26,43.4,43.74,42.78,5863442,253.65,43.168,43.204,0.21,0.13,-0.28,-0.18,2.51,52.6,73.5,73.5,52.6,73.5,-16.84,-40.49,-40.49,17.76,41.14,False,False,False,True,False,False,False,False,False,2026-09-24
2425,2425.HK,AUSTASIA GROUP,澳亚集团,16.92,"1,000",Equity,Equity Securities (Main Board),1.725,1.725,1.725,1.725,52000,0.09,1.747,1.753,-1.26,-1.63,0.0,-1.99,-1.99,2.8,2.8,6.38,2.8,2.8,-38.39,-38.39,-72.96,38.39,38.39,False,False,False,False,False,False,False,False,False,2026-09-24
2427,2427.HK,GUANZE MEDICAL,GUANZE MEDICAL,25.36,"5,000",Equity,Equity Securities (Main Board),2.67,2.62,2.725,2.62,25000,0.07,2.742,2.799,-2.63,-4.61,2.69,-5.99,-9.95,7.78,7.78,7.78,7.78,7.78,-64.97,-64.97,-64.97,65.68,65.68,False,False,False,False,False,False,False,False,False,2026-09-24
2429,2429.HK,UBOX ONLINE,友宝在线,17.05,500,Equity,Equity Securities (Main Board),1.745,1.805,1.805,1.675,161500,0.28,1.842,1.913,-5.27,-8.76,-2.51,-4.9,-8.88,3.37,29.4,29.4,3.37,29.4,-46.44,-93.86,-93.86,48.22,94.06,False,False,False,False,False,False,False,False,False,2026-09-24
2431,2431.HK,MINIEYE,佑驾创新,6.96,200,Equity,Equity Securities (Main Board),2.015,2.07,2.11,1.99,1046501,2.11,2.106,2.145,-4.32,-6.08,-2.66,-10.84,-1.23,17.69,39.5,39.5,17.69,39.5,-88.07,-94.66,-94.66,88.61,94.9,False,False,False,False,False,False,False,False,False,2026-09-24
2432,2432.HK,DOBOT,越疆,81.36,200,Equity,Equity Securities (Main Board),20.66,20.9,20.9,20.42,1023823,21.15,21.064,20.846,-1.92,-0.89,-0.67,-2.09,-1.05,50.0,83.8,83.8,50.0,83.8,-58.2,-75.06,-75.06,58.68,75.35,False,False,False,False,False,False,False,False,False,2026-09-24
2433,2433.HK,ZT HN GROUP,中天湖南集团,0.39,"2,000",Equity,Equity Securities (Main Board),0.067,0.061,0.067,0.061,128000,0.01,0.067,0.067,-0.59,0.3,-1.47,0.0,-1.47,0.12,0.34,3.2,0.12,0.34,-45.53,-80.29,-97.91,45.53,80.29,False,False,False,False,False,False,False,False,False,2026-09-24
2436,2436.HK,LX TECHNOLOGY,凌雄科技,70.26,300,Equity,Equity Securities (Main Board),20.4,20.9,21.68,20.12,883500,18.02,20.44,19.717,-0.2,3.46,-2.39,2.72,5.7,26.3,26.3,26.3,26.3,26.3,-17.57,-17.57,-17.57,22.43,22.43,False,False,False,False,False,False,False,False,False,2026-09-24
2438,2438.HK,MOBVOI,出门问问,4.72,"1,000",Equity,Equity Securities (Main Board),0.305,0.3,0.31,0.3,456000,0.14,0.307,0.307,-0.65,-0.49,1.67,-1.61,-3.17,0.74,4.38,4.38,0.74,4.38,-58.11,-92.92,-92.92,58.78,93.04,False,False,False,False,False,False,False,False,False,2026-09-24
2439,2439.HK,CH TREASURES NM,中宝新材,2.56,"2,000",Equity,Equity Securities (Main Board),0.213,0.215,0.215,0.207,1162000,0.25,0.218,0.219,-2.2,-2.96,-1.84,-3.18,-2.29,0.48,2.93,2.93,0.48,2.93,-55.21,-92.66,-92.66,55.62,92.73,False,False,False,False,False,False,False,False,False,2026-09-24
2440,2440.HK,MEMESTRATEGY,迷策略,3.92,"1,000",Equity,Equity Securities (Main Board),0.94,0.91,0.95,0.905,142000,0.13,0.908,0.864,3.52,8.8,-2.59,6.21,16.05,2.34,6.98,6.98,2.34,6.98,-59.4,-86.39,-86.39,59.83,86.53,False,False,False,False,False,False,False,False,False,2026-09-24
2442,2442.HK,EASY SMART GP,怡俊集团控股,265.2,"2,000",Equity,Equity Securities (Main Board),65.0,68.0,69.9,61.0,414000,26.91,75.78,108.26,-14.23,-39.96,-6.27,1.33,-47.15,159.5,159.5,159.5,159.5,159.5,-56.18,-56.18,-56.18,59.25,59.25,False,False,False,False,False,False,False,False,False,2026-09-24
2443,2443.HK,AUTOSTREETS,汽车街,7.58,200,Equity,Equity Securities (Main Board),0.91,0.88,0.95,0.88,267800,0.24,0.983,1.075,-7.43,-15.35,0.0,-12.5,-19.11,3.57,117.1,117.1,3.57,117.1,-73.39,-99.19,-99.19,74.51,99.22,False,False,False,False,False,False,False,False,False,2026-09-24
2450,2450.HK,HUAIBEI GD CO,淮北绿金股份,7.37,"1,500",Equity,Equity Securities (Main Board),11.16,10.01,11.18,9.8,225000,2.51,9.409,8.876,18.61,25.73,9.41,31.22,39.5,16.68,16.68,16.68,16.68,16.68,-32.97,-32.97,-32.97,33.09,33.09,True,False,False,False,False,False,False,False,False,2026-09-24
2451,2451.HK,LUYUAN GP HLDG,绿源集团控股,58.12,500,Equity,Equity Securities (Main Board),14.31,16.19,16.19,14.2,1553500,22.23,16.98,15.905,-15.72,-10.03,-13.48,-19.56,-16.71,19.19,19.19,19.19,19.19,19.19,-15.63,-15.63,-15.63,25.43,25.43,False,False,False,False,False,False,False,False,False,2026-09-24
2453,2453.HK,CONCORD HC GP,美中嘉和,2.31,200,Equity,Equity Securities (Main Board),0.735,0.735,0.735,0.68,1200,0.0,0.728,0.727,0.96,1.1,4.26,-0.68,3.52,1.98,55.0,55.0,1.98,55.0,-62.88,-98.66,-98.66,62.88,98.66,False,False,False,True,False,False,False,False,False,2026-09-24
2455,2455.HK,RUNHUA SERVICE,润华服务,2.1,"2,000",Equity,Equity Securities (Main Board),0.7,0.7,0.7,0.69,594000,0.42,0.71,0.706,-1.41,-0.92,0.0,-2.78,-2.78,0.87,1.34,1.6,0.87,1.34,-19.54,-47.76,-56.25,19.54,47.76,False,False,False,False,False,False,False,False,False,2026-09-24
2457,2457.HK,BUYANG INTL,步阳国际,6.55,"5,000",Equity,Equity Securities (Main Board),0.655,0.515,0.67,0.5,3630000,2.38,0.488,0.443,34.22,47.86,27.18,48.86,63.75,0.54,0.55,0.62,0.67,0.67,24.07,21.82,8.06,2.24,2.24,False,False,False,False,True,True,True,True,True,2026-09-24
2458,2458.HK,GALA TECH HOLD,望尘科技控股,9.28,400,Equity,Equity Securities (Main Board),6.5,6.5,6.5,6.5,2000,0.01,6.5,6.617,0.0,-1.77,0.0,0.0,0.0,7.35,7.4,7.46,7.35,7.4,-11.56,-12.16,-12.87,11.56,12.16,False,False,False,False,False,False,False,False,False,2026-09-24
2459,2459.HK,SANERGY GROUP,升能集团,1.22,"10,000",Equity,Equity Securities (Main Board),0.63,0.605,0.63,0.6,73100,0.05,0.625,0.637,0.8,-1.18,4.13,-2.33,-0.79,1.58,193.24,193.24,1.58,193.24,-60.13,-99.67,-99.67,60.13,99.67,False,False,False,False,False,False,False,False,False,2026-09-24
2460,2460.HK,CR BEVERAGE,华润饮料,177.47,200,Equity,Equity Securities (Main Board),7.4,7.395,7.45,7.28,943000,6.98,7.319,7.255,1.11,2.0,0.41,1.09,3.42,10.72,16.78,16.78,10.72,16.78,-30.5,-55.6,-55.6,30.97,55.9,True,True,False,False,False,False,False,False,False,2026-09-24
2465,2465.HK,LOPAL TECH,龙蟠科技,11.75,500,Equity,Equity Securities (Main Board),8.705,8.815,8.855,8.66,1297000,11.29,8.914,8.882,-2.34,-1.99,-2.19,-3.39,-0.91,23.5,23.5,23.5,23.5,23.5,-62.32,-62.32,-62.32,62.96,62.96,False,False,False,False,False,False,False,False,False,2026-09-24
2469,2469.HK,FENBI,粉笔,7.4,500,Equity,Equity Securities (Main Board),0.335,0.34,0.345,0.32,2582484,0.87,0.318,0.305,5.35,9.84,4.69,6.35,6.35,2.54,5.91,15.04,2.54,5.91,-86.42,-94.16,-97.71,86.81,94.33,False,False,False,False,False,False,False,False,False,2026-09-24
2473,2473.HK,XXF,喜相逢集团,7.42,"2,500",Equity,Equity Securities (Main Board),0.4,0.41,0.415,0.4,25757500,10.3,0.409,0.428,-2.2,-6.43,-1.23,-3.61,-6.98,15.96,15.96,15.96,15.96,15.96,-97.4,-97.4,-97.4,97.49,97.49,False,False,False,False,False,False,False,False,False,2026-09-24
2475,2475.HK,LUXSHARE ICT,立讯精密,224.74,100,Equity,Equity Securities (Main Board),56.75,59.15,59.2,56.15,2848393,161.65,58.81,58.16,-3.5,-2.42,-4.22,-3.81,0.09,66.2,66.2,66.2,66.2,66.2,-10.57,-10.57,-10.57,14.27,14.27,False,False,False,False,False,False,False,False,False,2026-09-24
2476,2476.HK,VGT,胜宏科技,240.08,100,Equity,Equity Securities (Main Board),217.8,223.0,223.6,217.4,2261100,492.47,216.84,206.13,0.44,5.66,-3.2,-3.29,12.85,475.0,475.0,475.0,475.0,475.0,-52.93,-52.93,-52.93,54.15,54.15,False,False,False,False,False,False,False,False,False,2026-09-24
2477,2477.HK,WELLCELL HOLD,经纬天地,10.02,800,Equity,Equity Securities (Main Board),0.209,0.22,0.224,0.209,232218400,48.53,0.207,0.209,1.06,-0.05,-1.88,1.46,1.95,13.63,13.63,13.63,13.63,13.63,-98.36,-98.36,-98.36,98.47,98.47,False,False,False,False,False,False,False,False,False,2026-09-24
2480,2480.HK,LUZHU BIOTECH-B,绿竹生物－Ｂ,27.61,200,Equity,Equity Securities (Main Board),13.88,13.88,13.88,13.88,200,0.0,13.736,13.672,1.05,1.52,-0.14,2.81,2.36,25.96,39.3,42.0,25.96,39.3,-46.53,-64.68,-66.95,46.53,64.68,False,False,False,False,False,False,False,False,False,2026-09-24
2483,2483.HK,K CASH,Ｋ ＣＡＳＨ集团,9.0,"2,000",Equity,Equity Securities (Main Board),1.8,1.8,1.8,1.8,92000,0.17,1.79,1.795,0.57,0.28,0.0,0.0,0.0,1.9,2.05,2.05,1.9,2.05,-5.26,-12.2,-12.2,5.26,12.2,False,False,False,False,False,False,False,True,False,2026-09-24
2486,2486.HK,PLUS GP HOLDING,普乐师集团控股,4.35,200,Equity,Equity Securities (Main Board),3.84,3.48,3.87,3.315,26600,0.1,3.502,3.43,9.65,11.97,10.34,10.82,13.27,7.8,13.0,13.0,7.8,13.0,-50.38,-70.23,-70.23,50.77,70.46,True,False,False,True,False,False,False,False,False,2026-09-24
2487,2487.HK,CUTIA-B,科笛－Ｂ,3.92,200,Equity,Equity Securities (Main Board),1.05,1.07,1.125,0.98,1664400,1.75,1.125,1.275,-6.67,-17.65,-0.94,-11.76,-22.79,5.51,24.0,32.6,5.51,24.0,-79.58,-95.31,-96.55,80.94,95.63,False,False,False,False,False,False,False,False,False,2026-09-24
2488,2488.HK,LAUNCH TECH,元征科技,24.7,500,Equity,Equity Securities (Main Board),7.04,7.02,7.19,6.915,281500,1.98,7.075,6.996,-0.49,0.62,0.28,0.57,1.59,9.28,15.34,15.34,9.28,15.34,-22.52,-53.13,-53.13,24.14,54.11,False,False,False,False,False,False,False,False,False,2026-09-24
2489,2489.HK,PERSISTENCEGOLD,集海黄金,19.8,"5,000",Equity,Equity Securities (Main Board),0.825,0.815,0.845,0.815,528000,0.44,0.824,0.821,0.12,0.43,1.23,0.61,3.77,1.53,2.17,2.17,1.53,2.17,-44.77,-61.06,-61.06,46.08,61.98,False,False,False,True,False,False,False,False,False,2026-09-24
2490,2490.HK,LC HOLDING,乐舱控股,26.06,300,Equity,Equity Securities (Main Board),4.24,4.18,4.28,4.17,489300,2.07,4.349,4.275,-2.51,-0.82,1.44,-4.07,-1.62,7.13,17.73,17.73,7.13,17.73,-39.97,-75.85,-75.85,40.53,76.08,False,False,False,False,False,False,False,False,False,2026-09-24
2493,2493.HK,MABWELL-B,迈威生物－Ｂ,9.66,200,Equity,Equity Securities (Main Board),20.5,21.72,21.72,20.3,86600,1.78,20.988,20.776,-2.33,-1.33,-2.75,-3.3,-0.77,29.18,29.18,29.18,29.18,29.18,-25.57,-25.57,-25.57,29.75,29.75,False,False,False,False,False,False,False,False,False,2026-09-24
2495,2495.HK,VOICECOMM,声通科技,9.0,20,Equity,Equity Securities (Main Board),27.54,25.42,27.6,25.42,2280,0.06,27.596,27.478,-0.2,0.23,1.25,-0.51,0.15,77.15,650.0,650.0,77.15,650.0,-64.23,-95.75,-95.75,64.3,95.76,False,False,False,False,False,False,False,False,False,2026-09-24
2496,2496.HK,YZYBIO-B,友芝友生物－Ｂ,5.74,200,Equity,Equity Securities (Main Board),3.2,3.2,3.2,3.2,200,0.0,3.28,3.29,-2.44,-2.74,-3.03,-3.03,-3.03,8.4,19.8,19.8,8.4,19.8,-61.9,-83.84,-83.84,61.9,83.84,False,False,False,False,False,False,False,False,False,2026-09-24
2497,2497.HK,FUJING HOLDINGS,富景中国控股,2.35,"2,000",Equity,Equity Securities (Main Board),0.47,0.47,0.485,0.45,1326000,0.62,0.486,0.503,-3.29,-6.56,2.17,-6.0,-6.0,0.96,2.4,2.4,0.96,2.4,-49.48,-79.79,-79.79,51.04,80.42,False,False,False,False,False,False,False,False,False,2026-09-24
2498,2498.HK,ROBOSENSE,速腾聚创,76.49,100,Equity,Equity Securities (Main Board),16.25,16.34,16.35,16.0,2775752,45.11,16.714,16.518,-2.78,-1.62,-0.55,-3.96,-0.12,41.46,137.5,137.5,41.46,137.5,-60.56,-88.11,-88.11,60.81,88.18,False,False,False,False,False,False,False,False,False,2026-09-24
2499,2499.HK,FOLANGSI,佛朗斯股份,14.75,200,Equity,Equity Securities (Main Board),5.585,5.585,5.585,5.585,2200,0.01,5.605,5.649,-0.36,-1.12,0.0,-0.71,-1.33,6.23,15.62,15.62,6.23,15.62,-10.35,-64.24,-64.24,10.35,64.24,False,False,False,False,False,False,False,False,False,2026-09-24
2500,2500.HK,VENUS MEDTECH-B,启明医疗－Ｂ,5.16,500,Equity,Equity Securities (Main Board),1.17,1.14,1.25,1.13,667500,0.78,1.157,1.151,1.12,1.65,2.63,-4.49,5.41,3.86,5.94,97.0,3.86,5.94,-67.62,-78.96,-98.71,69.69,80.3,False,False,False,True,False,False,False,False,False,2026-09-24
2501,2501.HK,MAIYUE TECH,迈越科技,11.12,"2,000",Equity,Equity Securities (Main Board),1.99,1.985,2.035,1.94,3816000,7.59,2.017,1.888,-1.34,5.4,0.25,-1.73,13.39,2.49,2.49,2.49,2.49,2.49,-18.27,-18.27,-18.27,20.08,20.08,False,False,False,False,False,False,False,False,False,2026-09-24
2502,2502.HK,JINYUAN HCHEM,金源氢化,5.73,"2,000",Equity,Equity Securities (Main Board),0.6,0.57,0.6,0.505,68000,0.04,0.59,0.591,1.69,1.44,1.69,2.56,2.56,0.84,1.09,1.09,0.84,1.09,-28.57,-44.95,-44.95,28.57,44.95,False,False,False,True,False,False,False,False,False,2026-09-24
2503,2503.HK,ZHONGSHENJIANYE,中深建业,10.3,"4,000",Equity,Equity Securities (Main Board),0.3,0.295,0.315,0.275,24844000,7.45,0.284,0.265,5.63,13.04,0.0,13.21,24.48,0.58,2.06,2.06,0.58,2.06,-45.69,-84.71,-84.71,48.28,85.44,False,False,False,False,False,False,False,False,False,2026-09-24
2505,2505.HK,EDA GROUP HLDGS,ＥＤＡ集团控股,2.97,"1,000",Equity,Equity Securities (Main Board),0.64,0.635,0.655,0.63,23000,0.01,0.664,0.653,-3.61,-1.99,-6.57,-3.76,-9.86,1.8,8.47,8.47,1.8,8.47,-63.61,-92.27,-92.27,64.44,92.44,False,False,False,False,False,False,False,False,False,2026-09-24
2506,2506.HK,XUNFEIHEALTH,讯飞医疗科技,50.51,50,Equity,Equity Securities (Main Board),65.35,65.0,65.55,64.25,16469,1.08,66.72,66.735,-2.05,-2.08,0.38,-5.29,-0.98,114.7,181.7,181.7,114.7,181.7,-42.85,-63.92,-63.92,43.03,64.03,False,False,False,False,False,False,False,False,False,2026-09-24
2507,2507.HK,CIRRUS,西锐,155.4,100,Equity,Equity Securities (Main Board),42.46,41.7,42.66,41.28,305339,12.96,42.644,43.41,-0.43,-2.19,0.62,-1.3,-2.21,69.5,76.5,76.5,69.5,76.5,-38.62,-44.24,-44.24,38.91,44.5,False,False,False,False,False,False,False,False,False,2026-09-24
2508,2508.HK,SAINT BELLA GP,圣贝拉集团,18.61,500,Equity,Equity Securities (Main Board),3.02,2.96,3.045,2.935,293500,0.89,2.996,2.99,0.8,0.99,-0.98,0.83,4.32,5.9,11.0,11.0,5.9,11.0,-48.39,-72.32,-72.32,48.81,72.55,False,False,False,True,False,False,False,False,False,2026-09-24
2509,2509.HK,QYUNS-B,荃信生物－Ｂ,37.7,200,Equity,Equity Securities (Main Board),16.88,17.01,17.01,16.81,9800,0.17,16.916,16.698,-0.21,1.09,-1.0,-0.12,1.87,24.5,36.5,36.5,24.5,36.5,-30.57,-53.4,-53.4,31.1,53.75,False,False,False,False,False,False,False,False,False,2026-09-24
2510,2510.HK,TS LINES,德翔海运,228.11,"1,000",Equity,Equity Securities (Main Board),13.7,13.3,13.85,13.25,1528077,20.93,13.902,13.813,-1.45,-0.82,3.01,-6.68,-2.42,14.96,14.96,14.96,14.96,14.96,-7.42,-7.42,-7.42,8.42,8.42,False,False,False,False,False,False,False,True,True,2026-09-24
2511,2511.HK,HIGHTIDE-B,君圣泰医药－Ｂ,22.31,500,Equity,Equity Securities (Main Board),3.33,3.36,3.43,3.33,77500,0.26,3.392,3.313,-1.83,0.51,-5.13,-2.77,6.56,4.72,13.18,13.18,4.72,13.18,-27.33,-73.98,-73.98,29.45,74.73,False,False,False,False,False,False,False,False,False,2026-09-24
2513,2513.HK,Z.AI,智谱,1679.64,100,Equity,Equity Securities (Main Board),638.5,650.0,655.5,620.0,6525758,4166.7,720.9,725.85,-11.43,-12.03,-1.77,-19.58,-13.72,2980.0,2980.0,2980.0,2980.0,2980.0,-78.0,-78.0,-78.0,78.57,78.57,False,False,False,False,False,False,False,False,False,2026-09-24
2515,2515.HK,TJCD,天津建发,16.16,"2,000",Equity,Equity Securities (Main Board),5.2,5.1,5.2,4.935,62000,0.32,5.029,5.116,3.4,1.63,8.79,4.73,-5.54,5.95,5.95,5.95,5.95,5.95,-12.61,-12.61,-12.61,12.61,12.61,False,False,False,True,False,False,False,False,False,2026-09-24
2516,2516.HK,FAR INTL,泛远国际,6.32,"4,000",Equity,Equity Securities (Main Board),0.675,0.61,0.71,0.605,136000,0.09,0.661,0.677,2.12,-0.3,4.65,0.75,0.75,1.44,1.68,1.68,1.44,1.68,-50.69,-57.74,-57.74,53.13,59.82,False,False,False,False,False,False,False,False,False,2026-09-24
2517,2517.HK,GUOQUAN,锅圈,36.9,400,Equity,Equity Securities (Main Board),1.435,1.455,1.46,1.42,8112543,11.64,1.478,1.502,-2.91,-4.46,-1.03,-6.21,-2.71,4.8,12.34,12.34,4.8,12.34,-69.58,-88.17,-88.17,70.1,88.37,False,False,False,False,False,False,False,False,False,2026-09-24
2518,2518.HK,AUTOHOME-S,汽车之家－Ｓ,194.41,100,Equity,Equity Securities (Main Board),42.2,41.32,42.2,40.06,5300,0.22,41.608,41.776,1.42,1.01,2.93,1.15,-0.66,47.0,67.2,199.6,47.0,67.2,-10.21,-37.2,-78.86,10.21,37.2,False,False,False,True,False,False,False,False,False,2026-09-24
2519,2519.HK,AUGROUP,傲基股份,16.34,300,Equity,Equity Securities (Main Board),3.94,3.94,3.94,3.94,900,0.0,3.944,3.971,-0.1,-0.78,0.0,1.03,-1.5,6.75,14.96,14.96,6.75,14.96,-41.63,-73.66,-73.66,41.63,73.66,False,False,False,False,False,False,False,False,False,2026-09-24
2520,2520.HK,SHANXI INSTALL,山西安装,9.0,"2,000",Equity,Equity Securities (Main Board),2.41,2.405,2.41,2.405,4000,0.01,2.418,2.426,-0.33,-0.66,0.0,-0.82,-0.82,2.57,2.57,2.57,2.57,2.57,-6.23,-6.23,-6.23,6.23,6.23,False,False,False,False,False,False,False,True,True,2026-09-24
2521,2521.HK,SHENGHUI CLEAN,升辉清洁,17.55,"7,500",Equity,Equity Securities (Main Board),0.9,0.9,0.915,0.9,615000,0.55,0.898,0.914,0.22,-1.53,1.12,-0.55,-2.17,1.26,1.26,1.26,1.26,1.26,-27.38,-27.38,-27.38,28.57,28.57,False,False,False,False,False,False,False,False,False,2026-09-24
2522,2522.HK,RIMAG GROUP,一脉阳光,17.56,500,Equity,Equity Securities (Main Board),5.11,5.055,5.22,4.95,510000,2.61,5.286,5.157,-3.33,-0.91,-2.85,-5.37,-0.87,10.54,71.95,71.95,10.54,71.95,-50.47,-92.74,-92.74,51.52,92.9,False,False,False,False,False,False,False,False,False,2026-09-24
2525,2525.HK,HESAI-W,禾赛－Ｗ,167.83,100,Equity,Equity Securities (Main Board),16.12,16.06,16.18,15.93,4752000,76.6,16.412,16.611,-1.78,-2.96,-1.41,-2.72,-3.18,28.85,30.5,30.5,28.85,30.5,-43.92,-46.95,-46.95,44.12,47.15,False,False,False,False,False,False,False,False,False,2026-09-24
2526,2526.HK,DIAGENS-B,德适－Ｂ,355.52,50,Equity,Equity Securities (Main Board),400.0,402.4,405.2,378.8,89400,35.76,411.6,429.6,-2.82,-6.89,3.63,-6.93,-2.44,765.5,765.5,765.5,765.5,765.5,-47.07,-47.07,-47.07,47.75,47.75,False,False,False,False,False,False,False,False,False,2026-09-24
2530,2530.HK,NUMANS,纽曼思,7.25,"8,000",Equity,Equity Securities (Main Board),0.725,0.725,0.725,0.725,208000,0.15,0.726,0.723,-0.14,0.35,0.0,0.0,2.11,0.83,0.96,0.96,0.83,0.96,-12.65,-24.48,-24.48,12.65,24.48,False,False,False,False,False,False,False,False,False,2026-09-24
2531,2531.HK,CARLINK TECH,广联科技控股,9.97,500,Equity,Equity Securities (Main Board),2.72,3.3,3.3,2.7,42500,0.12,3.594,4.172,-24.32,-34.8,-15.26,-28.04,-42.74,8.0,51.6,51.6,8.0,51.6,-58.75,-93.6,-93.6,66.0,94.73,False,False,False,False,False,False,False,False,False,2026-09-24
2533,2533.HK,BLACK SESAME,黑芝麻智能,73.09,100,Equity,Equity Securities (Main Board),10.22,10.09,10.45,10.03,3074223,31.42,10.278,9.918,-0.56,3.04,0.2,-3.86,6.29,23.36,43.85,43.85,23.36,43.85,-55.27,-76.17,-76.17,56.25,76.69,False,False,False,False,False,False,False,False,False,2026-09-24
2535,2535.HK,WK GROUP,泓基集团,13.4,"10,000",Equity,Equity Securities (Main Board),0.67,0.69,0.69,0.67,1200000,0.8,0.664,0.667,0.9,0.53,-0.74,1.52,1.52,1.15,1.15,1.15,1.15,1.15,-40.0,-40.0,-40.0,41.74,41.74,False,False,False,False,False,False,False,False,False,2026-09-24
2536,2536.HK,PALASINO,百乐皇宫,5.2,"1,000",Equity,Equity Securities (Main Board),0.645,0.645,0.665,0.6,53000,0.03,0.63,0.61,2.38,5.65,2.38,4.88,4.88,2.49,7.19,7.19,2.49,7.19,-73.29,-90.75,-90.75,74.1,91.03,False,False,False,True,False,False,False,False,False,2026-09-24
2539,2539.HK,LEMO SERVICES,乐摩科技,1.97,100,Equity,Equity Securities (Main Board),8.5,8.45,8.99,8.2,12900,0.11,8.663,8.635,-1.88,-1.56,0.59,-1.45,2.41,51.95,85.0,85.0,51.95,85.0,-82.69,-89.42,-89.42,83.64,90.0,False,False,False,False,False,False,False,False,False,2026-09-24
2540,2540.HK,LESI GROUP,乐思集团,4.74,"2,500",Equity,Equity Securities (Main Board),0.79,0.78,0.78,0.775,22500,0.02,0.806,0.803,-1.99,-1.62,-1.25,-3.07,-1.25,1.44,7.28,7.28,1.44,7.28,-45.83,-89.29,-89.29,45.14,89.15,False,False,False,False,False,False,False,False,False,2026-09-24
2543,2543.HK,DAHON TECH,大行科工,2.97,100,Equity,Equity Securities (Main Board),32.9,33.0,33.68,32.82,23700,0.78,33.088,33.796,-0.57,-2.65,0.24,-1.32,-2.66,39.68,69.0,69.0,39.68,69.0,-15.12,-51.19,-51.19,17.09,52.32,False,False,False,False,False,False,False,False,False,2026-09-24
2545,2545.HK,ZHONGGAN COMM,中赣通信,2.88,"2,000",Equity,Equity Securities (Main Board),0.45,0.42,0.47,0.42,166000,0.07,0.425,0.418,5.88,7.53,5.88,8.43,8.43,0.55,0.83,0.83,0.55,0.83,-14.55,-43.37,-43.37,18.18,45.78,False,False,True,False,False,False,False,False,False,2026-09-24
2546,2546.HK,ZHIHUI MINING,智汇矿业,103.9,"1,000",Equity,Equity Securities (Main Board),21.3,22.2,23.0,20.96,545000,11.61,22.216,20.76,-4.12,2.6,-5.33,-11.25,4.62,24.6,24.6,24.6,24.6,24.6,-6.5,-6.5,-6.5,13.41,13.41,False,False,False,False,False,False,False,False,False,2026-09-24
2549,2549.HK,CAROTE LTD,卡罗特,22.06,500,Equity,Equity Securities (Main Board),4.005,3.94,4.005,3.93,78000,0.31,4.044,4.026,-0.96,-0.52,1.65,-2.08,1.39,5.45,10.88,10.88,5.45,10.88,-26.51,-63.19,-63.19,26.51,63.19,False,False,False,False,False,False,False,False,False,2026-09-24
2550,2550.HK,EASOU TECH,宜搜科技,9.06,500,Equity,Equity Securities (Main Board),2.015,1.95,2.015,1.95,223500,0.45,1.969,1.978,2.34,1.87,1.26,3.33,-0.25,3.23,67.25,67.25,3.23,67.25,-37.62,-97.0,-97.0,37.62,97.0,True,False,True,True,False,False,False,False,False,2026-09-24
2552,2552.HK,HUA MEDICINE-B,华领医药－Ｂ,25.68,500,Equity,Equity Securities (Main Board),2.43,2.475,2.485,2.4,1038500,2.52,2.462,2.425,-1.3,0.21,-5.45,-2.21,4.07,3.94,4.95,9.0,3.94,4.95,-36.93,-49.8,-72.39,38.32,50.91,False,False,False,False,False,False,False,False,False,2026-09-24
2553,2553.HK,SHOUGANG LANZA,首钢朗泽,42.91,200,Equity,Equity Securities (Main Board),16.1,17.52,18.38,16.01,1382000,22.25,17.928,17.781,-10.2,-9.45,-5.79,-15.26,-9.19,54.4,54.4,54.4,54.4,54.4,-66.21,-66.21,-66.21,70.4,70.4,False,False,False,False,False,False,False,False,False,2026-09-24
2555,2555.HK,CHABAIDAO,茶百道,62.36,200,Equity,Equity Securities (Main Board),4.22,4.27,4.27,4.205,193400,0.82,4.198,4.132,0.52,2.12,-0.47,0.6,3.69,7.03,16.0,16.0,7.03,16.0,-39.26,-73.31,-73.31,39.97,73.63,False,False,False,False,False,False,False,False,False,2026-09-24
2556,2556.HK,MARKETINGFORCE,迈富时,151.28,100,Equity,Equity Securities (Main Board),54.5,54.5,55.4,53.2,2322501,126.58,56.13,53.641,-2.9,1.6,0.0,-7.39,7.18,68.3,144.0,144.0,68.3,144.0,-18.89,-61.53,-61.53,20.2,62.15,False,False,False,False,False,False,False,False,False,2026-09-24
2558,2558.HK,JINSHANG BANK,晋商银行,10.29,"1,000",Equity,Equity Securities (Main Board),1.06,1.06,1.06,1.06,20000,0.02,1.091,1.098,-2.84,-3.42,-3.2,-3.64,-3.64,1.41,1.72,3.95,1.41,1.72,-24.82,-38.37,-73.16,24.82,38.37,False,False,False,False,False,False,False,False,False,2026-09-24
2559,2559.HK,DIDA INC-PF,嘀嗒出行－ＰＦ,12.16,500,Equity,Equity Securities (Main Board),1.185,1.18,1.25,1.16,937000,1.11,1.194,1.181,-0.75,0.38,-0.42,0.42,-3.27,2.9,5.9,5.9,2.9,5.9,-56.9,-78.81,-78.81,59.14,79.92,False,False,False,False,False,False,False,False,False,2026-09-24
2560,2560.HK,CONCH MAT TECH,海螺材料科技,2.47,"1,000",Equity,Equity Securities (Main Board),1.335,1.32,1.36,1.32,14000,0.02,1.357,1.358,-1.62,-1.66,0.0,-2.2,0.38,1.87,2.3,2.3,1.87,2.3,-27.27,-40.87,-40.87,28.61,41.96,False,False,False,False,False,False,False,False,False,2026-09-24
2561,2561.HK,VISEN PHARMA-B,维昇药业－Ｂ,21.48,100,Equity,Equity Securities (Main Board),18.88,19.41,19.45,18.88,4800,0.09,19.04,19.141,-0.84,-1.36,-0.37,-0.37,-1.15,43.3,69.15,69.15,43.3,69.15,-55.08,-71.87,-71.87,56.4,72.7,False,False,False,False,False,False,False,False,False,2026-09-24
2562,2562.HK,SYNAGISTICS,狮腾控股,2.57,500,Equity,Equity Securities (Main Board),0.55,0.55,0.565,0.55,1355500,0.75,0.565,0.581,-2.65,-5.25,-0.9,-6.78,-7.56,5.27,50.05,50.05,5.27,50.05,-89.28,-98.87,-98.87,89.56,98.9,False,False,False,False,False,False,False,False,False,2026-09-24
2563,2563.HK,BIOSTAR PHARM-B,华昊中天医药－Ｂ,16.56,200,Equity,Equity Securities (Main Board),4.25,4.25,4.25,4.25,19600,0.08,4.11,4.144,3.41,2.56,3.66,4.94,2.41,5.25,39.5,39.5,5.25,39.5,-19.05,-89.24,-89.24,19.05,89.24,False,False,False,False,False,False,False,False,False,2026-09-24
2565,2565.HK,PEGBIO CO-B,派格生物医药－Ｂ,21.29,50,Equity,Equity Securities (Main Board),5.515,5.575,5.655,5.515,1615800,8.91,5.687,5.682,-3.02,-2.93,-1.34,-6.29,-1.25,76.25,77.0,77.0,76.25,77.0,-92.58,-92.66,-92.66,92.77,92.84,False,False,False,False,False,False,False,False,False,2026-09-24
2566,2566.HK,JIUYUAN GENE,九源基因,13.66,200,Equity,Equity Securities (Main Board),5.695,5.5,5.7,5.5,110400,0.63,5.519,5.488,3.19,3.76,3.73,3.64,1.79,10.84,16.29,16.29,10.84,16.29,-47.42,-65.01,-65.01,47.46,65.04,False,False,False,False,False,False,False,False,False,2026-09-24
2567,2567.HK,QINIU,七牛智能,6.91,"1,000",Equity,Equity Securities (Main Board),0.345,0.35,0.35,0.345,168000,0.06,0.344,0.336,0.29,2.53,-1.43,1.47,6.15,0.76,1.68,1.68,0.76,1.68,-53.95,-79.17,-79.17,54.61,79.46,False,False,False,False,False,False,False,False,False,2026-09-24
2569,2569.HK,SOFT INTL,舒宝国际,14.7,"5,000",Equity,Equity Securities (Main Board),1.47,1.5,1.54,1.455,285000,0.42,1.441,1.416,2.01,3.78,-1.67,5.0,6.91,1.52,1.68,1.68,1.54,1.68,1.32,-8.33,-8.33,4.55,12.5,False,False,False,False,True,False,False,True,False,2026-09-24
2570,2570.HK,REFIRE,重塑能源,6.61,20,Equity,Equity Securities (Main Board),7.32,7.19,7.32,6.71,180280,1.32,7.776,7.873,-5.86,-7.02,5.32,-15.72,-10.73,75.3,316.2,316.2,75.3,316.2,-90.28,-97.69,-97.69,90.28,97.69,False,False,False,False,False,False,False,False,False,2026-09-24
2571,2571.HK,SAIMO,赛目科技,5.3,200,Equity,Equity Securities (Main Board),15.89,15.2,15.89,15.1,3800,0.06,15.788,15.446,0.65,2.87,-0.56,-0.63,5.23,18.0,18.0,18.0,18.0,18.0,-11.72,-11.72,-11.72,11.72,11.72,False,False,False,True,False,False,False,False,False,2026-09-24
2573,2573.HK,NEWTREND GROUP,新琪安,4.86,200,Equity,Equity Securities (Main Board),5.05,5.14,5.14,5.05,4400,0.02,5.385,5.449,-6.22,-7.33,-6.39,-8.01,-8.1,8.31,30.25,30.25,8.31,30.25,-38.15,-83.01,-83.01,39.23,83.31,False,False,False,False,False,False,False,False,False,2026-09-24
2575,2575.HK,XUANZHUBIO-B,轩竹生物－Ｂ,42.96,500,Equity,Equity Securities (Main Board),8.295,8.59,8.78,8.25,793000,6.58,8.8,8.694,-5.74,-4.59,-3.49,-9.25,-8.75,79.1,96.9,96.9,79.1,96.9,-88.9,-90.94,-90.94,89.51,91.44,False,False,False,False,False,False,False,False,False,2026-09-24
2576,2576.HK,TAIMEI TECH,太美医疗科技,9.67,200,Equity,Equity Securities (Main Board),5.0,5.0,5.035,4.84,245000,1.23,4.896,4.869,2.12,2.7,0.0,0.7,4.06,7.5,11.68,11.68,7.5,11.68,-32.87,-56.89,-56.89,33.33,57.19,False,False,True,True,False,False,False,False,False,2026-09-24
2577,2577.HK,INNOSCIENCE,英诺赛科,357.77,100,Equity,Equity Securities (Main Board),39.78,42.0,42.36,39.58,8327699,331.28,42.956,42.178,-7.39,-5.69,-6.84,-11.36,-3.91,89.8,106.1,106.1,89.8,106.1,-52.83,-60.08,-60.08,55.7,62.51,False,False,False,False,False,False,False,False,False,2026-09-24
2579,2579.HK,CNGR,中伟新材,22.45,200,Equity,Equity Securities (Main Board),21.54,21.82,22.06,21.42,480400,10.35,22.192,22.31,-2.94,-3.45,-3.93,-4.61,-1.46,46.44,46.44,46.44,46.44,46.44,-52.5,-52.5,-52.5,53.62,53.62,False,False,False,False,False,False,False,False,False,2026-09-24
2580,2580.HK,AUX ELECTRIC,奥克斯电气,133.81,200,Equity,Equity Securities (Main Board),8.425,8.7,8.7,8.415,2319400,19.54,8.811,9.088,-4.38,-7.29,-2.66,-7.21,-7.16,13.79,16.79,16.79,13.79,16.79,-36.91,-48.18,-48.18,38.91,49.82,False,False,False,False,False,False,False,False,False,2026-09-24
2582,2582.HK,GUOFUHEE,国富氢能,5.38,50,Equity,Equity Securities (Main Board),4.49,4.62,4.655,4.39,252150,1.13,4.62,4.75,-2.81,-5.48,-3.23,1.81,-8.92,49.5,157.2,157.2,49.5,157.2,-90.6,-97.04,-97.04,90.93,97.14,False,False,False,False,False,False,False,False,False,2026-09-24
2583,2583.HK,HIPINE,西普尼,27.13,100,Equity,Equity Securities (Main Board),46.12,49.64,50.05,46.0,106091,4.89,51.54,57.52,-10.52,-19.82,-5.84,-16.15,-16.22,216.0,216.0,216.0,216.0,216.0,-76.83,-76.83,-76.83,78.65,78.65,False,False,False,False,False,False,False,False,False,2026-09-24
2585,2585.HK,MOKINGRAN,梦金园,75.25,200,Equity,Equity Securities (Main Board),27.56,27.6,27.9,27.0,1260200,34.73,26.936,26.482,2.32,4.07,2.07,0.29,10.24,34.88,34.88,34.88,34.88,34.88,-20.01,-20.01,-20.01,20.99,20.99,False,False,False,False,False,False,False,False,False,2026-09-24
2586,2586.HK,DMALL,多点数智,65.07,100,Equity,Equity Securities (Main Board),7.515,6.5,7.85,6.48,32812484,246.59,6.11,5.454,23.0,37.79,15.62,37.26,46.21,9.68,21.75,21.75,9.68,21.75,-18.9,-63.91,-63.91,22.37,65.45,True,True,False,False,False,False,False,False,False,2026-09-24
2587,2587.HK,HEALTHYWAY INC,健康之路,6.6,500,Equity,Equity Securities (Main Board),0.755,0.725,0.8,0.715,1963000,1.48,0.759,0.819,-0.53,-7.76,4.14,-5.63,-12.21,6.56,62.7,62.7,6.56,62.7,-87.8,-98.72,-98.72,88.49,98.8,False,False,False,False,False,False,False,False,False,2026-09-24
2588,2588.HK,BOC AVIATION,中银航空租赁,495.52,100,Equity,Equity Securities (Main Board),71.4,71.65,71.65,70.15,576523,41.16,71.41,71.84,-0.01,-0.61,-0.28,0.99,0.21,91.95,91.95,91.95,91.95,91.95,-22.08,-22.08,-22.08,22.35,22.35,False,False,False,False,False,False,False,False,False,2026-09-24
2589,2589.HK,AUNTEA JENNY,沪上阿姨,73.28,30,Equity,Equity Securities (Main Board),77.4,80.2,85.25,77.2,1171480,90.67,73.9,74.57,4.74,3.8,-0.71,8.48,8.86,176.9,197.6,197.6,176.9,197.6,-51.81,-56.86,-56.86,56.25,60.83,False,False,False,False,False,False,False,False,False,2026-09-24
2590,2590.HK,GEEKPLUS-W,极智嘉－Ｗ,74.33,200,Equity,Equity Securities (Main Board),7.62,7.83,7.83,7.475,11829200,90.14,8.003,8.166,-4.79,-6.69,-2.81,-6.62,-6.62,33.5,33.9,33.9,33.5,33.9,-76.63,-76.9,-76.9,77.25,77.52,False,False,False,False,False,False,False,False,False,2026-09-24
2591,2591.HK,INNOGEN-B,银诺医药－Ｂ,16.45,200,Equity,Equity Securities (Main Board),3.915,4.235,4.42,3.88,18316444,71.71,3.983,3.965,-1.71,-1.27,-5.09,-5.55,1.95,48.36,74.0,74.0,48.36,74.0,-90.86,-94.03,-94.03,91.9,94.71,False,False,False,False,False,False,False,False,False,2026-09-24
2593,2593.HK,HERBS GROUP,草姬集团,1.39,800,Equity,Equity Securities (Main Board),1.045,1.0,1.05,1.0,149600,0.16,0.996,0.974,4.92,7.23,6.63,8.29,8.85,1.22,5.05,5.05,1.22,5.05,-13.93,-79.21,-79.21,14.34,79.31,False,False,False,False,False,False,False,False,False,2026-09-24
2595,2595.HK,GENFLEET-B,劲方医药－Ｂ,105.51,200,Equity,Equity Securities (Main Board),30.08,30.8,31.38,29.2,3349000,100.74,28.952,27.124,3.9,10.9,-2.53,2.1,20.32,52.9,52.9,52.9,52.9,52.9,-40.68,-40.68,-40.68,43.14,43.14,False,False,False,False,False,False,False,False,False,2026-09-24
2596,2596.HK,YIBIN BANK,宜宾银行,18.04,"1,000",Equity,Equity Securities (Main Board),2.62,2.62,2.62,2.62,1000,0.0,2.644,2.647,-0.91,-1.02,-1.13,-1.13,-1.13,2.7,2.7,2.7,2.7,2.7,-2.96,-2.96,-2.96,2.96,2.96,False,False,False,False,False,False,False,True,True,2026-09-24
2597,2597.HK,XUNZHONG,讯众通信,14.6,500,Equity,Equity Securities (Main Board),35.08,35.02,35.06,35.02,21000,0.74,36.652,38.518,-4.29,-8.93,-0.28,-5.19,-16.48,49.08,49.08,49.08,49.08,49.08,-28.57,-28.57,-28.57,28.52,28.52,False,False,False,False,False,False,False,False,False,2026-09-24
2598,2598.HK,LIANLIAN,连连数字,13.77,500,Equity,Equity Securities (Main Board),3.2,3.275,3.275,3.15,742500,2.38,3.295,3.412,-2.88,-6.21,-2.29,-3.61,-8.57,7.8,18.0,18.0,7.8,18.0,-58.01,-81.81,-81.81,58.97,82.22,False,False,False,False,False,False,False,False,False,2026-09-24
2600,2600.HK,CHALCO,中国铝业,307.04,"2,000",Equity,Equity Securities (Main Board),7.785,7.865,7.88,7.705,31403339,244.47,7.938,8.031,-1.93,-3.06,-1.46,-1.7,-2.81,15.55,15.55,15.55,15.55,15.55,-49.32,-49.32,-49.32,49.94,49.94,False,False,False,False,False,False,False,False,False,2026-09-24
2601,2601.HK,CPIC,中国太保,788.74,200,Equity,Equity Securities (Main Board),28.42,28.68,28.68,28.32,6665466,189.43,28.652,28.796,-0.81,-1.31,-1.39,-0.84,-0.07,40.46,40.46,42.75,40.46,40.46,-29.12,-29.12,-32.91,29.76,29.76,False,False,False,False,False,False,False,False,False,2026-09-24
2602,2602.HK,ONEWO,万物云,215.67,100,Equity,Equity Securities (Main Board),18.8,18.9,18.91,18.63,235800,4.43,18.798,19.009,0.01,-1.1,-0.53,-0.21,-0.95,21.3,28.25,57.1,21.3,28.25,-11.22,-33.06,-66.88,11.74,33.45,False,False,True,False,False,False,False,False,False,2026-09-24
2603,2603.HK,JIHONG CO,吉宏股份,9.17,500,Equity,Equity Securities (Main Board),11.87,12.1,12.31,11.78,2188500,25.98,12.476,12.535,-4.86,-5.31,-2.06,-8.06,-4.51,18.68,20.4,20.4,18.68,20.4,-34.1,-39.66,-39.66,36.46,41.81,False,False,False,False,False,False,False,False,False,2026-09-24
2605,2605.HK,METALIGHT,METALIGHT,1.77,400,Equity,Equity Securities (Main Board),1.145,1.16,1.16,1.115,27200,0.03,1.129,1.125,1.42,1.73,1.33,2.69,-0.43,2.87,8.31,8.31,2.87,8.31,-59.58,-86.04,-86.04,60.1,86.22,False,False,False,True,False,False,False,False,False,2026-09-24
2607,2607.HK,SH PHARMA,上海医药,100.45,100,Equity,Equity Securities (Main Board),10.93,11.02,11.02,10.87,726000,7.94,10.916,10.947,0.13,-0.16,-0.36,0.0,0.74,12.32,14.7,24.55,12.32,14.7,-10.55,-25.03,-55.11,11.28,25.65,False,False,False,False,False,False,False,False,False,2026-09-24
2608,2608.HK,SUNSHINE 100,阳光１００中国,0.26,"1,000",Equity,Equity Securities (Main Board),0.01,0.01,0.01,0.01,1639000,0.02,0.01,0.01,0.0,-1.96,0.0,0.0,0.0,0.01,0.1,4.21,0.01,0.1,-33.33,-89.69,-99.76,33.33,89.69,False,False,False,False,False,False,False,False,False,2026-09-24
2609,2609.HK,BAYZED HEALTH,佰泽医疗,37.58,600,Equity,Equity Securities (Main Board),2.85,2.87,2.88,2.81,1134000,3.23,2.91,2.901,-2.06,-1.76,-0.7,-3.23,-1.72,5.82,19.88,19.88,5.82,19.88,-50.52,-85.51,-85.51,51.03,85.66,False,False,False,False,False,False,False,False,False,2026-09-24
2610,2610.HK,NANSHAN AL INTL,南山铝业国际,144.69,100,Equity,Equity Securities (Main Board),23.32,23.5,23.58,23.28,623610,14.54,24.384,24.638,-4.36,-5.35,-0.77,-6.42,-7.09,74.8,74.8,74.8,74.8,74.8,-68.48,-68.48,-68.48,68.82,68.82,False,False,False,False,False,False,False,False,False,2026-09-24
2611,2611.HK,GTHT,国泰海通,509.39,200,Equity,Equity Securities (Main Board),14.53,14.76,14.87,14.47,5329656,77.44,14.858,14.881,-2.21,-2.36,-1.76,-1.76,-3.26,18.53,18.56,21.35,18.53,18.56,-19.75,-19.88,-30.35,21.59,21.71,False,False,False,False,False,False,False,False,False,2026-09-24
2616,2616.HK,CSTONE PHARMA-B,基石药业－Ｂ,85.8,500,Equity,Equity Securities (Main Board),5.375,5.77,5.77,5.37,7806500,41.96,5.566,5.611,-3.43,-4.21,-7.01,-4.87,-0.09,10.41,13.15,19.12,10.41,13.15,-44.57,-56.12,-69.82,48.37,59.13,False,False,False,False,False,False,False,False,False,2026-09-24
2617,2617.HK,TRANSTHERA-B,药捷安康－Ｂ,32.23,500,Equity,Equity Securities (Main Board),10.33,10.54,10.69,10.22,2961500,30.59,10.568,10.009,-2.25,3.2,-2.64,-7.1,9.78,120.4,679.5,679.5,120.4,679.5,-91.12,-98.43,-98.43,91.42,98.48,False,False,False,False,False,False,False,False,False,2026-09-24
2618,2618.HK,JD LOGISTICS,京东物流,678.12,100,Equity,Equity Securities (Main Board),10.23,10.19,10.27,10.14,5929153,60.66,10.364,10.49,-1.29,-2.48,-0.29,-2.2,-1.63,16.76,16.84,48.15,16.76,16.84,-38.72,-39.01,-78.67,38.96,39.25,False,False,False,False,False,False,False,False,False,2026-09-24
2619,2619.HK,XJ ELECTRICS,香江电器,0.82,"1,000",Equity,Equity Securities (Main Board),1.2,1.13,1.2,1.13,3000,0.0,1.18,1.166,1.69,2.96,0.0,0.0,6.19,2.61,2.61,2.61,2.61,2.61,-54.02,-54.02,-54.02,54.02,54.02,False,False,False,True,False,False,False,False,False,2026-09-24
2621,2621.HK,SHOUHUI GROUP,手回集团,6.21,400,Equity,Equity Securities (Main Board),2.745,2.74,2.74,2.74,2400,0.01,2.821,2.808,-2.69,-2.24,-1.61,-5.02,0.92,3.79,7.5,7.5,3.79,7.5,-27.7,-63.47,-63.47,27.57,63.4,False,False,False,False,False,False,False,False,False,2026-09-24
2623,2623.HK,HK GOLD IND GP,香港黄金产业集团,19.06,500,Equity,Equity Securities (Main Board),3.475,3.325,3.575,3.325,802500,2.79,3.466,3.463,0.26,0.33,-0.57,0.58,2.21,6.77,6.77,7.57,6.77,6.77,-47.19,-47.19,-52.76,48.67,48.67,False,False,False,True,False,False,False,False,False,2026-09-24
2625,2625.HK,JIANGSU HORIZON,江苏宏信,1.98,"1,000",Equity,Equity Securities (Main Board),0.84,0.85,0.85,0.8,1709000,1.44,0.84,1.003,-0.0,-16.25,-1.75,3.07,3.07,5.4,8.86,8.86,5.4,8.86,-84.26,-90.41,-90.41,84.44,90.52,False,False,False,False,False,False,False,False,False,2026-09-24
2628,2628.HK,CHINA LIFE,中国人寿,2190.68,"1,000",Equity,Equity Securities (Main Board),29.44,29.36,29.68,29.04,33054174,973.11,29.46,29.284,-0.07,0.53,-0.88,1.24,2.79,36.16,36.16,36.16,36.16,36.16,-17.92,-17.92,-17.92,18.58,18.58,False,False,False,False,False,False,False,False,False,2026-09-24
2630,2630.HK,VIGONVITA-B,旺山旺水－Ｂ,135.1,200,Equity,Equity Securities (Main Board),80.95,80.2,80.95,76.8,71600,5.8,82.07,80.305,-1.36,0.8,1.19,-3.4,4.45,134.9,134.9,134.9,134.9,134.9,-39.99,-39.99,-39.99,39.99,39.99,False,False,False,False,False,False,False,False,False,2026-09-24
2631,2631.HK,SICC,天岳先进,37.34,100,Equity,Equity Securities (Main Board),68.0,70.1,71.8,67.3,1350400,91.83,68.89,65.1,-1.29,4.45,-3.13,-0.58,5.43,138.7,138.7,138.7,138.7,138.7,-48.23,-48.23,-48.23,50.97,50.97,False,False,False,False,False,False,False,False,False,2026-09-24
2632,2632.HK,NEW VISION CO,泽景股份,67.6,50,Equity,Equity Securities (Main Board),62.0,62.0,75.6,61.0,314250,19.48,63.52,62.6,-2.39,-0.96,0.32,-5.05,2.06,137.5,137.5,137.5,137.5,137.5,-45.02,-45.02,-45.02,54.91,54.91,False,False,False,False,False,False,False,False,False,2026-09-24
2633,2633.HK,JACOBSON PHARMA,雅各臣科研制药,18.9,"2,000",Equity,Equity Securities (Main Board),0.945,0.975,0.975,0.94,846000,0.8,0.966,0.966,-2.17,-2.17,-3.08,-2.07,-2.07,1.31,1.78,1.78,1.31,1.78,-25.57,-45.22,-45.22,27.86,46.91,False,False,False,False,False,False,False,False,False,2026-09-24
2635,2635.HK,NUOBIKAN,诺比侃,31.04,100,Equity,Equity Securities (Main Board),10.2,10.1,10.2,10.0,649500,6.62,10.334,10.344,-1.3,-1.4,0.99,-2.39,-1.45,83.2,83.2,83.2,83.2,83.2,-87.74,-87.74,-87.74,87.74,87.74,False,False,False,False,False,False,False,False,False,2026-09-24
2637,2637.HK,HAIXI PHARMA,海西新药,135.38,50,Equity,Equity Securities (Main Board),172.0,175.6,178.9,169.8,55000,9.46,179.96,186.32,-4.42,-7.69,-2.05,-6.62,-9.47,302.4,302.4,302.4,302.4,302.4,-40.84,-40.84,-40.84,43.12,43.12,False,False,False,False,False,False,False,False,False,2026-09-24
2638,2638.HK,HKELECTRIC-SS,港灯－ＳＳ,550.05,500,Equity,Equity Securities (Main Board),6.225,6.25,6.25,6.22,1126590,7.01,6.244,6.257,-0.3,-0.52,-0.4,-0.72,-0.24,7.1,7.1,8.32,7.1,7.1,-11.97,-11.97,-24.88,12.32,12.32,False,False,False,False,False,False,False,False,False,2026-09-24
2643,2643.HK,CAOCAO INC,曹操出行,70.9,100,Equity,Equity Securities (Main Board),12.23,11.86,13.5,11.71,8624700,105.48,12.35,12.25,-0.97,-0.16,4.53,-4.15,-9.27,39.34,92.5,92.5,39.34,92.5,-65.68,-85.41,-85.41,68.91,86.78,False,False,False,False,False,False,False,False,False,2026-09-24
2648,2648.HK,ANJOY FOOD,安井食品,25.42,100,Equity,Equity Securities (Main Board),63.55,64.2,64.2,63.05,185500,11.79,64.37,62.495,-1.27,1.69,-1.01,-2.83,5.39,94.1,94.1,94.1,94.1,94.1,-31.77,-31.77,-31.77,32.47,32.47,False,False,False,False,False,False,False,False,False,2026-09-24
2650,2650.HK,ZHIDA TECH,挚达科技,33.91,50,Equity,Equity Securities (Main Board),10.66,10.51,11.63,10.51,21374000,227.85,10.462,10.101,1.89,5.53,-0.47,6.39,1.52,65.28,65.28,65.28,65.28,65.28,-82.18,-82.18,-82.18,83.67,83.67,False,False,False,False,False,False,False,False,False,2026-09-24
2651,2651.HK,DAZHONG DENTAL,大众口腔,6.21,100,Equity,Equity Securities (Main Board),28.4,29.0,29.0,28.0,6400,0.18,25.173,24.66,12.82,15.17,3.27,21.45,17.44,28.0,28.0,28.0,29.0,29.0,3.57,3.57,3.57,2.07,2.07,True,False,False,False,True,True,True,True,True,2026-09-24
2652,2652.HK,CF PHARMTECH,长风药业,30.24,100,Equity,Equity Securities (Main Board),9.375,9.285,9.73,9.21,1983700,18.6,10.212,10.261,-8.2,-8.63,-0.11,-14.77,-11.81,39.5,48.8,48.8,39.5,48.8,-75.37,-80.06,-80.06,76.27,80.79,False,False,False,False,False,False,False,False,False,2026-09-24
2655,2655.HK,GUOXIA TECH,果下科技,58.1,100,Equity,Equity Securities (Main Board),14.72,14.76,14.99,14.6,412500,6.07,14.97,14.941,-1.67,-1.48,-0.54,-4.1,0.48,76.8,76.8,76.8,76.8,76.8,-80.48,-80.48,-80.48,80.83,80.83,False,False,False,False,False,False,False,False,False,2026-09-24
2656,2656.HK,160 HEALTH,健康１６０,15.0,250,Equity,Equity Securities (Main Board),4.32,4.485,4.68,4.315,9803500,42.35,4.819,6.394,-10.35,-32.43,-2.7,-10.65,-42.78,158.4,158.4,158.4,158.4,158.4,-97.05,-97.05,-97.05,97.27,97.27,False,False,False,False,False,False,False,False,False,2026-09-24
2657,2657.HK,FOREST CABIN,林清轩,57.36,50,Equity,Equity Securities (Main Board),54.05,53.2,55.0,53.2,59400,3.21,52.17,51.406,3.6,5.14,1.98,5.98,7.67,96.0,96.0,96.0,96.0,96.0,-42.71,-42.71,-42.71,43.7,43.7,True,True,False,False,False,False,False,False,False,2026-09-24
2658,2658.HK,TIANYU SEMI,天域半导体,27.47,50,Equity,Equity Securities (Main Board),46.68,45.22,47.06,44.46,143750,6.71,43.728,40.174,6.75,16.19,3.18,9.53,17.4,63.5,63.5,63.5,63.5,63.5,-25.89,-25.89,-25.89,26.49,26.49,False,False,False,False,False,False,False,False,False,2026-09-24
2659,2659.HK,BAO PHARMA-B,宝济药业－Ｂ,19.87,100,Equity,Equity Securities (Main Board),13.11,13.21,13.25,12.56,335510,4.4,13.626,13.639,-3.79,-3.88,-0.98,-7.94,-0.3,206.0,206.0,206.0,206.0,206.0,-93.57,-93.57,-93.57,93.64,93.64,False,False,False,False,False,False,False,False,False,2026-09-24
2660,2660.HK,ZENGAME,禅游科技,24.43,"2,000",Equity,Equity Securities (Main Board),2.335,2.35,2.35,2.33,312000,0.73,2.321,2.324,0.6,0.47,-0.64,1.97,1.52,2.88,5.88,5.88,2.88,5.88,-18.4,-60.03,-60.03,18.92,60.29,False,False,False,False,False,False,False,False,False,2026-09-24
2661,2661.HK,QINGSONG HEALTH,轻松健康,8.75,200,Equity,Equity Securities (Main Board),4.24,4.245,4.29,4.175,5845000,24.78,4.403,4.368,-3.7,-2.93,0.12,-10.64,-0.12,162.7,162.7,162.7,162.7,162.7,-97.36,-97.36,-97.36,97.39,97.39,False,False,False,False,False,False,False,False,False,2026-09-24
2663,2663.HK,KPA-BM HLDGS,应力控股,2.12,"10,000",Equity,Equity Securities (Main Board),0.38,0.375,0.38,0.375,560000,0.21,0.381,0.393,-0.26,-3.43,2.7,0.0,1.33,0.52,0.52,0.86,0.52,0.52,-27.62,-27.62,-55.81,27.62,27.62,False,False,False,False,False,False,False,False,False,2026-09-24
2665,2665.HK,SEYOND,图达通,23.63,500,Equity,Equity Securities (Main Board),1.805,1.83,1.855,1.785,3691000,6.66,1.902,1.932,-5.1,-6.6,-2.17,-8.84,-6.48,13.98,17.88,17.88,13.98,17.88,-86.73,-89.63,-89.63,87.09,89.9,False,False,False,False,False,False,False,False,False,2026-09-24
2666,2666.HK,UNI MEDICAL,环球医疗,89.73,500,Equity,Equity Securities (Main Board),4.455,4.485,4.485,4.435,2630000,11.72,4.48,4.511,-0.56,-1.24,0.34,-1.55,-0.89,6.39,6.71,8.47,6.39,6.71,-29.81,-33.16,-47.05,30.28,33.61,False,False,False,False,False,False,False,False,False,2026-09-24
2667,2667.HK,TONGRENTANGCARE,同仁堂医养,5.06,500,Equity,Equity Securities (Main Board),2.32,2.25,2.355,2.23,39500,0.09,2.345,2.337,-1.07,-0.75,-2.11,-2.52,2.2,4.79,4.79,4.79,4.79,4.79,-50.84,-50.84,-50.84,51.57,51.57,False,False,False,False,False,False,False,False,False,2026-09-24
2668,2668.HK,PAK TAK INT'L,百德国际,27.31,"10,000",Equity,Equity Securities (Main Board),0.485,0.55,0.555,0.475,55050000,26.7,0.54,0.549,-10.19,-11.66,-9.35,-10.19,-25.38,0.69,1.4,1.4,0.69,1.4,-18.98,-60.36,-60.36,29.2,65.36,False,False,False,False,False,False,False,False,False,2026-09-24
2669,2669.HK,CHINA OVS PPT,中海物业,106.24,"5,000",Equity,Equity Securities (Main Board),3.235,3.275,3.295,3.225,2761333,8.93,3.283,3.294,-1.46,-1.79,-1.22,-1.82,-1.22,4.95,9.13,11.04,4.95,9.13,-33.43,-63.91,-70.15,34.65,64.57,False,False,False,False,False,False,False,False,False,2026-09-24
2672,2672.HK,BAIGE DIGITAL,白鸽在线,91.26,200,Equity,Equity Securities (Main Board),60.45,54.2,61.75,54.2,1342154,81.13,54.174,47.285,11.58,27.84,7.28,17.04,35.48,79.0,79.0,79.0,79.0,79.0,-21.84,-21.84,-21.84,23.48,23.48,True,True,False,False,False,False,False,False,False,2026-09-24
2675,2675.HK,EDGE MEDICAL-B,精锋医疗－Ｂ,122.19,100,Equity,Equity Securities (Main Board),37.54,37.96,37.96,36.64,185550,6.97,36.464,35.688,2.95,5.19,-0.27,5.63,10.61,73.7,73.7,73.7,73.7,73.7,-48.49,-48.49,-48.49,49.06,49.06,False,False,False,False,False,False,False,False,False,2026-09-24
2676,2676.HK,NOVOSENSE,纳芯微,35.77,100,Equity,Equity Securities (Main Board),178.0,181.5,183.0,176.0,127300,22.66,174.4,166.24,2.06,7.07,-2.47,4.71,11.39,252.0,252.0,252.0,252.0,252.0,-27.38,-27.38,-27.38,29.37,29.37,False,False,False,False,False,False,False,False,False,2026-09-24
2677,2677.HK,DISTINCT HEALTH,卓正医疗,14.85,50,Equity,Equity Securities (Main Board),23.0,23.88,24.38,22.34,1650,0.04,23.46,23.472,-1.96,-2.01,-2.54,0.17,-1.29,90.85,90.85,90.85,90.85,90.85,-73.16,-73.16,-73.16,74.68,74.68,False,False,False,False,False,False,False,False,False,2026-09-24
2678,2678.HK,TEXHONG INTL GP,天虹国际集团,49.37,500,Equity,Equity Securities (Main Board),5.385,5.52,5.52,5.31,68000,0.37,5.555,5.554,-3.06,-3.04,-2.53,-5.03,-0.28,7.64,7.64,14.56,7.64,7.64,-27.75,-27.75,-62.09,29.52,29.52,False,False,False,False,False,False,False,False,False,2026-09-24
2680,2680.HK,AUSTRAX HLDGS,南强控股,3.54,"2,000",Equity,Equity Securities (Main Board),5.9,5.905,5.905,5.9,30000,0.18,5.96,6.05,-1.01,-2.48,-1.67,0.0,-3.28,16.5,16.5,45.85,16.5,16.5,-64.21,-64.21,-87.12,64.24,64.24,False,False,False,False,False,False,False,False,False,2026-09-24
2682,2682.HK,YUN LEE MARINE,润利海事,1.31,"4,000",Equity,Equity Securities (Main Board),0.131,0.126,0.131,0.126,776000,0.1,0.127,0.127,3.31,2.91,5.65,4.8,-2.24,0.17,0.22,0.5,0.17,0.22,-24.71,-41.52,-73.8,24.71,41.52,False,False,False,True,False,False,False,False,False,2026-09-24
2685,2685.HK,QUANTGROUP,量化派,19.49,500,Equity,Equity Securities (Main Board),3.75,3.77,3.9,3.75,11415000,42.81,3.834,3.925,-2.19,-4.46,-0.53,-3.97,-3.1,43.36,43.36,43.36,43.36,43.36,-91.01,-91.01,-91.01,91.35,91.35,False,False,False,False,False,False,False,False,False,2026-09-24
2687,2687.HK,ABLE DIGI-50,卓越睿新（五十）,205.19,50,Equity,Equity Securities (Main Board),331.2,336.0,344.0,324.8,131950,43.7,332.6,340.16,-0.42,-2.63,-3.16,4.22,-6.07,374.6,374.6,374.6,374.6,374.6,-8.17,-8.17,-8.17,11.59,11.59,False,False,False,False,False,False,False,False,False,2026-09-24
2688,2688.HK,ENN ENERGY,新奥能源,549.17,100,Equity,Equity Securities (Main Board),48.52,47.94,48.52,47.6,4769990,231.44,48.792,49.015,-0.56,-1.01,1.21,-2.14,-1.14,72.0,79.55,178.8,72.0,79.55,-32.61,-39.01,-72.86,32.61,39.01,False,False,False,False,False,False,False,False,False,2026-09-24
2689,2689.HK,ND PAPER,玖龙纸业,283.88,"1,000",Equity,Equity Securities (Main Board),6.05,6.125,6.37,6.01,28281049,171.1,6.081,6.127,-0.51,-1.25,2.02,-2.42,-2.18,9.97,9.97,17.42,9.97,9.97,-36.11,-36.11,-63.43,39.32,39.32,False,False,False,False,False,False,False,False,False,2026-09-24
2692,2692.HK,ZHAOWEI,兆威机电,10.05,100,Equity,Equity Securities (Main Board),38.66,37.5,39.58,37.5,319700,12.36,38.432,37.838,0.59,2.17,1.58,0.16,5.05,94.8,94.8,94.8,94.8,94.8,-58.25,-58.25,-58.25,59.22,59.22,False,False,False,True,False,False,False,False,False,2026-09-24
2695,2695.HK,IMPRESSION DHP,印象大红袍,0.42,"1,000",Equity,Equity Securities (Main Board),1.15,1.14,1.15,1.14,37000,0.04,1.149,1.149,0.09,0.09,0.88,0.0,1.77,2.51,3.4,3.4,2.51,3.4,-54.18,-66.18,-66.18,54.18,66.18,False,False,False,True,False,False,False,False,False,2026-09-24
2696,2696.HK,HENLIUS,复宏汉霖,200.54,100,Equity,Equity Securities (Main Board),57.65,62.5,63.35,57.1,948800,54.7,61.5,61.005,-6.26,-5.5,-7.76,-10.69,-1.28,87.1,92.0,92.0,87.1,92.0,-27.27,-31.14,-31.14,33.81,37.34,False,False,False,False,False,False,False,False,False,2026-09-24
2697,2697.HK,TH MEDICAL-B,真健康医疗－Ｂ,94.46,20,Equity,Equity Securities (Main Board),265.0,265.0,291.2,257.0,134127,35.54,275.64,285.52,-3.86,-7.19,0.23,-7.99,-5.63,886.0,886.0,886.0,886.0,886.0,-67.13,-67.13,-67.13,70.09,70.09,False,False,False,False,False,False,False,False,False,2026-09-24
2698,2698.HK,SOFTCARE,乐舒适,173.83,200,Equity,Equity Securities (Main Board),28.0,28.02,28.88,27.66,754129,21.12,28.532,28.752,-1.86,-2.62,0.14,-3.31,-2.71,35.9,36.8,36.8,35.9,36.8,-19.55,-21.52,-21.52,22.01,23.91,False,False,False,False,False,False,False,False,False,2026-09-24
2699,2699.HK,XINMING CHINA,新明中国,1.33,"2,000",Equity,Equity Securities (Main Board),5.06,4.68,5.4,4.68,76800,0.39,5.584,5.63,-9.38,-10.13,-8.08,-12.0,-11.85,8.12,108.0,3159.85,8.12,108.0,-33.54,-95.0,-99.83,37.72,95.31,False,False,False,False,False,False,False,False,False,2026-09-24
2700,2700.HK,GREEN INTL HLDG,格林国际控股,3.96,"20,000",Equity,Equity Securities (Main Board),0.6,0.6,0.6,0.6,20000,0.01,0.599,0.597,0.17,0.59,0.0,0.0,0.84,0.72,0.72,6.01,0.72,0.72,-16.67,-16.67,-90.01,16.67,16.67,False,False,False,False,False,False,False,False,False,2026-09-24
2701,2701.HK,NSING TECH,国民技术,8.1,200,Equity,Equity Securities (Main Board),8.525,8.77,8.775,8.525,1222000,10.42,8.743,8.368,-2.49,1.88,-2.52,-3.94,7.17,17.14,17.14,17.14,17.14,17.14,-48.8,-48.8,-48.8,50.26,50.26,False,False,False,False,False,False,False,False,False,2026-09-24
2706,2706.HK,HAIZHI TECH GP,海致科技集团,171.79,200,Equity,Equity Securities (Main Board),42.5,43.46,43.64,41.28,784200,33.33,43.312,42.338,-1.87,0.38,-0.47,-0.23,2.61,161.6,161.6,161.6,161.6,161.6,-73.0,-73.0,-73.0,73.7,73.7,False,False,False,False,False,False,False,False,False,2026-09-24
2714,2714.HK,MUYUAN,牧原股份,111.87,100,Equity,Equity Securities (Main Board),36.3,37.82,37.82,36.02,2248300,81.61,37.488,37.692,-3.17,-3.69,-4.02,-5.52,-3.25,50.7,50.7,50.7,50.7,50.7,-25.4,-25.4,-25.4,28.4,28.4,False,False,False,False,False,False,False,False,False,2026-09-24
2715,2715.HK,ESTUN,埃斯顿,14.12,200,Equity,Equity Securities (Main Board),14.59,14.71,15.36,14.56,4812700,70.22,14.792,14.655,-1.37,-0.44,0.14,-2.67,-1.15,26.18,26.18,26.18,26.18,26.18,-41.33,-41.33,-41.33,44.27,44.27,False,False,False,False,False,False,False,False,False,2026-09-24
2718,2718.HK,MININGLAMP-W,明略科技－Ｗ,55.94,40,Equity,Equity Securities (Main Board),40.52,40.9,41.7,40.36,772380,31.3,41.932,41.706,-3.37,-2.84,-0.83,-7.23,0.25,357.0,357.0,357.0,357.0,357.0,-88.32,-88.32,-88.32,88.65,88.65,False,False,False,False,False,False,False,False,False,2026-09-24
2720,2720.HK,RIDGE OUTDOOR,乐欣户外,32.38,500,Equity,Equity Securities (Main Board),25.26,25.52,25.52,25.22,7000,0.18,26.176,27.016,-3.5,-6.5,-0.39,-6.38,-8.54,39.5,39.5,39.5,39.5,39.5,-35.39,-35.39,-35.39,36.05,36.05,False,False,False,False,False,False,False,False,False,2026-09-24
2722,2722.HK,CHONGQING M&E,重庆机电,18.54,"2,000",Equity,Equity Securities (Main Board),1.685,1.69,1.705,1.67,2078000,3.5,1.713,1.725,-1.63,-2.29,-0.3,-3.99,-1.46,3.82,3.82,3.82,3.82,3.82,-55.37,-55.37,-55.37,55.89,55.89,False,False,False,False,False,False,False,False,False,2026-09-24
2723,2723.HK,DEEPZERO,深演智能,397.54,100,Equity,Equity Securities (Main Board),438.4,440.0,460.0,428.4,171060,74.99,450.0,474.32,-2.58,-7.57,-3.18,-2.97,-6.28,1006.0,1006.0,1006.0,1006.0,1006.0,-54.27,-54.27,-54.27,56.42,56.42,False,False,False,False,False,False,False,False,False,2026-09-24
2726,2726.HK,EPIWORLD,瀚天天成,106.02,50,Equity,Equity Securities (Main Board),89.15,82.9,90.95,82.0,425250,37.91,83.96,87.055,6.18,2.41,8.06,6.96,4.03,141.0,141.0,141.0,141.0,141.0,-35.5,-35.5,-35.5,36.77,36.77,False,False,False,True,False,False,False,False,False,2026-09-24
2727,2727.HK,SH ELECTRIC,上海电气,87.73,"2,000",Equity,Equity Securities (Main Board),3.0,2.95,3.01,2.915,16272000,48.82,2.98,2.944,0.67,1.88,1.87,1.52,4.53,5.33,5.71,5.71,5.33,5.71,-43.53,-47.29,-47.29,43.71,47.46,False,False,False,True,False,False,False,False,False,2026-09-24
2729,2729.HK,GALAXIS TECH,凯乐士科技,120.15,200,Equity,Equity Securities (Main Board),28.08,25.76,32.48,25.38,3421289,96.07,28.108,32.754,-0.1,-14.27,8.92,-1.68,-11.7,47.0,47.0,47.0,47.0,47.0,-30.89,-30.89,-30.89,40.26,40.26,False,False,False,False,False,False,False,False,False,2026-09-24
2738,2738.HK,HUAJIN INTL,华津国际控股,1.1,"2,000",Equity,Equity Securities (Main Board),0.183,0.177,0.241,0.171,12294000,2.25,0.168,0.188,8.8,-2.61,10.91,10.91,5.78,0.54,1.99,3.25,0.54,1.99,-54.95,-87.89,-92.58,65.79,90.8,False,False,False,False,False,False,False,False,False,2026-09-24
2768,2768.HK,GON TECHNOLOGY,国恩科技,19.44,200,Equity,Equity Securities (Main Board),43.78,46.22,46.88,43.48,1241336,54.35,44.48,41.22,-1.57,6.21,-6.69,1.06,10.5,59.3,59.3,59.3,59.3,59.3,-20.94,-20.94,-20.94,26.17,26.17,False,False,False,False,False,False,False,False,False,2026-09-24
2772,2772.HK,ZHONGLIANG HLDG,中梁控股,1.43,500,Equity,Equity Securities (Main Board),0.032,0.033,0.033,0.031,2558500,0.08,0.032,0.032,1.27,0.31,-3.03,3.23,6.67,0.07,0.56,6.56,0.07,0.56,-55.41,-94.11,-99.5,56.76,94.29,False,False,False,True,False,False,False,False,False,2026-09-24
2777,2777.HK,R&F PROPERTIES,富力地产,5.03,400,Equity,Equity Securities (Main Board),0.134,0.137,0.137,0.129,1744400,0.23,0.125,0.125,7.03,7.37,3.88,7.2,8.94,0.65,3.45,23.85,0.65,3.45,-78.92,-96.03,-99.43,79.38,96.12,False,False,False,False,False,False,False,False,False,2026-09-24
2788,2788.HK,CHUANGXIN IND,创新实业,312.91,500,Equity,Equity Securities (Main Board),15.08,15.83,15.88,14.96,8413907,126.88,16.128,16.254,-6.5,-7.22,-4.8,-11.08,-8.22,33.96,33.96,33.96,33.96,33.96,-53.24,-53.24,-53.24,55.59,55.59,False,False,False,False,False,False,False,False,False,2026-09-24
2797,2797.HK,QIYUNSHAN FOOD,齐云山食品,18.99,500,Equity,Equity Securities (Main Board),75.95,75.95,79.95,67.0,88000,6.68,73.08,76.535,3.93,-0.76,0.53,5.05,9.36,118.7,118.7,118.7,118.7,118.7,-32.65,-32.65,-32.65,36.02,36.02,True,False,False,False,False,False,False,False,False,2026-09-24
2798,2798.HK,PER ENERGY,久泰邦达能源,14.72,"5,000",Equity,Equity Securities (Main Board),0.92,0.87,0.92,0.86,180000,0.17,0.903,0.899,1.88,2.34,2.22,2.22,0.55,1.27,1.33,16.7,1.27,1.33,-27.56,-30.83,-94.49,27.56,30.83,False,False,False,True,False,False,False,False,False,2026-09-24
2799,2799.HK,CITIC FAMC,中信金融资产,222.78,"1,000",Equity,Equity Securities (Main Board),0.63,0.625,0.635,0.615,17728950,11.17,0.635,0.627,-0.79,0.48,0.0,-1.56,1.61,0.92,1.41,4.13,0.92,1.41,-30.98,-54.96,-84.62,31.52,55.32,False,False,False,False,False,False,False,False,False,2026-09-24
2858,2858.HK,YIXIN,易鑫集团,71.07,500,Equity,Equity Securities (Main Board),1.045,1.06,1.065,1.035,21484000,22.45,1.083,1.093,-3.51,-4.39,-2.34,-5.86,-3.24,2.94,3.3,10.18,2.94,3.3,-63.78,-67.73,-89.54,64.46,68.33,False,False,False,False,False,False,False,False,False,2026-09-24
2863,2863.HK,GOLDEN FAITH GP,高丰集团控股,5.34,"3,000",Equity,Equity Securities (Main Board),0.775,0.77,0.785,0.755,159000,0.12,0.787,0.789,-1.52,-1.84,-3.13,-3.13,-2.52,1.11,1.11,1.14,1.11,1.11,-29.28,-29.28,-31.14,30.18,30.18,False,False,False,False,False,False,False,False,False,2026-09-24
2865,2865.HK,DRINDA,钧达股份,9.85,100,Equity,Equity Securities (Main Board),12.0,12.3,12.38,11.95,1905600,22.87,12.208,11.996,-1.7,0.03,-0.33,-3.38,2.48,52.6,52.6,52.6,52.6,52.6,-76.46,-76.46,-76.46,77.19,77.19,False,False,False,False,False,False,False,False,False,2026-09-24
2866,2866.HK,COSCO SHIP DEV,中远海发,30.62,"1,000",Equity,Equity Securities (Main Board),0.895,0.895,0.9,0.885,6511000,5.83,0.915,0.923,-2.19,-3.03,0.0,-4.28,-4.28,1.71,1.71,2.04,1.71,1.71,-47.37,-47.37,-55.88,47.66,47.66,False,False,False,False,False,False,False,False,False,2026-09-24
2869,2869.HK,GREENTOWN SER,绿城服务,129.48,"2,000",Equity,Equity Securities (Main Board),4.16,4.22,4.22,4.115,2303000,9.58,4.132,4.14,0.68,0.5,-0.12,1.22,0.73,4.91,5.63,13.76,4.91,5.63,-14.05,-25.04,-69.33,15.27,26.11,False,False,False,True,False,False,False,False,False,2026-09-24
2877,2877.HK,SHINEWAY PHARM,神威药业,69.1,"1,000",Equity,Equity Securities (Main Board),8.355,8.25,8.4,8.15,2422000,20.24,8.212,8.137,1.74,2.68,0.84,3.02,0.66,10.47,10.76,18.54,10.47,10.76,-19.77,-21.93,-54.69,20.2,22.35,True,False,False,False,False,False,False,False,False,2026-09-24
2878,2878.HK,SOLOMON SYSTECH,晶门半导体,6.07,"2,000",Equity,Equity Securities (Main Board),0.243,0.24,0.244,0.238,342000,0.08,0.243,0.243,-0.16,-0.12,1.25,-1.62,0.41,0.49,0.96,1.45,0.49,0.96,-50.2,-74.58,-83.17,50.41,74.69,False,False,False,False,False,False,False,False,False,2026-09-24
2880,2880.HK,LIAONING PORT,辽港股份,34.82,"2,000",Equity,Equity Securities (Main Board),0.675,0.675,0.675,0.665,1425000,0.96,0.678,0.676,-0.44,-0.15,-0.74,0.0,0.0,1.08,1.12,1.63,1.08,1.12,-37.5,-39.73,-58.59,37.5,39.73,False,False,False,False,False,False,False,False,False,2026-09-24
2883,2883.HK,CHINA OILFIELD,中海油田服务,136.29,"2,000",Equity,Equity Securities (Main Board),7.525,7.435,7.625,7.435,12478067,93.9,7.538,7.628,-0.17,-1.36,0.13,-2.08,-0.99,11.74,11.74,13.26,11.74,11.74,-35.05,-35.05,-42.5,35.9,35.9,False,False,False,False,False,False,False,False,False,2026-09-24
2885,2885.HK,PEIPORT HOLD,彼岸控股,3.74,"2,000",Equity,Equity Securities (Main Board),0.935,0.935,0.935,0.915,184000,0.17,0.921,0.921,1.52,1.52,0.0,2.75,1.63,0.96,0.99,1.2,0.96,0.99,-2.6,-5.56,-22.08,2.6,5.56,False,False,True,True,False,False,False,True,True,2026-09-24
2888,2888.HK,STANCHART,渣打集团,5139.76,50,Equity,Equity Securities (Main Board),236.0,237.6,238.4,234.8,432697,102.12,241.28,242.02,-2.19,-2.49,-1.67,-4.07,-3.04,248.8,248.8,248.8,248.8,248.8,-4.18,-4.18,-4.18,5.14,5.14,False,False,False,False,False,False,False,True,True,2026-09-24
2889,2889.HK,PATEO,博泰车联,67.45,20,Equity,Equity Securities (Main Board),76.9,77.3,81.85,76.15,532833,40.97,83.53,84.16,-7.94,-8.63,-0.52,-13.01,-9.58,288.8,288.8,288.8,288.8,288.8,-71.66,-71.66,-71.66,73.37,73.37,False,False,False,False,False,False,False,False,False,2026-09-24
2899,2899.HK,ZIJIN MINING,紫金矿业,1959.58,"2,000",Equity,Equity Securities (Main Board),32.72,33.06,33.2,32.2,45084696,1475.17,33.736,33.97,-3.01,-3.68,-2.56,-4.38,-3.37,46.98,46.98,46.98,46.98,46.98,-29.33,-29.33,-29.33,30.35,30.35,False,False,False,False,False,False,False,False,False,2026-09-24
2913,2913.HK,TIAN CHENG-OLD,天成控股（旧）,0.27,"1,000",Equity,Equity Securities (Main Board),0.63,0.6,0.6,0.58,3000,0.0,0.633,0.645,-0.47,-2.33,-10.64,8.62,-10.64,0.84,0.84,0.84,0.84,0.84,-28.57,-28.57,-28.57,25.0,25.0,False,False,False,False,False,False,False,False,False,2026-09-24
2921,2921.HK,CAPITAL IND-OLD,首惠产业金融－旧,4.74,20,Equity,Equity Securities (Main Board),6.0,6.25,6.25,6.0,15480,0.09,6.126,6.041,-2.06,-0.68,-5.21,-3.23,0.42,6.35,6.35,6.35,6.35,6.35,-1.57,-1.57,-1.57,5.51,5.51,False,False,False,False,False,False,False,True,True,2026-09-24
3200,3200.HK,HANS CNC,大族数控,60.28,100,Equity,Equity Securities (Main Board),103.9,109.0,109.0,102.6,1239800,128.82,109.48,107.165,-5.1,-3.05,-4.5,-6.9,-2.99,205.8,205.8,205.8,205.8,205.8,-47.04,-47.04,-47.04,49.51,49.51,False,False,False,False,False,False,False,False,False,2026-09-24
3223,3223.HK,INGENIC,君正股份,31.04,100,Equity,Equity Securities (Main Board),99.2,102.7,102.7,98.0,350400,34.76,101.36,98.81,-2.13,0.39,-2.27,-5.16,2.8,108.6,108.6,108.6,108.6,108.6,-5.43,-5.43,-5.43,8.66,8.66,False,False,False,False,False,False,False,True,True,2026-09-24
3231,3231.HK,EXCELLAND ROBOT,优地机器人,114.02,200,Equity,Equity Securities (Main Board),40.4,39.46,40.8,38.04,93000,3.76,39.772,39.21,1.58,3.03,2.38,4.12,6.82,48.0,48.0,48.0,48.0,48.0,-15.0,-15.0,-15.0,15.83,15.83,True,False,False,True,False,False,False,False,False,2026-09-24
3268,3268.HK,MEIG,美格智能,7.54,100,Equity,Equity Securities (Main Board),18.74,19.64,19.46,18.71,236900,4.44,19.572,19.237,-4.25,-2.58,-4.14,-5.73,-1.42,34.3,34.3,34.3,34.3,34.3,-43.27,-43.27,-43.27,45.36,45.36,False,False,False,False,False,False,False,False,False,2026-09-24
3277,3277.HK,GPIXEL,长光辰芯,231.57,100,Equity,Equity Securities (Main Board),76.95,75.35,77.4,73.75,607773,46.77,79.25,79.115,-2.9,-2.74,2.06,-7.51,-0.77,117.0,117.0,117.0,117.0,117.0,-33.85,-33.85,-33.85,34.23,34.23,False,False,False,False,False,False,False,False,False,2026-09-24
3288,3288.HK,HAITIAN FLAV,海天味业,79.91,100,Equity,Equity Securities (Main Board),27.44,27.24,27.56,27.0,2412485,66.2,27.148,27.034,1.08,1.5,1.03,1.18,3.16,38.38,38.38,38.38,38.38,38.38,-28.19,-28.19,-28.19,28.5,28.5,False,False,False,True,False,False,False,False,False,2026-09-24
3296,3296.HK,HUAQIN,华勤技术,66.78,100,Equity,Equity Securities (Main Board),70.85,72.0,73.35,70.1,575540,40.78,71.78,70.73,-1.3,0.17,-0.56,-3.41,1.29,101.0,101.0,101.0,101.0,101.0,-27.38,-27.38,-27.38,29.85,29.85,False,False,False,False,False,False,False,False,False,2026-09-24
3300,3300.HK,CHINA GLASS,中国玻璃,5.6,"2,000",Equity,Equity Securities (Main Board),0.305,0.305,0.31,0.3,4244000,1.29,0.303,0.3,0.66,1.67,0.0,1.67,5.17,0.69,0.95,4.5,0.69,0.95,-55.07,-67.37,-93.11,55.8,67.89,False,False,False,False,False,False,False,False,False,2026-09-24
3301,3301.HK,RONSHINECHINA,融信中国,1.3,500,Equity,Equity Securities (Main Board),0.077,0.077,0.077,0.072,1470000,0.11,0.07,0.07,9.69,9.53,0.0,11.59,20.31,0.19,2.19,14.64,0.19,2.19,-59.9,-96.48,-99.47,59.9,96.48,False,False,False,False,False,False,False,False,False,2026-09-24
3302,3302.HK,KINERGY,精技集团,3.41,"2,000",Equity,Equity Securities (Main Board),0.37,0.345,0.375,0.345,328000,0.12,0.332,0.316,11.45,17.27,10.45,15.63,23.33,0.68,0.68,1.31,0.68,0.68,-44.85,-44.85,-71.37,45.59,45.59,False,False,False,False,False,False,False,False,False,2026-09-24
3303,3303.HK,JUTAL OIL SER,巨涛海洋石油服务,9.46,"2,000",Equity,Equity Securities (Main Board),0.38,0.375,0.38,0.375,6000,0.0,0.386,0.386,-1.55,-1.55,-1.3,-2.56,-1.3,0.61,0.95,3.39,0.61,0.95,-37.7,-60.0,-88.79,37.7,60.0,False,False,False,False,False,False,False,False,False,2026-09-24
3306,3306.HK,JNBY,江南布衣,117.86,500,Equity,Equity Securities (Main Board),22.1,21.9,22.32,21.6,2705500,59.79,21.748,21.622,1.62,2.21,1.56,2.41,1.56,22.96,22.96,22.96,22.96,22.96,-2.79,-2.79,-2.79,3.75,3.75,False,False,True,True,False,False,False,True,True,2026-09-24
3308,3308.HK,ZJ INNOLIGHT,中际旭创,735.8,50,Equity,Equity Securities (Main Board),1174.0,1171.0,1209.0,1129.0,1396130,1639.06,1207.6,1165.0,-2.78,0.77,-1.34,-6.08,2.09,1322.0,1322.0,1322.0,1322.0,1322.0,-8.55,-8.55,-8.55,11.2,11.2,False,False,False,False,False,False,False,False,False,2026-09-24
3309,3309.HK,C-MER MEDICAL,希玛医疗,9.42,"2,000",Equity,Equity Securities (Main Board),0.78,0.82,0.82,0.73,2090000,1.63,0.818,0.826,-4.65,-5.63,-6.59,-7.14,-8.24,1.71,3.98,19.9,1.71,3.98,-52.05,-79.4,-95.88,54.39,80.4,False,False,False,False,False,False,False,False,False,2026-09-24
3310,3310.HK,VIEWTRIX TECH,云英谷科技,113.55,200,Equity,Equity Securities (Main Board),26.06,26.62,27.3,26.0,721800,18.81,27.332,26.136,-4.65,-0.29,-2.1,-7.98,-4.89,44.38,44.38,44.38,44.38,44.38,-38.49,-38.49,-38.49,41.28,41.28,False,False,False,False,False,False,False,False,False,2026-09-24
3311,3311.HK,CHINA STATE CON,中国建筑国际,447.4,"2,000",Equity,Equity Securities (Main Board),8.47,8.375,8.49,8.305,6223671,52.71,8.398,8.262,0.86,2.52,1.13,1.38,3.8,9.87,13.18,14.47,9.87,13.18,-13.98,-35.58,-41.34,14.18,35.74,False,False,False,False,False,False,False,False,False,2026-09-24
3315,3315.HK,GOLDPAC GROUP,金邦达宝嘉,4.83,"1,000",Equity,Equity Securities (Main Board),0.6,0.615,0.615,0.6,419000,0.25,0.606,0.609,-0.99,-1.4,-1.64,-0.83,-2.44,0.89,1.53,3.05,0.89,1.53,-30.9,-59.8,-79.84,32.58,60.78,False,False,False,False,False,False,False,False,False,2026-09-24
3316,3316.HK,BINJIANG SER,滨江服务,57.44,500,Equity,Equity Securities (Main Board),20.78,20.64,20.84,20.56,186000,3.87,20.712,20.82,0.33,-0.19,-0.29,0.58,1.37,26.94,27.6,37.3,26.94,27.6,-22.64,-24.49,-44.13,22.87,24.71,False,False,True,False,False,False,False,False,False,2026-09-24
3317,3317.HK,XUNCE,迅策,294.29,100,Equity,Equity Securities (Main Board),106.9,101.8,108.6,100.2,2047467,218.87,104.24,100.885,2.55,5.96,5.74,-0.09,8.14,382.8,382.8,382.8,382.8,382.8,-71.63,-71.63,-71.63,72.07,72.07,False,False,False,True,False,False,False,False,False,2026-09-24
3318,3318.HK,CHINA BOTON,中国波顿,34.23,"2,000",Equity,Equity Securities (Main Board),3.26,3.23,3.26,3.18,536000,1.75,3.205,3.202,1.72,1.83,0.93,1.87,0.15,3.35,3.35,13.4,3.35,3.35,-2.54,-2.54,-75.67,2.54,2.54,False,False,False,True,False,False,False,True,True,2026-09-24
3319,3319.HK,A-LIVING,雅生活服务,23.05,250,Equity,Equity Securities (Main Board),1.625,1.625,1.655,1.62,564750,0.92,1.609,1.616,0.99,0.56,0.31,-1.22,2.52,2.93,4.73,48.55,2.93,4.73,-43.52,-65.01,-96.59,44.54,65.64,False,False,False,False,False,False,False,False,False,2026-09-24
3320,3320.HK,CHINARES PHARMA,华润医药,272.03,500,Equity,Equity Securities (Main Board),4.33,4.365,4.365,4.29,5825500,25.22,4.35,4.311,-0.46,0.43,-0.8,-1.14,1.29,6.53,7.11,13.16,6.53,7.11,-33.15,-38.61,-66.83,33.69,39.1,False,False,False,False,False,False,False,False,False,2026-09-24
3321,3321.HK,ZHONGKE GROUP,中科集团控股,0.92,"10,000",Equity,Equity Securities (Main Board),1.19,1.25,1.275,1.07,1256000,1.49,1.075,1.029,10.7,15.65,-6.67,22.68,21.43,2.2,12.8,79.9,2.2,12.8,-42.05,-90.04,-98.4,45.91,90.7,False,False,True,False,False,False,False,False,False,2026-09-24
3323,3323.HK,CNBM,中国建材,118.0,"2,000",Equity,Equity Securities (Main Board),3.175,3.27,3.27,3.13,65142250,206.83,3.244,3.308,-2.13,-4.04,-2.91,-4.65,-5.22,7.26,7.26,14.08,7.26,7.26,-54.96,-54.96,-76.78,56.27,56.27,False,False,False,False,False,False,False,False,False,2026-09-24
3328,3328.HK,BANKCOMM,交通银行,2900.73,"1,000",Equity,Equity Securities (Main Board),8.285,8.16,8.3,8.16,25156586,208.42,8.227,8.172,0.7,1.39,0.91,0.3,1.28,8.27,8.27,8.27,8.3,8.3,0.42,0.42,0.42,0.18,0.18,False,False,False,True,True,True,True,True,True,2026-09-24
3329,3329.HK,BOCOM INTL,交银国际,11.48,"1,000",Equity,Equity Securities (Main Board),0.42,0.465,0.465,0.42,3343000,1.4,0.465,0.465,-9.68,-9.68,-9.68,-13.4,-10.64,0.8,1.08,2.77,0.8,1.08,-41.88,-56.94,-83.21,47.5,61.11,False,False,False,False,False,False,False,False,False,2026-09-24
3330,3330.HK,LINGBAO GOLD,灵宝黄金,251.21,100,Equity,Equity Securities (Main Board),21.0,21.68,21.86,20.84,24165395,507.47,22.532,23.08,-6.8,-9.01,-4.55,-9.56,-12.35,31.2,31.2,31.2,31.2,31.2,-29.94,-29.94,-29.94,32.69,32.69,False,False,False,False,False,False,False,False,False,2026-09-24
3332,3332.HK,SINOLIFE UTD,中生联合,1.74,"2,000",Equity,Equity Securities (Main Board),0.184,0.188,0.188,0.184,16000,0.0,0.175,0.166,5.26,10.84,0.0,12.88,6.36,0.46,0.93,2.12,0.46,0.93,-59.13,-79.78,-91.13,60.0,80.22,False,False,False,False,False,False,False,False,False,2026-09-24
3336,3336.HK,JU TENG INTL,巨腾国际,27.6,"2,000",Equity,Equity Securities (Main Board),2.3,2.31,2.31,2.275,450000,1.03,2.379,2.371,-3.32,-2.99,-0.43,-5.93,-4.56,5.52,5.52,5.52,5.52,5.52,-58.15,-58.15,-58.15,58.33,58.33,False,False,False,False,False,False,False,False,False,2026-09-24
3337,3337.HK,ANTON OILFIELD,安东油田服务,25.51,"2,000",Equity,Equity Securities (Main Board),0.85,0.855,0.865,0.85,780598,0.66,0.862,0.889,-1.39,-4.33,-0.58,-3.41,-7.61,1.37,1.62,1.66,1.37,1.62,-36.86,-46.6,-47.89,37.96,47.53,False,False,False,False,False,False,False,False,False,2026-09-24
3339,3339.HK,LONKING,中国龙工,135.47,"1,000",Equity,Equity Securities (Main Board),3.165,3.2,3.21,3.145,6352000,20.1,3.222,3.282,-1.77,-3.55,-0.47,-3.21,-4.52,3.62,3.62,4.46,3.62,3.62,-11.33,-11.33,-28.03,12.57,12.57,False,False,False,False,False,False,False,False,False,2026-09-24
3347,3347.HK,TIGERMED,泰格医药,55.53,100,Equity,Equity Securities (Main Board),45.1,46.3,47.2,45.0,713008,32.16,45.992,44.934,-1.94,0.37,-3.55,-2.42,-1.18,57.0,60.6,199.9,57.0,60.6,-17.19,-22.11,-76.39,20.88,25.58,False,False,False,False,False,False,False,False,False,2026-09-24
3348,3348.HK,CHINA PENGFEI,中国鹏飞集团,6.55,"2,000",Equity,Equity Securities (Main Board),1.31,1.33,1.33,1.265,70000,0.09,1.318,1.339,-0.61,-2.17,0.77,0.0,-3.68,1.5,1.5,1.6,1.5,1.5,-11.33,-11.33,-16.87,12.67,12.67,False,False,False,False,False,False,False,False,False,2026-09-24
3355,3355.HK,FS.COM,飞速创新,162.24,100,Equity,Equity Securities (Main Board),40.18,38.68,41.76,37.62,598700,24.06,40.364,40.082,-0.46,0.24,2.4,0.0,-4.52,57.0,57.0,57.0,57.0,57.0,-26.74,-26.74,-26.74,29.51,29.51,False,False,False,False,False,False,False,False,False,2026-09-24
3360,3360.HK,FE HORIZON,远东宏信,310.58,"1,000",Equity,Equity Securities (Main Board),6.445,6.4,6.455,6.315,3785100,24.39,6.446,6.514,-0.02,-1.06,0.7,-1.15,-0.23,8.28,8.54,9.33,8.28,8.54,-22.04,-24.41,-30.81,22.16,24.53,False,False,False,False,False,False,False,False,False,2026-09-24
3368,3368.HK,PARKSON GROUP,百盛集团,3.5,500,Equity,Equity Securities (Main Board),0.133,0.13,0.136,0.127,117500,0.02,0.136,0.135,-2.35,-1.19,-2.21,-5.0,-2.92,0.21,0.22,1.51,0.21,0.22,-34.93,-38.18,-90.99,36.36,39.55,False,False,False,False,False,False,False,False,False,2026-09-24
3369,3369.HK,QHD PORT,秦港股份,19.79,500,Equity,Equity Securities (Main Board),2.385,2.34,2.385,2.34,273000,0.65,2.372,2.394,0.55,-0.4,1.06,1.92,-0.83,3.16,4.04,4.04,3.16,4.04,-24.53,-40.97,-40.97,24.53,40.97,True,False,False,False,False,False,False,False,False,2026-09-24
3377,3377.HK,SINO-OCEAN GP,远洋集团,5.07,500,Equity,Equity Securities (Main Board),0.04,0.04,0.04,0.039,8324611,0.33,0.04,0.04,1.01,-0.99,0.0,0.0,0.0,0.11,0.75,6.77,0.11,0.75,-63.64,-94.67,-99.41,63.64,94.67,False,False,True,False,False,False,False,False,False,2026-09-24
3378,3378.HK,HANXBIO-B,翰思艾泰－Ｂ,37.54,100,Equity,Equity Securities (Main Board),28.0,27.04,28.0,27.04,2800,0.08,28.288,28.546,-1.02,-1.91,0.14,-5.53,-5.08,33.8,33.8,33.8,33.8,33.8,-17.16,-17.16,-17.16,17.16,17.16,False,False,False,False,False,False,False,False,False,2026-09-24
3380,3380.HK,LOGAN GROUP,龙光集团,69.65,"1,000",Equity,Equity Securities (Main Board),1.225,1.22,1.245,1.19,7224000,8.85,1.245,1.259,-1.61,-2.74,-1.21,-2.78,-2.0,1.93,1.93,15.42,1.93,1.93,-35.49,-35.49,-91.93,36.53,36.53,False,False,False,False,False,False,False,False,False,2026-09-24
3382,3382.HK,TIANJINPORT DEV,天津港发展,37.56,"2,000",Equity,Equity Securities (Main Board),0.61,0.615,0.62,0.61,554000,0.34,0.614,0.616,-0.65,-0.89,-0.81,-0.81,-1.61,0.73,0.77,1.68,0.73,0.77,-15.07,-19.48,-63.1,16.44,20.78,False,False,False,False,False,False,False,False,False,2026-09-24
3383,3383.HK,AGILE GROUP,雅居乐集团,7.11,"2,000",Equity,Equity Securities (Main Board),0.141,0.134,0.147,0.134,936216,0.13,0.14,0.143,1.0,-1.61,3.68,-2.76,-4.08,0.32,2.39,17.84,0.32,2.39,-54.77,-93.85,-99.18,56.62,94.1,False,False,False,False,False,False,False,False,False,2026-09-24
3388,3388.HK,CREALITY,创想三维,127.87,150,Equity,Equity Securities (Main Board),26.76,27.0,27.26,25.22,1616100,43.25,25.188,23.146,6.24,15.61,-0.07,9.76,26.82,34.0,34.0,34.0,34.0,34.0,-19.82,-19.82,-19.82,21.29,21.29,False,False,False,False,False,False,False,False,False,2026-09-24
3389,3389.HK,HENGDELI,亨得利,15.41,"4,000",Equity,Equity Securities (Main Board),0.35,0.34,0.35,0.34,290600,0.1,0.335,0.318,4.48,10.06,0.0,6.06,11.11,0.44,0.44,1.29,0.44,0.44,-19.54,-19.54,-72.87,19.54,19.54,False,False,False,False,False,False,False,False,False,2026-09-24
3390,3390.HK,TYCOON GROUP,满贯集团,2.22,"2,000",Equity,Equity Securities (Main Board),0.248,0.24,0.248,0.235,56000,0.01,0.248,0.249,-0.16,-0.44,0.0,-0.4,-0.4,0.38,5.95,6.25,0.38,5.95,-35.58,-95.83,-96.03,35.58,95.83,False,False,False,False,False,False,False,False,False,2026-09-24
3393,3393.HK,WASION HOLDINGS,威胜控股,136.27,"2,000",Equity,Equity Securities (Main Board),13.17,13.52,13.52,12.88,4736312,62.38,13.552,13.749,-2.82,-4.21,-1.64,-4.15,-4.63,33.8,33.8,33.8,33.8,33.8,-60.0,-60.0,-60.0,61.04,61.04,False,False,False,False,False,False,False,False,False,2026-09-24
3395,3395.HK,JX ENERGY,吉星新能源,2.0,"1,000",Equity,Equity Securities (Main Board),0.23,0.23,0.23,0.193,74000,0.02,0.222,0.213,3.51,7.83,0.0,1.77,4.55,0.61,1.68,3.29,0.61,1.68,-62.3,-86.31,-93.01,62.3,86.31,False,False,False,True,False,False,False,False,False,2026-09-24
3396,3396.HK,LEGENDHOLDING,联想控股,328.14,100,Equity,Equity Securities (Main Board),25.8,25.68,26.0,24.88,14997970,386.95,24.1,21.621,7.05,19.33,0.62,11.21,30.43,25.78,25.78,36.6,26.0,26.0,0.85,0.85,-28.96,0.77,0.77,True,True,False,False,True,True,False,True,True,2026-09-24
3398,3398.HK,CHINA TING,华鼎控股,1.76,"2,000",Equity,Equity Securities (Main Board),0.084,0.09,0.09,0.073,50000,0.0,0.075,0.067,11.7,24.81,6.33,7.69,40.0,0.16,0.34,0.63,0.16,0.34,-44.79,-73.53,-85.71,48.47,75.29,False,False,False,False,False,False,False,False,False,2026-09-24
3399,3399.HK,YUEYUN TRANS,粤运交通,2.47,"1,000",Equity,Equity Securities (Main Board),1.195,1.21,1.21,1.19,3000,0.0,1.2,1.209,-0.42,-1.12,-1.65,-2.05,3.02,1.73,2.06,6.57,1.73,2.06,-30.06,-41.26,-81.58,30.92,41.99,False,False,False,False,False,False,False,False,False,2026-09-24
3600,3600.HK,MODERN DENTAL,现代牙科,74.83,"1,000",Equity,Equity Securities (Main Board),8.01,8.01,8.25,8.01,325779,2.61,8.031,7.825,-0.26,2.36,-1.11,-0.5,3.02,8.55,8.55,11.0,8.55,8.55,-3.45,-3.45,-25.0,6.26,6.26,False,False,False,False,False,False,False,True,True,2026-09-24
3601,3601.HK,LUDASHI,鲁大师,1.56,"1,000",Equity,Equity Securities (Main Board),0.58,0.58,0.6,0.58,20000,0.01,0.562,0.56,3.2,3.57,4.5,3.57,5.45,0.98,1.3,11.16,0.98,1.3,-38.78,-53.85,-94.62,40.82,55.38,False,False,False,False,False,False,False,False,False,2026-09-24
3603,3603.HK,XINJI SHAXI,信基沙溪,1.16,"3,000",Equity,Equity Securities (Main Board),0.078,0.074,0.074,0.074,24000,0.0,0.084,0.084,-7.36,-7.36,-11.36,-9.3,-6.02,0.12,0.23,3.5,0.12,0.23,-38.84,-68.38,-97.89,35.54,66.67,False,False,False,False,False,False,False,False,False,2026-09-24
3606,3606.HK,FUYAO GLASS,福耀玻璃,332.2,400,Equity,Equity Securities (Main Board),54.75,53.55,54.8,53.35,3139219,171.87,54.67,54.945,0.15,-0.35,1.77,-1.71,-0.82,68.95,86.0,86.0,68.95,86.0,-20.52,-36.28,-36.28,20.59,36.34,False,False,False,False,False,False,False,False,False,2026-09-24
3613,3613.HK,TONGRENTANGCM,同仁堂国药,45.91,"1,000",Equity,Equity Securities (Main Board),5.485,5.57,5.57,5.435,2336000,12.81,5.561,5.688,-1.37,-3.56,-1.35,-1.7,-2.49,9.38,13.44,17.94,9.38,13.44,-40.62,-58.56,-68.95,41.52,59.19,False,False,False,False,False,False,False,False,False,2026-09-24
3616,3616.HK,EVER REACH GP,恒达集团控股,2.4,"2,000",Equity,Equity Securities (Main Board),0.2,0.204,0.204,0.2,200000,0.04,0.201,0.199,-0.7,0.7,-1.96,-3.38,11.11,0.28,0.88,1.73,0.28,0.88,-27.14,-76.82,-88.21,28.57,77.27,False,False,False,False,False,False,False,False,False,2026-09-24
3618,3618.HK,CQRC BANK,重庆农村商业银行,159.6,"1,000",Equity,Equity Securities (Main Board),6.35,6.32,6.44,6.245,5957943,37.83,6.314,6.293,0.57,0.9,0.79,-0.08,2.92,7.3,7.3,7.49,7.3,7.3,-11.78,-11.78,-14.02,13.01,13.01,False,False,False,True,False,False,False,False,False,2026-09-24
3625,3625.HK,FOURSEMI,傅里叶,77.23,100,Equity,Equity Securities (Main Board),69.65,69.4,74.85,68.5,555200,38.67,69.99,68.275,-0.49,2.01,0.43,0.22,3.49,153.0,153.0,153.0,153.0,153.0,-51.08,-51.08,-51.08,54.48,54.48,False,False,False,False,False,False,False,False,False,2026-09-24
3626,3626.HK,EAST NOVA HLDGS,启明东方控股,4.51,"2,000",Equity,Equity Securities (Main Board),2.45,2.32,2.5,2.32,352000,0.86,2.19,2.019,11.87,21.35,6.52,21.29,28.95,3.6,21.0,21.0,3.6,21.0,-30.56,-88.1,-88.1,31.94,88.33,True,False,False,False,False,False,False,False,False,2026-09-24
3633,3633.HK,ZHONGYU ENERGY,中裕能源,71.77,"1,000",Equity,Equity Securities (Main Board),2.67,2.67,2.67,2.66,404000,1.08,2.66,2.68,0.38,-0.37,-0.37,0.38,1.91,4.2,6.85,10.28,4.2,6.85,-36.43,-61.02,-74.03,36.43,61.02,False,False,False,False,False,False,False,False,False,2026-09-24
3636,3636.HK,JINXUN RESOURCE,金浔资源,6.87,200,Equity,Equity Securities (Main Board),16.35,17.0,17.0,16.26,87800,1.44,16.532,16.359,-1.1,-0.06,-3.6,0.18,2.83,51.8,51.8,51.8,51.8,51.8,-67.18,-67.18,-67.18,68.44,68.44,False,False,False,False,False,False,False,False,False,2026-09-24
3638,3638.HK,HUNLICAR GROUP,亨利加集团,2.15,"1,000",Equity,Equity Securities (Main Board),2.795,3.0,3.0,2.615,38000,0.11,2.768,2.865,0.98,-2.43,-2.1,5.67,-3.62,14.0,19.3,148.16,14.0,19.3,-78.57,-84.46,-97.98,80.04,85.52,False,False,True,False,False,False,False,False,False,2026-09-24
3639,3639.HK,YIDA CHINA,亿达中国,0.98,"2,000",Equity,Equity Securities (Main Board),0.038,0.04,0.045,0.038,2102000,0.08,0.037,0.037,3.83,2.43,0.0,5.56,0.0,0.09,0.33,7.01,0.09,0.33,-47.06,-86.36,-99.36,55.29,88.48,False,False,False,False,False,False,False,False,False,2026-09-24
3650,3650.HK,KEEP,KEEP,6.47,100,Equity,Equity Securities (Main Board),1.305,1.33,1.36,1.305,98600,0.13,1.355,1.345,-3.69,-2.97,-4.4,-5.43,0.38,4.15,37.35,42.4,4.15,37.35,-67.23,-96.36,-96.79,68.55,96.51,False,False,False,False,False,False,False,False,False,2026-09-24
3658,3658.HK,NEW HOPE SERV,新希望服务,13.27,"1,000",Equity,Equity Securities (Main Board),1.63,1.63,1.63,1.625,6000,0.01,1.644,1.663,-0.85,-1.95,0.0,-2.4,-1.21,2.07,2.25,4.2,2.07,2.25,-21.26,-27.56,-61.19,21.26,27.56,False,False,False,False,False,False,False,False,False,2026-09-24
3660,3660.HK,QFIN-S,奇富科技－Ｓ,73.0,50,Equity,Equity Securities (Main Board),30.02,30.5,30.5,30.0,48750,1.46,31.528,32.072,-4.78,-6.4,-3.35,-6.71,-6.01,77.95,204.0,204.0,77.95,204.0,-60.87,-85.05,-85.05,61.49,85.28,False,False,False,False,False,False,False,False,False,2026-09-24
3661,3661.HK,SG MICRO,圣邦股份,57.04,100,Equity,Equity Securities (Main Board),91.85,94.7,94.7,91.55,82700,7.6,95.82,93.88,-4.14,-2.16,-2.86,-5.21,-3.06,142.3,142.3,142.3,142.3,142.3,-33.45,-33.45,-33.45,35.45,35.45,False,False,False,False,False,False,False,False,False,2026-09-24
3662,3662.HK,STARJOY W&T,星悦康旅,2.69,"1,000",Equity,Equity Securities (Main Board),0.37,0.36,0.37,0.345,77000,0.03,0.362,0.359,2.21,3.21,2.78,-1.33,5.71,0.44,0.79,9.73,0.44,0.79,-14.94,-53.16,-96.2,14.94,53.16,False,False,False,True,False,False,False,False,False,2026-09-24
3668,3668.HK,YANCOAL AUS,兖煤澳大利亚,418.84,100,Equity,Equity Securities (Main Board),31.72,31.24,31.8,30.94,578214,18.34,32.056,33.318,-1.05,-4.8,0.0,-1.67,-5.31,49.08,49.08,49.4,49.08,49.08,-35.21,-35.21,-35.63,35.37,35.37,False,False,False,False,False,False,False,False,False,2026-09-24
3669,3669.HK,YONGDA AUTO,永达汽车,15.41,500,Equity,Equity Securities (Main Board),0.81,0.81,0.83,0.8,981500,0.8,0.791,0.812,2.4,-0.18,2.53,1.25,-2.99,1.75,3.28,17.14,1.75,3.28,-52.57,-74.7,-95.16,53.71,75.3,False,False,False,False,False,False,False,False,False,2026-09-24
3677,3677.HK,ZENERGY,正力新能,66.17,300,Equity,Equity Securities (Main Board),4.455,4.505,4.575,4.415,749400,3.34,4.626,4.506,-3.7,-1.12,-1.44,-4.5,-1.22,9.84,13.01,13.01,9.84,13.01,-53.51,-64.83,-64.83,54.73,65.76,False,False,False,False,False,False,False,False,False,2026-09-24
3680,3680.HK,RUIHE DATA,瑞和数智,23.06,"2,000",Equity,Equity Securities (Main Board),2.505,2.55,2.55,2.445,1482000,3.71,2.515,2.409,-0.4,3.99,-2.72,0.2,6.37,2.72,2.72,10.16,2.72,2.72,-6.25,-6.25,-74.9,7.9,7.9,False,False,False,False,False,False,False,True,True,2026-09-24
3681,3681.HK,SINOMAB BIO-B,中国抗体－Ｂ,14.56,300,Equity,Equity Securities (Main Board),1.05,1.095,1.11,1.04,847800,0.89,1.099,1.108,-4.46,-5.23,-4.11,-5.83,-8.7,2.19,3.76,7.3,2.19,3.76,-49.32,-70.48,-84.79,52.05,72.07,False,False,False,False,False,False,False,False,False,2026-09-24
3683,3683.HK,GREAT HARVEST,荣丰亿控股,0.29,"2,500",Equity,Equity Securities (Main Board),0.03,0.032,0.032,0.03,1690000,0.05,0.033,0.034,-8.54,-12.02,-6.25,-9.09,-18.92,0.09,0.35,2.39,0.09,0.35,-66.32,-90.86,-98.66,68.42,91.43,False,False,False,False,False,False,False,False,False,2026-09-24
3686,3686.HK,CLIFFORDML,祈福生活服务,4.77,"10,000",Equity,Equity Securities (Main Board),0.47,0.47,0.47,0.47,10000,0.0,0.471,0.471,-0.21,-0.11,-2.08,0.0,2.17,0.94,0.94,1.04,0.94,0.94,-50.0,-50.0,-54.81,50.0,50.0,False,False,False,False,False,False,False,False,False,2026-09-24
3689,3689.HK,KANGHUA HEALTH,康华医疗,1.42,200,Equity,Equity Securities (Main Board),1.68,1.88,1.88,1.68,9200,0.02,1.795,1.849,-6.41,-9.16,-8.2,-5.08,-12.5,2.19,2.85,14.2,2.19,2.85,-14.16,-34.04,-86.76,23.29,41.05,False,False,False,False,False,False,False,False,False,2026-09-24
3690,3690.HK,MEITUAN-W,美团－Ｗ,4043.35,100,Equity,Equity Securities (Main Board),72.25,72.4,72.85,71.8,17526084,1266.26,73.1,73.775,-1.16,-2.07,-0.82,-2.36,-0.89,108.0,217.0,460.0,108.0,217.0,-32.55,-66.43,-84.16,33.1,66.71,False,False,False,False,False,False,False,False,False,2026-09-24
3692,3692.HK,HANSOH PHARMA,翰森制药,2053.32,"2,000",Equity,Equity Securities (Main Board),33.86,34.94,35.48,33.6,4867293,164.81,34.8,34.338,-2.7,-1.39,-3.09,-4.78,-1.4,44.22,44.22,46.7,44.22,44.22,-19.76,-19.76,-24.03,23.43,23.43,False,False,False,False,False,False,False,False,False,2026-09-24
3696,3696.HK,INSILICO,英矽智能,328.05,500,Equity,Equity Securities (Main Board),56.3,57.2,58.8,55.6,14352341,808.04,60.66,56.04,-7.19,0.46,-4.01,-11.82,4.74,80.9,80.9,80.9,80.9,80.9,-27.32,-27.32,-27.32,30.41,30.41,False,False,False,False,False,False,False,False,False,2026-09-24
3698,3698.HK,HUISHANG BANK,徽商银行,165.59,"1,000",Equity,Equity Securities (Main Board),4.76,4.78,4.8,4.74,1900583,9.05,4.795,4.805,-0.73,-0.94,0.11,-2.46,-0.21,5.49,5.49,5.49,5.49,5.49,-12.57,-12.57,-12.57,13.3,13.3,False,False,False,False,False,False,False,False,False,2026-09-24
3699,3699.HK,EB GRAND CHINA,光大永年,2.18,"2,000",Equity,Equity Securities (Main Board),0.495,0.495,0.495,0.485,392000,0.19,0.476,0.468,3.99,5.77,2.06,7.61,7.61,0.5,0.52,1.53,0.5,0.52,-1.0,-4.81,-67.65,1.0,4.81,True,False,False,False,False,False,False,True,True,2026-09-24
3700,3700.HK,INKEVERSE,映宇宙,18.13,"1,000",Equity,Equity Securities (Main Board),0.78,0.77,0.78,0.77,146000,0.11,0.787,0.796,-0.89,-1.95,-1.27,-1.27,-1.27,1.61,2.38,5.48,1.61,2.38,-51.55,-67.23,-85.77,51.55,67.23,False,False,False,False,False,False,False,False,False,2026-09-24
3708,3708.HK,WORLD DIGI ECON,世界数字经济产业,1.89,"10,000",Equity,Equity Securities (Main Board),0.26,0.26,0.275,0.26,2547000,0.66,0.263,0.239,-1.14,8.97,1.96,0.0,-11.86,0.47,1.35,12.6,0.47,1.35,-42.11,-79.63,-97.82,45.26,80.74,False,False,False,False,False,False,False,False,False,2026-09-24
3709,3709.HK,EEKA FASHION,赢家时尚,31.36,500,Equity,Equity Securities (Main Board),4.425,4.55,4.55,4.4,262000,1.16,4.463,4.532,-0.85,-2.35,-2.64,-0.9,-1.67,7.76,15.48,19.66,7.76,15.48,-41.37,-70.61,-76.86,42.98,71.41,False,False,False,False,False,False,False,False,False,2026-09-24
3718,3718.HK,BJ ENT URBAN,北控城市资源,13.52,"4,000",Equity,Equity Securities (Main Board),0.38,0.38,0.38,0.375,16000,0.01,0.381,0.383,-0.26,-0.78,0.0,0.0,-1.3,0.45,0.61,2.54,0.45,0.61,-15.56,-37.7,-85.04,15.56,37.7,False,False,False,False,False,False,False,False,False,2026-09-24
3737,3737.HK,ZHONGZHIPHARM,中智药业,6.48,"1,000",Equity,Equity Securities (Main Board),0.75,0.72,0.755,0.72,431000,0.32,0.739,0.722,1.49,3.95,0.67,1.35,4.17,0.98,1.56,2.05,0.98,1.56,-22.96,-51.6,-63.17,23.47,51.92,False,False,False,True,False,False,False,False,False,2026-09-24
3738,3738.HK,VOBILE GROUP,阜博集团,83.88,"1,000",Equity,Equity Securities (Main Board),3.235,3.31,3.32,3.21,16154000,52.26,3.361,3.159,-3.75,2.41,-1.22,-7.7,9.29,6.3,7.1,12.11,6.3,7.1,-47.3,-53.24,-72.59,48.65,54.44,False,False,False,False,False,False,False,False,False,2026-09-24
3750,3750.HK,CATL,宁德时代,1075.78,100,Equity,Equity Securities (Main Board),492.8,511.5,511.5,486.4,4436950,2186.53,504.46,514.28,-2.31,-4.18,-3.66,-2.22,-2.8,794.5,794.5,794.5,794.5,794.5,-35.62,-35.62,-35.62,37.97,37.97,False,False,False,False,False,False,False,False,False,2026-09-24
3752,3752.HK,ROKAE ROBOTICS,珞石机器人,136.5,100,Equity,Equity Securities (Main Board),53.9,50.7,53.95,50.7,37600,2.03,51.296,50.542,5.08,6.64,1.03,12.43,9.6,76.0,76.0,76.0,76.0,76.0,-29.01,-29.01,-29.01,29.08,29.08,True,False,False,False,False,False,False,False,False,2026-09-24
3759,3759.HK,PHARMARON,康龙化成,108.65,100,Equity,Equity Securities (Main Board),30.34,30.4,31.28,29.88,4257616,129.18,30.24,29.548,0.33,2.68,-0.85,-0.46,3.27,34.86,34.86,94.22,34.86,34.86,-10.27,-10.27,-66.8,12.97,12.97,False,False,False,False,False,False,False,False,False,2026-09-24
3773,3773.HK,YS DIGIFAVOR,银盛数惠,10.08,"2,000",Equity,Equity Securities (Main Board),2.43,2.43,2.43,2.43,38000,0.09,2.419,2.424,0.45,0.27,0.83,0.21,0.41,2.79,3.49,3.49,2.79,3.49,-12.9,-30.37,-30.37,12.9,30.37,False,False,False,False,False,False,False,False,False,2026-09-24
3774,3774.HK,FAMEGLOW,亮晴控股,183.93,"1,000",Equity,Equity Securities (Main Board),22.46,23.38,24.12,22.32,861600,19.35,22.2,20.94,1.17,7.26,-4.02,2.09,15.24,33.98,33.98,33.98,33.98,33.98,-29.02,-29.02,-29.02,33.9,33.9,False,False,False,False,False,False,False,False,False,2026-09-24
3788,3788.HK,HANKING GOLD,罕王黄金,73.83,"1,000",Equity,Equity Securities (Main Board),3.02,3.05,3.05,2.98,1615000,4.88,3.144,3.184,-3.94,-5.17,-2.58,-7.08,-5.63,5.6,5.6,5.6,5.6,5.6,-45.54,-45.54,-45.54,46.07,46.07,False,False,False,False,False,False,False,False,False,2026-09-24
3789,3789.HK,ROYAL DELUXE,御佳控股,2.8,"4,000",Equity,Equity Securities (Main Board),0.233,0.24,0.24,0.233,312000,0.07,0.241,0.237,-3.32,-1.77,-0.85,-6.8,0.43,0.26,0.26,0.62,0.26,0.26,-7.69,-7.69,-61.29,10.38,10.38,False,False,False,False,False,False,False,False,False,2026-09-24
3798,3798.HK,HOMELAND ITL,家乡互动,16.9,"2,000",Equity,Equity Securities (Main Board),1.34,1.26,1.34,1.23,82000,0.11,1.312,1.288,2.13,4.08,9.84,0.0,3.08,1.48,2.86,7.41,1.48,2.86,-9.46,-53.15,-81.92,9.46,53.15,False,False,False,True,False,False,False,True,False,2026-09-24
3800,3800.HK,GCL TECH,协鑫科技,236.36,"1,000",Equity,Equity Securities (Main Board),0.735,0.75,0.75,0.73,128520000,94.46,0.742,0.726,-0.94,1.24,-2.0,-2.0,2.08,1.28,1.99,3.96,1.28,1.99,-41.41,-62.31,-81.05,42.58,63.07,False,False,False,False,False,False,False,False,False,2026-09-24
3808,3808.HK,SINOTRUK,中国重汽,985.12,500,Equity,Equity Securities (Main Board),35.68,36.14,36.38,35.54,7185889,256.39,36.828,38.386,-3.12,-7.05,-1.55,-4.5,-5.96,48.4,48.4,48.4,48.4,48.4,-24.83,-24.83,-24.83,26.28,26.28,False,False,False,False,False,False,False,False,False,2026-09-24
3813,3813.HK,POU SHENG INT'L,宝胜国际,19.53,"1,000",Equity,Equity Securities (Main Board),0.37,0.365,0.375,0.365,430394,0.16,0.371,0.366,-0.27,1.09,0.0,0.0,2.78,0.5,0.72,2.97,0.5,0.72,-25.0,-47.92,-87.37,26.0,48.61,False,False,False,False,False,False,False,False,False,2026-09-24
3818,3818.HK,CHINA DONGXIANG,中国动向,16.21,"1,000",Equity,Equity Securities (Main Board),0.275,0.265,0.275,0.265,3040000,0.84,0.267,0.264,3.0,3.97,3.77,1.85,3.77,0.49,0.56,1.77,0.49,0.56,-43.3,-50.89,-84.46,43.3,50.89,False,False,False,False,False,False,False,False,False,2026-09-24
3822,3822.HK,SAM WOO CONS,三和建筑集团,0.94,"4,000",Equity,Equity Securities (Main Board),1.12,1.15,1.15,1.11,16000,0.02,1.163,1.127,-3.7,-0.62,-7.44,-5.49,-5.88,1.42,1.72,8.2,1.42,1.72,-19.01,-33.14,-85.98,21.13,34.88,False,False,False,False,False,False,False,False,False,2026-09-24
3828,3828.HK,MING FAI INT'L,明辉国际,5.51,"1,000",Equity,Equity Securities (Main Board),0.75,0.75,0.76,0.75,223000,0.17,0.745,0.735,0.67,2.04,1.35,1.35,1.35,1.01,1.06,1.38,1.01,1.06,-24.75,-28.3,-44.93,25.74,29.25,False,False,False,False,False,False,False,False,False,2026-09-24
3830,3830.HK,KIDDIELAND,童园国际,2.02,"5,000",Equity,Equity Securities (Main Board),0.202,0.201,0.209,0.201,650000,0.13,0.201,0.2,0.7,1.0,0.5,0.5,2.02,0.23,0.23,0.82,0.23,0.23,-9.13,-9.13,-74.51,12.17,12.17,False,False,False,False,False,False,False,False,False,2026-09-24
3833,3833.HK,XINXIN MINING,新疆新鑫矿业,17.59,"1,000",Equity,Equity Securities (Main Board),1.85,1.86,1.89,1.84,1340000,2.48,1.922,1.945,-3.75,-4.91,-2.63,-5.37,-3.14,3.27,3.9,3.9,3.27,3.9,-42.2,-51.54,-51.54,43.43,52.56,False,False,False,False,False,False,False,False,False,2026-09-24
3836,3836.HK,HARMONY AUTO,和谐汽车,7.31,500,Equity,Equity Securities (Main Board),0.48,0.5,0.5,0.48,46500,0.02,0.492,0.506,-2.44,-5.14,-4.0,-3.03,-5.88,1.46,2.72,6.8,1.46,2.72,-65.75,-81.62,-92.65,67.12,82.35,False,False,False,False,False,False,False,False,False,2026-09-24
3838,3838.HK,CHINA STARCH,中国淀粉,10.26,"5,000",Equity,Equity Securities (Main Board),0.18,0.18,0.181,0.179,6445000,1.16,0.179,0.179,0.45,0.84,0.0,1.12,0.0,0.19,0.28,0.38,0.19,0.28,-6.22,-34.18,-52.37,6.74,34.55,False,False,False,False,False,False,False,True,False,2026-09-24
3839,3839.HK,CPBIO,正大生物,19.5,500,Equity,Equity Securities (Main Board),8.1,8.3,8.3,8.08,28500,0.23,8.23,8.364,-1.58,-3.16,-1.82,-1.58,-3.57,9.89,10.15,10.15,9.89,10.15,-16.08,-18.23,-18.23,18.1,20.2,False,False,False,False,False,False,False,False,False,2026-09-24
3848,3848.HK,HAOSEN FINTECH,浩森金融科技,16.5,"1,000",Equity,Equity Securities (Main Board),2.11,2.11,2.11,2.11,389000,0.82,2.062,2.058,2.33,2.53,2.93,2.43,2.93,2.38,2.66,2.66,2.38,2.66,-11.34,-20.68,-20.68,11.34,20.68,False,False,False,False,False,False,False,False,False,2026-09-24
3858,3858.HK,JIAXIN INTL RES,佳鑫国际资源,213.65,400,Equity,Equity Securities (Main Board),46.9,49.0,49.3,46.52,3044000,142.76,51.92,53.07,-9.67,-11.63,-5.82,-14.57,-10.67,176.2,176.2,176.2,176.2,176.2,-72.02,-72.02,-72.02,73.38,73.38,False,False,False,False,False,False,False,False,False,2026-09-24
3866,3866.HK,BQD,青岛银行,115.17,500,Equity,Equity Securities (Main Board),5.025,4.985,5.06,4.975,1332500,6.7,5.036,5.062,-0.22,-0.73,0.6,-1.57,-0.2,5.41,5.41,7.99,5.41,5.41,-6.38,-6.38,-36.7,7.03,7.03,False,False,False,False,False,False,False,True,True,2026-09-24
3868,3868.HK,XINYI ENERGY,信义能源,67.31,"2,000",Equity,Equity Securities (Main Board),0.79,0.79,0.795,0.79,3661460,2.89,0.794,0.79,-0.5,0.06,0.0,-1.25,1.94,1.38,1.98,6.28,1.38,1.98,-42.39,-59.85,-87.35,42.75,60.1,False,False,False,False,False,False,False,False,False,2026-09-24
3877,3877.HK,CSSC SHIPPING,中国船舶租赁,149.53,"2,000",Equity,Equity Securities (Main Board),2.41,2.42,2.425,2.395,3697000,8.91,2.431,2.445,-0.86,-1.45,-0.41,-1.83,-1.43,2.61,2.61,2.61,2.61,2.61,-7.09,-7.09,-7.09,7.66,7.66,False,False,False,False,False,False,False,True,True,2026-09-24
3878,3878.HK,VICON HOLDINGS,VICON HOLDINGS,0.94,"2,000",Equity,Equity Securities (Main Board),0.195,0.195,0.195,0.195,250000,0.05,0.194,0.194,0.31,0.62,0.0,0.0,1.56,0.29,0.29,6.14,0.29,0.29,-33.9,-33.9,-96.82,33.9,33.9,False,False,False,False,False,False,False,False,False,2026-09-24
3880,3880.HK,MEDTIDE,泰德医药,33.32,100,Equity,Equity Securities (Main Board),23.5,22.9,23.8,22.42,81400,1.91,21.514,20.243,9.23,16.09,3.98,17.68,21.38,30.46,41.72,41.72,30.46,41.72,-21.86,-42.95,-42.95,22.85,43.67,True,False,False,False,False,False,False,False,False,2026-09-24
3881,3881.HK,CIDI,希迪智驾,89.39,100,Equity,Equity Securities (Main Board),21.06,21.82,21.82,20.96,169568,3.57,21.46,21.562,-1.86,-2.33,-1.5,-1.86,-6.07,40.88,40.88,40.88,40.88,40.88,-46.62,-46.62,-46.62,48.48,48.48,False,False,False,False,False,False,False,False,False,2026-09-24
3882,3882.HK,SKYLIGHT HLDG,天彩控股,4.34,"1,000",Equity,Equity Securities (Main Board),0.43,0.45,0.45,0.43,24000,0.01,0.445,0.428,-3.37,0.47,-5.49,-5.49,-5.49,0.66,1.74,2.84,0.66,1.74,-31.82,-74.14,-84.15,34.85,75.29,False,False,False,False,False,False,False,False,False,2026-09-24
3883,3883.HK,CHINA AOYUAN,中国奥园,1.79,"1,000",Equity,Equity Securities (Main Board),0.038,0.037,0.038,0.036,714158,0.03,0.036,0.037,4.4,3.26,0.0,5.56,0.0,0.11,0.9,13.12,0.11,0.9,-64.49,-95.78,-99.71,64.49,95.78,False,False,True,True,False,False,False,False,False,2026-09-24
3886,3886.HK,TOWN HEALTH,康健国际医疗,11.11,"2,000",Equity,Equity Securities (Main Board),0.164,0.162,0.164,0.156,44000,0.01,0.164,0.167,0.24,-1.8,0.0,-1.2,0.0,0.28,0.37,1.42,0.28,0.37,-41.43,-55.68,-88.45,41.43,55.68,False,False,False,False,False,False,False,False,False,2026-09-24
3887,3887.HK,HASHKEY HLDGS,HASHKEY HLDGS,71.22,400,Equity,Equity Securities (Main Board),2.59,2.525,2.7,2.52,1930690,5.0,2.657,2.554,-2.52,1.41,-3.36,1.77,2.78,7.98,7.98,7.98,7.98,7.98,-66.17,-66.17,-66.17,67.54,67.54,False,False,False,False,False,False,False,False,False,2026-09-24
3888,3888.HK,KINGSOFT,金山软件,340.31,200,Equity,Equity Securities (Main Board),24.76,24.74,24.92,24.46,2504502,62.01,24.996,24.656,-0.94,0.42,-0.64,-0.96,3.0,33.68,47.5,79.5,33.68,47.5,-26.01,-47.54,-68.65,26.48,47.87,False,False,False,False,False,False,False,False,False,2026-09-24
3889,3889.HK,GLOBAL CORN GP,大成玉米集团,1.6,"2,000",Equity,Equity Securities (Main Board),0.083,0.071,0.084,0.064,326000,0.03,0.069,0.063,20.99,31.12,22.06,18.57,72.92,0.1,0.25,0.29,0.1,0.25,-16.0,-66.4,-71.53,17.0,66.8,False,False,False,False,False,False,False,False,False,2026-09-24
3896,3896.HK,KINGSOFT CLOUD,金山云,231.57,"2,000",Equity,Equity Securities (Main Board),5.11,5.025,5.125,5.025,17430751,89.07,5.18,5.098,-1.35,0.23,-0.29,-2.48,4.82,9.75,11.4,11.4,9.75,11.4,-47.44,-55.04,-55.04,47.59,55.18,False,False,False,False,False,False,False,False,False,2026-09-24
3898,3898.HK,TIMES ELECTRIC,时代电气,130.13,100,Equity,Equity Securities (Main Board),28.18,28.4,28.4,28.06,1588600,44.77,28.568,28.816,-1.36,-2.21,-0.56,-2.15,-1.67,45.64,46.88,65.3,45.64,46.88,-37.77,-39.42,-56.51,38.26,39.89,False,False,False,False,False,False,False,False,False,2026-09-24
3899,3899.HK,CIMC ENRIC,中集安瑞科,151.07,"2,000",Equity,Equity Securities (Main Board),7.16,7.145,7.245,7.085,1403795,10.05,7.379,7.604,-2.97,-5.84,0.28,-5.48,-5.79,13.88,13.88,13.88,13.88,13.88,-47.8,-47.8,-47.8,48.41,48.41,False,False,False,False,False,False,False,False,False,2026-09-24
3900,3900.HK,GREENTOWN CHINA,绿城中国,150.34,500,Equity,Equity Securities (Main Board),5.92,6.025,6.09,5.835,7740000,45.82,5.981,5.828,-1.02,1.58,-2.39,-2.39,4.69,11.98,13.78,18.5,11.98,13.78,-49.17,-55.81,-67.08,50.58,57.04,False,False,False,False,False,False,False,False,False,2026-09-24
3908,3908.HK,CICC,中金公司,382.27,400,Equity,Equity Securities (Main Board),20.08,20.66,20.86,19.9,11693791,234.81,20.484,20.186,-1.97,-0.53,-3.83,-1.57,2.34,23.1,24.65,25.75,23.1,24.65,-9.7,-15.38,-18.99,13.07,18.54,False,False,False,False,False,False,False,False,False,2026-09-24
3913,3913.HK,KWG LIVING,合景悠活,2.47,"1,000",Equity,Equity Securities (Main Board),0.122,0.12,0.122,0.119,672809,0.08,0.121,0.127,0.83,-3.79,-1.61,1.67,1.67,0.25,0.67,10.5,0.25,0.67,-50.81,-81.79,-98.84,50.81,81.79,False,False,True,False,False,False,False,False,False,2026-09-24
3918,3918.HK,NAGACORP,金界控股,142.42,"2,000",Equity,Equity Securities (Main Board),3.22,3.21,3.275,3.18,2716103,8.75,3.183,3.162,1.16,1.85,0.62,2.88,2.55,4.89,6.98,14.74,4.89,6.98,-33.03,-53.08,-77.78,34.15,53.87,True,False,False,False,False,False,False,False,False,2026-09-24
3919,3919.HK,GOLDENPOWER,金力集团,0.67,"4,000",Equity,Equity Securities (Main Board),1.475,1.4,1.48,1.25,424000,0.63,1.494,1.411,-1.27,4.57,5.36,-5.45,-1.67,3.08,3.08,30.33,3.08,3.08,-51.95,-51.95,-95.12,52.11,52.11,False,False,False,False,False,False,False,False,False,2026-09-24
3928,3928.HK,CHINA NEXT-GEN,中国新零售供应链,131.24,500,Equity,Equity Securities (Main Board),26.46,27.1,27.1,26.2,285000,7.54,27.048,27.104,-2.17,-2.38,-2.07,-1.93,-4.48,29.56,29.56,29.56,29.56,29.56,-8.32,-8.32,-8.32,10.49,10.49,False,False,False,False,False,False,False,False,False,2026-09-24
3931,3931.HK,CALB,中创新航,134.4,100,Equity,Equity Securities (Main Board),17.65,18.04,18.04,17.49,4000400,70.61,18.482,17.749,-4.5,-0.56,-2.32,-7.15,1.67,39.3,39.3,39.3,39.3,39.3,-54.1,-54.1,-54.1,55.09,55.09,False,False,False,False,False,False,False,False,False,2026-09-24
3933,3933.HK,UNITED LAB,联邦制药,151.81,"2,000",Equity,Equity Securities (Main Board),7.705,7.82,7.95,7.66,4663000,35.93,7.945,7.916,-3.02,-2.66,-2.84,-5.75,-1.09,13.72,17.98,17.98,13.72,17.98,-42.06,-55.78,-55.78,43.84,57.15,False,False,False,False,False,False,False,False,False,2026-09-24
3938,3938.HK,LFG INV HLDGS,ＬＦＧ投资控股,14.64,"2,000",Equity,Equity Securities (Main Board),2.985,2.99,2.99,2.93,38000,0.11,2.98,3.0,0.17,-0.48,-0.5,1.53,-0.17,4.0,4.0,4.0,4.0,4.0,-25.25,-25.25,-25.25,25.38,25.38,False,False,True,False,False,False,False,False,False,2026-09-24
3939,3939.HK,WANGUO GOLD GP,万国黄金集团,604.14,500,Equity,Equity Securities (Main Board),13.72,14.0,14.0,13.45,35117810,481.82,14.616,14.944,-6.13,-8.19,-3.65,-7.61,-9.62,18.69,18.69,18.69,18.69,18.69,-25.09,-25.09,-25.09,26.59,26.59,False,False,False,False,False,False,False,False,False,2026-09-24
3952,3952.HK,LAIFUAL,来福谐波,47.71,100,Equity,Equity Securities (Main Board),45.82,46.2,47.0,45.78,24400,1.12,48.182,48.351,-4.9,-5.23,-0.61,-7.58,-1.88,119.6,119.6,119.6,119.6,119.6,-60.7,-60.7,-60.7,61.69,61.69,False,False,False,False,False,False,False,False,False,2026-09-24
3958,3958.HK,DFZQ,东方证券,59.42,400,Equity,Equity Securities (Main Board),5.785,5.755,5.795,5.7,4864400,28.14,5.79,5.749,-0.09,0.62,-0.34,-0.6,2.57,7.63,8.96,9.2,7.63,8.96,-24.05,-35.32,-37.01,24.18,35.44,False,False,False,False,False,False,False,False,False,2026-09-24
3968,3968.HK,CM BANK,招商银行,2350.54,500,Equity,Equity Securities (Main Board),51.2,50.7,51.55,50.7,6273587,321.21,51.48,51.595,-0.54,-0.77,-0.1,-1.73,-0.19,53.6,56.75,72.45,53.6,56.75,-3.82,-9.16,-28.85,4.48,9.78,False,False,False,False,False,False,False,True,True,2026-09-24
3969,3969.HK,CHINA CRSC,中国通号,58.08,"1,000",Equity,Equity Securities (Main Board),2.95,2.95,2.97,2.935,974500,2.87,2.972,3.025,-0.74,-2.46,0.34,-2.16,-2.16,3.95,4.28,7.5,3.95,4.28,-24.81,-30.61,-60.4,25.32,31.07,False,False,False,False,False,False,False,False,False,2026-09-24
3978,3978.HK,BESTSTUDY EDU,卓越教育集团,21.29,"1,000",Equity,Equity Securities (Main Board),2.515,2.55,2.55,2.4,409000,1.03,2.499,2.479,0.64,1.43,0.8,0.6,6.57,4.09,5.99,5.99,4.09,5.99,-37.65,-57.43,-57.43,38.51,58.01,False,False,False,True,False,False,False,False,False,2026-09-24
3983,3983.HK,CHINA BLUECHEM,中海石油化学,34.12,"2,000",Equity,Equity Securities (Main Board),1.9,1.89,1.9,1.875,2076000,3.94,1.903,1.926,-0.16,-1.38,0.26,-0.26,-1.04,3.69,3.69,3.69,3.69,3.69,-48.51,-48.51,-48.51,48.51,48.51,False,False,False,False,False,False,False,False,False,2026-09-24
3986,3986.HK,GIGADEVICE,兆易创新,162.81,100,Equity,Equity Securities (Main Board),489.6,503.5,506.0,481.6,1587110,777.05,509.42,477.27,-3.89,2.58,-5.12,-4.65,4.93,1248.0,1248.0,1248.0,1248.0,1248.0,-59.46,-59.46,-59.46,60.77,60.77,False,False,False,False,False,False,False,False,False,2026-09-24
3988,3988.HK,BANK OF CHINA,中国银行,5050.79,"1,000",Equity,Equity Securities (Main Board),6.04,5.96,6.08,5.95,111893041,675.83,6.021,6.016,0.32,0.4,0.67,-0.33,0.83,6.14,6.14,6.14,6.14,6.14,-0.98,-0.98,-0.98,1.63,1.63,False,False,False,True,False,False,False,True,True,2026-09-24
3989,3989.HK,CAPITAL ENV,首创环境,12.44,"2,000",Equity,Equity Securities (Main Board),0.087,0.085,0.087,0.082,9942000,0.86,0.085,0.084,2.11,3.57,3.57,3.57,1.16,0.15,0.15,0.39,0.15,0.15,-40.41,-40.41,-77.69,40.41,40.41,False,False,False,True,False,False,False,False,False,2026-09-24
3990,3990.HK,MIDEA REAL EST,美的置业,33.09,200,Equity,Equity Securities (Main Board),2.305,2.38,2.38,2.3,521800,1.2,2.351,2.346,-1.96,-1.73,-3.35,-2.33,-0.86,4.69,7.92,25.3,4.69,7.92,-49.25,-69.95,-90.59,50.85,70.9,False,False,False,False,False,False,False,False,False,2026-09-24
3991,3991.HK,CHANGHONG JH,长虹佳华,8.87,"2,000",Equity,Equity Securities (Main Board),0.61,0.61,0.61,0.6,610000,0.37,0.594,0.595,2.69,2.61,0.0,2.52,5.17,1.16,1.16,1.31,1.16,1.16,-47.41,-47.41,-53.44,47.41,47.41,False,False,False,False,False,False,False,False,False,2026-09-24
3993,3993.HK,CMOC,洛阳钼业,593.17,"3,000",Equity,Equity Securities (Main Board),15.08,15.4,15.45,14.86,37519446,565.79,15.57,15.585,-3.15,-3.24,-3.7,-4.01,-2.84,25.24,25.24,25.24,25.24,25.24,-38.79,-38.79,-38.79,40.25,40.25,False,False,False,False,False,False,False,False,False,2026-09-24
3996,3996.HK,CH ENERGY ENG,中国能源建设,95.4,"2,000",Equity,Equity Securities (Main Board),1.03,1.025,1.03,1.025,3220100,3.32,1.036,1.036,-0.58,-0.58,0.49,-0.96,-0.48,1.55,1.96,1.96,1.55,1.96,-33.55,-47.45,-47.45,33.55,47.45,False,False,False,False,False,False,False,False,False,2026-09-24
3997,3997.HK,TSO,电讯首科,1.41,"2,000",Equity,Equity Securities (Main Board),1.1,1.075,1.105,1.02,840000,0.92,1.125,1.163,-2.22,-5.38,2.8,-4.76,-0.9,4.99,4.99,8.0,4.99,4.99,-77.86,-77.86,-86.19,77.96,77.96,False,False,False,False,False,False,False,False,False,2026-09-24
3998,3998.HK,BOSIDENG,波司登,470.77,"2,000",Equity,Equity Securities (Main Board),4.015,4.02,4.02,3.97,16424625,65.94,4.024,4.146,-0.22,-3.16,0.0,-0.99,-1.47,4.99,5.37,6.93,4.99,5.37,-19.36,-25.14,-41.99,19.46,25.23,False,False,False,False,False,False,False,False,False,2026-09-24
6030,6030.HK,CITIC SEC,中信证券,836.78,500,Equity,Equity Securities (Main Board),24.44,25.0,25.2,24.3,8163700,199.52,25.068,24.888,-2.51,-1.8,-3.48,-3.25,0.83,30.8,32.9,32.9,30.8,32.9,-18.18,-23.4,-23.4,20.65,25.71,False,False,False,False,False,False,False,False,False,2026-09-24
6031,6031.HK,SANY HEAVY IND,三一重工,122.65,200,Equity,Equity Securities (Main Board),17.02,17.22,17.26,16.96,4561319,77.63,17.562,18.335,-3.09,-7.17,-1.1,-4.7,-6.12,27.16,27.16,27.16,27.16,27.16,-36.45,-36.45,-36.45,37.33,37.33,False,False,False,False,False,False,False,False,False,2026-09-24
6033,6033.HK,TELECOM DIGIT,电讯数码控股,1.9,"1,000",Equity,Equity Securities (Main Board),0.47,0.475,0.475,0.465,9000,0.0,0.488,0.49,-3.69,-3.98,-1.05,-7.84,-5.05,0.7,1.19,4.84,0.7,1.19,-32.14,-60.08,-90.19,32.86,60.5,False,False,False,False,False,False,False,False,False,2026-09-24
6036,6036.HK,APEX ACE HLDG,光丽科技,12.74,"5,000",Equity,Equity Securities (Main Board),1.185,1.185,1.185,1.185,120000,0.14,1.172,1.179,1.11,0.47,-2.87,3.95,2.6,2.0,2.0,2.0,2.0,2.0,-40.75,-40.75,-40.75,40.75,40.75,False,False,False,False,False,False,False,False,False,2026-09-24
6049,6049.HK,POLY PPT SER,保利物业,95.42,200,Equity,Equity Securities (Main Board),27.5,27.18,27.74,26.96,1457400,40.08,27.064,27.096,1.61,1.49,0.51,2.08,2.46,35.06,40.65,92.85,35.06,40.65,-20.88,-31.76,-70.12,21.56,32.35,True,False,False,True,False,False,False,False,False,2026-09-24
6051,6051.HK,YOUZAN,有赞,19.35,"5,000",Equity,Equity Securities (Main Board),1.21,1.185,1.22,1.18,1530000,1.85,1.207,1.195,0.25,1.26,-0.82,-0.82,3.86,3.44,4.88,90.4,3.44,4.88,-64.53,-75.0,-98.65,64.83,75.2,False,False,False,True,False,False,False,False,False,2026-09-24
6055,6055.HK,CTIHK,中烟香港,164.48,"1,000",Equity,Equity Securities (Main Board),23.78,23.7,23.82,23.38,1009000,23.99,23.932,23.362,-0.64,1.79,-0.5,-2.62,4.94,46.5,48.1,48.1,46.5,48.1,-48.77,-50.48,-50.48,48.86,50.56,False,False,False,False,False,False,False,False,False,2026-09-24
6058,6058.HK,CISI FIN,兴证国际,22.2,"2,000",Equity,Equity Securities (Main Board),0.555,0.6,0.6,0.555,124000,0.07,0.572,0.582,-2.97,-4.72,-2.63,-5.13,-3.48,0.69,0.86,1.45,0.69,0.86,-13.04,-30.23,-58.62,19.57,35.47,False,False,False,False,False,False,False,False,False,2026-09-24
6060,6060.HK,ZA ONLINE,众安在线,160.54,100,Equity,Equity Securities (Main Board),9.82,10.0,10.0,9.72,9025311,88.63,10.074,10.06,-2.52,-2.39,-1.8,-4.84,-0.81,18.0,23.8,97.8,18.0,23.8,-44.44,-57.98,-89.78,45.44,58.74,False,False,False,False,False,False,False,False,False,2026-09-24
6063,6063.HK,LOTUS HORIZON,智中国际,20.0,"8,000",Equity,Equity Securities (Main Board),1.0,0.98,1.04,0.95,2736000,2.74,1.026,1.05,-2.53,-4.76,4.71,-5.66,-10.71,1.49,1.49,1.7,1.49,1.49,-29.97,-29.97,-38.82,32.66,32.66,False,False,False,False,False,False,False,False,False,2026-09-24
6066,6066.HK,CSC,中信建投证券,142.5,500,Equity,Equity Securities (Main Board),11.3,11.5,11.6,11.26,3228500,36.48,11.492,11.437,-1.67,-1.2,-1.74,-2.33,0.89,13.95,17.48,17.48,13.95,17.48,-16.85,-33.64,-33.64,19.0,35.35,False,False,False,False,False,False,False,False,False,2026-09-24
6067,6067.HK,SENIOR MATERIAL,星源材质,11.8,500,Equity,Equity Securities (Main Board),7.89,8.13,8.33,7.89,3017000,23.8,7.837,7.762,0.68,1.65,-1.56,0.19,3.2,13.41,13.41,13.41,13.41,13.41,-37.88,-37.88,-37.88,41.16,41.16,False,False,False,False,False,False,False,False,False,2026-09-24
6068,6068.HK,WISDOM EDU INTL,光正教育,1.26,"2,000",Equity,Equity Securities (Main Board),0.058,0.052,0.058,0.05,1266000,0.07,0.059,0.059,-1.02,-1.69,0.0,-1.69,-3.33,0.09,0.43,7.5,0.09,0.43,-34.09,-86.35,-99.23,34.09,86.35,False,False,False,False,False,False,False,False,False,2026-09-24
6069,6069.HK,SY HOLDINGS,盛业,63.42,500,Equity,Equity Securities (Main Board),5.955,5.905,5.995,5.885,4653500,27.71,5.985,6.011,-0.5,-0.94,0.76,-2.3,0.17,12.36,15.24,15.24,12.36,15.24,-51.5,-60.66,-60.66,51.82,60.93,False,False,False,False,False,False,False,False,False,2026-09-24
6078,6078.HK,HYGEIA HEALTH,海吉亚医疗,59.08,200,Equity,Equity Securities (Main Board),9.8,9.815,9.82,9.765,654760,6.42,9.802,9.818,-0.02,-0.18,-0.46,-1.66,0.41,14.55,51.75,110.0,14.55,51.75,-32.51,-81.02,-91.07,32.65,81.06,False,False,False,False,False,False,False,False,False,2026-09-24
6080,6080.HK,WING CHI HLDGS,荣智控股,1.33,"6,000",Equity,Equity Securities (Main Board),0.119,0.116,0.119,0.11,582000,0.07,0.121,0.121,-1.98,-1.9,0.85,-5.56,-5.56,0.24,0.24,0.86,0.24,0.24,-50.21,-50.21,-86.16,50.21,50.21,False,False,False,False,False,False,False,False,False,2026-09-24
6082,6082.HK,BIREN TECH,壁仞科技,532.33,200,Equity,Equity Securities (Main Board),39.32,40.0,40.0,38.0,12769960,502.11,40.58,37.026,-3.1,6.2,-2.09,-7.66,16.13,70.75,70.75,70.75,70.75,70.75,-43.46,-43.46,-43.46,44.42,44.42,False,False,False,False,False,False,False,False,False,2026-09-24
6083,6083.HK,WORLD-LINK LOG,环宇物流（亚洲）,3.34,"4,000",Equity,Equity Securities (Main Board),0.665,0.7,0.7,0.66,520000,0.35,0.698,0.73,-4.73,-8.97,-5.67,-4.32,-8.9,1.2,1.2,3.0,1.2,1.2,-41.67,-41.67,-76.67,44.58,44.58,False,False,False,False,False,False,False,False,False,2026-09-24
6086,6086.HK,FANGZHOU JIANKE,方舟健客,10.53,500,Equity,Equity Securities (Main Board),0.76,0.75,0.77,0.735,287500,0.22,0.749,0.728,1.47,4.32,-1.3,4.11,8.57,4.33,8.18,8.18,4.33,8.18,-82.22,-90.59,-90.59,82.45,90.71,False,False,False,False,False,False,False,False,False,2026-09-24
6088,6088.HK,FIT HON TENG,FIT HON TENG,392.94,"1,000",Equity,Equity Securities (Main Board),5.38,5.585,5.585,5.335,18016784,96.93,5.484,5.355,-1.9,0.47,-3.84,-0.55,3.36,10.89,10.89,10.89,10.89,10.89,-48.71,-48.71,-48.71,50.6,50.6,False,False,False,False,False,False,False,False,False,2026-09-24
6090,6090.HK,BUTONG GROUP,不同集团,39.76,100,Equity,Equity Securities (Main Board),44.8,42.9,46.5,42.9,1548548,69.37,42.384,41.478,5.7,8.01,3.9,9.43,7.9,143.0,143.0,143.0,143.0,143.0,-67.48,-67.48,-67.48,68.67,68.67,True,False,False,False,False,False,False,False,False,2026-09-24
6098,6098.HK,CG SERVICES,碧桂园服务,173.44,"1,000",Equity,Equity Securities (Main Board),5.215,5.21,5.215,5.15,5158121,26.9,5.192,5.232,0.44,-0.32,0.1,0.19,0.58,6.61,8.74,85.2,6.61,8.74,-21.1,-40.33,-93.88,21.1,40.33,False,False,False,False,False,False,False,False,False,2026-09-24
6099,6099.HK,CMSC,招商证券,187.86,200,Equity,Equity Securities (Main Board),14.74,14.81,15.07,14.64,3637600,53.62,14.9,14.725,-1.07,0.1,-1.34,-0.81,2.22,18.65,26.05,26.05,18.65,26.05,-19.2,-42.15,-42.15,20.97,43.42,False,False,False,False,False,False,False,False,False,2026-09-24
6100,6100.HK,TONGDAO LIEPIN,同道猎聘,10.7,200,Equity,Equity Securities (Main Board),2.12,2.125,2.145,2.115,356200,0.76,2.126,2.165,-0.28,-2.1,-0.24,0.24,-2.75,4.8,7.5,36.0,4.8,7.5,-55.31,-71.4,-94.04,55.83,71.73,False,False,False,False,False,False,False,False,False,2026-09-24
6106,6106.HK,SEER TECH,仙工智能,74.03,50,Equity,Equity Securities (Main Board),67.0,68.0,72.0,67.0,316000,21.17,69.63,70.465,-3.78,-4.92,-1.83,-7.97,-5.7,140.5,140.5,140.5,140.5,140.5,-48.75,-48.75,-48.75,52.31,52.31,False,False,False,False,False,False,False,False,False,2026-09-24
6108,6108.HK,NEW RAY MEDIC,新锐医药,0.43,"8,000",Equity,Equity Securities (Main Board),0.216,0.219,0.219,0.211,24000,0.01,0.22,0.222,-1.64,-2.48,-1.37,-1.82,-2.7,0.29,0.84,27.6,0.29,0.84,-25.76,-73.93,-99.21,26.78,74.29,False,False,False,False,False,False,False,False,False,2026-09-24
6110,6110.HK,TOPSPORTS,滔搏,62.63,"1,000",Equity,Equity Securities (Main Board),1.01,1.015,1.02,1.0,11320500,11.43,1.004,0.995,0.6,1.46,-0.49,0.0,4.66,3.19,6.96,13.78,3.19,6.96,-68.03,-85.34,-92.6,68.34,85.49,False,False,False,False,False,False,False,False,False,2026-09-24
6113,6113.HK,BITSTRAT HLDGS,比特策略,5.2,"2,000",Equity,Equity Securities (Main Board),1.3,1.42,1.645,1.28,104000,0.14,1.28,1.28,1.56,1.56,-1.52,4.42,1.56,3.5,7.8,7.8,3.5,7.8,-53.0,-78.91,-78.91,62.86,83.33,False,False,False,True,False,False,False,False,False,2026-09-24
6118,6118.HK,AUSTAR,奥星生命科技,3.59,"1,000",Equity,Equity Securities (Main Board),0.7,0.7,0.7,0.7,12000,0.01,0.71,0.719,-1.41,-2.57,-2.78,-1.41,-2.78,1.08,2.84,30.9,1.08,2.84,-35.19,-75.35,-97.73,35.19,75.35,False,False,False,False,False,False,False,False,False,2026-09-24
6123,6123.HK,YTO INTL EXP,圆通国际快递,5.04,"2,000",Equity,Equity Securities (Main Board),1.2,1.17,1.2,1.17,42000,0.05,1.167,1.152,2.83,4.17,2.56,3.9,7.14,1.6,1.75,12.3,1.6,1.75,-25.0,-31.43,-90.24,25.0,31.43,False,False,False,False,False,False,False,False,False,2026-09-24
6127,6127.HK,JOINN,昭衍新药,32.41,100,Equity,Equity Securities (Main Board),27.24,27.88,29.3,27.02,5936301,161.7,26.644,24.408,2.24,11.6,-1.16,2.79,18.13,29.98,29.98,70.41,29.98,29.98,-2.27,-2.27,-58.39,9.14,9.14,False,False,False,False,False,False,False,True,True,2026-09-24
6132,6132.HK,HJ SCIENCE-B,华健未来－Ｂ,29.07,100,Equity,Equity Securities (Main Board),39.5,40.86,40.86,38.18,80600,3.18,41.192,41.644,-4.11,-5.15,-4.17,-8.69,-5.91,82.0,82.0,82.0,82.0,82.0,-50.17,-50.17,-50.17,51.83,51.83,False,False,False,False,False,False,False,False,False,2026-09-24
6136,6136.HK,KANGDA ENV,康达环保,17.53,"1,000",Equity,Equity Securities (Main Board),0.76,0.755,0.77,0.75,952000,0.72,0.742,0.758,2.43,0.2,2.7,0.0,0.66,0.92,0.92,2.3,0.92,0.92,-16.3,-16.3,-66.52,17.39,17.39,False,False,False,True,False,False,False,False,False,2026-09-24
6138,6138.HK,HARBIN BANK,哈尔滨银行,9.22,"1,000",Equity,Equity Securities (Main Board),0.305,0.3,0.305,0.295,330000,0.1,0.306,0.307,-0.33,-0.65,0.0,0.0,0.0,0.4,0.57,2.8,0.4,0.57,-22.78,-46.49,-89.11,22.78,46.49,False,False,False,False,False,False,False,False,False,2026-09-24
6158,6158.HK,ZHENRO PPT,正荣地产,1.14,"1,000",Equity,Equity Securities (Main Board),0.026,0.026,0.027,0.025,3893000,0.1,0.027,0.025,-2.99,5.26,-3.7,-3.7,13.04,0.12,0.28,6.64,0.12,0.28,-76.52,-90.36,-99.59,77.39,90.71,False,False,False,False,False,False,False,False,False,2026-09-24
6160,6160.HK,BEONE MEDICINES,百济神州,3071.4,100,Equity,Equity Securities (Main Board),215.2,217.4,217.8,214.0,2567115,552.44,216.16,212.98,-0.44,1.04,-1.37,-0.92,1.99,235.6,235.6,278.6,235.6,235.6,-7.56,-7.56,-21.82,8.66,8.66,False,False,False,False,False,False,False,True,True,2026-09-24
6162,6162.HK,TR INTERIORS,天瑞汽车内饰,1.13,"8,000",Equity,Equity Securities (Main Board),0.047,0.048,0.05,0.044,12824000,0.6,0.059,0.06,-20.07,-21.93,-2.08,-32.86,-20.34,0.6,0.66,0.66,0.6,0.66,-91.67,-92.42,-92.42,92.17,92.88,False,False,False,False,False,False,False,False,False,2026-09-24
6166,6166.HK,CIG,剑桥科技,109.16,50,Equity,Equity Securities (Main Board),117.8,120.8,121.0,116.0,4648504,547.59,123.66,120.4,-4.74,-2.16,-4.31,-6.73,-5.46,173.0,173.0,173.0,173.0,173.0,-30.06,-30.06,-30.06,31.91,31.91,False,False,False,False,False,False,False,False,False,2026-09-24
6168,6168.HK,ZHOU LIU FU,周六福,33.3,100,Equity,Equity Securities (Main Board),12.8,12.9,12.98,12.71,93600,1.2,12.956,12.751,-1.2,0.38,-0.93,-2.74,1.19,31.3,57.55,57.55,31.3,57.55,-58.53,-77.45,-77.45,59.11,77.76,False,False,False,False,False,False,False,False,False,2026-09-24
6169,6169.HK,YUHUA EDU,宇华教育,15.51,"2,000",Equity,Equity Securities (Main Board),0.36,0.36,0.36,0.35,2066000,0.74,0.358,0.36,0.56,0.0,0.0,1.41,1.41,0.58,0.93,8.54,0.58,0.93,-37.93,-61.29,-95.78,37.93,61.29,False,False,False,True,False,False,False,False,False,2026-09-24
6178,6178.HK,EB SECURITIES,光大证券,49.39,200,Equity,Equity Securities (Main Board),7.015,7.115,7.115,7.0,1213800,8.51,7.122,7.118,-1.5,-1.44,-1.89,-1.89,-0.92,9.74,13.52,13.52,9.74,13.52,-26.95,-47.37,-47.37,27.98,48.11,False,False,False,False,False,False,False,False,False,2026-09-24
6181,6181.HK,LAOPU GOLD,老铺黄金,495.79,100,Equity,Equity Securities (Main Board),345.4,353.0,353.0,341.8,773987,267.34,362.56,364.46,-4.73,-5.23,-2.15,-6.29,-4.85,898.0,1108.0,1108.0,898.0,1108.0,-60.69,-68.14,-68.14,61.54,68.83,False,False,False,False,False,False,False,False,False,2026-09-24
6182,6182.HK,TWINTEK,乙德投资控股,5.56,"8,000",Equity,Equity Securities (Main Board),0.695,0.74,0.75,0.69,2776000,1.93,0.776,0.769,-10.44,-9.62,-6.08,-15.24,-17.75,1.28,1.35,1.35,1.28,1.35,-41.41,-44.44,-44.44,45.7,48.52,False,False,False,False,False,False,False,False,False,2026-09-24
6185,6185.HK,CANSINOBIO,康希诺生物,39.59,200,Equity,Equity Securities (Main Board),29.84,31.24,32.16,29.84,4453800,132.9,29.12,27.472,2.47,8.62,-6.22,5.89,15.03,41.64,56.55,449.6,41.64,56.55,-22.77,-43.13,-92.85,28.34,47.23,False,False,False,False,False,False,False,False,False,2026-09-24
6186,6186.HK,CHINA FEIHE,中国飞鹤,226.8,"1,000",Equity,Equity Securities (Main Board),2.575,2.565,2.59,2.545,12356000,31.82,2.545,2.53,1.18,1.8,0.39,1.38,3.0,4.1,7.38,25.7,4.1,7.38,-36.83,-64.91,-89.92,37.2,65.11,False,False,False,False,False,False,False,False,False,2026-09-24
6196,6196.HK,BANKOFZHENGZHOU,郑州银行,17.78,"1,000",Equity,Equity Securities (Main Board),0.88,0.88,0.885,0.875,4388000,3.86,0.885,0.892,-0.56,-1.4,-0.56,-1.12,-1.12,1.19,1.48,4.23,1.19,1.48,-25.63,-40.2,-79.1,26.05,40.54,False,False,False,False,False,False,False,False,False,2026-09-24
6198,6198.HK,QINGDAO PORT,青岛港,84.19,"1,000",Equity,Equity Securities (Main Board),7.66,7.695,7.695,7.51,2537000,19.43,7.592,7.586,0.9,0.98,1.46,0.39,-0.2,7.95,7.95,7.95,7.95,7.95,-3.21,-3.21,-3.21,3.65,3.65,False,False,False,True,False,False,False,True,True,2026-09-24
6199,6199.HK,BANK OF GUIZHOU,贵州银行,20.13,"1,000",Equity,Equity Securities (Main Board),0.915,0.915,0.915,0.915,15000,0.01,0.912,0.914,0.33,0.16,0.0,0.55,1.1,1.18,1.9,2.92,1.18,1.9,-22.46,-51.84,-68.66,22.46,51.84,False,False,False,False,False,False,False,False,False,2026-09-24
6228,6228.HK,MERDEKAGOLD-DRS,自由黄金－ＤＲＳ,5035.18,100,Equity,Depositary Receipts,34.18,34.0,34.72,32.56,608017,20.78,34.288,34.456,-0.31,-0.8,-0.23,-0.35,1.79,41.58,41.58,41.58,41.58,41.58,-16.5,-16.5,-16.5,17.8,17.8,False,False,False,False,False,False,False,False,False,2026-09-24
6600,6600.HK,ONEROBOTICS,卧安机器人,97.94,100,Equity,Equity Securities (Main Board),43.46,46.16,46.16,43.12,313362,13.62,43.776,43.278,-0.72,0.42,-3.42,-0.87,5.28,201.6,201.6,201.6,201.6,201.6,-77.1,-77.1,-77.1,78.44,78.44,False,False,False,False,False,False,False,False,False,2026-09-24
6601,6601.HK,CHEERWIN GP,朝云集团,30.93,500,Equity,Equity Securities (Main Board),2.32,2.365,2.385,2.265,2000000,4.64,2.351,2.264,-1.32,2.5,-2.52,-2.11,6.42,2.52,3.21,9.36,2.52,3.21,-5.36,-25.7,-74.52,7.94,27.73,False,False,False,False,False,False,False,True,False,2026-09-24
6603,6603.HK,IFBH,IFBH,10.94,200,Equity,Equity Securities (Main Board),4.13,4.015,4.13,3.98,133400,0.55,4.059,4.124,1.75,0.13,2.74,4.16,1.35,21.56,48.8,48.8,21.56,48.8,-80.84,-91.54,-91.54,80.84,91.54,True,False,False,True,False,False,False,False,False,2026-09-24
6608,6608.HK,BAIRONG AI-W,百融智能－Ｗ,16.54,500,Equity,Equity Securities (Main Board),4.46,4.66,4.8,4.41,758500,3.38,4.409,4.48,1.16,-0.44,-3.46,3.0,-0.11,13.64,14.8,29.45,13.64,14.8,-64.81,-67.57,-83.7,67.3,69.86,False,False,False,False,False,False,False,False,False,2026-09-24
6609,6609.HK,HEARTCARE-B,心玮医疗－Ｂ,16.35,50,Equity,Equity Securities (Main Board),53.45,55.0,55.0,52.9,45350,2.42,54.13,52.818,-1.26,1.2,-0.65,-2.82,-1.02,66.9,71.25,147.5,66.9,71.25,-17.79,-22.81,-62.71,20.1,24.98,False,False,False,False,False,False,False,False,False,2026-09-24
6610,6610.HK,FLOWING CLOUD,飞天云动,0.92,"1,000",Equity,Equity Securities (Main Board),0.71,0.745,0.755,0.69,717000,0.51,0.778,0.806,-8.74,-11.97,-7.79,-13.41,-10.13,2.29,42.4,104.2,2.29,42.4,-67.03,-98.22,-99.28,69.0,98.33,False,False,False,False,False,False,False,False,False,2026-09-24
6613,6613.HK,LENS,蓝思科技,65.63,200,Equity,Equity Securities (Main Board),21.76,21.96,21.96,21.5,2804534,61.03,21.94,21.768,-0.82,-0.04,-0.91,-3.29,2.74,32.58,33.94,33.94,32.58,33.94,-32.6,-35.3,-35.3,33.21,35.89,False,False,False,False,False,False,False,False,False,2026-09-24
6616,6616.HK,GLOBAL NEW MAT,环球新材国际,114.61,"1,000",Equity,Equity Securities (Main Board),9.18,9.4,9.47,9.18,2432000,22.33,9.351,9.524,-1.83,-3.61,-0.22,-2.91,-3.37,11.18,11.18,11.36,11.18,11.18,-15.3,-15.3,-16.64,17.89,17.89,False,False,False,False,False,False,False,False,False,2026-09-24
6618,6618.HK,JD HEALTH,京东健康,1142.19,50,Equity,Equity Securities (Main Board),35.8,35.48,36.16,35.48,5130492,183.67,36.104,35.386,-0.84,1.17,-0.5,-1.49,3.17,71.7,71.7,198.5,71.7,71.7,-49.57,-49.57,-81.78,50.07,50.07,False,False,False,False,False,False,False,False,False,2026-09-24
6622,6622.HK,ZHAOKE OPHTH-B,兆科眼科－Ｂ,14.0,500,Equity,Equity Securities (Main Board),2.55,2.51,2.57,2.51,334500,0.85,2.507,2.498,1.72,2.08,3.45,1.59,2.62,3.79,4.6,15.6,3.79,4.6,-32.19,-44.13,-83.53,32.72,44.57,False,False,False,False,False,False,False,False,False,2026-09-24
6623,6623.HK,LUFAX,陆控,111.8,100,Equity,Equity Securities (Main Board),6.45,8.6,8.6,5.0,1211156,7.81,10.01,10.455,-35.56,-38.31,-40.83,-40.83,-40.83,10.9,21.8,38.0,10.9,21.8,-21.1,-60.55,-77.37,40.83,70.41,False,False,False,False,False,False,False,False,False,2026-09-24
6626,6626.HK,YUEXIU SERVICES,越秀服务,26.81,500,Equity,Equity Securities (Main Board),1.785,1.77,1.785,1.76,170000,0.3,1.77,1.777,0.85,0.42,0.85,0.85,0.85,2.56,3.94,5.73,2.56,3.94,-30.27,-54.7,-68.85,30.27,54.7,False,False,False,True,False,False,False,False,False,2026-09-24
6628,6628.HK,TRANSCENTA-B,创胜集团医药－Ｂ,4.76,500,Equity,Equity Securities (Main Board),1.05,1.07,1.07,1.0,870500,0.91,1.062,0.96,-1.13,9.37,-4.98,-4.55,26.51,3.06,5.8,16.18,3.06,5.8,-65.03,-81.55,-93.39,65.69,81.9,False,False,False,False,False,False,False,False,False,2026-09-24
6636,6636.HK,EXTREME VISION,极视角,87.13,50,Equity,Equity Securities (Main Board),77.55,77.75,78.8,75.0,181117,14.05,77.35,74.425,0.26,4.2,-0.26,-0.58,10.55,131.1,131.1,131.1,131.1,131.1,-39.89,-39.89,-39.89,40.85,40.85,False,False,False,False,False,False,False,False,False,2026-09-24
6651,6651.HK,51WORLD,五一视界,224.82,200,Equity,Equity Securities (Main Board),56.15,57.05,57.05,55.55,634800,35.64,56.91,56.36,-1.34,-0.37,-0.62,-2.85,3.79,147.0,147.0,147.0,147.0,147.0,-61.19,-61.19,-61.19,61.8,61.8,False,False,False,False,False,False,False,False,False,2026-09-24
6655,6655.HK,HX BLDG MAT,华新建材,114.84,100,Equity,Equity Securities (Main Board),15.63,15.78,15.78,15.41,893800,13.97,15.956,16.092,-2.04,-2.87,-0.19,-4.05,-2.68,20.2,20.2,20.2,20.2,20.2,-21.88,-21.88,-21.88,22.62,22.62,False,False,False,False,False,False,False,False,False,2026-09-24
6656,6656.HK,SIGENERGY,思格新能,447.7,100,Equity,Equity Securities (Main Board),315.8,333.4,333.4,310.0,213417,67.4,330.56,321.82,-4.47,-1.87,-5.39,-4.36,2.27,669.0,669.0,669.0,669.0,669.0,-50.16,-50.16,-50.16,52.8,52.8,False,False,False,False,False,False,False,False,False,2026-09-24
6657,6657.HK,BAIWANG CO,百望股份,36.24,100,Equity,Equity Securities (Main Board),16.04,14.5,16.25,14.5,170100,2.73,14.574,13.291,10.06,20.68,10.62,13.76,36.74,20.0,51.5,51.5,20.0,51.5,-18.75,-68.45,-68.45,19.8,68.85,False,False,False,False,False,False,False,False,False,2026-09-24
6658,6658.HK,LIULIUMEI,溜溜梅,153.52,100,Equity,Equity Securities (Main Board),194.8,209.8,216.6,190.0,471100,91.77,200.36,185.45,-2.78,5.04,-7.33,-2.26,16.16,212.8,212.8,212.8,216.6,216.6,1.79,1.79,1.79,10.06,10.06,False,False,False,False,True,True,True,False,False,2026-09-24
6660,6660.HK,AIM VACCINE,艾美疫苗,8.71,200,Equity,Equity Securities (Main Board),1.715,1.68,1.715,1.68,5200,0.01,1.673,1.651,2.51,3.88,2.08,3.31,8.2,3.78,37.0,100.0,3.78,37.0,-54.63,-95.36,-98.28,54.63,95.36,False,False,False,False,False,False,False,False,False,2026-09-24
6663,6663.HK,IWS GROUP,国际永胜集团,2.92,"10,000",Equity,Equity Securities (Main Board),0.365,0.365,0.365,0.36,380000,0.14,0.34,0.318,7.35,14.96,0.0,21.67,25.86,0.42,0.7,1.49,0.42,0.7,-13.1,-47.86,-75.5,13.1,47.86,False,False,False,False,False,False,False,False,False,2026-09-24
6666,6666.HK,EVERG SERVICES,恒大物业,136.76,500,Equity,Equity Securities (Main Board),1.265,1.18,1.29,1.165,63923058,80.86,1.198,1.183,5.59,6.89,7.66,5.42,8.12,1.7,1.7,19.74,1.7,1.7,-24.12,-24.12,-93.47,25.59,25.59,False,False,False,True,False,False,False,False,False,2026-09-24
6667,6667.HK,MEGA GENOMICS,美因基因,15.79,200,Equity,Equity Securities (Main Board),7.095,7.035,7.095,6.7,123200,0.87,7.009,7.006,1.23,1.27,0.71,2.01,9.07,7.53,12.4,21.0,7.53,12.4,-5.78,-42.78,-66.21,5.78,42.78,False,False,False,True,False,False,False,True,False,2026-09-24
6668,6668.HK,E-STAR CM,星盛商业,14.3,"1,000",Equity,Equity Securities (Main Board),1.41,1.41,1.41,1.395,66000,0.09,1.406,1.402,0.28,0.57,0.0,0.36,1.81,1.43,1.56,6.15,1.43,1.56,-1.4,-9.62,-77.07,1.4,9.62,False,False,False,True,False,False,False,True,True,2026-09-24
6669,6669.HK,ACOTEC-B,先瑞达医疗－Ｂ,19.34,"1,000",Equity,Equity Securities (Main Board),6.17,6.26,6.325,5.81,431000,2.66,6.131,6.036,0.64,2.22,-0.64,0.16,0.33,15.32,15.47,19.88,15.32,15.47,-58.71,-59.11,-68.18,59.73,60.12,False,False,False,True,False,False,False,False,False,2026-09-24
6675,6675.HK,SENASIC,SENASIC,106.55,200,Equity,Equity Securities (Main Board),27.9,27.8,28.68,27.42,251600,7.02,28.544,28.712,-2.26,-2.83,0.43,-2.45,-2.24,45.48,45.48,45.48,45.48,45.48,-36.94,-36.94,-36.94,38.65,38.65,False,False,False,False,False,False,False,False,False,2026-09-24
6676,6676.HK,ZG GROUP-W,找钢网－Ｗ,5.86,500,Equity,Equity Securities (Main Board),0.665,0.69,0.69,0.615,48000,0.03,0.667,0.682,-0.3,-2.49,0.0,-2.21,-5.0,2.19,8.21,8.21,2.19,8.21,-68.49,-91.6,-91.6,69.63,91.9,False,False,False,False,False,False,False,False,False,2026-09-24
6677,6677.HK,SINO-OCEAN SERV,远洋服务,3.2,500,Equity,Equity Securities (Main Board),0.27,0.3,0.3,0.255,1658500,0.45,0.296,0.301,-8.78,-10.3,-10.0,-10.0,-12.9,0.46,0.92,6.88,0.46,0.92,-34.78,-67.39,-95.64,41.3,70.65,False,False,False,False,False,False,False,False,False,2026-09-24
6680,6680.HK,JLMAG,金力永磁,38.0,200,Equity,Equity Securities (Main Board),15.76,15.8,15.87,15.35,2779800,43.81,15.73,15.697,0.19,0.4,2.47,-1.07,0.83,25.94,29.3,29.3,25.94,29.3,-38.82,-45.84,-45.84,39.24,46.21,False,False,False,True,False,False,False,False,False,2026-09-24
6681,6681.HK,BRAINAURORA-B,脑动极光－Ｂ,16.71,"1,000",Equity,Equity Securities (Main Board),1.23,1.24,1.245,1.22,4142000,5.09,1.262,1.261,-2.54,-2.46,-0.81,-6.46,-2.38,8.48,17.79,17.79,8.48,17.79,-85.32,-93.0,-93.0,85.5,93.09,False,False,False,False,False,False,False,False,False,2026-09-24
6682,6682.HK,PHANCY,范式智能,99.14,100,Equity,Equity Securities (Main Board),27.68,27.82,28.2,27.2,2805600,77.66,27.992,26.808,-1.11,3.25,0.29,-1.56,6.96,61.95,115.0,115.0,61.95,115.0,-54.48,-75.48,-75.48,55.32,75.93,False,False,False,False,False,False,False,False,False,2026-09-24
6683,6683.HK,STARPLUS LEGEND,巨星传奇,37.14,500,Equity,Equity Securities (Main Board),3.875,3.9,3.945,3.85,1851000,7.17,3.885,3.774,-0.26,2.69,0.13,-1.65,-0.9,11.15,17.64,17.64,11.15,17.64,-64.62,-77.64,-77.64,65.25,78.03,False,False,False,False,False,False,False,False,False,2026-09-24
6686,6686.HK,NOAH HOLDINGS,诺亚控股,46.34,100,Equity,Equity Securities (Main Board),13.5,13.5,13.5,13.5,5200,0.07,13.564,13.556,-0.47,-0.41,-0.74,-0.74,-0.15,20.4,21.0,32.68,20.4,21.0,-33.82,-35.71,-58.69,33.82,35.71,False,False,False,False,False,False,False,False,False,2026-09-24
6687,6687.HK,JST GROUP,聚水潭,52.85,100,Equity,Equity Securities (Main Board),12.5,12.15,12.85,12.5,121100,1.51,12.876,12.729,-2.92,-1.8,-1.19,-3.1,-0.95,33.66,41.72,41.72,33.66,41.72,-61.82,-69.2,-69.2,62.86,70.04,False,False,False,False,False,False,False,False,False,2026-09-24
6690,6690.HK,HAIER SMARTHOME,海尔智家,571.86,200,Equity,Equity Securities (Main Board),20.04,19.85,20.06,19.76,5723849,114.71,20.036,20.406,0.02,-1.79,0.65,1.47,-2.62,28.2,36.45,38.45,28.2,36.45,-28.87,-44.97,-47.83,28.94,45.02,True,False,False,False,False,False,False,False,False,2026-09-24
6693,6693.HK,CHIFENG GOLD,赤峰黄金,85.38,200,Equity,Equity Securities (Main Board),36.1,36.68,36.82,35.54,3167799,114.36,37.368,37.804,-3.39,-4.51,-2.43,-5.1,-3.68,49.9,49.9,49.9,49.9,49.9,-26.21,-26.21,-26.21,27.66,27.66,False,False,False,False,False,False,False,False,False,2026-09-24
6698,6698.HK,STAR CM,星空华文,3.2,100,Equity,Equity Securities (Main Board),0.805,0.805,0.835,0.805,9700,0.01,0.816,0.828,-1.35,-2.78,0.0,-1.23,-3.01,1.19,30.4,132.0,1.19,30.4,-29.83,-97.25,-99.37,32.35,97.35,False,False,False,False,False,False,False,False,False,2026-09-24
6699,6699.HK,ANGELALIGN,时代天使,145.41,200,Equity,Equity Securities (Main Board),84.7,86.9,86.9,83.45,490200,41.52,86.36,87.04,-1.92,-2.69,-1.74,-2.81,-3.97,100.0,100.0,490.0,100.0,100.0,-13.1,-13.1,-82.27,15.3,15.3,False,False,False,False,False,False,False,False,False,2026-09-24
6715,6715.HK,XUNLONG SCITECH,鲟龙科技,70.23,100,Equity,Equity Securities (Main Board),64.5,66.05,66.5,64.3,72300,4.66,66.09,65.515,-2.41,-1.55,-2.35,-0.62,-1.53,120.2,120.2,120.2,120.2,120.2,-44.68,-44.68,-44.68,46.34,46.34,False,False,False,False,False,False,False,False,False,2026-09-24
6745,6745.HK,BEFAR GROUP,滨化股份,10.28,"1,000",Equity,Equity Securities (Main Board),2.92,3.0,3.005,2.905,3235000,9.45,3.031,3.043,-3.66,-4.04,-3.15,-5.35,-3.47,4.19,4.19,4.19,4.19,4.19,-28.28,-28.28,-28.28,30.31,30.31,False,False,False,False,False,False,False,False,False,2026-09-24
6806,6806.HK,SWHY,申万宏源,60.97,800,Equity,Equity Securities (Main Board),2.435,2.46,2.46,2.415,7235200,17.62,2.472,2.461,-1.5,-1.06,-1.62,-2.01,0.41,3.4,4.65,4.65,3.4,4.65,-27.65,-47.1,-47.1,28.38,47.63,False,False,False,False,False,False,False,False,False,2026-09-24
6808,6808.HK,SUNART RETAIL,高鑫零售,99.22,500,Equity,Equity Securities (Main Board),1.04,1.055,1.055,1.035,2472000,2.57,1.046,1.055,-0.57,-1.42,-0.95,-1.89,0.48,1.94,2.8,13.4,1.94,2.8,-45.62,-62.32,-92.13,46.39,62.86,False,False,False,False,False,False,False,False,False,2026-09-24
6809,6809.HK,MONTAGE TECH,澜起科技,227.32,100,Equity,Equity Securities (Main Board),300.0,300.0,306.2,294.8,1873837,562.15,297.12,278.06,0.97,7.89,-2.15,4.75,12.11,543.0,543.0,543.0,543.0,543.0,-43.61,-43.61,-43.61,44.75,44.75,False,False,False,False,False,False,False,False,False,2026-09-24
6810,6810.HK,SUNMI TECH-W,商米科技－Ｗ,173.3,100,Equity,Equity Securities (Main Board),57.0,58.3,58.3,55.35,941036,53.64,57.17,55.57,-0.3,2.57,-2.23,0.8,7.55,99.8,99.8,99.8,99.8,99.8,-41.58,-41.58,-41.58,42.89,42.89,False,False,False,False,False,False,False,False,False,2026-09-24
6811,6811.HK,TAI HING GROUP,太兴集团,14.77,"1,000",Equity,Equity Securities (Main Board),1.52,1.5,1.54,1.49,2832000,4.3,1.478,1.462,2.84,3.97,1.33,4.83,9.75,1.56,1.56,3.01,1.56,1.56,-1.28,-1.28,-48.84,2.56,2.56,False,False,False,False,False,False,False,True,True,2026-09-24
6818,6818.HK,CEB BANK,中国光大银行,353.1,"1,000",Equity,Equity Securities (Main Board),2.785,2.775,2.795,2.76,8669000,24.14,2.784,2.8,0.04,-0.52,0.72,-1.07,-0.36,3.66,4.13,4.76,3.66,4.13,-23.63,-32.32,-41.28,23.91,32.57,False,False,False,False,False,False,False,False,False,2026-09-24
6820,6820.HK,FRIENDTIMES,友谊时光,7.96,"2,000",Equity,Equity Securities (Main Board),0.365,0.365,0.365,0.36,48000,0.02,0.364,0.361,0.27,1.11,0.0,1.39,2.82,0.67,1.65,4.08,0.67,1.65,-45.52,-77.88,-91.05,45.52,77.88,False,False,False,True,False,False,False,False,False,2026-09-24
6821,6821.HK,ASYMCHEM,凯莱英,41.67,100,Equity,Equity Securities (Main Board),149.7,154.0,155.1,147.8,802881,120.19,156.94,155.53,-4.61,-3.75,-4.83,-6.2,-7.71,178.0,178.0,277.14,178.0,178.0,-12.87,-12.87,-44.04,15.9,15.9,False,False,False,False,False,False,False,False,False,2026-09-24
6823,6823.HK,HKT-SS,香港电讯－ＳＳ,931.88,"1,000",Equity,Equity Securities (Main Board),12.29,12.4,12.43,12.24,7781907,95.64,12.43,12.41,-1.13,-0.97,-1.05,-1.44,-1.29,13.58,13.58,13.58,13.58,13.58,-8.47,-8.47,-8.47,9.5,9.5,False,False,False,False,False,False,False,True,True,2026-09-24
6826,6826.HK,HAOHAI BIOTEC,昊海生物科技,5.5,100,Equity,Equity Securities (Main Board),15.82,16.0,16.0,15.56,69200,1.09,15.744,16.042,0.48,-1.38,-0.88,-0.75,-1.8,27.06,48.55,150.0,27.06,48.55,-40.87,-67.04,-89.33,41.54,67.42,False,False,True,False,False,False,False,False,False,2026-09-24
6828,6828.HK,BG BLUE SKY,北京燃气蓝天,7.96,"8,000",Equity,Equity Securities (Main Board),0.035,0.035,0.035,0.035,24000,0.0,0.035,0.035,1.16,-0.85,2.94,0.0,-2.78,0.05,0.07,0.7,0.05,0.07,-32.69,-52.7,-95.0,32.69,52.7,False,False,False,False,False,False,False,False,False,2026-09-24
6829,6829.HK,DRAGON RISE GP,龙升集团控股,8.35,"1,000",Equity,Equity Securities (Main Board),2.9,2.75,3.0,2.75,1869040,5.42,2.779,2.737,4.35,5.96,5.26,3.76,13.06,2.98,3.1,4.65,3.0,3.1,0.67,-3.23,-35.48,3.33,6.45,False,False,False,False,True,False,False,True,True,2026-09-24
6830,6830.HK,HUAZHONG IN-V,华众车载,3.4,"2,000",Equity,Equity Securities (Main Board),0.192,0.192,0.192,0.192,10000,0.0,0.191,0.195,0.63,-1.39,0.0,7.26,-3.52,0.26,2.71,5.09,0.26,2.71,-26.15,-92.92,-96.23,26.15,92.92,False,False,False,False,False,False,False,False,False,2026-09-24
6831,6831.HK,GREEN TEA GROUP,绿茶集团,32.82,400,Equity,Equity Securities (Main Board),4.985,5.005,5.025,4.9,1370596,6.83,4.974,5.01,0.22,-0.5,0.91,1.32,0.3,9.5,9.81,9.81,9.5,9.81,-47.11,-48.78,-48.78,47.53,49.18,False,False,False,False,False,False,False,False,False,2026-09-24
6838,6838.HK,WINOX,盈利时,2.04,"2,000",Equity,Equity Securities (Main Board),0.34,0.335,0.34,0.335,222000,0.08,0.308,0.273,10.39,24.31,1.49,17.24,37.65,0.34,0.87,2.4,0.34,0.87,0.0,-60.92,-85.83,0.0,60.92,False,False,False,False,False,False,False,True,False,2026-09-24
6839,6839.HK,YUNNAN WATER,云南水务,0.3,"1,000",Equity,Equity Securities (Main Board),0.082,0.081,0.082,0.076,624000,0.05,0.084,0.084,-2.84,-2.38,-3.53,-2.38,-2.38,0.16,0.35,4.5,0.16,0.35,-47.44,-76.57,-98.18,47.44,76.57,False,False,False,False,False,False,False,False,False,2026-09-24
6855,6855.HK,ASCENTAGE,亚盛医药,108.72,100,Equity,Equity Securities (Main Board),29.1,30.9,30.9,28.82,4069617,118.43,30.54,30.72,-4.72,-5.27,-5.89,-8.2,-2.87,57.6,95.35,95.35,57.6,95.35,-46.35,-67.59,-67.59,49.48,69.48,False,False,False,False,False,False,False,False,False,2026-09-24
6858,6858.HK,HONMAGOLF,本间高尔夫,17.62,500,Equity,Equity Securities (Main Board),2.91,2.9,2.9,2.79,5000,0.01,2.906,2.923,0.14,-0.44,0.0,0.34,-1.02,3.3,3.68,10.5,3.3,3.68,-12.12,-21.2,-72.38,11.82,20.92,False,False,False,False,False,False,False,False,False,2026-09-24
6862,6862.HK,HAIDILAO,海底捞,516.71,"1,000",Equity,Equity Securities (Main Board),9.27,9.275,9.36,9.18,19781038,183.37,9.416,9.577,-1.55,-3.21,-0.05,-3.99,-2.42,17.86,22.0,85.8,17.86,22.0,-47.59,-57.45,-89.09,48.1,57.86,False,False,False,False,False,False,False,False,False,2026-09-24
6865,6865.HK,FLAT GLASS,福莱特玻璃,24.34,"1,000",Equity,Equity Securities (Main Board),5.665,5.85,5.85,5.61,2637000,14.94,5.832,5.911,-2.86,-4.16,-2.24,-5.43,-1.39,12.18,21.4,45.4,12.18,21.4,-51.97,-72.66,-87.11,53.49,73.53,False,False,False,False,False,False,False,False,False,2026-09-24
6866,6866.HK,ZUOLI KECHUANG,佐力科创,0.81,"2,000",Equity,Equity Securities (Main Board),0.27,0.25,0.27,0.25,8000,0.0,0.265,0.271,1.89,-0.55,1.89,5.88,3.85,0.42,0.44,1.27,0.42,0.44,-35.71,-38.64,-78.74,35.71,38.64,False,False,True,False,False,False,False,False,False,2026-09-24
6868,6868.HK,TENFU,天福,28.36,"1,000",Equity,Equity Securities (Main Board),2.62,2.645,2.645,2.62,3000,0.01,2.614,2.617,0.23,0.11,0.19,0.38,0.0,3.0,5.1,6.2,3.0,5.1,-11.83,-48.14,-57.34,12.67,48.63,False,False,False,False,False,False,False,False,False,2026-09-24
6869,6869.HK,YOFC,长飞光纤光缆,789.17,500,Equity,Equity Securities (Main Board),187.2,198.0,198.0,184.5,14804523,2771.41,188.4,183.61,-0.64,1.96,-4.34,0.92,1.52,305.0,305.0,305.0,305.0,305.0,-35.08,-35.08,-35.08,38.62,38.62,False,False,False,False,False,False,False,False,False,2026-09-24
6871,6871.HK,ROBOTPHOENIX,翼菲科技,75.15,100,Equity,Equity Securities (Main Board),30.68,29.8,31.66,29.68,424600,13.03,32.024,30.18,-4.2,1.66,1.59,-8.14,-3.16,59.65,59.65,59.65,59.65,59.65,-46.92,-46.92,-46.92,48.57,48.57,False,False,False,False,False,False,False,False,False,2026-09-24
6872,6872.HK,TENNOR THERAP-B,丹诺医药－Ｂ,64.68,50,Equity,Equity Securities (Main Board),123.6,126.6,127.3,121.5,108600,13.42,126.3,124.62,-2.14,-0.82,-2.37,-3.21,1.39,287.0,287.0,287.0,287.0,287.0,-55.64,-55.64,-55.64,56.93,56.93,False,False,False,False,False,False,False,False,False,2026-09-24
6880,6880.HK,MOMENTA-W,MOMENTA-W,339.0,20,Equity,Equity Securities (Main Board),164.4,171.5,171.5,161.0,102852,16.91,178.72,176.16,-8.01,-6.68,-4.14,-12.27,-2.32,314.8,314.8,314.8,314.8,314.8,-45.52,-45.52,-45.52,47.78,47.78,False,False,False,False,False,False,False,False,False,2026-09-24
6881,6881.HK,CGS,中国银河,272.95,500,Equity,Equity Securities (Main Board),7.395,7.55,7.585,7.37,10509500,77.72,7.566,7.585,-2.26,-2.5,-1.99,-3.4,-1.92,11.44,12.99,12.99,11.44,12.99,-33.7,-41.61,-41.61,35.36,43.07,False,False,False,False,False,False,False,False,False,2026-09-24
6882,6882.HK,EGL HOLDINGS,东瀛游,2.46,"2,000",Equity,Equity Securities (Main Board),0.49,0.485,0.49,0.485,30000,0.01,0.492,0.488,-0.41,0.41,-1.01,-1.01,0.0,0.55,0.73,1.82,0.55,0.73,-10.09,-32.88,-73.08,10.09,32.88,False,False,False,False,False,False,False,False,False,2026-09-24
6885,6885.HK,JINMA ENERGY,金马能源,3.32,"1,000",Equity,Equity Securities (Main Board),0.62,0.605,0.64,0.585,326000,0.2,0.627,0.616,-1.12,0.65,0.0,-0.8,6.9,1.41,1.89,5.6,1.41,1.89,-54.61,-66.14,-88.57,56.03,67.2,False,False,False,False,False,False,False,False,False,2026-09-24
6886,6886.HK,HTSC,HTSC,287.42,200,Equity,Equity Securities (Main Board),16.72,16.88,16.94,16.63,6789400,113.52,16.898,16.929,-1.05,-1.23,-1.3,-0.95,0.06,21.58,21.94,21.94,21.58,21.94,-21.5,-22.79,-22.79,22.52,23.79,False,False,False,False,False,False,False,False,False,2026-09-24
6887,6887.HK,SUNSHINE PHARMA,东阳光药,127.59,100,Equity,Equity Securities (Main Board),40.0,41.3,41.3,38.86,325770,13.03,39.412,38.17,1.49,4.79,-3.61,2.15,8.23,48.12,62.3,62.3,48.12,62.3,-14.17,-33.71,-33.71,16.87,35.79,False,False,False,False,False,False,False,False,False,2026-09-24
6888,6888.HK,FREETECH,英达公路再生科技,0.95,"1,000",Equity,Equity Securities (Main Board),0.088,0.088,0.088,0.08,4000,0.0,0.082,0.084,7.32,4.14,10.0,10.0,0.0,0.17,0.25,1.06,0.17,0.25,-46.67,-64.8,-91.7,46.67,64.8,False,False,False,True,False,False,False,False,False,2026-09-24
6889,6889.HK,DYNAM JAPAN,DYNAM JAPAN,21.22,200,Equity,Equity Securities (Main Board),3.1,3.005,3.105,3.005,7000,0.02,3.09,3.082,0.32,0.57,1.14,1.14,0.0,3.58,5.49,16.38,3.58,5.49,-13.27,-43.44,-81.04,13.41,43.53,False,False,False,True,False,False,False,False,False,2026-09-24
6890,6890.HK,KANGLI INT HLDG,康利国际控股,4.61,"2,000",Equity,Equity Securities (Main Board),0.76,0.76,0.76,0.76,6000,0.0,0.757,0.758,0.4,0.2,0.66,0.66,0.0,1.23,1.23,1.45,1.23,1.23,-38.21,-38.21,-47.59,38.21,38.21,False,False,False,False,False,False,False,False,False,2026-09-24
6893,6893.HK,HINSANG GROUP,衍生集团,2.84,"2,000",Equity,Equity Securities (Main Board),0.26,0.26,0.26,0.25,1094000,0.28,0.257,0.258,1.17,0.58,1.96,1.96,0.0,0.41,0.46,2.38,0.41,0.46,-37.35,-42.86,-89.08,37.35,42.86,False,False,False,True,False,False,False,False,False,2026-09-24
6896,6896.HK,GOLDEN THROAT,金嗓子,14.45,500,Equity,Equity Securities (Main Board),1.955,1.98,2.0,1.95,430000,0.84,1.961,1.956,-0.31,-0.03,-1.26,-0.51,0.26,3.8,5.65,5.65,3.8,5.65,-47.37,-64.6,-64.6,48.55,65.4,False,False,False,False,False,False,False,False,False,2026-09-24
6908,6908.HK,HG SEMI,宏光半导体,3.75,"5,000",Equity,Equity Securities (Main Board),0.32,0.29,0.32,0.29,4740000,1.52,0.292,0.271,9.59,18.08,12.28,10.34,25.49,0.56,2.8,8.99,0.56,2.8,-42.86,-88.57,-96.44,42.86,88.57,False,False,False,False,False,False,False,False,False,2026-09-24
6911,6911.HK,LANCANG TEA,澜沧古茶,1.28,200,Equity,Equity Securities (Main Board),2.3,2.3,2.3,2.3,79600,0.18,2.456,2.478,-6.35,-7.18,-7.26,-8.0,-8.0,4.0,17.0,17.0,4.0,17.0,-42.5,-86.47,-86.47,42.5,86.47,False,False,False,False,False,False,False,False,False,2026-09-24
6913,6913.HK,SCVE GROUP,华南职业教育,1.27,"2,000",Equity,Equity Securities (Main Board),0.095,0.095,0.095,0.085,854000,0.08,0.096,0.096,-0.84,-0.94,-2.06,0.0,1.06,0.31,0.62,1.72,0.31,0.62,-68.85,-84.68,-94.48,68.85,84.68,False,False,False,False,False,False,False,False,False,2026-09-24
6915,6915.HK,JIANGXI BIO,江西生物,36.54,500,Equity,Equity Securities (Main Board),11.9,11.97,12.48,11.63,846500,10.07,13.846,14.26,-14.05,-16.55,-0.58,-22.07,-18.49,21.1,21.1,21.1,21.1,21.1,-40.85,-40.85,-40.85,43.6,43.6,False,False,False,False,False,False,False,False,False,2026-09-24
6918,6918.HK,JIUTAI DIGITAL,九泰数智,1.19,"2,000",Equity,Equity Securities (Main Board),0.136,0.14,0.14,0.13,1972000,0.27,0.133,0.126,2.56,8.02,-4.23,4.62,14.29,0.17,2.63,4.6,0.17,2.63,-20.0,-94.68,-96.96,22.29,94.83,False,False,False,False,False,False,False,False,False,2026-09-24
6919,6919.HK,RENRUI HR,人瑞人才,5.05,100,Equity,Equity Securities (Main Board),3.185,3.2,3.26,3.185,33900,0.11,3.257,3.279,-2.21,-2.88,-0.47,-4.64,-5.21,4.7,5.59,55.2,4.7,5.59,-30.64,-41.68,-94.09,32.23,43.02,False,False,False,False,False,False,False,False,False,2026-09-24
6922,6922.HK,CRYOFOCUS-B,康沣生物－Ｂ,4.25,200,Equity,Equity Securities (Main Board),2.85,2.565,2.87,2.565,73800,0.21,2.651,2.63,7.51,8.34,11.11,10.25,14.23,6.92,19.5,19.5,6.92,19.5,-58.53,-85.28,-85.28,58.82,85.38,False,False,False,True,False,False,False,False,False,2026-09-24
6928,6928.HK,TOMO HOLDINGS,万马控股,1.26,"4,000",Equity,Equity Securities (Main Board),0.165,0.165,0.165,0.165,20000,0.0,0.165,0.17,0.24,-2.88,0.0,-0.6,1.23,0.31,0.63,6.38,0.31,0.63,-46.77,-73.81,-97.41,46.77,73.81,False,False,False,False,False,False,False,False,False,2026-09-24
6929,6929.HK,ORBUSNEICH,业聚医疗,31.13,500,Equity,Equity Securities (Main Board),3.76,3.76,3.77,3.67,30500,0.11,3.759,3.755,0.03,0.13,0.0,-0.79,0.13,4.56,9.52,16.86,4.56,9.52,-17.32,-60.4,-77.64,17.54,60.5,False,False,True,True,False,False,False,False,False,2026-09-24
6933,6933.HK,SINO-ENTERTAIN,新娱科控股,4.92,"2,000",Equity,Equity Securities (Main Board),1.15,1.16,1.16,1.15,20000,0.02,1.164,1.169,-1.2,-1.63,-0.86,0.0,-4.17,1.94,1.94,7.88,1.94,1.94,-40.21,-40.21,-85.28,40.72,40.72,False,False,False,False,False,False,False,False,False,2026-09-24
6936,6936.HK,SF HOLDING,顺丰控股,129.76,200,Equity,Equity Securities (Main Board),28.74,28.88,28.92,28.6,821046,23.6,28.908,28.972,-0.58,-0.8,-0.48,-1.1,-1.03,37.62,48.8,48.8,37.62,48.8,-23.13,-40.74,-40.74,23.6,41.11,False,False,False,False,False,False,False,False,False,2026-09-24
6938,6938.HK,RIBOLIFE-B,瑞博生物－Ｂ,90.05,200,Equity,Equity Securities (Main Board),53.1,55.2,55.2,53.0,230700,12.25,54.8,53.405,-3.1,-0.57,-4.32,-7.09,3.41,95.8,95.8,95.8,95.8,95.8,-42.38,-42.38,-42.38,44.57,44.57,False,False,False,False,False,False,False,False,False,2026-09-24
6939,6939.HK,MEGAIN,美佳音控股,7.41,"2,000",Equity,Equity Securities (Main Board),1.19,1.2,1.21,1.115,238000,0.28,1.183,1.173,0.59,1.49,-2.86,4.85,6.25,2.67,2.67,2.67,2.67,2.67,-54.68,-54.68,-54.68,55.43,55.43,False,False,False,True,False,False,False,False,False,2026-09-24
6951,6951.HK,CCTC,三环集团,107.18,100,Equity,Equity Securities (Main Board),133.6,137.5,142.9,132.2,1841975,246.09,135.44,130.56,-1.36,2.33,-2.84,-0.22,7.22,152.7,152.7,152.7,152.7,152.7,-6.42,-6.42,-6.42,12.51,12.51,False,False,False,False,False,False,False,False,False,2026-09-24
6955,6955.HK,BOAN BIOTECH,博安生物,19.02,200,Equity,Equity Securities (Main Board),3.1,2.865,3.1,2.725,2271400,7.04,2.707,2.688,14.52,15.33,13.14,22.77,21.09,10.22,25.0,40.0,10.22,25.0,-69.67,-87.6,-92.25,69.67,87.6,True,False,False,False,False,False,False,False,False,2026-09-24
6958,6958.HK,ZHENRO SERVICES,正荣服务,0.85,"1,000",Equity,Equity Securities (Main Board),0.082,0.087,0.087,0.082,113000,0.01,0.086,0.089,-4.87,-7.34,-4.65,-4.65,-9.89,0.13,0.4,7.28,0.13,0.4,-34.59,-78.25,-98.8,38.35,79.5,False,False,False,False,False,False,False,False,False,2026-09-24
6960,6960.HK,SHUANGDENG,双登股份,21.07,500,Equity,Equity Securities (Main Board),6.15,6.025,6.3,6.025,106000,0.65,6.125,6.149,0.41,0.01,-1.6,0.9,-1.13,19.27,27.1,27.1,19.27,27.1,-67.31,-76.75,-76.75,68.09,77.31,False,False,True,True,False,False,False,False,False,2026-09-24
6963,6963.HK,SUNSHINE INS,阳光保险,124.37,500,Equity,Equity Securities (Main Board),3.575,3.65,3.65,3.57,4861000,17.38,3.671,3.694,-2.62,-3.22,-2.59,-4.03,-3.25,4.54,4.64,5.83,4.54,4.64,-19.6,-21.34,-37.39,21.26,22.95,False,False,False,False,False,False,False,False,False,2026-09-24
6966,6966.HK,C WAN TONG YUAN,中国万桐园,5.95,"10,000",Equity,Equity Securities (Main Board),0.595,0.595,0.595,0.595,40000,0.02,0.596,0.596,-0.17,-0.08,-0.83,0.0,0.0,0.61,0.79,3.3,0.61,0.79,-2.46,-24.68,-81.97,2.46,24.68,False,False,False,False,False,False,False,True,False,2026-09-24
6968,6968.HK,GANGLONG CHINA,港龙中国地产,1.54,"1,000",Equity,Equity Securities (Main Board),0.095,0.086,0.086,0.086,13000,0.0,0.096,0.095,-1.45,-0.52,2.15,-2.06,-4.04,0.28,0.42,6.06,0.28,0.42,-69.82,-79.52,-98.58,66.67,77.38,False,False,False,False,False,False,False,False,False,2026-09-24
6969,6969.HK,SMOORE INTL,思摩尔国际,575.01,"1,000",Equity,Equity Securities (Main Board),9.28,9.3,9.365,8.98,6798483,63.09,9.391,9.451,-1.18,-1.81,0.16,-1.12,-5.11,13.47,24.12,90.0,13.47,24.12,-30.48,-61.17,-89.59,31.11,61.53,False,False,False,False,False,False,False,False,False,2026-09-24
6979,6979.HK,ZJLD,珍酒李渡,269.06,200,Equity,Equity Securities (Main Board),7.94,7.995,8.1,7.86,2791600,22.17,7.773,7.66,2.15,3.66,0.19,3.52,5.31,9.84,13.1,13.18,9.84,13.1,-17.68,-38.17,-38.54,19.31,39.39,False,False,False,False,False,False,False,False,False,2026-09-24
6980,6980.HK,BAMA TEA,八马茶业,24.29,100,Equity,Equity Securities (Main Board),29.04,29.0,29.78,28.98,81100,2.36,28.908,30.224,0.46,-3.92,2.83,-1.02,-5.65,40.08,115.0,115.0,40.08,115.0,-25.7,-74.1,-74.1,27.54,74.75,False,False,False,False,False,False,False,False,False,2026-09-24
6988,6988.HK,JOY SPREADER,乐享集团,1.28,"1,000",Equity,Equity Securities (Main Board),0.054,0.054,0.057,0.048,2553000,0.14,0.058,0.059,-7.53,-8.94,1.89,-14.29,-6.9,0.18,0.39,5.05,0.18,0.39,-67.98,-85.38,-98.87,69.66,86.15,False,False,False,False,False,False,False,False,False,2026-09-24
6989,6989.HK,EXCELLENCE CM,卓越商企服务,6.16,"1,000",Equity,Equity Securities (Main Board),0.505,0.51,0.51,0.505,322000,0.16,0.51,0.52,-0.98,-2.88,-2.88,0.0,-3.81,0.88,2.06,12.04,0.88,2.06,-42.05,-75.24,-95.76,42.61,75.49,False,False,False,False,False,False,False,False,False,2026-09-24
6990,6990.HK,SKB BIO,科伦博泰生物,823.99,100,Equity,Equity Securities (Main Board),466.0,483.8,483.8,463.4,344871,160.71,479.28,472.72,-2.77,-1.42,-3.52,-5.97,1.0,562.5,581.0,581.0,562.5,581.0,-13.99,-16.73,-16.73,17.16,19.79,False,False,False,False,False,False,False,False,False,2026-09-24
6993,6993.HK,BLUE MOON GROUP,蓝月亮集团,142.94,500,Equity,Equity Securities (Main Board),2.465,2.6,2.605,2.465,2740000,6.75,2.732,3.212,-9.77,-23.27,-3.33,-13.81,-33.74,3.97,4.44,19.16,3.97,4.44,-34.47,-41.33,-86.4,37.99,44.48,False,False,False,False,False,False,False,False,False,2026-09-24
6996,6996.HK,ANTENGENE-B,德琪医药－Ｂ,23.89,500,Equity,Equity Securities (Main Board),3.475,3.58,3.58,3.4,945500,3.29,3.498,3.413,-0.66,1.8,-2.93,-3.07,6.92,6.28,8.16,22.5,6.28,8.16,-42.99,-56.13,-84.09,44.67,57.41,False,False,False,False,False,False,False,False,False,2026-09-24
6998,6998.HK,EDDING GENOR,亿腾嘉和,33.35,500,Equity,Equity Securities (Main Board),1.685,1.79,1.8,1.65,3142500,5.3,1.703,1.687,-1.06,-0.15,-6.13,0.6,2.12,3.64,3.64,3.64,3.64,3.64,-50.55,-50.55,-50.55,53.71,53.71,False,False,False,False,False,False,False,False,False,2026-09-24
7489,7489.HK,VOYAH AUTO,岚图汽车,17.66,"1,000",Equity,Equity Securities (Main Board),1.995,1.94,2.015,1.94,5425731,10.82,1.958,1.97,1.89,1.27,4.18,1.27,5.84,7.5,7.5,7.5,7.5,7.5,-73.13,-73.13,-73.13,73.4,73.4,False,False,False,True,False,False,False,False,False,2026-09-24
7618,7618.HK,JD INDUSTRIALS,京东工业,360.0,200,Equity,Equity Securities (Main Board),13.26,13.56,13.56,13.0,1031995,13.68,13.582,13.492,-2.37,-1.72,-0.15,-4.54,-3.42,17.17,17.17,17.17,17.17,17.17,-21.03,-21.03,-21.03,22.77,22.77,False,False,False,False,False,False,False,False,False,2026-09-24
7630,7630.HK,IMPACT THERAP-B,英派药业－Ｂ,40.19,200,Equity,Equity Securities (Main Board),14.23,15.2,15.53,13.63,8119400,115.54,15.04,13.432,-5.39,5.94,-6.07,-14.53,26.15,47.98,47.98,47.98,47.98,47.98,-67.63,-67.63,-67.63,70.34,70.34,False,False,False,False,False,False,False,False,False,2026-09-24
7656,7656.HK,RECONOVA,瑞为技术,46.01,200,Equity,Equity Securities (Main Board),16.81,16.65,17.79,16.13,198200,3.33,16.792,16.398,0.11,2.51,0.96,-4.81,2.88,35.3,35.3,35.3,35.3,35.3,-49.6,-49.6,-49.6,52.38,52.38,False,False,False,True,False,False,False,False,False,2026-09-24
7666,7666.HK,METIS TECHBIO-P,剂泰科技－Ｐ,171.35,500,Equity,Equity Securities (Main Board),15.82,17.38,17.8,15.56,8866000,140.26,16.852,15.815,-6.12,0.03,-8.98,-6.28,1.87,29.98,29.98,29.98,29.98,29.98,-40.63,-40.63,-40.63,47.23,47.23,False,False,False,False,False,False,False,False,False,2026-09-24
7687,7687.HK,EACON,易控智驾,102.81,50,Equity,Equity Securities (Main Board),68.25,71.5,71.9,68.25,83450,5.7,74.13,70.51,-7.93,-3.21,-5.47,-9.0,2.94,101.2,101.2,101.2,101.2,101.2,-28.95,-28.95,-28.95,32.56,32.56,False,False,False,False,False,False,False,False,False,2026-09-24
7688,7688.HK,TOPNC,拓璞数控,85.1,100,Equity,Equity Securities (Main Board),22.32,20.44,22.32,20.44,1276600,28.49,21.02,20.041,6.18,11.37,6.18,8.67,12.9,49.98,49.98,49.98,49.98,49.98,-55.34,-55.34,-55.34,55.34,55.34,False,False,True,False,False,False,False,False,False,2026-09-24
8003,8003.HK,GREAT WORLD,世大控股,0.53,"6,000",Equity,Equity Securities (GEM),0.152,0.134,0.177,0.126,3624000,0.55,0.113,0.094,34.04,61.53,13.43,56.7,105.41,0.19,0.7,5.0,0.19,0.7,-4.84,-74.71,-96.46,18.28,78.29,False,False,False,False,False,False,False,False,False,2026-09-24
8005,8005.HK,YUXING INFOTECH,裕兴科技,1.62,"2,000",Equity,Equity Securities (GEM),0.065,0.065,0.065,0.065,678000,0.04,0.066,0.061,-1.22,6.73,0.0,0.0,12.07,0.1,0.23,2.46,0.1,0.23,-34.34,-71.86,-97.36,34.34,71.86,False,False,False,False,False,False,False,False,False,2026-09-24
8006,8006.HK,SINO SPLENDID,华泰瑞银,0.55,"10,000",Equity,Equity Securities (GEM),0.15,0.115,0.16,0.115,120000,0.02,0.12,0.11,24.79,36.24,30.43,21.95,50.0,0.19,0.29,1.78,0.19,0.29,-17.95,-44.83,-91.01,23.08,48.28,False,False,False,False,False,False,False,False,False,2026-09-24
8007,8007.HK,GLOBALSTRAT,环球战略集团,1.57,"10,000",Equity,Equity Securities (GEM),0.695,0.65,0.715,0.65,2290000,1.59,0.585,0.545,18.8,27.52,6.92,36.27,37.62,0.83,10.81,184.97,0.83,10.81,-13.86,-93.39,-99.61,16.27,93.57,True,False,False,False,False,False,False,False,False,2026-09-24
8017,8017.HK,TRADEGO,捷利交易宝,8.22,"4,000",Equity,Equity Securities (GEM),1.175,1.18,1.18,1.125,304000,0.36,1.182,1.171,-0.59,0.34,-1.26,-1.26,3.07,1.77,2.5,2.83,1.77,2.5,-33.33,-52.8,-58.3,33.62,53.0,False,False,False,False,False,False,False,False,False,2026-09-24
8018,8018.HK,FINSOFT FIN,汇财金融投资,0.22,"10,000",Equity,Equity Securities (GEM),0.044,0.044,0.044,0.044,2560000,0.11,0.046,0.045,-3.51,-2.44,-4.35,-4.35,-4.35,0.12,0.15,2.94,0.12,0.15,-61.74,-70.07,-98.5,61.74,70.07,False,False,False,False,False,False,False,False,False,2026-09-24
8019,8019.HK,HAO WEN HLDGS,皓文控股,0.25,"20,000",Equity,Equity Securities (GEM),0.069,0.071,0.073,0.069,220050,0.02,0.068,0.069,1.17,-0.0,0.0,1.47,1.47,0.95,0.95,2.65,0.95,0.95,-92.32,-92.32,-97.25,92.74,92.74,False,False,False,False,False,False,False,False,False,2026-09-24
8020,8020.HK,UNITAS HOLD,宏海控股集团,0.44,"10,000",Equity,Equity Securities (GEM),0.017,0.018,0.018,0.017,640000,0.01,0.018,0.019,-6.59,-10.99,-5.56,-5.56,-15.0,0.04,0.4,0.44,0.04,0.4,-50.0,-95.5,-95.91,52.78,95.75,False,False,False,False,False,False,False,False,False,2026-09-24
8021,8021.HK,WLS HOLDINGS,汇隆控股,1.43,"10,000",Equity,Equity Securities (GEM),0.199,0.199,0.2,0.199,30000,0.01,0.186,0.178,7.1,11.86,6.99,11.17,10.56,0.48,1.84,12.4,0.48,1.84,-58.33,-89.13,-98.39,58.54,89.18,False,False,False,False,False,False,False,False,False,2026-09-24
8023,8023.HK,KWONG MAN KEE,邝文记,2.03,"6,000",Equity,Equity Securities (GEM),0.34,0.335,0.355,0.33,294000,0.1,0.338,0.338,0.59,0.59,4.62,-1.45,-1.45,0.44,0.51,0.7,0.44,0.51,-19.32,-30.39,-49.29,22.73,33.33,False,False,False,True,False,False,False,False,False,2026-09-24
8026,8026.HK,CB GLOBAL,朗华国际集团,6.7,"1,000",Equity,Equity Securities (GEM),0.435,0.35,0.435,0.33,533000,0.23,0.386,0.36,12.69,20.83,1.16,31.82,19.18,0.57,0.59,0.85,0.57,0.59,-23.68,-26.27,-48.82,23.68,26.27,True,False,True,True,False,False,False,False,False,2026-09-24
8027,8027.HK,KPM HOLDING,吉辉控股,0.77,"10,000",Equity,Equity Securities (GEM),0.109,0.11,0.11,0.109,540000,0.06,0.109,0.109,-0.18,-0.27,-0.91,-5.22,13.54,0.16,1.0,24.0,0.16,1.0,-31.25,-89.0,-99.54,31.88,89.1,False,False,False,False,False,False,False,False,False,2026-09-24
8030,8030.HK,FENGYINHE,丰银禾控股,5.76,"1,000",Equity,Equity Securities (GEM),1.65,1.55,1.65,1.5,133000,0.22,1.46,1.416,13.01,16.48,6.45,17.86,43.48,11.49,14.01,56.0,11.49,14.01,-85.64,-88.22,-97.05,85.64,88.22,False,False,False,False,False,False,False,False,False,2026-09-24
8031,8031.HK,ETS GROUP,易通讯集团,1.06,"2,000",Equity,Equity Securities (GEM),0.3,0.3,0.3,0.3,40000,0.01,0.308,0.3,-2.6,-0.17,-1.64,-3.23,0.0,0.77,0.9,1.68,0.77,0.9,-61.04,-66.67,-82.14,61.04,66.67,False,False,False,False,False,False,False,False,False,2026-09-24
8035,8035.HK,JANCO HOLDINGS,骏高控股,0.39,"10,000",Equity,Equity Securities (GEM),0.065,0.063,0.065,0.063,470000,0.03,0.063,0.062,3.83,4.33,8.33,1.56,12.07,0.08,0.16,4.8,0.08,0.16,-13.33,-59.63,-98.65,13.33,59.63,False,False,False,False,False,False,False,False,False,2026-09-24
8036,8036.HK,EBROKER GROUP,电子交易集团,0.58,"10,000",Equity,Equity Securities (GEM),0.047,0.048,0.048,0.047,450000,0.02,0.046,0.046,2.62,2.17,0.0,4.44,9.3,0.05,0.09,0.36,0.05,0.09,-11.11,-46.07,-86.67,12.96,47.19,False,False,False,False,False,False,False,False,False,2026-09-24
8037,8037.HK,CH BIOTECH SER,中国生物科技服务,5.22,"5,000",Equity,Equity Securities (GEM),0.535,0.57,0.57,0.535,40000,0.02,0.569,0.588,-5.98,-9.01,-5.31,-9.32,-10.08,0.92,1.33,2.64,0.92,1.33,-38.04,-57.14,-78.41,41.85,59.77,False,False,False,False,False,False,False,False,False,2026-09-24
8040,8040.HK,COOLPOINT INNO,快意智能,1.75,"5,000",Equity,Equity Securities (GEM),0.515,0.52,0.52,0.515,40000,0.02,0.531,0.538,-3.01,-4.36,-1.9,-5.5,-7.21,0.6,0.81,1.71,0.6,0.81,-13.33,-35.8,-69.59,14.17,36.42,False,False,False,False,False,False,False,False,False,2026-09-24
8041,8041.HK,INTELLIMARK AI,中微智码,6.47,"5,000",Equity,Equity Securities (GEM),0.79,0.635,0.8,0.6,2745000,2.17,0.653,0.637,20.98,24.12,27.42,27.42,27.42,0.82,0.91,1.5,0.82,0.91,-2.44,-12.09,-46.71,3.66,13.19,False,False,True,True,False,False,False,True,False,2026-09-24
8042,8042.HK,KOS TALENT GP,高奥士人才集团,0.64,"10,000",Equity,Equity Securities (GEM),0.08,0.079,0.08,0.079,530000,0.04,0.079,0.077,1.27,3.36,0.0,1.27,2.56,0.1,0.1,0.85,0.1,0.1,-17.53,-17.53,-90.59,17.53,17.53,False,False,False,False,False,False,False,False,False,2026-09-24
8043,8043.HK,ATLINKS,ATLINKS,0.86,"5,000",Equity,Equity Securities (GEM),0.214,0.214,0.214,0.214,50000,0.01,0.214,0.214,0.0,0.0,0.0,0.0,0.0,0.24,0.56,4.8,0.24,0.56,-11.57,-61.79,-95.54,11.57,61.79,False,False,False,False,False,False,False,False,False,2026-09-24
8049,8049.HK,JILIN CHANGLONG,吉林长龙药业,4.07,"4,000",Equity,Equity Securities (GEM),2.36,2.36,2.36,2.36,4000,0.01,2.35,2.335,0.43,1.07,-0.42,2.16,1.72,3.0,3.0,3.0,3.0,3.0,-21.33,-21.33,-21.33,21.33,21.33,False,False,False,False,False,False,False,False,False,2026-09-24
8050,8050.HK,CITY COOLXUAN,城市酷选,2.18,"2,000",Equity,Equity Securities (GEM),0.805,0.765,0.805,0.75,52000,0.04,0.776,0.777,3.74,3.6,5.23,7.33,7.33,2.18,3.2,14.45,2.18,3.2,-63.07,-74.84,-94.43,63.07,74.84,False,False,False,True,False,False,False,False,False,2026-09-24
8051,8051.HK,CIRCUTECH,讯智海,0.69,200,Equity,Equity Securities (GEM),2.65,2.465,2.465,2.465,200,0.0,2.746,2.803,-3.5,-5.46,0.0,-5.36,-7.34,3.5,5.36,37.61,3.5,5.36,-29.57,-54.01,-93.45,24.29,50.56,False,False,False,False,False,False,False,False,False,2026-09-24
8057,8057.HK,MADISON HLDG,麦迪森控股,0.34,"4,000",Equity,Equity Securities (GEM),0.22,0.246,0.246,0.22,404000,0.09,0.476,0.508,-53.78,-56.69,-59.26,-59.26,-59.26,1.13,1.51,175.94,1.13,1.51,-78.15,-83.74,-99.86,80.46,85.46,False,False,False,False,False,False,False,False,False,2026-09-24
8062,8062.HK,EFT SOLUTIONS,俊盟国际,1.15,"5,000",Equity,Equity Securities (GEM),0.24,0.265,0.265,0.235,545000,0.13,0.256,0.251,-6.25,-4.42,-9.43,-7.69,-2.04,0.31,0.39,0.7,0.31,0.39,-14.52,-32.05,-62.14,22.58,38.46,False,False,False,False,False,False,False,False,False,2026-09-24
8066,8066.HK,PHOENITRON HOLD,品创控股,1.76,"5,000",Equity,Equity Securities (GEM),0.265,0.265,0.265,0.265,5000,0.0,0.268,0.278,-1.12,-4.68,-1.85,1.92,-8.62,0.72,0.85,0.85,0.72,0.85,-63.19,-68.82,-68.82,63.19,68.82,False,False,False,False,False,False,False,False,False,2026-09-24
8070,8070.HK,KEEN OCEAN,侨洋国际控股,2.26,"5,000",Equity,Equity Securities (GEM),1.13,1.1,1.145,1.075,375000,0.42,1.122,1.105,0.71,2.26,2.73,-0.88,-0.44,1.7,1.7,1.7,1.7,1.7,-32.65,-32.65,-32.65,33.53,33.53,False,False,False,True,False,False,False,False,False,2026-09-24
8072,8072.HK,LANGU CO,兰谷股份,0.51,"20,000",Equity,Equity Securities (GEM),0.3,0.35,0.365,0.285,260000,0.08,0.345,0.338,-13.04,-11.24,-18.92,-11.76,-11.76,0.55,0.97,126.77,0.55,0.97,-33.64,-62.42,-99.71,45.45,69.11,False,False,False,False,False,False,False,False,False,2026-09-24
8073,8073.HK,SFSY NEW MAT,水发兴业新材料,1.43,"4,000",Equity,Equity Securities (GEM),0.275,0.29,0.29,0.275,124000,0.03,0.276,0.281,-0.36,-2.31,0.0,0.0,-5.17,0.42,0.42,1.83,0.42,0.42,-30.95,-30.95,-84.15,34.52,34.52,False,False,False,False,False,False,False,False,False,2026-09-24
8076,8076.HK,SING LEE,新利软件,0.25,"5,000",Equity,Equity Securities (GEM),0.019,0.016,0.022,0.016,10320000,0.2,0.017,0.018,11.76,7.34,18.75,18.75,11.76,0.06,0.06,0.28,0.06,0.06,-62.07,-62.07,-92.14,67.24,67.24,False,False,False,True,False,False,False,False,False,2026-09-24
8079,8079.HK,LIT LIFE,曌生命,0.18,"5,000",Equity,Equity Securities (GEM),0.495,0.495,0.495,0.495,10000,0.0,0.523,0.558,-5.35,-11.29,-1.0,-6.6,-16.81,0.98,2.66,15.78,0.98,2.66,-49.49,-81.39,-96.86,49.49,81.39,False,False,False,False,False,False,False,False,False,2026-09-24
8081,8081.HK,BAIJUYI HOLD,白居易控股,0.72,"10,000",Equity,Equity Securities (GEM),0.014,0.014,0.014,0.013,470000,0.01,0.014,0.014,0.0,0.72,0.0,0.0,7.69,0.02,0.13,0.18,0.02,0.13,-41.67,-89.15,-92.13,41.67,89.15,False,False,False,False,False,False,False,False,False,2026-09-24
8082,8082.HK,QINGHUA HOLD,擎华控股,0.56,"10,000",Equity,Equity Securities (GEM),0.021,0.021,0.021,0.02,1340000,0.03,0.021,0.021,-0.94,-1.87,0.0,0.0,-4.55,0.07,0.21,0.68,0.07,0.21,-71.23,-89.9,-96.93,71.23,89.9,False,False,False,False,False,False,False,False,False,2026-09-24
8087,8087.HK,CHINA 33 GROUP,中国三三集团,12.47,"2,000",Equity,Equity Securities (GEM),1.925,1.995,2.065,1.915,490000,0.94,2.016,2.029,-4.51,-5.13,-1.53,-6.78,-3.51,11.48,11.48,25.6,11.48,11.48,-82.01,-82.01,-91.93,83.23,83.23,False,False,False,False,False,False,False,False,False,2026-09-24
8090,8090.HK,BAOGAI,宝盖新材,0.66,500,Equity,Equity Securities (GEM),4.55,4.51,4.51,4.51,7000,0.03,4.729,4.964,-3.79,-8.34,-1.09,-5.21,-8.91,7.0,7.0,7.0,7.0,7.0,-35.57,-35.57,-35.57,35.0,35.0,False,False,False,False,False,False,False,False,False,2026-09-24
8091,8091.HK,OOH HOLDINGS,奥传思维控股,0.32,"10,000",Equity,Equity Securities (GEM),0.045,0.046,0.046,0.045,40000,0.0,0.045,0.045,0.9,0.9,0.0,7.14,0.0,0.05,0.05,9.8,0.05,0.05,-4.17,-16.36,-99.53,6.25,18.18,False,False,False,False,False,False,False,True,False,2026-09-24
8092,8092.HK,ITE HOLDINGS,ITE HOLDINGS,0.39,"4,000",Equity,Equity Securities (GEM),0.042,0.042,0.042,0.042,4000,0.0,0.042,0.041,-0.0,2.44,2.44,0.0,2.44,0.06,0.06,0.17,0.06,0.06,-27.59,-34.38,-75.0,27.59,34.38,False,False,False,False,False,False,False,False,False,2026-09-24
8093,8093.HK,WEB3 META,瓦普思瑞元宇宙,1.08,"2,000",Equity,Equity Securities (GEM),2.19,1.92,2.195,1.92,64000,0.14,2.002,1.917,9.39,14.24,14.66,9.5,10.05,3.33,6.8,61.0,3.33,6.8,-34.08,-67.72,-96.4,34.23,67.79,False,False,False,False,False,False,False,False,False,2026-09-24
8095,8095.HK,BEIDA JADE BIRD,北大青鸟环宇,4.56,"1,000",Equity,Equity Securities (GEM),0.56,0.565,0.565,0.555,159000,0.09,0.569,0.575,-1.58,-2.61,-1.75,-2.61,-3.45,1.65,1.65,2.52,1.65,1.65,-65.76,-65.76,-77.58,66.06,66.06,False,False,False,False,False,False,False,False,False,2026-09-24
8096,8096.HK,TASTY CONCEPTS,赏之味,0.63,"5,000",Equity,Equity Securities (GEM),0.131,0.121,0.131,0.119,795000,0.1,0.133,0.132,-1.5,-0.76,-2.24,-0.76,-2.96,0.17,0.44,6.24,0.17,0.44,-21.08,-70.23,-97.9,21.08,70.23,False,False,False,False,False,False,False,False,False,2026-09-24
8098,8098.HK,CL GROUP,昌利控股,2.84,"10,000",Equity,Equity Securities (GEM),0.129,0.13,0.132,0.128,1380000,0.18,0.12,0.103,7.14,25.49,-4.44,17.27,30.3,0.14,0.14,0.32,0.14,0.14,-2.94,-2.94,-58.75,5.15,5.15,False,False,False,False,False,False,False,True,True,2026-09-24
8113,8113.HK,V&V TECH,时腾科技,0.92,"5,000",Equity,Equity Securities (GEM),0.47,0.485,0.485,0.47,65000,0.03,0.502,0.529,-6.37,-11.15,-7.84,-7.84,-7.84,0.6,1.05,7.34,0.6,1.05,-19.17,-53.74,-93.39,21.67,55.17,False,False,False,False,False,False,False,False,False,2026-09-24
8115,8115.HK,QINGDA ORIENTAL,清大东方,3.76,"4,000",Equity,Equity Securities (GEM),4.5,4.57,4.57,4.5,212000,0.95,4.876,4.991,-7.71,-9.84,-7.22,-10.0,-10.0,15.85,15.85,15.85,15.85,15.85,-71.17,-71.17,-71.17,71.61,71.61,False,False,False,False,False,False,False,False,False,2026-09-24
8117,8117.HK,CHI P ENERGY,中国基础能源,0.52,"10,000",Equity,Equity Securities (GEM),0.051,0.06,0.06,0.05,690000,0.04,0.053,0.05,-3.41,2.41,-15.0,-1.92,6.25,0.13,0.4,1.08,0.13,0.4,-53.85,-85.0,-94.44,60.77,87.25,False,False,False,False,False,False,False,False,False,2026-09-24
8118,8118.HK,ZHONGZI INTL H,中资国际控股,0.52,"8,000",Equity,Equity Securities (GEM),0.104,0.104,0.104,0.104,176000,0.02,0.104,0.097,0.0,7.66,0.0,-3.7,10.64,0.19,0.35,1.07,0.19,0.35,-46.67,-70.29,-90.28,46.67,70.29,False,False,False,False,False,False,False,False,False,2026-09-24
8120,8120.HK,CH DEMETER FIN,国农金融投资,2.76,"5,000",Equity,Equity Securities (GEM),1.7,1.73,1.82,1.695,25000,0.04,1.728,1.819,-1.62,-6.54,-1.16,0.59,-10.05,2.89,2.89,7.78,2.89,2.89,-37.02,-37.02,-76.62,41.18,41.18,False,False,False,False,False,False,False,False,False,2026-09-24
8121,8121.HK,GUOEN HOLDINGS,国恩控股,0.63,"10,000",Equity,Equity Securities (GEM),0.42,0.42,0.42,0.42,70000,0.03,0.447,0.447,-6.04,-6.04,-3.45,-9.68,-9.68,0.98,4.7,38.0,0.98,4.7,-57.14,-91.06,-98.89,57.14,91.06,False,False,False,False,False,False,False,False,False,2026-09-24
8123,8123.HK,SINOFORTUNE FIN,华亿金控,1.33,"5,000",Equity,Equity Securities (GEM),0.385,0.385,0.385,0.385,20000,0.01,0.427,0.391,-9.84,-1.41,0.0,-15.38,-10.47,0.6,1.2,10.74,0.6,1.2,-35.83,-67.92,-96.42,35.83,67.92,False,False,False,False,False,False,False,False,False,2026-09-24
8131,8131.HK,NOVATECH INTEL,诺亚智能,2.27,"10,000",Equity,Equity Securities (GEM),0.315,0.335,0.355,0.31,2100200,0.66,0.281,0.27,12.1,16.67,1.61,21.15,18.87,0.35,0.35,0.53,0.35,0.35,1.43,1.43,-33.59,11.27,11.27,False,False,False,False,True,True,False,False,False,2026-09-24
8137,8137.HK,HONBRIDGE,洪桥集团,79.32,"2,000",Equity,Equity Securities (GEM),0.545,0.565,0.57,0.525,1680000,0.92,0.559,0.56,-2.5,-2.68,-2.68,-0.91,-2.68,0.73,0.78,1.96,0.73,0.78,-21.92,-26.92,-70.92,25.34,30.13,False,False,False,False,False,False,False,False,False,2026-09-24
8139,8139.HK,CHANGAN RH,长安仁恒,0.46,500,Equity,Equity Securities (GEM),1.2,1.18,1.2,1.18,10500,0.01,1.188,1.175,1.01,2.13,1.27,1.27,1.27,1.83,2.58,35.0,1.83,2.58,-34.43,-53.49,-96.57,34.43,53.49,False,False,False,False,False,False,False,False,False,2026-09-24
8146,8146.HK,GRACEWINE,怡园酒业,3.98,"10,000",Equity,Equity Securities (GEM),0.49,0.47,0.5,0.47,670000,0.33,0.426,0.368,15.02,33.15,4.26,30.67,53.13,1.21,1.21,1.85,1.21,1.21,-58.68,-58.68,-72.97,59.5,59.5,False,False,False,False,False,False,False,False,False,2026-09-24
8149,8149.HK,ALTUS HLDGS,浩德控股,1.0,"10,000",Equity,Equity Securities (GEM),0.119,0.129,0.129,0.118,160000,0.02,0.12,0.12,-1.16,-0.5,0.85,0.0,0.0,0.14,0.15,8.1,0.14,0.15,-7.86,-13.42,-98.41,15.0,20.13,False,False,False,False,False,False,False,False,False,2026-09-24
8152,8152.HK,M&L HOLDINGS,明梁控股,0.53,"10,000",Equity,Equity Securities (GEM),0.089,0.089,0.089,0.089,140000,0.01,0.089,0.087,0.0,1.83,-3.26,2.3,4.71,0.1,0.1,1.3,0.1,0.1,-9.18,-9.18,-93.15,9.18,9.18,False,False,False,False,False,False,False,True,True,2026-09-24
8153,8153.HK,JIADING INTL GP,嘉鼎国际集团,0.25,"5,000",Equity,Equity Securities (GEM),0.6,0.6,0.6,0.6,20000,0.01,0.59,0.583,1.69,2.83,2.56,3.45,3.45,1.56,49.76,8900.98,1.56,49.76,-61.54,-98.79,-99.99,61.54,98.79,False,False,False,False,False,False,False,False,False,2026-09-24
8158,8158.HK,CRMI,中国再生医学,0.78,"5,000",Equity,Equity Securities (GEM),0.255,0.228,0.26,0.228,90000,0.02,0.246,0.227,3.74,12.19,12.83,2.41,-3.77,0.44,1.27,62.0,0.44,1.27,-41.57,-79.53,-99.58,42.7,79.92,False,False,False,False,False,False,False,False,False,2026-09-24
8159,8159.HK,CU VENTURE INV,新华联合投资,0.47,"5,000",Equity,Equity Securities (GEM),0.058,0.059,0.059,0.059,110000,0.01,0.057,0.057,1.4,2.29,0.0,9.43,5.45,0.14,0.29,0.94,0.14,0.29,-59.31,-79.66,-93.72,60.0,80.0,False,False,False,False,False,False,False,False,False,2026-09-24
8162,8162.HK,LOCO HK,港银控股,6.02,"10,000",Equity,Equity Securities (GEM),0.605,0.585,0.63,0.585,7500000,4.54,0.611,0.603,-0.98,0.41,1.68,-2.42,2.54,0.74,0.75,0.95,0.74,0.75,-14.86,-16.0,-33.68,18.24,19.33,False,False,False,False,False,False,False,False,False,2026-09-24
8169,8169.HK,ECO-TEK HLDGS,环康集团,0.21,"10,000",Equity,Equity Securities (GEM),0.032,0.031,0.032,0.03,120000,0.0,0.032,0.032,0.0,0.0,0.0,0.0,0.0,0.05,0.06,0.32,0.05,0.06,-31.91,-50.77,-90.0,31.91,50.77,False,False,False,False,False,False,False,False,False,2026-09-24
8176,8176.HK,SUPERROBOTICS,超人智能,0.16,"5,000",Equity,Equity Securities (GEM),0.023,0.023,0.023,0.023,230000,0.01,0.023,0.024,-1.71,-3.77,4.55,0.0,-4.17,0.09,0.9,14.0,0.09,0.9,-72.94,-97.44,-99.84,72.94,97.44,False,False,False,False,False,False,False,False,False,2026-09-24
8178,8178.HK,CHINA INFO TECH,中国信息科技,0.34,"2,000",Equity,Equity Securities (GEM),0.195,0.208,0.21,0.192,352000,0.07,0.203,0.203,-3.94,-4.18,-6.25,-6.7,-4.88,0.57,4.95,38.31,0.57,4.95,-63.16,-95.76,-99.45,65.79,96.06,False,False,False,False,False,False,False,False,False,2026-09-24
8179,8179.HK,PALINDA GROUP,百利达集团控股,0.19,"12,000",Equity,Equity Securities (GEM),0.01,0.01,0.01,0.01,624000,0.01,0.01,0.01,0.0,0.0,0.0,0.0,0.0,0.01,0.14,2.89,0.01,0.14,-28.57,-93.06,-99.65,28.57,93.06,False,False,False,False,False,False,False,False,False,2026-09-24
8186,8186.HK,HONOR MATRIX,浩盟控股,1.12,"5,000",Equity,Equity Securities (GEM),0.98,1.035,1.035,0.705,148438,0.15,1.058,1.072,-7.37,-8.54,-5.77,-10.09,-9.26,2.0,4.39,28.42,2.0,4.39,-48.25,-76.42,-96.36,51.0,77.68,False,False,False,False,False,False,False,False,False,2026-09-24
8187,8187.HK,JIMU GROUP,积木集团,0.9,"5,000",Equity,Equity Securities (GEM),0.595,0.65,0.65,0.575,975000,0.58,0.594,0.566,0.17,5.12,-0.83,0.85,9.17,0.85,1.68,40.28,0.85,1.68,-23.53,-61.31,-98.39,30.0,64.58,False,False,True,False,False,False,False,False,False,2026-09-24
8188,8188.HK,GME GROUP,骏杰集团控股,5.17,"4,000",Equity,Equity Securities (GEM),1.085,1.085,1.09,1.075,468000,0.51,1.123,1.144,-3.38,-5.16,-0.91,-4.41,-6.47,1.43,1.43,3.47,1.43,1.43,-23.78,-23.78,-68.59,24.13,24.13,False,False,False,False,False,False,False,False,False,2026-09-24
8189,8189.HK,TEDA BIOMEDICAL,泰达生物,3.73,"5,000",Equity,Equity Securities (GEM),0.26,0.26,0.26,0.26,65000,0.02,0.252,0.254,3.09,2.52,1.96,5.69,6.12,0.37,0.65,1.43,0.37,0.65,-29.73,-60.0,-81.82,29.73,60.0,True,False,False,False,False,False,False,False,False,2026-09-24
8191,8191.HK,HONG WEI ASIA,鸿伟亚洲,0.41,"6,000",Equity,Equity Securities (GEM),0.117,0.11,0.119,0.099,3384000,0.4,0.113,0.116,3.54,1.04,1.74,12.5,8.33,0.28,0.46,9.0,0.28,0.46,-58.25,-74.13,-98.68,58.95,74.57,False,False,False,True,False,False,False,False,False,2026-09-24
8193,8193.HK,ASIAPAC FIN INV,亚太金融投资,0.34,"10,000",Equity,Equity Securities (GEM),0.12,0.12,0.12,0.12,20000,0.0,0.118,0.118,1.69,1.35,2.56,1.69,-2.44,0.69,0.7,72.17,0.69,0.7,-82.61,-82.86,-99.83,82.61,82.86,False,False,False,False,False,False,False,False,False,2026-09-24
8195,8195.HK,LEGENDARY EDU,传承教育集团,3.67,"2,000",Equity,Equity Securities (GEM),0.8,0.8,0.8,0.78,175296,0.14,0.767,0.761,4.3,5.12,3.23,6.67,1.27,1.54,2.23,4.27,1.54,2.23,-48.05,-64.13,-81.28,48.05,64.13,True,False,False,False,False,False,False,False,False,2026-09-24
8196,8196.HK,FUTIAN HOLDINGS,福田股份,0.5,"8,000",Equity,Equity Securities (GEM),0.79,0.775,0.79,0.775,832000,0.66,0.785,0.801,0.64,-1.37,1.94,0.0,-3.66,1.02,4.1,69.6,1.02,4.1,-22.55,-80.73,-98.86,22.55,80.73,False,False,False,False,False,False,False,False,False,2026-09-24
8198,8198.HK,CRYPTO FLOW,加幂科技,7.06,"4,000",Equity,Equity Securities (GEM),0.9,0.885,0.9,0.88,52000,0.05,0.916,0.97,-1.75,-7.26,1.69,-2.17,-7.22,2.61,5.42,5.42,2.61,5.42,-65.52,-83.39,-83.39,65.52,83.39,False,False,False,False,False,False,False,False,False,2026-09-24
8200,8200.HK,SAU SAN TONG,修身堂,0.57,"4,000",Equity,Equity Securities (GEM),0.725,0.715,0.73,0.715,152000,0.11,0.743,0.761,-2.42,-4.79,2.11,-4.61,-4.61,0.92,0.92,11.36,0.92,0.92,-20.65,-20.65,-93.57,21.2,21.2,False,False,False,False,False,False,False,False,False,2026-09-24
8205,8205.HK,JIAODA WITHUB,交大慧谷,0.54,"4,000",Equity,Equity Securities (GEM),0.41,0.39,0.41,0.275,180000,0.07,0.36,0.33,13.89,24.43,2.5,24.24,43.86,0.47,0.66,0.69,0.47,0.66,-12.77,-37.88,-40.58,12.77,37.88,False,False,False,True,False,False,False,False,False,2026-09-24
8208,8208.HK,RADIANCE GLO GP,永通万国集团,0.92,"6,000",Equity,Equity Securities (GEM),0.128,0.108,0.132,0.108,942000,0.12,0.118,0.12,8.47,6.76,18.52,8.47,7.56,0.21,0.24,3.34,0.21,0.24,-36.54,-45.0,-96.05,38.46,46.67,False,False,False,True,False,False,False,False,False,2026-09-24
8213,8213.HK,STARGLORY HLDGS,荣晖控股,0.97,"10,000",Equity,Equity Securities (GEM),0.175,0.163,0.164,0.163,270000,0.05,0.17,0.181,2.94,-3.37,-7.41,14.38,0.0,0.35,0.99,1.33,0.35,0.99,-53.8,-83.43,-87.65,50.7,82.32,False,False,True,False,False,False,False,False,False,2026-09-24
8217,8217.HK,JU FU TANG BIOT,菊福堂生物,0.28,"10,000",Equity,Equity Securities (GEM),0.092,0.091,0.092,0.091,510000,0.05,0.092,0.094,0.44,-2.44,2.22,-4.17,5.75,0.41,0.9,364.0,0.41,0.9,-77.28,-89.78,-99.97,77.28,89.78,False,False,False,False,False,False,False,False,False,2026-09-24
8219,8219.HK,HANVEY GROUP,恒伟集团控股,1.34,"10,000",Equity,Equity Securities (GEM),0.54,0.505,0.54,0.505,200000,0.11,0.532,0.556,1.5,-2.88,6.93,-3.57,-10.0,0.7,0.7,9.97,0.7,0.7,-22.86,-22.86,-94.58,22.86,22.86,False,False,False,False,False,False,False,False,False,2026-09-24
8220,8220.HK,BINGO GROUP,比高集团,8.33,"1,000",Equity,Equity Securities (GEM),4.6,4.75,4.75,4.61,85000,0.39,4.752,4.753,-3.2,-3.22,-2.75,-4.17,-4.76,6.0,6.0,7.36,6.0,6.0,-20.83,-20.83,-35.46,23.33,23.33,False,False,False,False,False,False,False,False,False,2026-09-24
8221,8221.HK,GAOYU FINANCE,高裕金融,0.85,"5,000",Equity,Equity Securities (GEM),1.78,1.78,1.78,1.78,15000,0.03,1.697,1.8,4.89,-1.14,1.14,14.1,14.1,2.84,4.9,385.0,2.84,4.9,-37.32,-63.67,-99.54,37.32,63.67,False,False,False,False,False,False,False,False,False,2026-09-24
8222,8222.HK,E LIGHTING,壹照明,0.29,"4,000",Equity,Equity Securities (GEM),0.065,0.06,0.065,0.06,116000,0.01,0.064,0.064,1.56,0.93,0.0,4.84,0.0,0.09,0.09,0.42,0.09,0.09,-26.97,-26.97,-84.52,26.97,26.97,False,False,False,True,False,False,False,False,False,2026-09-24
8223,8223.HK,ZYY,紫元元,0.59,"4,000",Equity,Equity Securities (GEM),0.115,0.1,0.115,0.1,44000,0.01,0.114,0.12,1.23,-4.41,9.52,-2.54,-4.17,0.91,3.3,3.3,0.91,3.3,-87.36,-96.52,-96.52,87.36,96.52,False,False,False,False,False,False,False,False,False,2026-09-24
8226,8226.HK,KOALA FIN GP,树熊金融集团,0.43,"5,000",Equity,Equity Securities (GEM),0.102,0.1,0.102,0.1,7540000,0.77,0.104,0.104,-1.73,-2.11,2.0,-3.77,-4.67,0.13,0.24,8.58,0.13,0.24,-23.88,-57.14,-98.81,23.88,57.14,False,False,False,False,False,False,False,False,False,2026-09-24
8227,8227.HK,HAITIAN ANTENNA,海天天线,1.61,"1,000",Equity,Equity Securities (GEM),0.25,0.255,0.255,0.231,99000,0.02,0.254,0.254,-1.57,-1.57,-1.96,-1.96,0.0,0.41,1.5,8.49,0.41,1.5,-38.55,-83.0,-97.0,39.76,83.33,False,False,False,False,False,False,False,False,False,2026-09-24
8229,8229.HK,FUTURE DATA,未来数据集团,4.44,"5,000",Equity,Equity Securities (GEM),0.8,0.785,0.8,0.7,605000,0.48,0.803,0.825,-0.37,-3.09,0.63,0.63,-4.76,0.96,0.96,1.18,0.96,0.96,-16.67,-16.67,-32.2,16.67,16.67,False,False,False,False,False,False,False,False,False,2026-09-24
8237,8237.HK,LINK HOLDINGS,华星控股,1.24,"6,000",Equity,Equity Securities (GEM),0.615,0.6,0.7,0.6,66000,0.04,0.751,0.808,-18.11,-23.93,-16.33,-19.08,-30.51,1.33,1.5,30.25,1.33,1.5,-47.37,-53.33,-97.69,53.76,59.0,False,False,False,False,False,False,False,False,False,2026-09-24
8238,8238.HK,JIUFANG DIGITAL,玖方数智,0.4,"8,000",Equity,Equity Securities (GEM),0.115,0.124,0.124,0.115,24000,0.0,0.12,0.115,-4.49,0.35,-7.26,-6.5,0.0,0.34,1.55,38.6,0.34,1.55,-63.53,-92.0,-99.68,66.18,92.58,False,False,False,False,False,False,False,False,False,2026-09-24
8239,8239.HK,CAPITAL FIN,首都金融控股,25.28,500,Equity,Equity Securities (GEM),25.86,24.2,26.52,24.2,197647,5.11,23.656,22.616,9.32,14.34,0.54,17.76,19.61,25.72,25.72,26.61,26.52,26.52,3.11,3.11,-0.36,2.49,2.49,True,True,False,False,True,True,False,True,True,2026-09-24
8245,8245.HK,CANOPY SKYFIRE,烽翼集团,0.57,"20,000",Equity,Equity Securities (GEM),0.163,0.17,0.17,0.156,2440000,0.4,0.164,0.155,-0.61,4.89,-4.12,-2.98,7.95,0.18,1.0,38.89,0.18,1.0,-7.61,-83.0,-99.56,11.41,83.7,False,False,False,False,False,False,False,False,False,2026-09-24
8246,8246.HK,ZHONGHUA GAS,中华燃气,4.12,"5,000",Equity,Equity Securities (GEM),0.695,0.65,0.695,0.64,100000,0.07,0.706,0.684,-1.56,1.53,-7.33,0.0,0.0,1.0,2.4,3.88,1.0,2.4,-30.5,-71.04,-82.09,30.5,71.04,False,False,False,False,False,False,False,False,False,2026-09-24
8247,8247.HK,BIOSINO BIO-TEC,中生北控生物科技,2.03,"2,000",Equity,Equity Securities (GEM),3.165,3.17,3.18,3.17,12000,0.04,3.148,3.162,0.54,0.11,4.28,-0.63,-0.78,7.0,7.0,7.0,7.0,7.0,-54.57,-54.57,-54.57,54.79,54.79,False,False,False,False,False,False,False,False,False,2026-09-24
8249,8249.HK,RUIYUAN IC TECH,瑞远智控,0.14,"5,000",Equity,Equity Securities (GEM),0.11,0.108,0.131,0.092,180000,0.02,0.1,0.109,10.22,0.55,10.0,18.28,-7.56,0.25,0.3,0.67,0.25,0.3,-46.75,-56.33,-80.45,55.28,63.33,False,False,False,True,False,False,False,False,False,2026-09-24
8267,8267.HK,LINEKONG,蓝港互动,0.74,500,Equity,Equity Securities (GEM),0.199,0.195,0.2,0.193,546000,0.11,0.189,0.181,5.29,10.01,6.99,11.17,15.03,0.46,1.18,4.46,0.46,1.18,-56.52,-83.05,-95.52,56.74,83.14,False,False,False,False,False,False,False,False,False,2026-09-24
8268,8268.HK,SMART CITY DEV,智城发展控股,0.37,"8,000",Equity,Equity Securities (GEM),0.127,0.133,0.137,0.127,1576000,0.2,0.13,0.131,-2.31,-3.13,-2.31,-3.79,-6.62,0.42,1.62,1.83,0.42,1.62,-67.38,-91.54,-92.49,69.76,92.16,False,False,False,False,False,False,False,False,False,2026-09-24
8269,8269.HK,GO UP EDU TECH,倍升教育科技,2.21,"30,000",Equity,Equity Securities (GEM),0.248,0.248,0.248,0.248,90000,0.02,0.248,0.252,0.0,-1.51,0.0,0.0,0.0,0.52,0.65,1.32,0.52,0.65,-52.31,-61.85,-81.18,52.31,61.85,False,False,False,False,False,False,False,False,False,2026-09-24
8270,8270.HK,CHINA CBM,中国煤层气,1.44,"10,000",Equity,Equity Securities (GEM),0.37,0.295,0.4,0.295,221250,0.08,0.437,0.431,-15.33,-14.15,-19.57,-22.92,-10.84,0.54,1.0,1.93,0.54,1.0,-25.93,-60.0,-79.27,31.48,63.0,False,False,False,False,False,False,False,False,False,2026-09-24
8271,8271.HK,GDC,环球数码创意,1.05,"2,000",Equity,Equity Securities (GEM),0.07,0.07,0.07,0.07,26000,0.0,0.07,0.071,0.29,-1.69,0.0,0.0,1.45,0.15,0.15,1.1,0.15,0.15,-53.33,-53.33,-93.64,53.33,53.33,False,False,False,False,False,False,False,False,False,2026-09-24
8275,8275.HK,CHINA NEW CONS,中国新消费集团,0.95,"20,000",Equity,Equity Securities (GEM),0.099,0.092,0.099,0.087,8880000,0.88,0.093,0.097,6.22,1.64,-1.0,11.24,1.02,0.13,0.35,61.33,0.13,0.35,-24.43,-71.71,-99.84,24.43,71.71,False,False,True,True,False,False,False,False,False,2026-09-24
8279,8279.HK,AGTECH HOLDINGS,亚博科技控股,142.4,"4,000",Equity,Equity Securities (GEM),1.22,1.21,1.245,1.21,7228000,8.82,1.275,1.324,-4.31,-7.85,0.83,-6.15,-9.96,1.68,1.68,1.71,1.68,1.68,-25.89,-25.89,-27.19,27.38,27.38,False,False,False,False,False,False,False,False,False,2026-09-24
8280,8280.HK,CDV HOLDINGS,中国数字视频,0.36,"2,000",Equity,Equity Securities (GEM),0.057,0.059,0.059,0.05,242000,0.01,0.057,0.055,-0.35,4.2,1.79,-3.39,3.64,0.12,0.12,1.52,0.12,0.12,-50.42,-50.42,-96.12,52.1,52.1,False,False,False,False,False,False,False,False,False,2026-09-24
8282,8282.HK,GAMEONE,智傲控股,0.34,"12,000",Equity,Equity Securities (GEM),0.59,0.525,0.59,0.525,48000,0.03,0.592,0.581,-0.34,1.55,-1.67,-1.67,3.51,0.76,1.47,20.9,0.76,1.47,-22.37,-59.86,-97.18,22.37,59.86,False,False,False,False,False,False,False,False,False,2026-09-24
8283,8283.HK,ZHONGSHI MINAN,中食民安,0.48,"5,000",Equity,Equity Securities (GEM),0.138,0.133,0.138,0.133,15000,0.0,0.136,0.136,1.47,1.47,4.55,1.47,-3.5,0.85,8.5,149.25,0.85,8.5,-83.76,-98.38,-99.91,83.76,98.38,False,False,False,True,False,False,False,False,False,2026-09-24
8285,8285.HK,SLING GROUP,森浩集团,0.46,"5,000",Equity,Equity Securities (GEM),0.083,0.095,0.095,0.083,470000,0.04,0.106,0.098,-21.55,-15.13,0.0,-35.66,-21.7,0.13,0.13,0.7,0.13,0.13,-28.57,-28.57,-86.43,37.59,37.59,False,False,False,False,False,False,False,False,False,2026-09-24
8286,8286.HK,CCOE,长城微光,0.11,"5,000",Equity,Equity Securities (GEM),0.104,0.105,0.105,0.1,180000,0.02,0.103,0.105,0.58,-1.05,9.47,-1.89,-3.7,0.5,0.5,0.82,0.5,0.5,-79.0,-79.0,-87.2,79.2,79.2,False,False,False,False,False,False,False,False,False,2026-09-24
8291,8291.HK,HK ENT INTL,港娱国际,0.44,"10,000",Equity,Equity Securities (GEM),0.207,0.211,0.215,0.206,1038416,0.21,0.208,0.209,-0.67,-1.15,-1.43,-0.96,-4.17,0.56,0.75,202.13,0.56,0.75,-61.61,-71.33,-99.89,63.04,72.4,False,False,False,False,False,False,False,False,False,2026-09-24
8292,8292.HK,VSING,VSING,1.3,"10,000",Equity,Equity Securities (GEM),0.121,0.113,0.122,0.113,150000,0.02,0.128,0.13,-5.32,-6.85,-5.47,-7.63,-7.63,0.42,0.67,38.61,0.42,0.67,-70.95,-81.79,-99.68,71.19,81.94,False,False,False,False,False,False,False,False,False,2026-09-24
8293,8293.HK,SINGASIA HLDG,星亚控股,0.21,"20,000",Equity,Equity Securities (GEM),0.099,0.12,0.12,0.099,600000,0.06,0.115,0.112,-14.21,-11.45,-7.48,-23.26,-10.0,0.86,0.86,175.75,0.86,0.86,-86.05,-86.05,-99.93,88.49,88.49,False,False,False,False,False,False,False,False,False,2026-09-24
8297,8297.HK,OCEAN STAR TECH,海纳星空科技,0.65,"2,500",Equity,Equity Securities (GEM),0.05,0.048,0.05,0.044,5915000,0.3,0.051,0.051,-2.72,-2.34,-3.85,-5.66,-7.41,0.1,0.37,1.92,0.1,0.37,-50.0,-86.49,-97.39,50.0,86.49,False,False,False,False,False,False,False,False,False,2026-09-24
8299,8299.HK,GT GOLD,大唐黄金,25.76,"24,000",Equity,Equity Securities (GEM),0.27,0.265,0.27,0.255,28542666,7.71,0.27,0.275,0.0,-1.64,3.85,-1.82,-3.57,0.85,0.85,1.02,0.85,0.85,-68.24,-68.24,-73.43,68.24,68.24,False,False,False,False,False,False,False,False,False,2026-09-24
8300,8300.HK,JIN MI FANG GP,今米房集团,0.95,"20,000",Equity,Equity Securities (GEM),0.036,0.031,0.037,0.031,4500000,0.16,0.031,0.03,14.65,21.21,12.5,20.0,28.57,0.09,0.4,0.4,0.09,0.4,-58.89,-90.75,-90.75,60.0,91.0,True,False,False,False,False,False,False,False,False,2026-09-24
8305,8305.HK,ST HLDGS,圣唐控股,3.24,"10,000",Equity,Equity Securities (GEM),0.2,0.18,0.209,0.18,15580000,3.12,0.199,0.151,0.4,32.45,5.82,-5.21,51.52,0.33,0.73,0.73,0.33,0.73,-36.67,-71.37,-71.37,39.39,72.6,False,False,False,False,False,False,False,False,False,2026-09-24
8308,8308.HK,GUDOU HLDGS,古兜控股,0.33,"4,000",Equity,Equity Securities (GEM),0.024,0.023,0.024,0.023,13400000,0.32,0.024,0.025,-0.83,-3.61,4.35,0.0,0.0,0.08,0.6,2.43,0.08,0.6,-71.43,-96.0,-99.01,71.43,96.0,False,False,False,False,False,False,False,False,False,2026-09-24
8310,8310.HK,YANCHENG PORT,盐城港,2.65,"10,000",Equity,Equity Securities (GEM),0.206,0.223,0.223,0.206,430000,0.09,0.23,0.225,-10.51,-8.49,-12.34,-12.71,-9.65,0.35,0.5,1.55,0.35,0.5,-36.29,-55.4,-85.61,41.14,58.8,False,False,False,False,False,False,False,False,False,2026-09-24
8313,8313.HK,ZACD,杰地集团,0.64,"10,000",Equity,Equity Securities (GEM),0.032,0.029,0.032,0.028,50000,0.0,0.029,0.028,8.84,13.07,10.34,23.08,10.34,0.04,0.07,0.38,0.04,0.07,-15.79,-52.94,-91.47,15.79,52.94,False,False,False,True,False,False,False,False,False,2026-09-24
8316,8316.HK,CHINA HONGBAO,中国红包,2.29,"2,000",Equity,Equity Securities (GEM),0.24,0.243,0.243,0.22,470000,0.11,0.236,0.225,1.61,6.62,4.35,-3.61,9.09,0.31,1.38,2.79,0.31,1.38,-21.61,-82.39,-91.29,22.58,82.61,False,False,False,True,False,False,False,False,False,2026-09-24
8320,8320.HK,AEC GROUP,沛然环保,0.59,"20,000",Equity,Equity Securities (GEM),0.08,0.072,0.08,0.072,200000,0.02,0.079,0.081,1.52,-1.6,5.26,2.56,-2.44,0.14,0.14,5.3,0.14,0.14,-40.74,-40.74,-98.49,40.74,40.74,False,False,False,False,False,False,False,False,False,2026-09-24
8326,8326.HK,TK NEW ENERGY,同景新能源,1.56,"25,000",Equity,Equity Securities (GEM),0.127,0.128,0.128,0.127,128000,0.02,0.131,0.141,-3.2,-10.06,-8.63,-2.31,-9.29,0.25,0.33,2.85,0.25,0.33,-48.8,-61.21,-95.51,49.2,61.52,False,False,False,False,False,False,False,False,False,2026-09-24
8328,8328.HK,XY ELEC STORAGE,信义储电,3.5,"4,000",Equity,Equity Securities (GEM),0.445,0.39,0.445,0.39,27312,0.01,0.441,0.439,0.91,1.25,-1.11,5.95,8.54,0.82,2.3,8.61,0.82,2.3,-45.73,-80.65,-94.83,45.73,80.65,False,False,False,True,False,False,False,False,False,2026-09-24
8329,8329.HK,NEP INTERLONG,海王英特龙,0.4,"10,000",Equity,Equity Securities (GEM),0.094,0.093,0.094,0.089,100000,0.01,0.096,0.099,-2.08,-4.86,1.08,-5.05,-5.05,0.18,0.38,1.29,0.18,0.38,-46.89,-75.26,-92.71,46.89,75.26,False,False,False,False,False,False,False,False,False,2026-09-24
8340,8340.HK,ZIJING INTL FIN,紫荆国际金融,0.69,"5,000",Equity,Equity Securities (GEM),0.865,0.74,0.865,0.725,199000,0.17,0.813,0.847,6.4,2.13,11.61,4.85,-1.14,0.95,2.96,100.67,0.95,2.96,-8.95,-70.79,-99.14,8.95,70.79,False,False,False,True,False,False,False,True,False,2026-09-24
8356,8356.HK,TSUN YIP HLDGS,进业控股,0.21,"2,000",Equity,Equity Securities (GEM),0.285,0.28,0.285,0.28,18000,0.01,0.317,0.321,-10.09,-11.21,-12.31,-12.31,-12.31,0.5,2.1,25.0,0.5,2.1,-43.0,-86.43,-98.86,43.0,86.43,False,False,False,False,False,False,False,False,False,2026-09-24
8360,8360.HK,BASIC H NEWLIFE,简朴新生活,1.05,"6,000",Equity,Equity Securities (GEM),0.29,0.28,0.28,0.275,186000,0.05,0.31,0.304,-6.45,-4.76,-3.33,-9.38,-10.77,0.64,1.59,4.99,0.64,1.59,-56.25,-82.39,-94.39,54.69,81.76,False,False,False,False,False,False,False,False,False,2026-09-24
8365,8365.HK,HATCHER GROUP,亦辰集团,1.82,"10,000",Equity,Equity Securities (GEM),0.915,0.885,0.94,0.875,1410000,1.29,0.874,0.848,4.69,7.96,3.39,3.39,7.02,3.16,3.16,40.5,3.16,3.16,-70.25,-70.25,-97.68,71.04,71.04,False,False,False,False,False,False,False,False,False,2026-09-24
8366,8366.HK,ZJ UNITED INV,浙江联合投资,0.47,"10,000",Equity,Equity Securities (GEM),0.03,0.03,0.03,0.03,30000,0.0,0.026,0.025,14.5,19.05,3.45,25.0,25.0,0.04,0.06,0.84,0.04,0.06,-25.0,-51.61,-96.43,25.0,51.61,False,False,False,False,False,False,False,False,False,2026-09-24
8367,8367.HK,SIMPLICITY HLDG,倩碧控股,0.18,"10,000",Equity,Equity Securities (GEM),0.19,0.202,0.202,0.19,30000,0.01,0.193,0.194,-1.66,-1.86,-2.06,-2.06,-2.06,0.64,3.34,36.0,0.64,3.34,-68.44,-93.95,-99.44,70.31,94.31,False,False,False,False,False,False,False,False,False,2026-09-24
8368,8368.HK,CREATIVE CHINA,中国创意控股,1.73,"10,000",Equity,Equity Securities (GEM),0.25,0.242,0.25,0.241,1240000,0.31,0.245,0.243,2.04,2.97,4.17,2.04,4.17,0.98,1.1,11.0,0.98,1.1,-74.49,-77.27,-97.73,74.49,77.27,False,False,False,True,False,False,False,False,False,2026-09-24
8371,8371.HK,TASTEGOURMET GP,尝高美集团,7.77,"4,000",Equity,Equity Securities (GEM),2.03,2.08,2.08,2.03,100000,0.2,2.118,2.092,-4.15,-2.99,-3.33,-6.02,-6.24,2.21,2.21,2.21,2.21,2.21,-6.09,-6.09,-6.09,8.35,8.35,False,False,False,False,False,False,False,True,True,2026-09-24
8372,8372.HK,GBG HOLDINGS,君百延集团,1.22,"10,000",Equity,Equity Securities (GEM),0.153,0.155,0.156,0.15,240000,0.04,0.153,0.153,-0.26,0.2,2.68,-1.29,-1.29,0.18,0.18,0.57,0.18,0.18,-13.33,-13.33,-72.63,15.0,15.0,False,False,False,False,False,False,False,False,False,2026-09-24
8373,8373.HK,INDIGO STAR,靛蓝星,0.37,"5,000",Equity,Equity Securities (GEM),0.905,1.01,1.025,0.9,464000,0.42,1.021,0.982,-11.36,-7.89,-15.02,-12.14,-3.72,1.1,1.75,44.0,1.1,1.75,-6.82,-41.43,-97.67,17.73,48.29,False,False,False,False,False,False,False,False,False,2026-09-24
8377,8377.HK,HARBOUR EQUINE,维港育马,0.98,"10,000",Equity,Equity Securities (GEM),0.181,0.16,0.218,0.16,1170000,0.21,0.162,0.159,11.73,14.12,18.3,13.12,-2.69,0.22,0.22,2.75,0.22,0.22,1.4,1.4,-92.09,16.97,16.97,False,False,False,False,True,True,False,False,False,2026-09-24
8379,8379.HK,PRIME INTEL,盈证国际,0.87,"10,000",Equity,Equity Securities (GEM),0.109,0.099,0.13,0.099,410000,0.04,0.117,0.11,-7.16,-0.64,2.83,-12.8,2.83,0.22,0.25,0.56,0.22,0.25,-40.91,-48.0,-76.79,50.45,56.4,False,False,False,False,False,False,False,False,False,2026-09-24
8385,8385.HK,PROSPEROUSPRINT,万里印刷,0.13,"10,000",Equity,Equity Securities (GEM),0.125,0.127,0.127,0.118,490000,0.06,0.131,0.135,-4.87,-7.2,-2.34,2.46,-16.67,0.4,0.4,9.5,0.4,0.4,-67.85,-67.85,-98.66,68.35,68.35,False,False,False,False,False,False,False,False,False,2026-09-24
8391,8391.HK,CORNERSTONE TEC,基石科技控股,3.15,"4,000",Equity,Equity Securities (GEM),0.3,0.31,0.315,0.3,1024000,0.31,0.31,0.308,-3.23,-2.44,-6.25,-3.23,-4.76,0.65,0.86,3.59,0.65,0.86,-51.54,-63.37,-91.23,53.85,65.12,False,False,False,False,False,False,False,False,False,2026-09-24
8392,8392.HK,SATU HOLDINGS,舍图控股,0.46,"10,000",Equity,Equity Securities (GEM),0.046,0.04,0.046,0.04,50000,0.0,0.044,0.044,3.6,5.5,4.55,6.98,2.22,0.06,0.08,2.28,0.06,0.08,-23.33,-44.58,-97.98,23.33,44.58,False,False,False,True,False,False,False,False,False,2026-09-24
8395,8395.HK,ZXZN QI-HOUSE,中显智能齐家控股,35.97,"20,000",Equity,Equity Securities (GEM),2.025,1.735,2.05,1.73,6440000,13.04,1.812,1.781,11.75,13.73,17.73,11.57,16.71,2.6,2.6,2.6,2.6,2.6,-21.15,-21.15,-21.15,22.12,22.12,False,False,False,True,False,False,False,False,False,2026-09-24
8400,8400.HK,ASIA PIONEER,亚洲先锋娱乐,1.16,"10,000",Equity,Equity Securities (GEM),0.116,0.1,0.116,0.1,1530000,0.18,0.097,0.091,19.1,27.61,16.0,33.33,34.88,0.16,0.16,0.55,0.16,0.16,-28.83,-28.83,-78.91,28.83,28.83,True,False,False,False,False,False,False,False,False,2026-09-24
8402,8402.HK,PLATEAU TL,高原之宝,0.45,"5,000",Equity,Equity Securities (GEM),0.094,0.091,0.094,0.091,185000,0.02,0.107,0.108,-11.99,-12.72,-14.55,-14.55,-14.55,0.16,1.25,3.0,0.16,1.25,-41.25,-92.48,-96.87,41.25,92.48,False,False,False,False,False,False,False,False,False,2026-09-24
8403,8403.HK,DEFENG SOLIFE,德丰宿来,5.3,"4,000",Equity,Equity Securities (GEM),3.13,3.07,3.07,3.07,4000,0.01,3.077,3.063,1.72,2.19,2.12,2.62,2.45,3.76,3.76,3.76,3.76,3.76,-18.35,-18.35,-18.35,16.76,16.76,False,False,True,False,False,False,False,False,False,2026-09-24
8406,8406.HK,CHINA ORAL IND,中国口腔产业,1.68,"10,000",Equity,Equity Securities (GEM),0.082,0.083,0.083,0.082,3010000,0.25,0.083,0.085,-1.44,-3.64,0.0,-2.38,-1.2,0.1,0.25,1.98,0.1,0.25,-16.16,-66.8,-95.81,17.17,67.2,False,False,False,False,False,False,False,False,False,2026-09-24
8412,8412.HK,NEW AMANTE,新爱德集团,0.61,"10,000",Equity,Equity Securities (GEM),0.415,0.285,0.415,0.285,370000,0.15,0.329,0.302,26.14,37.19,20.29,53.7,56.6,0.5,2.0,14.03,0.5,2.0,-17.0,-79.25,-97.04,17.0,79.25,False,False,False,True,False,False,False,False,False,2026-09-24
8413,8413.HK,ASIA GROCERY,亚洲富思,0.72,"10,000",Equity,Equity Securities (GEM),0.062,0.061,0.062,0.059,90000,0.01,0.062,0.063,0.65,-1.59,1.64,1.64,5.08,0.2,0.32,1.81,0.2,0.32,-69.76,-80.62,-96.57,69.76,80.62,False,False,False,False,False,False,False,False,False,2026-09-24
8416,8416.HK,HM INTL HLDGS,HM INTL HLDGS,0.5,"5,000",Equity,Equity Securities (GEM),0.118,0.119,0.119,0.115,345000,0.04,0.12,0.122,-1.67,-2.96,-2.48,-1.67,-3.28,0.16,0.16,12.66,0.16,0.16,-23.23,-25.62,-99.06,23.87,26.25,False,False,False,False,False,False,False,False,False,2026-09-24
8418,8418.HK,OPTIMA AUTO,傲迪玛汽车,4.63,"2,000",Equity,Equity Securities (GEM),0.545,0.525,0.56,0.515,154000,0.08,0.536,0.54,1.68,0.93,2.83,1.87,0.93,2.5,2.5,2.79,2.5,2.5,-77.6,-77.6,-79.93,78.2,78.2,False,False,False,True,False,False,False,False,False,2026-09-24
8420,8420.HK,NEXION TECH,NEXION TECH,0.27,"5,000",Equity,Equity Securities (GEM),0.03,0.031,0.031,0.029,275000,0.01,0.029,0.029,2.04,3.81,3.45,3.45,7.14,0.05,0.09,1.6,0.05,0.09,-42.59,-63.95,-98.06,44.44,65.12,False,False,False,False,False,False,False,False,False,2026-09-24
8422,8422.HK,WT GROUP,ＷＴ集团,0.32,"10,000",Equity,Equity Securities (GEM),0.088,0.095,0.095,0.088,3270000,0.29,0.097,0.098,-9.09,-10.11,-11.11,-11.11,-11.11,0.23,0.23,15.5,0.23,0.23,-58.7,-58.7,-99.39,61.74,61.74,False,False,False,False,False,False,False,False,False,2026-09-24
8423,8423.HK,CHI HO DEV,CHI HO DEV,0.37,"10,000",Equity,Equity Securities (GEM),0.046,0.048,0.048,0.045,1170000,0.05,0.05,0.05,-8.73,-7.63,-8.0,-11.54,-14.81,0.11,0.11,3.6,0.11,0.11,-56.36,-56.36,-98.67,58.18,58.18,False,False,False,False,False,False,False,False,False,2026-09-24
8427,8427.HK,WS-SK TARGET,万顺瑞强集团,0.62,400,Equity,Equity Securities (GEM),3.75,3.75,3.75,3.75,2800,0.01,3.646,3.54,2.85,5.93,0.54,5.49,10.29,26.46,38.0,87.2,26.46,38.0,-85.83,-90.13,-95.7,85.83,90.13,True,True,False,False,False,False,False,False,False,2026-09-24
8429,8429.HK,SV VISION,华美乐乐,0.24,"5,000",Equity,Equity Securities (GEM),0.051,0.052,0.052,0.05,305000,0.02,0.053,0.054,-3.77,-4.67,-1.92,-5.56,-5.56,0.13,0.13,1.49,0.13,0.13,-60.0,-60.0,-96.51,60.77,60.77,False,False,False,False,False,False,False,False,False,2026-09-24
8430,8430.HK,C&N HOLDINGS,春能控股,0.13,"10,000",Equity,Equity Securities (GEM),0.079,0.079,0.079,0.079,30000,0.0,0.078,0.077,1.02,3.13,0.0,0.0,5.33,0.29,0.41,9.69,0.29,0.41,-73.22,-80.49,-99.18,73.22,80.49,False,False,False,False,False,False,False,False,False,2026-09-24
8431,8431.HK,HAO BAI INTL,浩柏国际,3.13,"10,000",Equity,Equity Securities (GEM),1.325,1.355,1.355,1.325,1690000,2.24,1.352,1.358,-2.0,-2.43,-1.85,-2.57,-4.33,2.0,3.3,53.49,2.0,3.3,-32.25,-58.94,-97.47,33.75,59.85,False,False,False,False,False,False,False,False,False,2026-09-24
8432,8432.HK,BAR PACIFIC,太平洋酒吧,0.38,"10,000",Equity,Equity Securities (GEM),0.043,0.043,0.043,0.043,10000,0.0,0.043,0.042,-0.92,3.61,0.0,-4.44,7.5,0.05,0.08,6.06,0.05,0.08,-20.37,-46.91,-99.29,20.37,46.91,False,False,False,False,False,False,False,False,False,2026-09-24
8436,8436.HK,TAKBO GROUP,德宝集团控股,1.26,"5,000",Equity,Equity Securities (GEM),0.315,0.295,0.315,0.295,45000,0.01,0.314,0.31,0.32,1.45,1.61,0.0,8.62,0.46,0.46,4.13,0.46,0.46,-31.52,-31.52,-92.37,31.52,31.52,False,False,False,True,False,False,False,False,False,2026-09-24
8439,8439.HK,SOMERLEY CAP,新百利融资,1.7,"2,000",Equity,Equity Securities (GEM),1.12,1.12,1.12,1.12,58000,0.06,1.112,1.129,0.72,-0.8,0.45,1.36,-1.32,4.85,4.85,4.85,4.85,4.85,-76.91,-76.91,-76.91,76.91,76.91,False,False,False,False,False,False,False,False,False,2026-09-24
8445,8445.HK,NOBLE ENG GP,怡康泰工程集团,0.99,"10,000",Equity,Equity Securities (GEM),0.3,0.32,0.32,0.3,160000,0.05,0.333,0.374,-9.91,-19.79,-9.09,-15.49,-20.0,0.49,0.49,5.13,0.49,0.49,-34.69,-34.69,-93.77,38.78,38.78,False,False,False,False,False,False,False,False,False,2026-09-24
8447,8447.HK,MS CONCEPT,MS CONCEPT,0.65,"10,000",Equity,Equity Securities (GEM),0.065,0.067,0.067,0.063,130000,0.01,0.066,0.066,-0.91,-1.07,-1.52,-2.99,3.17,0.1,0.1,0.36,0.1,0.1,-31.63,-31.63,-81.39,33.67,33.67,False,False,False,False,False,False,False,False,False,2026-09-24
8448,8448.HK,UNI PRINTSHOP,环球印馆,1.27,"20,000",Equity,Equity Securities (GEM),1.27,1.3,1.3,1.27,100000,0.13,1.346,1.388,-5.65,-8.5,-2.31,-11.19,-11.19,1.99,1.99,9.06,1.99,1.99,-34.67,-34.67,-85.66,36.18,36.18,False,False,False,False,False,False,False,False,False,2026-09-24
8450,8450.HK,EDICO HOLDINGS,钜京控股,8.35,"10,000",Equity,Equity Securities (GEM),0.835,0.79,0.835,0.785,950000,0.79,0.779,0.771,7.19,8.23,4.37,5.7,10.6,0.88,0.88,0.88,0.88,0.88,-5.11,-5.11,-5.11,5.11,5.11,False,False,False,False,False,False,False,True,True,2026-09-24
8451,8451.HK,SUNLIGHT HLDGS,日光控股,0.68,"10,000",Equity,Equity Securities (GEM),0.085,0.085,0.085,0.085,500000,0.04,0.085,0.083,0.47,1.92,0.0,1.19,1.19,0.09,0.27,0.48,0.09,0.27,-3.41,-68.52,-82.29,3.41,68.52,False,False,False,False,False,False,False,True,False,2026-09-24
8455,8455.HK,LAI GROUP,礼建德集团,0.23,"10,000",Equity,Equity Securities (GEM),0.024,0.023,0.024,0.023,5110000,0.12,0.024,0.025,-1.64,-2.04,0.0,-4.0,0.0,0.16,0.16,3.5,0.16,0.16,-84.91,-84.91,-99.31,84.91,84.91,False,False,False,False,False,False,False,False,False,2026-09-24
8460,8460.HK,BASETROPHY GP,基地锦标集团,0.82,"5,000",Equity,Equity Securities (GEM),0.31,0.33,0.35,0.305,1140000,0.35,0.366,0.375,-15.3,-17.44,-15.07,-19.48,-19.48,3.39,3.39,21.9,3.39,3.39,-89.68,-89.68,-98.4,90.86,90.86,False,False,False,False,False,False,False,False,False,2026-09-24
8471,8471.HK,REACH NEW HLDGS,新达控股,0.25,"10,000",Equity,Equity Securities (GEM),0.34,0.34,0.34,0.34,70000,0.02,0.329,0.336,3.34,1.34,0.0,6.25,3.03,2.3,9.3,35.8,2.3,9.3,-85.22,-96.34,-99.05,85.22,96.34,False,False,False,False,False,False,False,False,False,2026-09-24
8472,8472.HK,LAPCO HOLDINGS,立高控股,0.3,"2,000",Equity,Equity Securities (GEM),0.26,0.255,0.255,0.255,108000,0.03,0.257,0.255,1.09,1.84,-8.77,1.96,4.84,0.76,1.2,45.78,0.76,1.2,-66.45,-78.75,-99.44,65.79,78.33,False,False,True,True,False,False,False,False,False,2026-09-24
8473,8473.HK,MI MING MART,弥明生活百货,1.08,"10,000",Equity,Equity Securities (GEM),0.096,0.096,0.096,0.096,110000,0.01,0.099,0.099,-2.83,-3.32,-2.04,-2.04,-3.03,0.13,0.18,0.91,0.13,0.18,-25.0,-46.07,-89.45,25.0,46.07,False,False,False,False,False,False,False,False,False,2026-09-24
8480,8480.HK,FURNIWEB,飞霓控股,1.35,"4,000",Equity,Equity Securities (GEM),0.146,0.151,0.166,0.145,680000,0.1,0.151,0.149,-3.57,-2.34,-3.95,-8.75,-3.31,0.3,0.38,3.34,0.3,0.38,-44.67,-55.73,-95.03,51.33,61.07,False,False,False,False,False,False,False,False,False,2026-09-24
8482,8482.HK,WAN LEADER,万励达,0.24,"10,000",Equity,Equity Securities (GEM),0.133,0.123,0.139,0.12,460000,0.06,0.138,0.132,-3.9,0.45,1.53,-3.62,-14.19,0.17,2.5,6.5,0.17,2.5,-20.11,-94.44,-97.86,23.56,94.68,False,False,False,False,False,False,False,False,False,2026-09-24
8483,8483.HK,MAX SIGHT GROUP,名仕快相,2.6,"8,000",Equity,Equity Securities (GEM),0.325,0.315,0.335,0.315,1231999,0.4,0.314,0.258,3.5,25.92,4.84,1.56,30.0,0.36,0.36,1.3,0.36,0.36,-6.94,-6.94,-74.23,9.72,9.72,False,False,False,False,False,False,False,True,True,2026-09-24
8487,8487.HK,ISP GLOBAL,ISP GLOBAL,0.9,"2,000",Equity,Equity Securities (GEM),0.086,0.07,0.089,0.07,1834000,0.16,0.079,0.079,9.41,8.72,7.5,8.86,7.5,0.09,0.28,3.92,0.09,0.28,-5.32,-68.77,-97.73,8.51,69.82,False,False,True,True,False,False,False,True,False,2026-09-24
8489,8489.HK,GP LOGISTICS,裕程物流,0.85,"5,000",Equity,Equity Securities (GEM),0.275,0.25,0.275,0.25,75000,0.02,0.256,0.242,7.59,13.82,1.85,11.79,21.15,0.49,0.49,1.43,0.49,0.49,-43.88,-43.88,-80.77,43.88,43.88,True,False,False,False,False,False,False,False,False,2026-09-24
8490,8490.HK,NICHE-TECH SEMI,骏码半导体,0.59,"5,000",Equity,Equity Securities (GEM),0.083,0.09,0.09,0.065,4550000,0.38,0.09,0.099,-8.19,-16.33,-2.35,-11.7,-8.79,0.25,0.55,0.74,0.25,0.55,-64.71,-83.64,-87.84,67.45,84.91,False,False,False,False,False,False,False,False,False,2026-09-24
8491,8491.HK,COOL LINK,COOL LINK,0.81,"5,000",Equity,Equity Securities (GEM),0.204,0.182,0.205,0.179,180000,0.04,0.201,0.2,1.39,1.95,-0.49,-0.97,0.0,0.51,3.37,60.0,0.51,3.37,-59.8,-93.92,-99.66,60.0,93.95,False,False,True,True,False,False,False,False,False,2026-09-24
8501,8501.HK,SANBASE CORP,庄皇集团公司,1.7,"2,000",Equity,Equity Securities (GEM),0.85,0.85,0.85,0.85,28000,0.02,0.904,0.887,-5.97,-4.17,0.0,-9.57,-2.3,0.94,0.94,2.12,0.94,0.94,-9.57,-9.57,-59.91,9.57,9.57,False,False,False,False,False,False,False,True,True,2026-09-24
8502,8502.HK,OCEAN LINE PORT,远航港口,2.6,"8,000",Equity,Equity Securities (GEM),0.325,0.34,0.34,0.325,56000,0.02,0.338,0.343,-3.85,-5.25,-4.41,-4.41,-5.8,0.38,0.43,2.34,0.38,0.43,-10.53,-20.93,-85.47,14.47,24.42,False,False,False,False,False,False,False,False,False,2026-09-24
8507,8507.HK,I.CENTURY HLDG,爱世纪集团,5.32,"4,000",Equity,Equity Securities (GEM),0.665,0.69,0.69,0.65,1364000,0.91,0.675,0.662,-1.48,0.45,-5.0,0.0,6.4,1.25,1.25,1.25,1.25,1.25,-44.8,-44.8,-44.8,46.8,46.8,False,False,False,False,False,False,False,False,False,2026-09-24
8509,8509.HK,WINE'S LINK,威扬酒业控股,2.0,"4,000",Equity,Equity Securities (GEM),0.5,0.475,0.515,0.475,16000,0.01,0.501,0.503,-0.2,-0.6,0.0,0.0,-0.99,0.73,0.83,1.03,0.73,0.83,-29.45,-37.95,-50.0,31.51,39.76,False,False,False,False,False,False,False,False,False,2026-09-24
8512,8512.HK,HYFUSIN GROUP,凯富善集团控股,3.35,"10,000",Equity,Equity Securities (GEM),0.365,0.365,0.37,0.365,40000,0.01,0.369,0.371,-1.08,-1.48,-1.35,0.0,-1.35,0.43,0.43,1.14,0.43,0.43,-12.94,-12.94,-67.54,14.12,14.12,False,False,False,False,False,False,False,False,False,2026-09-24
8513,8513.HK,MAXWIN INT HLDG,加和国际控股,0.26,"5,000",Equity,Equity Securities (GEM),0.315,0.32,0.32,0.275,160000,0.05,0.338,0.327,-6.8,-3.82,-1.56,-5.97,0.0,1.15,3.3,31.6,1.15,3.3,-72.17,-90.3,-98.99,72.61,90.45,False,False,False,False,False,False,False,False,False,2026-09-24
8516,8516.HK,ZY INTL,中盈国际,0.92,"5,000",Equity,Equity Securities (GEM),1.595,1.595,1.595,1.595,10000,0.02,1.582,1.597,0.82,-0.13,3.24,2.9,-3.04,1.93,1.98,642.0,1.93,1.98,-17.36,-19.44,-99.75,17.36,19.44,False,False,False,False,False,False,False,False,False,2026-09-24
8519,8519.HK,XINXIANG ERA,新享时代,0.43,"20,000",Equity,Equity Securities (GEM),0.295,0.28,0.295,0.28,56250,0.02,0.313,0.325,-5.75,-9.37,0.0,-15.71,-10.61,0.52,6.16,6.16,0.52,6.16,-43.27,-95.21,-95.21,43.27,95.21,False,False,False,False,False,False,False,False,False,2026-09-24
8521,8521.HK,WEBX INTL HLDGS,智云国际控股,4.41,"5,000",Equity,Equity Securities (GEM),0.69,0.66,0.7,0.63,140000,0.1,0.69,0.685,0.0,0.73,0.0,0.73,-0.72,1.26,1.7,1.7,1.26,1.7,-44.44,-58.82,-58.82,45.24,59.41,False,False,False,False,False,False,False,False,False,2026-09-24
8525,8525.HK,BAIYING HOLDING,百应控股,2.16,"2,000",Equity,Equity Securities (GEM),0.8,0.8,0.8,0.76,74000,0.06,0.8,0.782,0.0,2.37,0.0,0.0,0.0,0.9,1.0,2.88,0.9,1.0,-11.11,-20.0,-72.22,11.11,20.0,False,False,False,False,False,False,False,False,False,2026-09-24
8526,8526.HK,WING FUNG GROUP,荣丰集团亚洲,0.78,"10,000",Equity,Equity Securities (GEM),0.48,0.47,0.48,0.405,130000,0.06,0.461,0.426,4.12,12.68,-2.04,9.09,12.94,0.5,0.5,4.84,0.5,0.5,-4.0,-4.0,-90.08,4.0,4.0,False,False,False,True,False,False,False,True,True,2026-09-24
8527,8527.HK,JLOGO HLDGS,聚利宝控股,1.9,"5,000",Equity,Equity Securities (GEM),0.38,0.41,0.41,0.365,5455000,2.07,0.345,0.298,10.14,27.52,-5.0,31.03,46.15,0.5,0.58,3.79,0.5,0.58,-18.0,-29.31,-89.18,24.0,34.48,False,False,False,False,False,False,False,False,False,2026-09-24
8529,8529.HK,UBOT HOLDING,优博控股,1.47,"5,000",Equity,Equity Securities (GEM),0.285,0.29,0.295,0.275,120000,0.03,0.292,0.301,-2.4,-5.16,1.79,-5.0,-5.0,0.78,0.78,0.78,0.78,0.78,-62.18,-62.18,-62.18,63.46,63.46,False,False,False,False,False,False,False,False,False,2026-09-24
8532,8532.HK,POLYFAIR HLDGS,宝发控股,0.05,"16,000",Equity,Equity Securities (GEM),0.062,0.066,0.069,0.06,1856000,0.12,0.07,0.068,-10.92,-8.96,-12.68,-15.07,-6.06,0.1,0.71,4.5,0.1,0.71,-31.0,-90.28,-98.47,38.0,91.27,False,False,False,False,False,False,False,False,False,2026-09-24
8535,8535.HK,VISTAR HOLDINGS,荧德控股,2.58,"20,000",Equity,Equity Securities (GEM),0.215,0.188,0.22,0.188,2360000,0.51,0.184,0.159,16.72,34.88,25.0,0.0,65.38,0.28,0.28,0.49,0.28,0.28,-21.43,-21.43,-55.1,23.21,23.21,False,False,False,False,False,False,False,False,False,2026-09-24
8537,8537.HK,CHONG FAI JEWEL,创辉珠宝,0.79,"10,000",Equity,Equity Securities (GEM),0.219,0.204,0.22,0.202,260000,0.06,0.217,0.218,0.83,0.5,0.46,1.86,0.0,0.34,0.55,12.5,0.34,0.55,-36.23,-60.0,-98.24,36.52,60.18,False,False,True,True,False,False,False,False,False,2026-09-24
8540,8540.HK,VICTORY SEC,胜利证券,9.29,"1,000",Equity,Equity Securities (GEM),4.36,4.36,4.37,4.355,283000,1.23,4.362,4.369,-0.05,-0.21,0.0,-0.11,-0.11,5.93,12.0,12.0,5.93,12.0,-26.31,-63.58,-63.58,26.48,63.67,False,False,False,False,False,False,False,False,False,2026-09-24
8545,8545.HK,AMUSE GROUP,佰悦集团,0.42,"8,000",Equity,Equity Securities (GEM),0.035,0.034,0.036,0.034,392000,0.01,0.037,0.037,-6.42,-6.67,-7.89,-7.89,-7.89,0.04,0.05,1.23,0.04,0.05,-18.18,-34.55,-97.07,20.45,36.36,False,False,False,False,False,False,False,False,False,2026-09-24
8547,8547.HK,PACIFIC LEGEND,PACIFIC LEGEND,0.84,"10,000",Equity,Equity Securities (GEM),0.079,0.079,0.08,0.072,42250000,3.34,0.079,0.077,0.0,3.13,1.28,-1.25,0.0,0.17,0.96,6.4,0.17,0.96,-52.38,-91.67,-98.75,52.98,91.77,False,False,False,True,False,False,False,False,False,2026-09-24
8549,8549.HK,GOLDEN LEAF INT,金叶国际集团,0.81,"5,000",Equity,Equity Securities (GEM),0.202,0.205,0.205,0.2,140000,0.03,0.2,0.201,0.8,0.4,1.0,1.0,-0.98,0.38,3.32,3.32,0.38,3.32,-46.05,-93.83,-93.83,46.84,93.92,False,False,False,True,False,False,False,False,False,2026-09-24
8601,8601.HK,BOLTEK,宝燵控股,2.24,"10,000",Equity,Equity Securities (GEM),0.28,0.28,0.28,0.28,150000,0.04,0.273,0.255,2.56,9.76,0.0,0.0,16.18,0.28,0.38,0.95,0.28,0.38,0.0,-26.32,-70.53,0.0,26.32,False,False,False,False,False,False,False,True,False,2026-09-24
8610,8610.HK,BBSB INTL,BBSB INTL,2.9,"4,000",Equity,Equity Securities (GEM),0.58,0.6,0.6,0.58,76000,0.04,0.593,0.584,-2.19,-0.77,-3.33,-3.33,-0.85,3.11,3.11,3.11,3.11,3.11,-80.71,-80.71,-80.71,81.35,81.35,False,False,False,False,False,False,False,False,False,2026-09-24
8611,8611.HK,JUFEEL,九福来,4.35,"5,000",Equity,Equity Securities (GEM),0.73,0.71,0.73,0.67,4165000,3.04,0.75,0.766,-2.67,-4.7,1.39,-5.81,-3.31,1.6,1.86,3.8,1.6,1.86,-54.37,-60.75,-80.79,54.37,60.75,False,False,False,False,False,False,False,False,False,2026-09-24
8616,8616.HK,SUNRAY ENG GP,新威工程集团,0.98,"10,000",Equity,Equity Securities (GEM),0.098,0.093,0.098,0.09,3290000,0.32,0.101,0.095,-2.58,2.73,0.0,-3.92,-6.67,0.11,0.11,0.9,0.11,0.11,-11.71,-11.71,-89.11,11.71,11.71,False,False,False,False,False,False,False,False,False,2026-09-24
8619,8619.HK,NIU HOLDINGS,NIU HOLDINGS,0.34,"10,000",Equity,Equity Securities (GEM),0.079,0.078,0.079,0.078,170000,0.01,0.077,0.077,2.86,2.46,1.28,6.76,6.76,0.3,3.9,32.0,0.3,3.9,-73.67,-97.97,-99.75,73.67,97.97,False,False,False,False,False,False,False,False,False,2026-09-24
8620,8620.HK,AE LOGISTICS,亚洲速运,0.89,"5,000",Equity,Equity Securities (GEM),0.142,0.143,0.143,0.143,215000,0.03,0.141,0.142,0.42,0.21,-0.7,-2.07,2.16,0.25,0.5,0.7,0.25,0.5,-43.92,-71.4,-79.57,44.31,71.6,False,False,False,False,False,False,False,False,False,2026-09-24
8622,8622.HK,JOYZYME GROUP,愉悦集团,0.98,"8,000",Equity,Equity Securities (GEM),0.19,0.188,0.199,0.185,56000,0.01,0.19,0.184,0.11,3.54,1.06,-3.06,6.74,0.44,0.75,0.75,0.44,0.75,-54.25,-73.47,-73.47,56.32,74.67,False,False,True,False,False,False,False,False,False,2026-09-24
8635,8635.HK,ELEPHANT HLDGS,大象控股集团,1.79,"4,000",Equity,Equity Securities (GEM),0.33,0.355,0.38,0.285,3880000,1.28,0.372,0.398,-11.29,-16.98,-7.04,-17.5,-19.51,0.79,1.84,1.84,0.79,1.84,-51.9,-79.35,-79.35,58.23,82.07,False,False,False,False,False,False,False,False,False,2026-09-24
8637,8637.HK,METASURFACE,元续科技,5.05,"1,000",Equity,Equity Securities (GEM),3.395,3.54,3.54,3.395,15000,0.05,3.576,3.614,-5.06,-6.05,-5.17,-5.69,-6.99,4.3,4.3,4.3,4.3,4.3,-17.67,-17.67,-17.67,21.05,21.05,False,False,False,False,False,False,False,False,False,2026-09-24
8645,8645.HK,BYTE META,比特元宇宙,1.88,"6,000",Equity,Equity Securities (GEM),0.248,0.22,0.25,0.19,204000,0.05,0.232,0.237,7.08,4.73,17.54,6.44,2.48,0.68,0.95,1.6,0.68,0.95,-63.24,-73.68,-84.38,63.53,73.89,False,False,False,True,False,False,False,False,False,2026-09-24
8646,8646.HK,CHINA HONGGUANG,中国宏光,2.39,"3,000",Equity,Equity Securities (GEM),0.305,0.335,0.34,0.3,2979000,0.91,0.331,0.305,-7.85,-0.13,-7.58,-12.86,-3.17,0.44,0.63,4.12,0.44,0.63,-22.73,-46.03,-91.75,30.68,51.59,False,False,False,False,False,False,False,False,False,2026-09-24
8657,8657.HK,TRUE PARTNER,TRUE PARTNER,1.77,"2,000",Equity,Equity Securities (GEM),0.29,0.28,0.29,0.28,76000,0.02,0.28,0.278,3.57,4.32,-7.94,9.43,9.43,0.48,0.6,1.41,0.48,0.6,-39.58,-51.67,-79.43,39.58,51.67,False,False,False,False,False,False,False,False,False,2026-09-24
8659,8659.HK,YIK WO INTL,易和国际控股,0.82,"5,000",Equity,Equity Securities (GEM),0.099,0.099,0.1,0.099,475000,0.05,0.1,0.104,-1.39,-4.99,-1.0,-1.0,-6.6,0.17,0.82,1.42,0.17,0.82,-39.76,-87.8,-92.96,40.36,87.93,False,False,False,False,False,False,False,False,False,2026-09-24
8668,8668.HK,YING HAI GROUP,瀛海集团,1.51,"10,000",Equity,Equity Securities (GEM),0.126,0.126,0.126,0.126,1480000,0.19,0.124,0.121,1.45,4.05,0.0,2.44,9.57,0.14,0.2,0.26,0.14,0.2,-8.03,-36.04,-51.54,8.03,36.04,False,False,False,False,False,False,False,True,False,2026-09-24
9600,9600.HK,NEWLINK TECH,新纽科技,1.4,800,Equity,Equity Securities (Main Board),0.14,0.165,0.165,0.132,718400,0.1,0.135,0.134,3.4,4.79,-12.5,12.0,11.11,0.34,2.72,4.76,0.34,2.72,-52.17,-93.93,-96.53,59.42,94.85,False,False,False,True,False,False,False,False,False,2026-09-24
9606,9606.HK,DUALITYBIO-B,映恩生物－Ｂ,180.12,100,Equity,Equity Securities (Main Board),198.3,210.8,211.4,196.5,869500,172.42,206.44,192.87,-3.94,2.82,-7.77,-6.2,8.18,376.8,563.5,563.5,376.8,563.5,-43.9,-62.48,-62.48,47.37,64.81,False,False,False,False,False,False,False,False,False,2026-09-24
9608,9608.HK,SUNDY SERVICE,宋都服务,1.8,"10,000",Equity,Equity Securities (Main Board),0.047,0.048,0.048,0.045,240000,0.01,0.048,0.05,-2.89,-5.43,-2.08,-4.08,-7.84,0.07,0.62,0.62,0.07,0.62,-34.25,-92.26,-92.26,35.62,92.42,False,False,False,False,False,False,False,False,False,2026-09-24
9609,9609.HK,HAIWEI ELEC,海伟股份,4.49,200,Equity,Equity Securities (Main Board),6.785,6.665,6.665,6.665,200,0.0,6.969,7.042,-2.64,-3.66,-3.35,-3.35,-4.44,12.66,13.5,13.5,12.66,13.5,-47.35,-50.63,-50.63,46.41,49.74,False,False,False,False,False,False,False,False,False,2026-09-24
9611,9611.HK,LONGCHEER,龙旗科技,10.99,100,Equity,Equity Securities (Main Board),21.32,21.46,21.52,20.92,333400,7.11,21.336,20.886,-0.07,2.08,-0.65,0.09,4.41,36.86,36.86,36.86,36.86,36.86,-41.62,-41.62,-41.62,42.16,42.16,False,False,False,False,False,False,False,False,False,2026-09-24
9615,9615.HK,MECH-MIND ROBOT,梅卡曼德机器人,94.01,30,Equity,Equity Securities (Main Board),83.15,80.0,83.2,79.9,101330,8.43,81.37,82.895,2.19,0.31,3.94,3.55,1.65,102.0,102.0,102.0,102.0,102.0,-18.43,-18.43,-18.43,18.48,18.48,False,False,False,True,False,False,False,False,False,2026-09-24
9616,9616.HK,NEUTECH GROUP,东软睿新集团,11.7,800,Equity,Equity Securities (Main Board),1.81,1.8,1.81,1.8,17600,0.03,1.818,1.827,-0.44,-0.93,0.56,-0.55,-1.09,2.6,3.98,7.94,2.6,3.98,-30.38,-54.52,-77.2,30.38,54.52,False,False,False,False,False,False,False,False,False,2026-09-24
9618,9618.HK,JD-SW,京东集团－ＳＷ,2498.74,50,Equity,Equity Securities (Main Board),105.6,105.4,106.2,104.7,4674774,493.66,105.72,105.8,-0.11,-0.19,-0.47,0.19,0.57,132.5,192.3,422.8,132.5,192.3,-19.85,-44.77,-74.88,20.3,45.09,False,False,False,False,False,False,False,False,False,2026-09-24
9626,9626.HK,BILIBILI-W,哔哩哔哩－Ｗ,394.63,20,Equity,Equity Securities (Main Board),116.4,118.6,118.6,115.5,2291911,266.78,117.68,118.62,-1.09,-1.87,-1.94,-1.36,1.57,285.6,285.6,1052.0,285.6,285.6,-58.47,-58.47,-88.73,59.24,59.24,False,False,False,False,False,False,False,False,False,2026-09-24
9630,9630.HK,CFMEE,芯碁微装,51.56,50,Equity,Equity Securities (Main Board),349.2,360.0,360.0,347.4,184600,64.46,362.96,357.98,-3.79,-2.45,-4.28,-4.33,-2.02,555.0,555.0,555.0,555.0,555.0,-35.14,-35.14,-35.14,37.08,37.08,False,False,False,False,False,False,False,False,False,2026-09-24
9633,9633.HK,NONGFU SPRING,农夫山泉,1969.56,200,Equity,Equity Securities (Main Board),39.12,38.8,39.16,38.64,3411747,133.47,39.008,39.206,0.29,-0.22,0.36,-0.36,0.41,51.85,56.25,68.75,51.85,56.25,-24.47,-30.38,-43.04,24.55,30.45,False,False,False,False,False,False,False,False,False,2026-09-24
9636,9636.HK,JF SMARTINVEST,九方智投控股,133.78,100,Equity,Equity Securities (Main Board),28.9,28.66,29.34,28.4,1171900,33.87,28.048,28.046,3.04,3.04,0.84,5.09,4.56,67.45,84.05,84.05,67.45,84.05,-56.5,-65.09,-65.09,57.15,65.62,True,False,False,False,False,False,False,False,False,2026-09-24
9637,9637.HK,ALEBUND-B,礼邦医药－Ｂ,61.03,100,Equity,Equity Securities (Main Board),25.9,25.68,25.9,24.8,447700,11.6,26.008,25.082,-0.42,3.26,0.78,-3.21,-0.61,46.82,46.82,46.82,46.82,46.82,-44.68,-44.68,-44.68,44.68,44.68,False,False,False,False,False,False,False,False,False,2026-09-24
9639,9639.HK,WING LEE DEV,荣利营造,9.15,"5,000",Equity,Equity Securities (Main Board),0.915,0.91,0.915,0.9,85000,0.08,0.921,0.929,-0.65,-1.51,0.55,-1.61,-1.61,1.25,1.82,1.82,1.25,1.82,-26.8,-49.73,-49.73,26.8,49.73,False,False,False,False,False,False,False,False,False,2026-09-24
9658,9658.HK,SUPER HI,特海国际,59.89,"1,000",Equity,Equity Securities (Main Board),9.21,9.24,9.345,9.165,191726,1.77,9.327,9.347,-1.25,-1.47,-2.13,-2.44,-2.33,13.99,24.1,24.3,13.99,24.1,-33.2,-61.22,-61.54,34.17,61.78,False,False,False,False,False,False,False,False,False,2026-09-24
9660,9660.HK,HORIZONROBOT-W,地平线机器人－Ｗ,569.69,600,Equity,Equity Securities (Main Board),4.14,4.04,4.14,3.985,106994367,442.96,4.146,4.144,-0.14,-0.08,2.22,-2.7,0.24,9.8,11.32,11.32,9.8,11.32,-57.76,-63.43,-63.43,57.76,63.43,False,False,False,False,False,False,False,False,False,2026-09-24
9663,9663.HK,SINOSYNERGY,国鸿氢能,8.35,500,Equity,Equity Securities (Main Board),2.165,2.145,2.3,2.145,101500,0.22,2.315,2.267,-6.48,-4.52,-5.87,-8.65,-8.65,5.33,26.45,26.45,5.33,26.45,-56.85,-91.3,-91.3,59.38,91.81,False,False,False,False,False,False,False,False,False,2026-09-24
9668,9668.HK,CBHB,渤海银行,46.19,500,Equity,Equity Securities (Main Board),0.745,0.755,0.76,0.725,2733500,2.04,0.775,0.797,-3.87,-6.47,0.0,-7.45,-7.45,1.02,1.31,5.82,1.02,1.31,-25.49,-41.98,-86.94,26.96,43.13,False,False,False,False,False,False,False,False,False,2026-09-24
9669,9669.HK,BEISEN HOLDING,北森控股,22.58,200,Equity,Equity Securities (Main Board),3.145,3.145,3.24,3.1,716900,2.25,3.08,3.038,2.11,3.51,0.0,2.44,4.83,7.59,9.72,29.8,7.59,9.72,-57.31,-66.67,-89.13,58.56,67.64,False,False,False,False,False,False,False,False,False,2026-09-24
9676,9676.HK,SHIYUE DAOTIAN,十月稻田,44.07,300,Equity,Equity Securities (Main Board),4.17,4.2,4.2,4.13,17400,0.07,4.156,4.151,0.34,0.47,-1.18,-2.11,5.57,9.77,100.0,100.0,9.77,100.0,-57.01,-95.8,-95.8,57.32,95.83,False,False,False,True,False,False,False,False,False,2026-09-24
9678,9678.HK,UNISOUND,云知声,30.4,20,Equity,Equity Securities (Main Board),67.4,66.75,68.95,65.95,1378836,92.93,69.25,69.4,-2.67,-2.88,2.12,-5.27,0.75,443.8,879.0,879.0,443.8,879.0,-84.46,-92.16,-92.16,84.81,92.33,False,False,False,False,False,False,False,False,False,2026-09-24
9680,9680.HK,CHENQI TECH,如祺出行,15.72,100,Equity,Equity Securities (Main Board),7.7,7.7,7.7,7.7,200,0.0,7.751,7.271,-0.66,5.9,-1.28,-2.28,17.56,9.96,40.05,40.05,9.96,40.05,-22.69,-80.77,-80.77,22.69,80.77,False,False,False,False,False,False,False,False,False,2026-09-24
9686,9686.HK,XIKANG CLOUD,熙康云医院,8.33,500,Equity,Equity Securities (Main Board),0.99,0.99,0.995,0.99,317000,0.31,0.997,1.0,-0.7,-0.95,0.0,-1.0,-1.0,1.03,3.7,3.7,1.03,3.7,-3.4,-73.11,-73.11,3.88,73.24,False,False,False,False,False,False,False,True,False,2026-09-24
9688,9688.HK,ZAI LAB,再鼎医药,227.34,100,Equity,Equity Securities (Main Board),19.98,20.88,20.88,19.73,4794878,95.8,20.744,19.973,-3.68,0.04,-5.13,-4.58,1.42,21.42,35.5,151.2,21.42,35.5,-2.52,-41.18,-86.19,6.72,43.72,False,False,False,False,False,False,False,True,False,2026-09-24
9689,9689.HK,JTF INTL,金泰丰国际控股,5.36,"4,000",Equity,Equity Securities (Main Board),0.48,0.46,0.46,0.46,20000,0.01,0.48,0.476,0.0,0.73,0.0,0.0,0.0,1.1,1.1,3.32,1.1,1.1,-58.18,-58.18,-86.14,56.36,56.36,False,False,False,False,False,False,False,False,False,2026-09-24
9690,9690.HK,TUHU-W,途虎－Ｗ,86.32,100,Equity,Equity Securities (Main Board),11.42,10.25,11.46,10.02,4760700,54.37,10.718,11.507,6.55,-0.76,11.31,7.74,-2.89,16.74,37.7,37.7,16.74,37.7,-31.54,-69.6,-69.6,31.78,69.71,False,False,False,False,False,False,False,False,False,2026-09-24
9696,9696.HK,TIANQI LITHIUM,天齐锂业,68.95,200,Equity,Equity Securities (Main Board),29.2,30.12,30.36,29.08,3055436,89.22,30.716,30.872,-4.94,-5.42,-4.58,-7.89,-4.89,69.15,69.15,88.75,69.15,69.15,-56.1,-56.1,-65.79,57.77,57.77,False,False,False,False,False,False,False,False,False,2026-09-24
9698,9698.HK,GDS-SW,万国数据－ＳＷ,489.47,100,Equity,Equity Securities (Main Board),32.4,32.66,32.66,32.02,1034496,33.52,32.424,31.292,-0.07,3.54,-0.8,-1.04,7.14,46.94,48.9,118.7,46.94,48.9,-30.42,-33.21,-72.49,30.98,33.74,False,False,False,False,False,False,False,False,False,2026-09-24
9699,9699.HK,SF INTRA-CITY,顺丰同城,65.43,200,Equity,Equity Securities (Main Board),8.87,8.84,9.01,8.81,759400,6.74,9.063,8.942,-2.13,-0.81,-0.84,-2.58,3.86,16.27,19.26,19.26,16.27,19.26,-44.62,-53.22,-53.22,45.48,53.95,False,False,False,False,False,False,False,False,False,2026-09-24
9857,9857.HK,LINMON MEDIA,柠萌影视,10.5,100,Equity,Equity Securities (Main Board),2.9,2.75,2.9,2.75,10700,0.03,2.817,2.812,2.95,3.15,4.13,3.57,3.57,3.8,11.76,34.35,3.8,11.76,-23.68,-75.34,-91.56,23.68,75.34,False,False,False,True,False,False,False,False,False,2026-09-24
9858,9858.HK,YOURAN DAIRY,优然牧业,184.81,"1,000",Equity,Equity Securities (Main Board),4.115,4.07,4.18,4.065,11398000,46.9,4.167,4.195,-1.25,-1.9,0.61,-3.74,-2.26,5.29,5.29,6.49,5.29,5.29,-20.98,-20.98,-35.59,22.21,22.21,False,False,False,False,False,False,False,False,False,2026-09-24
9860,9860.HK,ADICON HOLDINGS,艾迪康控股,29.86,500,Equity,Equity Securities (Main Board),4.115,3.95,4.12,3.95,336500,1.38,3.777,3.878,8.95,6.1,3.13,16.9,4.18,7.4,16.4,19.18,7.4,16.4,-44.32,-74.88,-78.52,44.39,74.91,False,False,False,False,False,False,False,False,False,2026-09-24
9863,9863.HK,LEAPMOTOR,零跑汽车,402.2,100,Equity,Equity Securities (Main Board),35.56,35.38,35.88,35.0,3762608,133.8,36.216,35.912,-1.81,-0.98,0.51,-4.41,1.77,57.8,76.3,76.3,57.8,76.3,-37.92,-52.98,-52.98,38.48,53.39,False,False,False,False,False,False,False,False,False,2026-09-24
9866,9866.HK,NIO-SW,蔚来－ＳＷ,670.63,10,Equity,Equity Securities (Main Board),28.4,28.9,28.9,28.08,3953938,112.29,28.62,28.606,-0.77,-0.72,-1.73,0.28,1.43,54.95,74.2,199.2,54.95,74.2,-47.41,-61.05,-85.49,48.32,61.73,False,False,False,False,False,False,False,False,False,2026-09-24
9868,9868.HK,XPENG-W,小鹏集团－Ｗ,631.44,100,Equity,Equity Securities (Main Board),40.22,40.4,40.4,39.86,5485348,220.62,40.78,40.924,-1.37,-1.72,-0.45,-0.69,-2.33,84.6,110.8,220.0,84.6,110.8,-52.25,-63.54,-81.64,52.46,63.7,False,False,False,False,False,False,False,False,False,2026-09-24
9869,9869.HK,HELENS,海伦司,12.14,500,Equity,Equity Securities (Main Board),0.96,0.925,0.975,0.915,31000,0.03,0.983,1.064,-2.34,-9.82,3.78,-2.04,-9.43,2.12,6.6,25.75,2.12,6.6,-54.01,-85.23,-96.21,54.72,85.45,False,False,False,False,False,False,False,False,False,2026-09-24
9876,9876.HK,OCEAN ONE HLDG,大洋环球控股,8.43,"2,000",Equity,Equity Securities (Main Board),3.01,3.04,3.04,3.01,68000,0.2,3.095,3.075,-2.75,-2.13,-0.82,-4.29,-5.35,3.9,5.29,5.29,3.9,5.29,-22.05,-42.53,-42.53,22.82,43.1,False,False,False,False,False,False,False,False,False,2026-09-24
9877,9877.HK,JENSCARE-B,健世科技－Ｂ,23.27,200,Equity,Equity Securities (Main Board),7.5,7.195,7.5,6.835,59200,0.44,7.215,7.239,3.95,3.6,4.17,5.78,0.0,10.02,37.75,94.7,10.02,37.75,-25.15,-80.13,-92.08,25.15,80.13,True,False,False,True,False,False,False,False,False,2026-09-24
9878,9878.HK,HUITONGDA NET,汇通达网络,39.67,100,Equity,Equity Securities (Main Board),7.505,7.175,7.545,7.09,190700,1.43,7.405,7.134,1.35,5.21,4.6,1.69,7.99,11.86,33.45,64.7,11.86,33.45,-36.38,-77.44,-88.34,36.72,77.56,False,False,False,True,False,False,False,False,False,2026-09-24
9879,9879.HK,MIGAO GROUP,米高集团,83.08,"1,000",Equity,Equity Securities (Main Board),9.14,9.1,9.2,9.1,462000,4.22,9.133,9.123,0.08,0.19,-0.33,0.22,-0.11,9.77,9.77,9.77,9.77,9.77,-5.83,-5.83,-5.83,6.45,6.45,False,False,True,True,False,False,False,True,True,2026-09-24
9880,9880.HK,UBTECH ROBOTICS,优必选,342.66,50,Equity,Equity Securities (Main Board),78.2,79.05,80.3,77.7,2539480,198.59,79.69,78.87,-1.87,-0.85,-1.08,-2.68,-1.39,156.4,328.0,328.0,156.4,328.0,-48.66,-75.52,-75.52,50.0,76.16,False,False,False,False,False,False,False,False,False,2026-09-24
9885,9885.HK,YSB,药师帮,23.27,200,Equity,Equity Securities (Main Board),3.36,3.445,3.465,3.34,301400,1.01,3.373,3.394,-0.39,-1.0,-2.47,-0.3,1.82,6.67,56.9,64.5,6.67,56.9,-48.05,-93.91,-94.63,49.63,94.09,False,False,False,False,False,False,False,False,False,2026-09-24
9886,9886.HK,DINGDANG HEALTH,叮当健康,9.88,500,Equity,Equity Securities (Main Board),0.8,0.9,0.9,0.775,322500,0.26,0.81,0.809,-1.23,-1.11,0.0,-1.84,-5.33,1.26,2.5,20.2,1.26,2.5,-28.57,-64.0,-95.54,36.51,68.0,False,False,False,False,False,False,False,False,False,2026-09-24
9887,9887.HK,LEADS BIOLABS-B,维立志博－Ｂ,103.88,100,Equity,Equity Securities (Main Board),52.55,55.85,55.85,52.4,1645803,86.49,55.18,56.455,-4.77,-6.92,-6.49,-8.21,-5.74,97.5,97.5,97.5,97.5,97.5,-42.72,-42.72,-42.72,46.1,46.1,False,False,False,False,False,False,False,False,False,2026-09-24
9888,9888.HK,BIDU-W,百度集团－Ｗ,1895.08,50,Equity,Equity Securities (Main Board),86.3,87.35,88.15,86.05,14463295,1248.18,88.11,88.325,-2.05,-2.29,-2.54,-3.03,-1.2,161.2,161.2,256.6,161.2,161.2,-45.32,-45.32,-65.65,46.46,46.46,False,False,False,False,False,False,False,False,False,2026-09-24
9889,9889.HK,DRCB,东莞农商银行,36.05,"1,000",Equity,Equity Securities (Main Board),3.14,3.115,3.18,3.115,3315050,10.41,3.125,3.135,0.48,0.18,0.8,0.64,0.32,3.85,7.3,8.4,3.85,7.3,-17.4,-56.44,-62.14,18.44,56.99,False,False,False,True,False,False,False,False,False,2026-09-24
9890,9890.HK,TANWAN,贪玩,47.4,200,Equity,Equity Securities (Main Board),9.15,9.245,9.57,9.15,377200,3.45,9.42,9.289,-2.87,-1.5,-2.14,-5.52,-0.05,21.72,72.45,72.45,21.72,72.45,-55.94,-86.79,-86.79,57.87,87.37,False,False,False,False,False,False,False,False,False,2026-09-24
9893,9893.HK,PIZU GROUP,比优集团,51.6,"20,000",Equity,Equity Securities (Main Board),1.45,1.485,1.485,1.25,2780000,4.03,1.467,1.516,-1.16,-4.35,-2.36,-1.02,-1.69,2.19,2.19,2.19,2.19,2.19,-32.19,-32.19,-32.19,33.79,33.79,False,False,False,False,False,False,False,False,False,2026-09-24
9896,9896.HK,MNSO,名创优品,207.01,200,Equity,Equity Securities (Main Board),17.61,17.72,17.72,17.47,2802069,49.34,17.484,17.535,0.72,0.43,-0.62,1.62,1.15,40.3,56.9,59.85,40.3,56.9,-56.03,-68.86,-70.39,56.3,69.05,False,False,False,True,False,False,False,False,False,2026-09-24
9898,9898.HK,WB-SW,微博－ＳＷ,81.37,20,Equity,Equity Securities (Main Board),51.55,51.5,52.1,51.15,60380,3.11,51.71,51.815,-0.31,-0.51,-0.87,0.29,0.49,88.5,103.7,275.0,88.5,103.7,-41.13,-49.76,-81.05,41.75,50.29,False,False,False,False,False,False,False,False,False,2026-09-24
9899,9899.HK,NETEASE MUSIC,网易云音乐,178.47,50,Equity,Equity Securities (Main Board),84.85,85.2,85.35,83.75,244282,20.73,86.26,86.31,-1.63,-1.69,-0.88,-2.19,-0.06,201.8,303.4,303.4,201.8,303.4,-57.71,-71.87,-71.87,57.95,72.03,False,False,False,False,False,False,False,False,False,2026-09-24
9900,9900.HK,ZCLOUD TECH CON,智云科技建设,161.0,"4,000",Equity,Equity Securities (Main Board),5.41,5.25,5.41,5.16,2040000,11.04,5.218,5.182,3.68,4.4,0.37,4.64,5.25,7.72,7.72,7.72,7.72,7.72,-29.92,-29.92,-29.92,29.92,29.92,True,False,False,True,False,False,False,False,False,2026-09-24
9901,9901.HK,NEW ORIENTAL-S,新东方－Ｓ,689.57,100,Equity,Equity Securities (Main Board),44.48,43.62,45.16,43.6,4707278,209.38,43.492,43.654,2.27,1.89,2.63,2.16,1.69,51.05,77.05,158.8,51.05,77.05,-11.54,-41.39,-71.56,12.87,42.27,False,False,False,True,False,False,False,False,False,2026-09-24
9903,9903.HK,ILUVATAR COREX,天数智芯,995.12,100,Equity,Equity Securities (Main Board),127.6,122.9,129.0,117.4,9776283,1247.45,133.96,123.373,-4.75,3.43,0.31,-5.55,1.67,295.83,295.83,295.83,295.83,295.83,-56.39,-56.39,-56.39,56.87,56.87,False,False,False,False,False,False,False,False,False,2026-09-24
9908,9908.HK,JIAXING GAS,嘉兴燃气,2.95,500,Equity,Equity Securities (Main Board),7.8,7.7,7.8,7.65,18000,0.14,7.78,7.847,0.26,-0.59,0.0,1.3,0.0,9.1,9.1,14.92,9.1,9.1,-14.29,-14.29,-47.72,14.29,14.29,False,False,False,False,False,False,False,False,False,2026-09-24
9909,9909.HK,POWERLONG CM,宝龙商业,11.7,500,Equity,Equity Securities (Main Board),1.82,1.82,1.87,1.82,26000,0.05,1.873,1.883,-2.83,-3.35,-0.55,-2.67,-6.67,2.84,3.85,31.65,2.84,3.85,-34.15,-51.43,-94.09,35.92,52.73,False,False,False,False,False,False,False,False,False,2026-09-24
9911,9911.HK,NEWBORNTOWN,赤子城科技,128.69,"2,000",Equity,Equity Securities (Main Board),9.19,9.38,9.38,9.12,3942054,36.23,9.52,9.5,-3.47,-3.26,-2.08,-3.82,-3.52,14.09,14.09,14.09,14.09,14.09,-33.43,-33.43,-33.43,34.78,34.78,False,False,False,False,False,False,False,False,False,2026-09-24
9913,9913.HK,CHI KAN HLDGS,智勤控股,23.4,"4,000",Equity,Equity Securities (Main Board),2.34,2.34,2.34,2.33,44220,0.1,2.356,2.289,-0.68,2.23,0.86,-1.27,0.86,2.6,3.5,4.05,2.6,3.5,-10.0,-33.14,-42.22,10.0,33.14,False,False,False,False,False,False,False,True,False,2026-09-24
9916,9916.HK,XINGYE WULIAN,兴业物联,1.46,"2,000",Equity,Equity Securities (Main Board),0.365,0.365,0.365,0.365,12000,0.0,0.364,0.36,0.27,1.39,0.0,-2.67,5.8,0.42,0.85,2.31,0.42,0.85,-13.1,-57.06,-84.2,13.1,57.06,False,False,False,False,False,False,False,False,False,2026-09-24
9918,9918.HK,WISE ALLY INTL,丽年国际,0.99,"2,000",Equity,Equity Securities (Main Board),0.99,0.99,0.99,0.99,16000,0.02,0.978,0.984,1.23,0.61,0.0,5.32,0.51,1.16,1.97,5.7,1.16,1.97,-14.66,-49.75,-82.63,14.66,49.75,False,False,False,False,False,False,False,False,False,2026-09-24
9919,9919.HK,ACTIVATION GP,艾德韦宣集团,5.58,"2,000",Equity,Equity Securities (Main Board),0.75,0.75,0.765,0.72,102000,0.08,0.742,0.743,1.08,0.94,0.0,2.74,2.04,1.07,1.46,2.03,1.07,1.46,-28.5,-47.6,-62.32,29.91,48.63,False,False,False,True,False,False,False,False,False,2026-09-24
9922,9922.HK,JIUMAOJIU,九毛九,13.58,"1,000",Equity,Equity Securities (Main Board),1.015,1.0,1.015,1.0,312000,0.32,1.014,1.022,0.1,-0.73,1.5,-0.49,-1.46,2.33,11.3,38.7,2.33,11.3,-56.44,-91.02,-97.38,56.44,91.02,False,False,False,False,False,False,False,False,False,2026-09-24
9923,9923.HK,YEAHKA,移卡,17.67,400,Equity,Equity Securities (Main Board),3.84,3.87,3.9,3.84,423200,1.63,3.894,4.002,-1.39,-4.05,-2.66,-0.26,-4.71,9.06,16.58,122.7,9.06,16.58,-56.95,-76.48,-96.82,57.62,76.84,False,False,False,False,False,False,False,False,False,2026-09-24
9926,9926.HK,AKESO,康方生物,864.95,"1,000",Equity,Equity Securities (Main Board),93.9,95.5,95.5,93.3,6330068,594.39,95.42,93.95,-1.59,-0.05,-3.69,-5.44,3.47,156.0,179.0,179.0,156.0,179.0,-38.78,-46.65,-46.65,39.81,47.54,False,False,False,False,False,False,False,False,False,2026-09-24
9927,9927.HK,SERES,赛力斯,37.26,100,Equity,Equity Securities (Main Board),34.3,34.56,34.58,33.4,2570972,88.18,34.66,34.94,-1.04,-1.83,0.23,-1.55,-2.0,113.3,131.5,131.5,113.3,131.5,-69.48,-73.7,-73.7,69.73,73.92,False,False,False,False,False,False,False,False,False,2026-09-24
9928,9928.HK,TIMES NEIGHBOR,时代邻里,4.78,"1,000",Equity,Equity Securities (Main Board),0.485,0.475,0.485,0.475,180692,0.09,0.487,0.488,-0.41,-0.51,1.04,-1.02,-1.02,0.61,0.86,13.74,0.61,0.86,-20.49,-43.6,-96.47,20.49,43.6,False,False,False,False,False,False,False,False,False,2026-09-24
9929,9929.HK,SEM HLDGS,澳达控股,28.9,"10,000",Equity,Equity Securities (Main Board),1.445,1.59,1.59,1.445,1530000,2.21,1.448,1.45,-0.21,-0.38,-3.34,-0.69,2.48,2.42,2.42,2.42,2.42,2.42,-34.3,-34.3,-34.3,40.29,40.29,False,False,False,False,False,False,False,False,False,2026-09-24
9930,9930.HK,HORIZON CD,宏信建发,22.06,"1,000",Equity,Equity Securities (Main Board),0.69,0.66,0.7,0.66,29666,0.02,0.701,0.702,-1.57,-1.78,-1.43,-4.17,-1.43,1.1,4.65,4.93,1.1,4.65,-36.36,-84.95,-85.8,37.27,85.16,False,False,False,False,False,False,False,False,False,2026-09-24
9936,9936.HK,XIMEI RESOURCES,稀美资源,59.75,500,Equity,Equity Securities (Main Board),14.43,14.26,14.57,13.8,1085000,15.66,14.662,14.251,-1.58,1.26,-0.07,-1.57,0.7,24.2,24.2,24.2,24.2,24.2,-39.79,-39.79,-39.79,40.37,40.37,False,False,False,False,False,False,False,False,False,2026-09-24
9938,9938.HK,WAH WO HOLDINGS,华和控股,2.6,"5,000",Equity,Equity Securities (Main Board),0.26,0.255,0.26,0.25,205000,0.05,0.268,0.265,-2.99,-1.89,-3.7,-3.7,-1.89,0.4,0.4,2.79,0.4,0.4,-35.0,-35.0,-90.68,35.0,35.0,False,False,False,False,False,False,False,False,False,2026-09-24
9939,9939.HK,KINTOR PHARMA-B,开拓药业－Ｂ,9.67,500,Equity,Equity Securities (Main Board),1.94,1.98,1.98,1.885,360500,0.7,1.912,1.898,1.46,2.21,1.04,2.11,2.65,4.7,4.7,89.0,4.7,4.7,-57.87,-57.87,-97.78,58.72,58.72,False,False,False,True,False,False,False,False,False,2026-09-24
9955,9955.HK,CLOUDR,智云健康,2.97,100,Equity,Equity Securities (Main Board),0.46,0.46,0.47,0.455,98000,0.05,0.474,0.491,-2.95,-6.41,0.0,-4.17,-9.8,1.08,7.53,30.7,1.08,7.53,-56.48,-93.76,-98.47,57.41,93.89,False,False,False,False,False,False,False,False,False,2026-09-24
9958,9958.HK,LITIAN PICTURES,力天影业,0.69,"1,000",Equity,Equity Securities (Main Board),0.137,0.131,0.137,0.131,45000,0.01,0.134,0.131,1.93,4.34,1.48,1.48,3.79,0.25,5.31,5.31,0.25,5.31,-44.98,-97.42,-97.42,44.98,97.42,False,False,False,True,False,False,False,False,False,2026-09-24
9959,9959.HK,LINKLOGIS-W,联易融科技－Ｗ,43.1,500,Equity,Equity Securities (Main Board),2.285,2.31,2.32,2.26,4564500,10.43,2.286,2.285,-0.04,-0.02,-1.08,0.0,-0.22,2.69,3.64,25.1,2.69,3.64,-13.75,-36.26,-90.76,15.06,37.23,False,False,False,False,False,False,False,False,False,2026-09-24
9960,9960.HK,KINDSTAR GLOBAL,康圣环球,9.65,500,Equity,Equity Securities (Main Board),0.935,0.91,0.935,0.9,324000,0.3,0.924,0.925,1.19,1.08,2.19,2.19,1.63,1.3,1.79,9.78,1.3,1.79,-28.08,-47.77,-90.44,28.08,47.77,False,False,False,True,False,False,False,False,False,2026-09-24
9961,9961.HK,TRIP.COM-S,携程集团－Ｓ,1973.5,50,Equity,Equity Securities (Main Board),313.4,319.0,320.0,311.4,3572364,1119.58,320.44,316.98,-2.2,-1.13,-3.09,-2.97,-1.07,613.0,613.0,613.0,613.0,613.0,-47.8,-47.8,-47.8,48.87,48.87,False,False,False,False,False,False,False,False,False,2026-09-24
9963,9963.HK,TRANSTECH OPTEL,高科桥光导,34.4,"2,000",Equity,Equity Securities (Main Board),8.88,8.65,8.98,8.6,208000,1.85,9.087,9.432,-2.28,-5.85,0.85,-3.06,-6.62,13.48,13.48,13.48,13.48,13.48,-33.38,-33.38,-33.38,34.12,34.12,False,False,False,False,False,False,False,False,False,2026-09-24
9966,9966.HK,ALPHAMAB-B,康宁杰瑞制药－Ｂ,80.43,"1,000",Equity,Equity Securities (Main Board),8.32,8.26,8.45,8.215,665000,5.53,8.163,8.009,1.92,3.88,-2.8,2.97,8.47,12.2,15.75,28.7,12.2,15.75,-30.74,-46.35,-70.56,31.8,47.17,False,False,False,False,False,False,False,False,False,2026-09-24
9968,9968.HK,HUIJING HLDGS,汇景控股,5.41,"2,000",Equity,Equity Securities (Main Board),0.103,0.099,0.105,0.096,8906000,0.92,0.098,0.091,5.53,13.19,3.0,6.19,11.96,0.11,0.11,2.89,0.11,0.11,-2.78,-2.78,-96.37,4.63,4.63,False,False,False,False,False,False,False,True,True,2026-09-24
9969,9969.HK,INNOCARE,诺诚健华,216.75,"1,000",Equity,Equity Securities (Main Board),14.51,15.98,16.16,13.93,30233200,438.68,15.19,15.036,-4.48,-3.5,-7.87,-5.47,-3.84,16.2,20.62,32.05,16.2,20.62,-0.25,-21.63,-49.58,10.43,29.63,False,False,False,False,False,False,False,False,False,2026-09-24
9971,9971.HK,BASICSEMI,基本半导体,123.03,200,Equity,Equity Securities (Main Board),42.8,43.98,44.36,42.5,130400,5.58,41.656,42.232,2.75,1.34,-1.61,4.65,4.9,73.5,73.5,73.5,73.5,73.5,-39.65,-39.65,-39.65,41.77,41.77,False,False,False,False,False,False,False,False,False,2026-09-24
9973,9973.HK,CHERY AUTO,奇瑞汽车,589.16,100,Equity,Equity Securities (Main Board),25.02,25.44,25.44,24.88,4094767,102.45,25.78,25.53,-2.95,-2.0,-1.65,-4.14,-1.34,34.06,34.98,34.98,34.06,34.98,-25.31,-27.27,-27.27,26.54,28.47,False,False,False,False,False,False,False,False,False,2026-09-24
9976,9976.HK,LONGSYS,江波龙,58.03,50,Equity,Equity Securities (Main Board),193.5,195.0,195.0,190.8,194500,37.64,192.82,191.8,0.35,0.89,-1.73,0.99,2.93,236.6,236.6,236.6,236.6,236.6,-17.58,-17.58,-17.58,18.22,18.22,False,False,False,True,False,False,False,False,False,2026-09-24
9978,9978.HK,FINELAND LIVING,方圆生活服务,12.62,"4,000",Equity,Equity Securities (Main Board),3.155,3.48,3.48,3.04,1584000,5.0,3.108,3.061,1.51,3.09,-7.07,2.6,0.48,3.45,3.45,3.45,3.48,3.48,0.87,0.87,0.87,9.34,9.34,False,False,True,True,True,True,True,True,True,2026-09-24
9979,9979.HK,GREENTOWN MGMT,绿城管理控股,35.0,"1,000",Equity,Equity Securities (Main Board),1.75,1.755,1.76,1.73,833000,1.46,1.746,1.8,0.23,-2.75,0.0,1.45,-4.11,3.39,7.98,7.98,3.39,7.98,-48.08,-77.94,-77.94,48.38,78.07,False,False,False,False,False,False,False,False,False,2026-09-24
9980,9980.HK,EASTROC,东鹏饮料,56.35,100,Equity,Equity Securities (Main Board),96.85,97.05,97.05,95.7,196000,18.98,96.36,97.935,0.51,-1.11,0.52,1.15,0.68,227.69,227.69,227.69,227.69,227.69,-57.38,-57.38,-57.38,57.46,57.46,False,False,False,False,False,False,False,False,False,2026-09-24
9981,9981.HK,WOER,沃尔核材,11.83,200,Equity,Equity Securities (Main Board),8.45,8.81,8.81,8.425,3244000,27.41,8.811,9.046,-4.1,-6.59,-3.92,-6.06,-4.3,23.48,23.48,23.48,23.48,23.48,-62.48,-62.48,-62.48,64.01,64.01,False,False,False,False,False,False,False,False,False,2026-09-24
9982,9982.HK,CENTRALCHINA MT,中原建业,4.22,"2,000",Equity,Equity Securities (Main Board),0.091,0.104,0.114,0.086,40662000,3.7,0.094,0.097,-2.99,-6.09,0.0,-7.14,-7.14,0.17,0.37,2.95,0.17,0.37,-30.91,-69.19,-96.14,44.85,75.41,False,False,False,False,False,False,False,False,False,2026-09-24
9983,9983.HK,CC NEW LIFE,建业新生活,3.25,"1,000",Equity,Equity Securities (Main Board),0.25,0.265,0.265,0.25,119000,0.03,0.274,0.277,-8.76,-9.75,-3.85,-13.79,-9.09,0.63,2.4,11.88,0.63,2.4,-57.94,-88.96,-97.77,60.32,89.58,False,False,False,False,False,False,False,False,False,2026-09-24
9985,9985.HK,WL DELICIOUS,卫龙美味,160.16,200,Equity,Equity Securities (Main Board),6.59,6.55,6.69,6.48,3846672,25.35,6.844,6.928,-3.71,-4.89,-2.23,-6.19,-5.04,13.46,18.1,18.1,13.46,18.1,-50.3,-63.04,-63.04,51.04,63.59,False,False,False,False,False,False,False,False,False,2026-09-24
9987,9987.HK,YUM CHINA,百胜中国,1097.07,50,Equity,Equity Securities (Main Board),322.0,319.2,323.0,318.4,416500,134.11,324.08,327.64,-0.64,-1.72,-0.8,-1.23,-1.71,451.2,451.2,544.0,451.2,451.2,-28.41,-28.41,-40.62,28.63,28.63,False,False,False,False,False,False,False,False,False,2026-09-24
9988,9988.HK,BABA-W,阿里巴巴－Ｗ,21873.49,100,Equity,Equity Securities (Main Board),110.0,108.3,111.1,108.1,37290684,4101.98,111.3,108.84,-1.17,1.07,0.18,-2.31,4.66,174.2,186.2,309.4,174.2,186.2,-36.22,-40.33,-64.09,36.85,40.92,False,False,False,False,False,False,False,False,False,2026-09-24
9989,9989.HK,HEPALINK,海普瑞,8.66,500,Equity,Equity Securities (Main Board),3.935,4.025,4.04,3.89,463500,1.82,3.888,4.029,1.21,-2.32,-1.01,1.42,-5.29,5.67,7.26,19.48,5.67,7.26,-28.75,-44.35,-79.26,30.6,45.8,False,False,False,False,False,False,False,False,False,2026-09-24
9990,9990.HK,ARCHOSAUR GAMES,祖龙娱乐,13.21,"1,000",Equity,Equity Securities (Main Board),1.65,1.615,1.665,1.585,100000,0.16,1.596,1.632,3.38,1.1,5.77,6.11,0.61,2.88,2.88,28.4,2.88,2.88,-42.19,-42.19,-94.14,42.71,42.71,False,False,False,True,False,False,False,False,False,2026-09-24
9992,9992.HK,POP MART,泡泡玛特,2012.32,200,Equity,Equity Securities (Main Board),151.1,153.6,153.6,150.6,4698478,709.94,153.8,153.29,-1.76,-1.43,-1.56,-2.58,-1.37,274.2,339.8,339.8,274.2,339.8,-43.98,-54.8,-54.8,44.89,55.53,False,False,False,False,False,False,False,False,False,2026-09-24
9993,9993.HK,RADIANCE HLDGS,金辉控股,43.28,"1,000",Equity,Equity Securities (Main Board),1.07,1.09,1.09,1.06,26191000,28.02,1.082,1.054,-1.11,1.57,-0.93,-4.46,1.9,5.26,5.64,5.64,5.26,5.64,-79.28,-80.67,-80.67,79.66,81.03,False,False,False,False,False,False,False,False,False,2026-09-24
9995,9995.HK,REMEGEN,荣昌生物,152.06,500,Equity,Equity Securities (Main Board),72.9,77.65,77.65,72.25,3865636,281.8,77.2,75.915,-5.57,-3.97,-7.49,-9.16,-1.62,123.1,126.6,149.8,123.1,126.6,-36.92,-38.67,-48.16,40.78,42.42,False,False,False,False,False,False,False,False,False,2026-09-24
9996,9996.HK,PEIJIA-B,沛嘉医疗－Ｂ,32.7,"1,000",Equity,Equity Securities (Main Board),4.83,4.99,4.995,4.805,675000,3.26,4.937,4.903,-2.17,-1.48,-3.4,-3.4,-1.63,7.37,9.36,39.1,7.37,9.36,-32.23,-46.63,-87.23,34.46,48.4,False,False,False,False,False,False,False,False,False,2026-09-24
9998,9998.HK,KWAN YONG,光荣控股,4.16,"5,000",Equity,Equity Securities (Main Board),0.52,0.515,0.52,0.515,650000,0.34,0.51,0.503,1.96,3.38,0.97,2.97,-3.7,0.6,0.6,1.23,0.6,0.6,-13.33,-13.33,-57.72,13.33,13.33,False,False,False,False,False,False,False,False,False,2026-09-24
9999,9999.HK,NTES,网易,5973.53,100,Equity,Equity Securities (Main Board),186.6,183.4,187.1,182.6,3823355,713.44,185.0,184.82,0.86,0.96,1.25,0.7,0.81,232.6,248.0,248.0,232.6,248.0,-19.56,-24.56,-24.56,19.78,24.76,False,False,False,True,False,False,False,False,False,2026-09-24
