code,yahoo,name_en,name_zh,market_cap_100m_hkd,board_lot,category,sub_category,price,open,high,low,volume,turnover_proxy,ma5,ma10,dev5,dev10,gain1,gain3,gain5,year_prev_high,three_year_prev_high,history_prev_high,year_high,three_year_high,year_high_breakout,three_year_high_breakout,all_time_high_breakout,year_high_distance,three_year_high_distance,consecutive_3d_gain,consecutive_5d_gain,break_pullback_ma5,break_ma5_pullback_ma10,new_year_high,new_3y_high,new_all_time_high,near_year_high_10pct,near_3y_high_10pct,base_date
0001,0001.HK,CKH HOLDINGS,长和,2585.28,500,Equity,Equity Securities (Main Board),67.5,67.0,67.75,67.0,5178444,349.54,68.54,69.04,-1.52,-2.23,0.45,-1.96,-4.05,74.4,74.4,108.9,74.4,74.4,-8.94,-8.94,-37.79,9.27,9.27,False,False,False,False,False,False,False,True,True,2026-09-16
0002,0002.HK,CLP HOLDINGS,中电控股,1958.0,500,Equity,Equity Securities (Main Board),77.5,78.4,78.4,76.9,2343197,181.6,78.09,77.775,-0.76,-0.35,0.85,-1.27,-1.96,79.8,79.8,97.4,79.8,79.8,-1.75,-1.75,-19.51,2.88,2.88,False,False,False,False,False,False,False,True,True,2026-09-16
0003,0003.HK,HK & CHINA GAS,香港中华煤气,1321.12,"1,000",Equity,Equity Securities (Main Board),7.08,7.19,7.19,7.065,13286635,94.07,7.15,7.175,-0.98,-1.33,-0.21,-1.39,-3.41,7.76,7.76,16.36,7.76,7.76,-7.35,-7.35,-56.05,8.76,8.76,False,False,False,False,False,False,False,True,True,2026-09-16
0004,0004.HK,WHARF HOLDINGS,九龙仓集团,587.67,"1,000",Equity,Equity Securities (Main Board),19.23,18.83,19.23,18.45,1279749,24.61,18.812,18.918,2.22,1.65,2.61,3.5,0.63,30.6,30.6,34.0,30.6,30.6,-37.16,-37.16,-43.44,37.16,37.16,True,False,False,True,False,False,False,False,False,2026-09-16
0005,0005.HK,HSBC HOLDINGS,汇丰控股,27609.64,400,Equity,Equity Securities (Main Board),160.9,160.8,161.4,160.1,6193653,996.56,162.68,164.21,-1.09,-2.02,0.81,-1.47,-3.07,169.7,169.7,169.7,169.7,169.7,-4.89,-4.89,-4.89,5.19,5.19,False,False,False,False,False,False,False,True,True,2026-09-16
0006,0006.HK,POWER ASSETS,电能实业,1281.86,500,Equity,Equity Securities (Main Board),60.15,59.6,60.55,59.4,2173629,130.74,60.72,60.625,-0.94,-0.78,0.92,-1.72,-1.64,67.05,67.05,78.8,67.05,67.05,-9.69,-9.69,-23.16,10.29,10.29,False,False,False,False,False,False,False,False,False,2026-09-16
0008,0008.HK,PCCW,电讯盈科,417.6,"1,000",Equity,Equity Securities (Main Board),5.39,5.37,5.43,5.34,4578182,24.68,5.419,5.392,-0.54,-0.04,0.28,-0.46,-1.64,6.37,6.37,6.37,6.37,6.37,-14.76,-14.76,-14.76,15.38,15.38,False,False,False,False,False,False,False,False,False,2026-09-16
0010,0010.HK,HANG LUNG GROUP,恒隆集团,169.66,"1,000",Equity,Equity Securities (Main Board),12.46,12.15,12.48,12.12,976000,12.16,12.288,12.413,1.4,0.38,2.3,2.3,-0.16,17.54,17.54,35.9,17.54,17.54,-28.85,-28.85,-65.24,28.96,28.96,False,False,False,True,False,False,False,False,False,2026-09-16
0012,0012.HK,HENDERSON LAND,恒基地产,1255.86,"1,000",Equity,Equity Securities (Main Board),25.94,25.64,26.04,25.46,9065236,235.15,26.076,26.29,-0.52,-1.33,0.54,-0.54,-2.04,35.66,35.66,46.41,35.66,35.66,-26.98,-26.98,-43.89,27.26,27.26,False,False,False,False,False,False,False,False,False,2026-09-16
0013,0013.HK,HUTCHMED,和黄医药,185.98,500,Equity,Equity Securities (Main Board),21.32,21.58,21.8,21.22,3766979,80.31,21.16,21.648,0.76,-1.52,-1.2,4.2,-2.11,25.58,35.9,85.8,25.58,35.9,-14.78,-39.28,-74.59,16.65,40.61,False,False,False,False,False,False,False,False,False,2026-09-16
0014,0014.HK,HYSAN DEV,希慎兴业,160.11,"1,000",Equity,Equity Securities (Main Board),15.59,15.5,15.66,15.4,764231,11.91,15.702,15.969,-0.71,-2.37,0.19,-1.02,-3.35,23.3,23.3,46.9,23.3,23.3,-32.79,-32.79,-66.61,33.09,33.09,False,False,False,False,False,False,False,False,False,2026-09-16
0016,0016.HK,SHK PPT,新鸿基地产,3175.97,500,Equity,Equity Securities (Main Board),109.6,108.6,109.9,107.4,4627763,507.2,110.76,114.59,-1.05,-4.35,0.64,1.29,-7.35,148.8,148.8,148.8,148.8,148.8,-26.14,-26.14,-26.14,26.34,26.34,False,False,False,False,False,False,False,False,False,2026-09-16
0017,0017.HK,NEW WORLD DEV,新世界发展,148.1,"1,000",Equity,Equity Securities (Main Board),5.885,5.8,5.91,5.7,4925165,28.98,5.889,6.2,-0.07,-5.08,2.08,-0.08,-4.93,12.45,15.96,55.52,12.45,15.96,-52.53,-62.97,-89.36,52.73,63.13,False,False,False,False,False,False,False,False,False,2026-09-16
0018,0018.HK,ORIENTAL M G,东方传媒集团,5.08,"2,000",Equity,Equity Securities (Main Board),0.212,0.212,0.212,0.21,70000,0.01,0.213,0.214,-0.28,-1.12,0.0,-0.93,0.47,0.33,0.59,1.25,0.33,0.59,-35.76,-64.07,-83.04,35.76,64.07,False,False,False,False,False,False,False,False,False,2026-09-16
0019,0019.HK,SWIRE PACIFIC A,太古股份公司Ａ,778.99,500,Equity,Equity Securities (Main Board),100.0,99.9,101.9,99.6,1197951,119.8,102.84,104.63,-2.76,-4.43,-0.99,-3.75,-6.63,108.6,108.6,108.6,108.6,108.6,-6.17,-6.17,-6.17,7.92,7.92,False,False,False,False,False,False,False,True,True,2026-09-16
0020,0020.HK,SENSETIME-W,商汤－Ｗ,504.65,"1,000",Equity,Equity Securities (Main Board),1.21,1.24,1.245,1.18,351164131,424.91,1.264,1.323,-4.27,-8.51,-1.63,-7.63,-9.02,2.8,2.94,9.7,2.8,2.94,-55.54,-57.65,-87.16,56.79,58.84,False,False,False,False,False,False,False,False,False,2026-09-16
0021,0021.HK,GREAT CHI HLDGS,大中华控股,2.9,"5,000",Equity,Equity Securities (Main Board),0.073,0.072,0.079,0.072,1170000,0.09,0.071,0.074,2.53,-1.62,1.39,5.8,-5.19,0.15,0.18,0.35,0.15,0.18,-45.89,-56.11,-77.43,50.0,59.44,False,False,False,False,False,False,False,False,False,2026-09-16
0022,0022.HK,MEXAN,茂盛控股,1.29,"2,000",Equity,Equity Securities (Main Board),3.28,2.55,3.28,2.55,1510000,4.95,2.233,1.991,46.89,64.7,31.2,82.22,85.31,18.5,18.5,19.25,18.5,18.5,-82.27,-82.27,-82.96,82.27,82.27,True,False,False,False,False,False,False,False,False,2026-09-16
0023,0023.HK,BANK OF E ASIA,东亚银行,505.8,200,Equity,Equity Securities (Main Board),19.11,18.68,19.28,18.68,2315701,44.25,18.786,18.563,1.72,2.95,0.68,2.74,5.17,19.17,19.17,36.0,19.28,19.28,0.57,0.57,-46.44,0.88,0.88,False,False,False,False,True,True,False,True,True,2026-09-16
0026,0026.HK,CHINA MOTOR BUS,中华汽车,26.5,200,Equity,Equity Securities (Main Board),58.6,58.6,58.65,58.6,4200,0.25,58.62,58.74,-0.03,-0.24,0.51,-0.34,-0.34,62.0,65.45,134.6,62.0,65.45,-5.4,-10.39,-56.43,5.48,10.47,False,False,False,False,False,False,False,True,False,2026-09-16
0027,0027.HK,GALAXY ENT,银河娱乐,1417.12,"1,000",Equity,Equity Securities (Main Board),32.36,32.66,32.66,31.9,11076085,358.42,32.512,33.054,-0.47,-2.1,-0.37,-1.28,-2.59,44.22,51.95,80.3,44.22,51.95,-26.14,-37.13,-59.33,26.82,37.71,False,False,False,False,False,False,False,False,False,2026-09-16
0028,0028.HK,TIAN AN,天安,49.19,"1,000",Equity,Equity Securities (Main Board),3.355,3.405,3.405,3.355,21000,0.07,3.348,3.338,0.21,0.51,0.0,-0.15,0.15,4.95,5.55,6.78,4.95,5.55,-31.21,-38.65,-49.81,32.22,39.55,False,False,False,False,False,False,False,False,False,2026-09-16
0029,0029.HK,DYNAMIC HOLD,达力集团,21.93,"2,000",Equity,Equity Securities (Main Board),9.225,9.175,9.255,9.175,98000,0.9,9.217,9.252,0.09,-0.29,0.54,0.27,-1.7,13.1,14.6,16.56,13.1,14.6,-29.35,-36.61,-44.11,29.58,36.82,False,False,False,False,False,False,False,False,False,2026-09-16
0030,0030.HK,YNBY INTL,云白国际,23.18,"2,000",Equity,Equity Securities (Main Board),0.246,0.246,0.25,0.244,7528000,1.85,0.237,0.24,3.89,2.37,2.93,6.96,2.5,0.31,0.31,0.57,0.31,0.31,-20.63,-20.63,-56.14,21.9,21.9,False,False,False,False,False,False,False,False,False,2026-09-16
0031,0031.HK,CHINA AEROSPACE,航天控股,14.5,"2,000",Equity,Equity Securities (Main Board),0.47,0.465,0.475,0.465,2028000,0.95,0.47,0.481,0.0,-2.19,0.0,1.08,-2.08,0.78,0.85,1.14,0.78,0.85,-39.1,-44.12,-58.33,39.74,44.71,False,False,False,False,False,False,False,False,False,2026-09-16
0032,0032.HK,CROSS-HAR(HOLD),港通控股,26.2,"1,000",Equity,Equity Securities (Main Board),7.03,7.05,7.05,7.01,17000,0.12,7.162,7.325,-1.84,-4.03,0.43,-1.13,-5.89,8.79,9.05,15.5,8.79,9.05,-19.8,-22.1,-54.52,20.02,22.32,False,False,False,False,False,False,False,False,False,2026-09-16
0034,0034.HK,KOWLOON DEV,九龙建业,58.52,"1,000",Equity,Equity Securities (Main Board),4.48,4.415,4.48,4.415,91000,0.41,4.391,4.4,2.03,1.83,1.7,4.31,2.99,5.45,7.1,11.06,5.45,7.1,-17.8,-36.9,-59.49,17.8,36.9,True,False,False,False,False,False,False,False,False,2026-09-16
0035,0035.HK,FE CONSORT INTL,远东发展,20.5,"1,000",Equity,Equity Securities (Main Board),0.67,0.67,0.675,0.67,220000,0.15,0.686,0.677,-2.33,-0.96,0.0,-4.29,-2.19,0.93,1.68,4.51,0.93,1.68,-27.42,-59.82,-85.03,27.96,60.12,False,False,False,False,False,False,False,False,False,2026-09-16
0037,0037.HK,FE HOTELS,远东酒店实业,3.61,"2,000",Equity,Equity Securities (Main Board),0.48,0.48,0.48,0.475,230000,0.11,0.485,0.49,-1.03,-1.94,0.0,-1.03,-2.04,0.68,1.08,2.04,0.68,1.08,-29.41,-55.56,-76.47,29.41,55.56,False,False,False,False,False,False,False,False,False,2026-09-16
0038,0038.HK,FIRST TRACTOR,第一拖拉机股份,36.0,"2,000",Equity,Equity Securities (Main Board),9.185,9.545,9.545,8.95,2854800,26.22,9.321,9.5,-1.46,-3.31,-0.6,-2.18,-7.13,10.6,10.6,10.6,10.6,10.6,-9.95,-9.95,-9.95,13.35,13.35,False,False,False,False,False,False,False,False,False,2026-09-16
0040,0040.HK,GOLD PEAK,金山科技工业,6.23,"1,000",Equity,Equity Securities (Main Board),0.69,0.655,0.69,0.63,113000,0.08,0.676,0.68,2.07,1.5,4.55,2.22,1.47,0.78,0.8,0.99,0.78,0.8,-11.54,-13.75,-29.99,11.54,13.75,False,False,False,True,False,False,False,False,False,2026-09-16
0041,0041.HK,GREAT EAGLE H,鹰君,108.49,"1,000",Equity,Equity Securities (Main Board),14.47,14.78,14.84,14.39,488486,7.07,14.754,14.879,-1.92,-2.75,-1.56,-2.49,-4.68,19.2,19.2,45.0,19.2,19.2,-22.71,-22.71,-67.02,24.64,24.64,False,False,False,False,False,False,False,False,False,2026-09-16
0042,0042.HK,NE ELECTRIC,东北电气,0.59,"2,000",Equity,Equity Securities (Main Board),0.228,0.233,0.237,0.209,532000,0.12,0.233,0.233,-2.06,-1.98,3.64,-4.6,3.17,0.71,0.71,3.27,0.71,0.71,-66.62,-66.62,-92.75,67.89,67.89,False,False,False,False,False,False,False,False,False,2026-09-16
0045,0045.HK,HK&S HOTELS,大酒店,88.35,500,Equity,Equity Securities (Main Board),5.3,5.45,5.45,5.29,215000,1.14,5.404,5.525,-1.92,-4.06,-1.12,-2.93,-4.33,7.26,7.26,17.12,7.26,7.26,-24.93,-24.93,-68.17,27.0,27.0,False,False,False,False,False,False,False,False,False,2026-09-16
0050,0050.HK,HK FERRY (HOLD),香港小轮（集团）,16.87,"1,000",Equity,Equity Securities (Main Board),4.735,4.7,4.755,4.7,54000,0.26,4.819,4.897,-1.74,-3.32,0.74,-2.77,-4.34,5.55,5.55,9.29,5.55,5.55,-14.32,-14.32,-48.82,14.68,14.68,False,False,False,False,False,False,False,False,False,2026-09-16
0052,0052.HK,FAIRWOOD HOLD,大快活集团,5.64,500,Equity,Equity Securities (Main Board),4.355,4.49,4.495,4.355,5000,0.02,4.432,4.569,-1.74,-4.68,-3.11,0.11,-4.6,4.84,11.28,38.4,4.84,11.28,-7.03,-60.15,-88.29,9.93,61.39,False,False,False,False,False,False,False,True,False,2026-09-16
0057,0057.HK,CHEN HSONG HOLD,震雄集团,9.14,"2,000",Equity,Equity Securities (Main Board),1.45,1.46,1.46,1.425,236000,0.34,1.482,1.492,-2.16,-2.82,-0.68,-3.33,-3.33,1.75,1.94,3.93,1.75,1.94,-16.57,-24.74,-62.85,17.14,25.26,False,False,False,False,False,False,False,False,False,2026-09-16
0058,0058.HK,SUNWAY INT'L,新威国际,1.23,"20,000",Equity,Equity Securities (Main Board),0.239,0.24,0.24,0.24,20000,0.0,0.24,0.239,-0.33,-0.17,-0.42,-0.42,-0.42,0.4,0.88,13.0,0.4,0.88,-40.0,-72.73,-98.15,40.25,72.84,False,False,False,False,False,False,False,False,False,2026-09-16
0062,0062.HK,TRANSPORT INT'L,载通,46.34,400,Equity,Equity Securities (Main Board),8.64,8.58,8.675,8.56,72435,0.63,8.636,8.793,0.05,-1.75,2.86,-0.12,-3.19,12.2,12.2,26.75,12.2,12.2,-28.89,-28.89,-67.57,29.18,29.18,False,False,False,False,False,False,False,False,False,2026-09-16
0063,0063.HK,CHI ASIA VALLEY,中亚烯谷集团,2.22,"1,000",Equity,Equity Securities (Main Board),0.035,0.035,0.035,0.035,1000,0.0,0.036,0.037,-3.31,-5.66,0.0,-7.89,-7.89,0.06,0.15,0.86,0.06,0.15,-45.31,-76.67,-95.93,45.31,76.67,False,False,False,False,False,False,False,False,False,2026-09-16
0064,0064.HK,GET NICE,结好控股,23.55,"2,000",Equity,Equity Securities (Main Board),3.81,3.81,3.815,3.81,42000,0.16,3.808,3.808,0.05,0.05,0.0,0.13,0.0,3.86,3.86,7.5,3.86,3.86,-1.17,-1.17,-49.13,1.3,1.3,False,False,False,False,False,False,False,True,True,2026-09-16
0065,0065.HK,GRAND OCEAN AR,弘海高新资源,0.65,"4,000",Equity,Equity Securities (Main Board),0.265,0.255,0.265,0.248,256000,0.07,0.269,0.269,-1.49,-1.67,-1.85,1.92,-1.85,0.36,8.0,8.1,0.36,8.0,-26.39,-96.69,-96.73,26.39,96.69,False,False,False,False,False,False,False,False,False,2026-09-16
0066,0066.HK,MTR CORPORATION,港铁公司,2042.99,500,Equity,Equity Securities (Main Board),32.82,32.9,32.9,32.5,2316593,76.03,32.912,32.884,-0.28,-0.19,0.92,-0.36,-0.85,37.88,37.88,55.75,37.88,37.88,-13.15,-13.15,-40.99,13.36,13.36,False,False,False,False,False,False,False,False,False,2026-09-16
0068,0068.HK,MANYCORE TECH,MANYCORE TECH,138.87,500,Equity,Equity Securities (Main Board),8.045,7.945,8.245,7.85,8460000,68.06,8.659,9.842,-7.09,-18.25,1.84,-11.54,-28.17,48.5,48.5,48.5,48.5,48.5,-83.0,-83.0,-83.0,83.41,83.41,False,False,False,False,False,False,False,False,False,2026-09-16
0069,0069.HK,SHANGRI-LA ASIA,香格里拉（亚洲）,139.34,"2,000",Equity,Equity Securities (Main Board),3.88,4.05,4.05,3.825,14877583,57.73,3.996,4.04,-2.9,-3.96,-3.72,-3.0,-3.48,5.39,6.27,19.9,5.39,6.27,-24.86,-35.41,-79.65,28.01,38.12,False,False,False,False,False,False,False,False,False,2026-09-16
0071,0071.HK,MIRAMAR HOTEL,美丽华酒店,69.23,"1,000",Equity,Equity Securities (Main Board),10.02,10.03,10.03,9.9,43000,0.43,10.038,10.086,-0.18,-0.65,-0.4,-0.1,-1.47,11.27,11.27,19.3,11.27,11.27,-11.0,-11.0,-48.03,11.09,11.09,False,False,False,False,False,False,False,False,False,2026-09-16
0076,0076.HK,ELATE HOLDINGS,谊砾控股,0.72,"4,000",Equity,Equity Securities (Main Board),0.162,0.158,0.162,0.156,471000,0.08,0.157,0.16,3.32,1.31,3.85,5.88,-0.61,0.2,0.5,2.54,0.2,0.5,-18.18,-67.6,-93.62,18.18,67.6,False,False,False,True,False,False,False,False,False,2026-09-16
0077,0077.HK,AMS TRANSPORT,进智公共交通,1.44,"2,000",Equity,Equity Securities (Main Board),0.53,0.53,0.53,0.53,80000,0.04,0.502,0.491,5.58,7.94,0.0,9.28,10.42,0.7,0.9,1.68,0.7,0.9,-24.29,-41.11,-68.45,24.29,41.11,False,False,False,False,False,False,False,False,False,2026-09-16
0078,0078.HK,REGAL INT'L,REGAL INT'L,4.0,"2,000",Equity,Equity Securities (Main Board),0.445,0.45,0.45,0.445,80000,0.04,0.453,0.45,-1.77,-1.22,-1.11,0.0,-1.11,0.59,3.15,7.16,0.59,3.15,-23.73,-85.71,-93.72,24.58,85.87,False,False,False,False,False,False,False,False,False,2026-09-16
0079,0079.HK,CENTURY LEGEND,世纪建业,0.42,"4,000",Equity,Equity Securities (Main Board),0.128,0.126,0.128,0.126,212000,0.03,0.112,0.111,14.08,15.63,15.32,16.36,25.49,0.16,0.17,0.96,0.16,0.17,-21.95,-22.42,-86.67,21.95,22.42,False,False,False,False,False,False,False,False,False,2026-09-16
0080,0080.HK,CAI CORP,ＣＡＩ控股,6.52,"10,000",Equity,Investment Companies,0.25,0.25,0.25,0.246,1107745,0.28,0.257,0.261,-2.72,-4.21,0.0,-3.85,-3.85,0.47,0.7,1.63,0.47,0.7,-46.81,-64.29,-84.64,46.81,64.29,False,False,False,False,False,False,False,False,False,2026-09-16
0081,0081.HK,CH OVS G OCEANS,中国海外宏洋集团,101.98,"1,000",Equity,Equity Securities (Main Board),2.865,2.685,2.875,2.685,4743000,13.59,2.817,2.827,1.7,1.36,4.56,2.87,-1.72,3.35,3.35,6.12,3.35,3.35,-14.18,-14.18,-53.02,14.48,14.48,False,False,False,True,False,False,False,False,False,2026-09-16
0082,0082.HK,CRAZY SPORTS,疯狂体育,3.44,"2,000",Equity,Equity Securities (Main Board),0.076,0.072,0.077,0.072,3941000,0.3,0.073,0.074,3.54,2.98,1.33,5.56,2.7,0.1,0.18,1.0,0.1,0.18,-20.62,-56.98,-92.3,21.65,57.54,True,False,False,True,False,False,False,False,False,2026-09-16
0083,0083.HK,SINO LAND,信和置业,955.26,"2,000",Equity,Equity Securities (Main Board),9.965,9.86,9.99,9.82,5270831,52.52,10.076,10.272,-1.1,-2.99,1.22,-1.73,-4.73,13.3,13.3,15.48,13.3,13.3,-24.89,-24.89,-35.47,25.08,25.08,False,False,False,False,False,False,False,False,False,2026-09-16
0084,0084.HK,STELUX HOLDINGS,宝光实业,0.69,"1,000",Equity,Equity Securities (Main Board),0.067,0.068,0.068,0.067,203000,0.01,0.068,0.068,-1.18,-1.33,-1.47,-1.47,-1.47,0.09,0.15,0.96,0.09,0.15,-22.73,-53.74,-92.92,23.86,54.42,False,False,False,False,False,False,False,False,False,2026-09-16
0085,0085.HK,CE HUADA TECH,中电华大科技,16.24,"2,000",Equity,Equity Securities (Main Board),0.8,0.805,0.805,0.785,300000,0.24,0.806,0.81,-0.74,-1.3,0.0,-1.23,-3.03,1.54,2.09,2.09,1.54,2.09,-47.73,-61.48,-61.48,48.05,61.72,False,False,False,False,False,False,False,False,False,2026-09-16
0086,0086.HK,SUN HUNG KAI CO,新鸿基公司,78.52,"1,000",Equity,Equity Securities (Main Board),4.01,3.945,4.01,3.945,28000,0.11,4.004,4.022,0.15,-0.29,0.0,0.0,-0.25,4.5,4.5,5.9,4.5,4.5,-10.89,-10.89,-32.03,10.89,10.89,False,False,True,False,False,False,False,False,False,2026-09-16
0087,0087.HK,SWIRE PACIFIC B,太古股份公司Ｂ,423.07,"2,500",Equity,Equity Securities (Main Board),14.85,14.85,14.85,14.56,1198224,17.79,14.884,15.14,-0.23,-1.92,1.5,-0.34,-4.69,15.8,15.8,16.34,15.8,15.8,-6.01,-6.01,-9.12,6.01,6.01,False,False,False,False,False,False,False,True,True,2026-09-16
0088,0088.HK,TAI CHEUNG HOLD,TAI CHEUNG HOLD,20.07,"1,000",Equity,Equity Securities (Main Board),3.25,3.105,3.25,3.1,16000,0.05,3.204,3.236,1.44,0.43,2.2,1.88,0.31,4.18,4.18,10.0,4.18,4.18,-22.25,-22.25,-67.5,22.25,22.25,False,False,False,True,False,False,False,False,False,2026-09-16
0093,0093.HK,ZERO FINTECH,零在科技金融,9.2,"2,000",Equity,Equity Securities (Main Board),0.345,0.4,0.4,0.345,6000,0.0,0.377,0.36,-8.49,-4.17,-4.17,-19.77,-2.82,0.55,0.7,0.88,0.55,0.7,-27.27,-42.86,-54.55,37.27,50.71,False,False,False,False,False,False,False,False,False,2026-09-16
0094,0094.HK,GREENHEART GP,绿心集团,1.25,"80,000",Equity,Equity Securities (Main Board),0.045,0.045,0.045,0.045,240000,0.01,0.047,0.048,-5.06,-6.83,-6.25,-6.25,-6.25,0.1,0.11,1.24,0.1,0.11,-53.12,-59.09,-96.36,53.12,59.09,False,False,False,False,False,False,False,False,False,2026-09-16
0095,0095.HK,LVGEM CHINA,绿景中国地产,11.84,"2,000",Equity,Equity Securities (Main Board),0.186,0.174,0.186,0.172,320000,0.06,0.192,0.197,-3.12,-5.39,0.54,-6.06,-2.62,0.32,1.51,3.84,0.32,1.51,-41.87,-87.68,-95.16,41.87,87.68,False,False,False,False,False,False,False,False,False,2026-09-16
0097,0097.HK,HENDERSON INV,恒基发展,4.36,"1,000",Equity,Equity Securities (Main Board),0.143,0.137,0.143,0.137,8000,0.0,0.14,0.139,2.14,2.95,3.62,2.88,5.15,0.21,0.37,0.71,0.21,0.37,-31.9,-61.35,-79.86,31.9,61.35,False,False,False,True,False,False,False,False,False,2026-09-16
0100,0100.HK,MINIMAX-W,MINIMAX-W,638.16,20,Equity,Equity Securities (Main Board),238.0,236.6,251.8,233.0,14866249,3538.17,257.4,300.62,-7.54,-20.83,1.45,-11.85,-25.81,1330.0,1330.0,1330.0,1330.0,1330.0,-81.07,-81.07,-81.07,82.11,82.11,False,False,False,False,False,False,False,False,False,2026-09-16
0101,0101.HK,HANG LUNG PPT,恒隆地产,350.43,"1,000",Equity,Equity Securities (Main Board),6.735,6.655,6.76,6.6,6001025,40.42,6.766,6.918,-0.46,-2.65,1.28,-1.03,-3.85,10.3,11.68,22.6,10.3,11.68,-34.37,-42.12,-70.09,34.61,42.34,False,False,False,False,False,False,False,False,False,2026-09-16
0103,0103.HK,SHOUGANG CENT,首佳科技,10.9,"1,000",Equity,Equity Securities (Main Board),2.105,2.06,2.11,2.055,144000,0.3,2.098,2.09,0.33,0.72,0.48,-0.24,0.72,3.2,4.3,4.3,3.2,4.3,-34.06,-50.93,-50.93,34.22,51.05,False,False,True,True,False,False,False,False,False,2026-09-16
0107,0107.HK,SICHUAN EXPRESS,四川成渝高速公路,43.2,"2,000",Equity,Equity Securities (Main Board),4.825,4.825,4.825,4.715,1002000,4.83,4.771,4.798,1.13,0.56,2.12,2.01,-1.23,6.1,6.1,6.1,6.1,6.1,-20.9,-20.9,-20.9,20.9,20.9,False,False,False,True,False,False,False,False,False,2026-09-16
0108,0108.HK,SR MEDICAL,春雨医疗,66.43,"2,000",Equity,Equity Securities (Main Board),2.0,1.935,2.01,1.935,416000,0.83,2.014,1.955,-0.7,2.33,0.5,-1.96,-11.5,3.71,4.28,4.28,3.71,4.28,-45.82,-53.04,-53.04,46.09,53.27,False,False,False,False,False,False,False,False,False,2026-09-16
0110,0110.HK,CHINA FORTUNE,中国长远,1.85,"4,000",Equity,Equity Securities (Main Board),0.665,0.68,0.68,0.68,28400,0.02,0.662,0.67,0.45,-0.75,9.02,0.76,-2.92,0.85,0.85,4.05,0.85,0.85,-19.53,-19.53,-83.21,21.3,21.3,False,False,False,False,False,False,False,False,False,2026-09-16
0111,0111.HK,CINDA INTL HLDG,信达国际控股,4.49,"2,000",Equity,Equity Securities (Main Board),0.7,0.685,0.7,0.685,42000,0.03,0.691,0.692,1.3,1.23,0.0,2.94,1.45,1.27,1.27,1.27,1.27,1.27,-44.88,-44.88,-44.88,44.88,44.88,False,False,True,True,False,False,False,False,False,2026-09-16
0113,0113.HK,DICKSON CONCEPT,迪生创建,22.89,500,Equity,Equity Securities (Main Board),5.93,5.915,5.985,5.905,98000,0.58,5.921,5.976,0.15,-0.77,0.85,-0.34,-0.5,6.7,7.07,7.07,6.7,7.07,-10.67,-15.35,-15.35,11.49,16.12,False,False,False,False,False,False,False,False,False,2026-09-16
0114,0114.HK,HERALD HOLD,HERALD HOLD,4.02,"5,000",Equity,Equity Securities (Main Board),0.665,0.675,0.68,0.665,80000,0.05,0.664,0.664,0.15,0.23,1.53,1.53,0.76,0.9,0.9,1.22,0.9,0.9,-24.44,-24.44,-44.26,26.11,26.11,False,False,False,False,False,False,False,False,False,2026-09-16
0115,0115.HK,GRAND FIELD GP,钧濠集团,0.96,"2,000",Equity,Equity Securities (Main Board),4.65,4.0,4.65,4.0,12157,0.06,3.93,4.181,18.32,11.22,25.68,25.68,12.05,9.0,9.0,90.31,9.0,9.0,-48.33,-48.33,-94.85,48.33,48.33,False,False,False,True,False,False,False,False,False,2026-09-16
0116,0116.HK,CHOW SANG SANG,周生生,87.39,"1,000",Equity,Equity Securities (Main Board),13.01,12.73,13.06,12.6,785570,10.22,12.958,13.559,0.4,-4.05,1.96,0.54,-5.38,16.69,16.69,20.85,16.69,16.69,-21.75,-21.75,-37.36,22.05,22.05,False,False,False,False,False,False,False,False,False,2026-09-16
0117,0117.HK,TIANLI HOLDINGS,天利控股集团,29.05,"2,000",Equity,Equity Securities (Main Board),3.9,3.6,3.945,3.48,7094200,27.67,3.517,3.025,10.89,28.93,10.48,10.8,44.44,8.39,8.39,8.39,8.39,8.39,-52.98,-52.98,-52.98,53.52,53.52,False,False,False,False,False,False,False,False,False,2026-09-16
0118,0118.HK,COSMOS MACH,大同机械,1.89,"2,000",Equity,Equity Securities (Main Board),0.219,0.212,0.225,0.203,2750000,0.6,0.206,0.202,6.21,8.31,6.83,10.61,9.5,0.52,0.52,0.86,0.52,0.52,-56.73,-56.73,-73.84,57.88,57.88,False,False,False,False,False,False,False,False,False,2026-09-16
0119,0119.HK,POLY PROPERTY,保利置业集团,46.24,"1,000",Equity,Equity Securities (Main Board),1.21,1.2,1.22,1.18,9805000,11.86,1.217,1.26,-0.58,-3.93,0.83,-0.41,-3.97,2.55,2.55,4.7,2.55,2.55,-52.16,-52.16,-74.04,52.55,52.55,False,False,False,False,False,False,False,False,False,2026-09-16
0120,0120.HK,COSMOPOL INT'L,COSMOPOL INT'L,0.89,600,Equity,Equity Securities (Main Board),0.054,0.05,0.054,0.05,12600,0.0,0.053,0.053,1.12,2.27,8.0,0.0,0.0,0.11,7.7,10.0,0.11,7.7,-50.0,-99.3,-99.46,50.0,99.3,False,False,False,True,False,False,False,False,False,2026-09-16
0123,0123.HK,YUEXIU PROPERTY,越秀地产,125.99,"1,000",Equity,Equity Securities (Main Board),3.13,3.05,3.13,3.035,5352427,16.75,3.104,3.18,0.84,-1.56,2.12,0.16,-3.25,4.98,9.65,12.63,4.98,9.65,-37.15,-67.56,-75.22,37.15,67.56,False,False,False,False,False,False,False,False,False,2026-09-16
0124,0124.HK,GD LAND,粤海置地,3.29,"2,000",Equity,Equity Securities (Main Board),0.192,0.192,0.192,0.192,23264,0.0,0.194,0.196,-1.13,-1.99,-1.54,-2.04,0.0,0.25,0.68,2.21,0.25,0.68,-24.71,-71.76,-91.31,24.71,71.76,False,False,False,False,False,False,False,False,False,2026-09-16
0126,0126.HK,CARRIANNA,佳宁娜,1.38,"2,000",Equity,Equity Securities (Main Board),0.088,0.088,0.088,0.084,254000,0.02,0.088,0.089,0.0,-1.46,0.0,0.0,0.0,0.14,0.4,1.46,0.14,0.4,-39.31,-78.0,-93.97,39.31,78.0,False,False,False,False,False,False,False,False,False,2026-09-16
0127,0127.HK,CHINESE EST H,华人置业,19.55,500,Equity,Equity Securities (Main Board),1.025,1.025,1.03,1.025,204000,0.21,1.04,1.053,-1.44,-2.71,-0.49,-2.38,-2.84,1.34,1.85,15.58,1.34,1.85,-23.13,-44.32,-93.39,23.51,44.59,False,False,False,False,False,False,False,False,False,2026-09-16
0128,0128.HK,ENM HOLDINGS,安宁控股,8.17,"4,000",Equity,Equity Securities (Main Board),0.495,0.495,0.5,0.49,548000,0.27,0.339,0.32,46.02,54.93,65.0,65.0,65.0,0.3,0.55,1.44,0.5,0.55,66.67,-9.09,-65.28,1.0,10.0,False,False,False,False,True,False,False,True,False,2026-09-16
0129,0129.HK,ASIA STANDARD,泛海集团,2.42,"2,000",Equity,Equity Securities (Main Board),0.17,0.17,0.17,0.17,96000,0.02,0.172,0.175,-0.93,-2.58,0.0,-2.3,-4.49,0.25,0.55,2.74,0.25,0.55,-32.0,-69.09,-93.8,32.0,69.09,False,False,False,False,False,False,False,False,False,2026-09-16
0132,0132.HK,HING YIP HLDGS,兴业控股,2.57,"1,000",Equity,Equity Securities (Main Board),0.15,0.15,0.15,0.15,120000,0.02,0.153,0.155,-2.22,-2.98,-2.6,-2.6,-3.23,0.24,0.5,1.2,0.24,0.5,-37.24,-70.0,-87.5,37.24,70.0,False,False,False,False,False,False,False,False,False,2026-09-16
0133,0133.HK,CHINA MERCHANTS,招商局中国基金,38.84,"2,000",Equity,Investment Companies,25.5,24.94,25.6,24.74,675806,17.23,25.14,25.288,1.43,0.84,2.25,1.51,-1.01,28.78,28.78,28.78,28.78,28.78,-11.05,-11.05,-11.05,11.4,11.4,False,False,False,True,False,False,False,False,False,2026-09-16
0135,0135.HK,KUNLUN ENERGY,昆仑能源,664.24,"2,000",Equity,Equity Securities (Main Board),7.69,7.61,7.79,7.61,10084280,77.55,7.592,7.546,1.29,1.91,-0.06,3.5,0.59,8.83,9.23,9.98,8.83,9.23,-11.78,-15.6,-21.94,12.91,16.68,False,False,False,False,False,False,False,False,False,2026-09-16
0136,0136.HK,CHINA RUYI,中国儒意,247.81,"4,000",Equity,Equity Securities (Main Board),1.475,1.445,1.475,1.435,90652000,133.71,1.481,1.442,-0.41,2.29,2.08,0.0,2.79,2.46,3.47,17.8,2.46,3.47,-40.04,-57.49,-91.71,40.04,57.49,False,False,False,False,False,False,False,False,False,2026-09-16
0139,0139.HK,SMART FISH,小鱼盈通,1.47,"10,000",Equity,Equity Securities (Main Board),0.1,0.1,0.103,0.1,864700,0.09,0.1,0.104,-0.4,-3.47,0.0,3.09,-4.76,0.23,1.22,7.4,0.23,1.22,-54.42,-91.56,-98.61,55.75,91.8,False,False,False,False,False,False,False,False,False,2026-09-16
0142,0142.HK,FIRST PACIFIC,第一太平,205.43,"2,000",Equity,Equity Securities (Main Board),4.82,4.78,4.845,4.745,2745644,13.23,4.89,4.974,-1.43,-3.1,1.69,-3.02,-3.79,6.59,6.99,6.99,6.59,6.99,-26.48,-30.69,-30.69,26.86,31.04,False,False,False,False,False,False,False,False,False,2026-09-16
0144,0144.HK,CHINA MER PORT,招商局港口,696.87,"2,000",Equity,Equity Securities (Main Board),16.6,15.96,16.6,15.96,3804345,63.15,16.48,16.444,0.73,0.95,2.09,0.06,0.42,17.85,17.85,27.4,17.85,17.85,-7.0,-7.0,-39.42,7.0,7.0,False,False,False,True,False,False,False,True,True,2026-09-16
0145,0145.HK,CCIAM FUTURE EN,信能低碳,0.88,"8,000",Equity,Equity Securities (Main Board),0.239,0.222,0.24,0.215,3200000,0.76,0.232,0.234,3.02,2.18,7.66,0.42,0.0,0.28,0.84,36.42,0.28,0.84,-14.29,-71.43,-99.34,14.64,71.55,False,False,False,True,False,False,False,False,False,2026-09-16
0146,0146.HK,TAI PING CARPET,TAI PING CARPET,3.35,"1,000",Equity,Equity Securities (Main Board),1.58,1.58,1.58,1.58,22000,0.03,1.596,1.561,-1.0,1.22,-1.25,-1.25,0.0,1.99,2.0,3.96,1.99,2.0,-20.6,-21.0,-60.1,20.6,21.0,False,False,False,False,False,False,False,False,False,2026-09-16
0147,0147.HK,IB SETTLEMENT,国际商业结算,50.59,"5,000",Equity,Equity Securities (Main Board),0.219,0.202,0.22,0.193,25880000,5.67,0.193,0.204,13.71,7.56,8.42,18.38,13.47,0.29,0.67,1.79,0.29,0.67,-24.14,-67.16,-87.71,24.48,67.31,False,False,False,True,False,False,False,False,False,2026-09-16
0148,0148.HK,KINGBOARD HLDG,建滔集团,633.81,500,Equity,Equity Securities (Main Board),56.5,55.55,56.8,53.65,21545788,1217.34,54.37,53.095,3.92,6.41,2.26,7.11,6.5,151.8,151.8,151.8,151.8,151.8,-62.58,-62.58,-62.58,62.78,62.78,True,False,False,False,False,False,False,False,False,2026-09-16
0149,0149.HK,CH AGRI-PROD EX,中国农产品交易,6.87,"5,000",Equity,Equity Securities (Main Board),0.069,0.063,0.069,0.062,353867,0.02,0.064,0.065,7.48,5.5,11.29,7.81,1.47,0.08,0.11,1.1,0.08,0.11,-11.54,-37.27,-93.72,11.54,37.27,False,False,False,True,False,False,False,False,False,2026-09-16
0150,0150.HK,HYPEBEAST,HYPEBEAST,3.12,"2,800",Equity,Equity Securities (Main Board),0.155,0.15,0.157,0.15,263200,0.04,0.152,0.156,2.11,-0.77,2.65,1.97,-2.52,0.19,0.44,1.94,0.19,0.44,-17.37,-63.91,-91.91,18.42,64.37,False,False,False,False,False,False,False,False,False,2026-09-16
0151,0151.HK,WANT WANT CHINA,中国旺旺,333.24,"1,000",Equity,Equity Securities (Main Board),2.84,2.81,2.85,2.795,9721000,27.61,2.836,2.92,0.14,-2.76,0.89,0.18,-1.9,5.1,5.97,8.44,5.1,5.97,-44.12,-52.26,-66.23,44.31,52.43,False,False,False,False,False,False,False,False,False,2026-09-16
0152,0152.HK,SHENZHEN INT'L,深圳国际,132.24,500,Equity,Equity Securities (Main Board),5.395,5.295,5.43,5.235,8398731,45.31,5.257,5.296,2.63,1.87,1.89,6.94,-1.19,9.3,9.3,18.6,9.3,9.3,-41.61,-41.61,-70.81,41.99,41.99,True,False,True,True,False,False,False,False,False,2026-09-16
0154,0154.HK,BE ENVIRONMENT,北京控股环境集团,6.75,"1,000",Equity,Equity Securities (Main Board),0.45,0.44,0.45,0.435,32000,0.01,0.45,0.449,0.0,0.11,0.0,0.0,0.0,0.69,0.71,1.63,0.69,0.71,-34.78,-36.62,-72.39,34.78,36.62,False,False,False,False,False,False,False,False,False,2026-09-16
0156,0156.HK,LIPPO CHINA RES,力宝华润,9.65,"2,000",Equity,Equity Securities (Main Board),1.05,1.05,1.08,1.02,59000,0.06,1.024,1.016,2.54,3.35,0.0,6.06,6.06,1.13,1.23,2.9,1.13,1.23,-4.42,-12.2,-62.76,7.08,14.63,False,False,False,False,False,False,False,True,False,2026-09-16
0158,0158.HK,MELBOURNE ENT,万邦投资,14.75,500,Equity,Equity Securities (Main Board),59.0,59.0,59.0,59.0,500,0.03,58.8,58.9,0.34,0.17,0.85,0.0,0.0,64.2,118.0,246.0,64.2,118.0,-8.1,-50.0,-76.02,8.1,50.0,False,False,False,False,False,False,False,True,False,2026-09-16
0159,0159.HK,BROCKMAN MINING,布莱克万矿业,4.27,"4,000",Equity,Equity Securities (Main Board),0.046,0.048,0.048,0.046,484000,0.02,0.048,0.049,-3.77,-5.35,-4.17,-4.17,-6.12,0.1,0.29,0.44,0.1,0.29,-52.0,-83.45,-88.97,54.0,84.14,False,False,False,False,False,False,False,False,False,2026-09-16
0162,0162.HK,CENTURY GINWA,世纪金花,0.41,"2,000",Equity,Equity Securities (Main Board),0.036,0.036,0.036,0.036,156000,0.01,0.037,0.039,-3.23,-6.98,-2.7,-5.26,-5.26,0.1,0.31,0.6,0.1,0.31,-64.0,-88.39,-94.01,64.0,88.39,False,False,False,False,False,False,False,False,False,2026-09-16
0164,0164.HK,CHINA BAOLI TEC,中国宝力科技,1.52,"5,000",Equity,Equity Securities (Main Board),0.435,0.435,0.435,0.435,20000,0.01,0.45,0.458,-3.33,-5.02,0.0,-6.45,-6.45,0.69,1.7,295.0,0.69,1.7,-36.96,-74.41,-99.85,36.96,74.41,False,False,False,False,False,False,False,False,False,2026-09-16
0165,0165.HK,CHINA EB LTD,中国光大控股,105.67,"2,000",Equity,Equity Securities (Main Board),6.27,6.195,6.325,6.125,3526000,22.11,6.299,6.35,-0.46,-1.27,0.56,-0.32,-0.87,11.26,13.24,20.85,11.26,13.24,-43.83,-52.23,-69.66,44.32,52.64,False,False,False,False,False,False,False,False,False,2026-09-16
0166,0166.HK,NEW TIMES CORP,新时代集团控股,3.23,"2,000",Equity,Equity Securities (Main Board),0.037,0.042,0.042,0.034,767500,0.03,0.035,0.034,4.52,8.5,-2.63,5.71,12.12,0.05,0.14,0.34,0.05,0.14,-23.64,-70.0,-87.83,32.73,73.57,False,False,False,True,False,False,False,False,False,2026-09-16
0167,0167.HK,IDT INT'L,IDT INT'L,32.76,"18,000",Equity,Equity Securities (Main Board),6.3,6.38,6.405,6.3,267498,1.69,5.996,5.541,5.07,13.71,1.69,5.26,18.53,10.2,10.2,18.9,10.2,10.2,-37.21,-37.21,-66.11,38.24,38.24,True,False,False,False,False,False,False,False,False,2026-09-16
0168,0168.HK,TSINGTAO BR-500,青岛啤酒（五百）,260.98,500,Equity,Equity Securities (Main Board),39.84,39.88,40.0,39.5,1065500,42.45,39.864,40.224,-0.06,-0.95,0.1,0.5,-1.48,54.25,67.0,93.55,54.25,67.0,-26.27,-40.3,-57.24,26.56,40.54,False,False,False,False,False,False,False,False,False,2026-09-16
0169,0169.HK,WANDA HOTEL DEV,万达酒店发展,4.18,"1,000",Equity,Equity Securities (Main Board),0.089,0.089,0.089,0.089,262000,0.02,0.088,0.089,1.14,0.23,0.0,3.49,0.0,0.21,0.8,2.39,0.21,0.8,-57.21,-88.87,-96.28,57.21,88.87,False,False,False,False,False,False,False,False,False,2026-09-16
0171,0171.HK,SILVER GRANT,银建国际,0.99,"2,000",Equity,Equity Securities (Main Board),0.043,0.05,0.05,0.039,4680000,0.2,0.048,0.051,-10.42,-15.52,-14.0,-12.24,-25.86,0.09,0.36,2.36,0.09,0.36,-46.24,-86.11,-97.88,53.76,88.06,False,False,False,False,False,False,False,False,False,2026-09-16
0173,0173.HK,K. WAH INT'L,嘉华国际,62.74,"1,000",Equity,Equity Securities (Main Board),1.99,2.015,2.025,1.975,1384000,2.75,2.025,2.041,-1.73,-2.5,-1.73,-2.45,-2.93,2.87,2.92,5.82,2.87,2.92,-29.44,-30.65,-65.21,30.66,31.85,False,False,False,False,False,False,False,False,False,2026-09-16
0175,0175.HK,GEELY AUTO,吉利汽车,1737.56,"1,000",Equity,Equity Securities (Main Board),16.11,16.25,16.27,15.91,31029340,499.88,16.218,16.59,-0.67,-2.89,-0.19,-0.06,-2.95,25.62,25.62,36.45,25.62,25.62,-36.49,-36.49,-55.36,37.12,37.12,False,False,False,False,False,False,False,False,False,2026-09-16
0177,0177.HK,JIANGSU EXPRESS,江苏宁沪高速公路,127.94,"2,000",Equity,Equity Securities (Main Board),10.47,10.27,10.5,10.27,4615067,48.32,10.236,10.087,2.29,3.8,1.55,4.28,3.66,11.25,11.66,12.9,11.25,11.66,-6.67,-9.95,-18.6,6.93,10.21,True,False,False,False,False,False,False,True,False,2026-09-16
0178,0178.HK,SA SA INT'L,莎莎国际,34.76,"2,000",Equity,Equity Securities (Main Board),1.12,1.09,1.13,1.08,8662685,9.7,1.064,1.039,5.26,7.74,2.28,8.74,10.89,1.1,1.2,5.92,1.13,1.2,2.73,-5.83,-80.91,0.88,6.67,True,False,False,False,True,False,False,True,True,2026-09-16
0179,0179.HK,JOHNSON ELEC H,德昌电机控股,167.45,500,Equity,Equity Securities (Main Board),17.92,18.2,18.2,17.84,1265445,22.68,18.268,18.675,-1.9,-4.04,-1.65,-0.72,-8.38,32.24,45.78,45.78,32.24,45.78,-43.55,-60.24,-60.24,44.42,60.86,False,False,False,False,False,False,False,False,False,2026-09-16
0182,0182.HK,CONCORD NE,协合新能源,27.52,"10,000",Equity,Equity Securities (Main Board),0.35,0.335,0.35,0.335,5700000,1.99,0.343,0.344,2.04,1.89,1.45,6.06,-1.41,0.49,0.73,1.01,0.49,0.73,-28.57,-52.05,-65.35,28.57,52.05,True,False,True,True,False,False,False,False,False,2026-09-16
0183,0183.HK,WINFULL GP,宏辉集团,0.82,"8,000",Equity,Equity Securities (Main Board),0.145,0.139,0.145,0.139,20000,0.0,0.147,0.146,-1.23,-0.55,-2.68,0.0,0.0,0.23,0.37,2.32,0.23,0.37,-36.68,-60.81,-93.75,36.68,60.81,False,False,False,False,False,False,False,False,False,2026-09-16
0184,0184.HK,KECK SENG INV,激成投资,8.05,"2,000",Equity,Equity Securities (Main Board),2.365,2.4,2.4,2.365,4000,0.01,2.369,2.394,-0.17,-1.19,0.21,-0.63,-1.46,2.49,2.94,7.6,2.49,2.94,-3.61,-18.37,-68.42,5.02,19.56,False,False,False,False,False,False,False,True,False,2026-09-16
0187,0187.HK,JINGCHENG MAC,京城机电股份,2.65,"2,000",Equity,Equity Securities (Main Board),2.655,2.66,2.69,2.635,762000,2.02,2.716,2.773,-2.25,-4.27,-0.19,-3.1,-6.18,7.5,7.5,7.5,7.5,7.5,-64.13,-64.13,-64.13,64.6,64.6,False,False,False,False,False,False,False,False,False,2026-09-16
0189,0189.HK,DONGYUE GROUP,东岳集团,211.74,"1,000",Equity,Equity Securities (Main Board),12.22,12.1,12.25,12.0,9838000,120.22,12.38,12.752,-1.29,-4.17,0.99,-2.32,-6.79,23.74,23.74,28.5,23.74,23.74,-48.4,-48.4,-57.02,48.53,48.53,False,False,False,False,False,False,False,False,False,2026-09-16
0191,0191.HK,LAI SUN INT'L,丽新国际,3.98,"1,000",Equity,Equity Securities (Main Board),0.45,0.46,0.46,0.45,332000,0.15,0.478,0.487,-5.86,-7.69,-4.26,-9.09,-7.22,1.0,1.42,14.73,1.0,1.42,-54.0,-67.61,-96.88,55.0,68.31,False,False,False,False,False,False,False,False,False,2026-09-16
0193,0193.HK,CAPITAL ESTATE,冠中地产,0.45,"3,000",Equity,Equity Securities (Main Board),0.191,0.193,0.193,0.189,34500,0.01,0.194,0.195,-1.65,-2.15,-2.05,-2.05,-2.05,0.28,0.57,2.74,0.28,0.57,-29.82,-66.14,-92.96,30.55,66.49,False,False,False,False,False,False,False,False,False,2026-09-16
0194,0194.HK,LIU CHONG HING,廖创兴企业,15.81,"2,000",Equity,Equity Securities (Main Board),4.175,4.175,4.19,4.175,16000,0.07,4.216,4.223,-0.97,-1.14,-0.83,-1.53,-1.65,5.28,5.75,14.24,5.28,5.75,-20.64,-27.13,-70.58,20.93,27.39,False,False,False,False,False,False,False,False,False,2026-09-16
0196,0196.HK,HONGHUA GROUP,宏华集团,9.31,"1,000",Equity,Equity Securities (Main Board),0.103,0.104,0.104,0.103,7000,0.0,0.106,0.106,-2.83,-2.46,-0.96,-5.5,0.98,0.25,0.26,1.19,0.25,0.26,-59.22,-60.0,-91.26,59.61,60.38,False,False,False,False,False,False,False,False,False,2026-09-16
0197,0197.HK,HENG TAI,亨泰,0.97,"5,000",Equity,Equity Securities (Main Board),0.465,0.47,0.47,0.465,50000,0.02,0.476,0.478,-2.31,-2.72,-2.11,-5.1,-5.1,0.55,1.5,17.0,0.55,1.5,-14.55,-68.67,-97.24,15.45,69.0,False,False,False,False,False,False,False,False,False,2026-09-16
0199,0199.HK,ITC PROPERTIES,德祥地产,24.98,"1,000",Equity,Equity Securities (Main Board),2.295,2.315,2.315,2.22,1467000,3.37,2.305,2.37,-0.43,-3.16,2.23,-2.34,-1.92,2.94,2.94,3.53,2.94,2.94,-21.26,-21.26,-34.42,21.94,21.94,False,False,False,False,False,False,False,False,False,2026-09-16
0200,0200.HK,MELCO INT'L DEV,新濠国际发展,65.63,"1,000",Equity,Equity Securities (Main Board),2.885,3.015,3.015,2.87,6032000,17.4,3.022,3.115,-4.53,-7.4,-3.03,-5.87,-10.26,4.9,6.95,30.5,4.9,6.95,-38.47,-56.62,-90.11,41.12,58.49,False,False,False,False,False,False,False,False,False,2026-09-16
0201,0201.HK,MAGNIFICENT,华大酒店,5.28,"2,000",Equity,Equity Securities (Main Board),0.059,0.056,0.06,0.055,612000,0.04,0.06,0.061,-1.34,-3.28,0.0,-1.67,-3.28,0.09,0.11,0.27,0.09,0.11,-36.84,-44.44,-77.78,37.89,45.37,False,False,False,False,False,False,False,False,False,2026-09-16
0202,0202.HK,EVERCHINA INT'L,润中国际控股,4.52,"5,000",Equity,Equity Securities (Main Board),0.062,0.056,0.062,0.055,155000,0.01,0.06,0.056,2.99,10.12,0.0,3.33,24.0,0.18,0.27,0.42,0.18,0.27,-65.56,-77.04,-85.24,65.56,77.04,False,False,False,True,False,False,False,False,False,2026-09-16
0205,0205.HK,BFB HEALTH,BFB HEALTH,6.82,"10,000",Equity,Equity Securities (Main Board),0.545,0.545,0.545,0.545,40000,0.02,0.58,0.567,-6.03,-3.96,-6.84,-6.03,0.0,1.01,1.01,3.12,1.01,1.01,-46.04,-46.04,-82.53,46.04,46.04,False,False,False,False,False,False,False,False,False,2026-09-16
0206,0206.HK,CM-ENERGY,华商能源,6.71,"1,000",Equity,Equity Securities (Main Board),0.207,0.2,0.208,0.2,663000,0.14,0.209,0.218,-1.15,-5.05,-0.48,3.5,-6.76,0.66,0.66,1.45,0.66,0.66,-68.48,-68.48,-85.69,68.64,68.64,False,False,False,False,False,False,False,False,False,2026-09-16
0209,0209.HK,POLY XVERSE IT,万维智能科技,0.6,"1,000",Equity,Equity Securities (Main Board),0.405,0.405,0.42,0.395,5271000,2.13,0.404,0.405,0.25,0.12,0.0,1.25,0.0,6.66,7.45,110.62,6.66,7.45,-93.7,-94.36,-99.62,93.92,94.56,False,False,True,True,False,False,False,False,False,2026-09-16
0210,0210.HK,DAPHNE INT'L,达芙妮国际,5.84,"2,000",Equity,Equity Securities (Main Board),0.295,0.295,0.295,0.285,6000,0.0,0.305,0.306,-3.28,-3.75,0.0,-6.35,-1.67,0.43,0.57,1.14,0.43,0.57,-31.4,-48.25,-74.12,31.4,48.25,False,False,False,False,False,False,False,False,False,2026-09-16
0211,0211.HK,STYLAND HOLD,STYLAND HOLD,1.91,"10,000",Equity,Equity Securities (Main Board),0.26,0.26,0.26,0.26,10000,0.0,0.26,0.258,0.0,0.66,0.0,1.96,0.0,0.3,0.3,2.55,0.3,0.3,-13.33,-13.33,-89.8,13.33,13.33,False,False,False,False,False,False,False,False,False,2026-09-16
0212,0212.HK,NANYANG HOLD,NANYANG HOLD,9.75,500,Equity,Equity Securities (Main Board),28.7,28.8,28.8,28.54,1500,0.04,28.62,28.61,0.28,0.31,0.35,0.35,0.35,31.6,31.6,62.45,31.6,31.6,-8.86,-8.86,-53.88,9.18,9.18,False,False,False,True,False,False,False,True,True,2026-09-16
0213,0213.HK,NATIONAL ELEC H,NATIONAL ELEC H,3.29,"2,000",Equity,Equity Securities (Main Board),0.36,0.36,0.36,0.36,88000,0.03,0.36,0.359,0.0,0.42,0.0,0.0,-1.37,0.47,0.8,1.26,0.47,0.8,-24.21,-55.0,-71.43,24.21,55.0,False,False,False,False,False,False,False,False,False,2026-09-16
0214,0214.HK,ASIA ORIENT,汇汉控股,1.83,"2,000",Equity,Equity Securities (Main Board),0.218,0.229,0.229,0.2,35547,0.01,0.225,0.222,-3.2,-1.8,-4.8,-5.22,-0.46,0.31,0.55,2.92,0.31,0.55,-27.3,-58.36,-92.16,30.79,60.36,False,False,False,False,False,False,False,False,False,2026-09-16
0215,0215.HK,HUTCHTEL HK,和记电讯香港,54.21,"2,000",Equity,Equity Securities (Main Board),1.125,1.125,1.135,1.125,2146000,2.41,1.132,1.138,-0.62,-1.19,0.0,-1.32,-1.32,1.22,1.23,3.5,1.22,1.23,-6.97,-7.72,-67.57,7.79,8.54,False,False,False,False,False,False,False,True,True,2026-09-16
0216,0216.HK,CHINNEY INV,建业实业,2.45,"4,000",Equity,Equity Securities (Main Board),0.445,0.445,0.445,0.44,56000,0.02,0.449,0.452,-0.89,-1.55,-1.11,-1.11,-2.2,0.67,1.1,4.29,0.67,1.1,-33.58,-59.55,-89.63,33.58,59.55,False,False,False,False,False,False,False,False,False,2026-09-16
0217,0217.HK,CHINA CHENGTONG,中国诚通发展集团,6.74,"2,000",Equity,Equity Securities (Main Board),0.113,0.113,0.113,0.109,256000,0.03,0.113,0.114,0.36,-0.79,3.67,0.0,-0.88,0.2,0.25,0.77,0.2,0.25,-42.64,-55.69,-85.32,42.64,55.69,False,False,False,False,False,False,False,False,False,2026-09-16
0218,0218.HK,SWHYHK,申万宏源香港,13.58,"5,000",Equity,Equity Securities (Main Board),0.87,0.86,0.87,0.86,290000,0.25,0.906,0.939,-3.97,-7.35,-1.69,-5.43,-8.42,1.55,4.25,4.48,1.55,4.25,-43.87,-79.53,-80.58,43.87,79.53,False,False,False,False,False,False,False,False,False,2026-09-16
0219,0219.HK,SHUNHO PROPERTY,顺豪物业,4.03,"2,000",Equity,Equity Securities (Main Board),0.695,0.69,0.695,0.69,28000,0.02,0.695,0.697,0.0,-0.36,0.0,0.0,0.0,0.76,1.0,3.28,0.76,1.0,-8.55,-30.5,-78.81,8.55,30.5,False,False,False,False,False,False,False,True,False,2026-09-16
0220,0220.HK,U-PRESID CHINA,统一企业中国,307.54,"1,000",Equity,Equity Securities (Main Board),7.12,7.11,7.165,7.05,9350127,66.57,7.19,7.305,-0.97,-2.54,0.28,-4.37,-2.33,8.74,10.82,10.82,8.74,10.82,-18.02,-33.78,-33.78,18.54,34.2,False,False,False,False,False,False,False,False,False,2026-09-16
0222,0222.HK,MIN XIN HOLD,闽信集团,16.19,"2,000",Equity,Equity Securities (Main Board),2.71,2.73,2.73,2.71,20000,0.05,2.714,2.745,-0.15,-1.28,-1.09,0.74,-0.73,3.63,3.75,8.38,3.63,3.75,-24.79,-27.2,-67.44,25.34,27.73,False,False,False,False,False,False,False,False,False,2026-09-16
0223,0223.HK,ELIFE HLDGS,易生活控股,1.53,"20,000",Equity,Equity Securities (Main Board),0.094,0.081,0.094,0.081,130000,0.01,0.091,0.082,3.75,14.91,4.44,3.3,28.77,0.19,0.5,3.4,0.19,0.5,-50.79,-81.2,-97.24,50.79,81.2,False,False,False,True,False,False,False,False,False,2026-09-16
0224,0224.HK,PIONEER GLOBAL,建生国际,6.64,"4,000",Equity,Equity Securities (Main Board),0.575,0.53,0.575,0.53,64000,0.04,0.587,0.581,-2.04,-1.03,0.0,-3.36,0.0,0.64,1.05,2.05,0.64,1.05,-10.85,-45.24,-71.95,10.85,45.24,False,False,False,False,False,False,False,False,False,2026-09-16
0227,0227.HK,FIRST SHANGHAI,第一上海,2.76,"8,000",Equity,Equity Securities (Main Board),0.126,0.129,0.129,0.12,2944000,0.37,0.138,0.146,-8.56,-13.52,0.8,-14.86,-16.56,0.28,0.87,1.46,0.28,0.87,-54.74,-85.17,-91.17,55.79,85.52,False,False,False,False,False,False,False,False,False,2026-09-16
0228,0228.HK,CHINA ENERGY,中能控股,3.65,"2,000",Equity,Equity Securities (Main Board),0.8,0.79,0.8,0.79,46000,0.04,0.787,0.798,1.65,0.31,1.27,5.96,3.9,2.1,5.44,10.2,2.1,5.44,-61.9,-85.29,-92.16,61.9,85.29,False,False,False,True,False,False,False,False,False,2026-09-16
0232,0232.HK,CON AERO TECH,大陆航空科技控股,44.19,"2,000",Equity,Equity Securities (Main Board),0.475,0.475,0.475,0.47,9792000,4.65,0.475,0.474,0.0,0.11,0.0,0.0,0.0,0.48,0.48,0.72,0.48,0.48,-1.04,-1.04,-33.97,1.04,1.04,False,False,False,False,False,False,False,True,True,2026-09-16
0234,0234.HK,NEW CENTURY GP,新世纪集团,1.85,"24,000",Equity,Equity Securities (Main Board),0.032,0.03,0.032,0.03,7111500,0.23,0.03,0.029,7.38,11.11,6.67,10.34,10.34,0.04,0.06,0.17,0.04,0.06,-23.81,-43.86,-81.18,23.81,43.86,False,False,False,False,False,False,False,False,False,2026-09-16
0235,0235.HK,CSC HOLDINGS,中策资本控股,3.87,"5,000",Equity,Equity Securities (Main Board),0.019,0.019,0.02,0.018,6295000,0.12,0.02,0.02,-3.06,-3.55,-5.0,0.0,-5.0,0.04,0.04,0.29,0.04,0.04,-42.86,-53.49,-93.22,45.71,55.81,False,False,False,False,False,False,False,False,False,2026-09-16
0237,0237.HK,SAFETY GODOWN,安全货仓,8.24,"2,000",Equity,Equity Securities (Main Board),2.035,2.035,2.035,2.035,10000,0.02,2.037,2.049,-0.1,-0.71,-0.25,-0.25,0.25,2.45,2.45,6.87,2.45,2.45,-16.94,-16.94,-70.36,16.94,16.94,False,False,False,False,False,False,False,False,False,2026-09-16
0239,0239.HK,PAK FAH YEOW,白花油,7.73,"2,500",Equity,Equity Securities (Main Board),2.48,2.48,2.48,2.465,42500,0.11,2.464,2.482,0.65,-0.08,1.02,1.22,0.0,2.73,2.73,3.8,2.73,2.73,-9.16,-9.16,-34.74,9.16,9.16,False,False,False,False,False,False,False,True,True,2026-09-16
0240,0240.HK,BUILD KING HOLD,利基控股,16.77,"10,000",Equity,Equity Securities (Main Board),1.35,1.35,1.355,1.35,210000,0.28,1.359,1.397,-0.66,-3.36,0.37,-0.37,-3.23,1.89,1.89,1.89,1.89,1.89,-28.31,-28.31,-28.31,28.57,28.57,False,False,False,False,False,False,False,False,False,2026-09-16
0241,0241.HK,ALI HEALTH,阿里健康,471.51,"2,000",Equity,Equity Securities (Main Board),2.915,2.91,2.935,2.885,53974487,157.34,2.973,3.04,-1.95,-4.11,-0.34,-3.48,-4.43,7.91,7.91,30.15,7.91,7.91,-62.9,-62.9,-90.27,63.15,63.15,False,False,False,False,False,False,False,False,False,2026-09-16
0242,0242.HK,SHUN TAK HOLD,信德集团,15.39,"2,000",Equity,Equity Securities (Main Board),0.51,0.49,0.515,0.49,1622000,0.83,0.501,0.502,1.8,1.59,3.03,3.03,2.0,0.69,1.19,4.3,0.69,1.19,-25.36,-56.72,-88.02,26.09,57.14,False,False,False,True,False,False,False,False,False,2026-09-16
0243,0243.HK,QPL INT'L,QPL INT'L,1.59,"9,000",Equity,Equity Securities (Main Board),0.46,0.46,0.46,0.46,18208,0.01,0.452,0.451,1.77,1.88,2.22,3.37,-3.16,0.95,0.95,11.64,0.95,0.95,-51.58,-51.58,-96.05,51.58,51.58,False,False,False,False,False,False,False,False,False,2026-09-16
0244,0244.HK,SINCERE,先施,3.94,"1,000",Equity,Equity Securities (Main Board),0.3,0.3,0.3,0.3,2000,0.0,0.313,0.313,-4.15,-4.15,-1.64,-6.25,-6.25,0.43,0.43,0.79,0.43,0.43,-30.23,-30.23,-62.03,30.23,30.23,False,False,False,False,False,False,False,False,False,2026-09-16
0245,0245.HK,CHINA VERED FIN,中薇金融,18.31,"5,000",Equity,Equity Securities (Main Board),0.985,0.97,0.985,0.97,25000,0.02,0.987,0.99,-0.2,-0.51,-0.51,0.0,0.51,1.2,1.58,19.0,1.2,1.58,-17.92,-37.66,-94.82,17.92,37.66,False,False,False,False,False,False,False,False,False,2026-09-16
0251,0251.HK,SEA HOLDINGS,爪哇控股,6.98,"2,000",Equity,Equity Securities (Main Board),1.16,1.17,1.17,1.16,34000,0.04,1.2,1.21,-3.33,-4.13,-1.69,-4.92,-4.92,1.6,2.0,21.0,1.6,2.0,-26.88,-41.5,-94.43,27.5,42.0,False,False,False,False,False,False,False,False,False,2026-09-16
0254,0254.HK,NUR HOLDINGS,国家联合资源,1.35,"20,000",Equity,Equity Securities (Main Board),0.2,0.201,0.208,0.2,1460000,0.29,0.211,0.213,-5.12,-6.19,-1.96,-8.68,-4.76,1.2,1.2,7.65,1.2,1.2,-82.67,-82.67,-97.28,83.33,83.33,False,False,False,False,False,False,False,False,False,2026-09-16
0256,0256.HK,CITYCHAMP,冠城钟表珠宝,5.76,"2,000",Equity,Equity Securities (Main Board),0.111,0.108,0.112,0.101,2472000,0.27,0.108,0.102,2.4,8.5,3.74,1.83,11.0,0.21,1.5,2.2,0.21,1.5,-45.63,-92.53,-94.91,46.12,92.6,False,False,False,True,False,False,False,False,False,2026-09-16
0257,0257.HK,EB ENVIRONMENT,光大环境,309.61,"1,000",Equity,Equity Securities (Main Board),5.04,4.98,5.075,4.98,11885000,59.9,5.018,5.014,0.44,0.53,1.1,-0.3,-0.59,5.9,5.9,12.49,5.9,5.9,-13.98,-13.98,-59.37,14.58,14.58,False,False,False,True,False,False,False,False,False,2026-09-16
0258,0258.HK,TOMSON GROUP,汤臣集团,50.04,"2,000",Equity,Equity Securities (Main Board),2.215,2.235,2.235,2.18,328000,0.73,2.19,2.18,1.14,1.63,1.61,0.68,1.84,2.82,3.63,4.26,2.82,3.63,-20.74,-38.43,-47.54,21.45,38.98,False,False,False,False,False,False,False,False,False,2026-09-16
0259,0259.HK,YEEBO (INT'L H),亿都（国际控股）,25.77,"2,000",Equity,Equity Securities (Main Board),2.76,2.8,2.84,2.74,94000,0.26,2.789,2.874,-1.04,-3.97,-2.82,-1.08,-2.65,5.72,5.89,5.89,5.72,5.89,-50.35,-51.78,-51.78,51.75,53.14,False,False,False,False,False,False,False,False,False,2026-09-16
0261,0261.HK,GBA HOLDINGS,ＧＢＡ集团,0.86,"16,000",Equity,Equity Securities (Main Board),0.26,0.243,0.26,0.243,257060,0.07,0.252,0.257,3.34,1.25,7.0,4.0,1.96,0.39,2.6,31.43,0.39,2.6,-33.33,-90.0,-99.17,33.33,90.0,False,False,False,True,False,False,False,False,False,2026-09-16
0264,0264.HK,CN INT DEV CORP,中联发展控股,8.45,"4,000",Equity,Equity Securities (Main Board),1.78,1.765,1.79,1.65,4432000,7.89,1.815,1.86,-1.93,-4.3,0.85,-5.57,-8.72,2.68,3.35,3.35,2.68,3.35,-33.21,-46.57,-46.57,33.58,46.87,False,False,False,False,False,False,False,False,False,2026-09-16
0266,0266.HK,TIAN TECK LAND,天德地产,8.74,"2,000",Equity,Equity Securities (Main Board),1.84,1.88,2.09,1.805,64000,0.12,1.888,1.904,-2.54,-3.36,0.0,-4.17,-4.17,2.15,2.85,9.6,2.15,2.85,-2.79,-26.67,-78.23,14.42,35.44,False,False,False,False,False,False,False,False,False,2026-09-16
0267,0267.HK,CITIC,中信股份,3761.37,"1,000",Equity,Equity Securities (Main Board),12.93,13.2,13.2,12.84,11331927,146.52,13.338,13.477,-3.06,-4.06,-0.39,-5.83,-6.17,13.95,13.95,13.95,13.95,13.95,-5.38,-5.38,-5.38,7.31,7.31,False,False,False,False,False,False,False,True,True,2026-09-16
0268,0268.HK,KINGDEE INT'L,金蝶国际,257.62,"1,000",Equity,Equity Securities (Main Board),7.33,7.35,7.485,7.26,32622458,239.12,7.492,7.9,-2.16,-7.21,-2.53,-3.17,-6.68,17.07,19.0,39.5,17.07,19.0,-56.15,-60.61,-81.05,57.06,61.42,False,False,False,False,False,False,False,False,False,2026-09-16
0270,0270.HK,GUANGDONG INV,粤海投资,578.6,"2,000",Equity,Equity Securities (Main Board),8.85,8.81,8.85,8.74,7373387,65.25,8.81,8.836,0.45,0.15,0.34,3.57,-1.23,9.03,9.03,17.34,9.03,9.03,-1.99,-1.99,-48.96,1.99,1.99,False,False,False,True,False,False,False,True,True,2026-09-16
0272,0272.HK,SHUI ON LAND,瑞安房地产,35.32,500,Equity,Equity Securities (Main Board),0.44,0.44,0.44,0.435,767000,0.34,0.451,0.471,-2.44,-6.58,0.0,-4.35,-5.38,0.74,0.95,2.8,0.74,0.95,-40.54,-53.68,-84.29,40.54,53.68,False,False,False,False,False,False,False,False,False,2026-09-16
0279,0279.HK,ARTA TECHFIN,裕承科金,5.37,"6,000",Equity,Equity Securities (Main Board),0.385,0.375,0.385,0.37,6732100,2.59,0.379,0.377,1.58,2.12,0.0,2.67,2.67,0.7,1.74,414.0,0.7,1.74,-45.0,-77.87,-99.91,45.0,77.87,False,False,True,True,False,False,False,False,False,2026-09-16
0280,0280.HK,KING FOOK HOLD,景福集团,5.87,"2,000",Equity,Equity Securities (Main Board),0.645,0.64,0.65,0.64,380000,0.25,0.635,0.626,1.57,3.04,0.0,4.03,3.2,0.66,0.66,0.7,0.66,0.66,-1.52,-1.52,-7.14,2.27,2.27,False,False,False,False,False,False,False,True,True,2026-09-16
0285,0285.HK,BYD ELECTRONIC,比亚迪电子,526.35,500,Equity,Equity Securities (Main Board),23.36,22.9,23.4,22.52,5762618,134.61,23.46,24.476,-0.43,-4.56,3.09,-2.1,-6.18,36.6,61.55,63.1,36.6,61.55,-36.07,-61.98,-62.92,36.17,62.05,False,False,False,False,False,False,False,False,False,2026-09-16
0287,0287.HK,WINFAIR INV,永发置业,1.74,"2,000",Equity,Equity Securities (Main Board),4.355,4.36,4.36,4.36,2000,0.01,4.331,4.343,0.55,0.28,2.83,0.0,0.0,4.36,6.7,16.5,4.36,6.7,0.0,-34.93,-73.58,0.11,35.0,False,False,False,False,False,False,False,True,False,2026-09-16
0288,0288.HK,WH GROUP,万洲国际,838.45,500,Equity,Equity Securities (Main Board),6.535,6.27,6.55,6.27,73136955,477.95,6.553,6.93,-0.27,-5.69,2.35,1.08,-7.96,10.84,10.84,10.84,10.84,10.84,-39.58,-39.58,-39.58,39.71,39.71,False,False,False,False,False,False,False,False,False,2026-09-16
0289,0289.HK,WING ON CO,WING ON CO,37.68,"1,000",Equity,Equity Securities (Main Board),13.07,13.14,13.14,13.05,3137,0.04,13.15,13.125,-0.61,-0.42,-2.32,-0.23,-0.68,15.6,15.6,30.8,15.6,15.6,-15.77,-15.77,-57.34,16.22,16.22,False,False,False,False,False,False,False,False,False,2026-09-16
0290,0290.HK,GOFINTECH QUANT,国富量子,168.98,500,Equity,Equity Securities (Main Board),1.64,1.64,1.65,1.6,24690500,40.49,1.661,1.683,-1.26,-2.58,0.31,-2.38,-2.38,10.14,10.14,10.14,10.14,10.14,-83.73,-83.73,-83.73,83.83,83.83,False,False,False,False,False,False,False,False,False,2026-09-16
0291,0291.HK,CHINA RES BEER,华润啤酒,589.47,500,Equity,Equity Securities (Main Board),18.17,18.5,18.5,17.99,9547669,173.48,18.344,18.651,-0.95,-2.58,-0.33,-0.93,-4.47,27.86,46.0,78.6,27.86,46.0,-33.6,-59.78,-76.46,34.78,60.5,False,False,False,False,False,False,False,False,False,2026-09-16
0293,0293.HK,CATHAY PAC AIR,国泰航空,848.32,"1,000",Equity,Equity Securities (Main Board),13.95,13.9,14.0,13.75,17233764,240.41,14.052,14.26,-0.73,-2.17,0.14,0.5,-4.26,15.22,15.22,15.22,15.22,15.22,-8.02,-8.02,-8.02,8.34,8.34,False,False,False,False,False,False,False,True,True,2026-09-16
0295,0295.HK,KONG SUN HOLD,江山控股,2.24,"25,000",Equity,Equity Securities (Main Board),0.015,0.015,0.016,0.014,23900000,0.36,0.017,0.017,-11.76,-11.76,-6.25,-21.05,-21.05,0.04,0.05,0.46,0.04,0.05,-57.89,-65.22,-96.52,60.53,67.39,False,False,False,False,False,False,False,False,False,2026-09-16
0297,0297.HK,SINOFERT,中化化肥,88.86,"2,000",Equity,Equity Securities (Main Board),1.265,1.26,1.275,1.245,12687912,16.05,1.29,1.326,-1.94,-4.64,1.2,-3.07,-8.99,2.07,2.07,2.07,2.07,2.07,-38.41,-38.41,-38.41,38.89,38.89,False,False,False,False,False,False,False,False,False,2026-09-16
0300,0300.HK,MIDEA GROUP,美的集团,641.96,100,Equity,Equity Securities (Main Board),98.65,100.0,100.2,97.95,5337418,526.54,99.37,99.48,-0.72,-0.83,-1.05,-0.55,0.0,101.7,101.7,101.7,101.7,101.7,-1.47,-1.47,-1.47,3.0,3.0,False,False,False,False,False,False,False,True,True,2026-09-16
0301,0301.HK,SANVO CHEMICALS,三和精化,33.47,"2,000",Equity,Equity Securities (Main Board),7.115,7.3,7.56,7.065,1530200,10.89,7.073,7.034,0.59,1.14,-3.13,1.64,1.86,7.57,7.57,7.57,7.57,7.57,-0.13,-0.13,-0.13,6.01,6.01,False,False,True,False,False,False,False,True,True,2026-09-16
0303,0303.HK,VTECH HOLDINGS,VTECH HOLDINGS,124.4,100,Equity,Equity Securities (Main Board),49.06,48.04,49.18,47.94,1217566,59.73,49.252,49.698,-0.39,-1.28,2.12,-3.04,-2.66,66.6,67.9,128.0,66.6,67.9,-26.16,-27.57,-61.58,26.34,27.75,False,False,False,False,False,False,False,False,False,2026-09-16
0305,0305.HK,WULING MOTORS,五菱汽车,10.88,"10,000",Equity,Equity Securities (Main Board),0.33,0.34,0.34,0.305,1640000,0.54,0.346,0.362,-4.62,-8.84,-2.94,-2.94,-10.81,0.57,0.86,4.43,0.57,0.86,-40.35,-60.47,-92.33,42.11,61.63,False,False,False,False,False,False,False,False,False,2026-09-16
0308,0308.HK,CHINA TRAVEL HK,香港中旅,63.95,"2,000",Equity,Equity Securities (Main Board),1.155,1.155,1.16,1.15,1903707,2.2,1.172,1.192,-1.45,-3.1,-0.43,-1.7,-3.75,1.65,2.99,3.61,1.65,2.99,-29.7,-61.2,-67.87,30.0,61.37,False,False,False,False,False,False,False,False,False,2026-09-16
0313,0313.HK,RICHLY FIELD,裕田中国,0.71,"25,000",Equity,Equity Securities (Main Board),0.061,0.061,0.061,0.061,25000,0.0,0.064,0.064,-5.28,-4.69,0.0,-6.15,-6.15,0.09,0.34,2.1,0.09,0.34,-35.11,-82.06,-97.1,35.11,82.06,False,False,False,False,False,False,False,False,False,2026-09-16
0314,0314.HK,SIPAI HEALTH,思派健康,12.0,200,Equity,Equity Securities (Main Board),1.655,1.6,1.66,1.6,757200,1.25,1.605,1.585,3.12,4.42,3.76,4.09,4.75,3.03,8.98,44.6,3.03,8.98,-45.21,-81.51,-96.28,45.38,81.57,False,False,False,False,False,False,False,False,False,2026-09-16
0315,0315.HK,SMARTONE TELE,数码通电讯,53.56,500,Equity,Equity Securities (Main Board),4.865,4.83,4.865,4.8,448500,2.18,4.836,4.84,0.6,0.52,1.14,0.83,-0.1,5.3,5.3,13.04,5.3,5.3,-8.21,-8.21,-62.69,8.21,8.21,False,False,False,True,False,False,False,True,True,2026-09-16
0316,0316.HK,OOIL,东方海外国际,965.47,500,Equity,Equity Securities (Main Board),146.2,145.2,147.9,145.2,555473,81.21,146.56,149.18,-0.25,-2.0,0.62,-1.81,-4.38,178.9,178.9,284.8,178.9,178.9,-17.33,-17.33,-48.07,18.28,18.28,False,False,False,False,False,False,False,False,False,2026-09-16
0317,0317.HK,COMEC,中船防务,84.78,"2,000",Equity,Equity Securities (Main Board),14.32,14.9,14.9,14.2,2269009,32.49,14.706,14.174,-2.62,1.03,-2.05,-4.66,-3.24,18.0,18.68,18.68,18.0,18.68,-17.22,-20.24,-20.24,20.44,23.34,False,False,False,False,False,False,False,False,False,2026-09-16
0320,0320.HK,CTGL,金宝通,3.79,"2,000",Equity,Equity Securities (Main Board),0.45,0.45,0.45,0.45,324000,0.15,0.45,0.451,0.0,-0.22,0.0,0.0,0.0,0.53,0.69,1.72,0.53,0.69,-15.09,-34.78,-73.84,15.09,34.78,False,False,False,False,False,False,False,False,False,2026-09-16
0321,0321.HK,TEXWINCA HOLD,德永佳集团,12.44,"2,000",Equity,Equity Securities (Main Board),0.9,0.9,0.9,0.895,307042,0.28,0.912,0.939,-1.32,-4.2,0.0,-3.23,-4.26,1.37,1.37,5.75,1.37,1.37,-34.31,-34.31,-84.35,34.31,34.31,False,False,False,False,False,False,False,False,False,2026-09-16
0322,0322.HK,TINGYI,康师傅控股,661.27,"2,000",Equity,Equity Securities (Main Board),11.73,11.8,12.02,11.63,10394126,121.92,11.936,12.197,-1.73,-3.83,-0.59,-2.82,-2.74,14.14,14.24,19.5,14.14,14.24,-14.99,-15.59,-38.36,17.04,17.63,False,False,False,False,False,False,False,False,False,2026-09-16
0323,0323.HK,MAANSHAN IRON,马鞍山钢铁股份,30.41,"2,000",Equity,Equity Securities (Main Board),1.755,1.73,1.765,1.715,5198000,9.12,1.754,1.754,0.06,0.03,1.15,-0.28,-2.23,3.07,3.07,4.8,3.07,3.07,-42.51,-42.51,-63.23,42.83,42.83,False,False,False,True,False,False,False,False,False,2026-09-16
0325,0325.HK,BLOKS,布鲁可,166.04,300,Equity,Equity Securities (Main Board),67.4,66.7,68.7,65.4,425797,28.7,67.87,70.62,-0.69,-4.56,0.37,-1.03,-4.73,80.6,198.0,198.0,80.6,198.0,-14.76,-65.3,-65.3,16.38,65.96,False,False,False,False,False,False,False,False,False,2026-09-16
0326,0326.HK,CHINA STAR ENT,中国星集团,153.02,"2,000",Equity,Equity Securities (Main Board),6.3,6.28,6.49,6.08,1316000,8.29,6.015,6.054,4.74,4.06,3.96,8.62,6.78,9.98,9.98,9.98,9.98,9.98,-34.97,-34.97,-34.97,36.87,36.87,False,False,False,False,False,False,False,False,False,2026-09-16
0327,0327.HK,PAX GLOBAL,百富环球,40.51,"1,000",Equity,Equity Securities (Main Board),3.815,3.91,3.92,3.805,827528,3.16,3.887,3.954,-1.85,-3.52,-1.55,-2.8,-4.51,5.15,7.12,11.0,5.15,7.12,-23.88,-44.94,-64.36,25.92,46.42,False,False,False,False,False,False,False,False,False,2026-09-16
0328,0328.HK,ALCO HOLDINGS,ALCO HOLDINGS,1.6,"2,000",Equity,Equity Securities (Main Board),0.56,0.52,0.57,0.52,2484000,1.39,0.537,0.573,4.28,-2.27,7.69,3.7,-5.08,5.22,62.42,732.77,5.22,62.42,-89.08,-99.09,-99.92,89.27,99.1,False,False,False,False,False,False,False,False,False,2026-09-16
0329,0329.HK,OCI INTL,东建国际,1.84,"4,000",Equity,Equity Securities (Main Board),0.123,0.123,0.123,0.122,28000,0.0,0.129,0.139,-4.65,-11.76,-1.6,-6.11,-12.14,0.41,1.02,4.74,0.41,1.02,-69.63,-87.94,-97.41,69.63,87.94,False,False,False,False,False,False,False,False,False,2026-09-16
0330,0330.HK,ESPRIT HOLDINGS,思捷环球,1.39,"10,000",Equity,Equity Securities (Main Board),0.49,0.495,0.495,0.49,86363,0.04,0.497,0.507,-1.41,-3.45,1.03,-2.97,-3.92,1.2,4.25,72.45,1.2,4.25,-58.75,-88.35,-99.32,59.17,88.47,False,False,False,False,False,False,False,False,False,2026-09-16
0331,0331.HK,FSE LIFESTYLE,丰盛生活服务,22.93,"1,000",Equity,Equity Securities (Main Board),5.095,5.1,5.11,5.09,10000,0.05,5.113,5.101,-0.35,-0.12,-0.39,-0.1,0.2,5.85,6.07,8.85,5.85,6.07,-12.65,-15.82,-42.26,12.91,16.06,False,False,False,False,False,False,False,False,False,2026-09-16
0334,0334.HK,CH DISPLAY OPT,华显光电,6.34,"8,000",Equity,Equity Securities (Main Board),0.3,0.295,0.3,0.295,104000,0.03,0.3,0.299,0.0,0.33,0.0,0.0,-3.23,0.52,0.55,1.4,0.52,0.55,-42.31,-45.45,-78.57,42.31,45.45,False,False,False,False,False,False,False,False,False,2026-09-16
0336,0336.HK,HUABAO INTL,华宝国际,109.37,"1,000",Equity,Equity Securities (Main Board),3.395,3.26,3.485,3.22,7098000,24.1,3.284,3.213,3.38,5.66,4.14,10.05,4.95,5.2,5.2,26.15,5.2,5.2,-32.98,-32.98,-86.67,34.71,34.71,False,False,False,False,False,False,False,False,False,2026-09-16
0337,0337.HK,GREENLAND HK,绿地香港,2.76,"1,000",Equity,Equity Securities (Main Board),0.099,0.103,0.104,0.099,2429000,0.24,0.107,0.117,-7.82,-15.67,-2.94,-10.81,-20.8,0.28,0.99,4.8,0.28,0.99,-63.51,-89.49,-97.83,65.26,90.0,False,False,False,False,False,False,False,False,False,2026-09-16
0338,0338.HK,SHANGHAI PECHEM,上海石油化工股份,36.32,"2,000",Equity,Equity Securities (Main Board),1.13,1.125,1.145,1.11,8831000,9.98,1.144,1.164,-1.22,-2.92,0.89,-2.59,-5.83,1.82,1.82,5.8,1.82,1.82,-37.09,-37.09,-80.26,37.91,37.91,False,False,False,False,False,False,False,False,False,2026-09-16
0339,0339.HK,WEBX HOLDING,全球数字控股,3.0,"10,000",Equity,Investment Companies,0.695,0.695,0.7,0.695,40000,0.03,0.685,0.689,1.46,0.8,0.0,1.46,2.96,0.99,0.99,1.05,0.99,0.99,-29.29,-29.29,-33.33,29.8,29.8,False,False,False,False,False,False,False,False,False,2026-09-16
0340,0340.HK,TONGGUAN GOLD,潼关黄金,149.8,"2,000",Equity,Equity Securities (Main Board),2.825,2.75,2.845,2.61,27421000,77.46,2.842,3.077,-0.6,-8.2,6.81,-4.4,-8.58,4.14,4.14,4.14,4.14,4.14,-31.28,-31.28,-31.28,31.76,31.76,False,False,False,False,False,False,False,False,False,2026-09-16
0341,0341.HK,CAFE DE CORAL H,大家乐集团,31.73,"2,000",Equity,Equity Securities (Main Board),5.53,5.57,5.57,5.5,492200,2.72,5.417,5.383,2.09,2.74,-0.36,3.75,2.6,5.91,10.6,28.0,5.91,10.6,-5.75,-47.45,-80.11,6.43,47.83,False,False,False,False,False,False,False,True,False,2026-09-16
0343,0343.HK,CULTURECOM HOLD,文化传信,1.87,"5,000",Equity,Equity Securities (Main Board),0.108,0.108,0.108,0.105,1046600,0.11,0.109,0.108,-0.74,0.19,-6.09,5.88,3.85,0.21,0.35,1.5,0.21,0.35,-47.57,-69.58,-92.8,47.57,69.58,False,False,False,False,False,False,False,False,False,2026-09-16
0345,0345.HK,VITASOY INT'L,VITASOY INT'L,66.35,"2,000",Equity,Equity Securities (Main Board),6.52,6.495,6.55,6.485,1297160,8.46,6.458,6.462,0.96,0.91,-1.06,1.87,1.72,7.36,12.88,47.25,7.36,12.88,-11.01,-49.15,-86.14,11.41,49.38,False,False,False,False,False,False,False,False,False,2026-09-16
0346,0346.HK,YANCHANG PETRO,延长石油国际,2.68,"5,000",Equity,Equity Securities (Main Board),0.244,0.244,0.244,0.244,10000,0.0,0.245,0.243,-0.41,0.37,-0.81,-0.41,-6.15,0.78,0.78,4.96,0.78,0.78,-68.72,-68.72,-95.08,68.72,68.72,False,False,False,False,False,False,False,False,False,2026-09-16
0347,0347.HK,ANGANG STEEL,鞍钢股份,16.23,"2,000",Equity,Equity Securities (Main Board),1.15,1.145,1.155,1.125,2428000,2.79,1.151,1.156,-0.09,-0.52,0.88,0.0,-1.71,2.19,2.62,7.27,2.19,2.62,-47.26,-55.92,-84.11,47.49,56.11,False,False,False,False,False,False,False,False,False,2026-09-16
0348,0348.HK,CHINAHEALTHWISE,中国智能健康,0.68,"10,000",Equity,Equity Securities (Main Board),0.074,0.069,0.076,0.069,428600,0.03,0.071,0.07,4.82,5.71,5.71,5.71,10.45,0.19,0.22,2.85,0.19,0.22,-60.21,-65.45,-97.33,61.26,66.36,False,False,False,True,False,False,False,False,False,2026-09-16
0351,0351.HK,ASIA ENERGY LOG,亚洲能源物流,6.38,"10,000",Equity,Equity Securities (Main Board),0.32,0.32,0.32,0.32,150000,0.05,0.326,0.333,-1.84,-3.9,0.0,-8.57,-5.88,0.41,0.48,3.0,0.41,0.48,-21.95,-33.33,-89.33,21.95,33.33,False,False,False,False,False,False,False,False,False,2026-09-16
0353,0353.HK,ENERGY INTINV,能源国际投资,8.57,"4,000",Equity,Equity Securities (Main Board),0.405,0.38,0.41,0.38,1444000,0.58,0.383,0.383,5.74,5.61,8.0,8.0,5.19,0.44,1.5,3.0,0.44,1.5,-7.87,-72.67,-86.33,8.99,73.0,False,False,False,True,False,False,False,True,False,2026-09-16
0354,0354.HK,CHINASOFT INT'L,中国软件国际,101.22,"2,000",Equity,Equity Securities (Main Board),3.705,3.63,3.705,3.585,10947254,40.56,3.689,3.803,0.43,-2.56,2.07,0.27,-3.39,5.71,9.32,16.28,5.71,9.32,-35.11,-60.25,-77.24,35.11,60.25,False,False,False,False,False,False,False,False,False,2026-09-16
0355,0355.HK,CENTURY C INT'L,世纪城市国际,2.29,"4,000",Equity,Equity Securities (Main Board),0.074,0.074,0.075,0.074,26000,0.0,0.074,0.075,-0.27,-1.07,0.0,1.37,0.0,0.11,0.28,0.84,0.11,0.28,-31.19,-73.21,-91.07,32.11,73.57,False,False,False,False,False,False,False,False,False,2026-09-16
0357,0357.HK,MEILAN AIRPORT,美兰空港,11.8,"1,000",Equity,Equity Securities (Main Board),5.2,5.35,5.35,5.09,39000,0.2,5.181,5.198,0.37,0.05,2.77,-0.86,0.1,10.75,12.18,60.0,10.75,12.18,-50.23,-56.08,-91.08,51.63,57.31,False,False,False,True,False,False,False,False,False,2026-09-16
0358,0358.HK,JIANGXI COPPER,江西铜业股份,466.47,"1,000",Equity,Equity Securities (Main Board),33.62,33.02,33.82,32.62,10404686,349.81,34.708,36.156,-3.13,-7.01,3.0,-3.83,-14.41,53.75,53.75,53.75,53.75,53.75,-37.08,-37.08,-37.08,37.45,37.45,False,False,False,False,False,False,False,False,False,2026-09-16
0360,0360.HK,NEW FOCUS AUTO,新焦点,8.09,"4,000",Equity,Equity Securities (Main Board),0.047,0.045,0.048,0.044,2736000,0.13,0.045,0.041,3.98,14.08,-2.08,11.9,6.82,0.06,0.34,0.96,0.06,0.34,-15.79,-86.09,-95.0,17.54,86.38,False,False,True,False,False,False,False,False,False,2026-09-16
0361,0361.HK,HANFORT DEV H,汉成发展控股,2.22,"20,000",Equity,Equity Securities (Main Board),0.038,0.038,0.039,0.038,1000000,0.04,0.039,0.039,-2.06,-2.31,-2.56,-2.56,-2.56,0.1,0.18,0.44,0.1,0.18,-61.76,-78.09,-91.24,62.75,78.65,False,False,False,False,False,False,False,False,False,2026-09-16
0363,0363.HK,SHANGHAI IND H,上海实业控股,147.1,"1,000",Equity,Equity Securities (Main Board),13.53,13.56,13.6,13.51,296000,4.0,13.66,13.746,-0.95,-1.57,-0.22,-0.88,-2.66,16.19,16.19,25.44,16.19,16.19,-16.0,-16.0,-46.53,16.43,16.43,False,False,False,False,False,False,False,False,False,2026-09-16
0365,0365.HK,SINO ICT,芯成科技,4.66,"2,000",Equity,Equity Securities (Main Board),0.32,0.33,0.345,0.32,126000,0.04,0.325,0.347,-1.54,-7.91,-3.03,0.0,-5.88,1.59,1.59,6.6,1.59,1.59,-78.3,-78.3,-94.77,79.87,79.87,False,False,False,False,False,False,False,False,False,2026-09-16
0366,0366.HK,LUKS GROUP (VN),陆氏集团（越南）,4.01,"2,000",Equity,Equity Securities (Main Board),0.805,0.795,0.805,0.795,23167,0.02,0.815,0.823,-1.23,-2.25,1.26,-3.59,-4.17,0.98,1.05,2.88,0.98,1.05,-17.86,-23.33,-72.05,17.86,23.33,False,False,False,False,False,False,False,False,False,2026-09-16
0367,0367.HK,CHUANG'S INT'L,庄士机构国际,4.01,"4,000",Equity,Equity Securities (Main Board),0.24,0.24,0.241,0.232,148000,0.04,0.242,0.243,-0.99,-1.07,-1.23,-1.23,-1.23,0.34,0.5,2.0,0.34,0.5,-29.12,-51.31,-87.95,29.41,51.52,False,False,False,False,False,False,False,False,False,2026-09-16
0368,0368.HK,SUPERLAND GROUP,德合集团,24.96,"4,000",Equity,Equity Securities (Main Board),3.12,4.6,4.785,3.05,7721600,24.09,4.251,4.272,-26.61,-26.97,-32.17,-29.89,-27.94,6.82,6.82,6.82,6.82,6.82,-29.84,-29.84,-29.84,54.25,54.25,False,False,False,False,False,False,False,False,False,2026-09-16
0370,0370.HK,HK ROBOTICS,港仔机器人,8.81,"6,000",Equity,Equity Securities (Main Board),0.28,0.28,0.295,0.27,9132000,2.56,0.274,0.281,2.19,-0.24,0.0,3.7,-5.08,1.07,1.92,1.93,1.07,1.92,-72.43,-84.64,-84.71,73.83,85.42,False,False,True,False,False,False,False,False,False,2026-09-16
0371,0371.HK,BJ ENT WATER,北控水务集团,160.24,"2,000",Equity,Equity Securities (Main Board),1.595,1.56,1.605,1.56,28823999,45.97,1.62,1.661,-1.54,-3.94,1.59,-4.2,-5.9,2.98,2.98,6.75,2.98,2.98,-46.14,-46.14,-76.22,46.48,46.48,False,False,False,False,False,False,False,False,False,2026-09-16
0372,0372.HK,PT INTL DEV,保德国际发展,0.46,"30,000",Equity,Equity Securities (Main Board),0.153,0.162,0.162,0.148,360000,0.06,0.145,0.137,5.23,11.35,-1.29,9.29,15.91,0.32,0.78,6.91,0.32,0.78,-49.37,-79.23,-97.66,52.19,80.38,False,False,False,False,False,False,False,False,False,2026-09-16
0373,0373.HK,ALLIED GROUP,联合集团,69.22,"2,000",Equity,Equity Securities (Main Board),1.97,2.005,2.005,1.945,1122000,2.21,2.065,2.142,-4.6,-8.01,-1.99,-6.86,-9.63,3.7,3.7,3.8,3.7,3.7,-45.81,-45.81,-47.17,46.76,46.76,False,False,False,False,False,False,False,False,False,2026-09-16
0375,0375.HK,YGM TRADING,YGM TRADING,1.69,"1,000",Equity,Equity Securities (Main Board),1.02,1.04,1.04,1.005,85000,0.09,0.996,0.976,2.41,4.51,-7.27,6.25,7.94,1.24,1.4,13.2,1.24,1.4,-16.13,-25.71,-92.12,17.74,27.14,False,False,False,False,False,False,False,False,False,2026-09-16
0376,0376.HK,YUNFENG FIN,云锋金融,81.59,"2,000",Equity,Equity Securities (Main Board),2.01,2.03,2.05,1.95,9890000,19.88,2.151,2.121,-6.56,-5.26,-3.37,-10.27,-0.25,3.84,7.36,8.2,3.84,7.36,-46.61,-72.15,-75.0,47.66,72.69,False,False,False,False,False,False,False,False,False,2026-09-16
0377,0377.HK,CHINA HUAJUN GP,中国华君,8.87,80,Equity,Equity Securities (Main Board),4.73,4.66,4.75,4.4,127200,0.6,4.901,4.653,-3.49,1.64,1.5,-8.69,12.62,5.63,5.63,84.0,5.63,5.63,-15.63,-15.63,-94.35,15.99,15.99,False,False,False,False,False,False,False,False,False,2026-09-16
0379,0379.HK,EG LEASING,恒嘉融资租赁,1.28,"10,000",Equity,Equity Securities (Main Board),0.076,0.068,0.087,0.068,4940000,0.38,0.066,0.068,15.85,11.27,18.75,20.63,7.04,0.19,0.2,1.25,0.19,0.2,-54.92,-56.28,-93.04,60.62,61.81,False,False,False,True,False,False,False,False,False,2026-09-16
0380,0380.HK,CHINA PIPE,中国管业,1.77,"4,000",Equity,Equity Securities (Main Board),0.133,0.135,0.135,0.125,60000,0.01,0.132,0.133,0.91,-0.23,-1.48,3.1,0.0,0.15,0.23,0.9,0.15,0.23,-12.34,-40.53,-85.0,13.64,41.41,False,False,True,False,False,False,False,False,False,2026-09-16
0381,0381.HK,AOM INT'L,权识国际,1.0,"20,000",Equity,Equity Securities (Main Board),0.075,0.078,0.078,0.071,7680000,0.58,0.077,0.078,-2.34,-4.34,-3.85,0.0,-9.64,0.52,3.9,138.05,0.52,3.9,-85.0,-98.0,-99.94,85.58,98.08,False,False,False,False,False,False,False,False,False,2026-09-16
0382,0382.HK,EDVANTAGE GROUP,中汇集团,5.7,"2,000",Equity,Equity Securities (Main Board),0.475,0.475,0.475,0.475,34507,0.02,0.473,0.472,0.42,0.64,0.0,1.06,2.15,1.56,2.83,10.31,1.56,2.83,-69.55,-83.22,-95.39,69.55,83.22,False,False,False,False,False,False,False,False,False,2026-09-16
0384,0384.HK,CHINA GAS HOLD,中国燃气,301.28,200,Equity,Equity Securities (Main Board),5.53,5.36,5.53,5.36,9456715,52.3,5.462,5.563,1.24,-0.6,1.28,3.08,-1.34,8.37,8.85,36.7,8.37,8.85,-33.93,-37.51,-84.93,33.93,37.51,True,False,False,False,False,False,False,False,False,2026-09-16
0386,0386.HK,SINOPEC CORP,中国石油化工股份,1095.19,"2,000",Equity,Equity Securities (Main Board),4.605,4.645,4.665,4.52,176480957,812.69,4.72,4.767,-2.44,-3.41,-0.54,-3.56,-6.4,5.7,5.7,8.35,5.7,5.7,-18.16,-18.16,-44.13,19.21,19.21,False,False,False,False,False,False,False,False,False,2026-09-16
0387,0387.HK,LEEPORT(HOLD),力丰（集团）,1.56,"4,000",Equity,Equity Securities (Main Board),0.68,0.68,0.68,0.68,24000,0.02,0.673,0.699,1.04,-2.65,0.74,3.03,0.74,1.0,1.1,1.9,1.0,1.1,-32.0,-38.18,-64.21,32.0,38.18,False,False,False,False,False,False,False,False,False,2026-09-16
0388,0388.HK,HKEX,香港交易所,5015.56,100,Equity,Equity Securities (Main Board),395.6,395.4,396.8,393.0,2109165,834.39,395.28,399.5,0.08,-0.98,0.46,0.76,-1.2,444.8,466.0,587.0,444.8,466.0,-10.79,-14.85,-32.4,11.06,15.11,False,False,False,False,False,False,False,False,False,2026-09-16
0389,0389.HK,TONTINE WINES,通天酒业,0.98,"2,000",Equity,Equity Securities (Main Board),0.325,0.35,0.35,0.315,688692,0.22,0.349,0.363,-6.88,-10.59,-7.14,-7.14,-13.33,0.64,1.1,2.75,0.64,1.1,-45.31,-68.18,-87.27,49.22,70.45,False,False,False,False,False,False,False,False,False,2026-09-16
0390,0390.HK,CHINA RAILWAY,中国中铁,140.74,"1,000",Equity,Equity Securities (Main Board),3.345,3.34,3.37,3.315,16408900,54.89,3.355,3.362,-0.3,-0.49,0.15,0.45,-2.19,5.28,5.28,8.21,5.28,5.28,-36.17,-36.17,-58.95,36.65,36.65,False,False,False,False,False,False,False,False,False,2026-09-16
0391,0391.HK,MEI AH ENTER,美亚娱乐资讯,17.77,"20,000",Equity,Equity Securities (Main Board),0.3,0.3,0.3,0.3,600000,0.18,0.308,0.311,-2.6,-3.38,0.0,-4.76,-6.25,0.34,0.34,0.69,0.34,0.34,-11.76,-11.76,-56.52,11.76,11.76,False,False,False,False,False,False,False,False,False,2026-09-16
0392,0392.HK,BEIJING ENT,北京控股,379.41,500,Equity,Equity Securities (Main Board),30.16,29.94,30.28,29.9,1674500,50.5,29.804,30.564,1.19,-1.32,0.4,3.57,-4.25,36.56,36.88,50.5,36.56,36.88,-17.18,-17.9,-40.04,17.51,18.22,True,False,False,False,False,False,False,False,False,2026-09-16
0393,0393.HK,GLORIOUS SUN,旭日企业,19.43,"4,000",Equity,Equity Securities (Main Board),1.295,1.3,1.3,1.29,248000,0.32,1.299,1.3,-0.31,-0.38,-0.77,0.0,0.0,1.43,1.43,1.43,1.43,1.43,-9.09,-9.09,-9.09,9.44,9.44,False,False,False,False,False,False,False,True,True,2026-09-16
0396,0396.HK,HING LEE (HK),兴利（香港）控股,2.1,"2,000",Equity,Equity Securities (Main Board),0.26,0.255,0.26,0.24,2232000,0.58,0.269,0.297,-3.35,-12.46,-3.7,-8.77,-5.45,0.75,0.75,0.76,0.75,0.75,-65.33,-65.33,-65.79,65.33,65.33,False,False,False,False,False,False,False,False,False,2026-09-16
0397,0397.HK,MINERVA GROUP,嬴集团,1.47,"10,000",Equity,Equity Securities (Main Board),0.043,0.04,0.044,0.039,1510100,0.06,0.043,0.041,0.47,5.65,4.88,0.0,7.5,0.06,0.2,0.45,0.06,0.2,-24.14,-77.78,-90.22,25.86,78.28,False,False,False,True,False,False,False,False,False,2026-09-16
0398,0398.HK,ORIENTAL WATCH,东方表行集团,16.55,"2,000",Equity,Equity Securities (Main Board),3.395,3.37,3.395,3.365,146000,0.5,3.384,3.365,0.33,0.89,0.89,-0.44,1.65,3.69,4.28,5.42,3.69,4.28,-7.99,-20.68,-37.36,7.99,20.68,False,False,False,False,False,False,False,True,False,2026-09-16
0400,0400.HK,INGDAN,硬蛋创新,71.69,"1,000",Equity,Equity Securities (Main Board),4.36,4.35,4.5,4.25,10445000,45.54,4.662,4.603,-6.48,-5.28,-2.68,-10.29,-10.1,5.57,5.57,13.16,5.57,5.57,-19.21,-19.21,-65.81,21.72,21.72,False,False,False,False,False,False,False,False,False,2026-09-16
0401,0401.HK,WANJIA GROUP,万嘉集团,1.15,"20,000",Equity,Equity Securities (Main Board),0.102,0.104,0.104,0.102,1460000,0.15,0.103,0.103,-0.58,-0.58,-1.92,0.0,0.0,0.21,0.21,4.87,0.21,0.21,-50.24,-50.24,-97.86,51.2,51.2,False,False,False,False,False,False,False,False,False,2026-09-16
0403,0403.HK,STARLITE HOLD,星光集团,0.97,"2,000",Equity,Equity Securities (Main Board),0.194,0.186,0.22,0.185,124000,0.02,0.194,0.191,-0.1,1.68,3.19,-11.82,4.3,0.22,0.25,0.88,0.22,0.25,0.0,-11.29,-75.0,11.82,21.77,False,False,False,False,False,False,False,False,False,2026-09-16
0408,0408.HK,YIP'S CHEMICAL,叶氏化工集团,14.88,"2,000",Equity,Equity Securities (Main Board),2.665,2.665,2.67,2.57,56000,0.15,2.669,2.649,-0.15,0.6,0.0,-0.19,0.0,2.7,2.7,5.76,2.7,2.7,-1.11,-1.11,-53.65,1.3,1.3,False,False,False,False,False,False,False,True,True,2026-09-16
0410,0410.HK,SOHO CHINA,ＳＯＨＯ中国,16.12,500,Equity,Equity Securities (Main Board),0.31,0.31,0.315,0.31,399500,0.12,0.314,0.316,-1.27,-2.05,0.0,-1.59,-3.12,0.55,1.0,5.22,0.55,1.0,-42.73,-68.5,-93.97,43.64,69.0,False,False,False,False,False,False,False,False,False,2026-09-16
0411,0411.HK,LAM SOON (HK),南顺（香港）,29.2,"1,000",Equity,Equity Securities (Main Board),12.0,11.0,12.0,11.0,9000,0.11,11.28,11.03,6.38,8.79,8.11,8.11,8.11,13.0,17.0,17.0,13.0,17.0,-7.69,-29.41,-29.41,7.69,29.41,False,False,False,True,False,False,False,True,False,2026-09-16
0412,0412.HK,SDHG,山高控股,33.39,"1,000",Equity,Equity Securities (Main Board),0.555,0.57,0.57,0.55,1623000,0.9,0.587,0.612,-5.45,-9.31,-0.89,-9.76,-8.26,2.06,18.95,18.95,2.06,18.95,-72.33,-96.99,-96.99,73.06,97.07,False,False,False,False,False,False,False,False,False,2026-09-16
0418,0418.HK,FOUNDER HOLD,方正控股,7.5,"2,000",Equity,Equity Securities (Main Board),0.65,0.67,0.67,0.65,4000,0.0,0.63,0.619,3.17,5.01,0.78,4.0,4.84,0.85,1.28,1.28,0.85,1.28,-21.18,-47.66,-47.66,23.53,49.22,True,False,False,False,False,False,False,False,False,2026-09-16
0419,0419.HK,HONY MEDIA,弘毅文化集团,8.26,"10,000",Equity,Equity Securities (Main Board),0.47,0.48,0.49,0.47,992500,0.47,0.486,0.509,-3.29,-7.66,-4.08,-4.08,-7.84,0.83,1.28,7.3,0.83,1.28,-40.96,-61.72,-93.29,43.37,63.28,False,False,False,False,False,False,False,False,False,2026-09-16
0420,0420.HK,FOUNTAIN SET,福田实业,7.9,"2,000",Equity,Equity Securities (Main Board),0.645,0.635,0.645,0.635,1034000,0.67,0.652,0.656,-1.07,-1.75,0.0,-1.53,-1.53,0.76,0.83,1.48,0.76,0.83,-15.69,-22.29,-56.42,15.69,22.29,False,False,False,False,False,False,False,False,False,2026-09-16
0425,0425.HK,MINTH GROUP,敏实集团,279.28,100,Equity,Equity Securities (Main Board),23.84,23.92,24.28,23.28,3392300,80.87,23.944,24.526,-0.43,-2.8,0.25,-0.25,-5.02,46.76,46.76,49.5,46.76,46.76,-48.08,-48.08,-50.95,49.02,49.02,False,False,False,False,False,False,False,False,False,2026-09-16
0426,0426.HK,ONE MEDIA GROUP,万华媒体,0.6,"2,000",Equity,Equity Securities (Main Board),0.15,0.14,0.15,0.14,248000,0.04,0.142,0.136,5.78,10.46,4.17,5.63,22.95,0.26,0.26,1.74,0.26,0.26,-43.4,-43.4,-91.38,43.4,43.4,False,False,False,False,False,False,False,False,False,2026-09-16
0428,0428.HK,COCOON HOLDINGS,中国天弓控股,0.3,"4,000",Equity,Investment Companies,0.197,0.199,0.199,0.197,2000000,0.39,0.198,0.194,-0.71,1.34,-1.01,-0.51,2.6,0.4,2.7,18.44,0.4,2.7,-50.25,-92.63,-98.92,50.75,92.7,False,False,False,False,False,False,False,False,False,2026-09-16
0432,0432.HK,PCPD,盈大地产,4.22,"1,000",Equity,Equity Securities (Main Board),0.207,0.206,0.213,0.206,147452,0.03,0.211,0.211,-1.9,-2.08,-2.82,-2.82,-2.36,0.38,0.38,4.02,0.38,0.38,-43.2,-43.2,-94.71,44.8,44.8,False,False,False,False,False,False,False,False,False,2026-09-16
0433,0433.HK,NORTH MINING,北方矿业,6.75,"10,000",Equity,Equity Securities (Main Board),0.045,0.047,0.046,0.045,5937000,0.27,0.046,0.047,-1.75,-4.26,0.0,0.0,-2.17,0.11,0.26,3.78,0.11,0.26,-58.18,-82.31,-98.78,59.09,82.69,False,False,False,False,False,False,False,False,False,2026-09-16
0434,0434.HK,BOYAA,博雅互动,21.06,"1,000",Equity,Equity Securities (Main Board),2.78,2.85,2.87,2.77,1570153,4.37,2.897,2.952,-4.04,-5.83,-2.63,-6.4,-9.3,4.13,9.36,9.36,4.13,9.36,-30.51,-69.34,-69.34,32.69,70.3,False,False,False,False,False,False,False,False,False,2026-09-16
0436,0436.HK,NU ENVIRO,新宇环保,1.88,"20,000",Equity,Equity Securities (Main Board),0.062,0.063,0.063,0.063,200000,0.01,0.06,0.056,2.65,10.12,3.33,3.33,12.73,0.08,0.1,0.8,0.08,0.1,-16.0,-36.36,-92.12,17.33,37.37,False,False,False,False,False,False,False,False,False,2026-09-16
0438,0438.HK,IRICO NEWENERGY,彩虹新能源,1.07,200,Equity,Equity Securities (Main Board),1.11,1.1,1.25,1.1,15900,0.02,1.143,1.162,-2.89,-4.43,-3.48,-3.48,-4.31,2.5,4.39,56.0,2.5,4.39,-50.0,-71.53,-97.77,55.6,74.72,False,False,False,False,False,False,False,False,False,2026-09-16
0439,0439.HK,GENESIS SCALE,瀚源控股,3.39,"2,000",Equity,Equity Securities (Main Board),0.55,0.53,0.55,0.53,44000,0.02,0.539,0.56,2.04,-1.79,3.77,3.77,-4.35,1.21,2.33,36.4,1.21,2.33,-54.55,-76.39,-98.49,54.55,76.39,False,False,False,False,False,False,False,False,False,2026-09-16
0440,0440.HK,DAH SING,大新金融,144.19,400,Equity,Equity Securities (Main Board),45.12,45.04,45.4,44.44,250049,11.28,44.928,45.778,0.43,-1.44,0.94,0.98,-2.38,51.2,51.2,66.0,51.2,51.2,-11.33,-11.33,-31.21,11.88,11.88,False,False,False,False,False,False,False,False,False,2026-09-16
0450,0450.HK,HUNG HING PRINT,鸿兴印刷集团,6.17,"2,000",Equity,Equity Securities (Main Board),0.68,0.685,0.685,0.665,184000,0.13,0.681,0.683,-0.15,-0.37,0.74,-1.45,-0.73,0.97,1.23,2.43,0.97,1.23,-29.38,-44.31,-71.81,29.9,44.72,False,False,False,False,False,False,False,False,False,2026-09-16
0451,0451.HK,DYNASTY DIGITAL,时代数字,9.49,"2,000",Equity,Equity Securities (Main Board),0.535,0.51,0.535,0.505,2340620,1.25,0.536,0.539,-0.19,-0.74,2.88,-1.83,0.0,1.8,1.8,15.6,1.8,1.8,-70.28,-70.28,-96.57,70.28,70.28,False,False,False,False,False,False,False,False,False,2026-09-16
0455,0455.HK,TIANDA PHARMA,天大药业,2.47,"2,000",Equity,Equity Securities (Main Board),0.115,0.113,0.115,0.095,10000,0.0,0.107,0.105,7.48,9.94,6.48,11.65,11.65,0.14,0.28,0.55,0.14,0.28,-17.27,-58.93,-79.09,17.27,58.93,False,False,False,True,False,False,False,False,False,2026-09-16
0456,0456.HK,NEW CITY DEV,新城市建设发展,1.02,"2,000",Equity,Equity Securities (Main Board),0.475,0.485,0.485,0.46,80000,0.04,0.483,0.472,-1.66,0.64,-2.06,-13.64,6.74,0.8,1.29,62.0,0.8,1.29,-39.37,-62.4,-99.22,40.63,63.18,False,False,False,False,False,False,False,False,False,2026-09-16
0460,0460.HK,SIHUAN PHARM,四环医药,64.72,"1,000",Equity,Equity Securities (Main Board),0.71,0.71,0.72,0.7,12484000,8.86,0.723,0.753,-1.8,-5.71,0.0,-1.39,-8.39,1.79,1.92,3.95,1.79,1.92,-59.78,-62.5,-81.77,60.34,63.02,False,False,False,False,False,False,False,False,False,2026-09-16
0464,0464.HK,CHINA IN-TECH,中国智能科技,5.52,"4,000",Equity,Equity Securities (Main Board),0.73,0.7,0.765,0.67,140000,0.1,0.717,0.72,1.81,1.39,0.0,2.82,0.69,9.0,9.0,9.0,9.0,9.0,-91.5,-91.5,-91.5,91.89,91.89,False,False,True,True,False,False,False,False,False,2026-09-16
0465,0465.HK,FUTONG TECH,富通科技,11.85,"2,000",Equity,Equity Securities (Main Board),3.76,3.76,3.76,3.76,2000,0.01,3.818,3.837,-1.52,-1.99,0.53,-4.69,-2.34,6.77,6.77,6.77,6.77,6.77,-44.46,-44.46,-44.46,44.46,44.46,False,False,False,False,False,False,False,False,False,2026-09-16
0467,0467.HK,UNITEDENERGY GP,联合能源集团,107.28,"2,000",Equity,Equity Securities (Main Board),0.415,0.415,0.415,0.41,14887870,6.18,0.414,0.418,0.24,-0.84,1.22,2.47,-1.19,1.1,1.28,1.8,1.1,1.28,-62.27,-67.58,-76.94,62.27,67.58,False,False,False,False,False,False,False,False,False,2026-09-16
0470,0470.HK,WUXI LEAD,先导智能,29.46,100,Equity,Equity Securities (Main Board),27.4,28.5,28.86,26.88,1575610,43.17,27.096,27.666,1.12,-0.96,-2.35,3.47,-1.79,61.85,61.85,61.85,61.85,61.85,-53.34,-53.34,-53.34,55.7,55.7,False,False,True,False,False,False,False,False,False,2026-09-16
0471,0471.HK,SILKWAVE INC,中播数据,0.55,"4,000",Equity,Equity Securities (Main Board),0.114,0.12,0.12,0.109,196000,0.02,0.12,0.121,-5.16,-5.63,-6.56,-6.56,-7.32,1.03,8.5,276.0,1.03,8.5,-88.35,-98.59,-99.96,88.93,98.66,False,False,False,False,False,False,False,False,False,2026-09-16
0474,0474.HK,ACESO LIFE SCI,信铭生命科技,12.93,"6,000",Equity,Equity Securities (Main Board),0.146,0.14,0.146,0.14,1139100,0.17,0.149,0.15,-2.14,-2.93,-1.35,-2.67,-3.95,0.16,0.21,0.48,0.16,0.21,-10.43,-30.48,-69.58,10.43,30.48,False,False,False,False,False,False,False,False,False,2026-09-16
0475,0475.HK,CENTRAL DEV H,中发展控股,1.6,"2,000",Equity,Equity Securities (Main Board),0.32,0.32,0.32,0.32,200000,0.06,0.32,0.3,0.0,6.49,0.0,0.0,0.0,0.7,0.79,1.85,0.7,0.79,-54.29,-59.49,-82.7,54.29,59.49,False,False,False,False,False,False,False,False,False,2026-09-16
0476,0476.HK,EV DYNAMICS,科轩动力控股,2.49,"10,000",Equity,Equity Securities (Main Board),0.7,0.7,0.7,0.7,520000,0.36,0.669,0.676,4.63,3.63,5.26,9.38,-4.11,1.0,1.44,17.0,1.0,1.44,-30.0,-51.39,-95.88,30.0,51.39,True,False,False,False,False,False,False,False,False,2026-09-16
0480,0480.HK,HKR INT'L,香港兴业国际,14.85,800,Equity,Equity Securities (Main Board),1.0,0.995,1.035,0.99,259200,0.26,0.997,0.999,0.3,0.15,0.0,0.0,0.0,1.27,1.67,5.09,1.27,1.67,-18.5,-38.02,-79.67,21.26,40.12,False,False,False,True,False,False,False,False,False,2026-09-16
0484,0484.HK,FORGAME,云游控股,1.07,"3,000",Equity,Equity Securities (Main Board),0.625,0.62,0.63,0.6,57500,0.04,0.66,0.686,-5.3,-8.83,-2.34,-10.71,-9.42,1.19,1.29,17.8,1.19,1.29,-47.06,-51.16,-96.46,47.48,51.55,False,False,False,False,False,False,False,False,False,2026-09-16
0485,0485.HK,CHINASINOSTAR,中国华星,0.87,"20,000",Equity,Equity Securities (Main Board),0.34,0.32,0.415,0.32,200000,0.07,0.364,0.371,-6.59,-8.36,-8.11,-8.11,-8.11,0.5,0.55,3.66,0.5,0.55,-17.0,-24.55,-88.66,32.0,38.18,False,False,False,False,False,False,False,False,False,2026-09-16
0486,0486.HK,RUSAL,俄铝,442.12,"1,000",Equity,Equity Securities (Main Board),2.91,2.945,2.95,2.86,809000,2.35,2.948,2.965,-1.29,-1.87,-1.02,-2.35,-5.52,7.0,7.0,9.2,7.0,7.0,-57.86,-57.86,-67.93,58.43,58.43,False,False,False,False,False,False,False,False,False,2026-09-16
0487,0487.HK,SUCCESSUNIVERSE,实德环球,2.46,"4,000",Equity,Equity Securities (Main Board),0.05,0.038,0.05,0.038,1104000,0.06,0.042,0.041,18.48,22.25,31.58,19.05,28.21,0.06,0.18,0.4,0.06,0.18,-23.08,-72.83,-87.5,23.08,72.83,False,False,False,True,False,False,False,False,False,2026-09-16
0491,0491.HK,EMPEROR CULTURE,英皇文化产业,1.03,"20,000",Equity,Equity Securities (Main Board),0.032,0.031,0.032,0.03,1880000,0.06,0.031,0.028,1.91,13.07,0.0,-5.88,23.08,0.04,0.1,0.37,0.04,0.1,-15.79,-67.35,-91.35,15.79,67.35,False,False,False,False,False,False,False,False,False,2026-09-16
0493,0493.HK,GOME RETAIL,国美零售,7.64,"1,000",Equity,Equity Securities (Main Board),0.01,0.01,0.01,0.01,1823001,0.02,0.01,0.01,0.0,0.0,0.0,0.0,0.0,0.02,0.08,2.55,0.02,0.08,-50.0,-88.1,-99.61,50.0,88.1,False,False,False,False,False,False,False,False,False,2026-09-16
0497,0497.HK,CSI PROPERTIES,资本策略地产,20.24,"20,000",Equity,Equity Securities (Main Board),0.157,0.158,0.16,0.157,137000,0.02,0.16,0.162,-1.87,-3.21,-2.48,-3.68,-4.85,0.23,0.24,1.14,0.23,0.24,-31.62,-33.88,-85.96,32.91,35.12,False,False,False,False,False,False,False,False,False,2026-09-16
0499,0499.HK,QINGDAO HLDGS,青岛控股,2.02,"2,000",Equity,Equity Securities (Main Board),0.202,0.195,0.217,0.195,244000,0.05,0.204,0.196,-1.17,2.9,3.59,-1.46,3.59,0.27,0.27,1.02,0.27,0.27,-19.63,-19.63,-78.67,25.19,25.19,False,False,False,False,False,False,False,False,False,2026-09-16
0506,0506.HK,CHINA FOODS,中国食品,106.15,"2,000",Equity,Equity Securities (Main Board),3.795,3.74,3.82,3.71,4555530,17.29,3.788,3.883,0.18,-2.27,0.8,0.93,-4.05,4.53,5.2,5.42,4.53,5.2,-15.67,-26.54,-29.52,16.23,27.02,False,False,False,False,False,False,False,False,False,2026-09-16
0508,0508.HK,DINGYI GP INV,鼎亿集团投资,2.77,"5,000",Equity,Equity Securities (Main Board),0.32,0.32,0.395,0.3,8210000,2.63,0.313,0.312,2.24,2.73,0.0,3.23,3.23,0.8,0.83,15.0,0.8,0.83,-50.62,-52.41,-97.37,60.0,61.45,False,False,True,True,False,False,False,False,False,2026-09-16
0511,0511.HK,TVB,无线集团,10.72,100,Equity,Equity Securities (Main Board),2.295,2.29,2.305,2.28,544600,1.25,2.262,2.267,1.46,1.21,0.88,3.15,1.1,3.33,4.62,35.2,3.33,4.62,-30.78,-50.11,-93.45,31.08,50.32,False,False,False,False,False,False,False,False,False,2026-09-16
0512,0512.HK,GRAND PHARMA,远大医药,176.95,500,Equity,Equity Securities (Main Board),4.985,4.86,5.0,4.835,4868998,24.27,4.868,4.897,2.4,1.81,1.63,5.28,-0.2,8.18,10.2,10.2,8.18,10.2,-38.88,-50.98,-50.98,39.06,51.13,True,False,False,True,False,False,False,False,False,2026-09-16
0517,0517.HK,COSCO SHIP INTL,中远海运国际,92.36,"2,000",Equity,Equity Securities (Main Board),6.3,6.3,6.315,6.215,1334000,8.4,6.278,6.542,0.35,-3.71,0.96,0.56,-7.22,7.92,7.92,7.92,7.92,7.92,-20.27,-20.27,-20.27,20.45,20.45,False,False,False,False,False,False,False,False,False,2026-09-16
0518,0518.HK,TUNGTEX (HOLD),同得仕（集团）,0.84,"2,000",Equity,Equity Securities (Main Board),0.186,0.169,0.186,0.151,186000,0.03,0.159,0.157,17.13,18.62,22.37,22.37,22.37,0.29,0.3,1.31,0.29,0.3,-35.86,-38.0,-85.8,35.86,38.0,False,False,False,True,False,False,False,False,False,2026-09-16
0519,0519.HK,NOVAUTEK,诺科达科技,4.28,"5,000",Equity,Equity Securities (Main Board),0.14,0.136,0.14,0.136,195130,0.03,0.14,0.142,0.29,-1.2,0.0,0.72,-1.41,0.23,0.55,1.01,0.23,0.55,-40.43,-74.55,-86.14,40.43,74.55,False,False,False,False,False,False,False,False,False,2026-09-16
0520,0520.HK,XIABUXIABU,呷哺呷哺,2.35,500,Equity,Equity Securities (Main Board),0.216,0.228,0.228,0.215,1371000,0.3,0.233,0.244,-7.14,-11.58,-5.68,-8.86,-13.6,0.82,3.48,26.95,0.82,3.48,-72.2,-93.45,-99.15,73.66,93.79,False,False,False,False,False,False,False,False,False,2026-09-16
0521,0521.HK,CWT INT'L,CWT INT'L,22.12,"10,000",Equity,Equity Securities (Main Board),0.194,0.19,0.207,0.188,3160000,0.61,0.19,0.19,2.32,2.27,3.74,2.11,4.86,0.37,0.37,0.52,0.37,0.37,-43.29,-43.29,-60.19,46.85,46.85,False,False,False,True,False,False,False,False,False,2026-09-16
0522,0522.HK,ASMPT,ASMPT,676.51,100,Equity,Equity Securities (Main Board),161.3,155.0,161.5,154.4,3172380,511.7,159.3,161.52,1.26,-0.14,4.67,-0.31,-4.56,244.4,244.4,244.4,244.4,244.4,-33.92,-33.92,-33.92,34.0,34.0,False,False,False,False,False,False,False,False,False,2026-09-16
0524,0524.HK,GW TERROIR,长城天下,4.49,"10,000",Equity,Equity Securities (Main Board),1.9,1.905,1.905,1.9,40000,0.08,2.002,2.014,-5.09,-5.66,-4.52,-5.0,-9.95,3.25,3.25,7.44,3.25,3.25,-41.38,-41.38,-74.4,41.54,41.54,False,False,False,False,False,False,False,False,False,2026-09-16
0525,0525.HK,GUANGSHEN RAIL,广深铁路股份,33.92,"2,000",Equity,Equity Securities (Main Board),2.37,2.35,2.38,2.345,940278,2.23,2.38,2.404,-0.42,-1.41,0.42,-0.63,-3.46,2.6,2.64,5.89,2.6,2.64,-8.46,-9.85,-59.59,8.85,10.23,False,False,False,False,False,False,False,True,False,2026-09-16
0527,0527.HK,RF GREEN EN AI,瑞风绿能智算,19.97,"12,000",Equity,Equity Securities (Main Board),0.82,0.81,0.82,0.795,2160000,1.77,0.826,0.818,-0.73,0.18,-0.61,-1.2,-0.61,0.95,0.95,3.19,0.95,0.95,-13.68,-13.68,-74.27,13.68,13.68,False,False,False,False,False,False,False,False,False,2026-09-16
0532,0532.HK,WKK INTL (HOLD),WKK INTL (HOLD),2.23,"2,000",Equity,Equity Securities (Main Board),0.305,0.315,0.315,0.295,1050000,0.32,0.32,0.326,-4.69,-6.44,-6.15,-7.58,-16.44,1.12,1.12,1.59,1.12,1.12,-71.88,-71.88,-80.19,72.77,72.77,False,False,False,False,False,False,False,False,False,2026-09-16
0533,0533.HK,GOLDLION HOLD,金利来集团,8.42,"1,000",Equity,Equity Securities (Main Board),0.865,0.865,0.865,0.85,3000,0.0,0.866,0.871,-0.12,-0.63,0.0,0.0,-1.14,1.15,1.49,3.52,1.15,1.49,-24.78,-41.95,-75.43,24.78,41.95,False,False,False,False,False,False,False,False,False,2026-09-16
0535,0535.HK,GEMDALE PPT,金地商置,15.78,"2,000",Equity,Equity Securities (Main Board),0.095,0.1,0.101,0.095,2498000,0.24,0.098,0.099,-3.26,-4.14,-1.04,-5.0,-5.0,0.19,0.47,1.56,0.19,0.47,-47.67,-78.51,-93.53,50.78,79.79,False,False,False,False,False,False,False,False,False,2026-09-16
0536,0536.HK,TRADELINK,贸易通,9.27,"2,000",Equity,Equity Securities (Main Board),1.165,1.16,1.165,1.155,401688,0.47,1.16,1.16,0.43,0.43,0.87,0.43,0.43,1.21,1.21,1.66,1.21,1.21,-3.72,-3.72,-29.82,3.72,3.72,False,False,False,True,False,False,False,True,True,2026-09-16
0537,0537.HK,RIGOL,普源精电,5.13,100,Equity,Equity Securities (Main Board),20.68,20.4,21.12,20.22,327900,6.78,21.004,21.558,-1.54,-4.07,1.17,-2.45,-6.26,38.0,38.0,38.0,38.0,38.0,-44.42,-44.42,-44.42,45.58,45.58,False,False,False,False,False,False,False,False,False,2026-09-16
0538,0538.HK,AJISEN (CHINA),味千（中国）,8.73,"1,000",Equity,Equity Securities (Main Board),0.8,0.795,0.805,0.78,860000,0.69,0.797,0.795,0.38,0.63,0.63,0.63,0.0,1.03,1.17,4.27,1.03,1.17,-21.84,-31.2,-81.15,22.33,31.62,False,False,False,True,False,False,False,False,False,2026-09-16
0542,0542.HK,CN CULTURAL T&A,中国文旅农业,13.47,"4,000",Equity,Equity Securities (Main Board),0.88,0.88,0.88,0.88,196000,0.17,0.883,0.856,-0.34,2.86,-1.12,-1.68,2.33,1.89,1.89,2.17,1.89,1.89,-53.44,-53.44,-59.54,53.44,53.44,False,False,False,False,False,False,False,False,False,2026-09-16
0544,0544.HK,DAIDO GROUP,大同集团,1.12,"5,000",Equity,Equity Securities (Main Board),0.905,0.9,0.905,0.9,35000,0.03,0.901,0.904,0.44,0.06,-0.55,1.12,0.56,2.47,3.3,13.9,2.47,3.3,-63.36,-72.58,-93.49,63.36,72.58,False,False,False,True,False,False,False,False,False,2026-09-16
0546,0546.HK,FUFENG GROUP,阜丰集团,109.82,"1,000",Equity,Equity Securities (Main Board),4.38,4.59,4.605,4.37,7920000,34.69,4.564,4.639,-4.03,-5.58,-4.37,-4.58,-6.91,9.49,10.14,10.14,9.49,10.14,-51.48,-54.59,-54.59,53.85,56.8,False,False,False,False,False,False,False,False,False,2026-09-16
0547,0547.HK,DIGITAL DOMAIN,数字王国,15.56,"5,000",Equity,Equity Securities (Main Board),0.195,0.195,0.214,0.194,555000,0.11,0.204,0.213,-4.6,-8.67,-2.5,-7.14,-8.88,0.46,0.54,6.8,0.46,0.54,-52.97,-60.37,-96.85,57.14,63.89,False,False,False,False,False,False,False,False,False,2026-09-16
0548,0548.HK,SHENZHENEXPRESS,深圳高速公路股份,50.79,"2,000",Equity,Equity Securities (Main Board),6.795,6.7,6.8,6.7,676000,4.59,6.752,6.741,0.64,0.81,1.27,1.42,-0.07,8.12,8.12,11.76,8.12,8.12,-16.26,-16.26,-42.18,16.32,16.32,False,False,False,True,False,False,False,False,False,2026-09-16
0550,0550.HK,ALLEGRO CULTURE,律齐文化,3.48,"2,000",Equity,Equity Securities (Main Board),0.765,0.84,0.865,0.76,2638000,2.02,0.873,0.911,-12.37,-16.03,-8.93,-18.18,-17.74,1.75,1.75,5.02,1.75,1.75,-50.57,-50.57,-82.77,56.29,56.29,False,False,False,False,False,False,False,False,False,2026-09-16
0551,0551.HK,YUE YUEN IND,裕元集团,205.7,500,Equity,Equity Securities (Main Board),12.82,12.99,13.19,12.7,3236039,41.49,13.014,13.312,-1.49,-3.7,-1.99,-2.88,-6.36,19.1,19.1,38.4,19.1,19.1,-30.94,-30.94,-65.65,32.88,32.88,False,False,False,False,False,False,False,False,False,2026-09-16
0552,0552.HK,CHINACOMSERVICE,中国通信服务,97.33,"2,000",Equity,Equity Securities (Main Board),4.07,4.065,4.075,4.015,5669056,23.07,4.003,3.999,1.67,1.78,0.12,4.36,0.37,4.85,6.15,8.5,4.85,6.15,-15.98,-33.74,-52.06,16.08,33.82,True,False,False,False,False,False,False,False,False,2026-09-16
0553,0553.HK,NANJING PANDA,南京熊猫电子股份,7.33,"2,000",Equity,Equity Securities (Main Board),3.03,3.05,3.08,3.005,1386000,4.2,3.099,3.182,-2.23,-4.78,-0.33,-3.66,-6.48,7.22,7.22,9.15,7.22,7.22,-57.34,-57.34,-66.34,58.03,58.03,False,False,False,False,False,False,False,False,False,2026-09-16
0554,0554.HK,HANS GP HLDGS,汉思集团控股,8.64,"2,000",Equity,Equity Securities (Main Board),0.197,0.196,0.198,0.186,30000,0.01,0.195,0.197,1.23,-0.0,1.55,-1.01,-1.5,0.26,0.43,0.53,0.26,0.43,-25.28,-53.95,-62.64,25.66,54.19,False,False,False,False,False,False,False,False,False,2026-09-16
0556,0556.HK,PAN ASIA ENVIRO,泛亚环保,4.12,"2,000",Equity,Equity Securities (Main Board),0.41,0.41,0.42,0.395,218000,0.09,0.395,0.411,3.8,-0.12,3.8,5.13,1.23,0.99,0.99,2.16,0.99,0.99,-57.58,-57.58,-80.56,58.59,58.59,False,False,False,False,False,False,False,False,False,2026-09-16
0558,0558.HK,LK TECH,力劲科技,17.33,"2,500",Equity,Equity Securities (Main Board),1.27,1.25,1.33,1.2,1147500,1.46,1.291,1.316,-1.63,-3.5,1.6,-3.05,-6.62,3.81,8.54,26.18,3.81,8.54,-65.09,-84.43,-94.92,66.67,85.13,False,False,False,False,False,False,False,False,False,2026-09-16
0560,0560.HK,CHU KONG SHIP,珠江船务,6.73,"2,000",Equity,Equity Securities (Main Board),0.6,0.595,0.6,0.595,400000,0.24,0.599,0.6,0.17,0.08,0.0,0.0,0.84,0.78,0.87,2.5,0.78,0.87,-23.08,-31.03,-76.0,23.08,31.03,False,False,True,True,False,False,False,False,False,2026-09-16
0563,0563.HK,SH IND URBAN,上实城市开发,10.66,"2,000",Equity,Equity Securities (Main Board),0.223,0.232,0.232,0.22,806000,0.18,0.232,0.23,-3.8,-3.25,-3.88,-6.69,-3.88,0.34,0.53,2.28,0.34,0.53,-30.75,-56.23,-89.82,33.43,57.92,False,False,False,False,False,False,False,False,False,2026-09-16
0564,0564.HK,ZCZL,中创智领,28.65,200,Equity,Equity Securities (Main Board),11.78,11.88,11.88,11.43,1283000,15.11,12.11,12.355,-2.73,-4.65,-0.25,-4.85,-9.18,23.88,26.0,26.0,23.88,26.0,-50.25,-54.31,-54.31,50.67,54.69,False,False,False,False,False,False,False,False,False,2026-09-16
0565,0565.HK,ART GROUP HOLD,锦艺集团控股,116.69,"5,000",Equity,Equity Securities (Main Board),4.34,4.41,4.43,4.31,8525000,37.0,4.361,4.166,-0.48,4.18,-1.7,-1.25,-0.57,4.47,4.47,4.47,4.47,4.47,-0.89,-0.89,-0.89,2.91,2.91,False,False,False,False,False,False,False,True,True,2026-09-16
0568,0568.HK,SHANDONG MOLONG,山东墨龙,12.95,400,Equity,Equity Securities (Main Board),4.595,4.7,4.75,4.59,16939200,77.84,4.742,4.817,-3.1,-4.6,-1.29,-3.47,-9.64,16.33,16.33,16.33,16.33,16.33,-70.91,-70.91,-70.91,71.86,71.86,False,False,False,False,False,False,False,False,False,2026-09-16
0570,0570.HK,TRAD CHI MED,中国中药,63.95,"2,000",Equity,Equity Securities (Main Board),1.27,1.27,1.27,1.255,3448064,4.38,1.274,1.301,-0.31,-2.42,-0.39,0.0,-3.05,2.24,4.46,7.57,2.24,4.46,-43.3,-71.52,-83.22,43.3,71.52,False,False,False,False,False,False,False,False,False,2026-09-16
0571,0571.HK,ESUN HOLDINGS,丰德丽控股,0.76,"2,000",Equity,Equity Securities (Main Board),0.043,0.043,0.043,0.043,130000,0.01,0.044,0.044,-1.38,-2.27,0.0,-2.27,2.38,0.06,0.41,1.58,0.06,0.41,-31.75,-89.38,-97.28,31.75,89.38,False,False,False,False,False,False,False,False,False,2026-09-16
0573,0573.HK,TAO HEUNG HLDGS,稻香控股,2.79,"1,000",Equity,Equity Securities (Main Board),0.275,0.275,0.275,0.275,6000,0.0,0.271,0.269,1.48,2.42,0.0,1.85,0.0,0.4,0.87,2.54,0.4,0.87,-31.25,-68.39,-89.17,31.25,68.39,False,False,False,False,False,False,False,False,False,2026-09-16
0575,0575.HK,REGENT PACIFIC,励晶太平洋,2.38,"10,000",Equity,Equity Securities (Main Board),0.815,0.795,0.815,0.795,50000,0.04,0.821,0.828,-0.73,-1.51,1.24,-2.4,-1.81,1.22,1.24,15.8,1.22,1.24,-33.2,-34.27,-94.84,33.2,34.27,False,False,False,False,False,False,False,False,False,2026-09-16
0576,0576.HK,ZHEJIANGEXPRESS,浙江沪杭甬,122.51,"2,000",Equity,Equity Securities (Main Board),6.055,5.955,6.085,5.93,13796684,83.54,6.02,6.072,0.58,-0.28,1.68,1.59,-1.54,8.16,8.16,9.75,8.16,8.16,-25.43,-25.43,-37.56,25.8,25.8,False,False,False,False,False,False,False,False,False,2026-09-16
0579,0579.HK,JNCEC,京能清洁能源,45.98,"2,000",Equity,Equity Securities (Main Board),1.625,1.625,1.625,1.605,2330000,3.79,1.624,1.636,0.06,-0.7,0.31,0.93,-2.69,2.53,2.62,2.93,2.53,2.62,-35.77,-37.98,-44.54,35.77,37.98,False,False,False,False,False,False,False,False,False,2026-09-16
0580,0580.HK,SUN.KING TECH,赛晶科技,19.54,"2,000",Equity,Equity Securities (Main Board),1.22,1.2,1.225,1.195,2352000,2.87,1.222,1.244,-0.16,-1.89,1.67,0.83,-4.31,3.12,3.12,5.6,3.12,3.12,-60.74,-60.74,-78.12,60.9,60.9,False,False,False,False,False,False,False,False,False,2026-09-16
0581,0581.HK,CHINA ORIENTAL,中国东方集团,38.34,"2,000",Equity,Equity Securities (Main Board),1.03,1.11,1.12,1.03,2674000,2.75,1.079,1.095,-4.54,-5.94,-4.63,-5.94,-8.85,1.63,2.17,7.15,1.63,2.17,-31.29,-48.39,-84.34,36.81,52.53,False,False,False,False,False,False,False,False,False,2026-09-16
0582,0582.HK,SHIN HWA WORLD,神话世界,2.41,"6,000",Equity,Equity Securities (Main Board),0.066,0.066,0.066,0.066,6000,0.0,0.066,0.067,0.61,-1.79,3.12,-1.49,3.12,0.16,0.66,168.43,0.16,0.66,-57.42,-89.96,-99.96,57.42,89.96,False,False,False,False,False,False,False,False,False,2026-09-16
0583,0583.HK,GWPA HOLDINGS,长城环亚控股,2.9,"2,000",Equity,Equity Securities (Main Board),0.185,0.174,0.185,0.174,158000,0.03,0.178,0.181,4.05,2.21,6.32,5.71,2.78,0.25,0.35,2.5,0.25,0.35,-25.7,-47.89,-92.6,25.7,47.89,False,False,False,True,False,False,False,False,False,2026-09-16
0585,0585.HK,IMAGI INT'L,意力国际,36.68,500,Equity,Equity Securities (Main Board),4.42,4.21,4.435,4.205,148500,0.66,4.404,4.489,0.36,-1.53,0.45,4.0,-4.12,8.44,8.44,8.44,8.44,8.44,-47.45,-47.45,-47.45,47.63,47.63,False,False,False,False,False,False,False,False,False,2026-09-16
0586,0586.HK,CONCH VENTURE,海螺创业,133.51,500,Equity,Equity Securities (Main Board),7.45,7.455,7.495,7.32,3782500,28.18,7.559,7.701,-1.44,-3.26,0.07,-2.17,-5.52,14.2,14.2,35.0,14.2,14.2,-47.22,-47.22,-78.59,47.54,47.54,False,False,False,False,False,False,False,False,False,2026-09-16
0587,0587.HK,CONCH ENVIRO,海螺环保,4.75,500,Equity,Equity Securities (Main Board),0.26,0.27,0.27,0.26,196000,0.05,0.271,0.275,-4.06,-5.63,-1.89,-7.14,-7.14,0.58,2.07,15.1,0.58,2.07,-53.45,-86.96,-98.21,55.17,87.44,False,False,False,False,False,False,False,False,False,2026-09-16
0588,0588.HK,BEIJING N STAR,北京北辰实业股份,4.74,"2,000",Equity,Equity Securities (Main Board),0.67,0.67,0.67,0.66,1448000,0.97,0.677,0.692,-1.03,-3.18,0.75,-0.74,-4.96,1.01,1.29,3.41,1.01,1.29,-33.66,-48.06,-80.35,33.66,48.06,False,False,False,False,False,False,False,False,False,2026-09-16
0590,0590.HK,LUK FOOK HOLD,六福集团,123.88,"1,000",Equity,Equity Securities (Main Board),21.1,21.26,21.26,20.68,1082000,22.83,21.3,21.528,-0.94,-1.99,0.86,-2.94,-2.85,34.5,34.5,37.68,34.5,34.5,-38.38,-38.38,-43.58,38.84,38.84,False,False,False,False,False,False,False,False,False,2026-09-16
0595,0595.HK,AV CONCEPT HOLD,AV CONCEPT HOLD,10.74,"2,000",Equity,Equity Securities (Main Board),1.255,1.235,1.26,1.23,532000,0.67,1.265,1.279,-0.79,-1.88,2.45,-3.09,-1.95,2.0,2.0,2.0,2.0,2.0,-37.0,-37.0,-37.0,37.25,37.25,False,False,False,False,False,False,False,False,False,2026-09-16
0596,0596.HK,INSPUR DIGI ENT,浪潮数字企业,22.21,"2,000",Equity,Equity Securities (Main Board),1.825,1.98,1.98,1.815,3757996,6.86,1.984,2.069,-8.01,-11.79,-7.83,-9.2,-14.32,7.2,11.13,11.13,7.2,11.13,-72.5,-82.21,-82.21,74.65,83.6,False,False,False,False,False,False,False,False,False,2026-09-16
0598,0598.HK,SINOTRANS,中国外运,93.96,"1,000",Equity,Equity Securities (Main Board),4.66,4.61,4.66,4.555,3215000,14.98,4.632,4.687,0.6,-0.58,0.98,1.41,-1.17,5.48,5.51,5.51,5.48,5.51,-14.96,-15.43,-15.43,14.96,15.43,False,False,False,False,False,False,False,False,False,2026-09-16
0600,0600.HK,AXERA,爱芯元智,112.66,100,Equity,Equity Securities (Main Board),19.13,17.83,19.48,17.36,3198000,61.18,17.61,17.666,8.63,8.29,10.32,6.4,10.07,36.9,36.9,36.9,36.9,36.9,-47.21,-47.21,-47.21,48.16,48.16,False,False,False,True,False,False,False,False,False,2026-09-16
0602,0602.HK,JIAHUA STORES H,佳华百货控股,0.43,"2,500",Equity,Equity Securities (Main Board),0.041,0.043,0.043,0.041,12500,0.0,0.046,0.047,-10.87,-13.14,-8.89,-14.58,-14.58,0.07,0.12,0.57,0.07,0.12,-36.76,-62.61,-92.46,39.71,64.35,False,False,False,False,False,False,False,False,False,2026-09-16
0603,0603.HK,CHINA OIL & GAS,中油燃气,6.82,"20,000",Equity,Equity Securities (Main Board),0.121,0.118,0.123,0.117,666000,0.08,0.121,0.122,0.33,-0.82,1.68,-0.82,-0.82,0.51,0.51,0.85,0.51,0.51,-75.88,-75.88,-85.53,76.27,76.27,False,False,False,False,False,False,False,False,False,2026-09-16
0604,0604.HK,SHENZHEN INVEST,深圳控股,54.73,"2,000",Equity,Equity Securities (Main Board),0.615,0.62,0.62,0.61,4524000,2.78,0.626,0.637,-1.76,-3.45,-1.6,-2.38,-3.91,0.93,1.33,3.98,0.93,1.33,-33.33,-53.38,-84.42,33.87,53.76,False,False,False,False,False,False,False,False,False,2026-09-16
0605,0605.HK,C FIN SERVICES,中国金融投资管理,1.6,"2,000",Equity,Equity Securities (Main Board),0.765,0.73,0.765,0.73,52000,0.04,0.783,0.81,-2.3,-5.56,2.0,-4.38,-5.56,1.16,20.0,20.0,1.16,20.0,-34.05,-96.18,-96.18,34.05,96.18,False,False,False,False,False,False,False,False,False,2026-09-16
0607,0607.HK,FULLSHARE,丰盛控股,1.77,"4,000",Equity,Equity Securities (Main Board),0.25,0.255,0.27,0.25,176200,0.04,0.268,0.297,-6.72,-15.68,-1.96,-9.09,-19.35,1.95,1.95,247.5,1.95,1.95,-86.15,-86.15,-99.89,87.18,87.18,False,False,False,False,False,False,False,False,False,2026-09-16
0608,0608.HK,HIGH FASHION,达利国际,3.12,"2,000",Equity,Equity Securities (Main Board),1.02,1.02,1.02,1.02,2000,0.0,1.056,1.048,-3.41,-2.67,0.49,-5.12,-7.27,1.74,1.84,2.46,1.74,1.84,-41.38,-44.57,-58.54,41.38,44.57,False,False,False,False,False,False,False,False,False,2026-09-16
0610,0610.HK,WAI KEE HOLD,WAI KEE HOLD,7.3,"2,000",Equity,Equity Securities (Main Board),0.92,0.92,0.92,0.92,210000,0.19,0.924,0.914,-0.43,0.71,0.0,-0.54,-1.08,0.98,1.3,5.78,0.98,1.3,-6.12,-29.23,-84.08,6.12,29.23,False,False,False,False,False,False,False,True,False,2026-09-16
0611,0611.HK,CNE TECH CORP,中国核能科技,8.06,"2,000",Equity,Equity Securities (Main Board),0.435,0.43,0.435,0.43,406000,0.18,0.436,0.441,-0.23,-1.36,0.0,-1.14,-1.14,0.55,0.71,1.93,0.55,0.71,-20.91,-38.73,-77.46,20.91,38.73,False,False,False,False,False,False,False,False,False,2026-09-16
0613,0613.HK,PLANETREE INT'L,梧桐国际,59.55,"2,000",Equity,Equity Securities (Main Board),5.18,5.12,5.18,5.09,110000,0.57,4.937,4.79,4.92,8.13,1.57,7.02,19.63,6.36,6.36,6.36,6.36,6.36,-18.62,-18.62,-18.62,18.62,18.62,True,True,False,False,False,False,False,False,False,2026-09-16
0616,0616.HK,ASSET CHAIN,财富链,2.11,"5,000",Equity,Equity Securities (Main Board),0.113,0.109,0.115,0.107,6795000,0.77,0.123,0.118,-7.98,-4.24,3.67,-23.65,-5.83,0.4,0.52,194.1,0.4,0.52,-70.89,-77.88,-99.94,71.39,78.27,False,False,False,False,False,False,False,False,False,2026-09-16
0617,0617.HK,PALIBURG HOLD,百利保控股,2.18,"2,000",Equity,Equity Securities (Main Board),0.196,0.197,0.202,0.194,988000,0.19,0.195,0.198,0.72,-0.86,0.0,2.08,1.03,0.25,1.08,3.69,0.25,1.08,-20.78,-81.3,-94.53,23.14,81.85,False,False,True,False,False,False,False,False,False,2026-09-16
0618,0618.HK,PKU RESOURCES,北大资源,8.21,"8,000",Equity,Equity Securities (Main Board),0.3,0.305,0.315,0.3,158400,0.05,0.31,0.312,-3.23,-3.85,-3.23,-4.76,-3.23,0.5,0.52,2.8,0.5,0.52,-37.0,-39.42,-88.75,40.0,42.31,False,False,False,False,False,False,False,False,False,2026-09-16
0619,0619.HK,SOUTH CHINA FIN,南华金融,0.84,"2,000",Equity,Equity Securities (Main Board),0.28,0.27,0.28,0.265,44000,0.01,0.284,0.287,-1.41,-2.44,0.0,-1.75,-3.45,0.46,0.51,4.85,0.46,0.51,-38.46,-45.1,-94.23,38.46,45.1,False,False,False,False,False,False,False,False,False,2026-09-16
0621,0621.HK,TAUNG GOLD,坛金矿业,8.35,"5,000",Equity,Equity Securities (Main Board),0.46,0.445,0.475,0.44,1585000,0.73,0.483,0.51,-4.76,-9.72,3.37,-8.91,-12.38,0.76,0.9,1.35,0.76,0.9,-37.5,-47.22,-64.81,39.47,48.89,False,False,False,False,False,False,False,False,False,2026-09-16
0622,0622.HK,OSHIDORI,威华达控股,211.43,"3,000",Equity,Equity Securities (Main Board),3.045,3.14,3.2,2.955,25533021,77.75,2.957,2.842,2.98,7.12,-2.56,7.98,9.53,3.23,3.23,3.23,3.23,3.23,-0.93,-0.93,-0.93,5.73,5.73,False,False,False,False,False,False,False,True,True,2026-09-16
0623,0623.HK,GOLDENBRIDGE GP,金桥集团控股,9.65,"1,000",Equity,Equity Securities (Main Board),2.115,2.15,2.165,2.105,210000,0.44,2.125,2.165,-0.47,-2.33,-1.17,-0.24,-2.53,2.3,3.17,3.17,2.3,3.17,-5.87,-31.7,-31.7,8.04,33.28,False,False,False,False,False,False,False,True,False,2026-09-16
0625,0625.HK,SHEIN-W,希音－Ｗ,1099.36,100,Equity,Equity Securities (Main Board),38.84,37.02,39.1,36.94,2486430,96.57,38.904,39.534,-0.16,-1.76,2.97,-3.05,-4.99,48.56,48.56,48.56,48.56,48.56,-19.48,-19.48,-19.48,20.02,20.02,False,False,False,False,False,False,False,False,False,2026-09-16
0626,0626.HK,PUBLIC FIN HOLD,大众金融控股,24.43,"2,000",Equity,Equity Securities (Main Board),2.225,2.225,2.225,2.22,1650000,3.67,2.214,1.947,0.5,14.28,0.23,0.91,1.14,2.32,2.32,3.81,2.32,2.32,-4.09,-4.09,-41.6,4.09,4.09,True,False,False,False,False,False,False,True,True,2026-09-16
0627,0627.HK,VISION SYNERGY,共生智筑,6.32,"20,000",Equity,Equity Securities (Main Board),0.445,0.445,0.445,0.445,33600,0.01,0.469,0.512,-5.12,-13.09,-6.32,-6.32,-19.82,0.83,1.97,187.0,0.83,1.97,-46.39,-77.41,-99.76,46.39,77.41,False,False,False,False,False,False,False,False,False,2026-09-16
0628,0628.HK,TONGTONG AI SOC,通通ＡＩ社交,13.0,"2,000",Equity,Equity Securities (Main Board),0.25,0.255,0.265,0.25,8256000,2.06,0.265,0.296,-5.59,-15.65,-3.85,-1.96,-16.67,0.6,0.6,1.48,0.6,0.6,-55.83,-55.83,-82.09,58.33,58.33,False,False,False,False,False,False,False,False,False,2026-09-16
0629,0629.HK,YUE DA INTL,悦达国际控股,2.91,"1,000",Equity,Equity Securities (Main Board),0.249,0.249,0.249,0.249,139000,0.03,0.258,0.266,-3.41,-6.36,1.63,-9.45,-7.78,0.35,0.37,0.95,0.35,0.37,-28.86,-32.7,-73.79,28.86,32.7,False,False,False,False,False,False,False,False,False,2026-09-16
0630,0630.HK,AMCO UNITED,隽泰控股,1.9,"10,000",Equity,Equity Securities (Main Board),0.196,0.198,0.198,0.196,210000,0.04,0.188,0.18,4.37,8.59,-2.0,-2.0,34.25,0.31,0.43,4.5,0.31,0.43,-36.13,-53.41,-95.6,36.77,53.88,False,False,False,False,False,False,False,False,False,2026-09-16
0631,0631.HK,SANY INT'L,三一国际,305.62,"1,000",Equity,Equity Securities (Main Board),9.29,9.36,9.475,8.985,12422200,115.4,9.533,9.671,-2.55,-3.93,-0.8,-2.0,-8.74,16.24,16.24,16.24,16.24,16.24,-41.66,-41.66,-41.66,42.8,42.8,False,False,False,False,False,False,False,False,False,2026-09-16
0632,0632.HK,CHK OIL,中港石油,1.76,"2,000",Equity,Equity Securities (Main Board),0.184,0.186,0.186,0.18,1694000,0.31,0.185,0.185,-0.65,-0.59,2.22,-3.66,-2.13,1.12,1.12,7.25,1.12,1.12,-83.39,-83.39,-97.43,83.57,83.57,False,False,False,False,False,False,False,False,False,2026-09-16
0636,0636.HK,KLN,KLN,107.63,500,Equity,Equity Securities (Main Board),5.955,5.95,5.98,5.91,745500,4.44,5.995,5.921,-0.67,0.57,0.08,-2.3,-1.98,7.45,9.79,27.15,7.45,9.79,-19.73,-38.92,-77.97,20.07,39.17,False,False,False,False,False,False,False,False,False,2026-09-16
0637,0637.HK,LEE KEE,利记,1.47,"2,000",Equity,Equity Securities (Main Board),0.177,0.176,0.177,0.167,146000,0.03,0.175,0.174,0.91,1.9,0.57,0.57,0.0,0.31,0.31,0.84,0.31,0.31,-43.81,-43.81,-78.93,43.81,43.81,False,False,False,True,False,False,False,False,False,2026-09-16
0639,0639.HK,SHOUGANG RES,首钢资源,148.91,"2,000",Equity,Equity Securities (Main Board),2.925,2.89,2.95,2.88,22660571,66.28,2.974,2.99,-1.65,-2.17,0.69,-3.94,-5.65,3.5,3.64,3.86,3.5,3.64,-15.71,-18.96,-23.58,16.43,19.64,False,False,False,False,False,False,False,False,False,2026-09-16
0640,0640.HK,INFINITY DEV,星谦发展,7.15,"2,000",Equity,Equity Securities (Main Board),2.305,2.3,2.33,2.3,5874000,13.54,2.291,2.311,0.61,-0.28,1.1,0.22,0.66,2.95,2.95,2.95,2.95,2.95,-21.02,-21.02,-21.02,21.86,21.86,False,False,False,False,False,False,False,False,False,2026-09-16
0641,0641.HK,CHTC FONG'S INT,中国恒天立信国际,4.02,"2,000",Equity,Equity Securities (Main Board),0.365,0.345,0.365,0.345,6000,0.0,0.363,0.369,0.55,-0.95,-1.35,1.39,-1.35,0.48,0.48,2.45,0.48,0.48,-23.96,-23.96,-85.1,23.96,23.96,False,False,True,False,False,False,False,False,False,2026-09-16
0643,0643.HK,CARRY WEALTH,恒富控股,1.58,"10,000",Equity,Equity Securities (Main Board),0.176,0.179,0.179,0.176,70000,0.01,0.176,0.177,-0.23,-0.68,-0.56,0.57,-4.35,0.34,0.97,1.4,0.34,0.97,-48.12,-81.55,-87.21,48.99,81.86,False,False,False,False,False,False,False,False,False,2026-09-16
0646,0646.HK,CHINA ENV TEC,中国环保科技,0.89,"8,000",Equity,Equity Securities (Main Board),0.26,0.265,0.27,0.26,688000,0.18,0.278,0.273,-6.47,-4.62,-7.14,-7.14,-14.75,0.4,0.45,6.2,0.4,0.45,-31.65,-40.0,-95.65,34.18,42.22,False,False,False,False,False,False,False,False,False,2026-09-16
0648,0648.HK,SOFTMEDX,京玖康疗,0.55,"1,000",Equity,Equity Securities (Main Board),0.515,0.52,0.525,0.5,586537,0.3,0.538,0.532,-4.28,-3.29,-0.96,-6.36,-2.83,23.0,23.0,29.6,23.0,23.0,-97.72,-97.72,-98.23,97.76,97.76,False,False,False,False,False,False,False,False,False,2026-09-16
0650,0650.HK,PRODUCTIVE TECH,普达特科技,14.09,"2,000",Equity,Equity Securities (Main Board),0.19,0.204,0.204,0.19,822000,0.16,0.189,0.192,0.42,-1.04,0.53,0.53,0.53,0.9,0.9,3.11,0.9,0.9,-77.33,-77.33,-93.44,78.89,78.89,False,False,False,False,False,False,False,False,False,2026-09-16
0655,0655.HK,HK CHINESE LTD,香港华人有限公司,8.59,"2,000",Equity,Equity Securities (Main Board),0.43,0.425,0.43,0.42,116000,0.05,0.421,0.425,2.14,1.18,3.61,2.38,1.18,0.53,0.53,1.6,0.53,0.53,-18.87,-18.87,-73.12,18.87,18.87,False,False,False,True,False,False,False,False,False,2026-09-16
0656,0656.HK,FOSUN INTL,复星国际,403.91,500,Equity,Equity Securities (Main Board),4.97,4.95,5.0,4.9,5069628,25.2,5.038,5.104,-1.35,-2.63,-0.2,-0.9,-3.31,5.66,6.81,20.2,5.66,6.81,-11.74,-26.58,-75.25,12.27,27.02,False,False,False,False,False,False,False,False,False,2026-09-16
0657,0657.HK,G-VISION INT'L,环科国际,0.74,"2,000",Equity,Equity Securities (Main Board),0.038,0.033,0.038,0.031,1104000,0.04,0.037,0.033,2.15,14.8,0.0,0.0,0.0,0.05,0.06,0.38,0.05,0.06,-30.91,-34.48,-90.13,30.91,34.48,False,False,False,True,False,False,False,False,False,2026-09-16
0658,0658.HK,C TRANSMISSION,中国高速传动,17.42,"1,000",Equity,Equity Securities (Main Board),1.065,1.1,1.145,1.065,126000,0.13,1.054,1.045,1.04,1.91,-3.62,4.41,0.47,2.56,2.56,13.82,2.56,2.56,-55.27,-55.27,-91.71,58.4,58.4,False,False,False,False,False,False,False,False,False,2026-09-16
0659,0659.HK,CTF SERVICES,周大福创建,357.54,"1,000",Equity,Equity Securities (Main Board),7.83,7.76,7.855,7.74,770900,6.04,7.833,7.932,-0.04,-1.28,0.71,0.13,-2.43,9.57,9.57,19.91,9.57,9.57,-17.92,-17.92,-60.55,18.18,18.18,False,False,False,False,False,False,False,False,False,2026-09-16
0661,0661.HK,CDAYENONFER,中国大冶有色金属,24.52,"2,000",Equity,Equity Securities (Main Board),0.137,0.133,0.139,0.133,17466000,2.39,0.145,0.155,-5.78,-11.78,4.58,-8.67,-20.81,0.24,0.24,0.24,0.24,0.24,-41.84,-41.84,-41.84,42.68,42.68,False,False,False,False,False,False,False,False,False,2026-09-16
0664,0664.HK,TONGSHIFU,铜师傅,7.53,100,Equity,Equity Securities (Main Board),12.1,12.5,12.55,12.02,3300,0.04,12.42,12.663,-2.58,-4.45,-2.34,-3.2,-2.89,42.0,42.0,42.0,42.0,42.0,-70.12,-70.12,-70.12,71.19,71.19,False,False,False,False,False,False,False,False,False,2026-09-16
0666,0666.HK,REPT BATTERO,瑞浦兰钧,85.03,200,Equity,Equity Securities (Main Board),9.1,9.0,9.155,8.745,2513850,22.88,9.223,9.595,-1.33,-5.16,0.61,-2.26,-8.45,18.87,24.4,24.4,18.87,24.4,-51.48,-62.48,-62.48,51.78,62.7,False,False,False,False,False,False,False,False,False,2026-09-16
0667,0667.HK,CHINA EAST EDU,中国东方教育,85.74,500,Equity,Equity Securities (Main Board),3.865,3.905,3.915,3.83,1773516,6.85,3.919,4.013,-1.38,-3.69,-1.53,-2.64,-3.01,7.0,9.15,20.85,7.0,9.15,-44.07,-57.21,-81.22,44.79,57.76,False,False,False,False,False,False,False,False,False,2026-09-16
0669,0669.HK,TECHTRONIC IND,创科实业,2368.16,500,Equity,Equity Securities (Main Board),129.6,129.6,130.9,127.2,3653123,473.44,128.26,130.34,1.04,-0.57,0.0,2.05,-1.59,150.0,150.0,180.0,150.0,150.0,-12.73,-12.73,-27.28,13.6,13.6,False,False,True,False,False,False,False,False,False,2026-09-16
0670,0670.HK,CHINA EAST AIR,中国东方航空股份,129.61,"2,000",Equity,Equity Securities (Main Board),2.56,2.53,2.57,2.5,7198000,18.43,2.609,2.663,-1.88,-3.89,0.99,-4.12,-6.57,6.4,6.4,7.43,6.4,6.4,-59.84,-59.84,-65.41,60.0,60.0,False,False,False,False,False,False,False,False,False,2026-09-16
0672,0672.HK,ZHONGAN GROUP,众安集团,4.17,"1,000",Equity,Equity Securities (Main Board),0.074,0.072,0.074,0.07,143400,0.01,0.077,0.078,-3.65,-4.64,-3.9,-3.9,-5.13,0.13,0.21,1.4,0.13,0.21,-44.78,-64.59,-94.71,44.78,64.59,False,False,False,False,False,False,False,False,False,2026-09-16
0674,0674.HK,CHINA TANGSHANG,中国唐商,1.92,"4,000",Equity,Equity Securities (Main Board),0.056,0.056,0.056,0.056,8000,0.0,0.054,0.051,2.94,10.02,3.7,3.7,5.66,0.09,0.24,0.8,0.09,0.24,-37.08,-76.47,-93.0,37.08,76.47,False,False,False,False,False,False,False,False,False,2026-09-16
0677,0677.HK,GOLDEN RES DEV,金源发展国际实业,6.28,"2,000",Equity,Equity Securities (Main Board),0.37,0.37,0.37,0.365,414000,0.15,0.369,0.387,0.27,-4.27,0.0,-1.33,-7.5,0.41,0.68,1.65,0.41,0.68,-10.84,-45.59,-77.58,10.84,45.59,False,False,False,False,False,False,False,False,False,2026-09-16
0679,0679.HK,ASIA TELE-NET,亚洲联网科技,18.92,"5,000",Equity,Equity Securities (Main Board),4.995,4.6,5.35,4.49,1696000,8.47,5.044,5.208,-0.97,-4.1,10.26,-3.1,-15.77,21.2,21.2,21.2,21.2,21.2,-74.76,-74.76,-74.76,76.44,76.44,False,False,False,False,False,False,False,False,False,2026-09-16
0681,0681.HK,CHI PEOPLE HOLD,中民控股,2.68,"2,000",Equity,Equity Securities (Main Board),0.03,0.03,0.03,0.029,2878000,0.09,0.03,0.03,-0.66,0.67,3.45,-3.23,-6.25,0.05,0.05,0.15,0.05,0.05,-43.4,-43.4,-79.45,43.4,43.4,False,False,False,False,False,False,False,False,False,2026-09-16
0682,0682.HK,CHAODA MODERN,超大现代,0.43,"10,000",Equity,Equity Securities (Main Board),0.22,0.22,0.22,0.22,18200,0.0,0.217,0.217,1.2,1.62,3.29,0.46,2.33,0.33,0.84,6.8,0.33,0.84,-33.33,-73.81,-96.76,33.33,73.81,False,False,False,False,False,False,False,False,False,2026-09-16
0683,0683.HK,KERRY PPT,嘉里建设,254.41,500,Equity,Equity Securities (Main Board),17.53,17.28,17.61,17.22,981000,17.2,17.732,18.184,-1.14,-3.6,1.1,-2.29,-5.35,26.1,26.1,44.9,26.1,26.1,-32.53,-32.53,-60.78,32.84,32.84,False,False,False,False,False,False,False,False,False,2026-09-16
0684,0684.HK,ALLAN INT'L,亚伦国际,1.48,"2,000",Equity,Equity Securities (Main Board),0.445,0.425,0.445,0.425,170000,0.08,0.437,0.427,1.83,4.22,4.71,5.95,-1.11,0.61,1.26,2.5,0.61,1.26,-27.05,-64.68,-82.2,27.05,64.68,False,False,False,True,False,False,False,False,False,2026-09-16
0687,0687.HK,TYSAN HOLDINGS,泰升集团,11.78,"2,000",Equity,Equity Securities (Main Board),0.35,0.35,0.35,0.35,2000,0.0,0.342,0.34,2.34,2.94,2.94,4.48,4.48,0.36,0.42,8.48,0.36,0.42,-2.78,-16.67,-95.87,2.78,16.67,False,False,False,False,False,False,False,True,False,2026-09-16
0688,0688.HK,CHINA OVERSEAS,中国海外发展,1322.14,500,Equity,Equity Securities (Main Board),12.08,12.01,12.13,11.75,23397570,282.64,12.354,12.699,-2.22,-4.87,-0.33,-3.21,-6.79,16.7,18.58,32.2,16.7,18.58,-27.37,-34.71,-62.33,27.66,34.98,False,False,False,False,False,False,False,False,False,2026-09-16
0689,0689.HK,EPI (HOLDINGS),长盈集团（控股）,2.73,"15,000",Equity,Equity Securities (Main Board),0.147,0.141,0.149,0.133,600000,0.09,0.143,0.142,2.65,3.59,3.52,3.52,4.26,0.36,0.39,10.6,0.36,0.39,-58.61,-61.79,-98.59,59.17,62.31,False,False,False,True,False,False,False,False,False,2026-09-16
0690,0690.HK,UNI-BIO GROUP,联康生物科技集团,4.36,"20,000",Equity,Equity Securities (Main Board),0.073,0.074,0.074,0.07,780000,0.06,0.073,0.068,-0.54,7.51,0.0,-1.35,7.35,0.13,0.17,0.23,0.13,0.17,-41.73,-55.95,-67.83,42.52,56.55,False,False,False,False,False,False,False,False,False,2026-09-16
0691,0691.HK,SHANSHUI CEMENT,山水水泥,9.62,"1,000",Equity,Equity Securities (Main Board),0.221,0.25,0.25,0.221,121000,0.03,0.25,0.257,-11.67,-13.87,-13.33,-15.0,-15.0,0.62,1.09,6.29,0.62,1.09,-59.68,-77.06,-96.03,64.35,79.72,False,False,False,False,False,False,False,False,False,2026-09-16
0694,0694.HK,BEIJING AIRPORT,北京首都机场股份,28.85,"2,000",Equity,Equity Securities (Main Board),1.535,1.515,1.535,1.5,4236000,6.5,1.529,1.535,0.39,-0.03,1.66,0.66,-0.32,2.77,3.81,14.1,2.77,3.81,-44.58,-59.71,-89.11,44.58,59.71,False,False,False,False,False,False,False,False,False,2026-09-16
0695,0695.HK,DONGWU CEMENT,东吴水泥,44.16,"2,000",Equity,Equity Securities (Main Board),8.0,7.7,8.0,7.7,808000,6.46,7.833,7.887,2.13,1.43,2.56,3.69,1.52,10.06,10.06,10.06,10.06,10.06,-20.48,-20.48,-20.48,20.48,20.48,False,False,False,True,False,False,False,False,False,2026-09-16
0696,0696.HK,TRAVELSKY TECH,中国民航信息网络,81.27,"1,000",Equity,Equity Securities (Main Board),8.715,8.625,8.755,8.555,2630000,22.92,8.682,8.731,0.38,-0.18,1.04,0.52,-0.8,11.24,14.9,28.0,11.24,14.9,-22.11,-41.24,-68.73,22.46,41.51,False,False,False,False,False,False,False,False,False,2026-09-16
0697,0697.HK,SHOUCHENG,首程控股,106.59,"2,000",Equity,Equity Securities (Main Board),1.34,1.335,1.34,1.3,18004000,24.13,1.352,1.375,-0.89,-2.51,0.37,-2.9,-3.25,2.43,2.68,2.88,2.43,2.68,-44.86,-50.0,-53.47,44.86,50.0,False,False,False,False,False,False,False,False,False,2026-09-16
0698,0698.HK,TONGDA GROUP,通达集团,4.5,"1,000",Equity,Equity Securities (Main Board),2.31,2.275,2.43,2.275,40800,0.09,2.396,2.405,-3.59,-3.95,2.21,-4.55,-10.47,4.01,8.6,135.82,4.01,8.6,-39.4,-71.74,-98.21,42.39,73.14,False,False,False,False,False,False,False,False,False,2026-09-16
0700,0700.HK,TENCENT,腾讯控股,39418.1,100,Equity,Equity Securities (Main Board),433.4,438.8,438.8,432.6,12686515,5498.34,431.36,434.04,0.47,-0.15,-1.23,1.17,-0.14,639.0,683.0,714.9,639.0,683.0,-31.33,-35.75,-38.62,32.18,36.54,False,False,False,False,False,False,False,False,False,2026-09-16
0701,0701.HK,CNT GROUP,CNT GROUP,1.77,"2,000",Equity,Equity Securities (Main Board),0.093,0.093,0.093,0.093,268000,0.02,0.093,0.092,0.22,0.76,1.09,0.0,0.0,0.29,0.36,0.84,0.29,0.36,-68.47,-74.17,-88.93,68.47,74.17,False,False,False,False,False,False,False,False,False,2026-09-16
0709,0709.HK,GIORDANO INT'L,佐丹奴国际,21.5,"2,000",Equity,Equity Securities (Main Board),1.33,1.335,1.34,1.33,826000,1.1,1.361,1.378,-2.28,-3.48,-0.75,-4.66,-4.66,1.55,2.82,5.35,1.55,2.82,-13.55,-52.48,-74.95,14.19,52.84,False,False,False,False,False,False,False,False,False,2026-09-16
0710,0710.HK,BOE VARITRONIX,京东方精电,31.11,"1,000",Equity,Equity Securities (Main Board),3.93,3.8,3.97,3.79,1839000,7.23,3.875,4.051,1.42,-2.99,3.42,2.61,-3.91,5.64,8.83,20.5,5.64,8.83,-29.61,-55.04,-80.63,30.32,55.49,False,False,False,False,False,False,False,False,False,2026-09-16
0711,0711.HK,ASIA ALLIED INF,亚洲联合基建控股,7.92,"2,000",Equity,Equity Securities (Main Board),0.43,0.425,0.43,0.425,586000,0.25,0.437,0.434,-1.6,-0.81,-1.15,-3.37,0.0,0.47,0.56,1.38,0.47,0.56,-9.47,-23.21,-68.84,9.47,23.21,False,False,False,False,False,False,False,True,False,2026-09-16
0712,0712.HK,COMTEC SOLAR,卡姆丹克太阳能,0.63,"10,000",Equity,Equity Securities (Main Board),0.059,0.057,0.071,0.056,1152500,0.07,0.059,0.059,0.68,-0.17,3.51,1.72,-1.67,0.14,0.27,2.08,0.14,0.27,-47.41,-73.7,-96.59,56.3,78.15,False,False,False,False,False,False,False,False,False,2026-09-16
0713,0713.HK,WORLD HOUSEWARE,世界（集团）,2.5,"2,000",Equity,Equity Securities (Main Board),0.315,0.315,0.315,0.315,70000,0.02,0.322,0.322,-2.17,-2.02,0.0,-4.55,-1.56,0.45,0.72,1.21,0.45,0.72,-30.0,-56.25,-73.97,30.0,56.25,False,False,False,False,False,False,False,False,False,2026-09-16
0716,0716.HK,SINGAMAS CONT,胜狮货柜,9.65,"2,000",Equity,Equity Securities (Main Board),0.405,0.41,0.41,0.405,12000,0.0,0.416,0.429,-2.64,-5.59,0.0,-5.81,-7.95,0.72,1.03,2.05,0.72,1.03,-43.06,-60.19,-80.0,43.75,60.68,False,False,False,False,False,False,False,False,False,2026-09-16
0717,0717.HK,EMPEROR CAPITAL,英皇资本,4.38,"6,000",Equity,Equity Securities (Main Board),0.065,0.065,0.067,0.064,2667000,0.17,0.065,0.067,-0.61,-2.99,0.0,0.0,-2.99,0.1,0.16,0.86,0.1,0.16,-35.58,-57.32,-92.21,37.5,58.6,False,False,False,False,False,False,False,False,False,2026-09-16
0718,0718.HK,TAI UNITED HOLD,太和控股,1.57,"5,000",Equity,Equity Securities (Main Board),0.03,0.029,0.029,0.029,20000,0.0,0.031,0.031,-4.46,-4.46,-3.23,-6.25,-3.23,0.04,0.25,1.85,0.04,0.25,-19.44,-88.63,-98.43,16.67,88.24,False,False,False,False,False,False,False,False,False,2026-09-16
0719,0719.HK,SHANDONG XINHUA,山东新华制药股份,10.67,"2,000",Equity,Equity Securities (Main Board),5.47,5.51,5.51,5.415,190000,1.04,5.474,5.558,-0.07,-1.59,0.83,0.64,-3.36,7.25,9.46,17.0,7.25,9.46,-24.0,-41.75,-67.59,24.55,42.18,False,False,False,False,False,False,False,False,False,2026-09-16
0720,0720.HK,AUTO ITALIA,意达利控股,16.58,"25,000",Equity,Equity Securities (Main Board),0.27,0.27,0.27,0.27,125000,0.03,0.272,0.284,-0.74,-4.93,0.0,-1.82,-1.82,0.45,0.45,0.45,0.45,0.45,-40.0,-40.0,-40.0,40.0,40.0,False,False,False,False,False,False,False,False,False,2026-09-16
0721,0721.HK,C FIN INT INV,中国金融国际,2.5,"10,000",Equity,Investment Companies,0.114,0.119,0.119,0.119,50000,0.01,0.114,0.117,0.18,-2.81,-0.87,0.88,-4.2,0.51,1.7,2.8,0.51,1.7,-76.89,-93.0,-95.75,77.86,93.29,False,False,False,False,False,False,False,False,False,2026-09-16
0723,0723.HK,RELIANCE GLO HL,信保环球控股,2.84,"30,000",Equity,Equity Securities (Main Board),0.26,0.26,0.26,0.255,480000,0.12,0.259,0.255,0.39,2.0,1.96,0.0,1.96,0.35,0.57,1.35,0.35,0.57,-25.71,-54.39,-80.74,25.71,54.39,False,False,False,False,False,False,False,False,False,2026-09-16
0725,0725.HK,PERENNIAL INT'L,恒都集团,2.03,"2,000",Equity,Equity Securities (Main Board),1.02,1.02,1.02,1.02,26000,0.03,0.995,1.001,2.51,1.9,3.55,3.55,2.51,1.51,1.51,1.95,1.51,1.51,-32.45,-32.45,-47.69,32.45,32.45,False,False,False,False,False,False,False,False,False,2026-09-16
0726,0726.HK,DIT GROUP,筑友智造科技,1.02,"5,000",Equity,Equity Securities (Main Board),0.033,0.033,0.033,0.033,95000,0.0,0.033,0.034,0.0,-2.94,0.0,0.0,-5.71,0.06,0.22,1.8,0.06,0.22,-41.07,-85.33,-98.17,41.07,85.33,False,False,False,False,False,False,False,False,False,2026-09-16
0727,0727.HK,SINOPROS CORP,中国丰汇,6.42,"10,000",Equity,Equity Securities (Main Board),0.505,0.53,0.53,0.53,10000,0.01,0.461,0.463,9.54,8.95,12.22,12.22,12.22,0.99,4.38,46.8,0.99,4.38,-46.46,-87.9,-98.87,48.99,88.47,False,False,False,False,False,False,False,False,False,2026-09-16
0728,0728.HK,CHINA TELECOM,中国电信,627.95,"2,000",Equity,Equity Securities (Main Board),4.525,4.51,4.53,4.46,41449155,187.56,4.548,4.574,-0.51,-1.06,0.67,0.11,-0.55,5.89,6.98,6.98,5.89,6.98,-23.09,-35.1,-35.1,23.17,35.17,False,False,False,False,False,False,False,False,False,2026-09-16
0732,0732.HK,TRULY INT'L,信利国际,23.53,"2,000",Equity,Equity Securities (Main Board),0.805,0.825,0.825,0.805,1748000,1.41,0.821,0.826,-1.95,-2.54,-2.42,-2.42,-2.42,1.12,1.34,4.18,1.12,1.34,-26.34,-38.43,-80.26,28.12,39.93,False,False,False,False,False,False,False,False,False,2026-09-16
0736,0736.HK,CHINA PPT INV,中国置业投资,0.55,"3,000",Equity,Equity Securities (Main Board),0.171,0.162,0.17,0.162,51005,0.01,0.175,0.183,-2.51,-6.51,2.4,-5.0,-9.52,0.76,1.03,7.6,0.76,1.03,-77.63,-83.5,-97.76,77.5,83.4,False,False,False,False,False,False,False,False,False,2026-09-16
0737,0737.HK,BAY AREA DEV,湾区发展,66.8,500,Equity,Equity Securities (Main Board),2.005,1.99,2.005,1.975,606040,1.22,1.983,1.972,1.11,1.7,1.26,1.01,1.78,2.01,2.01,5.2,2.01,2.01,-0.25,-0.25,-61.44,0.25,0.25,False,False,True,False,False,False,False,True,True,2026-09-16
0743,0743.HK,ASIA CEMENT CH,亚洲水泥（中国）,26.32,500,Equity,Equity Securities (Main Board),1.68,1.66,1.685,1.66,138000,0.23,1.992,2.031,-15.66,-17.28,-18.84,-18.84,-18.84,2.07,3.71,14.04,2.07,3.71,-18.6,-54.58,-88.0,18.84,54.72,False,False,False,False,False,False,False,False,False,2026-09-16
0745,0745.HK,CN CULTURE GP,中国国家文化产业,11.06,"2,000",Equity,Equity Securities (Main Board),4.72,4.8,4.82,4.725,152025,0.72,4.869,4.792,-3.06,-1.5,-1.36,-5.13,-4.55,7.21,7.21,11.4,7.21,7.21,-33.15,-33.15,-57.72,34.54,34.54,False,False,False,False,False,False,False,False,False,2026-09-16
0746,0746.HK,L & M CHEMICAL,理文化工,37.25,"2,000",Equity,Equity Securities (Main Board),4.515,4.36,4.545,4.335,282250,1.27,4.421,4.393,2.13,2.77,3.2,0.89,2.15,6.42,6.42,13.78,6.42,6.42,-29.21,-29.21,-67.02,29.67,29.67,False,False,False,True,False,False,False,False,False,2026-09-16
0747,0747.HK,SHENYANG PUBLIC,渖阳公用发展股份,0.38,"2,000",Equity,Equity Securities (Main Board),0.063,0.058,0.067,0.057,250000,0.02,0.072,0.073,-12.26,-13.58,-5.97,-21.25,-23.17,0.14,0.14,0.61,0.14,0.14,-53.79,-53.79,-89.02,56.55,56.55,False,False,False,False,False,False,False,False,False,2026-09-16
0750,0750.HK,SFSY ENERGY,水发兴业能源,4.64,"1,000",Equity,Equity Securities (Main Board),0.184,0.185,0.185,0.184,38000,0.01,0.186,0.187,-0.86,-1.71,-0.54,-2.13,-2.13,0.27,0.5,4.48,0.27,0.5,-31.48,-63.0,-95.87,31.85,63.2,False,False,False,False,False,False,False,False,False,2026-09-16
0751,0751.HK,SKYWORTH GROUP,创维集团,73.03,"2,000",Equity,Equity Securities (Main Board),3.86,3.86,3.895,3.84,476841,1.84,3.953,4.026,-2.35,-4.14,-1.15,-3.98,-4.81,7.59,7.59,7.59,7.59,7.59,-48.68,-48.68,-48.68,49.14,49.14,False,False,False,False,False,False,False,False,False,2026-09-16
0752,0752.HK,PICO FAR EAST,PICO FAR EAST,26.63,"2,000",Equity,Equity Securities (Main Board),2.085,2.09,2.105,2.08,678000,1.41,2.107,2.139,-1.04,-2.55,-0.48,-1.42,-2.34,2.96,2.96,3.54,2.96,2.96,-28.89,-28.89,-40.54,29.56,29.56,False,False,False,False,False,False,False,False,False,2026-09-16
0753,0753.HK,AIR CHINA,中国国航,179.39,"2,000",Equity,Equity Securities (Main Board),3.62,3.565,3.625,3.56,12538000,45.39,3.685,3.748,-1.76,-3.42,0.98,-5.36,-5.11,7.77,7.77,12.86,7.77,7.77,-53.35,-53.35,-71.81,53.41,53.41,False,False,False,False,False,False,False,False,False,2026-09-16
0755,0755.HK,DEVGREAT,大方广瑞德,0.52,"5,000",Equity,Equity Securities (Main Board),0.29,0.29,0.29,0.29,35000,0.01,0.264,0.275,9.85,5.26,13.73,11.54,11.54,0.44,4.5,26.0,0.44,4.5,-34.83,-93.56,-98.88,34.83,93.56,False,False,False,False,False,False,False,False,False,2026-09-16
0756,0756.HK,SUMMI,森美控股,3.24,"8,000",Equity,Equity Securities (Main Board),0.95,0.95,0.95,0.95,8000,0.01,0.99,0.997,-4.04,-4.67,-5.0,-5.0,-5.0,1.28,5.0,13.5,1.28,5.0,-25.78,-81.0,-92.96,25.78,81.0,False,False,False,False,False,False,False,False,False,2026-09-16
0757,0757.HK,SOLARGIGA,阳光能源,1.89,"1,000",Equity,Equity Securities (Main Board),0.057,0.056,0.057,0.056,10000,0.0,0.058,0.058,-1.04,-2.4,1.79,-1.72,-5.0,0.1,0.2,0.75,0.1,0.2,-44.12,-71.21,-92.4,44.12,71.21,False,False,False,False,False,False,False,False,False,2026-09-16
0759,0759.HK,CEC INT'L HOLD,CEC INT'L HOLD,1.38,"2,000",Equity,Equity Securities (Main Board),0.207,0.207,0.207,0.207,10000,0.0,0.209,0.21,-0.96,-1.62,-0.48,-1.43,-1.43,0.28,0.56,1.34,0.28,0.56,-24.73,-63.04,-84.55,24.73,63.04,False,False,False,False,False,False,False,False,False,2026-09-16
0762,0762.HK,CHINA UNICOM,中国联通,1768.57,"2,000",Equity,Equity Securities (Main Board),5.78,5.815,5.845,5.725,18995506,109.79,5.86,5.771,-1.37,0.16,-0.52,-0.77,0.09,8.28,11.56,13.24,8.28,11.56,-29.41,-49.44,-55.85,30.19,50.0,False,False,False,False,False,False,False,False,False,2026-09-16
0763,0763.HK,ZTE,中兴通讯,170.89,200,Equity,Equity Securities (Main Board),22.62,22.58,22.86,22.46,6214769,140.58,22.728,23.136,-0.48,-2.23,0.71,-1.57,-3.66,32.1,46.46,46.46,32.1,46.46,-28.79,-50.8,-50.8,29.53,51.31,False,False,False,False,False,False,False,False,False,2026-09-16
0764,0764.HK,ETERNITY INV,永恒策略,0.93,"10,000",Equity,Equity Securities (Main Board),0.23,0.242,0.243,0.22,60114,0.01,0.254,0.256,-9.45,-10.16,-11.54,-11.54,-11.54,1.32,1.32,3.45,1.32,1.32,-81.59,-81.59,-92.96,82.58,82.58,False,False,False,False,False,False,False,False,False,2026-09-16
0767,0767.HK,ZHONG JI LS,中基长寿科学,2.93,"10,000",Equity,Equity Securities (Main Board),0.46,0.48,0.48,0.46,1232000,0.57,0.475,0.473,-3.16,-2.75,-3.16,-4.17,-4.17,0.6,0.72,9.9,0.6,0.72,-19.33,-33.33,-95.15,22.69,36.11,False,False,False,False,False,False,False,False,False,2026-09-16
0771,0771.HK,AUTOMATED SYS,自动系统,5.92,"2,000",Equity,Equity Securities (Main Board),0.705,0.71,0.71,0.705,34520,0.02,0.73,0.733,-3.42,-3.75,-3.42,-4.73,-5.37,0.99,1.09,2.3,0.99,1.09,-28.28,-34.86,-69.13,28.79,35.32,False,False,False,False,False,False,False,False,False,2026-09-16
0772,0772.HK,CHINA LIT,阅文集团,193.53,200,Equity,Equity Securities (Main Board),19.08,18.92,19.16,18.75,3379590,64.48,19.356,20.156,-1.43,-5.34,0.74,-3.05,-5.07,44.68,46.88,110.0,44.68,46.88,-57.12,-59.13,-82.58,57.3,59.3,False,False,False,False,False,False,False,False,False,2026-09-16
0775,0775.HK,CKLIFE SCIENCES,长江生命科技,52.86,"2,000",Equity,Equity Securities (Main Board),0.55,0.535,0.55,0.535,1544000,0.85,0.551,0.562,-0.18,-2.05,1.85,-1.79,-0.9,0.89,1.1,1.34,0.89,1.1,-38.2,-50.0,-58.96,38.2,50.0,False,False,False,False,False,False,False,False,False,2026-09-16
0776,0776.HK,IMPERIUM TEC GP,帝国科技集团,1.6,"5,000",Equity,Equity Securities (Main Board),0.238,0.238,0.239,0.238,245000,0.06,0.232,0.236,2.41,0.68,4.39,-0.83,2.59,1.34,9.87,34.7,1.34,9.87,-82.16,-97.58,-99.31,82.24,97.59,False,False,False,False,False,False,False,False,False,2026-09-16
0777,0777.HK,NETDRAGON,网龙,42.06,500,Equity,Equity Securities (Main Board),7.995,7.84,8.18,7.83,3192500,25.52,7.603,7.843,5.16,1.94,1.98,8.19,7.24,12.08,16.8,34.35,12.08,16.8,-32.28,-51.31,-76.19,33.82,52.41,True,False,False,True,False,False,False,False,False,2026-09-16
0780,0780.HK,TONGCHENGTRAVEL,同程旅行,250.5,400,Equity,Equity Securities (Main Board),10.64,10.44,10.66,10.25,11556400,122.96,10.662,11.058,-0.21,-3.78,1.33,0.66,-3.88,25.42,25.42,25.42,25.42,25.42,-58.06,-58.06,-58.06,58.14,58.14,False,False,False,False,False,False,False,False,False,2026-09-16
0784,0784.HK,AILIFE INTL,爱生命国际,4.68,"10,000",Equity,Equity Securities (Main Board),0.585,0.58,0.585,0.58,150000,0.09,0.601,0.626,-2.66,-6.62,-0.85,-2.5,-8.59,1.35,1.35,3.07,1.35,1.35,-56.67,-56.67,-80.94,56.67,56.67,False,False,False,False,False,False,False,False,False,2026-09-16
0788,0788.HK,CHINA TOWER,中国铁塔,422.07,500,Equity,Equity Securities (Main Board),9.045,9.0,9.045,8.945,15918810,143.99,9.044,9.085,0.01,-0.44,0.39,0.17,-0.71,11.76,12.85,23.3,11.76,12.85,-23.09,-29.61,-61.18,23.09,29.61,False,False,False,False,False,False,False,False,False,2026-09-16
0789,0789.HK,ARTINI HLDG,雅天妮集团,2.54,"5,000",Equity,Equity Securities (Main Board),0.96,1.015,1.015,0.96,55000,0.05,0.914,0.877,5.03,9.46,-5.42,17.79,12.94,2.33,4.5,4.5,2.33,4.5,-56.34,-77.44,-77.44,58.71,78.67,False,False,False,False,False,False,False,False,False,2026-09-16
0797,0797.HK,7ROAD,第七大道,27.71,"2,000",Equity,Equity Securities (Main Board),1.105,1.08,1.11,1.07,380000,0.42,1.111,1.104,-0.54,0.09,2.31,-1.78,-1.34,1.89,3.2,3.34,1.89,3.2,-41.27,-65.31,-66.77,41.53,65.47,False,False,False,False,False,False,False,False,False,2026-09-16
0799,0799.HK,IGG,IGG,35.61,"1,000",Equity,Equity Securities (Main Board),3.11,3.09,3.12,3.06,1144092,3.56,3.075,3.1,1.14,0.32,0.65,2.3,0.48,4.02,5.82,15.12,4.02,5.82,-22.39,-46.39,-79.37,22.64,46.56,True,False,False,True,False,False,False,False,False,2026-09-16
0800,0800.HK,WERIDE-W,文远知行－Ｗ,138.5,100,Equity,Equity Securities (Main Board),14.86,15.13,15.13,14.44,1985700,29.51,15.386,15.622,-3.42,-4.88,-3.88,-6.78,-7.7,25.98,25.98,25.98,25.98,25.98,-41.76,-41.76,-41.76,42.8,42.8,False,False,False,False,False,False,False,False,False,2026-09-16
0804,0804.HK,PINESTONE,鼎石资本,9.71,"5,000",Equity,Equity Securities (Main Board),14.12,14.22,14.32,13.8,210000,2.97,13.998,13.97,0.87,1.07,0.21,3.44,0.86,16.78,16.78,101.0,16.78,16.78,-14.66,-14.66,-85.82,15.85,15.85,True,False,True,True,False,False,False,False,False,2026-09-16
0805,0805.HK,NEW GONOW RV,新吉奥房车,95.23,"2,000",Equity,Equity Securities (Main Board),9.92,9.6,9.99,9.495,2151000,21.34,8.936,8.704,11.01,13.97,4.42,21.57,21.35,10.26,10.26,10.26,10.26,10.26,-2.63,-2.63,-2.63,3.31,3.31,True,False,False,False,False,False,False,True,True,2026-09-16
0806,0806.HK,VALUE PARTNERS,惠理集团,36.17,"1,000",Equity,Equity Securities (Main Board),1.98,1.985,1.99,1.975,486000,0.96,2.0,2.021,-1.0,-2.0,-0.25,-1.49,-3.41,2.72,3.03,10.28,2.72,3.03,-26.84,-34.32,-80.64,27.21,34.65,False,False,False,False,False,False,False,False,False,2026-09-16
0809,0809.HK,GLOBAL BIO-CHEM,大成生化科技,6.21,"10,000",Equity,Equity Securities (Main Board),0.37,0.37,0.37,0.37,15000,0.01,0.376,0.381,-1.6,-2.89,0.0,-1.33,-1.33,0.75,1.36,6.9,0.75,1.36,-50.67,-72.79,-94.64,50.67,72.79,False,False,False,False,False,False,False,False,False,2026-09-16
0810,0810.HK,CH CASTSON 81,中国铸晨８１,0.67,"6,000",Equity,Investment Companies,0.094,0.092,0.094,0.092,144000,0.01,0.094,0.094,-0.42,0.43,1.08,-1.05,0.0,0.17,1.2,25.4,0.17,1.2,-44.71,-92.17,-99.63,44.71,92.17,False,False,False,False,False,False,False,False,False,2026-09-16
0811,0811.HK,XINHUA WINSHARE,新华文轩,36.15,"1,000",Equity,Equity Securities (Main Board),8.18,8.0,8.185,7.985,1477000,12.08,8.011,7.989,2.11,2.39,2.25,3.02,1.43,11.15,12.4,12.4,11.15,12.4,-26.59,-33.99,-33.99,26.64,34.03,True,False,True,True,False,False,False,False,False,2026-09-16
0813,0813.HK,SHIMAO GROUP,世茂集团,4.05,500,Equity,Equity Securities (Main Board),0.039,0.039,0.041,0.039,32185500,1.26,0.039,0.045,0.0,-12.56,2.63,-2.5,-7.14,0.28,3.54,38.28,0.28,3.54,-85.09,-98.84,-99.89,85.82,98.9,False,False,False,False,False,False,False,False,False,2026-09-16
0815,0815.HK,CHI SILVER GP,中国白银集团,9.39,"2,000",Equity,Equity Securities (Main Board),0.238,0.232,0.242,0.227,22736000,5.41,0.239,0.249,-0.42,-4.61,3.48,-1.24,-8.46,0.86,0.93,2.8,0.86,0.93,-71.86,-73.98,-91.36,72.33,74.41,False,False,False,False,False,False,False,False,False,2026-09-16
0816,0816.HK,JINMAO SERVICES,金茂服务,19.35,500,Equity,Equity Securities (Main Board),2.14,2.16,2.165,2.105,278500,0.6,2.186,2.229,-2.1,-3.99,-0.47,-2.51,-5.31,2.83,3.55,7.4,2.83,3.55,-23.5,-39.01,-70.74,24.38,39.72,False,False,False,False,False,False,False,False,False,2026-09-16
0817,0817.HK,CHINA JINMAO,中国金茂,162.15,"2,000",Equity,Equity Securities (Main Board),1.2,1.19,1.21,1.15,64302000,77.16,1.219,1.276,-1.56,-5.92,0.0,-2.83,-5.14,2.04,2.04,6.23,2.04,2.04,-40.69,-40.69,-80.56,41.18,41.18,False,False,False,False,False,False,False,False,False,2026-09-16
0818,0818.HK,HI SUN TECH,高阳科技,9.58,"3,000",Equity,Equity Securities (Main Board),0.345,0.325,0.345,0.32,924000,0.32,0.331,0.337,4.23,2.37,7.81,4.55,4.55,0.54,0.73,3.25,0.54,0.73,-36.11,-52.74,-89.38,36.11,52.74,False,False,False,True,False,False,False,False,False,2026-09-16
0819,0819.HK,TIANNENG POWER,天能动力,45.5,"2,000",Equity,Equity Securities (Main Board),4.04,3.95,4.07,3.89,10694000,43.2,3.906,3.913,3.43,3.26,2.28,6.32,5.07,8.35,9.89,22.55,8.35,9.89,-51.26,-58.85,-81.95,51.62,59.15,False,False,False,True,False,False,False,False,False,2026-09-16
0821,0821.HK,VC HOLDINGS,汇盈控股,1.58,"8,000",Equity,Equity Securities (Main Board),0.425,0.41,0.43,0.405,21712000,9.23,0.418,0.435,1.67,-2.19,3.66,-3.41,-3.41,0.52,1.89,33.9,0.52,1.89,-18.1,-77.25,-98.73,19.05,77.51,False,False,False,False,False,False,False,False,False,2026-09-16
0822,0822.HK,KA SHUI INT'L,嘉瑞国际,2.73,"2,000",Equity,Equity Securities (Main Board),0.305,0.295,0.305,0.29,470000,0.14,0.305,0.316,0.0,-3.33,0.0,1.67,0.0,0.44,0.44,1.32,0.44,0.44,-30.68,-30.68,-76.89,30.68,30.68,False,False,False,False,False,False,False,False,False,2026-09-16
0825,0825.HK,NWDS CHINA,新世界百货中国,4.47,"1,000",Equity,Equity Securities (Main Board),0.265,0.255,0.27,0.255,2140000,0.57,0.27,0.271,-1.85,-2.03,3.92,-5.36,-1.85,0.42,0.64,2.19,0.42,0.64,-35.71,-57.81,-87.67,36.9,58.59,False,False,False,False,False,False,False,False,False,2026-09-16
0826,0826.HK,TIANGONG INT'L,天工国际,85.56,"2,000",Equity,Equity Securities (Main Board),3.14,3.21,3.225,3.13,14416000,45.27,3.2,3.186,-1.87,-1.46,-2.18,-3.68,-2.94,4.54,4.54,5.66,4.54,4.54,-28.96,-28.96,-43.02,30.84,30.84,False,False,False,False,False,False,False,False,False,2026-09-16
0827,0827.HK,KO YO GROUP,玖源集团,3.16,"4,000",Equity,Equity Securities (Main Board),0.045,0.042,0.045,0.039,4268000,0.19,0.044,0.045,1.35,0.0,4.65,4.65,0.0,0.09,0.12,0.41,0.09,0.12,-48.28,-63.11,-89.02,48.28,63.11,False,False,False,True,False,False,False,False,False,2026-09-16
0829,0829.HK,SHENGUAN HLDGS,神冠控股,7.66,"2,000",Equity,Equity Securities (Main Board),0.237,0.238,0.242,0.228,1694000,0.4,0.23,0.21,3.04,12.75,-0.42,4.87,4.41,0.28,0.34,0.74,0.28,0.34,-12.0,-28.82,-67.3,13.82,30.29,False,False,False,False,False,False,False,False,False,2026-09-16
0830,0830.HK,CSC DEVELOPMENT,中国建筑兴业,16.46,"2,000",Equity,Equity Securities (Main Board),0.73,0.71,0.73,0.7,72000,0.05,0.743,0.761,-1.75,-4.07,2.82,-2.67,-6.41,1.31,2.65,3.02,1.31,2.65,-44.27,-72.45,-75.83,44.27,72.45,False,False,False,False,False,False,False,False,False,2026-09-16
0831,0831.HK,CR ASIA,利亚零售,3.09,"2,000",Equity,Equity Securities (Main Board),0.395,0.395,0.395,0.395,12000,0.0,0.391,0.386,1.02,2.2,1.28,1.28,3.95,0.47,0.79,5.27,0.47,0.79,-15.05,-50.0,-92.5,15.05,50.0,False,False,False,False,False,False,False,False,False,2026-09-16
0832,0832.HK,CENTRAL CHINA,建业地产,0.97,"1,000",Equity,Equity Securities (Main Board),0.032,0.032,0.038,0.032,125000,0.0,0.034,0.035,-5.33,-7.25,-5.88,-15.79,-5.88,0.08,0.25,5.11,0.08,0.25,-50.0,-84.8,-99.26,57.89,87.2,False,False,False,False,False,False,False,False,False,2026-09-16
0833,0833.HK,ALLTRONICS,华讯,2.79,"4,000",Equity,Equity Securities (Main Board),0.59,0.585,0.63,0.585,288000,0.17,0.596,0.608,-1.01,-2.96,-2.48,-1.67,-4.07,1.44,1.44,6.34,1.44,1.44,-56.25,-56.25,-90.06,59.03,59.03,False,False,False,False,False,False,False,False,False,2026-09-16
0834,0834.HK,SHENGRONG HLDG,盛融控股,1.13,"4,000",Equity,Equity Securities (Main Board),0.25,0.227,0.25,0.227,104000,0.03,0.246,0.248,1.71,0.85,3.73,0.4,0.0,0.5,0.82,3.78,0.5,0.82,-50.0,-69.51,-93.39,50.0,69.51,False,False,False,True,False,False,False,False,False,2026-09-16
0836,0836.HK,CHINA RES POWER,华润电力,974.84,"2,000",Equity,Equity Securities (Main Board),18.83,18.66,18.94,18.66,4872623,91.75,18.826,18.82,0.02,0.05,0.37,0.27,-1.72,22.16,25.45,28.85,22.16,25.45,-14.53,-25.58,-34.35,15.03,26.01,False,False,False,True,False,False,False,False,False,2026-09-16
0837,0837.HK,CARPENTER TAN,谭木匠,14.4,500,Equity,Equity Securities (Main Board),5.79,5.8,5.8,5.79,589500,3.41,5.862,5.892,-1.23,-1.73,-0.26,-1.7,-2.44,8.05,8.68,8.68,8.05,8.68,-27.95,-33.18,-33.18,28.07,33.29,False,False,False,False,False,False,False,False,False,2026-09-16
0838,0838.HK,EVA HOLDINGS,亿和控股,12.11,"2,000",Equity,Equity Securities (Main Board),0.7,0.695,0.7,0.69,504000,0.35,0.711,0.728,-1.55,-3.85,-1.41,0.0,-6.04,1.09,1.32,2.58,1.09,1.32,-35.78,-46.97,-72.87,35.78,46.97,False,False,False,False,False,False,False,False,False,2026-09-16
0839,0839.HK,CHINA EDU GROUP,中教控股,52.09,"1,000",Equity,Equity Securities (Main Board),1.86,1.835,1.88,1.815,5335000,9.92,1.851,1.854,0.49,0.32,1.36,0.27,0.54,3.36,6.87,20.8,3.36,6.87,-44.05,-72.63,-90.96,44.64,72.93,False,False,False,True,False,False,False,False,False,2026-09-16
0842,0842.HK,LEOCH INT'L,理士国际,12.32,"1,000",Equity,Equity Securities (Main Board),0.86,0.86,0.865,0.86,11000,0.01,0.871,0.897,-1.26,-4.07,0.0,-1.15,-6.01,2.6,2.92,2.92,2.6,2.92,-66.73,-70.38,-70.38,66.92,70.55,False,False,False,False,False,False,False,False,False,2026-09-16
0844,0844.HK,GREATIME INTL,广泰国际控股,2.08,"4,000",Equity,Equity Securities (Main Board),0.42,0.415,0.42,0.385,52000,0.02,0.41,0.414,2.44,1.33,9.09,1.2,1.2,0.64,0.65,2.0,0.64,0.65,-34.38,-35.38,-79.0,34.38,35.38,False,False,False,True,False,False,False,False,False,2026-09-16
0846,0846.HK,MINGFA GROUP,明发集团,4.87,"1,000",Equity,Equity Securities (Main Board),0.08,0.076,0.08,0.076,49000,0.0,0.077,0.079,3.9,1.27,5.26,8.11,-1.23,0.14,0.36,1.89,0.14,0.36,-40.74,-77.78,-95.77,40.74,77.78,False,False,False,True,False,False,False,False,False,2026-09-16
0848,0848.HK,MAOYE INT'L,茂业国际,5.09,"1,000",Equity,Equity Securities (Main Board),0.099,0.099,0.099,0.099,5210000,0.52,0.099,0.101,0.41,-1.69,2.06,0.0,0.0,0.14,0.22,1.04,0.14,0.22,-31.72,-53.95,-90.48,31.72,53.95,False,False,False,False,False,False,False,False,False,2026-09-16
0852,0852.HK,STRONG PETRO,海峡石油化工,7.01,"2,000",Equity,Equity Securities (Main Board),0.33,0.169,0.495,0.169,21532660,7.11,0.199,0.182,66.0,80.92,98.8,98.8,98.8,0.17,0.49,1.78,0.5,0.5,198.19,1.02,-72.19,33.33,33.33,False,False,False,True,True,True,False,False,False,2026-09-16
0855,0855.HK,CHINA WATER,中国水务,70.27,"2,000",Equity,Equity Securities (Main Board),4.32,4.34,4.345,4.28,566000,2.45,4.342,4.383,-0.51,-1.43,-0.69,0.0,-2.59,5.71,7.05,11.56,5.71,7.05,-23.91,-38.37,-62.41,24.34,38.72,False,False,False,False,False,False,False,False,False,2026-09-16
0856,0856.HK,VSTECS,伟仕佳杰,133.83,"2,000",Equity,Equity Securities (Main Board),9.36,9.24,9.44,9.205,1532000,14.34,9.449,9.733,-0.94,-3.83,1.57,-1.37,-7.33,12.72,12.72,12.72,12.72,12.72,-25.79,-25.79,-25.79,26.42,26.42,False,False,False,False,False,False,False,False,False,2026-09-16
0857,0857.HK,PETROCHINA,中国石油股份,2065.58,"2,000",Equity,Equity Securities (Main Board),9.79,10.03,10.07,9.775,62332437,610.23,9.951,10.068,-1.62,-2.76,-1.85,-1.9,-6.14,12.22,12.22,12.22,12.22,12.22,-17.59,-17.59,-17.59,19.89,19.89,False,False,False,False,False,False,False,False,False,2026-09-16
0858,0858.HK,EXTRAWELL PHAR,精优药业,2.32,"10,000",Equity,Equity Securities (Main Board),0.08,0.081,0.082,0.08,2060000,0.16,0.08,0.079,0.5,1.39,-1.23,9.59,5.26,0.12,0.15,0.47,0.12,0.15,-28.7,-44.97,-82.37,30.43,46.31,False,False,False,False,False,False,False,False,False,2026-09-16
0859,0859.HK,ZHONGCHANG INTL,中昌国际控股,1.44,"2,000",Equity,Equity Securities (Main Board),0.128,0.116,0.128,0.116,80000,0.01,0.118,0.117,8.11,9.22,10.34,10.34,10.34,0.14,0.27,2.67,0.14,0.27,-11.72,-52.59,-95.21,11.72,52.59,False,False,False,True,False,False,False,False,False,2026-09-16
0860,0860.HK,APOLLO FMG,ＡＰＯＬＬＯ出行,6.54,"4,000",Equity,Equity Securities (Main Board),0.64,0.695,0.695,0.64,22000,0.01,0.658,0.586,-2.74,9.22,-1.54,-1.54,18.52,0.76,1.6,42.6,0.76,1.6,-8.55,-56.56,-98.37,15.79,60.0,False,False,False,False,False,False,False,False,False,2026-09-16
0861,0861.HK,DC HOLDINGS,神州控股,37.74,"1,000",Equity,Equity Securities (Main Board),2.255,2.075,2.26,2.035,2258014,5.09,2.124,1.931,6.17,16.81,4.4,8.94,26.33,3.95,3.98,7.48,3.95,3.98,-42.78,-43.22,-69.79,42.91,43.34,False,False,False,False,False,False,False,False,False,2026-09-16
0863,0863.HK,OSL GROUP,ＯＳＬ集团,93.57,500,Equity,Equity Securities (Main Board),10.37,10.4,10.5,9.99,1982675,20.56,10.236,10.553,1.31,-1.73,3.29,0.29,-1.24,20.18,20.3,25.0,20.18,20.3,-47.97,-48.28,-58.0,48.61,48.92,False,False,False,False,False,False,False,False,False,2026-09-16
0866,0866.HK,CHINA QINFA,中国秦发,52.02,"2,000",Equity,Equity Securities (Main Board),1.98,2.01,2.015,1.97,1278000,2.53,2.063,2.114,-4.02,-6.34,-1.98,-6.16,-10.0,4.34,4.34,4.34,4.34,4.34,-53.57,-53.57,-53.57,54.38,54.38,False,False,False,False,False,False,False,False,False,2026-09-16
0867,0867.HK,CMS,康哲药业,268.86,"1,000",Equity,Equity Securities (Main Board),11.05,10.85,11.11,10.81,5571833,61.57,10.948,11.005,0.93,0.41,1.38,2.5,-1.16,15.52,15.86,22.8,15.52,15.86,-28.41,-29.95,-51.27,28.8,30.33,False,False,False,True,False,False,False,False,False,2026-09-16
0868,0868.HK,XINYI GLASS,信义玻璃,373.01,"1,000",Equity,Equity Securities (Main Board),8.425,8.52,8.555,8.39,5385567,45.37,8.627,8.875,-2.34,-5.07,-1.12,-4.15,-7.32,12.35,12.35,34.2,12.35,12.35,-30.73,-30.73,-74.99,31.78,31.78,False,False,False,False,False,False,False,False,False,2026-09-16
0869,0869.HK,PLAYMATES TOYS,彩星玩具,5.33,"4,000",Equity,Equity Securities (Main Board),0.47,0.47,0.47,0.47,444000,0.21,0.475,0.473,-1.05,-0.63,0.0,-2.08,-2.08,0.5,0.85,1.63,0.5,0.85,-5.05,-44.71,-71.17,5.05,44.71,False,False,False,False,False,False,False,True,False,2026-09-16
0873,0873.HK,SHIMAO SERVICES,世茂服务,8.76,"1,000",Equity,Equity Securities (Main Board),0.355,0.355,0.365,0.355,131000,0.05,0.365,0.359,-2.74,-1.25,-2.74,1.43,2.9,0.69,1.82,27.55,0.69,1.82,-47.1,-79.95,-98.68,48.55,80.49,False,False,False,False,False,False,False,False,False,2026-09-16
0874,0874.HK,BAIYUNSHAN PH,白云山,28.96,"2,000",Equity,Equity Securities (Main Board),13.17,13.2,13.22,13.08,750100,9.88,13.28,13.424,-0.83,-1.89,-0.23,-1.05,-3.23,19.98,24.2,42.5,19.98,24.2,-33.83,-45.37,-68.89,34.08,45.58,False,False,False,False,False,False,False,False,False,2026-09-16
0875,0875.HK,CONGYU INTE AGR,从玉智农,2.03,"2,000",Equity,Equity Securities (Main Board),0.29,0.29,0.29,0.275,2299500,0.67,0.306,0.306,-5.23,-5.38,-1.69,-10.77,-15.94,1.85,8.0,48.0,1.85,8.0,-84.32,-96.38,-99.4,84.32,96.38,False,False,False,False,False,False,False,False,False,2026-09-16
0878,0878.HK,SOUNDWILL HOLD,金朝阳集团,17.01,500,Equity,Equity Securities (Main Board),6.005,6.005,6.04,6.005,7500,0.05,6.066,6.103,-1.01,-1.6,-0.74,-1.23,-0.74,7.4,8.26,20.55,7.4,8.26,-18.38,-26.88,-70.61,18.85,27.3,False,False,False,False,False,False,False,False,False,2026-09-16
0880,0880.HK,SJM HOLDINGS,澳博控股,98.72,"1,000",Equity,Equity Securities (Main Board),1.39,1.375,1.41,1.37,3824600,5.32,1.393,1.416,-0.22,-1.84,1.09,0.0,-2.11,2.52,3.54,11.15,2.52,3.54,-44.05,-60.17,-87.36,44.84,60.73,False,False,False,False,False,False,False,False,False,2026-09-16
0881,0881.HK,ZHONGSHENG HLDG,中升控股,73.26,500,Equity,Equity Securities (Main Board),3.095,3.155,3.155,3.06,11048510,34.2,3.169,3.352,-2.34,-7.65,-1.9,-2.98,-6.92,13.03,22.6,77.6,13.03,22.6,-75.79,-86.04,-95.93,76.25,86.31,False,False,False,False,False,False,False,False,False,2026-09-16
0882,0882.HK,TIANJIN DEV,天津发展,22.53,"2,000",Equity,Equity Securities (Main Board),2.1,2.09,2.1,2.09,112000,0.24,2.089,2.1,0.53,-0.0,0.48,1.2,0.24,2.76,2.98,5.02,2.76,2.98,-23.91,-29.53,-58.17,23.91,29.53,False,False,False,False,False,False,False,False,False,2026-09-16
0883,0883.HK,CNOOC,中国海洋石油,10849.93,"1,000",Equity,Equity Securities (Main Board),24.36,24.7,24.98,24.16,59274481,1443.93,24.54,24.906,-0.73,-2.19,-0.49,-0.08,-5.65,30.98,30.98,30.98,30.98,30.98,-19.37,-19.37,-19.37,21.37,21.37,False,False,False,False,False,False,False,False,False,2026-09-16
0884,0884.HK,CIFI HOLD GP,旭辉控股集团,6.03,"2,000",Equity,Equity Securities (Main Board),0.031,0.032,0.033,0.031,20228000,0.63,0.032,0.036,-3.73,-13.17,0.0,-6.06,-18.42,0.17,1.0,7.5,0.17,1.0,-80.92,-96.7,-99.56,82.08,96.9,False,False,False,False,False,False,False,False,False,2026-09-16
0887,0887.HK,EMPEROR WATCH&J,英皇钟表珠宝,21.04,"10,000",Equity,Equity Securities (Main Board),0.29,0.3,0.3,0.285,3580000,1.04,0.293,0.295,-1.02,-1.69,-1.69,0.0,-3.33,0.4,0.65,0.65,0.4,0.65,-24.05,-53.85,-53.85,26.58,55.38,False,False,False,False,False,False,False,False,False,2026-09-16
0889,0889.HK,DATRONIX HOLD,连达科技控股,1.28,"2,000",Equity,Equity Securities (Main Board),0.4,0.365,0.47,0.365,1002000,0.4,0.384,0.384,4.17,4.03,5.26,3.9,3.9,1.35,1.35,1.46,1.35,1.35,-65.19,-65.19,-67.81,70.37,70.37,False,False,False,True,False,False,False,False,False,2026-09-16
0893,0893.HK,CHINAVTM MINING,中国铁钛,1.44,"1,000",Equity,Equity Securities (Main Board),0.064,0.064,0.068,0.059,193000,0.01,0.065,0.068,-1.54,-5.74,0.0,-1.54,-8.57,0.11,0.15,0.47,0.11,0.15,-37.61,-54.67,-85.68,41.28,57.33,False,False,False,False,False,False,False,False,False,2026-09-16
0894,0894.HK,MAN YUE TECH,万裕科技,12.97,"2,000",Equity,Equity Securities (Main Board),2.705,2.515,2.945,2.485,10975000,29.69,2.342,2.059,15.5,31.41,7.13,30.68,34.58,8.58,8.58,8.58,8.58,8.58,-65.68,-65.68,-65.68,68.47,68.47,True,False,False,False,False,False,False,False,False,2026-09-16
0895,0895.HK,DONGJIANG ENV,东江环保,3.15,200,Equity,Equity Securities (Main Board),1.575,1.535,1.58,1.535,987200,1.55,1.585,1.613,-0.63,-2.36,2.94,-2.17,-1.87,3.05,3.7,14.02,3.05,3.7,-48.2,-57.3,-88.73,48.36,57.43,False,False,False,False,False,False,False,False,False,2026-09-16
0896,0896.HK,HANISON,兴胜创建,2.84,"2,000",Equity,Equity Securities (Main Board),0.265,0.248,0.265,0.248,18000,0.0,0.259,0.257,2.32,3.11,3.92,1.92,3.92,0.3,1.03,1.47,0.3,1.03,-11.67,-74.27,-81.97,11.67,74.27,False,False,False,True,False,False,False,False,False,2026-09-16
0897,0897.HK,WAI YUEN TONG,位元堂,3.79,"5,000",Equity,Equity Securities (Main Board),0.34,0.32,0.34,0.32,2076400,0.71,0.331,0.319,2.72,6.58,1.49,3.03,9.68,0.41,0.51,0.51,0.41,0.51,-18.07,-33.33,-33.33,18.07,33.33,False,False,False,False,False,False,False,False,False,2026-09-16
0899,0899.HK,ZHONG JIA GX,中加国信,0.98,"10,000",Equity,Equity Securities (Main Board),0.207,0.191,0.207,0.191,690000,0.14,0.193,0.188,7.03,9.93,8.95,8.95,8.95,0.29,3.5,31.0,0.29,3.5,-28.62,-94.09,-99.33,28.62,94.09,False,False,False,False,False,False,False,False,False,2026-09-16
0900,0900.HK,AEON CREDIT,AEON CREDIT,37.48,"2,000",Equity,Equity Securities (Main Board),8.95,9.015,9.015,8.95,96000,0.86,9.045,9.099,-1.05,-1.64,-0.83,-1.43,-1.92,9.28,9.28,9.28,9.28,9.28,-2.91,-2.91,-2.91,3.61,3.61,False,False,False,False,False,False,False,True,True,2026-09-16
0901,0901.HK,SDMC,华曦达,141.97,100,Equity,Equity Securities (Main Board),67.8,67.9,70.5,66.9,169800,11.51,68.48,70.065,-0.99,-3.23,1.35,-2.16,-1.81,88.45,88.45,88.45,88.45,88.45,-20.29,-20.29,-20.29,23.35,23.35,False,False,False,False,False,False,False,False,False,2026-09-16
0902,0902.HK,HUANENG POWER,华能国际电力股份,266.75,"2,000",Equity,Equity Securities (Main Board),5.675,5.675,5.735,5.635,10067854,57.14,5.717,5.721,-0.73,-0.81,0.0,-0.87,-3.73,7.63,7.63,7.63,7.63,7.63,-24.84,-24.84,-24.84,25.62,25.62,False,False,False,False,False,False,False,False,False,2026-09-16
0905,0905.HK,WALNUT CAP,胡桃资本,1.78,"16,000",Equity,Investment Companies,0.169,0.177,0.177,0.165,592000,0.1,0.18,0.179,-6.22,-5.59,-5.06,-8.65,-8.15,1.8,2.45,2.45,1.8,2.45,-90.17,-92.78,-92.78,90.61,93.1,False,False,False,False,False,False,False,False,False,2026-09-16
0909,0909.HK,MING YUAN CLOUD,明源云,19.58,"1,000",Equity,Equity Securities (Main Board),1.04,0.995,1.055,0.94,9319718,9.69,1.06,1.078,-1.89,-3.53,4.52,-4.59,-2.35,3.7,4.83,60.8,3.7,4.83,-71.49,-78.16,-98.26,71.89,78.47,False,False,False,False,False,False,False,False,False,2026-09-16
0910,0910.HK,CHINA SANDI,中国三迪,0.86,"6,000",Equity,Equity Securities (Main Board),0.017,0.021,0.032,0.016,102718000,1.75,0.019,0.022,-12.37,-24.11,-22.73,-10.53,-19.05,0.05,0.19,0.69,0.05,0.19,-28.89,-82.98,-95.36,62.22,90.96,False,False,False,False,False,False,False,False,False,2026-09-16
0911,0911.HK,QIANHAI HEALTH,前海健康,0.64,"10,000",Equity,Equity Securities (Main Board),0.38,0.39,0.39,0.38,161525,0.06,0.412,0.441,-7.77,-13.83,-5.0,-11.63,-14.61,1.4,1.4,21.0,1.4,1.4,-72.14,-72.14,-98.14,72.86,72.86,False,False,False,False,False,False,False,False,False,2026-09-16
0914,0914.HK,CONCH CEMENT,海螺水泥,208.88,500,Equity,Equity Securities (Main Board),16.26,16.2,16.29,16.05,7763216,126.23,16.392,16.57,-0.81,-1.87,0.37,-1.39,-4.18,27.14,27.14,62.05,27.14,27.14,-39.98,-39.98,-73.75,40.09,40.09,False,False,False,False,False,False,False,False,False,2026-09-16
0915,0915.HK,DAOHE GLOBAL,道和环球,0.91,"1,000",Equity,Equity Securities (Main Board),0.06,0.062,0.062,0.062,1000,0.0,0.06,0.054,0.67,11.73,1.69,0.0,9.09,0.07,0.25,4.52,0.07,0.25,-12.68,-75.69,-98.63,15.49,76.47,False,False,False,False,False,False,False,False,False,2026-09-16
0916,0916.HK,CHINA LONGYUAN,龙源电力,174.19,"1,000",Equity,Equity Securities (Main Board),5.25,5.255,5.29,5.21,12259000,64.36,5.32,5.346,-1.32,-1.8,-0.38,-0.76,-4.46,8.57,8.66,20.25,8.57,8.66,-38.27,-38.91,-73.88,38.74,39.38,False,False,False,False,False,False,False,False,False,2026-09-16
0917,0917.HK,QUNABOX GROUP,趣致集团,20.13,100,Equity,Equity Securities (Main Board),7.6,7.545,7.66,7.35,3423900,26.02,7.799,8.334,-2.55,-8.81,1.67,-5.82,-3.18,37.0,137.0,137.0,37.0,137.0,-79.3,-94.41,-94.41,79.46,94.45,False,False,False,False,False,False,False,False,False,2026-09-16
0918,0918.HK,MAJESTIC DRAGON,龙翼航空科技,19.27,"6,000",Equity,Equity Securities (Main Board),1.73,1.7,1.8,1.6,570000,0.99,1.861,1.955,-7.04,-11.49,-1.7,-13.5,-12.41,3.2,3.2,5.57,3.2,3.2,-43.75,-43.75,-67.7,45.94,45.94,False,False,False,False,False,False,False,False,False,2026-09-16
0921,0921.HK,HISENSE HA,海信家电,101.02,"1,000",Equity,Equity Securities (Main Board),21.98,22.5,22.6,21.58,1070053,23.52,22.604,22.468,-2.76,-2.17,-1.79,-5.18,-1.88,27.48,39.5,39.5,27.48,39.5,-17.76,-42.78,-42.78,20.01,44.35,False,False,False,False,False,False,False,False,False,2026-09-16
0922,0922.HK,ANXIANYUAN CH,安贤园中国,2.29,"10,000",Equity,Equity Securities (Main Board),0.103,0.104,0.104,0.1,1170000,0.12,0.104,0.105,-1.34,-2.09,-1.9,-0.96,-0.96,0.14,0.2,1.3,0.14,0.2,-25.71,-48.0,-92.0,26.43,48.5,False,False,False,False,False,False,False,False,False,2026-09-16
0928,0928.HK,KING INTL INV,帝王国际投资,2.65,"20,000",Equity,Equity Securities (Main Board),0.143,0.141,0.143,0.138,260056,0.04,0.144,0.138,-0.69,3.85,0.7,-4.03,-2.05,0.15,0.6,8.25,0.15,0.6,-5.3,-76.17,-98.27,5.3,76.17,False,False,False,False,False,False,False,True,False,2026-09-16
0929,0929.HK,IPE GROUP,国际精密,5.42,"5,000",Equity,Equity Securities (Main Board),0.515,0.535,0.555,0.515,875000,0.45,0.523,0.522,-1.53,-1.34,0.98,-4.63,1.98,1.4,1.4,2.35,1.4,1.4,-60.36,-60.36,-76.38,63.21,63.21,False,False,False,False,False,False,False,False,False,2026-09-16
0931,0931.HK,CHINA HK POWER,中国港能,25.29,"2,000",Equity,Equity Securities (Main Board),0.31,0.31,0.32,0.305,885000,0.27,0.317,0.318,-2.21,-2.67,-3.12,-3.12,-3.12,0.6,0.76,2.32,0.6,0.76,-46.67,-57.89,-86.21,48.33,59.21,False,False,False,False,False,False,False,False,False,2026-09-16
0932,0932.HK,SHUNTEN INTL,顺腾国际控股,0.93,"4,000",Equity,Equity Securities (Main Board),0.03,0.03,0.031,0.03,2960000,0.09,0.03,0.029,0.0,1.69,0.0,0.0,3.45,0.04,0.07,1.97,0.04,0.07,-22.5,-55.71,-98.43,25.0,57.14,False,False,False,False,False,False,False,False,False,2026-09-16
0933,0933.HK,VIVA GOODS,非凡领越,33.86,"8,000",Equity,Equity Securities (Main Board),0.34,0.34,0.345,0.33,612089,0.21,0.338,0.346,0.59,-1.59,1.49,-1.45,1.49,0.71,1.54,1.97,0.71,1.54,-51.41,-77.6,-82.49,52.11,77.92,False,False,False,False,False,False,False,False,False,2026-09-16
0934,0934.HK,SINOPEC KANTONS,中石化冠德,93.73,"2,000",Equity,Equity Securities (Main Board),3.77,3.805,3.81,3.74,1396000,5.26,3.797,3.758,-0.71,0.32,-0.53,-0.79,-0.79,4.52,5.01,5.56,4.52,5.01,-15.71,-23.95,-31.47,16.59,24.75,False,False,False,False,False,False,False,False,False,2026-09-16
0936,0936.HK,KAISA CAPITAL,佳兆业资本,2.86,"10,000",Equity,Equity Securities (Main Board),0.27,0.27,0.27,0.27,50000,0.01,0.275,0.29,-1.82,-6.9,0.0,-1.82,-8.47,0.49,1.35,1.52,0.49,1.35,-44.33,-80.0,-82.24,44.33,80.0,False,False,False,False,False,False,False,False,False,2026-09-16
0939,0939.HK,CCB,建设银行,23164.21,"1,000",Equity,Equity Securities (Main Board),9.635,9.65,9.675,9.57,122943726,1184.56,9.73,9.668,-0.98,-0.34,0.26,-1.18,0.26,9.9,9.9,9.9,9.9,9.9,-2.27,-2.27,-2.27,2.68,2.68,False,False,False,False,False,False,False,True,True,2026-09-16
0941,0941.HK,CHINA MOBILE,中国移动,16495.41,500,Equity,Equity Securities (Main Board),79.35,78.95,79.4,78.95,7252081,575.45,79.07,79.12,0.35,0.29,0.38,0.57,0.51,88.05,90.6,98.0,88.05,90.6,-9.82,-12.36,-18.98,9.88,12.42,False,False,False,True,False,False,False,True,False,2026-09-16
0943,0943.HK,ZHONGZHENG INTL,中证国际,3.92,"16,000",Equity,Equity Securities (Main Board),0.19,0.159,0.23,0.159,208000,0.04,0.156,0.153,21.48,24.02,28.38,28.38,30.14,0.26,0.39,5.93,0.26,0.39,-11.54,-40.87,-96.12,26.92,51.16,False,False,False,False,False,False,False,False,False,2026-09-16
0945,0945.HK,MANULIFE-S,宏利金融－Ｓ,5702.76,100,Equity,Equity Securities (Main Board),344.2,343.2,344.2,342.6,14190,4.88,341.08,342.02,0.91,0.64,1.53,0.94,0.82,352.0,352.0,352.0,352.0,352.0,-2.22,-2.22,-2.22,2.22,2.22,False,False,False,False,False,False,False,True,True,2026-09-16
0947,0947.HK,MOBI DEV,摩比发展,1.47,"1,000",Equity,Equity Securities (Main Board),0.185,0.185,0.185,0.185,480000,0.09,0.182,0.18,1.54,3.01,0.0,1.65,3.93,0.44,0.44,1.74,0.44,0.44,-57.47,-57.47,-89.37,57.47,57.47,False,False,False,False,False,False,False,False,False,2026-09-16
0948,0948.HK,ALPHA PRO H-10K,阿尔法企业－一万,1.22,"10,000",Equity,Equity Securities (Main Board),0.295,0.3,0.3,0.295,42250,0.01,0.271,0.266,8.86,10.69,11.32,11.32,11.32,0.37,0.8,3.23,0.37,0.8,-17.81,-62.5,-90.71,19.18,63.13,False,False,False,False,False,False,False,False,False,2026-09-16
0950,0950.HK,LEE'S PHARM,李氏大药厂,6.68,500,Equity,Equity Securities (Main Board),1.135,1.13,1.14,1.12,377500,0.43,1.151,1.188,-1.39,-4.46,-1.3,-2.16,-7.35,1.69,2.7,14.7,1.69,2.7,-32.54,-57.78,-92.24,32.84,57.96,False,False,False,False,False,False,False,False,False,2026-09-16
0951,0951.HK,CHAOWEI POWER,超威动力,12.42,"1,000",Equity,Equity Securities (Main Board),1.125,1.11,1.125,1.11,288000,0.32,1.126,1.133,-0.09,-0.75,0.0,0.45,0.45,2.61,2.61,7.82,2.61,2.61,-56.9,-56.9,-85.61,56.9,56.9,False,False,False,False,False,False,False,False,False,2026-09-16
0953,0953.HK,SHAW BROTHERS,邵氏兄弟控股,2.4,"2,000",Equity,Equity Securities (Main Board),0.169,0.162,0.169,0.16,1064000,0.18,0.169,0.171,-0.24,-1.05,0.6,-1.17,-0.59,0.4,0.4,1.13,0.4,0.4,-57.75,-57.75,-85.04,57.75,57.75,False,False,False,False,False,False,False,False,False,2026-09-16
0956,0956.HK,CHINA SUNTIEN,新天绿色能源,71.14,"1,000",Equity,Equity Securities (Main Board),3.315,3.33,3.335,3.275,4812000,15.95,3.293,3.298,0.67,0.53,-0.75,3.92,-2.93,4.66,4.78,8.23,4.66,4.78,-28.43,-30.23,-59.48,28.86,30.65,False,False,True,True,False,False,False,False,False,2026-09-16
0960,0960.HK,LONGFOR GROUP,龙湖集团,395.33,500,Equity,Equity Securities (Main Board),5.57,5.295,5.57,5.22,20980120,116.86,5.572,5.834,-0.04,-4.53,6.1,-1.76,-8.46,10.83,20.15,53.6,10.83,20.15,-48.57,-72.36,-89.61,48.57,72.36,False,False,False,False,False,False,False,False,False,2026-09-16
0966,0966.HK,CHINA TAIPING,中国太平,754.74,200,Equity,Equity Securities (Main Board),21.0,20.78,21.06,20.64,5833524,122.5,21.232,21.554,-1.09,-2.57,1.06,-1.32,-2.33,25.96,25.96,36.1,25.96,25.96,-18.88,-18.88,-41.66,19.11,19.11,False,False,False,False,False,False,False,False,False,2026-09-16
0968,0968.HK,XINYI SOLAR,信义光能,185.23,"2,000",Equity,Equity Securities (Main Board),2.025,2.05,2.06,2.01,39011927,79.0,2.079,2.119,-2.6,-4.44,-1.22,-3.11,-6.47,3.73,6.82,24.8,3.73,6.82,-44.77,-69.79,-91.69,45.71,70.31,False,False,False,False,False,False,False,False,False,2026-09-16
0969,0969.HK,HUA LIEN INT'L,华联国际,2.34,"2,000",Equity,Equity Securities (Main Board),0.107,0.111,0.125,0.1,4216000,0.45,0.115,0.099,-6.79,8.3,-7.76,-6.14,-26.21,0.3,0.35,0.35,0.3,0.35,-58.33,-64.29,-64.29,64.33,69.43,False,False,False,False,False,False,False,False,False,2026-09-16
0970,0970.HK,NEW SPARKLEROLL,新耀莱,3.44,"2,000",Equity,Equity Securities (Main Board),0.51,0.42,0.525,0.42,7076000,3.61,0.42,0.384,21.43,32.81,32.47,27.5,30.77,0.55,3.26,15.04,0.55,3.26,-4.55,-83.9,-96.51,7.27,84.36,False,False,False,False,False,False,False,True,False,2026-09-16
0975,0975.HK,MONGOL MINING,MONGOL MINING,95.4,"3,000",Equity,Equity Securities (Main Board),9.3,9.35,9.515,9.26,1249400,11.62,9.467,9.821,-1.76,-5.3,-1.38,-3.68,-8.64,14.58,14.78,14.78,14.58,14.78,-34.74,-35.62,-35.62,36.21,37.08,False,False,False,False,False,False,False,False,False,2026-09-16
0978,0978.HK,CHI MER LAND,招商局置地,11.92,"2,000",Equity,Equity Securities (Main Board),0.243,0.231,0.243,0.231,1406000,0.34,0.237,0.238,2.45,1.89,4.29,1.25,2.1,0.31,0.56,1.92,0.31,0.56,-20.33,-56.61,-87.34,20.33,56.61,False,False,False,True,False,False,False,False,False,2026-09-16
0979,0979.HK,GREEN ENERGY GP,绿色能源科技集团,5.81,"2,000",Equity,Equity Securities (Main Board),0.42,0.36,0.56,0.315,7632000,3.21,0.365,0.364,15.07,15.23,21.74,20.0,23.53,0.46,0.46,0.69,0.56,0.56,21.74,21.74,-18.84,25.0,25.0,False,False,False,True,True,True,False,False,False,2026-09-16
0980,0980.HK,LIANHUA,联华超市,1.25,"1,000",Equity,Equity Securities (Main Board),0.335,0.335,0.36,0.33,771000,0.26,0.346,0.348,-3.18,-3.74,-5.63,-4.29,-11.84,0.5,0.55,4.53,0.5,0.55,-28.71,-34.55,-92.05,33.66,39.09,False,False,False,False,False,False,False,False,False,2026-09-16
0981,0981.HK,SMIC,中芯国际,3828.22,500,Equity,Equity Securities (Main Board),63.65,61.45,63.95,60.75,57375226,3651.93,62.46,64.62,1.91,-1.5,4.77,0.79,-2.08,93.0,93.5,93.5,93.0,93.5,-31.24,-31.6,-31.6,31.56,31.93,False,False,False,False,False,False,False,False,False,2026-09-16
0983,0983.HK,SOCAM DEV,瑞安建业,1.74,"2,000",Equity,Equity Securities (Main Board),0.465,0.465,0.465,0.465,68000,0.03,0.491,0.487,-5.3,-4.52,-1.06,-7.92,-13.08,0.55,0.82,3.15,0.55,0.82,-14.68,-43.29,-85.24,14.68,43.29,False,False,False,False,False,False,False,False,False,2026-09-16
0984,0984.HK,AEON STORES,永旺,0.69,500,Equity,Equity Securities (Main Board),0.265,0.26,0.27,0.26,206500,0.05,0.253,0.253,4.58,4.83,6.43,6.43,8.16,0.42,0.8,8.0,0.42,0.8,-35.71,-66.25,-96.62,36.9,66.88,False,False,False,False,False,False,False,False,False,2026-09-16
0986,0986.HK,DUFU LIQUOR GP,杜甫酒业集团,0.33,"5,000",Equity,Equity Securities (Main Board),0.255,0.27,0.27,0.241,200000,0.05,0.267,0.269,-4.49,-5.2,-5.56,-5.56,-5.56,0.97,1.68,14.83,0.97,1.68,-72.16,-83.93,-98.18,73.71,84.82,False,False,False,False,False,False,False,False,False,2026-09-16
0987,0987.HK,CH RENEW EN INV,中国再生能源投资,5.41,"2,000",Equity,Equity Securities (Main Board),0.216,0.222,0.222,0.211,691099,0.15,0.214,0.209,1.03,3.25,-2.7,2.86,5.88,0.24,0.24,0.44,0.24,0.24,-9.02,-9.02,-48.97,11.48,11.48,False,False,False,False,False,False,False,False,False,2026-09-16
0989,0989.HK,CHINA CBS INTL,中国长白山国际,30.3,"10,000",Equity,Equity Securities (Main Board),0.565,0.555,0.555,0.555,24750,0.01,0.558,0.57,1.25,-0.88,2.73,0.89,1.8,0.98,4.04,46.6,0.98,4.04,-43.37,-86.26,-98.81,42.35,86.01,False,False,False,False,False,False,False,False,False,2026-09-16
0990,0990.HK,DEEP SOURCE,至源控股,84.92,"10,000",Equity,Equity Securities (Main Board),0.575,0.555,0.575,0.555,8440000,4.85,0.565,0.577,1.77,-0.35,3.6,2.68,-4.96,0.97,0.99,1.7,0.97,0.99,-40.72,-41.92,-66.18,40.72,41.92,False,False,False,False,False,False,False,False,False,2026-09-16
0991,0991.HK,DATANG POWER,大唐发电,162.54,"2,000",Equity,Equity Securities (Main Board),2.66,2.65,2.67,2.605,20399284,54.26,2.681,2.676,-0.78,-0.6,0.57,-0.75,-5.51,3.61,3.61,3.61,3.61,3.61,-26.04,-26.04,-26.04,26.32,26.32,False,False,False,False,False,False,False,False,False,2026-09-16
0992,0992.HK,LENOVO GROUP,联想集团,4196.19,"2,000",Equity,Equity Securities (Main Board),33.8,31.9,34.0,31.64,106031594,3583.87,32.14,31.878,5.16,6.03,8.33,7.99,4.26,36.16,36.16,36.16,36.16,36.16,-5.97,-5.97,-5.97,6.53,6.53,False,False,False,True,False,False,False,True,True,2026-09-16
0993,0993.HK,XINKONG INT CAP,信控国际资本,8.1,"1,000",Equity,Equity Securities (Main Board),0.093,0.09,0.093,0.09,102043,0.01,0.095,0.093,-2.11,-0.32,1.09,-4.12,1.09,0.16,1.0,3.49,0.16,1.0,-40.0,-90.7,-97.34,40.0,90.7,False,False,False,False,False,False,False,False,False,2026-09-16
0994,0994.HK,CT VISION,中天宏信,4.07,"4,000",Equity,Equity Securities (Main Board),0.315,0.249,0.315,0.243,428000,0.13,0.253,0.25,24.51,26.05,26.51,34.04,35.78,0.6,0.6,2.74,0.6,0.6,-47.5,-47.5,-88.5,47.5,47.5,False,False,True,True,False,False,False,False,False,2026-09-16
0995,0995.HK,ANHUIEXPRESSWAY,安徽皖通高速公路,87.1,"2,000",Equity,Equity Securities (Main Board),16.04,15.98,16.16,15.76,1088000,17.45,15.846,15.909,1.22,0.82,0.88,3.15,1.91,18.3,18.3,18.3,18.3,18.3,-11.69,-11.69,-11.69,12.35,12.35,True,False,False,True,False,False,False,False,False,2026-09-16
0997,0997.HK,CHINLINK INTL,普汇中金国际,0.22,"8,000",Equity,Equity Securities (Main Board),0.019,0.02,0.02,0.019,1496000,0.03,0.021,0.022,-8.65,-15.18,-5.0,-13.64,-20.83,0.04,0.05,12.99,0.04,0.05,-48.72,-59.18,-99.85,51.28,61.22,False,False,False,False,False,False,False,False,False,2026-09-16
0998,0998.HK,CITIC BANK,中信银行,1262.01,"1,000",Equity,Equity Securities (Main Board),8.48,8.39,8.48,8.37,16360512,138.74,8.462,8.419,0.21,0.72,0.47,0.3,1.07,8.6,8.6,8.6,8.6,8.6,-1.4,-1.4,-1.4,1.4,1.4,False,False,False,True,False,False,False,True,True,2026-09-16
0999,0999.HK,XIAOCAIYUAN,小菜园,95.42,800,Equity,Equity Securities (Main Board),8.19,8.025,8.34,7.825,7028000,57.56,8.131,7.918,0.73,3.43,1.49,2.5,2.44,9.78,13.02,13.02,9.78,13.02,-14.72,-35.94,-35.94,16.26,37.1,True,False,False,True,False,False,False,False,False,2026-09-16
1000,1000.HK,BEIJING MEDIA,北青传媒,0.19,500,Equity,Equity Securities (Main Board),0.355,0.42,0.42,0.355,96000,0.03,0.386,0.393,-8.03,-9.67,-6.58,-11.25,-11.25,0.93,0.93,4.4,0.93,0.93,-54.84,-54.84,-90.45,61.83,61.83,False,False,False,False,False,False,False,False,False,2026-09-16
1002,1002.HK,V.S. INT'L,威铖国际,1.47,"4,000",Equity,Equity Securities (Main Board),0.053,0.055,0.055,0.048,4024000,0.21,0.054,0.052,-1.49,2.12,-3.64,0.0,3.92,0.1,0.1,0.43,0.1,0.1,-43.3,-46.08,-87.21,45.36,48.04,False,False,False,False,False,False,False,False,False,2026-09-16
1003,1003.HK,HUANXI MEDIA,欢喜传媒,8.64,"10,000",Equity,Equity Securities (Main Board),0.197,0.193,0.198,0.192,300000,0.06,0.197,0.2,-0.2,-1.3,-0.51,1.55,-2.48,0.4,0.99,3.18,0.4,0.99,-50.5,-80.0,-93.77,50.75,80.1,False,False,False,False,False,False,False,False,False,2026-09-16
1004,1004.HK,C SMARTERENERGY,中国智慧能源,0.87,"10,000",Equity,Equity Securities (Main Board),0.186,0.166,0.186,0.166,40000,0.01,0.17,0.167,9.67,11.71,-1.06,17.72,15.53,0.64,1.12,28.0,0.64,1.12,-70.94,-83.39,-99.34,70.94,83.39,False,False,True,True,False,False,False,False,False,2026-09-16
1010,1010.HK,SKY BLUE 11,天玺曜１１,0.33,"2,000",Equity,Equity Securities (Main Board),0.074,0.07,0.08,0.06,5130000,0.38,0.066,0.05,11.78,46.83,10.45,13.85,57.45,0.11,4.33,7.3,0.11,4.33,-27.27,-98.15,-98.9,32.73,98.29,False,False,False,False,False,False,False,False,False,2026-09-16
1011,1011.HK,NT PHARMA,泰凌医药,6.47,"10,000",Equity,Equity Securities (Main Board),0.36,0.36,0.36,0.36,80500,0.03,0.366,0.386,-1.64,-6.74,0.0,0.0,-7.69,0.9,1.4,2.48,0.9,1.4,-60.0,-74.29,-85.48,60.0,74.29,False,False,False,False,False,False,False,False,False,2026-09-16
1020,1020.HK,CIPRUN TECH,中细软科技,14.6,"4,000",Equity,Equity Securities (Main Board),0.244,0.245,0.248,0.24,10976000,2.68,0.246,0.256,-0.89,-4.87,0.83,-2.4,-2.01,0.55,0.55,0.55,0.55,0.55,-54.91,-54.91,-54.91,55.64,55.64,False,False,False,False,False,False,False,False,False,2026-09-16
1021,1021.HK,HUAYAN ROBOTICS,华沿机器人,60.37,200,Equity,Equity Securities (Main Board),11.2,10.1,12.75,10.1,38215077,428.01,10.695,10.109,4.72,10.79,12.9,-5.8,15.05,25.12,25.12,25.12,25.12,25.12,-49.24,-49.24,-49.24,55.41,55.41,False,False,False,True,False,False,False,False,False,2026-09-16
1022,1022.HK,FEIYU,飞鱼科技,5.77,"1,500",Equity,Equity Securities (Main Board),0.33,0.33,0.33,0.32,18000,0.01,0.338,0.348,-2.37,-5.04,-1.49,-2.94,-13.16,0.71,1.01,1.5,0.71,1.01,-53.52,-67.33,-78.0,53.52,67.33,False,False,False,False,False,False,False,False,False,2026-09-16
1023,1023.HK,SITOY GROUP,时代集团控股,3.96,"1,000",Equity,Equity Securities (Main Board),0.41,0.41,0.41,0.41,304000,0.12,0.442,0.456,-7.24,-10.09,-4.65,-12.77,-12.77,0.54,0.93,3.15,0.54,0.93,-24.07,-55.91,-86.98,24.07,55.91,False,False,False,False,False,False,False,False,False,2026-09-16
1024,1024.HK,KUAISHOU-W,快手－Ｗ,1086.78,100,Equity,Equity Securities (Main Board),29.66,29.8,29.94,29.16,32147393,953.49,30.592,31.872,-3.05,-6.94,-0.47,-5.12,-8.23,85.2,92.6,417.8,85.2,92.6,-64.86,-67.67,-92.83,65.19,67.97,False,False,False,False,False,False,False,False,False,2026-09-16
1025,1025.HK,KNT HOLDINGS,嘉艺控股,0.91,"8,000",Equity,Equity Securities (Main Board),0.203,0.204,0.204,0.203,400000,0.08,0.206,0.202,-1.65,0.59,0.0,-1.93,7.41,0.35,8.8,88.66,0.35,8.8,-42.54,-97.68,-99.77,42.82,97.69,False,False,False,False,False,False,False,False,False,2026-09-16
1026,1026.HK,UNIVERSAL TECH,环球实业科技,5.79,"10,000",Equity,Equity Securities (Main Board),0.105,0.096,0.105,0.096,330000,0.03,0.086,0.071,22.09,48.31,8.25,41.89,69.35,0.13,0.21,0.45,0.13,0.21,-21.05,-49.76,-76.53,21.05,49.76,True,True,False,False,False,False,False,False,False,2026-09-16
1028,1028.HK,C.BANNER,千百度,21.43,"1,000",Equity,Equity Securities (Main Board),0.86,0.85,0.875,0.85,289000,0.25,0.883,0.965,-2.6,-10.88,1.18,-3.91,-15.27,1.83,1.83,3.35,1.83,1.83,-52.19,-52.19,-73.88,53.01,53.01,False,False,False,False,False,False,False,False,False,2026-09-16
1029,1029.HK,IRC,铁货,7.67,"4,000",Equity,Equity Securities (Main Board),0.4,0.4,0.4,0.4,400000,0.16,0.403,0.413,-0.74,-3.26,0.0,-1.23,-4.76,0.63,1.86,4.86,0.63,1.86,-36.51,-78.55,-91.77,36.51,78.55,False,False,False,False,False,False,False,False,False,2026-09-16
1030,1030.HK,SEAZEN,新城发展,101.69,"2,000",Equity,Equity Securities (Main Board),1.4,1.38,1.41,1.365,13968476,19.56,1.389,1.419,0.79,-1.3,2.19,2.94,-1.75,2.81,3.48,11.06,2.81,3.48,-49.82,-59.48,-87.25,50.18,59.77,False,False,False,False,False,False,False,False,False,2026-09-16
1033,1033.HK,SINOPEC SSC,中石化油服,38.41,"2,000",Equity,Equity Securities (Main Board),0.71,0.685,0.71,0.675,48600000,34.51,0.684,0.679,3.8,4.57,5.19,5.19,0.0,1.88,1.88,1.88,1.88,1.88,-62.23,-62.23,-62.23,62.23,62.23,False,False,False,True,False,False,False,False,False,2026-09-16
1038,1038.HK,CKI HOLDINGS,长江基建集团,1615.07,500,Equity,Equity Securities (Main Board),64.1,63.5,65.0,63.5,1227878,78.71,65.37,65.495,-1.94,-2.13,-0.39,-3.32,-3.32,67.9,67.9,73.8,67.9,67.9,-4.27,-4.27,-11.92,5.6,5.6,False,False,False,False,False,False,False,True,True,2026-09-16
1039,1039.HK,CHANGYOU INT GP,畅由国际集团,1.0,"1,000",Equity,Equity Securities (Main Board),0.055,0.052,0.055,0.051,1066000,0.06,0.051,0.051,7.42,8.7,7.84,10.0,1.85,0.07,0.17,1.89,0.07,0.17,-24.66,-67.07,-97.09,24.66,67.07,False,False,False,False,False,False,False,False,False,2026-09-16
1044,1044.HK,HENGAN INT'L,恒安国际,231.99,500,Equity,Equity Securities (Main Board),20.08,20.02,20.16,19.86,5040919,101.22,20.58,21.024,-2.43,-4.49,0.3,-3.0,-5.99,29.96,29.96,88.7,29.96,29.96,-32.71,-32.71,-77.27,32.98,32.98,False,False,False,False,False,False,False,False,False,2026-09-16
1045,1045.HK,APT SATELLITE,亚太卫星,20.06,"2,000",Equity,Equity Securities (Main Board),2.16,2.12,2.17,2.12,458000,0.99,2.166,2.16,-0.28,0.0,1.17,-1.14,-5.05,5.39,5.39,5.71,5.39,5.39,-59.74,-59.74,-62.0,59.93,59.93,False,False,False,False,False,False,False,False,False,2026-09-16
1046,1046.HK,UNIVERSE ENT,寰宇娱乐文化,9.84,"5,000",Equity,Equity Securities (Main Board),1.085,1.0,1.085,0.975,30879000,33.5,1.028,0.936,5.54,15.98,8.5,5.85,10.71,1.03,1.03,1.5,1.09,1.09,4.83,4.83,-27.67,0.0,0.0,False,False,False,False,True,True,False,True,True,2026-09-16
1047,1047.HK,NGAI HING HONG,毅兴行,1.26,"2,000",Equity,Equity Securities (Main Board),0.34,0.34,0.34,0.34,4000,0.0,0.34,0.34,0.0,0.0,0.0,0.0,0.0,0.43,0.46,1.01,0.43,0.46,-20.0,-26.09,-66.34,20.0,26.09,False,False,False,False,False,False,False,False,False,2026-09-16
1050,1050.HK,KARRIE INT'L,嘉利国际,40.18,"2,000",Equity,Equity Securities (Main Board),1.925,1.88,1.93,1.86,2054000,3.95,1.947,1.944,-1.13,-1.0,2.39,-4.7,-7.45,3.51,3.51,3.51,3.51,3.51,-45.01,-45.01,-45.01,45.16,45.16,False,False,False,False,False,False,False,False,False,2026-09-16
1051,1051.HK,G-RESOURCES,国际资源,33.9,"1,000",Equity,Equity Securities (Main Board),7.52,7.22,7.52,7.22,22182,0.17,7.549,7.669,-0.38,-1.94,-0.13,-1.83,-0.2,12.1,12.1,12.1,12.1,12.1,-37.85,-37.85,-37.85,37.85,37.85,False,False,False,False,False,False,False,False,False,2026-09-16
1052,1052.HK,YUEXIUTRANSPORT,越秀交通基建,57.22,"2,000",Equity,Equity Securities (Main Board),3.42,3.415,3.445,3.4,1242000,4.25,3.412,3.438,0.23,-0.51,0.88,0.44,-1.44,4.81,4.81,7.53,4.81,4.81,-28.38,-28.38,-54.25,28.9,28.9,False,False,False,False,False,False,False,False,False,2026-09-16
1053,1053.HK,CHONGQING IRON,重庆钢铁股份,4.6,"2,000",Equity,Equity Securities (Main Board),0.855,0.845,0.86,0.84,816000,0.7,0.87,0.886,-1.72,-3.5,1.18,-3.39,-6.56,1.46,2.12,3.21,1.46,2.12,-41.1,-59.43,-73.21,41.44,59.67,False,False,False,False,False,False,False,False,False,2026-09-16
1055,1055.HK,CHINA SOUTH AIR,中国南方航空股份,135.6,"2,000",Equity,Equity Securities (Main Board),2.92,2.905,2.93,2.855,8757699,25.57,2.963,3.009,-1.45,-2.96,0.69,-3.79,-5.19,6.62,6.62,11.0,6.62,6.62,-55.74,-55.74,-73.36,55.89,55.89,False,False,False,False,False,False,False,False,False,2026-09-16
1057,1057.HK,ZHEJIANG SHIBAO,浙江世宝,8.21,"2,000",Equity,Equity Securities (Main Board),3.785,3.72,3.79,3.715,1674000,6.34,3.809,3.901,-0.63,-2.99,1.34,-0.79,-3.57,7.39,7.39,7.39,7.39,7.39,-48.71,-48.71,-48.71,48.78,48.78,False,False,False,False,False,False,False,False,False,2026-09-16
1058,1058.HK,NAMYUE HOLDINGS,南粤控股,1.99,"2,000",Equity,Equity Securities (Main Board),0.37,0.37,0.37,0.37,10000,0.0,0.379,0.381,-2.37,-2.89,-5.13,0.0,-1.33,0.44,0.61,1.69,0.44,0.61,-16.85,-39.34,-78.11,16.85,39.34,False,False,False,False,False,False,False,False,False,2026-09-16
1059,1059.HK,KANTONE HOLDING,看通集团,1.43,"3,000",Equity,Equity Securities (Main Board),0.38,0.39,0.39,0.38,66000,0.03,0.414,0.406,-8.21,-6.29,-9.52,-10.59,-5.0,0.51,0.51,5.0,0.51,0.51,-23.53,-23.53,-92.2,25.49,25.49,False,False,False,False,False,False,False,False,False,2026-09-16
1060,1060.HK,DAMAI ENT,大麦娱乐,148.38,"10,000",Equity,Equity Securities (Main Board),0.495,0.5,0.505,0.49,51509924,25.5,0.497,0.5,-0.4,-1.1,-1.0,-1.98,0.0,1.08,1.37,1.85,1.08,1.37,-53.24,-63.14,-72.7,54.17,63.87,False,False,False,False,False,False,False,False,False,2026-09-16
1061,1061.HK,ESSEX BIO-TECH,亿胜生物科技,11.58,"1,000",Equity,Equity Securities (Main Board),2.05,2.04,2.05,2.01,130359,0.27,2.056,2.11,-0.29,-2.84,0.24,-0.49,-4.65,4.5,6.12,9.6,4.5,6.12,-54.44,-66.5,-78.65,54.44,66.5,False,False,False,False,False,False,False,False,False,2026-09-16
1062,1062.HK,CDB INT'L INV,国开国际投资,2.67,"10,000",Equity,Investment Companies,0.092,0.078,0.11,0.078,5770000,0.53,0.084,0.088,9.0,4.07,17.95,15.0,-4.17,0.12,0.13,0.31,0.12,0.13,-9.84,-14.73,-65.08,24.59,28.68,False,False,False,True,False,False,False,False,False,2026-09-16
1063,1063.HK,SUNCORP TECH,新确科技,0.88,"5,000",Equity,Equity Securities (Main Board),0.285,0.285,0.285,0.285,10200,0.0,0.286,0.293,-0.35,-2.73,-1.72,-1.72,-3.39,0.69,1.35,8.8,0.69,1.35,-58.7,-78.89,-96.76,58.7,78.89,False,False,False,False,False,False,False,False,False,2026-09-16
1064,1064.HK,ZHONG HUA INT'L,中华国际,0.61,"5,000",Equity,Equity Securities (Main Board),0.08,0.098,0.098,0.071,445000,0.04,0.078,0.069,2.3,15.61,2.56,-3.61,-2.44,0.13,0.17,0.52,0.13,0.17,-23.44,-42.35,-81.15,37.5,52.94,False,False,False,False,False,False,False,False,False,2026-09-16
1065,1065.HK,TIANJIN CAPITAL,天津创业环保股份,12.68,"2,000",Equity,Equity Securities (Main Board),3.73,3.71,3.73,3.68,164000,0.61,3.721,3.725,0.24,0.13,1.22,0.54,-0.67,4.86,10.02,10.02,4.86,10.02,-23.25,-62.77,-62.77,23.25,62.77,False,False,False,True,False,False,False,False,False,2026-09-16
1066,1066.HK,WEIGAO GROUP,威高股份,139.28,400,Equity,Equity Securities (Main Board),3.125,3.18,3.18,3.105,6124644,19.14,3.136,3.188,-0.35,-1.96,-1.26,1.3,-3.4,5.68,8.02,22.7,5.68,8.02,-44.01,-60.35,-85.99,44.98,61.03,False,False,False,False,False,False,False,False,False,2026-09-16
1068,1068.HK,YURUN FOOD,雨润食品,1.37,"1,000",Equity,Equity Securities (Main Board),0.075,0.076,0.08,0.074,58000,0.0,0.077,0.077,-2.6,-2.09,-1.32,-2.6,-1.32,0.14,0.31,2.58,0.14,0.31,-41.61,-74.19,-96.9,45.26,75.81,False,False,False,False,False,False,False,False,False,2026-09-16
1069,1069.HK,CN HEALTH TECH,中国健康科技集团,0.74,"10,000",Equity,Equity Securities (Main Board),0.24,0.25,0.255,0.217,3410000,0.82,0.256,0.254,-6.25,-5.55,-5.88,-7.69,-5.88,0.51,1.54,274.82,0.51,1.54,-50.0,-83.44,-99.91,52.94,84.42,False,False,False,False,False,False,False,False,False,2026-09-16
1070,1070.HK,TCL ELECTRONICS,ＴＣＬ电子,428.31,"1,000",Equity,Equity Securities (Main Board),16.99,17.12,17.12,16.65,4131950,70.2,17.082,17.037,-0.54,-0.28,0.41,-0.64,1.55,17.71,17.71,17.71,17.71,17.71,-3.33,-3.33,-3.33,4.07,4.07,False,False,False,False,False,False,False,True,True,2026-09-16
1071,1071.HK,HUADIAN POWER,华电国际电力股份,71.01,"2,000",Equity,Equity Securities (Main Board),4.135,4.105,4.155,4.1,5122000,21.18,4.119,4.074,0.39,1.5,-0.12,2.1,1.1,4.89,5.57,5.57,4.89,5.57,-15.03,-25.4,-25.4,15.44,25.76,False,False,False,False,False,False,False,False,False,2026-09-16
1072,1072.HK,DONGFANG ELEC,东方电气,77.52,200,Equity,Equity Securities (Main Board),19.0,18.86,19.0,18.5,2733200,51.93,19.344,19.774,-1.78,-3.91,0.74,-3.36,-10.21,46.7,119.9,119.9,46.7,119.9,-59.31,-84.15,-84.15,59.31,84.15,False,False,False,False,False,False,False,False,False,2026-09-16
1080,1080.HK,SHENGLI PIPE,胜利管道,2.05,"1,500",Equity,Equity Securities (Main Board),0.053,0.053,0.055,0.052,1546500,0.08,0.054,0.057,-2.57,-7.18,1.92,-8.62,-7.02,0.13,0.17,0.47,0.13,0.17,-58.33,-67.46,-88.3,59.85,68.64,False,False,False,False,False,False,False,False,False,2026-09-16
1081,1081.HK,DAJIN,大金重工,33.36,100,Equity,Equity Securities (Main Board),32.6,34.3,36.26,32.46,4205200,137.09,31.416,29.622,3.77,10.05,-3.49,2.97,21.01,66.95,66.95,66.95,66.95,66.95,-45.84,-45.84,-45.84,51.31,51.31,False,False,False,False,False,False,False,False,False,2026-09-16
1083,1083.HK,TG SMART ENERGY,港华智慧能源,111.93,"1,000",Equity,Equity Securities (Main Board),2.96,2.975,2.975,2.935,4961000,14.68,3.006,3.028,-1.53,-2.23,0.34,-5.43,-2.47,4.23,4.36,8.18,4.23,4.36,-29.67,-31.77,-63.63,30.02,32.11,False,False,False,False,False,False,False,False,False,2026-09-16
1085,1085.HK,HXTL,亨鑫科技,8.1,"2,000",Equity,Equity Securities (Main Board),1.74,1.74,1.74,1.74,2000,0.0,1.724,1.74,0.93,0.0,2.35,2.35,-3.87,2.09,2.6,6.15,2.09,2.6,-16.75,-33.08,-71.71,16.75,33.08,False,False,False,True,False,False,False,False,False,2026-09-16
1086,1086.HK,GOODBABY INTL,好孩子国际,15.39,"1,000",Equity,Equity Securities (Main Board),0.92,0.925,0.955,0.92,6161000,5.67,0.947,1.022,-2.85,-9.94,0.0,3.95,-16.36,1.16,1.66,5.58,1.16,1.66,-17.67,-42.47,-82.89,20.69,44.58,False,False,False,False,False,False,False,False,False,2026-09-16
1087,1087.HK,INVESTECH HLDGS,威讯控股,4.28,"2,000",Equity,Equity Securities (Main Board),1.785,1.69,1.81,1.595,1561371,2.79,1.548,1.46,15.31,22.3,7.53,36.78,23.1,2.0,2.08,42.8,2.0,2.08,-9.5,-12.98,-95.77,10.75,14.18,True,False,False,False,False,False,False,False,False,2026-09-16
1088,1088.HK,CHINA SHENHUA,中国神华,1527.97,500,Equity,Equity Securities (Main Board),45.24,45.52,45.82,44.78,8379369,379.08,45.752,45.642,-1.12,-0.88,-0.53,-1.91,-3.46,49.62,49.62,49.62,49.62,49.62,-7.66,-7.66,-7.66,8.83,8.83,False,False,False,False,False,False,False,True,True,2026-09-16
1091,1091.HK,SOUTH MANGANESE,南方锰业,26.66,"1,000",Equity,Equity Securities (Main Board),0.45,0.415,0.46,0.415,17692000,7.96,0.401,0.387,12.22,16.13,8.43,18.42,20.0,0.71,0.79,1.89,0.71,0.79,-35.21,-41.77,-75.66,36.62,43.04,False,False,False,False,False,False,False,False,False,2026-09-16
1093,1093.HK,CSPC PHARMA,石药集团,1014.55,"2,000",Equity,Equity Securities (Main Board),8.805,8.82,8.85,8.685,55678393,490.25,8.77,9.135,0.4,-3.61,1.21,1.09,-3.24,10.96,11.63,13.93,10.96,11.63,-19.25,-23.9,-36.48,19.66,24.29,False,False,False,False,False,False,False,False,False,2026-09-16
1094,1094.HK,CHERISH SUN,承辉国际,2.49,"8,000",Equity,Equity Securities (Main Board),0.35,0.33,0.355,0.32,10408000,3.64,0.332,0.362,5.42,-3.45,4.48,14.75,-6.67,0.6,0.99,8.43,0.6,0.99,-40.83,-64.14,-95.79,41.67,64.65,True,False,False,False,False,False,False,False,False,2026-09-16
1097,1097.HK,CTFME,周大福媒体娱乐,4.64,"20,000",Equity,Equity Securities (Main Board),0.065,0.063,0.065,0.062,3660023,0.24,0.064,0.065,0.93,0.31,1.56,0.0,1.56,0.12,0.17,0.65,0.12,0.17,-43.48,-62.43,-89.96,43.48,62.43,False,False,False,True,False,False,False,False,False,2026-09-16
1099,1099.HK,SINOPHARM,国药控股,201.67,400,Equity,Equity Securities (Main Board),15.03,15.09,15.13,14.91,5029069,75.59,15.266,15.504,-1.55,-3.06,-0.4,-2.15,-4.27,22.34,23.65,45.65,22.34,23.65,-32.27,-36.03,-66.86,32.72,36.45,False,False,False,False,False,False,False,False,False,2026-09-16
1100,1100.HK,MAINLAND HOLD,飞达控股,5.64,"2,000",Equity,Equity Securities (Main Board),1.315,1.3,1.315,1.28,72000,0.09,1.317,1.324,-0.15,-0.68,-1.87,0.38,0.77,2.2,2.2,2.28,2.2,2.2,-40.23,-40.23,-42.32,40.23,40.23,False,False,False,False,False,False,False,False,False,2026-09-16
1102,1102.HK,ENVIRO ENERGY,环能国际,2.74,"2,000",Equity,Equity Securities (Main Board),0.098,0.1,0.1,0.098,508000,0.05,0.099,0.101,-1.01,-3.45,0.0,1.03,-1.01,0.21,0.21,5.4,0.21,0.21,-52.38,-52.38,-98.15,53.33,53.33,False,False,False,False,False,False,False,False,False,2026-09-16
1104,1104.HK,APAC RESOURCES,亚太资源,31.71,"20,000",Equity,Equity Securities (Main Board),2.12,2.0,2.13,1.985,1860000,3.94,2.1,2.094,0.95,1.27,6.27,-2.08,-0.93,3.89,3.89,3.89,3.89,3.89,-45.24,-45.24,-45.24,45.5,45.5,False,False,False,True,False,False,False,False,False,2026-09-16
1105,1105.HK,SING TAO,星岛,1.72,"2,000",Equity,Equity Securities (Main Board),0.195,0.166,0.195,0.166,120000,0.02,0.186,0.18,4.95,8.51,5.41,6.56,6.56,0.25,0.44,1.87,0.25,0.44,-21.37,-55.68,-89.57,21.37,55.68,False,False,True,True,False,False,False,False,False,2026-09-16
1108,1108.HK,TRIUMPH NEW EN,凯盛新能,5.58,"2,000",Equity,Equity Securities (Main Board),2.23,2.265,2.3,2.22,4828000,10.77,2.353,2.294,-5.23,-2.79,-1.55,-11.51,0.68,4.95,6.13,20.25,4.95,6.13,-53.54,-62.48,-88.64,54.95,63.62,False,False,False,False,False,False,False,False,False,2026-09-16
1109,1109.HK,CHINA RES LAND,华润置地,2053.71,500,Equity,Equity Securities (Main Board),28.8,28.64,28.88,28.24,23847520,686.81,29.14,29.704,-1.17,-3.04,1.12,-1.23,-4.19,39.88,39.88,41.3,39.88,39.88,-27.58,-27.58,-30.07,27.78,27.78,False,False,False,False,False,False,False,False,False,2026-09-16
1110,1110.HK,KINGWORLD,金活医药集团,2.3,"4,000",Equity,Equity Securities (Main Board),0.37,0.37,0.375,0.365,1520000,0.56,0.386,0.397,-4.15,-6.8,0.0,-7.5,-8.64,0.78,0.87,1.8,0.78,0.87,-51.92,-56.9,-79.17,52.56,57.47,False,False,False,False,False,False,False,False,False,2026-09-16
1111,1111.HK,HUASHI GROUP,华视集团控股,1.89,"4,000",Equity,Equity Securities (Main Board),0.245,0.244,0.245,0.239,92000,0.02,0.242,0.245,1.07,0.04,0.41,1.24,-0.41,0.32,2.39,2.39,0.32,2.39,-23.44,-89.75,-89.75,23.44,89.75,False,False,True,True,False,False,False,False,False,2026-09-16
1112,1112.HK,H&H INTL HLDG,Ｈ＆Ｈ国际控股,114.14,500,Equity,Equity Securities (Main Board),17.68,17.2,17.82,17.2,2421563,42.81,17.494,18.028,1.06,-1.93,1.09,2.31,-1.78,19.3,19.3,64.5,19.3,19.3,-7.67,-7.67,-72.37,8.39,8.39,False,False,False,False,False,False,False,True,True,2026-09-16
1113,1113.HK,CK ASSET,长实集团,1619.7,500,Equity,Equity Securities (Main Board),46.28,46.38,46.56,45.9,5579636,258.23,47.212,47.18,-1.97,-1.91,-0.26,-3.34,-3.78,52.35,52.35,75.3,52.35,52.35,-11.06,-11.06,-38.17,11.6,11.6,False,False,False,False,False,False,False,False,False,2026-09-16
1114,1114.HK,BRILLIANCE CHI,BRILLIANCE CHI,86.27,"2,000",Equity,Equity Securities (Main Board),1.71,1.745,1.745,1.705,18410000,31.48,1.761,1.869,-2.9,-8.53,-2.01,-5.52,-6.3,4.45,8.95,23.85,4.45,8.95,-60.79,-80.5,-92.68,61.57,80.89,False,False,False,False,False,False,False,False,False,2026-09-16
1115,1115.HK,5100 XIZANG,５１００藏冰川,25.06,"10,000",Equity,Equity Securities (Main Board),0.445,0.44,0.475,0.44,12610000,5.61,0.418,0.409,6.46,8.8,1.14,14.1,14.1,0.68,0.76,3.83,0.68,0.76,-30.15,-37.5,-87.59,34.56,41.45,True,False,False,False,False,False,False,False,False,2026-09-16
1116,1116.HK,HC TECH GP,慧源同创科技,4.62,"10,000",Equity,Equity Securities (Main Board),0.214,0.21,0.214,0.21,120000,0.03,0.219,0.217,-2.19,-1.34,-2.73,-2.73,-4.46,0.34,0.88,0.88,0.34,0.88,-37.06,-75.68,-75.68,37.06,75.68,False,False,False,False,False,False,False,False,False,2026-09-16
1117,1117.HK,CH MODERN D,现代牧业,122.69,"1,000",Equity,Equity Securities (Main Board),1.55,1.57,1.57,1.53,8793000,13.63,1.606,1.621,-3.49,-4.38,-2.21,-6.06,-7.19,1.74,1.74,3.1,1.74,1.74,-9.51,-9.51,-49.35,10.66,10.66,False,False,False,False,False,False,False,False,False,2026-09-16
1119,1119.HK,IDREAMSKY,创梦天地,8.16,400,Equity,Equity Securities (Main Board),0.4,0.39,0.4,0.385,810400,0.32,0.413,0.449,-3.15,-10.91,2.56,-2.44,-15.79,0.66,3.28,9.7,0.66,3.28,-39.39,-87.8,-95.88,39.39,87.8,False,False,False,False,False,False,False,False,False,2026-09-16
1121,1121.HK,GOLDENSOLAR,金阳新能源,7.12,"2,000",Equity,Equity Securities (Main Board),0.37,0.35,0.375,0.35,8000,0.0,0.358,0.351,3.35,5.56,5.71,2.78,2.78,1.87,6.98,17.68,1.87,6.98,-79.95,-94.63,-97.88,80.21,94.7,False,False,False,True,False,False,False,False,False,2026-09-16
1122,1122.HK,QINGLING MOTORS,庆铃汽车股份,5.76,"2,000",Equity,Equity Securities (Main Board),0.465,0.47,0.475,0.465,906000,0.42,0.473,0.491,-1.69,-5.39,-1.06,-3.12,-5.1,1.45,1.45,2.73,1.45,1.45,-67.24,-67.24,-82.6,67.93,67.93,False,False,False,False,False,False,False,False,False,2026-09-16
1126,1126.HK,DREAM INT'L,德林国际,41.9,500,Equity,Equity Securities (Main Board),6.19,6.415,6.415,6.165,623500,3.86,6.276,6.38,-1.37,-2.97,-0.4,-2.44,-2.6,9.5,19.62,19.62,9.5,19.62,-32.47,-67.3,-67.3,34.84,68.45,False,False,False,False,False,False,False,False,False,2026-09-16
1128,1128.HK,WYNN MACAU,永利澳门,280.42,400,Equity,Equity Securities (Main Board),5.29,5.3,5.33,5.265,3008805,15.92,5.399,5.555,-2.02,-4.76,-0.56,-3.47,-5.62,6.24,8.45,31.35,6.24,8.45,-14.58,-36.92,-83.0,15.22,37.4,False,False,False,False,False,False,False,False,False,2026-09-16
1132,1132.HK,ORANGE SKY G H,橙天嘉禾,2.35,"5,000",Equity,Equity Securities (Main Board),0.084,0.084,0.084,0.084,15000,0.0,0.087,0.089,-3.45,-5.3,-4.55,-3.45,-11.58,0.13,0.13,1.13,0.13,0.13,-33.86,-33.86,-92.57,33.86,33.86,False,False,False,False,False,False,False,False,False,2026-09-16
1133,1133.HK,HARBIN ELECTRIC,哈尔滨电气,96.13,"2,000",Equity,Equity Securities (Main Board),14.23,14.05,14.32,13.98,3332960,47.43,14.55,15.24,-2.2,-6.63,1.07,-4.43,-10.22,28.88,28.88,28.88,28.88,28.88,-50.42,-50.42,-50.42,50.73,50.73,False,False,False,False,False,False,False,False,False,2026-09-16
1134,1134.HK,KELFRED,恒发光学,1.2,"4,000",Equity,Equity Securities (Main Board),0.24,0.227,0.315,0.227,19868000,4.77,0.233,0.233,3.0,3.05,5.26,4.8,0.42,0.55,0.69,4.0,0.55,0.69,-42.73,-54.35,-92.13,56.36,65.22,False,False,False,True,False,False,False,False,False,2026-09-16
1137,1137.HK,HK TECH VENTURE,香港科技探索,7.95,"1,000",Equity,Equity Securities (Main Board),1.005,1.02,1.02,1.005,150000,0.15,1.025,1.027,-1.95,-2.19,-1.47,-2.9,-1.47,1.48,3.45,17.02,1.48,3.45,-31.08,-70.43,-94.01,32.09,70.87,False,False,False,False,False,False,False,False,False,2026-09-16
1138,1138.HK,COSCO SHIP ENGY,中远海能,236.0,"2,000",Equity,Equity Securities (Main Board),18.21,18.76,19.12,17.82,18821208,342.73,18.44,18.147,-1.25,0.35,-1.3,-1.09,-3.7,22.4,22.4,22.4,22.4,22.4,-14.64,-14.64,-14.64,18.71,18.71,False,False,False,False,False,False,False,False,False,2026-09-16
1140,1140.HK,HK.AI CAPITAL,华科智能投资,12.94,"4,000",Equity,Investment Companies,0.111,0.106,0.111,0.106,204000,0.02,0.111,0.111,0.18,0.09,1.83,0.91,-2.63,0.26,0.45,4.03,0.26,0.45,-57.31,-75.33,-97.25,57.31,75.33,False,False,False,True,False,False,False,False,False,2026-09-16
1141,1141.HK,CMBC CAPITAL,民银资本,6.8,"1,000",Equity,Equity Securities (Main Board),0.62,0.61,0.635,0.61,1157000,0.72,0.637,0.665,-2.67,-6.84,1.64,-5.34,-10.79,5.87,5.87,29.6,5.87,5.87,-89.18,-89.18,-97.85,89.44,89.44,False,False,False,False,False,False,False,False,False,2026-09-16
1142,1142.HK,E&P GLOBAL,能源及能量环球,11.28,"2,000",Equity,Equity Securities (Main Board),0.079,0.082,0.082,0.079,4898000,0.39,0.083,0.087,-4.82,-9.09,-3.66,-5.95,-12.22,0.24,5.65,5.65,0.24,5.65,-66.39,-98.55,-98.55,67.62,98.6,False,False,False,False,False,False,False,False,False,2026-09-16
1146,1146.HK,HUICHENG INTL H,汇成国际控股,1.95,"2,000",Equity,Equity Securities (Main Board),0.055,0.053,0.053,0.053,10000,0.0,0.056,0.057,-1.43,-3.17,-1.79,-1.79,-5.17,0.08,0.13,0.49,0.08,0.13,-29.33,-59.54,-89.18,26.67,58.02,False,False,False,False,False,False,False,False,False,2026-09-16
1147,1147.HK,EDENSOFT,伊登软件,2.11,"10,000",Equity,Equity Securities (Main Board),0.103,0.104,0.104,0.099,760000,0.08,0.102,0.102,0.78,0.88,-0.96,-0.96,1.98,0.18,0.18,0.25,0.18,0.18,-42.86,-43.48,-59.22,43.41,44.02,False,False,True,True,False,False,False,False,False,2026-09-16
1148,1148.HK,POWER XINCHEN,新晨动力,2.81,"1,000",Equity,Equity Securities (Main Board),0.219,0.22,0.22,0.219,345000,0.08,0.225,0.222,-2.58,-1.57,-2.67,-2.67,-0.45,0.4,0.44,1.87,0.4,0.44,-44.3,-50.56,-88.24,44.56,50.79,False,False,False,False,False,False,False,False,False,2026-09-16
1152,1152.HK,MOMENTUM FIN,正乾金融控股,7.1,"2,000",Equity,Equity Securities (Main Board),0.203,0.193,0.215,0.19,2560000,0.52,0.208,0.216,-2.5,-5.93,2.01,-5.14,-11.74,0.47,0.53,1.15,0.47,0.53,-54.74,-59.43,-81.3,57.26,61.7,False,False,False,False,False,False,False,False,False,2026-09-16
1156,1156.HK,CHINANEWENERGY,CHINANEWENERGY,1.95,"4,000",Equity,Equity Securities (Main Board),0.275,0.3,0.3,0.27,2373530,0.65,0.291,0.291,-5.5,-5.5,-6.78,-8.33,-3.51,0.36,0.36,1.38,0.36,0.36,-16.67,-16.67,-78.26,23.61,23.61,False,False,False,False,False,False,False,False,False,2026-09-16
1157,1157.HK,ZOOMLION,中联重科,89.73,200,Equity,Equity Securities (Main Board),5.78,5.8,5.935,5.66,6883900,39.79,5.922,5.964,-2.4,-3.08,-1.03,-3.75,-6.02,10.67,10.67,13.98,10.67,10.67,-44.38,-44.38,-57.55,45.83,45.83,False,False,False,False,False,False,False,False,False,2026-09-16
1160,1160.HK,GOLDSTONE CAP,金石资本集团,0.83,"100,000",Equity,Investment Companies,0.35,0.345,0.365,0.34,700000,0.24,0.418,0.409,-16.27,-14.43,-25.53,-12.5,-12.5,0.65,0.65,1.35,0.65,0.65,-43.85,-43.85,-72.97,46.15,46.15,False,False,False,False,False,False,False,False,False,2026-09-16
1161,1161.HK,WATER OASIS GP,奥思集团,8.44,"2,000",Equity,Equity Securities (Main Board),1.24,1.25,1.25,1.225,264000,0.33,1.247,1.256,-0.56,-1.31,0.0,-1.59,-0.8,1.42,1.6,2.0,1.42,1.6,-11.97,-21.88,-37.5,12.68,22.5,False,False,False,False,False,False,False,False,False,2026-09-16
1162,1162.HK,LUMINA GROUP,莹岚集团,1.48,"8,000",Equity,Equity Securities (Main Board),0.246,0.238,0.246,0.238,376000,0.09,0.246,0.25,0.0,-1.52,1.23,1.23,-3.53,0.28,0.66,4.04,0.28,0.66,-10.55,-62.73,-93.91,10.55,62.73,False,False,False,False,False,False,False,False,False,2026-09-16
1164,1164.HK,CGN MINING,中广核矿业,161.51,"5,000",Equity,Equity Securities (Main Board),2.125,2.015,2.15,1.965,94779000,201.41,2.189,2.333,-2.92,-8.92,5.46,-6.8,-18.27,5.66,5.66,5.66,5.66,5.66,-62.01,-62.01,-62.01,62.46,62.46,False,False,False,False,False,False,False,False,False,2026-09-16
1166,1166.HK,SOLARTECH INT'L,星凯控股,0.47,"10,000",Equity,Equity Securities (Main Board),0.33,0.27,0.33,0.27,700075,0.23,0.259,0.216,27.41,52.78,10.0,34.69,84.36,0.9,0.9,32.8,0.9,0.9,-63.33,-63.33,-98.99,63.33,63.33,False,False,False,False,False,False,False,False,False,2026-09-16
1167,1167.HK,JACOBIO-B,加科思－Ｂ,44.82,300,Equity,Equity Securities (Main Board),5.73,5.76,5.83,5.66,1238446,7.1,5.852,6.039,-2.08,-5.12,0.09,-0.87,-6.53,8.28,11.8,25.35,8.28,11.8,-29.59,-50.59,-77.0,30.8,51.44,False,False,False,False,False,False,False,False,False,2026-09-16
1168,1168.HK,Z FIN,Z FIN,22.56,"1,000",Equity,Equity Securities (Main Board),5.17,5.185,5.205,5.155,390037,2.02,5.148,5.186,0.43,-0.32,-0.67,2.68,1.37,6.09,12.26,31.7,6.09,12.26,-14.53,-57.54,-83.58,15.11,57.83,False,False,False,False,False,False,False,False,False,2026-09-16
1170,1170.HK,KINGMAKER,信星集团,2.63,"2,000",Equity,Equity Securities (Main Board),0.395,0.4,0.4,0.39,18000,0.01,0.413,0.412,-4.36,-4.01,-5.95,-7.06,-1.25,0.53,0.94,2.6,0.53,0.94,-24.53,-57.45,-84.62,25.47,57.98,False,False,False,False,False,False,False,False,False,2026-09-16
1171,1171.HK,YANKUANG ENERGY,兖矿能源,509.03,"2,000",Equity,Equity Securities (Main Board),12.49,12.49,12.68,12.27,20863812,260.59,12.778,13.055,-2.25,-4.33,-0.95,-3.78,-9.43,17.42,17.42,18.72,17.42,17.42,-27.21,-27.21,-32.26,28.3,28.3,False,False,False,False,False,False,False,False,False,2026-09-16
1172,1172.HK,MAGNUSCONCORDIA,融太集团,1.27,"20,000",Equity,Equity Securities (Main Board),0.022,0.02,0.023,0.02,5900000,0.13,0.022,0.02,0.92,12.82,4.76,4.76,29.41,0.03,0.08,0.49,0.03,0.08,-14.81,-71.25,-95.31,18.52,72.5,False,False,False,False,False,False,False,False,False,2026-09-16
1176,1176.HK,ZHUGUANG HOLD,珠光控股,1.68,"2,000",Equity,Equity Securities (Main Board),0.019,0.019,0.019,0.018,6892000,0.13,0.019,0.02,0.0,-4.52,0.0,5.56,-5.0,0.05,0.81,2.73,0.05,0.81,-65.45,-97.65,-99.3,65.45,97.65,False,False,False,False,False,False,False,False,False,2026-09-16
1177,1177.HK,SBP GROUP,中国生物制药,1025.69,"1,000",Equity,Equity Securities (Main Board),5.49,5.5,5.585,5.395,66575279,365.5,5.423,5.516,1.24,-0.48,1.29,4.57,-2.14,7.29,9.12,11.24,7.29,9.12,-23.39,-38.76,-50.31,24.69,39.8,False,False,False,False,False,False,False,False,False,2026-09-16
1179,1179.HK,HWORLD-S,华住集团－Ｓ,1032.66,100,Equity,Equity Securities (Main Board),33.58,33.76,33.98,33.36,782900,26.29,33.772,34.544,-0.57,-2.79,0.18,-0.77,-2.33,44.26,44.26,49.3,44.26,44.26,-23.23,-23.23,-31.08,24.13,24.13,False,False,False,False,False,False,False,False,False,2026-09-16
1180,1180.HK,PARADISE ENT,汇彩控股,9.79,"4,000",Equity,Equity Securities (Main Board),0.93,0.945,0.945,0.93,232000,0.22,0.934,0.913,-0.43,1.81,0.0,-0.53,-1.59,1.1,2.7,2.7,1.1,2.7,-13.7,-65.0,-65.0,15.07,65.56,False,False,False,False,False,False,False,False,False,2026-09-16
1183,1183.HK,MECOM POWER,澳能建设,4.78,"2,000",Equity,Equity Securities (Main Board),0.12,0.117,0.12,0.117,258750,0.03,0.125,0.126,-3.69,-5.06,-4.0,-6.25,-4.76,0.22,0.78,2.35,0.22,0.78,-45.45,-84.62,-94.89,45.45,84.62,False,False,False,False,False,False,False,False,False,2026-09-16
1184,1184.HK,S.A.S. DRAGON,S.A.S. DRAGON,51.54,"2,000",Equity,Equity Securities (Main Board),8.235,8.31,8.31,8.235,12000,0.1,8.672,8.742,-5.04,-5.8,-0.78,-7.94,-6.95,9.3,9.3,9.3,9.3,9.3,-10.65,-10.65,-10.65,11.45,11.45,False,False,False,False,False,False,False,False,False,2026-09-16
1186,1186.HK,CHINA RAIL CONS,中国铁建,92.19,500,Equity,Equity Securities (Main Board),4.44,4.43,4.45,4.41,5845500,25.95,4.433,4.434,0.16,0.12,0.23,0.0,-0.11,5.7,7.03,11.98,5.7,7.03,-21.93,-36.7,-62.85,22.11,36.84,False,False,False,True,False,False,False,False,False,2026-09-16
1187,1187.HK,COFOE MEDICAL,可孚医疗,8.74,100,Equity,Equity Securities (Main Board),32.38,31.88,32.46,31.88,14800,0.48,32.004,31.86,1.17,1.63,0.94,1.63,2.6,41.0,41.0,41.0,41.0,41.0,-20.83,-20.83,-20.83,21.02,21.02,True,True,False,False,False,False,False,False,False,2026-09-16
1191,1191.HK,CREALIGHTS,海光芯正,132.76,50,Equity,Equity Securities (Main Board),145.0,125.3,145.5,124.5,2578540,373.89,141.72,132.74,2.31,9.24,16.65,-7.17,-5.78,219.6,219.6,219.6,219.6,219.6,-33.74,-33.74,-33.74,33.97,33.97,False,False,False,True,False,False,False,False,False,2026-09-16
1193,1193.HK,CHINA RES GAS,华润燃气,384.82,100,Equity,Equity Securities (Main Board),16.63,16.5,16.75,16.48,3098584,51.53,16.56,16.76,0.42,-0.78,0.36,3.55,-4.26,22.66,35.2,52.25,22.66,35.2,-26.08,-52.41,-67.94,26.61,52.76,True,False,False,False,False,False,False,False,False,2026-09-16
1195,1195.HK,KINGWELL GROUP,京维集团,0.52,"4,000",Equity,Equity Securities (Main Board),0.018,0.016,0.018,0.016,1864000,0.03,0.018,0.019,2.27,-3.23,0.0,0.0,0.0,0.03,0.05,0.22,0.03,0.05,-37.93,-61.7,-91.67,37.93,61.7,False,False,False,False,False,False,False,False,False,2026-09-16
1199,1199.HK,COSCO SHIP PORT,中远海运港口,233.77,"2,000",Equity,Equity Securities (Main Board),5.82,5.77,5.83,5.74,9477815,55.16,5.785,5.729,0.61,1.59,0.0,1.66,-0.68,6.56,6.56,9.95,6.56,6.56,-11.13,-11.13,-41.41,11.28,11.28,False,False,False,False,False,False,False,False,False,2026-09-16
1200,1200.HK,MIDLAND HOLDING,美联集团,12.8,"2,000",Equity,Equity Securities (Main Board),1.785,1.79,1.85,1.755,556000,0.99,1.786,1.854,-0.06,-3.75,0.0,-0.83,-1.92,3.52,3.52,3.52,3.52,3.52,-47.44,-47.44,-47.44,49.29,49.29,False,False,False,False,False,False,False,False,False,2026-09-16
1201,1201.HK,TESSON HOLDINGS,天臣控股,8.79,"3,000",Equity,Equity Securities (Main Board),2.0,1.955,2.0,1.92,72000,0.14,2.038,2.081,-1.86,-3.89,-0.5,-3.38,-4.31,3.95,3.95,16.4,3.95,3.95,-49.37,-49.37,-87.8,49.37,49.37,False,False,False,False,False,False,False,False,False,2026-09-16
1202,1202.HK,SIWI SCI & TECH,四威科技,2.32,"2,000",Equity,Equity Securities (Main Board),1.45,1.45,1.45,1.41,174000,0.25,1.467,1.483,-1.16,-2.23,1.4,-2.03,-2.36,1.92,1.92,2.35,1.92,1.92,-24.48,-24.48,-38.3,24.48,24.48,False,False,False,False,False,False,False,False,False,2026-09-16
1203,1203.HK,GUANGNAN (HOLD),广南（集团）,5.99,"2,000",Equity,Equity Securities (Main Board),0.66,0.645,0.66,0.635,59400,0.04,0.661,0.662,-0.15,-0.3,0.0,0.76,0.0,0.88,1.14,1.28,0.88,1.14,-25.0,-42.11,-48.44,25.0,42.11,False,False,False,False,False,False,False,False,False,2026-09-16
1205,1205.HK,CITIC RESOURCES,中信资源,38.5,"2,000",Equity,Equity Securities (Main Board),0.49,0.485,0.495,0.485,925200,0.45,0.498,0.505,-1.61,-3.07,0.0,-2.0,-4.85,0.65,0.65,1.22,0.65,0.65,-23.85,-23.85,-59.43,24.62,24.62,False,False,False,False,False,False,False,False,False,2026-09-16
1208,1208.HK,MMG,五矿资源,1109.93,"4,000",Equity,Equity Securities (Main Board),8.64,8.575,8.7,8.41,31983202,276.33,8.932,9.199,-3.27,-6.07,2.43,-4.74,-11.66,11.96,11.96,11.96,11.96,11.96,-27.26,-27.26,-27.26,27.76,27.76,False,False,False,False,False,False,False,False,False,2026-09-16
1209,1209.HK,CHINA RES MIXC,华润万象生活,868.72,200,Equity,Equity Securities (Main Board),38.06,38.0,38.34,37.84,3192753,121.52,38.244,39.418,-0.48,-3.45,-0.37,-0.26,-6.16,51.15,51.15,55.25,51.15,51.15,-25.04,-25.04,-30.61,25.59,25.59,False,False,False,False,False,False,False,False,False,2026-09-16
1211,1211.HK,BYD COMPANY,比亚迪股份,2917.25,100,Equity,Equity Securities (Main Board),79.2,79.45,79.75,78.3,9959680,788.81,79.57,81.985,-0.47,-3.4,0.19,-0.81,-3.18,113.4,158.87,158.87,113.4,158.87,-29.67,-49.8,-49.8,30.16,50.15,False,False,False,False,False,False,False,False,False,2026-09-16
1215,1215.HK,KAI YUAN HLDGS,开源控股,2.43,"20,000",Equity,Equity Securities (Main Board),0.019,0.019,0.019,0.018,1220000,0.02,0.019,0.018,0.0,2.7,0.0,0.0,5.56,0.03,0.03,0.14,0.03,0.03,-26.92,-40.63,-86.03,26.92,40.63,False,False,False,False,False,False,False,False,False,2026-09-16
1216,1216.HK,ZYBANK,中原银行,19.45,"1,000",Equity,Equity Securities (Main Board),0.28,0.28,0.28,0.28,3000,0.0,0.284,0.287,-1.41,-2.44,-1.75,-1.75,-1.75,0.37,0.58,2.6,0.37,0.58,-24.32,-51.72,-89.23,24.32,51.72,False,False,False,False,False,False,False,False,False,2026-09-16
1223,1223.HK,SYMPHONY HOLD,新沣集团,36.88,"10,000",Equity,Equity Securities (Main Board),1.24,1.315,1.32,1.23,4560000,5.65,1.298,1.305,-4.47,-4.98,-4.62,-5.7,-8.15,1.62,1.76,1.76,1.62,1.76,-18.52,-25.0,-25.0,23.46,29.55,False,False,False,False,False,False,False,False,False,2026-09-16
1225,1225.HK,LERADO FIN,隆成金融,0.57,"10,000",Equity,Equity Securities (Main Board),0.248,0.248,0.248,0.248,40360,0.01,0.246,0.244,0.73,1.76,0.0,1.22,2.48,0.32,0.5,2.7,0.32,0.5,-22.5,-50.4,-90.81,22.5,50.4,False,False,False,False,False,False,False,False,False,2026-09-16
1228,1228.HK,CANBRIDGE-B,北海康成－Ｂ,11.45,"1,000",Equity,Equity Securities (Main Board),1.915,1.81,1.935,1.795,506000,0.97,1.877,1.882,2.02,1.75,2.41,0.79,1.32,3.5,3.5,9.99,3.5,3.5,-44.71,-44.71,-80.63,45.29,45.29,False,False,False,True,False,False,False,False,False,2026-09-16
1229,1229.HK,NAN NAN RES,南南资源,1.25,"2,000",Equity,Equity Securities (Main Board),0.163,0.163,0.163,0.163,6000,0.0,0.163,0.166,-0.12,-1.63,0.0,0.0,-6.32,0.26,0.32,1.36,0.26,0.32,-37.31,-49.06,-88.01,37.31,49.06,False,False,False,False,False,False,False,False,False,2026-09-16
1232,1232.HK,GW TIANDI,金轮天地控股,1.09,"8,000",Equity,Equity Securities (Main Board),0.52,0.5,0.52,0.5,301000,0.16,0.481,0.432,8.11,20.37,4.0,16.85,8.33,0.62,1.3,9.5,0.62,1.3,-16.13,-60.0,-94.53,16.13,60.0,False,False,False,False,False,False,False,False,False,2026-09-16
1233,1233.HK,TIMES CHINA,时代中国控股,1.44,"1,000",Equity,Equity Securities (Main Board),0.048,0.052,0.052,0.048,2810000,0.13,0.048,0.049,0.84,-1.03,-2.04,4.35,0.0,0.12,0.73,17.0,0.12,0.73,-55.17,-92.88,-99.69,58.62,93.42,False,False,False,False,False,False,False,False,False,2026-09-16
1234,1234.HK,CHINA LILANG,中国利郎,34.43,"1,000",Equity,Equity Securities (Main Board),2.875,2.885,2.905,2.875,389000,1.12,2.882,2.898,-0.24,-0.79,-0.17,-0.35,-0.86,3.97,5.12,13.08,3.97,5.12,-26.83,-43.26,-77.79,27.58,43.85,False,False,False,False,False,False,False,False,False,2026-09-16
1236,1236.HK,LDROBOT,乐动机器人,86.47,200,Equity,Equity Securities (Main Board),25.94,30.8,30.8,25.9,3103600,80.51,28.316,30.686,-8.39,-15.47,-4.98,-16.27,-15.23,66.0,66.0,66.0,66.0,66.0,-53.33,-53.33,-53.33,60.7,60.7,False,False,False,False,False,False,False,False,False,2026-09-16
1238,1238.HK,POWERLONG,宝龙地产,6.83,"1,000",Equity,Equity Securities (Main Board),0.165,0.166,0.166,0.152,472000,0.08,0.163,0.166,1.23,-0.3,0.0,2.48,3.13,0.3,1.27,8.73,0.3,1.27,-44.67,-86.93,-98.1,45.0,87.01,False,False,False,False,False,False,False,False,False,2026-09-16
1240,1240.HK,CNQC INT'L,青建国际,2.7,"2,500",Equity,Equity Securities (Main Board),0.178,0.178,0.178,0.178,35000,0.01,0.183,0.185,-2.73,-3.52,-3.26,-3.26,-4.3,0.2,0.25,3.6,0.2,0.25,-11.88,-28.23,-95.06,11.88,28.23,False,False,False,False,False,False,False,False,False,2026-09-16
1244,1244.HK,3D MEDICINES,思路迪医药股份,6.04,500,Equity,Equity Securities (Main Board),2.34,2.37,2.37,2.255,112000,0.26,2.329,2.378,0.47,-1.6,-0.85,-1.47,1.52,6.07,29.7,131.5,6.07,29.7,-60.96,-92.02,-98.2,61.45,92.12,False,False,True,False,False,False,False,False,False,2026-09-16
1245,1245.HK,NIRAKU,NIRAKU,3.11,"2,000",Equity,Equity Securities (Main Board),0.26,0.233,0.27,0.233,2072000,0.54,0.234,0.225,11.02,15.81,13.04,13.54,16.59,0.23,0.34,1.8,0.27,0.34,17.9,-20.59,-85.0,3.7,23.53,False,False,False,False,True,False,False,True,False,2026-09-16
1247,1247.HK,MIKO INTL,米格国际控股,2.14,"6,000",Equity,Equity Securities (Main Board),0.96,0.965,1.015,0.96,282000,0.27,0.959,0.967,0.1,-0.78,0.52,-0.52,-1.54,3.07,3.42,4.05,3.07,3.42,-66.94,-70.32,-74.94,68.73,71.93,False,False,False,False,False,False,False,False,False,2026-09-16
1250,1250.HK,SDHS NEW ENERGY,山高新能源,25.16,"1,000",Equity,Equity Securities (Main Board),1.12,1.12,1.12,1.12,20920,0.02,1.078,1.075,3.9,4.14,0.0,6.67,4.67,1.89,3.35,15.0,1.89,3.35,-40.74,-66.57,-92.53,40.74,66.57,False,False,False,False,False,False,False,False,False,2026-09-16
1251,1251.HK,SPT ENERGY,华油能源,3.38,"2,000",Equity,Equity Securities (Main Board),0.173,0.16,0.173,0.154,26000,0.0,0.175,0.175,-1.03,-1.26,0.0,-1.14,1.17,0.34,0.34,1.22,0.34,0.34,-49.86,-49.86,-85.82,49.86,49.86,False,False,False,False,False,False,False,False,False,2026-09-16
1255,1255.HK,TATA HEALTH,ＴＡＴＡ健康,4.42,"2,000",Equity,Equity Securities (Main Board),1.82,2.005,2.005,1.8,96000,0.17,2.025,2.056,-10.12,-11.48,-9.23,-13.33,-13.33,3.79,3.79,13.9,3.79,3.79,-47.1,-47.1,-85.58,51.98,51.98,False,False,False,False,False,False,False,False,False,2026-09-16
1257,1257.HK,CEB GREENTECH,中国光大绿色环保,15.5,"1,000",Equity,Equity Securities (Main Board),0.75,0.765,0.765,0.74,201000,0.15,0.769,0.776,-2.47,-3.41,-2.6,-3.23,-3.85,0.99,1.3,8.95,0.99,1.3,-22.73,-41.15,-91.45,24.24,42.31,False,False,False,False,False,False,False,False,False,2026-09-16
1258,1258.HK,CHINFMINING,中国有色矿业,608.72,"1,000",Equity,Equity Securities (Main Board),15.6,15.3,15.73,15.16,8346464,130.2,16.104,16.496,-3.13,-5.43,1.96,-5.45,-11.91,19.05,19.05,19.05,19.05,19.05,-17.43,-17.43,-17.43,18.11,18.11,False,False,False,False,False,False,False,False,False,2026-09-16
1259,1259.HK,PROSPER FUTURE,未来发展控股,0.68,"1,000",Equity,Equity Securities (Main Board),0.031,0.03,0.031,0.03,1840000,0.06,0.032,0.033,-4.32,-5.78,0.0,-6.06,-11.43,0.05,0.09,0.69,0.05,0.09,-43.64,-63.53,-95.51,43.64,63.53,False,False,False,False,False,False,False,False,False,2026-09-16
1262,1262.HK,LABIXIAOXIN,蜡笔小新食品,7.46,"2,000",Equity,Equity Securities (Main Board),3.12,3.12,3.12,3.12,14000,0.04,3.088,3.113,1.04,0.22,2.97,0.0,0.0,4.88,4.88,8.0,4.88,4.88,-36.07,-36.07,-61.0,36.07,36.07,False,False,False,False,False,False,False,False,False,2026-09-16
1268,1268.HK,MEIDONG AUTO,美东汽车,3.7,"2,000",Equity,Equity Securities (Main Board),0.275,0.26,0.305,0.25,15965936,4.39,0.281,0.306,-2.14,-10.13,3.77,-5.17,-11.29,1.8,5.85,48.4,1.8,5.85,-83.06,-94.79,-99.37,84.72,95.3,False,False,False,False,False,False,False,False,False,2026-09-16
1269,1269.HK,FIRST CAP GP,首控集团,1.05,"10,000",Equity,Equity Securities (Main Board),0.057,0.055,0.057,0.055,64000,0.0,0.051,0.048,11.33,18.26,3.64,21.28,29.55,0.07,0.12,41.2,0.07,0.12,-18.57,-51.69,-99.86,18.57,51.69,True,True,False,False,False,False,False,False,False,2026-09-16
1270,1270.HK,LANGHAM-SS,朗廷－ＳＳ,16.14,"2,000",Equity,Equity Securities (Main Board),0.455,0.455,0.46,0.455,66000,0.03,0.458,0.46,-0.66,-1.09,0.0,-1.09,-1.09,0.62,0.99,3.6,0.62,0.99,-25.81,-53.54,-87.21,26.61,54.04,False,False,False,False,False,False,False,False,False,2026-09-16
1273,1273.HK,HK FINANCE GP,香港信贷,2.95,"4,000",Equity,Equity Securities (Main Board),0.71,0.71,0.71,0.71,12000,0.01,0.714,0.715,-0.56,-0.7,-0.7,-0.7,-0.7,0.82,0.82,1.12,0.82,0.82,-13.41,-13.41,-36.61,13.41,13.41,False,False,False,False,False,False,False,False,False,2026-09-16
1274,1274.HK,IMOTIONTECH,知行科技,5.69,100,Equity,Equity Securities (Main Board),2.25,2.27,2.27,2.15,47500,0.11,2.243,2.297,0.31,-2.05,-0.88,2.97,-1.96,7.15,115.6,115.6,7.15,115.6,-68.25,-98.04,-98.04,68.53,98.05,False,False,False,False,False,False,False,False,False,2026-09-16
1276,1276.HK,HENGRUI PHARMA,恒瑞医药,117.74,200,Equity,Equity Securities (Main Board),45.6,43.78,45.66,43.76,3838700,175.04,44.424,45.398,2.65,0.44,4.11,4.2,-0.74,80.95,95.2,95.2,80.95,95.2,-43.59,-52.04,-52.04,43.67,52.1,False,False,False,True,False,False,False,False,False,2026-09-16
1277,1277.HK,KINETIC DEV,力量发展,168.12,"2,000",Equity,Equity Securities (Main Board),1.955,1.96,1.97,1.915,5876000,11.49,1.97,1.999,-0.76,-2.18,0.77,-1.76,-8.22,2.7,2.7,2.7,2.7,2.7,-27.04,-27.04,-27.04,27.59,27.59,False,False,False,False,False,False,False,False,False,2026-09-16
1278,1278.HK,CHINANEWTOWN,中国新城镇,6.61,"2,500",Equity,Equity Securities (Main Board),0.068,0.068,0.068,0.068,705000,0.05,0.069,0.07,-1.73,-2.86,-1.45,-4.23,-2.86,0.1,0.15,0.48,0.1,0.15,-31.31,-53.74,-85.83,31.31,53.74,False,False,False,False,False,False,False,False,False,2026-09-16
1280,1280.HK,QIDIAN GUOFENG,奇点国峰,51.91,"2,000",Equity,Equity Securities (Main Board),2.685,2.73,2.86,2.67,8314400,22.32,2.744,2.797,-2.15,-4.0,-5.12,2.48,-9.9,3.43,5.37,19.8,3.43,5.37,-16.62,-46.74,-85.56,21.72,50.0,False,False,False,False,False,False,False,False,False,2026-09-16
1281,1281.HK,XINDA INV HLDGS,鑫达投资控股,1.37,"1,000",Equity,Equity Securities (Main Board),0.092,0.092,0.092,0.092,13000,0.0,0.092,0.092,0.0,0.0,0.0,0.0,0.0,0.12,0.54,4.17,0.12,0.54,-22.03,-82.96,-97.8,22.03,82.96,False,False,False,False,False,False,False,False,False,2026-09-16
1282,1282.HK,RENZE HARVEST,中泽丰,5.55,"8,000",Equity,Equity Securities (Main Board),0.111,0.098,0.114,0.098,848000,0.09,0.102,0.099,9.04,11.56,13.27,13.27,9.9,0.16,0.29,17.07,0.16,0.29,-29.63,-61.36,-99.33,31.48,62.37,False,False,False,True,False,False,False,False,False,2026-09-16
1283,1283.HK,ACCEL GROUP,高陞集团控股,14.45,"5,000",Equity,Equity Securities (Main Board),1.75,1.8,1.8,1.74,345000,0.6,1.772,1.79,-1.24,-2.23,-2.23,-1.13,-2.51,1.94,1.94,2.65,1.94,1.94,-7.22,-7.22,-32.08,9.79,9.79,False,False,False,False,False,False,False,True,True,2026-09-16
1284,1284.HK,NEW MEDIA LAB,新传企划,3.3,"5,000",Equity,Equity Securities (Main Board),0.55,0.565,0.585,0.53,545000,0.3,0.594,0.545,-7.41,0.92,-5.98,-8.33,10.0,0.65,0.65,1.22,0.65,0.65,-10.0,-10.0,-52.05,15.38,15.38,False,False,False,False,False,False,False,False,False,2026-09-16
1285,1285.HK,JIASHILI GP,嘉士利集团,6.6,"1,000",Equity,Equity Securities (Main Board),1.59,1.57,1.59,1.545,34000,0.05,1.584,1.589,0.38,0.09,1.27,-0.62,-5.36,1.72,1.72,3.48,1.72,1.72,-7.56,-7.56,-54.31,7.56,7.56,False,False,False,True,False,False,False,True,True,2026-09-16
1286,1286.HK,IMPRO PRECISION,鹰普精密,144.98,"1,000",Equity,Equity Securities (Main Board),7.445,7.41,7.51,7.345,3358668,25.01,7.69,8.007,-3.19,-7.01,0.54,-6.59,-11.74,11.8,11.8,11.8,11.8,11.8,-36.36,-36.36,-36.36,36.91,36.91,False,False,False,False,False,False,False,False,False,2026-09-16
1288,1288.HK,ABC,农业银行,1954.99,"1,000",Equity,Equity Securities (Main Board),6.36,6.31,6.38,6.3,71227008,453.0,6.364,6.374,-0.06,-0.21,0.79,0.08,0.95,6.64,6.64,6.64,6.64,6.64,-3.99,-3.99,-3.99,4.29,4.29,False,False,False,False,False,False,False,True,True,2026-09-16
1290,1290.HK,CHINA HUIRONG,中国汇融,6.43,"2,000",Equity,Equity Securities (Main Board),0.59,0.59,0.59,0.515,12000,0.01,0.582,0.575,1.37,2.61,7.27,0.0,0.0,0.69,1.04,1.66,0.69,1.04,-14.49,-43.27,-64.46,14.49,43.27,False,False,False,True,False,False,False,False,False,2026-09-16
1299,1299.HK,AIA,友邦保险,7966.92,200,Equity,Equity Securities (Main Board),77.0,76.55,77.3,75.75,24680544,1900.4,75.77,76.46,1.62,0.71,1.25,2.6,0.06,92.15,92.15,109.3,92.15,92.15,-16.12,-16.12,-29.28,16.44,16.44,True,False,True,True,False,False,False,False,False,2026-09-16
1300,1300.HK,TRIGIANT,俊知集团,52.69,"2,000",Equity,Equity Securities (Main Board),2.98,2.975,3.0,2.725,10458500,31.17,2.637,2.395,13.01,24.43,1.88,47.16,40.24,4.93,4.93,4.93,4.93,4.93,-39.15,-39.15,-39.15,39.55,39.55,False,False,False,False,False,False,False,False,False,2026-09-16
1301,1301.HK,D&G TECH,德基科技控股,1.88,"2,000",Equity,Equity Securities (Main Board),0.3,0.3,0.305,0.29,96680,0.03,0.305,0.311,-1.64,-3.38,-4.76,0.0,-3.23,0.69,1.05,1.7,0.69,1.05,-55.8,-70.95,-82.06,56.52,71.43,False,False,False,False,False,False,False,False,False,2026-09-16
1302,1302.HK,LIFETECH SCI,先健科技,63.92,"2,000",Equity,Equity Securities (Main Board),1.38,1.36,1.39,1.355,10726000,14.8,1.368,1.368,0.88,0.88,1.85,-0.36,2.22,2.38,2.63,5.98,2.38,2.63,-41.6,-47.15,-76.76,42.02,47.53,False,False,False,True,False,False,False,False,False,2026-09-16
1304,1304.HK,FORTIOR,FORTIOR,25.37,100,Equity,Equity Securities (Main Board),117.7,114.8,118.9,112.8,86000,10.12,115.4,116.59,1.99,0.95,2.53,1.9,-0.59,185.0,226.4,226.4,185.0,226.4,-35.73,-47.48,-47.48,36.38,48.01,False,False,False,True,False,False,False,False,False,2026-09-16
1308,1308.HK,SITC,海丰国际,1267.91,"1,000",Equity,Equity Securities (Main Board),46.76,46.1,46.94,45.66,5333917,249.41,45.62,45.466,2.5,2.85,3.0,3.09,3.68,50.0,50.0,50.0,50.0,50.0,-6.12,-6.12,-6.12,6.48,6.48,False,False,False,False,False,False,False,True,True,2026-09-16
1310,1310.HK,HKBN,香港宽频,81.04,500,Equity,Equity Securities (Main Board),5.48,5.575,5.575,5.445,368500,2.02,5.473,5.496,0.13,-0.29,-0.18,0.74,-1.08,8.4,9.41,15.6,8.4,9.41,-33.63,-40.75,-64.26,34.76,41.76,False,False,True,False,False,False,False,False,False,2026-09-16
1312,1312.HK,KONTA CHINA,华控康泰,1.84,"6,000",Equity,Equity Securities (Main Board),0.033,0.033,0.033,0.03,30000,0.0,0.032,0.033,2.48,-0.3,0.0,3.12,-2.94,0.04,0.05,0.9,0.04,0.05,-8.33,-31.25,-96.33,8.33,31.25,False,False,True,False,False,False,False,True,False,2026-09-16
1313,1313.HK,CR BLDG MAT TEC,华润建材科技,67.04,"2,000",Equity,Equity Securities (Main Board),0.96,0.96,0.96,0.955,3586000,3.44,0.98,0.999,-2.04,-3.95,0.0,-2.54,-6.34,2.06,2.31,12.44,2.06,2.31,-53.4,-58.44,-92.28,53.4,58.44,False,False,False,False,False,False,False,False,False,2026-09-16
1314,1314.HK,TSUI WAH HLDG,翠华控股,2.62,"2,000",Equity,Equity Securities (Main Board),0.186,0.187,0.187,0.186,82000,0.02,0.183,0.182,1.53,2.14,-0.53,2.2,3.91,0.22,0.29,1.65,0.22,0.29,-13.43,-35.52,-88.67,13.89,35.86,False,False,False,False,False,False,False,False,False,2026-09-16
1315,1315.HK,GREEN ECONOMY,绿色经济,0.57,"10,000",Equity,Equity Securities (Main Board),0.092,0.092,0.092,0.092,16000,0.0,0.096,0.097,-3.77,-4.96,0.0,-6.12,-8.0,0.15,0.27,58.15,0.15,0.27,-36.99,-65.93,-99.84,36.99,65.93,False,False,False,False,False,False,False,False,False,2026-09-16
1316,1316.HK,NEXTEER,耐世特,116.46,"1,000",Equity,Equity Securities (Main Board),4.64,4.715,4.715,4.525,7849496,36.42,4.696,4.832,-1.19,-3.96,-1.07,-0.32,-4.23,8.25,8.9,20.4,8.25,8.9,-42.85,-47.02,-76.89,43.76,47.87,False,False,False,False,False,False,False,False,False,2026-09-16
1317,1317.HK,MAPLELEAF EDU,枫叶教育,5.09,"2,000",Equity,Equity Securities (Main Board),0.179,0.164,0.19,0.164,392000,0.07,0.166,0.168,7.83,6.42,9.82,14.01,2.87,0.4,0.57,7.63,0.4,0.57,-51.9,-66.67,-97.51,54.68,68.6,True,False,False,True,False,False,False,False,False,2026-09-16
1318,1318.HK,MAO GEPING,毛戈平,229.02,100,Equity,Equity Securities (Main Board),46.72,46.04,46.88,45.22,1429212,66.77,47.28,48.516,-1.18,-3.7,0.6,-1.56,-4.18,93.3,130.6,130.6,93.3,130.6,-49.75,-64.1,-64.1,49.92,64.23,False,False,False,False,False,False,False,False,False,2026-09-16
1323,1323.HK,HUASHENG INTL,华盛国际控股,1.7,"20,000",Equity,Equity Securities (Main Board),0.188,0.175,0.196,0.175,430000,0.08,0.184,0.187,2.29,0.75,5.62,3.3,2.73,0.26,0.84,20.15,0.26,0.84,-24.62,-76.78,-99.03,27.69,77.73,False,False,False,True,False,False,False,False,False,2026-09-16
1327,1327.HK,LUXXU GROUP,励时集团,4.01,"20,000",Equity,Equity Securities (Main Board),1.55,1.55,1.55,1.55,27520,0.04,1.55,1.59,0.0,-2.52,0.0,0.0,0.0,1.69,2.04,9.07,1.69,2.04,-8.28,-24.03,-82.92,8.28,24.03,False,False,False,False,False,False,False,True,False,2026-09-16
1328,1328.HK,GOLDSTREAM INV,金涌投资,8.63,"1,000",Equity,Equity Securities (Main Board),3.36,3.39,3.4,3.36,19220,0.06,3.455,3.469,-2.75,-3.14,-1.75,-4.55,-4.27,6.28,15.0,18.55,6.28,15.0,-45.86,-77.33,-81.67,46.5,77.6,False,False,False,False,False,False,False,False,False,2026-09-16
1330,1330.HK,DYNAGREEN ENV,绿色动力环保,25.82,"1,000",Equity,Equity Securities (Main Board),6.385,6.155,6.43,6.15,1859000,11.87,6.17,6.128,3.48,4.2,4.5,4.16,3.4,6.69,7.7,7.7,6.69,7.7,-3.89,-16.49,-16.49,4.56,17.08,False,False,False,False,False,False,False,True,False,2026-09-16
1332,1332.HK,TOUYUN BIOTECH,透云生物,4.54,"10,000",Equity,Equity Securities (Main Board),0.155,0.154,0.158,0.15,805000,0.12,0.154,0.156,0.52,-0.7,0.65,-1.27,-2.52,0.32,0.75,2.2,0.32,0.75,-51.38,-78.93,-92.82,52.31,79.33,False,False,False,False,False,False,False,False,False,2026-09-16
1333,1333.HK,BRETON,博雷顿,42.47,200,Equity,Equity Securities (Main Board),11.83,11.48,12.14,11.33,1527400,18.07,11.94,12.116,-0.92,-2.36,2.34,-4.13,-1.66,31.0,55.55,55.55,31.0,55.55,-60.84,-78.15,-78.15,61.84,78.7,False,False,False,False,False,False,False,False,False,2026-09-16
1334,1334.HK,RUICHANG INTL,瑞昌国际控股,4.6,"2,500",Equity,Equity Securities (Main Board),0.92,0.95,0.955,0.91,832500,0.77,0.948,0.999,-2.95,-7.91,-2.65,-4.17,-7.54,2.65,2.65,2.65,2.65,2.65,-63.96,-63.96,-63.96,65.28,65.28,False,False,False,False,False,False,False,False,False,2026-09-16
1335,1335.HK,SHEEN TAI,顺泰控股,2.29,"2,000",Equity,Equity Securities (Main Board),0.094,0.094,0.094,0.093,58000,0.01,0.099,0.104,-4.86,-9.96,-11.32,1.08,-12.96,0.15,0.5,0.85,0.15,0.5,-37.33,-81.2,-88.94,37.33,81.2,False,False,False,False,False,False,False,False,False,2026-09-16
1336,1336.HK,NCI,新华保险,480.86,100,Equity,Equity Securities (Main Board),46.5,46.38,46.58,46.0,3904431,181.56,47.204,48.074,-1.49,-3.27,0.43,-2.27,-3.33,65.8,65.8,65.8,65.8,65.8,-29.21,-29.21,-29.21,29.33,29.33,False,False,False,False,False,False,False,False,False,2026-09-16
1338,1338.HK,BAWANG GROUP,霸王集团,1.08,"2,000",Equity,Equity Securities (Main Board),0.034,0.029,0.034,0.029,4776000,0.16,0.032,0.031,7.59,8.97,13.33,9.68,9.68,0.05,0.08,0.53,0.05,0.08,-29.17,-57.5,-93.58,29.17,57.5,False,False,False,True,False,False,False,False,False,2026-09-16
1339,1339.HK,PICC GROUP,中国人民保险集团,507.87,"1,000",Equity,Equity Securities (Main Board),5.82,5.79,5.845,5.735,28675716,166.89,5.881,5.961,-1.04,-2.37,0.34,-1.36,-0.6,7.63,7.63,7.63,7.63,7.63,-23.39,-23.39,-23.39,23.72,23.72,False,False,False,False,False,False,False,False,False,2026-09-16
1340,1340.HK,HUISHENG INTL,惠生国际,0.7,"10,000",Equity,Equity Securities (Main Board),0.505,0.48,0.545,0.445,640500,0.32,0.483,0.492,4.55,2.64,5.21,6.32,4.12,1.0,1.0,5.72,1.0,1.0,-45.5,-45.5,-90.48,49.5,49.5,False,False,True,True,False,False,False,False,False,2026-09-16
1343,1343.HK,WEI YUAN HLDG,伟源控股,1.81,"5,000",Equity,Equity Securities (Main Board),0.17,0.18,0.194,0.16,5445000,0.93,0.154,0.141,10.53,20.23,-5.56,22.3,32.81,0.2,0.2,4.09,0.2,0.2,-3.0,-3.0,-95.26,15.0,15.0,False,False,False,False,False,False,False,False,False,2026-09-16
1346,1346.HK,LEVER STYLE,利华控股集团,8.34,"4,000",Equity,Equity Securities (Main Board),1.305,1.31,1.31,1.305,20000,0.03,1.302,1.34,0.23,-2.61,0.0,0.38,-3.33,1.64,1.69,1.69,1.64,1.69,-20.12,-22.49,-22.49,20.43,22.78,False,False,False,False,False,False,False,False,False,2026-09-16
1347,1347.HK,HUA HONG GRACE,华虹宏力,1488.24,"1,000",Equity,Equity Securities (Main Board),111.9,105.9,113.5,105.9,21710019,2429.35,109.76,111.6,1.95,0.27,5.87,0.18,0.27,219.6,219.6,219.6,219.6,219.6,-48.32,-48.32,-48.32,49.04,49.04,False,False,False,True,False,False,False,False,False,2026-09-16
1348,1348.HK,QUALI-SMART,滉达富控股,2.83,"2,000",Equity,Equity Securities (Main Board),0.192,0.205,0.205,0.185,442400,0.08,0.194,0.187,-1.03,2.62,-6.34,2.13,4.35,0.41,0.41,0.75,0.41,0.41,-50.6,-50.6,-72.67,53.73,53.73,False,False,False,False,False,False,False,False,False,2026-09-16
1349,1349.HK,FUDANZHANGJIANG,复旦张江,8.12,"1,000",Equity,Equity Securities (Main Board),2.49,2.505,2.55,2.475,753806,1.88,2.498,2.505,-0.32,-0.62,-0.2,-0.4,-1.97,3.69,5.29,9.26,3.69,5.29,-30.89,-51.8,-72.46,32.52,52.93,False,False,False,False,False,False,False,False,False,2026-09-16
1351,1351.HK,BRIGHT FUTURE,辉煌明天,1.26,"2,000",Equity,Equity Securities (Main Board),0.21,0.169,0.255,0.162,15452000,3.24,0.174,0.17,20.97,23.46,24.26,29.63,26.51,0.44,0.88,4.6,0.44,0.88,-42.7,-71.02,-94.46,52.81,76.14,True,False,True,True,False,False,False,False,False,2026-09-16
1354,1354.HK,KINGFARPROPERTY,经发物业,0.42,300,Equity,Equity Securities (Main Board),2.52,2.56,2.555,2.46,156900,0.4,2.616,2.745,-3.67,-8.2,-1.56,-8.2,-11.58,4.0,41.55,41.55,4.0,41.55,-36.12,-93.85,-93.85,37.0,93.94,False,False,False,False,False,False,False,False,False,2026-09-16
1355,1355.HK,BIOSYSEN,生物系统工程,2.93,"20,000",Equity,Equity Securities (Main Board),0.164,0.164,0.164,0.164,20000,0.0,0.166,0.154,-1.2,6.63,-1.8,-3.53,18.84,0.18,1.18,1.65,0.18,1.18,-9.39,-86.1,-90.06,9.39,86.1,False,False,False,False,False,False,False,True,False,2026-09-16
1357,1357.HK,MEITU,美图公司,172.42,500,Equity,Equity Securities (Main Board),3.815,3.965,3.98,3.81,62384900,238.0,4.072,4.399,-6.31,-13.28,-1.68,-9.27,-13.88,9.33,12.56,23.05,9.33,12.56,-57.34,-68.31,-82.73,59.11,69.63,False,False,False,False,False,False,False,False,False,2026-09-16
1358,1358.HK,PW MEDTECH,普华和顺,13.04,"1,000",Equity,Equity Securities (Main Board),0.91,0.92,0.92,0.91,315000,0.29,0.943,0.953,-3.5,-4.46,-3.7,-4.71,-7.14,1.41,1.63,2.66,1.41,1.63,-34.75,-43.56,-65.41,35.46,44.17,False,False,False,False,False,False,False,False,False,2026-09-16
1359,1359.HK,CHINA CINDA,中国信达,120.75,"1,000",Equity,Equity Securities (Main Board),0.89,0.88,0.89,0.87,34384000,30.6,0.89,0.903,0.0,-1.44,1.14,0.0,-1.11,1.38,2.1,3.52,1.38,2.1,-35.51,-57.62,-74.72,35.51,57.62,False,False,False,False,False,False,False,False,False,2026-09-16
1361,1361.HK,361 DEGREES,３６１度,96.03,"1,000",Equity,Equity Securities (Main Board),4.43,4.355,4.445,4.35,1275000,5.65,4.404,4.443,0.59,-0.29,1.14,1.14,-1.56,7.25,7.25,7.25,7.25,7.25,-38.69,-38.69,-38.69,38.9,38.9,False,False,False,False,False,False,False,False,False,2026-09-16
1362,1362.HK,SIS MOBILE,新龙移动,2.31,"4,000",Equity,Equity Securities (Main Board),0.825,0.825,0.825,0.825,4000,0.0,0.825,0.81,0.0,1.85,0.0,0.0,3.77,0.9,0.9,2.05,0.9,0.9,-8.33,-8.33,-59.76,8.33,8.33,False,False,False,False,False,False,False,True,True,2026-09-16
1364,1364.HK,GUMING,古茗,513.15,400,Equity,Equity Securities (Main Board),21.94,22.66,22.66,21.86,2644924,58.03,22.512,23.66,-2.54,-7.27,-2.05,-4.11,-8.58,31.28,31.28,31.28,31.28,31.28,-27.56,-27.56,-27.56,29.86,29.86,False,False,False,False,False,False,False,False,False,2026-09-16
1368,1368.HK,XTEP INT'L,特步国际,99.23,500,Equity,Equity Securities (Main Board),3.525,3.5,3.55,3.43,19181626,67.62,3.418,3.463,3.13,1.79,0.86,7.31,1.59,5.54,7.93,16.32,5.54,7.93,-35.92,-55.23,-78.25,36.37,55.55,True,False,False,True,False,False,False,False,False,2026-09-16
1371,1371.HK,CHINA ECOTOUR,中国生态旅游,4.21,"2,000",Equity,Equity Securities (Main Board),1.23,1.125,1.23,1.125,27000,0.03,1.156,1.168,6.4,5.31,9.33,6.96,6.96,2.43,8.3,601.18,2.43,8.3,-49.38,-85.18,-99.8,49.38,85.18,False,False,False,True,False,False,False,False,False,2026-09-16
1372,1372.HK,C CARBONNEUTRAL,中国碳中和,12.21,"1,000",Equity,Equity Securities (Main Board),1.245,1.2,1.275,1.2,865000,1.08,1.265,1.312,-1.58,-5.14,3.32,-1.97,-4.6,1.68,2.02,9.65,1.68,2.02,-24.11,-36.88,-86.79,25.89,38.37,False,False,False,False,False,False,False,False,False,2026-09-16
1373,1373.HK,IH RETAIL,国际家居零售,4.64,"1,000",Equity,Equity Securities (Main Board),0.65,0.65,0.66,0.65,235000,0.15,0.653,0.659,-0.46,-1.29,2.36,-2.26,-0.76,0.85,2.35,3.4,0.85,2.35,-22.35,-71.91,-80.59,23.53,72.34,False,False,False,False,False,False,False,False,False,2026-09-16
1375,1375.HK,CC SECURITIES,中州证券,19.54,"1,000",Equity,Equity Securities (Main Board),1.635,1.635,1.645,1.6,8616000,14.09,1.674,1.714,-2.33,-4.64,0.31,-2.97,-6.57,2.38,4.08,4.98,2.38,4.08,-30.88,-59.68,-66.97,31.3,59.93,False,False,False,False,False,False,False,False,False,2026-09-16
1377,1377.HK,DTECH,鼎泰高科,37.11,100,Equity,Equity Securities (Main Board),293.8,319.8,319.8,286.6,167100,49.09,305.08,317.0,-3.7,-7.32,-3.36,-7.44,-10.43,455.6,455.6,455.6,455.6,455.6,-29.81,-29.81,-29.81,35.51,35.51,False,False,False,False,False,False,False,False,False,2026-09-16
1378,1378.HK,CHINAHONGQIAO,中国宏桥,2162.23,500,Equity,Equity Securities (Main Board),22.02,21.6,22.04,21.24,27697325,609.9,22.328,22.944,-1.38,-4.03,2.51,-2.13,-9.98,41.36,41.36,41.36,41.36,41.36,-46.71,-46.71,-46.71,46.76,46.76,False,False,False,False,False,False,False,False,False,2026-09-16
1380,1380.HK,CHI KINGSTONE,中国金石,1.91,"10,000",Equity,Equity Securities (Main Board),0.37,0.375,0.375,0.37,200000,0.07,0.377,0.394,-1.86,-6.09,0.0,-7.5,-10.84,0.98,1.12,13.11,0.98,1.12,-61.73,-66.52,-97.14,62.24,66.96,False,False,False,False,False,False,False,False,False,2026-09-16
1382,1382.HK,PACIFICTEXTILES,互太纺织,12.72,"1,000",Equity,Equity Securities (Main Board),0.925,0.95,0.955,0.925,285000,0.26,0.938,0.942,-1.39,-1.86,-1.07,-1.6,-1.6,1.37,1.85,10.2,1.37,1.85,-30.29,-48.38,-90.64,32.48,50.0,False,False,False,False,False,False,False,False,False,2026-09-16
1384,1384.HK,DEEPEXI TECH,滴普科技,105.84,200,Equity,Equity Securities (Main Board),30.34,30.42,30.96,29.64,2009200,60.96,30.992,32.86,-2.1,-7.67,0.53,-2.13,-12.56,120.0,128.2,128.2,120.0,128.2,-74.2,-75.85,-75.85,74.72,76.33,False,False,False,False,False,False,False,False,False,2026-09-16
1385,1385.HK,SHANGHAI FUDAN,上海复旦,73.93,"1,000",Equity,Equity Securities (Main Board),26.0,24.1,26.18,24.1,3167600,82.36,24.86,25.5,4.59,1.96,8.06,4.67,0.15,57.0,57.0,57.0,57.0,57.0,-54.07,-54.07,-54.07,54.39,54.39,False,False,False,True,False,False,False,False,False,2026-09-16
1388,1388.HK,EMBRY HOLDINGS,安莉芳控股,1.1,"1,000",Equity,Equity Securities (Main Board),0.26,0.25,0.26,0.248,169000,0.04,0.266,0.268,-2.26,-2.99,-1.89,-1.89,-3.7,0.41,0.58,3.8,0.41,0.58,-36.59,-55.17,-93.16,36.59,55.17,False,False,False,False,False,False,False,False,False,2026-09-16
1389,1389.HK,MAJOR HLDGS,美捷汇控股,2.66,"12,000",Equity,Equity Securities (Main Board),0.48,0.46,0.54,0.46,156000,0.07,0.468,0.477,2.56,0.73,5.49,5.49,-1.03,0.63,0.91,21.51,0.63,0.91,-14.29,-40.66,-97.49,23.81,47.25,False,False,False,True,False,False,False,False,False,2026-09-16
1392,1392.HK,HQVT,海清智元,284.01,500,Equity,Equity Securities (Main Board),37.56,28.8,40.6,28.16,21901278,822.61,25.906,24.865,44.99,51.06,36.09,97.37,87.8,30.2,30.2,30.2,40.6,40.6,34.44,34.44,34.44,7.49,7.49,True,False,False,False,True,True,True,True,True,2026-09-16
1393,1393.HK,HIDILI INDUSTRY,恒鼎实业,1.2,"1,000",Equity,Equity Securities (Main Board),0.026,0.025,0.026,0.023,2640000,0.07,0.027,0.027,-2.99,-4.41,4.0,-10.34,-7.14,0.07,0.15,0.75,0.07,0.15,-64.38,-83.12,-96.53,64.38,83.12,False,False,False,False,False,False,False,False,False,2026-09-16
1395,1395.HK,ELL ENV,强泰环保,1.44,"5,000",Equity,Equity Securities (Main Board),0.13,0.13,0.13,0.13,145000,0.02,0.128,0.131,1.88,-0.76,0.0,5.69,-2.99,0.18,0.19,0.65,0.18,0.19,-29.35,-31.22,-80.0,29.35,31.22,False,False,False,False,False,False,False,False,False,2026-09-16
1396,1396.HK,GBA AI COMP-500,粤港湾智算－五百,170.41,500,Equity,Equity Securities (Main Board),10.76,10.92,11.11,10.45,3493000,37.58,11.244,11.378,-4.3,-5.43,-1.56,-7.32,-8.81,19.85,19.85,19.85,19.85,19.85,-44.03,-44.03,-44.03,45.79,45.79,False,False,False,False,False,False,False,False,False,2026-09-16
1397,1397.HK,BAGUIO GREEN,碧瑶绿色集团,3.09,"4,000",Equity,Equity Securities (Main Board),0.745,0.76,0.76,0.735,120000,0.09,0.75,0.746,-0.67,-0.13,0.0,-1.97,0.68,1.32,1.41,1.41,1.32,1.41,-42.42,-46.1,-46.1,43.56,47.16,False,False,False,False,False,False,False,False,False,2026-09-16
1398,1398.HK,ICBC,工商银行,6539.93,"1,000",Equity,Equity Securities (Main Board),7.535,7.55,7.58,7.48,105266086,793.18,7.579,7.57,-0.58,-0.46,0.6,-0.99,-0.13,7.76,7.76,7.76,7.76,7.76,-2.38,-2.38,-2.38,2.96,2.96,False,False,False,False,False,False,False,True,True,2026-09-16
1399,1399.HK,VESON HLDG,锐信控股,3.87,"2,000",Equity,Equity Securities (Main Board),0.355,0.335,0.355,0.335,6000,0.0,0.338,0.353,5.03,0.57,5.97,12.7,-8.97,0.6,0.6,1.04,0.6,0.6,-40.83,-40.83,-65.87,40.83,40.83,False,False,False,True,False,False,False,False,False,2026-09-16
1400,1400.HK,MOODY TECH HLDG,满地科技股份,0.87,"10,000",Equity,Equity Securities (Main Board),0.023,0.021,0.024,0.021,95680000,2.2,0.022,0.023,4.55,0.44,4.55,9.52,4.55,0.03,1.27,61.43,0.03,1.27,-4.0,-98.11,-99.96,8.0,98.19,False,False,True,True,False,False,False,True,False,2026-09-16
1401,1401.HK,FUTURE MACH LTD,未来机器有限公司,3.6,"2,000",Equity,Equity Securities (Main Board),0.24,0.245,0.245,0.238,788000,0.19,0.24,0.242,-0.08,-0.95,-0.41,-1.23,1.69,1.42,15.3,15.3,1.42,15.3,-82.75,-98.4,-98.4,83.1,98.43,False,False,False,False,False,False,False,False,False,2026-09-16
1402,1402.HK,I-CONTROL,超智能控股,6.57,"10,000",Equity,Equity Securities (Main Board),0.625,0.69,0.69,0.6,7500000,4.69,0.546,0.467,14.47,33.83,-4.58,11.61,64.47,0.7,0.7,0.86,0.7,0.7,-1.43,-1.43,-19.77,10.71,10.71,False,False,False,False,False,False,False,False,False,2026-09-16
1405,1405.HK,DPC DASH,达势股份,38.8,100,Equity,Equity Securities (Main Board),29.48,30.02,30.02,29.16,310200,9.14,30.072,30.28,-1.97,-2.64,-2.19,-3.28,-2.9,74.5,125.2,125.2,74.5,125.2,-59.7,-76.02,-76.02,60.43,76.45,False,False,False,False,False,False,False,False,False,2026-09-16
1407,1407.HK,JY GAS,交运燃气,2.99,"2,000",Equity,Equity Securities (Main Board),0.68,0.69,0.69,0.68,132000,0.09,0.708,0.691,-3.95,-1.59,-2.16,-4.9,1.49,0.83,0.83,1.6,0.83,0.83,-16.87,-16.87,-56.88,18.07,18.07,False,False,False,False,False,False,False,False,False,2026-09-16
1410,1410.HK,EDVANCE INTL,安领国际,8.08,"10,000",Equity,Equity Securities (Main Board),0.8,0.8,0.82,0.8,1390000,1.11,0.803,0.809,-0.37,-1.05,1.27,0.63,-1.23,0.95,1.25,1.85,0.95,1.25,-13.68,-34.4,-55.68,15.79,36.0,False,False,False,False,False,False,False,False,False,2026-09-16
1412,1412.HK,Q P GROUP,隽思集团,5.43,"2,000",Equity,Equity Securities (Main Board),1.02,1.02,1.02,1.02,66000,0.07,1.032,1.041,-1.16,-2.02,0.0,-2.86,-2.86,1.65,1.9,1.9,1.65,1.9,-38.18,-46.32,-46.32,38.18,46.32,False,False,False,False,False,False,False,False,False,2026-09-16
1413,1413.HK,FEG HOLDINGS,铸帝控股,0.75,"7,000",Equity,Equity Securities (Main Board),0.23,0.222,0.23,0.222,21000,0.0,0.238,0.227,-3.44,1.14,-1.71,-5.74,-3.77,0.42,1.88,2.6,0.42,1.88,-45.24,-87.73,-91.15,45.24,87.73,False,False,False,False,False,False,False,False,False,2026-09-16
1415,1415.HK,COWELL,高伟电子,201.52,"1,000",Equity,Equity Securities (Main Board),23.24,22.86,23.6,22.76,1371000,31.86,23.468,23.944,-0.97,-2.94,1.13,-2.76,-5.14,33.88,43.06,43.06,33.88,43.06,-30.34,-45.19,-45.19,31.4,46.03,False,False,False,False,False,False,False,False,False,2026-09-16
1416,1416.HK,CTR HOLDINGS,CTR HOLDINGS,2.88,"10,000",Equity,Equity Securities (Main Board),0.186,0.192,0.192,0.183,360000,0.07,0.191,0.19,-2.62,-2.0,-3.12,-3.12,0.54,0.26,0.34,0.71,0.26,0.34,-27.55,-44.35,-72.96,29.81,46.09,False,False,False,False,False,False,False,False,False,2026-09-16
1417,1417.HK,RIVERINE CHINA,浦江中国,18.63,"2,000",Equity,Equity Securities (Main Board),4.6,4.595,4.62,4.4,790000,3.63,4.63,4.789,-0.65,-3.96,0.0,-3.06,-4.17,9.78,9.78,9.78,9.78,9.78,-52.78,-52.78,-52.78,52.99,52.99,False,False,False,False,False,False,False,False,False,2026-09-16
1418,1418.HK,SINOMAX GROUP,盛诺集团,1.93,"2,000",Equity,Equity Securities (Main Board),0.11,0.124,0.125,0.11,64000,0.01,0.112,0.117,-1.79,-5.98,-2.65,-3.51,-10.57,0.25,0.43,0.85,0.25,0.43,-50.0,-70.59,-85.29,56.0,74.12,False,False,False,False,False,False,False,False,False,2026-09-16
1419,1419.HK,HUMAN HEALTH,盈健医疗,2.88,"2,000",Equity,Equity Securities (Main Board),0.76,0.76,0.76,0.74,8000,0.01,0.766,0.765,-0.78,-0.72,0.0,-1.3,-1.3,0.87,1.43,3.12,0.87,1.43,-12.64,-46.85,-75.64,12.64,46.85,False,False,False,False,False,False,False,False,False,2026-09-16
1420,1420.HK,CHUAN HOLDING,川控股,3.36,"4,000",Equity,Equity Securities (Main Board),0.25,0.233,0.25,0.233,112000,0.03,0.262,0.274,-4.58,-8.76,-1.96,-7.41,-7.41,0.33,0.33,0.52,0.33,0.33,-24.24,-24.24,-51.92,24.24,24.24,False,False,False,False,False,False,False,False,False,2026-09-16
1425,1425.HK,JUSTIN ALLEN H,捷隆控股,7.38,"5,000",Equity,Equity Securities (Main Board),0.59,0.595,0.595,0.59,1150000,0.68,0.594,0.597,-0.67,-1.17,0.0,-1.67,-2.48,0.73,0.85,0.85,0.73,0.85,-18.49,-30.0,-30.0,19.18,30.59,False,False,False,False,False,False,False,False,False,2026-09-16
1427,1427.HK,CH TIANBAO GP,中国天保集团,1.71,"1,000",Equity,Equity Securities (Main Board),0.195,0.194,0.195,0.176,3000,0.0,0.185,0.19,5.63,2.79,7.14,7.14,6.56,0.29,0.35,4.44,0.29,0.35,-32.76,-44.29,-95.61,32.76,44.29,False,False,False,True,False,False,False,False,False,2026-09-16
1428,1428.HK,BRIGHT SMART,耀才证券金融,119.49,"2,000",Equity,Equity Securities (Main Board),7.04,6.95,7.075,6.85,3610200,25.42,7.099,7.193,-0.83,-2.13,0.93,-0.28,-2.83,16.88,17.68,17.68,16.88,17.68,-58.09,-59.98,-59.98,58.29,60.18,False,False,False,False,False,False,False,False,False,2026-09-16
1429,1429.HK,SKYMISSION GP,天任集团,3.88,"8,000",Equity,Equity Securities (Main Board),0.202,0.201,0.208,0.201,320000,0.06,0.204,0.202,-0.79,-0.05,0.5,2.02,-1.94,0.35,0.35,2.53,0.35,0.35,-41.41,-41.41,-91.78,43.1,43.1,False,False,False,False,False,False,False,False,False,2026-09-16
1431,1431.HK,YST DAIRY,原生态牧业,14.78,"1,000",Equity,Equity Securities (Main Board),0.315,0.31,0.315,0.29,1197000,0.38,0.312,0.312,0.96,0.96,0.0,-1.56,-3.08,0.38,0.44,0.95,0.38,0.44,-18.18,-27.59,-66.84,18.18,27.59,False,False,True,True,False,False,False,False,False,2026-09-16
1432,1432.HK,CHINASHENGMU-PF,中国圣牧－ＰＦ,29.75,"1,000",Equity,Equity Securities (Main Board),0.355,0.35,0.365,0.35,304000,0.11,0.36,0.363,-1.39,-2.07,1.43,-2.74,0.0,0.44,0.5,2.65,0.44,0.5,-16.09,-27.0,-86.23,18.39,29.0,False,False,False,False,False,False,False,False,False,2026-09-16
1440,1440.HK,STAR SHINE HLDG,应星控股,217.18,"2,500",Equity,Equity Securities (Main Board),17.24,16.02,18.78,15.88,2940000,50.69,14.976,13.402,15.12,28.64,6.49,22.79,52.03,18.55,18.55,18.55,18.78,18.78,1.24,1.24,1.24,8.2,8.2,True,True,False,False,True,True,True,True,True,2026-09-16
1442,1442.HK,INFINITY L&T,鹰辉物流,5.78,"5,000",Equity,Equity Securities (Main Board),0.28,0.28,0.28,0.28,165000,0.05,0.281,0.281,-0.36,-0.36,-1.75,0.0,0.0,0.38,1.38,1.95,0.38,1.38,-25.33,-79.71,-85.64,25.33,79.71,False,False,False,False,False,False,False,False,False,2026-09-16
1443,1443.HK,FULUM GP HLDG,富临集团控股,0.84,"2,000",Equity,Equity Securities (Main Board),0.065,0.06,0.067,0.06,2582000,0.17,0.062,0.06,4.17,8.7,8.33,3.17,-8.45,0.1,0.25,1.37,0.1,0.25,-32.32,-73.2,-95.11,34.34,74.0,False,False,False,False,False,False,False,False,False,2026-09-16
1449,1449.HK,LEADER EDU,立德教育,12.6,"1,000",Equity,Equity Securities (Main Board),1.575,1.56,1.67,1.56,553000,0.87,1.577,1.452,-0.13,8.43,2.27,-3.08,8.25,1.71,1.71,1.99,1.71,1.71,-2.34,-2.34,-16.08,7.89,7.89,False,False,False,False,False,False,False,True,True,2026-09-16
1450,1450.HK,BE FRIENDS HLDG,交个朋友控股,10.39,"2,000",Equity,Equity Securities (Main Board),0.74,0.655,0.765,0.6,1966000,1.45,0.72,0.753,2.78,-1.79,8.03,0.68,-5.13,1.15,1.95,4.6,1.15,1.95,-33.48,-60.77,-83.37,35.65,62.05,False,False,False,False,False,False,False,False,False,2026-09-16
1451,1451.HK,MS GROUP HLDGS,万成集团股份,2.43,"2,000",Equity,Equity Securities (Main Board),1.19,1.18,1.25,1.18,298000,0.35,1.2,1.21,-0.83,-1.65,0.0,-0.83,-3.25,2.35,2.35,2.35,2.35,2.35,-46.81,-46.81,-46.81,49.36,49.36,False,False,False,False,False,False,False,False,False,2026-09-16
1452,1452.HK,DENOX ENV,迪诺斯环保,1.6,"1,000",Equity,Equity Securities (Main Board),0.208,0.19,0.208,0.19,17000,0.0,0.206,0.207,1.07,0.53,4.0,1.46,0.48,0.24,0.24,1.19,0.24,0.24,-13.33,-13.33,-82.52,13.33,13.33,False,False,False,True,False,False,False,False,False,2026-09-16
1455,1455.HK,FOURACE IND GP,科利实业控股,3.13,"5,000",Equity,Equity Securities (Main Board),0.245,0.25,0.25,0.245,670000,0.16,0.261,0.262,-6.13,-6.67,-3.92,-9.26,-5.77,0.3,0.3,1.45,0.3,0.3,-16.67,-16.67,-82.76,18.33,18.33,False,False,False,False,False,False,False,False,False,2026-09-16
1456,1456.HK,GLMS SEC,国联民生,16.49,500,Equity,Equity Securities (Main Board),3.725,3.665,3.73,3.62,2914500,10.86,3.771,3.84,-1.22,-2.99,1.64,-1.97,-3.87,5.67,8.18,8.18,5.67,8.18,-34.22,-54.4,-54.4,34.3,54.46,False,False,False,False,False,False,False,False,False,2026-09-16
1458,1458.HK,ZHOU HEI YA,周黑鸭,25.18,500,Equity,Equity Securities (Main Board),1.21,1.2,1.21,1.17,626000,0.76,1.223,1.246,-1.06,-2.85,0.83,-3.2,-5.1,1.76,2.9,11.86,1.76,2.9,-31.25,-58.28,-89.8,31.25,58.28,False,False,False,False,False,False,False,False,False,2026-09-16
1459,1459.HK,JUJIANG CONS,巨匠建设,0.27,"2,000",Equity,Equity Securities (Main Board),0.2,0.199,0.2,0.198,94000,0.02,0.193,0.193,3.52,3.79,3.63,4.71,4.71,0.26,0.54,1.84,0.26,0.54,-23.08,-62.96,-89.13,23.08,62.96,False,False,False,False,False,False,False,False,False,2026-09-16
1463,1463.HK,C-LINK SQ,C-LINK SQ,11.5,"2,000",Equity,Equity Securities (Main Board),0.4,0.37,0.4,0.36,224000,0.09,0.376,0.378,6.38,5.82,8.11,8.11,5.26,0.44,1.85,1.85,0.44,1.85,-9.09,-78.38,-78.38,9.09,78.38,False,False,False,True,False,False,False,True,False,2026-09-16
1466,1466.HK,BAIJIN LIFE SCI,佰金生命科学,12.49,"8,000",Equity,Equity Securities (Main Board),1.34,1.32,1.39,1.32,1584800,2.12,1.254,1.195,6.86,12.18,1.52,8.94,7.2,1.7,1.7,14.26,1.7,1.7,-18.24,-18.24,-90.25,21.18,21.18,False,False,False,False,False,False,False,False,False,2026-09-16
1468,1468.HK,JAKOTA CAPITAL,嘉高达资本,0.81,"10,000",Equity,Equity Securities (Main Board),0.194,0.185,0.194,0.185,130000,0.03,0.191,0.193,1.78,0.73,0.0,3.19,0.52,0.7,62.5,109.0,0.7,62.5,-72.29,-99.69,-99.82,72.29,99.69,False,False,True,True,False,False,False,False,False,2026-09-16
1470,1470.HK,PROSPER ONE,富一国际控股,1.04,"4,000",Equity,Equity Securities (Main Board),0.13,0.12,0.13,0.12,308000,0.04,0.115,0.11,12.65,18.61,11.11,21.5,25.0,0.21,0.34,1.42,0.21,0.34,-38.1,-61.76,-90.85,38.1,61.76,True,False,False,False,False,False,False,False,False,2026-09-16
1471,1471.HK,ZHONGMIAO,众淼控股,2.86,100,Equity,Equity Securities (Main Board),8.095,8.745,8.745,8.1,2600,0.02,8.515,8.326,-4.93,-2.77,-7.43,-12.96,3.78,50.0,50.0,50.0,50.0,50.0,-82.51,-82.51,-82.51,83.81,83.81,False,False,False,False,False,False,False,False,False,2026-09-16
1472,1472.HK,SANG HING HLDGS,生兴控股,1.0,"5,000",Equity,Equity Securities (Main Board),0.1,0.096,0.1,0.096,805000,0.08,0.098,0.101,1.83,-0.5,4.17,2.04,-0.99,0.16,0.16,3.95,0.16,0.16,-35.48,-35.48,-97.47,35.48,35.48,False,False,False,False,False,False,False,False,False,2026-09-16
1473,1473.HK,PANGAEA CONNECT,环联连讯,13.54,"4,000",Equity,Equity Securities (Main Board),1.145,1.145,1.15,1.125,412000,0.47,1.155,1.183,-0.87,-3.25,-0.43,-2.14,-3.38,2.03,2.03,2.03,2.03,2.03,-43.35,-43.35,-43.35,43.6,43.6,False,False,False,False,False,False,False,False,False,2026-09-16
1475,1475.HK,NISSIN FOODS,日清食品,69.88,"1,000",Equity,Equity Securities (Main Board),6.695,6.75,6.75,6.57,98754,0.66,6.594,6.545,1.53,2.28,2.06,0.98,2.76,9.69,9.69,9.69,9.69,9.69,-30.34,-30.34,-30.34,30.91,30.91,False,False,False,False,False,False,False,False,False,2026-09-16
1477,1477.HK,OCUMENSION-B,欧康维视生物－Ｂ,43.05,500,Equity,Equity Securities (Main Board),5.28,5.19,5.55,5.19,446623,2.36,5.37,5.346,-1.68,-1.23,-1.12,-0.94,-1.58,8.65,12.23,43.0,8.65,12.23,-35.84,-54.62,-87.09,38.96,56.83,False,False,False,False,False,False,False,False,False,2026-09-16
1478,1478.HK,Q TECH,丘钛科技,63.57,"1,000",Equity,Equity Securities (Main Board),5.32,5.35,5.35,5.175,4379000,23.3,5.382,5.591,-1.15,-4.85,1.92,-2.3,-7.48,10.5,16.99,23.25,10.5,16.99,-49.05,-68.51,-76.99,49.33,68.69,False,False,False,False,False,False,False,False,False,2026-09-16
1480,1480.HK,YAN TAT GROUP,恩达集团控股,2.47,"2,000",Equity,Equity Securities (Main Board),1.03,1.005,1.035,0.98,252000,0.26,1.023,1.066,0.68,-3.38,0.0,0.98,-1.44,2.95,2.95,2.95,2.95,2.95,-64.92,-64.92,-64.92,65.08,65.08,False,False,True,False,False,False,False,False,False,2026-09-16
1481,1481.HK,SMART GLOBE,竣球控股,14.43,"10,000",Equity,Equity Securities (Main Board),1.415,1.4,1.4,1.4,70000,0.1,1.451,1.456,-2.48,-2.78,-3.08,-3.08,-3.08,3.15,3.15,3.15,3.15,3.15,-55.56,-55.56,-55.56,55.08,55.08,False,False,False,False,False,False,False,False,False,2026-09-16
1483,1483.HK,NET-A-GO TECH,网誉科技,9.42,"2,000",Equity,Equity Securities (Main Board),1.15,1.24,1.26,1.11,308000,0.35,1.198,1.153,-4.01,-0.3,-6.12,-2.13,1.77,1.6,1.74,2.85,1.6,1.74,-21.25,-27.59,-55.79,28.13,33.91,False,False,False,False,False,False,False,False,False,2026-09-16
1489,1489.HK,GC CONSTRUCTION,GC CONSTRUCTION,38.15,"5,000",Equity,Equity Securities (Main Board),3.815,3.75,3.93,3.62,4295000,16.39,3.344,2.862,14.08,33.32,0.79,30.43,55.71,3.88,3.88,3.88,3.93,3.93,1.29,1.29,1.29,2.93,2.93,True,True,False,False,True,True,True,True,True,2026-09-16
1496,1496.HK,AP RENTALS,亚积邦租赁,1.67,"4,000",Equity,Equity Securities (Main Board),0.193,0.19,0.197,0.19,296000,0.06,0.191,0.189,1.26,1.95,1.58,1.58,1.58,0.21,0.21,0.65,0.21,0.21,-4.37,-4.37,-69.69,6.31,6.31,False,False,False,False,False,False,False,True,True,2026-09-16
1497,1497.HK,YAN PALACE,燕之屋,29.87,400,Equity,Equity Securities (Main Board),6.48,6.49,6.49,5.95,54800,0.36,6.517,6.557,-0.57,-1.17,-1.82,3.68,-4.57,6.99,15.34,15.34,6.99,15.34,-7.15,-57.69,-57.69,7.3,57.76,False,False,False,False,False,False,False,True,False,2026-09-16
1498,1498.HK,PURAPHARM,培力农本方,1.47,500,Equity,Equity Securities (Main Board),0.275,0.27,0.28,0.245,7500,0.0,0.267,0.266,3.0,3.58,1.85,5.77,5.77,0.38,1.23,4.15,0.38,1.23,-25.33,-77.24,-93.25,26.67,77.64,False,False,False,True,False,False,False,False,False,2026-09-16
1499,1499.HK,OKG TECH,欧科云链,6.23,"10,000",Equity,Equity Securities (Main Board),0.116,0.116,0.119,0.116,1500000,0.17,0.121,0.122,-4.29,-5.0,-4.92,-5.69,-7.94,0.22,0.73,1.22,0.22,0.73,-47.11,-83.7,-90.25,48.44,84.11,False,False,False,False,False,False,False,False,False,2026-09-16
1500,1500.HK,INCON,现恒建筑,3.4,"5,000",Equity,Equity Securities (Main Board),0.41,0.435,0.45,0.39,3095000,1.27,0.405,0.394,1.23,3.93,-5.75,7.89,6.49,0.47,0.47,1.02,0.47,0.47,-5.26,-5.26,-55.88,13.68,13.68,False,False,False,True,False,False,False,False,False,2026-09-16
1501,1501.HK,INT MEDICAL,瑛泰医疗,73.41,200,Equity,Equity Securities (Main Board),34.76,35.0,35.0,33.96,152400,5.3,34.456,34.186,0.88,1.68,-0.29,1.94,3.58,41.4,41.4,73.7,41.4,41.4,-15.46,-15.46,-52.51,16.04,16.04,False,False,False,True,False,False,False,False,False,2026-09-16
1502,1502.HK,FIN STREET PPT,金融街物业,1.98,"1,000",Equity,Equity Securities (Main Board),1.91,1.91,1.93,1.91,80000,0.15,1.922,1.942,-0.62,-1.67,0.0,-1.04,-1.04,2.34,2.56,14.32,2.34,2.56,-17.52,-24.61,-86.52,18.38,25.39,False,False,False,False,False,False,False,False,False,2026-09-16
1508,1508.HK,CHINA RE,中国再保险,80.82,"1,000",Equity,Equity Securities (Main Board),1.21,1.215,1.215,1.185,10317111,12.48,1.228,1.265,-1.47,-4.31,0.41,-2.42,-4.35,1.84,1.84,1.94,1.84,1.84,-33.97,-33.97,-37.37,34.24,34.24,False,False,False,False,False,False,False,False,False,2026-09-16
1511,1511.HK,UISEE TECH,驭势科技,71.41,50,Equity,Equity Securities (Main Board),56.35,54.15,58.0,53.95,429900,24.22,55.03,55.765,2.4,1.05,4.06,0.62,5.03,102.3,102.3,102.3,102.3,102.3,-43.3,-43.3,-43.3,44.92,44.92,False,False,False,True,False,False,False,False,False,2026-09-16
1513,1513.HK,LIVZON PHARMA,丽珠医药,62.42,100,Equity,Equity Securities (Main Board),20.82,20.9,20.9,20.52,1459900,30.4,20.86,20.802,-0.19,0.09,0.1,0.19,-1.98,30.88,41.85,42.6,30.88,41.85,-32.32,-50.06,-50.94,32.58,50.25,False,False,False,False,False,False,False,False,False,2026-09-16
1515,1515.HK,CR MEDICAL,华润医疗,30.86,500,Equity,Equity Securities (Main Board),2.38,2.41,2.425,2.37,1349500,3.21,2.451,2.494,-2.9,-4.59,-0.83,-3.05,-7.39,3.47,5.49,14.16,3.47,5.49,-30.12,-55.83,-82.87,31.41,56.65,False,False,False,False,False,False,False,False,False,2026-09-16
1516,1516.HK,SUNAC SERVICES,融创服务,24.68,"1,000",Equity,Equity Securities (Main Board),0.815,0.81,0.815,0.79,1969608,1.61,0.813,0.815,0.25,-0.06,-0.61,0.0,1.24,1.5,3.51,29.4,1.5,3.51,-45.67,-76.78,-97.23,45.67,76.78,False,False,True,False,False,False,False,False,False,2026-09-16
1519,1519.HK,J&T EXPRESS-W,极兔速递－Ｗ,782.32,200,Equity,Equity Securities (Main Board),9.05,9.0,9.16,8.82,49610238,448.97,9.25,9.463,-2.16,-4.36,-0.82,-3.05,-5.88,12.2,16.54,16.54,12.2,16.54,-24.92,-44.62,-44.62,25.82,45.28,False,False,False,False,False,False,False,False,False,2026-09-16
1520,1520.HK,VIRTUAL MIND,天机控股,7.29,"6,000",Equity,Equity Securities (Main Board),0.695,0.72,0.72,0.67,734000,0.51,0.712,0.719,-2.39,-3.41,-0.71,-4.14,-6.71,1.21,1.95,5.36,1.21,1.95,-40.5,-63.08,-86.57,42.56,64.36,False,False,False,False,False,False,False,False,False,2026-09-16
1521,1521.HK,FRONTAGE,方达控股,22.26,"2,000",Equity,Equity Securities (Main Board),1.09,1.09,1.09,1.09,56000,0.06,1.132,1.189,-3.71,-8.36,0.0,-9.17,-7.63,1.36,2.33,9.18,1.36,2.33,-19.85,-53.22,-88.13,19.85,53.22,False,False,False,False,False,False,False,False,False,2026-09-16
1522,1522.HK,BII TRANS TECH,京投交通科技,4.42,"4,000",Equity,Equity Securities (Main Board),0.211,0.217,0.217,0.211,852000,0.18,0.217,0.219,-2.85,-3.7,-2.31,-3.65,-4.52,0.35,0.4,1.8,0.35,0.4,-38.87,-45.06,-87.94,40.56,46.58,False,False,False,False,False,False,False,False,False,2026-09-16
1523,1523.HK,PLOVER BAY TECH,珩湾科技,82.41,"1,000",Equity,Equity Securities (Main Board),7.44,7.235,7.44,7.235,379000,2.82,7.239,7.277,2.78,2.25,2.98,4.06,3.48,9.85,9.85,9.85,9.85,9.85,-24.47,-24.47,-24.47,24.47,24.47,False,False,False,True,False,False,False,False,False,2026-09-16
1525,1525.HK,GENCH EDU,建桥教育,9.42,500,Equity,Equity Securities (Main Board),2.27,2.27,2.27,2.27,24000,0.05,2.258,2.308,0.53,-1.67,2.25,2.25,-2.99,2.77,4.36,8.98,2.77,4.36,-18.05,-47.94,-74.72,18.05,47.94,False,False,False,False,False,False,False,False,False,2026-09-16
1526,1526.HK,RICI HEALTH,瑞慈医疗,13.49,"1,000",Equity,Equity Securities (Main Board),0.85,0.835,0.85,0.805,34000,0.03,0.831,0.821,2.29,3.53,0.0,2.41,2.41,1.24,1.45,2.66,1.24,1.45,-31.45,-41.38,-68.05,31.45,41.38,False,False,True,True,False,False,False,False,False,2026-09-16
1529,1529.HK,YUES INTL HLDG,乐氏国际控股,5.64,"2,000",Equity,Equity Securities (Main Board),0.845,0.81,0.855,0.795,34000,0.03,0.877,0.893,-3.65,-5.32,0.0,-8.15,-5.59,0.94,2.95,7.1,0.94,2.95,-9.52,-71.02,-87.96,10.58,71.36,False,False,False,False,False,False,False,False,False,2026-09-16
1530,1530.HK,3SBIO,三生制药,395.47,500,Equity,Equity Securities (Main Board),15.68,15.95,16.1,15.6,13913889,218.17,15.782,16.006,-0.65,-2.04,-2.18,1.55,-2.91,29.3,36.8,36.8,29.3,36.8,-45.05,-56.25,-56.25,46.48,57.39,False,False,False,False,False,False,False,False,False,2026-09-16
1532,1532.HK,CHINA PARTYTIME,中国派对文化,2.78,"3,000",Equity,Equity Securities (Main Board),0.154,0.14,0.154,0.14,36000,0.01,0.153,0.148,0.65,4.34,0.0,1.32,2.67,0.17,0.18,1.4,0.17,0.18,-9.41,-14.44,-89.0,9.41,14.44,False,False,False,True,False,False,False,True,False,2026-09-16
1536,1536.HK,YUK WING GP,煜荣集团,9.21,"2,000",Equity,Equity Securities (Main Board),0.505,0.219,0.57,0.219,91210000,46.06,0.288,0.285,75.51,77.23,164.05,121.23,127.38,0.5,0.5,3.34,0.57,0.57,14.0,14.0,-82.93,11.4,11.4,False,False,False,True,True,True,False,False,False,2026-09-16
1538,1538.HK,ZHONG AO HOME,中奥到家,7.01,"2,000",Equity,Equity Securities (Main Board),0.82,0.84,0.865,0.8,672000,0.55,0.822,0.763,-0.24,7.4,-2.38,3.14,1.23,0.96,0.96,1.88,0.96,0.96,-9.9,-9.9,-53.99,14.58,14.58,False,False,False,False,False,False,False,False,False,2026-09-16
1539,1539.HK,UNITY GP HLDGS,知行集团控股,10.79,"2,000",Equity,Equity Securities (Main Board),0.305,0.3,0.305,0.29,2328000,0.71,0.308,0.314,-0.97,-3.02,0.0,-1.61,-4.69,0.41,0.71,2.3,0.41,0.71,-26.51,-57.04,-86.74,26.51,57.04,False,False,False,False,False,False,False,False,False,2026-09-16
1540,1540.HK,LEFTFIELD PRINT,澳狮环球,3.49,"3,000",Equity,Equity Securities (Main Board),0.7,0.715,0.72,0.7,645005,0.45,0.702,0.68,-0.28,2.87,-2.78,1.45,1.45,0.75,0.75,1.05,0.75,0.75,-4.0,-4.0,-31.43,6.67,6.67,False,False,False,False,False,False,False,True,True,2026-09-16
1541,1541.HK,IMMUNEONCO-B,宜明昂科－Ｂ,13.32,200,Equity,Equity Securities (Main Board),3.185,3.12,3.27,3.12,339800,1.08,3.212,3.325,-0.84,-4.21,0.79,-0.62,-6.32,7.12,32.15,32.15,7.12,32.15,-54.07,-89.83,-89.83,55.27,90.09,False,False,False,False,False,False,False,False,False,2026-09-16
1542,1542.HK,TAIZHOU WATER,台州水务,0.32,"1,000",Equity,Equity Securities (Main Board),0.635,0.645,0.7,0.6,332000,0.21,0.74,0.697,-14.19,-8.9,-20.13,-18.06,-9.29,1.28,2.88,4.32,1.28,2.88,-45.31,-75.69,-83.8,50.39,77.95,False,False,False,False,False,False,False,False,False,2026-09-16
1545,1545.HK,DESIGN CAPITAL,设计都会,3.04,"10,000",Equity,Equity Securities (Main Board),0.152,0.158,0.161,0.152,760000,0.12,0.158,0.158,-3.8,-3.86,-3.8,-4.4,-4.4,0.17,0.17,0.33,0.17,0.17,-6.4,-6.4,-51.21,11.63,11.63,False,False,False,False,False,False,False,False,False,2026-09-16
1546,1546.HK,THELLOY DEV,德莱建业,0.96,"8,000",Equity,Equity Securities (Main Board),0.12,0.123,0.125,0.12,832000,0.1,0.119,0.119,0.84,0.42,0.0,1.69,2.56,0.44,0.44,0.88,0.44,0.44,-71.91,-71.91,-85.8,73.03,73.03,False,False,False,False,False,False,False,False,False,2026-09-16
1547,1547.HK,IBI GROUP HLDGS,IBI GROUP HLDGS,1.76,"8,000",Equity,Equity Securities (Main Board),0.22,0.22,0.22,0.22,104000,0.02,0.22,0.221,-0.09,-0.63,0.46,0.46,0.46,0.31,0.31,1.0,0.31,0.31,-27.87,-29.03,-78.0,27.87,29.03,False,False,False,False,False,False,False,False,False,2026-09-16
1548,1548.HK,GENSCRIPT BIO,金斯瑞生物科技,742.53,"2,000",Equity,Equity Securities (Main Board),32.56,32.5,33.66,32.02,23388895,761.54,32.66,33.042,-0.31,-1.46,0.56,0.62,-3.33,37.36,37.36,43.4,37.36,37.36,-9.9,-9.9,-22.44,12.85,12.85,False,False,False,False,False,False,False,False,False,2026-09-16
1549,1549.HK,EVER HARVEST GP,永丰集团控股,1.21,"8,000",Equity,Equity Securities (Main Board),0.078,0.073,0.078,0.072,736000,0.06,0.075,0.075,3.45,4.42,6.85,6.85,5.41,0.11,0.17,0.51,0.11,0.17,-29.73,-53.57,-84.71,29.73,53.57,False,False,False,True,False,False,False,False,False,2026-09-16
1552,1552.HK,BHCC HOLDING,BHCC HOLDING,2.28,"5,000",Equity,Equity Securities (Main Board),0.285,0.285,0.285,0.285,5000,0.0,0.283,0.277,0.71,2.89,0.0,3.64,3.64,0.3,0.3,0.94,0.3,0.3,-5.0,-5.0,-69.68,5.0,5.0,False,False,False,False,False,False,False,True,True,2026-09-16
1553,1553.HK,MAIKE TUBE,迈科管业,6.29,"2,000",Equity,Equity Securities (Main Board),1.45,1.5,1.5,1.45,12000,0.02,1.49,1.501,-2.68,-3.4,-3.33,-3.33,-3.33,1.65,1.65,4.2,1.65,1.65,-9.09,-9.09,-64.29,12.12,12.12,False,False,False,False,False,False,False,False,False,2026-09-16
1555,1555.HK,MIE HOLDINGS,ＭＩ能源,0.95,"2,000",Equity,Equity Securities (Main Board),0.028,0.029,0.03,0.028,5538000,0.16,0.029,0.028,-4.76,1.08,-3.45,-3.45,0.0,0.08,0.08,0.92,0.08,0.08,-60.53,-61.04,-96.74,63.16,63.64,False,False,False,False,False,False,False,False,False,2026-09-16
1557,1557.HK,K.H. GP HLDGS,剑虹集团控股,2.3,"4,000",Equity,Equity Securities (Main Board),0.48,0.48,0.48,0.48,28000,0.01,0.496,0.514,-3.23,-6.61,-4.0,-4.0,-7.69,1.0,1.0,3.38,1.0,1.0,-52.0,-52.0,-85.8,52.0,52.0,False,False,False,False,False,False,False,False,False,2026-09-16
1560,1560.HK,STAR GROUP ASIA,星星集团,1.96,"2,000",Equity,Equity Securities (Main Board),0.305,0.315,0.315,0.285,5906000,1.8,0.336,0.326,-9.23,-6.44,-4.69,-15.28,-4.69,0.47,1.0,1.48,0.47,1.0,-33.68,-68.5,-78.73,35.79,69.5,False,False,False,False,False,False,False,False,False,2026-09-16
1563,1563.HK,ALLI INTL ED LE,友联国际教育租赁,2.25,"1,000",Equity,Equity Securities (Main Board),0.133,0.131,0.133,0.128,243000,0.03,0.129,0.126,3.42,5.81,3.1,6.4,5.56,0.18,3.19,19.62,0.18,3.19,-26.92,-95.83,-99.32,26.92,95.83,False,False,False,False,False,False,False,False,False,2026-09-16
1565,1565.HK,VIRSCEND EDU,成实外教育,4.86,"1,000",Equity,Equity Securities (Main Board),0.16,0.156,0.16,0.152,347000,0.06,0.162,0.17,-1.48,-5.83,0.0,0.0,-6.43,0.22,0.34,5.83,0.22,0.34,-27.27,-52.24,-97.26,27.27,52.24,False,False,False,False,False,False,False,False,False,2026-09-16
1566,1566.HK,CA CULTURAL,华夏文化科技,67.24,"5,000",Equity,Equity Securities (Main Board),4.16,4.195,4.34,4.04,2971000,12.36,4.076,3.784,2.06,9.95,-0.83,5.32,0.6,4.8,4.8,4.8,4.8,4.8,-9.58,-9.58,-9.58,13.33,13.33,False,False,True,False,False,False,False,False,False,2026-09-16
1568,1568.HK,SUNDART HLDGS,承达集团,13.74,"2,000",Equity,Equity Securities (Main Board),0.63,0.63,0.635,0.63,254000,0.16,0.645,0.658,-2.33,-4.26,-0.79,-2.33,-5.26,0.9,0.95,5.15,0.9,0.95,-29.44,-33.16,-87.67,30.0,33.68,False,False,False,False,False,False,False,False,False,2026-09-16
1570,1570.HK,WEIYE HOLDINGS,伟业控股,25.3,"1,000",Equity,Equity Securities (Main Board),12.9,12.98,13.2,12.75,350000,4.51,12.342,11.911,4.52,8.3,-1.15,14.97,11.4,16.0,16.0,16.0,16.0,16.0,-17.5,-17.5,-17.5,19.38,19.38,False,False,False,False,False,False,False,False,False,2026-09-16
1571,1571.HK,XIN POINT HOLD,信邦控股,37.1,"1,000",Equity,Equity Securities (Main Board),3.68,3.675,3.725,3.66,459000,1.69,3.706,3.732,-0.7,-1.38,0.0,0.41,-1.87,4.64,4.75,7.01,4.64,4.75,-19.72,-21.58,-46.86,20.69,22.53,False,False,False,False,False,False,False,False,False,2026-09-16
1572,1572.HK,CHINA ART FIN,中国艺术金融,1.34,"4,000",Equity,Equity Securities (Main Board),0.079,0.075,0.08,0.07,2952000,0.23,0.074,0.073,6.47,8.97,6.76,12.86,12.86,0.11,0.24,1.76,0.11,0.24,-24.53,-66.67,-95.45,25.47,67.08,False,False,False,True,False,False,False,False,False,2026-09-16
1578,1578.HK,BANK OF TIANJIN,天津银行,37.23,500,Equity,Equity Securities (Main Board),2.11,2.08,2.11,2.08,44500,0.09,2.119,2.147,-0.42,-1.72,1.44,-0.71,-0.94,2.88,2.88,7.05,2.88,2.88,-26.74,-26.74,-70.07,26.74,26.74,False,False,False,False,False,False,False,False,False,2026-09-16
1579,1579.HK,YIHAI INTL,颐海国际,143.27,"1,000",Equity,Equity Securities (Main Board),13.82,13.76,14.12,13.63,1269306,17.54,13.908,14.395,-0.63,-3.99,0.88,-1.07,-2.74,17.33,18.82,148.6,17.33,18.82,-18.52,-24.97,-90.5,20.25,26.57,False,False,False,False,False,False,False,False,False,2026-09-16
1580,1580.HK,DA SEN HLDGS,大森控股,3.18,"30,000",Equity,Equity Securities (Main Board),0.29,0.265,0.355,0.265,810000,0.23,0.249,0.233,16.37,24.52,23.4,26.09,31.82,0.65,0.65,5.24,0.65,0.65,-45.38,-45.38,-93.23,55.38,55.38,False,False,False,False,False,False,False,False,False,2026-09-16
1581,1581.HK,PROGRESSIVE P,进升集团控股,1.43,"10,000",Equity,Equity Securities (Main Board),0.345,0.27,0.36,0.27,1050000,0.36,0.299,0.295,15.38,16.95,25.45,15.0,23.21,0.59,0.59,3.57,0.59,0.59,-38.98,-38.98,-89.92,41.53,41.53,False,False,False,True,False,False,False,False,False,2026-09-16
1582,1582.HK,CR CONSTRUCTION,华营建筑,3.05,"2,500",Equity,Equity Securities (Main Board),0.61,0.52,0.695,0.515,9142500,5.58,0.499,0.47,22.24,29.79,19.61,31.18,34.07,0.54,0.54,2.78,0.69,0.69,29.91,29.91,-75.0,12.23,12.23,False,False,False,False,True,True,False,False,False,2026-09-16
1585,1585.HK,YADEA,雅迪控股,267.38,"2,000",Equity,Equity Securities (Main Board),8.59,8.69,8.75,8.515,16831065,144.58,8.666,8.823,-0.88,-2.65,-2.22,0.35,-3.81,13.46,17.28,24.0,13.46,17.28,-34.99,-49.36,-63.54,36.18,50.29,False,False,False,False,False,False,False,False,False,2026-09-16
1587,1587.HK,SHINEROAD INTL,欣融国际,3.06,"4,000",Equity,Equity Securities (Main Board),0.45,0.455,0.46,0.39,2772000,1.25,0.483,0.491,-6.83,-8.44,-3.23,-10.0,-10.0,0.65,0.66,1.06,0.65,0.66,-29.23,-30.3,-56.6,30.77,31.82,False,False,False,False,False,False,False,False,False,2026-09-16
1588,1588.HK,CHANJET,畅捷通,5.82,200,Equity,Equity Securities (Main Board),4.305,4.415,4.415,4.305,17800,0.08,4.423,4.465,-2.67,-3.59,-2.49,-3.48,-6.41,10.0,12.21,24.13,10.0,12.21,-55.85,-63.84,-81.71,56.95,64.74,False,False,False,False,False,False,False,False,False,2026-09-16
1591,1591.HK,SHUN WO GROUP,汛和集团,0.62,"20,000",Equity,Equity Securities (Main Board),0.117,0.107,0.117,0.107,76000,0.01,0.116,0.116,0.69,0.69,0.86,0.86,0.0,0.19,0.35,1.93,0.19,0.35,-36.76,-66.57,-93.94,36.76,66.57,False,False,False,True,False,False,False,False,False,2026-09-16
1592,1592.HK,ANCHORSTONE,基石控股,2.37,"10,000",Equity,Equity Securities (Main Board),0.164,0.157,0.169,0.156,1120000,0.18,0.17,0.174,-3.42,-5.53,-3.53,-6.29,-6.82,0.45,0.82,28.7,0.45,0.82,-62.44,-79.39,-99.41,63.56,80.0,False,False,False,False,False,False,False,False,False,2026-09-16
1593,1593.HK,CHEN LIN EDU,辰林教育,11.52,"2,000",Equity,Equity Securities (Main Board),1.16,1.125,1.18,1.12,304000,0.35,1.138,1.113,1.93,4.22,-3.33,6.42,5.45,1.43,3.0,3.44,1.43,3.0,-17.48,-60.67,-65.7,18.88,61.33,False,False,False,False,False,False,False,False,False,2026-09-16
1596,1596.HK,YICHEN IND,翼辰实业,0.71,"1,000",Equity,Equity Securities (Main Board),0.315,0.31,0.315,0.31,33000,0.01,0.295,0.271,6.78,16.24,1.61,14.55,26.0,1.45,4.6,7.68,1.45,4.6,-78.28,-93.15,-95.9,78.28,93.15,False,False,False,False,False,False,False,False,False,2026-09-16
1599,1599.HK,UCD,城建设计,3.92,"1,000",Equity,Equity Securities (Main Board),1.01,1.015,1.04,1.01,154000,0.16,1.015,1.02,-0.49,-0.98,0.0,-2.42,0.0,1.4,2.24,5.53,1.4,2.24,-25.71,-53.57,-81.19,27.86,54.91,False,False,False,False,False,False,False,False,False,2026-09-16
1600,1600.HK,TIAN LUN GAS,天伦燃气,26.19,500,Equity,Equity Securities (Main Board),2.69,2.715,2.715,2.645,90500,0.24,2.696,2.682,-0.22,0.32,-1.1,0.0,-0.37,3.43,5.67,10.9,3.43,5.67,-20.85,-52.12,-75.09,21.57,52.56,False,False,False,False,False,False,False,False,False,2026-09-16
1601,1601.HK,ZGC TEC LEASING,中关村科技租赁,3.53,"2,000",Equity,Equity Securities (Main Board),0.715,0.715,0.715,0.715,16000,0.01,0.708,0.712,0.99,0.42,0.0,2.14,0.0,0.87,0.99,2.67,0.87,0.99,-17.82,-27.78,-73.22,17.82,27.78,False,False,False,False,False,False,False,False,False,2026-09-16
1606,1606.HK,CDB LEASING,国银金租,42.93,"2,000",Equity,Equity Securities (Main Board),1.55,1.53,1.56,1.525,3886000,6.02,1.539,1.528,0.71,1.41,0.98,1.97,0.98,1.78,2.49,2.49,1.78,2.49,-12.36,-37.35,-37.35,12.92,37.75,False,False,False,True,False,False,False,False,False,2026-09-16
1608,1608.HK,VPOWER GROUP,伟能集团,2.81,"1,000",Equity,Equity Securities (Main Board),0.042,0.041,0.042,0.04,1157000,0.05,0.043,0.046,-1.41,-9.48,0.0,-6.67,-10.64,0.21,0.78,5.65,0.21,0.78,-80.0,-94.62,-99.26,80.0,94.62,False,False,False,False,False,False,False,False,False,2026-09-16
1609,1609.HK,STAR SPORTS MED,天星医疗,57.05,50,Equity,Equity Securities (Main Board),104.1,111.3,113.7,103.0,483650,50.35,105.62,117.24,-1.44,-11.21,-6.22,3.79,-7.63,299.0,299.0,299.0,299.0,299.0,-61.97,-61.97,-61.97,65.18,65.18,False,False,False,False,False,False,False,False,False,2026-09-16
1610,1610.HK,COFCO JOYCOME,中粮家佳康,51.32,"1,000",Equity,Equity Securities (Main Board),1.12,1.16,1.17,1.12,14646000,16.4,1.177,1.182,-4.84,-5.25,-2.18,-8.2,-10.4,1.72,2.1,6.38,1.72,2.1,-31.98,-44.29,-81.66,34.88,46.67,False,False,False,False,False,False,False,False,False,2026-09-16
1611,1611.HK,BITFIRE GROUP,新火集团,15.06,500,Equity,Equity Securities (Main Board),2.0,1.885,2.03,1.88,292500,0.58,1.982,2.005,0.91,-0.22,3.9,1.01,-2.2,3.3,8.17,29.55,3.3,8.17,-38.48,-75.15,-93.13,39.39,75.52,False,False,False,False,False,False,False,False,False,2026-09-16
1612,1612.HK,VINCENT MED,永胜医疗,4.39,"2,000",Equity,Equity Securities (Main Board),0.665,0.65,0.665,0.64,50000,0.03,0.669,0.671,-0.6,-0.89,-0.75,-0.75,-0.75,1.09,1.32,3.73,1.09,1.32,-38.99,-49.62,-82.17,38.99,49.62,False,False,False,False,False,False,False,False,False,2026-09-16
1613,1613.HK,SYNERTONE,协同通信,14.36,"6,400",Equity,Equity Securities (Main Board),0.935,0.915,1.0,0.915,1056000,0.99,0.896,0.874,4.35,6.98,2.19,7.47,6.25,1.36,1.36,6.18,1.36,1.36,-26.2,-26.2,-83.81,31.0,31.0,True,False,False,False,False,False,False,False,False,2026-09-16
1615,1615.HK,AB BUILDERS,奥邦建筑,2.4,"5,000",Equity,Equity Securities (Main Board),0.4,0.4,0.4,0.395,490000,0.2,0.395,0.396,1.27,1.14,1.27,1.27,1.27,0.43,0.43,0.7,0.43,0.43,-6.98,-6.98,-42.86,6.98,6.98,False,False,False,True,False,False,False,True,True,2026-09-16
1617,1617.HK,NANFANG COMM,南方通信,4.23,"4,000",Equity,Equity Securities (Main Board),0.26,0.255,0.26,0.255,1380000,0.36,0.26,0.261,0.0,-0.57,0.0,0.0,-5.45,0.92,0.92,5.82,0.92,0.92,-71.74,-71.74,-95.53,71.74,71.74,False,False,False,False,False,False,False,False,False,2026-09-16
1618,1618.HK,MCC,中国中冶,38.75,"1,000",Equity,Equity Securities (Main Board),1.365,1.38,1.39,1.36,6009000,8.2,1.391,1.377,-1.87,-0.87,-0.73,-2.85,-1.8,2.04,3.17,3.42,2.04,3.17,-31.86,-56.15,-59.36,33.09,56.94,False,False,False,False,False,False,False,False,False,2026-09-16
1620,1620.HK,CINESE INTL,富盈环球集团,2.26,"10,000",Equity,Equity Securities (Main Board),0.188,0.188,0.188,0.188,40000,0.01,0.195,0.188,-3.59,-0.0,0.0,-4.57,-5.05,0.21,0.23,0.45,0.21,0.23,-11.32,-17.54,-58.22,11.32,17.54,False,False,False,False,False,False,False,False,False,2026-09-16
1621,1621.HK,VICO INTL HLDGS,域高国际控股,2.18,"8,000",Equity,Equity Securities (Main Board),0.218,0.21,0.22,0.21,168000,0.04,0.213,0.204,2.35,6.71,1.87,3.81,5.83,0.22,0.22,0.47,0.22,0.22,-2.22,-2.22,-52.69,3.11,3.11,False,False,False,False,False,False,False,True,True,2026-09-16
1622,1622.HK,REDCO GROUP,力高集团,4.76,"2,000",Equity,Equity Securities (Main Board),0.134,0.13,0.134,0.13,254000,0.03,0.132,0.131,1.21,2.45,4.69,-1.47,3.08,0.24,1.33,5.18,0.24,1.33,-44.63,-89.92,-97.41,44.63,89.92,False,False,False,True,False,False,False,False,False,2026-09-16
1623,1623.HK,HILONG,海隆控股,4.33,"1,000",Equity,Equity Securities (Main Board),0.255,0.26,0.26,0.231,721000,0.18,0.254,0.254,0.39,0.31,-1.92,0.0,-1.92,0.31,0.4,2.58,0.31,0.4,-16.13,-34.18,-89.92,17.74,35.44,False,False,True,True,False,False,False,False,False,2026-09-16
1626,1626.HK,JIA YAO HLDGS,嘉耀控股,150.12,"1,000",Equity,Equity Securities (Main Board),25.02,26.5,26.5,24.8,651000,16.29,25.428,23.488,-1.6,6.52,-4.87,-1.65,8.78,29.1,29.1,29.1,29.1,29.1,-8.93,-8.93,-8.93,14.02,14.02,False,False,False,False,False,False,False,False,False,2026-09-16
1627,1627.HK,ABLE ENG HLDGS,安保工程控股,7.9,"4,000",Equity,Equity Securities (Main Board),0.395,0.375,0.41,0.375,1212000,0.48,0.426,0.449,-7.28,-12.03,5.33,-15.05,-15.05,0.7,0.79,1.36,0.7,0.79,-41.43,-48.1,-69.85,43.57,50.0,False,False,False,False,False,False,False,False,False,2026-09-16
1628,1628.HK,YUZHOU GROUP,禹洲集团,1.5,"5,000",Equity,Equity Securities (Main Board),0.101,0.101,0.102,0.101,534449,0.05,0.104,0.109,-2.88,-7.25,0.0,-2.88,-9.82,0.26,3.32,48.16,0.26,3.32,-61.51,-96.93,-99.79,61.89,96.96,False,False,False,False,False,False,False,False,False,2026-09-16
1630,1630.HK,KIN SHING HLDGS,建成控股,3.52,"6,000",Equity,Equity Securities (Main Board),0.235,0.248,0.255,0.23,2820000,0.66,0.281,0.293,-16.25,-19.74,-3.29,-25.4,-25.4,0.47,0.47,6.67,0.47,0.47,-45.74,-45.74,-96.18,50.0,50.0,False,False,False,False,False,False,False,False,False,2026-09-16
1631,1631.HK,REF HOLDINGS,REF HOLDINGS,4.04,"5,000",Equity,Equity Securities (Main Board),1.315,1.3,1.315,1.3,20000,0.03,1.305,1.313,0.77,0.11,1.15,0.77,1.15,1.89,1.89,2.5,1.89,1.89,-30.42,-30.42,-47.4,30.42,30.42,False,False,False,True,False,False,False,False,False,2026-09-16
1633,1633.HK,SHEUNG YUE GP,上谕集团,3.29,"3,000",Equity,Equity Securities (Main Board),0.48,0.45,0.495,0.435,1230000,0.59,0.48,0.444,-0.0,7.99,3.23,-4.0,1.05,0.7,0.7,4.76,0.7,0.7,-29.29,-29.29,-89.6,31.43,31.43,False,False,False,False,False,False,False,False,False,2026-09-16
1635,1635.HK,DZUG,大众公用,12.14,"1,000",Equity,Equity Securities (Main Board),2.275,2.23,2.285,2.23,4557000,10.37,2.272,2.301,0.13,-1.13,2.02,-0.44,-2.99,6.33,6.33,6.33,6.33,6.33,-63.9,-63.9,-63.9,64.06,64.06,False,False,False,False,False,False,False,False,False,2026-09-16
1637,1637.HK,SH GROUP HLDG,顺兴集团控股,2.68,"2,000",Equity,Equity Securities (Main Board),0.67,0.655,0.67,0.65,734000,0.49,0.658,0.664,1.82,0.9,0.0,3.08,-0.74,0.69,0.69,1.65,0.69,0.69,-2.9,-2.9,-59.39,2.9,2.9,False,False,True,True,False,False,False,True,True,2026-09-16
1638,1638.HK,KAISA GROUP,佳兆业集团,3.66,"1,000",Equity,Equity Securities (Main Board),0.032,0.032,0.032,0.031,6442000,0.21,0.032,0.034,0.0,-5.6,0.0,3.23,-11.11,0.13,0.73,6.71,0.13,0.73,-75.38,-95.62,-99.52,75.38,95.62,False,False,False,False,False,False,False,False,False,2026-09-16
1640,1640.HK,QIAN XUN TECH,千循科技,2.73,"2,000",Equity,Equity Securities (Main Board),0.455,0.45,0.455,0.45,62000,0.03,0.454,0.448,0.22,1.45,-2.15,5.81,1.11,3.94,6.4,6.4,3.94,6.4,-88.45,-92.89,-92.89,88.45,92.89,False,False,True,False,False,False,False,False,False,2026-09-16
1641,1641.HK,HX COLDCHAIN,红星冷链,0.88,500,Equity,Equity Securities (Main Board),3.6,3.6,3.6,3.6,10000,0.04,3.672,3.725,-1.96,-3.36,0.0,-4.51,-4.89,19.7,19.7,19.7,19.7,19.7,-81.73,-81.73,-81.73,81.73,81.73,False,False,False,False,False,False,False,False,False,2026-09-16
1643,1643.HK,MODERN CHI MED,现代中药集团,5.62,"3,000",Equity,Equity Securities (Main Board),0.78,0.77,0.795,0.77,180000,0.14,0.785,0.796,-0.64,-2.01,1.96,-3.11,-6.02,3.26,3.26,3.26,3.26,3.26,-75.61,-75.61,-75.61,76.07,76.07,False,False,False,False,False,False,False,False,False,2026-09-16
1645,1645.HK,HAINA INTEL,海纳智能,14.75,"4,000",Equity,Equity Securities (Main Board),2.615,2.73,2.735,2.605,2588000,6.77,2.714,2.721,-3.65,-3.9,-4.21,-4.56,-4.39,4.22,4.22,4.22,4.22,4.22,-35.19,-35.19,-35.19,38.03,38.03,False,False,False,False,False,False,False,False,False,2026-09-16
1647,1647.HK,GRANDSHORES,雄岸科技,0.69,"5,000",Equity,Equity Securities (Main Board),0.058,0.059,0.06,0.058,1610000,0.09,0.057,0.059,1.05,-1.53,1.75,0.0,-1.69,0.09,0.15,3.7,0.09,0.15,-29.41,-59.46,-98.38,31.76,60.81,False,False,False,False,False,False,False,False,False,2026-09-16
1650,1650.HK,HYGIEIA GROUP,HYGIEIA GROUP,3.0,"8,000",Equity,Equity Securities (Main Board),0.15,0.15,0.151,0.147,2160000,0.32,0.149,0.148,0.4,1.49,0.0,1.35,0.0,0.16,0.18,0.26,0.16,0.18,-3.82,-17.03,-41.92,4.46,17.58,False,False,False,True,False,False,False,True,False,2026-09-16
1651,1651.HK,TSUGAMI CHINA,津上机床中国,169.49,500,Equity,Equity Securities (Main Board),45.98,46.9,47.3,44.86,2274565,104.58,48.118,49.859,-4.44,-7.78,-1.96,-8.5,-13.25,74.15,74.15,74.15,74.15,74.15,-36.21,-36.21,-36.21,37.99,37.99,False,False,False,False,False,False,False,False,False,2026-09-16
1652,1652.HK,FUSEN PHARM,福森药业,6.21,"1,000",Equity,Equity Securities (Main Board),0.84,0.84,0.84,0.84,49000,0.04,0.828,0.798,1.45,5.33,-1.18,5.0,9.09,1.44,1.75,20.0,1.44,1.75,-41.67,-52.0,-95.8,41.67,52.0,False,False,False,False,False,False,False,False,False,2026-09-16
1653,1653.HK,MOS HOUSE,MOS HOUSE,3.99,"20,000",Equity,Equity Securities (Main Board),1.38,1.28,1.415,1.28,600000,0.83,1.356,1.454,1.77,-5.06,4.55,0.0,1.85,3.82,5.02,6.7,3.82,5.02,-62.96,-71.81,-78.88,63.87,72.51,False,False,False,False,False,False,False,False,False,2026-09-16
1655,1655.HK,OKURA HOLDINGS,OKURA HOLDINGS,1.2,"5,000",Equity,Equity Securities (Main Board),0.167,0.162,0.167,0.16,400000,0.07,0.166,0.164,0.85,1.58,-0.6,1.83,6.37,0.31,0.83,1.71,0.31,0.83,-46.13,-79.88,-90.23,46.13,79.88,False,False,False,True,False,False,False,False,False,2026-09-16
1657,1657.HK,SG GROUP HLDGS,桦欣控股,15.07,500,Equity,Equity Securities (Main Board),47.1,47.8,49.74,47.0,10000,0.47,49.484,48.884,-4.82,-3.65,-3.72,-12.78,1.73,80.0,80.0,80.0,80.0,80.0,-37.82,-37.82,-37.82,41.13,41.13,False,False,False,False,False,False,False,False,False,2026-09-16
1658,1658.HK,PSBC,邮储银行,1071.24,"1,000",Equity,Equity Securities (Main Board),5.395,5.31,5.41,5.31,25373410,136.89,5.379,5.382,0.3,0.23,1.22,-0.46,1.22,5.57,5.95,6.82,5.57,5.95,-2.96,-9.08,-20.67,3.23,9.33,False,False,False,True,False,False,False,True,True,2026-09-16
1660,1660.HK,SEVEN ELEMENTS,七元投资,13.01,"8,000",Equity,Equity Securities (Main Board),0.21,0.203,0.21,0.199,7960000,1.67,0.201,0.196,4.37,6.98,5.0,5.0,9.37,0.51,0.65,2.47,0.51,0.65,-58.82,-67.69,-91.5,58.82,67.69,False,False,False,False,False,False,False,False,False,2026-09-16
1662,1662.HK,YEE HOP HLDGS,义合控股,3.48,"1,000",Equity,Equity Securities (Main Board),0.675,0.61,0.73,0.61,710000,0.48,0.551,0.542,22.5,24.54,21.62,28.57,29.81,2.34,3.6,3.6,2.34,3.6,-68.8,-79.72,-79.72,71.15,81.25,False,False,False,False,False,False,False,False,False,2026-09-16
1666,1666.HK,TONG REN TANG,同仁堂科技,20.02,"1,000",Equity,Equity Securities (Main Board),3.185,3.15,3.205,3.13,1285000,4.09,3.159,3.151,0.82,1.08,0.31,1.43,-0.16,4.56,7.03,16.0,4.56,7.03,-29.71,-54.41,-79.97,30.15,54.69,True,False,True,True,False,False,False,False,False,2026-09-16
1672,1672.HK,ASCLETIS-B,歌礼制药－Ｂ,86.68,"1,000",Equity,Equity Securities (Main Board),8.24,8.805,8.805,8.22,2110000,17.39,9.136,9.663,-9.81,-14.73,-7.83,-12.8,-18.09,19.86,19.86,19.86,19.86,19.86,-55.66,-55.66,-55.66,58.51,58.51,False,False,False,False,False,False,False,False,False,2026-09-16
1675,1675.HK,ASIAINFO TECH,亚信科技,36.14,400,Equity,Equity Securities (Main Board),3.845,3.85,3.9,3.68,5482800,21.08,3.865,4.009,-0.52,-4.09,-0.13,0.39,-2.53,10.06,13.44,15.68,10.06,13.44,-61.23,-70.98,-75.13,61.78,71.39,False,False,False,False,False,False,False,False,False,2026-09-16
1676,1676.HK,GAODI HOLDINGS,高地股份,1.93,"10,000",Equity,Equity Securities (Main Board),0.49,0.485,0.5,0.47,7570000,3.71,0.489,0.435,0.2,12.64,4.26,-3.92,15.29,0.65,2.53,28.5,0.65,2.53,-23.08,-80.24,-98.25,24.62,80.63,False,False,False,False,False,False,False,False,False,2026-09-16
1679,1679.HK,RISECOMM GP,瑞斯康集团,2.74,"5,000",Equity,Equity Securities (Main Board),1.27,1.27,1.27,1.27,6000,0.01,1.3,1.317,-2.31,-3.57,-2.31,-2.31,-5.22,2.16,2.16,97.46,2.16,2.16,-41.2,-41.2,-98.7,41.2,41.2,False,False,False,False,False,False,False,False,False,2026-09-16
1680,1680.HK,MACAU LEGEND,澳门励骏,1.43,"4,000",Equity,Equity Securities (Main Board),0.154,0.14,0.168,0.139,836000,0.13,0.125,0.117,23.4,31.96,22.22,40.0,27.27,0.49,2.8,17.9,0.49,2.8,-65.36,-94.0,-99.06,68.25,94.5,True,False,False,False,False,False,False,False,False,2026-09-16
1681,1681.HK,CONSUN PHARMA,康臣药业,109.37,"1,000",Equity,Equity Securities (Main Board),13.05,13.16,13.4,13.02,1225480,15.99,13.158,13.304,-0.82,-1.91,-1.58,0.08,-0.76,19.35,19.35,19.35,19.35,19.35,-30.75,-30.75,-30.75,32.56,32.56,False,False,False,False,False,False,False,False,False,2026-09-16
1682,1682.HK,HP LIVING TECH,杭品生活科技,2.42,"4,000",Equity,Equity Securities (Main Board),0.154,0.15,0.155,0.144,328000,0.05,0.152,0.155,1.32,-0.32,-0.65,1.99,4.05,0.32,0.5,2.01,0.32,0.5,-51.56,-69.0,-92.29,51.87,69.2,False,False,True,False,False,False,False,False,False,2026-09-16
1683,1683.HK,HOPE LIFE INT,旷逸国际,2.35,"16,000",Equity,Equity Securities (Main Board),0.126,0.128,0.129,0.119,2848000,0.36,0.133,0.137,-5.12,-7.83,-0.79,-10.0,-11.27,0.38,0.95,3.54,0.38,0.95,-65.6,-86.42,-96.36,66.4,86.74,False,False,False,False,False,False,False,False,False,2026-09-16
1685,1685.HK,BOER POWER,博耳电力,4.57,"1,000",Equity,Equity Securities (Main Board),0.59,0.6,0.6,0.58,202000,0.12,0.606,0.612,-2.64,-3.52,-3.28,-2.48,-4.07,1.1,1.1,3.68,1.1,1.1,-45.45,-45.45,-83.7,46.36,46.36,False,False,False,False,False,False,False,False,False,2026-09-16
1686,1686.HK,SUNEVISION,新意网集团,128.44,"1,000",Equity,Equity Securities (Main Board),5.435,5.425,5.455,5.34,2569508,13.97,5.492,5.543,-1.04,-1.96,0.18,-1.0,-4.31,7.9,10.36,10.36,7.9,10.36,-30.95,-47.35,-47.35,31.2,47.54,False,False,False,False,False,False,False,False,False,2026-09-16
1688,1688.HK,LINGYI ITECH,领益智造,49.85,660,Equity,Equity Securities (Main Board),6.14,6.195,6.23,6.115,6567600,40.33,6.352,6.45,-3.34,-4.81,-0.89,-5.03,-3.61,11.8,11.8,11.8,11.8,11.8,-47.2,-47.2,-47.2,47.97,47.97,False,False,False,False,False,False,False,False,False,2026-09-16
1689,1689.HK,HUAXIHOLDINGS,华禧控股,2.03,"2,000",Equity,Equity Securities (Main Board),0.29,0.29,0.295,0.29,276000,0.08,0.291,0.291,-0.34,-0.51,-1.69,0.0,1.75,0.47,1.37,3.86,0.47,1.37,-36.56,-78.47,-92.36,37.63,78.83,False,False,False,False,False,False,False,False,False,2026-09-16
1691,1691.HK,JS GLOBAL LIFE,ＪＳ环球生活,55.25,500,Equity,Equity Securities (Main Board),1.59,1.59,1.59,1.555,3039500,4.83,1.54,1.52,3.25,4.61,-0.31,5.3,4.61,2.01,2.39,4.54,2.01,2.39,-20.9,-33.47,-64.97,20.9,33.47,False,False,False,False,False,False,False,False,False,2026-09-16
1695,1695.HK,S&P INTL HLDG,椰丰集团,0.84,"5,000",Equity,Equity Securities (Main Board),0.078,0.078,0.078,0.078,260000,0.02,0.077,0.077,1.56,1.83,0.0,2.63,2.63,0.1,0.12,1.73,0.1,0.12,-25.71,-36.59,-95.49,25.71,36.59,False,False,False,False,False,False,False,False,False,2026-09-16
1696,1696.HK,SISRAM MED,复锐医疗科技,9.44,400,Equity,Equity Securities (Main Board),2.015,2.0,2.015,1.93,73600,0.15,1.978,1.982,1.87,1.66,0.75,3.07,-1.23,4.91,8.07,35.0,4.91,8.07,-58.96,-75.03,-94.24,58.96,75.03,False,False,True,True,False,False,False,False,False,2026-09-16
1697,1697.HK,SDITC,山东国信,2.75,"1,800",Equity,Equity Securities (Main Board),0.236,0.236,0.237,0.236,27000,0.01,0.235,0.234,0.43,0.73,0.0,0.85,0.43,0.39,0.52,2.54,0.39,0.52,-39.23,-54.42,-90.67,39.49,54.62,False,False,False,False,False,False,False,False,False,2026-09-16
1698,1698.HK,TME-SW,腾讯音乐－ＳＷ,509.0,100,Equity,Equity Securities (Main Board),31.1,31.52,31.54,30.76,887350,27.6,31.344,31.806,-0.78,-2.22,-1.83,0.45,-1.33,72.75,104.0,104.0,72.75,104.0,-56.65,-69.67,-69.67,57.25,70.1,False,False,False,False,False,False,False,False,False,2026-09-16
1702,1702.HK,DONGGUANG CHEM,东光化工,10.18,"4,000",Equity,Equity Securities (Main Board),1.64,1.66,1.66,1.64,16000,0.03,1.768,1.76,-7.24,-6.82,-8.89,-8.89,-8.89,2.05,2.69,4.9,2.05,2.69,-19.02,-38.29,-66.12,20.0,39.03,False,False,False,False,False,False,False,False,False,2026-09-16
1703,1703.HK,EASYHOLD GROUP,谊和股份,0.43,"5,000",Equity,Equity Securities (Main Board),0.31,0.315,0.315,0.31,850000,0.26,0.311,0.313,-0.32,-1.12,0.0,1.64,-1.59,2.3,2.3,10.7,2.3,2.3,-86.3,-86.3,-97.06,86.52,86.52,False,False,False,False,False,False,False,False,False,2026-09-16
1705,1705.HK,B & S INTL HLDG,宾仕国际,3.6,"4,000",Equity,Equity Securities (Main Board),0.9,0.9,0.9,0.885,208000,0.19,0.904,0.911,-0.44,-1.21,0.56,-4.26,-2.7,1.0,1.0,7.9,1.0,1.0,-10.0,-10.0,-88.61,10.0,10.0,False,False,False,False,False,False,False,False,False,2026-09-16
1709,1709.HK,DL HOLDINGS GP,德林控股,17.98,"1,000",Equity,Equity Securities (Main Board),0.885,0.9,0.91,0.87,6906600,6.11,0.897,0.913,-1.34,-3.07,-0.56,-2.21,-2.75,2.57,5.67,17.02,2.57,5.67,-64.57,-83.94,-94.65,65.55,84.38,False,False,False,False,False,False,False,False,False,2026-09-16
1710,1710.HK,TRIO IND ELEC,致丰工业电子,21.65,"4,000",Equity,Equity Securities (Main Board),2.165,1.83,2.295,1.83,8596000,18.61,1.921,1.601,12.7,35.19,19.61,17.98,27.35,2.03,2.03,2.03,2.3,2.3,13.05,13.05,13.05,5.66,5.66,False,False,False,False,True,True,True,True,True,2026-09-16
1712,1712.HK,DRAGON MINING,龙资源,17.05,"1,000",Equity,Equity Securities (Main Board),8.985,8.645,9.1,8.4,841000,7.56,8.934,9.19,0.57,-2.23,7.35,-0.88,-8.97,12.96,12.96,12.96,12.96,12.96,-29.78,-29.78,-29.78,30.67,30.67,False,False,False,False,False,False,False,False,False,2026-09-16
1713,1713.HK,SICHUAN EN INV,四川能投发展,12.91,"2,000",Equity,Equity Securities (Main Board),1.64,1.66,1.66,1.64,212000,0.35,1.69,1.712,-2.96,-4.18,-1.2,-5.2,-5.48,2.82,3.24,6.0,2.82,3.24,-41.13,-48.77,-72.33,41.84,49.38,False,False,False,False,False,False,False,False,False,2026-09-16
1715,1715.HK,AI HEALTH TECH,智慧健康科技,1.48,"10,000",Equity,Equity Securities (Main Board),0.41,0.4,0.415,0.4,130000,0.05,0.407,0.414,0.74,-0.97,0.0,1.23,-4.65,0.69,2.35,13.5,0.69,2.35,-39.86,-82.34,-96.93,40.58,82.55,False,False,False,False,False,False,False,False,False,2026-09-16
1716,1716.HK,MOST KWAI CHUNG,毛记葵涌,10.95,"2,000",Equity,Equity Securities (Main Board),4.055,4.07,4.155,3.9,408000,1.65,4.235,4.523,-4.25,-10.34,1.12,-7.84,-10.58,9.71,9.71,11.76,9.71,9.71,-57.21,-57.21,-64.67,58.24,58.24,False,False,False,False,False,False,False,False,False,2026-09-16
1717,1717.HK,AUSNUTRIA,澳优,19.74,"1,000",Equity,Equity Securities (Main Board),1.11,1.11,1.16,1.11,117000,0.13,1.145,1.139,-3.06,-2.59,-3.9,-3.48,-3.9,2.12,3.2,17.78,2.12,3.2,-45.28,-63.75,-93.48,47.64,65.31,False,False,False,False,False,False,False,False,False,2026-09-16
1718,1718.HK,WAN KEI GROUP,宏基集团控股,1.82,"5,000",Equity,Equity Securities (Main Board),0.6,0.57,0.69,0.57,265000,0.16,0.599,0.626,0.17,-4.15,0.84,0.0,0.0,0.96,6.1,19.3,0.96,6.1,-28.12,-88.69,-96.42,37.5,90.16,False,False,False,False,False,False,False,False,False,2026-09-16
1719,1719.HK,CIL GROUP,中国通商集团,3.95,"4,000",Equity,Equity Securities (Main Board),0.229,0.229,0.229,0.229,324000,0.07,0.216,0.215,5.92,6.71,7.51,7.51,7.51,0.41,1.11,2.03,0.41,1.11,-44.15,-79.37,-88.72,44.15,79.37,False,False,False,False,False,False,False,False,False,2026-09-16
1722,1722.HK,KIN PANG HLDGS,建鹏控股,1.43,"10,000",Equity,Equity Securities (Main Board),0.13,0.119,0.147,0.114,8150000,1.06,0.118,0.11,9.98,18.18,10.17,5.69,27.45,0.14,0.49,0.59,0.15,0.49,6.52,-69.69,-75.08,11.56,73.2,False,False,False,False,True,False,False,False,False,2026-09-16
1723,1723.HK,MOON INC,恒月控股,1.98,"2,000",Equity,Equity Securities (Main Board),0.415,0.46,0.46,0.41,1444000,0.6,0.452,0.446,-8.19,-6.85,-9.78,-14.43,-5.68,1.99,7.17,7.17,1.99,7.17,-76.88,-93.58,-93.58,79.15,94.21,False,False,False,False,False,False,False,False,False,2026-09-16
1725,1725.HK,C STRATEGIC TEC,中国技术集团,2.25,200,Equity,Equity Securities (Main Board),0.275,0.275,0.285,0.265,1674600,0.46,0.286,0.287,-3.85,-4.35,-1.79,-6.78,-1.79,1.13,6.4,50.0,1.13,6.4,-74.78,-95.55,-99.43,75.66,95.7,False,False,False,False,False,False,False,False,False,2026-09-16
1729,1729.HK,TIME INTERCON,汇聚科技,409.85,"1,000",Equity,Equity Securities (Main Board),18.34,17.6,18.53,17.09,13048297,239.31,18.172,18.045,0.92,1.63,6.01,0.27,-4.73,24.7,24.7,24.7,24.7,24.7,-24.98,-24.98,-24.98,25.75,25.75,False,False,False,True,False,False,False,False,False,2026-09-16
1733,1733.HK,E-COMMODITIES,易大宗,19.22,"2,000",Equity,Equity Securities (Main Board),0.72,0.72,0.725,0.705,512500,0.37,0.729,0.737,-1.23,-2.24,0.0,-1.37,-2.7,0.96,1.93,2.68,0.96,1.93,-24.48,-62.44,-72.95,25.0,62.69,False,False,False,False,False,False,False,False,False,2026-09-16
1735,1735.HK,CENTRAL NEW EGY,中环新能源,347.42,"1,000",Equity,Equity Securities (Main Board),8.225,8.2,8.27,8.185,6990000,57.49,8.216,8.224,0.11,0.01,0.24,0.37,-0.42,10.3,12.66,12.66,10.3,12.66,-19.71,-34.68,-34.68,20.15,35.03,True,False,False,True,False,False,False,False,False,2026-09-16
1736,1736.HK,PARENTING NET,中国育儿网络,0.22,"5,000",Equity,Equity Securities (Main Board),0.43,0.43,0.43,0.43,530000,0.23,0.453,0.437,-5.08,-1.6,-5.49,-6.52,1.18,0.85,1.36,115.2,0.85,1.36,-49.41,-68.38,-99.63,49.41,68.38,False,False,False,False,False,False,False,False,False,2026-09-16
1737,1737.HK,A & S GROUP,亚洲实业集团,1.64,"10,000",Equity,Equity Securities (Main Board),0.164,0.159,0.168,0.158,620000,0.1,0.162,0.156,1.11,5.06,0.61,1.23,8.61,0.18,0.18,0.7,0.18,0.18,-8.2,-8.2,-76.0,10.38,10.38,False,False,False,False,False,False,False,False,False,2026-09-16
1739,1739.HK,QEEKA HOME,齐屹科技,1.45,500,Equity,Equity Securities (Main Board),0.127,0.126,0.132,0.123,296000,0.04,0.13,0.127,-2.16,-0.08,-1.55,-1.55,0.0,0.25,0.44,4.9,0.25,0.44,-47.2,-70.34,-97.31,49.2,71.46,False,False,False,False,False,False,False,False,False,2026-09-16
1740,1740.HK,VALUES CULTURAL,新石文化,1.87,"5,000",Equity,Equity Securities (Main Board),0.18,0.193,0.193,0.177,835000,0.15,0.171,0.168,5.02,7.4,-6.74,13.21,9.76,0.22,0.22,1.02,0.22,0.22,-13.84,-13.84,-81.08,19.64,19.64,False,False,False,False,False,False,False,False,False,2026-09-16
1741,1741.HK,SHING CHI HLDGS,成志控股,1.16,"4,000",Equity,Equity Securities (Main Board),0.145,0.153,0.154,0.144,252000,0.04,0.139,0.14,4.02,3.79,4.32,1.4,-0.68,0.4,1.21,3.6,0.4,1.21,-61.01,-87.27,-95.72,63.29,88.02,False,False,False,False,False,False,False,False,False,2026-09-16
1745,1745.HK,LVJI TECH,驴迹科技,1.42,"2,000",Equity,Equity Securities (Main Board),2.81,2.765,2.78,2.76,12000,0.03,2.851,2.655,-1.44,5.84,1.81,-4.42,8.29,9.5,34.21,103.13,9.5,34.21,-70.74,-91.87,-97.3,70.42,91.79,False,False,False,False,False,False,False,False,False,2026-09-16
1746,1746.HK,MAN SHUN GP,万顺集团控股,5.0,"4,000",Equity,Equity Securities (Main Board),0.5,0.525,0.525,0.5,116000,0.06,0.512,0.512,-2.34,-2.44,-4.76,-2.91,-3.85,0.75,0.88,1.15,0.75,0.88,-30.0,-40.34,-54.35,33.33,43.18,False,False,False,False,False,False,False,False,False,2026-09-16
1747,1747.HK,HOME CONTROL,HOME CONTROL,19.42,"2,000",Equity,Equity Securities (Main Board),3.63,3.795,4.0,3.6,54000,0.2,3.782,3.725,-4.02,-2.55,-4.47,-7.87,-0.82,5.32,6.2,6.2,5.32,6.2,-24.81,-35.48,-35.48,31.77,41.45,False,False,False,False,False,False,False,False,False,2026-09-16
1750,1750.HK,REM GROUP HLDGS,全达电器集团控股,2.05,"10,000",Equity,Equity Securities (Main Board),0.114,0.092,0.129,0.092,17750000,2.02,0.093,0.089,22.58,27.8,25.27,31.03,31.03,0.14,0.14,0.49,0.14,0.14,-6.52,-6.52,-73.4,17.39,17.39,True,False,False,False,False,False,False,False,False,2026-09-16
1751,1751.HK,AI ENERGY E-2K,智算能建（二千）,3.12,"2,000",Equity,Equity Securities (Main Board),0.765,0.775,0.775,0.775,6000,0.0,0.727,0.736,5.23,3.87,7.75,5.52,7.75,2.25,2.38,46.38,2.25,2.38,-65.56,-67.44,-98.33,66.0,67.86,False,False,False,False,False,False,False,False,False,2026-09-16
1752,1752.HK,TOP EDUCATION,澳洲成峰高教,2.01,"10,000",Equity,Equity Securities (Main Board),0.09,0.092,0.092,0.09,350000,0.03,0.091,0.093,-0.88,-3.54,1.12,0.0,0.0,0.19,0.19,0.96,0.19,0.19,-51.58,-51.58,-90.42,52.63,52.63,False,False,False,False,False,False,False,False,False,2026-09-16
1753,1753.HK,DUIBA,兑吧,7.05,400,Equity,Equity Securities (Main Board),0.655,0.65,0.705,0.625,12604400,8.26,0.618,0.648,5.99,1.08,5.65,27.18,-6.43,0.83,0.83,6.8,0.83,0.83,-15.57,-15.57,-89.63,21.56,21.56,False,False,False,True,False,False,False,False,False,2026-09-16
1757,1757.HK,GLOBAL CHI BC,环球华商俱乐部,60.96,"1,000",Equity,Equity Securities (Main Board),5.08,5.42,5.42,5.065,2000,0.01,5.157,5.168,-1.49,-1.7,-2.21,-1.74,-1.84,22.66,22.66,22.66,22.66,22.66,-76.08,-76.08,-76.08,77.58,77.58,False,False,False,False,False,False,False,False,False,2026-09-16
1760,1760.HK,INTRON TECH,英恒科技,14.63,"1,000",Equity,Equity Securities (Main Board),1.345,1.26,1.4,1.26,1125000,1.51,1.292,1.288,4.1,4.43,3.07,6.32,4.67,3.3,3.46,9.56,3.3,3.46,-57.58,-59.54,-85.36,59.24,61.13,False,False,True,True,False,False,False,False,False,2026-09-16
1762,1762.HK,WANKA ONLINE,万咖壹联,18.84,"1,000",Equity,Equity Securities (Main Board),0.97,1.015,1.03,0.96,5792000,5.62,1.031,1.039,-5.92,-6.64,-4.43,-6.28,-9.35,2.31,2.31,5.86,2.31,2.31,-55.41,-55.41,-82.42,58.01,58.01,False,False,False,False,False,False,False,False,False,2026-09-16
1763,1763.HK,CIRC,中国同辐,11.0,200,Equity,Equity Securities (Main Board),13.76,13.75,13.76,13.45,87600,1.21,13.52,14.147,1.78,-2.74,1.93,2.99,-1.43,24.28,25.0,35.4,24.28,25.0,-43.33,-44.96,-61.13,43.33,44.96,True,False,False,False,False,False,False,False,False,2026-09-16
1765,1765.HK,XJ INTL HLDGS,希教国际控股,12.06,"2,000",Equity,Equity Securities (Main Board),0.139,0.138,0.141,0.138,36000,0.01,0.139,0.141,-0.29,-1.42,0.72,-0.71,-0.71,0.19,0.51,3.47,0.19,0.51,-26.18,-72.35,-95.94,27.23,72.75,False,False,False,False,False,False,False,False,False,2026-09-16
1766,1766.HK,CRRC,中国中车,223.58,"1,000",Equity,Equity Securities (Main Board),5.115,5.19,5.225,5.085,9475359,48.47,5.209,5.289,-1.8,-3.3,-1.06,-3.31,-5.01,6.19,6.76,8.82,6.19,6.76,-15.59,-22.71,-40.76,17.37,24.33,False,False,False,False,False,False,False,False,False,2026-09-16
1767,1767.HK,TS WONDERS,TS WONDERS,3.55,"10,000",Equity,Equity Securities (Main Board),0.355,0.355,0.355,0.355,150000,0.05,0.349,0.342,1.72,3.95,0.0,1.43,4.41,0.41,0.43,1.04,0.41,0.43,-13.41,-17.44,-65.87,13.41,17.44,False,False,False,False,False,False,False,False,False,2026-09-16
1768,1768.HK,BUSYMING,鸣鸣很忙,781.19,100,Equity,Equity Securities (Main Board),361.8,363.4,366.6,357.0,386034,139.67,370.2,381.02,-2.27,-5.04,-2.37,-0.44,-4.08,465.6,465.6,465.6,465.6,465.6,-21.26,-21.26,-21.26,22.29,22.29,False,False,False,False,False,False,False,False,False,2026-09-16
1769,1769.HK,SCHOLAR EDU,思考乐教育,5.59,"1,000",Equity,Equity Securities (Main Board),0.83,0.875,0.875,0.825,378000,0.31,0.849,0.865,-2.24,-3.99,-2.92,-1.78,-4.6,2.32,7.57,26.85,2.32,7.57,-62.28,-88.44,-96.74,64.22,89.04,False,False,False,False,False,False,False,False,False,2026-09-16
1770,1770.HK,DKE,东方科脉,42.48,50,Equity,Equity Securities (Main Board),83.0,80.3,87.0,78.55,44050,3.66,78.78,74.625,5.36,11.22,2.47,3.56,22.24,119.5,119.5,119.5,119.5,119.5,-27.2,-27.2,-27.2,30.54,30.54,False,False,False,False,False,False,False,False,False,2026-09-16
1771,1771.HK,SUNFONDA GP,新丰泰集团,1.04,"1,000",Equity,Equity Securities (Main Board),0.173,0.173,0.173,0.173,10000,0.0,0.171,0.171,1.41,1.41,1.76,1.76,1.76,0.35,0.93,3.68,0.35,0.93,-50.57,-81.4,-95.3,50.57,81.4,False,False,False,False,False,False,False,False,False,2026-09-16
1772,1772.HK,GANFENGLITHIUM,赣锋锂业,162.71,200,Equity,Equity Securities (Main Board),33.68,33.06,33.8,31.8,8483300,285.72,34.28,35.6,-1.75,-5.39,2.0,-2.83,-8.97,91.2,91.2,132.14,91.2,91.2,-62.94,-62.94,-74.42,63.07,63.07,False,False,False,False,False,False,False,False,False,2026-09-16
1773,1773.HK,TIANLI INT HLDG,天立国际控股,17.33,"1,000",Equity,Equity Securities (Main Board),0.83,0.85,0.855,0.82,3531000,2.93,0.873,0.932,-4.93,-10.99,0.0,-5.14,-1.78,2.93,5.98,10.68,2.93,5.98,-70.82,-85.7,-91.99,71.67,86.12,False,False,False,False,False,False,False,False,False,2026-09-16
1775,1775.HK,BEXCELLENT GP,精英汇集团,1.84,"4,000",Equity,Equity Securities (Main Board),0.345,0.34,0.345,0.34,24000,0.01,0.339,0.338,1.77,2.07,0.0,4.55,4.55,0.69,0.69,1.45,0.69,0.69,-50.0,-50.0,-76.21,50.0,50.0,False,False,False,False,False,False,False,False,False,2026-09-16
1776,1776.HK,GF SEC,广发证券,332.11,200,Equity,Equity Securities (Main Board),17.29,17.17,17.44,16.75,10529062,182.05,17.632,17.967,-1.94,-3.77,-0.4,-2.7,-4.74,19.83,21.4,21.4,19.83,21.4,-12.05,-18.5,-18.5,12.81,19.21,False,False,False,False,False,False,False,False,False,2026-09-16
1777,1777.HK,FANTASIA-NEW,花样年控股（新）,2.29,"5,000",Equity,Equity Securities (Main Board),0.063,0.066,0.069,0.063,495000,0.03,0.067,0.07,-6.25,-10.51,-7.35,-5.97,-12.5,0.5,1.5,9.6,0.5,1.5,-86.06,-95.4,-99.28,87.27,95.8,False,False,False,False,False,False,False,False,False,2026-09-16
1778,1778.HK,COLOUR LIFE,彩生活,2.83,"1,000",Equity,Equity Securities (Main Board),0.152,0.15,0.152,0.15,186000,0.03,0.15,0.149,1.6,2.15,4.11,2.01,0.0,0.3,0.47,9.25,0.3,0.47,-49.33,-67.31,-98.36,49.33,67.31,False,False,False,False,False,False,False,False,False,2026-09-16
1779,1779.HK,LONGBIO-B,天辰生物－Ｂ,73.11,50,Equity,Equity Securities (Main Board),97.4,96.65,98.95,92.35,56050,5.46,97.82,109.09,-0.43,-10.72,5.18,0.41,-14.79,165.9,165.9,165.9,165.9,165.9,-40.36,-40.36,-40.36,41.29,41.29,False,False,False,False,False,False,False,False,False,2026-09-16
1780,1780.HK,RONGZUN INT'L H,荣尊国际控股,28.52,"2,500",Equity,Equity Securities (Main Board),4.6,4.59,4.695,4.48,7270000,33.44,4.603,4.843,-0.07,-5.01,0.33,1.77,-7.72,6.73,6.73,6.73,6.73,6.73,-30.24,-30.24,-30.24,31.65,31.65,True,False,False,False,False,False,False,False,False,2026-09-16
1783,1783.HK,ENVISION GREEN,晋景新能,126.15,"1,000",Equity,Equity Securities (Main Board),4.195,4.26,4.325,4.135,7326000,30.73,4.245,4.297,-1.18,-2.39,-1.53,-1.87,-4.88,6.42,8.51,8.51,6.42,8.51,-32.63,-49.18,-49.18,34.66,50.71,False,False,False,False,False,False,False,False,False,2026-09-16
1785,1785.HK,CHENGDU EXPWAY,成都高速,8.8,"1,000",Equity,Equity Securities (Main Board),1.93,1.93,1.93,1.93,54000,0.1,1.991,2.006,-3.06,-3.76,-3.5,-3.5,-4.69,2.18,2.49,2.49,2.18,2.49,-11.47,-22.49,-22.49,11.47,22.49,False,False,False,False,False,False,False,False,False,2026-09-16
1786,1786.HK,CRCCE,铁建装备,3.67,500,Equity,Equity Securities (Main Board),0.69,0.685,0.69,0.68,295500,0.2,0.697,0.705,-1.0,-2.2,0.0,-2.82,-2.13,0.95,1.05,3.91,0.95,1.05,-27.37,-34.29,-82.35,27.37,34.29,False,False,False,False,False,False,False,False,False,2026-09-16
1787,1787.HK,SD GOLD,山东黄金,244.69,250,Equity,Equity Securities (Main Board),24.58,23.44,24.66,23.14,23173000,569.59,24.316,25.204,1.09,-2.48,5.22,0.74,-4.58,54.45,54.45,54.45,54.45,54.45,-54.71,-54.71,-54.71,54.86,54.86,False,False,False,False,False,False,False,False,False,2026-09-16
1788,1788.HK,GUOTAI JUNAN I,国泰君安国际,276.37,"1,000",Equity,Equity Securities (Main Board),2.9,2.89,2.9,2.88,25175506,73.01,2.888,2.884,0.42,0.55,0.35,0.69,0.52,3.59,7.07,7.07,3.59,7.07,-19.22,-58.98,-58.98,19.22,58.98,True,False,False,True,False,False,False,False,False,2026-09-16
1789,1789.HK,AK MEDICAL,爱康医疗,52.31,"2,000",Equity,Equity Securities (Main Board),4.855,4.89,4.89,4.755,3376540,16.39,4.899,4.927,-0.9,-1.46,-0.51,-1.22,-1.02,7.15,7.99,27.65,7.15,7.99,-31.61,-38.8,-82.31,32.1,39.24,False,False,False,False,False,False,False,False,False,2026-09-16
1792,1792.HK,CMON,CMON,3.2,"2,000",Equity,Equity Securities (Main Board),1.29,1.15,1.495,1.15,1542285,1.99,1.16,1.057,11.21,22.1,17.27,7.95,29.65,4.0,4.0,150.5,4.0,4.0,-62.62,-62.62,-99.01,67.75,67.75,False,False,False,False,False,False,False,False,False,2026-09-16
1793,1793.HK,WECON HOLDINGS,伟工控股,14.88,"4,000",Equity,Equity Securities (Main Board),1.86,1.67,1.94,1.555,6352000,11.81,1.408,1.221,32.1,52.33,15.53,61.04,65.33,1.62,1.62,1.62,1.94,1.94,19.75,19.75,19.75,4.12,4.12,True,False,False,False,True,True,True,True,True,2026-09-16
1796,1796.HK,METASPACEX,中国数智科技,1.34,"2,000",Equity,Equity Securities (Main Board),0.28,0.315,0.315,0.275,2680000,0.75,0.33,0.355,-15.15,-21.13,-11.11,-21.13,-22.22,3.65,5.5,5.5,3.65,5.5,-91.37,-94.27,-94.27,92.33,94.91,False,False,False,False,False,False,False,False,False,2026-09-16
1797,1797.HK,EAST BUY,东方甄选,268.53,500,Equity,Equity Securities (Main Board),25.48,26.3,26.3,24.7,8100000,206.39,25.288,25.764,0.76,-1.1,-1.85,6.61,0.16,33.0,53.7,75.55,33.0,53.7,-20.3,-51.02,-65.19,22.79,52.55,False,False,False,False,False,False,False,False,False,2026-09-16
1798,1798.HK,DATANG RENEW,大唐新能源,26.39,"1,000",Equity,Equity Securities (Main Board),1.055,1.01,1.075,1.01,10711602,11.3,1.072,1.086,-1.59,-2.85,2.43,-1.86,-7.86,2.15,2.82,4.41,2.15,2.82,-50.0,-61.88,-75.62,50.93,62.59,False,False,False,False,False,False,False,False,False,2026-09-16
1799,1799.HK,XINTE ENERGY,新特能源,13.45,400,Equity,Equity Securities (Main Board),3.575,3.555,3.575,3.455,1382800,4.94,3.662,3.786,-2.38,-5.56,1.85,-3.64,-8.68,8.22,16.36,31.3,8.22,16.36,-56.51,-78.15,-88.58,56.51,78.15,False,False,False,False,False,False,False,False,False,2026-09-16
1800,1800.HK,CHINA COMM CONS,中国交通建设,152.0,"1,000",Equity,Equity Securities (Main Board),3.44,3.45,3.45,3.415,4962000,17.07,3.472,3.501,-0.92,-1.74,-0.29,-1.85,-2.55,5.26,6.11,11.74,5.26,6.11,-34.41,-43.54,-70.61,34.6,43.7,False,False,False,False,False,False,False,False,False,2026-09-16
1801,1801.HK,INNOVENT BIO,信达生物,1641.9,500,Equity,Equity Securities (Main Board),94.1,95.0,95.45,93.85,6239593,587.15,94.77,97.855,-0.71,-3.84,-0.95,0.59,-4.18,112.7,112.7,112.7,112.7,112.7,-15.31,-15.31,-15.31,16.5,16.5,False,False,False,False,False,False,False,False,False,2026-09-16
1808,1808.HK,ENTERPRISE DEV,企展控股,4.53,"2,000",Equity,Equity Securities (Main Board),1.85,1.9,1.9,1.85,70000,0.13,1.914,2.013,-3.34,-8.07,-1.86,-7.27,-4.64,3.24,5.55,34.95,3.24,5.55,-41.36,-65.77,-94.56,42.9,66.67,False,False,False,False,False,False,False,False,False,2026-09-16
1809,1809.HK,PRINX CHENGSHAN,浦林成山,43.75,500,Equity,Equity Securities (Main Board),6.85,6.8,6.85,6.76,44500,0.3,6.795,6.983,0.81,-1.9,1.03,2.01,-2.14,8.36,9.54,9.55,8.36,9.54,-18.06,-28.2,-28.27,18.06,28.2,False,False,False,False,False,False,False,False,False,2026-09-16
1810,1810.HK,XIAOMI-W,小米集团－Ｗ,5584.27,200,Equity,Equity Securities (Main Board),26.18,26.5,26.66,25.92,74217545,1943.02,26.424,26.88,-0.92,-2.6,-1.21,-0.68,-0.76,40.6,61.45,61.45,40.6,61.45,-34.33,-56.62,-56.62,35.52,57.4,False,False,False,False,False,False,False,False,False,2026-09-16
1811,1811.HK,CGN NEW ENERGY,中广核新能源,90.95,"2,000",Equity,Equity Securities (Main Board),2.12,2.13,2.14,2.12,2608000,5.53,2.148,2.142,-1.3,-1.0,-0.47,-1.85,-2.08,3.0,3.23,8.99,3.0,3.23,-28.67,-33.75,-76.2,29.33,34.37,False,False,False,False,False,False,False,False,False,2026-09-16
1812,1812.HK,CHENMING PAPER,晨鸣纸业,3.2,500,Equity,Equity Securities (Main Board),0.605,0.6,0.605,0.59,324000,0.2,0.614,0.621,-1.47,-2.58,0.83,-1.63,-9.7,1.34,2.49,10.8,1.34,2.49,-54.85,-75.7,-94.4,54.85,75.7,False,False,False,False,False,False,False,False,False,2026-09-16
1813,1813.HK,KWG GROUP,合景泰富集团,3.21,500,Equity,Equity Securities (Main Board),0.094,0.095,0.095,0.094,225000,0.02,0.093,0.095,0.64,-0.84,1.08,1.08,-2.08,0.28,1.2,14.18,0.28,1.2,-66.07,-92.08,-99.33,66.43,92.17,False,False,False,False,False,False,False,False,False,2026-09-16
1815,1815.HK,EVEREST GOLD,珠峰黄金,28.1,"1,000",Equity,Equity Securities (Main Board),2.01,1.91,2.02,1.89,23989000,48.22,1.945,1.969,3.34,2.08,5.79,7.2,0.5,2.89,3.06,3.06,2.89,3.06,-30.1,-33.99,-33.99,30.45,34.31,False,False,False,True,False,False,False,False,False,2026-09-16
1816,1816.HK,CGN POWER,中广核电力,335.47,"1,000",Equity,Equity Securities (Main Board),3.005,3.05,3.055,2.98,50455121,151.62,3.057,3.066,-1.7,-1.99,-0.99,-1.96,-3.22,3.77,3.77,3.77,3.77,3.77,-18.97,-18.97,-18.97,20.29,20.29,False,False,False,False,False,False,False,False,False,2026-09-16
1817,1817.HK,MULSANNE GROUP,慕尚集团控股,2.52,500,Equity,Equity Securities (Main Board),0.265,0.315,0.315,0.265,40500,0.01,0.255,0.252,3.92,4.95,6.0,3.92,6.0,0.32,2.01,9.04,0.32,2.01,-1.56,-84.33,-96.52,17.19,86.82,False,False,False,False,False,False,False,False,False,2026-09-16
1818,1818.HK,ZHAOJIN MINING,招金矿业,612.04,500,Equity,Equity Securities (Main Board),21.24,20.2,21.3,20.06,16910000,359.17,21.112,21.608,0.61,-1.7,4.73,-0.28,-3.63,42.36,42.36,42.36,42.36,42.36,-49.72,-49.72,-49.72,49.86,49.86,False,False,False,False,False,False,False,False,False,2026-09-16
1822,1822.HK,CHINA WOOD INT,中木国际,2.11,"30,000",Equity,Equity Securities (Main Board),0.107,0.114,0.114,0.107,3630000,0.39,0.129,0.13,-16.8,-17.37,-11.57,-23.57,-23.57,0.18,2.2,85.0,0.18,2.2,-37.02,-94.82,-99.87,40.88,95.14,False,False,False,False,False,False,False,False,False,2026-09-16
1825,1825.HK,STERLING GP,STERLING GP,3.31,"2,000",Equity,Equity Securities (Main Board),7.985,12.65,12.83,7.0,4907750,39.19,2.397,1.699,233.12,370.12,698.5,698.5,698.5,1.49,2.47,78.0,12.83,12.83,761.07,419.43,-83.55,37.76,37.76,False,False,False,False,True,True,False,False,False,2026-09-16
1826,1826.HK,FDB HOLDINGS,丰展控股,15.94,"10,000",Equity,Equity Securities (Main Board),0.665,0.65,0.675,0.625,8440000,5.61,0.572,0.455,16.26,46.15,3.1,40.0,51.14,0.66,0.66,2.49,0.68,0.68,2.27,2.27,-72.89,1.48,1.48,True,False,False,False,True,True,False,True,True,2026-09-16
1827,1827.HK,MIRICOR,卓珈控股,3.6,"5,000",Equity,Equity Securities (Main Board),0.9,0.9,0.9,0.9,25000,0.02,0.862,0.88,4.41,2.27,0.0,11.11,1.12,0.98,1.52,5.05,0.98,1.52,-8.16,-40.79,-82.18,8.16,40.79,False,False,False,False,False,False,False,True,False,2026-09-16
1828,1828.HK,FWD,富卫集团,428.42,100,Equity,Equity Securities (Main Board),33.48,34.4,34.7,33.2,563203,18.86,33.744,33.574,-0.78,-0.28,-2.67,-0.06,-0.65,40.8,50.8,50.8,40.8,50.8,-14.95,-31.69,-31.69,17.94,34.09,False,False,False,False,False,False,False,False,False,2026-09-16
1830,1830.HK,PERFECT MEDICAL,完美医疗,15.77,"1,000",Equity,Equity Securities (Main Board),1.255,1.25,1.255,1.245,72000,0.09,1.274,1.287,-1.49,-2.49,0.8,-3.46,-4.2,1.47,3.95,10.9,1.47,3.95,-14.63,-68.23,-88.49,14.63,68.23,False,False,False,False,False,False,False,False,False,2026-09-16
1832,1832.HK,SAI LEISURE,海天地悦旅,4.97,"1,000",Equity,Equity Securities (Main Board),1.38,1.42,1.42,1.38,10000,0.01,1.395,1.345,-1.08,2.56,-1.78,-1.08,1.1,1.4,1.4,4.46,1.42,1.42,1.07,1.07,-68.16,2.82,2.82,False,False,False,False,True,True,False,True,True,2026-09-16
1833,1833.HK,PA GOODDOCTOR,平安好医生,128.82,100,Equity,Equity Securities (Main Board),5.96,5.99,5.99,5.835,9190828,54.78,6.069,6.238,-1.8,-4.46,-0.5,-2.69,-3.64,18.79,24.4,148.5,18.79,24.4,-68.12,-75.45,-95.97,68.28,75.57,False,False,False,False,False,False,False,False,False,2026-09-16
1835,1835.HK,REALWAY CAPITAL,瑞威资管,1.5,400,Equity,Equity Securities (Main Board),3.9,3.7,3.9,3.7,69600,0.27,3.638,4.069,7.2,-4.15,8.33,30.43,-13.33,5.7,5.7,5.83,5.7,5.7,-31.58,-31.58,-33.1,31.58,31.58,False,False,False,False,False,False,False,False,False,2026-09-16
1836,1836.HK,STELLA HOLDINGS,九兴控股,96.61,500,Equity,Equity Securities (Main Board),11.44,11.38,11.44,11.16,824000,9.43,11.472,11.62,-0.28,-1.55,1.42,-1.29,-2.8,15.6,19.44,19.44,15.6,19.44,-26.67,-41.15,-41.15,26.67,41.15,False,False,False,False,False,False,False,False,False,2026-09-16
1837,1837.HK,NATURAL FOOD IH,五谷磨房,30.42,"2,000",Equity,Equity Securities (Main Board),1.39,1.38,1.4,1.365,772000,1.07,1.4,1.417,-0.71,-1.91,0.36,-0.71,-2.8,1.83,1.83,2.45,1.83,1.83,-23.5,-23.5,-42.86,24.04,24.04,False,False,False,False,False,False,False,False,False,2026-09-16
1841,1841.HK,A.PLUS GROUP,优越集团控股,1.98,"10,000",Equity,Equity Securities (Main Board),0.495,0.48,0.495,0.475,270000,0.13,0.465,0.464,6.45,6.57,3.13,10.0,10.0,0.57,0.57,1.07,0.57,0.57,-13.16,-13.16,-53.74,13.16,13.16,False,False,False,False,False,False,False,False,False,2026-09-16
1842,1842.HK,GROWN UP GROUP,植华集团,0.65,"4,000",Equity,Equity Securities (Main Board),0.045,0.045,0.047,0.044,624000,0.03,0.045,0.044,0.45,2.27,-6.25,9.76,4.65,0.07,0.14,2.28,0.07,0.14,-30.88,-66.67,-97.94,33.82,68.09,False,False,True,True,False,False,False,False,False,2026-09-16
1843,1843.HK,SNACK EMPIRE,快餐帝国,2.88,"4,000",Equity,Equity Securities (Main Board),0.36,0.355,0.37,0.355,396000,0.14,0.356,0.343,1.12,4.96,1.41,1.41,-6.49,0.41,0.41,1.87,0.41,0.41,-9.76,-9.76,-80.21,12.2,12.2,False,False,False,False,False,False,False,False,False,2026-09-16
1845,1845.HK,WG ENV TECH,维港环保科技,3.33,"3,000",Equity,Equity Securities (Main Board),0.25,0.2,0.25,0.194,447000,0.11,0.224,0.202,11.61,23.76,-1.96,38.89,38.89,0.37,0.44,2.0,0.37,0.44,-32.43,-42.53,-87.5,32.43,42.53,False,False,False,True,False,False,False,False,False,2026-09-16
1847,1847.HK,GHPC,云南建投混凝土,0.56,"1,000",Equity,Equity Securities (Main Board),0.415,0.415,0.415,0.415,3000,0.0,0.414,0.421,0.24,-1.54,2.47,-1.19,0.0,0.69,1.25,3.01,0.69,1.25,-39.86,-66.8,-86.21,39.86,66.8,False,False,False,False,False,False,False,False,False,2026-09-16
1848,1848.HK,CALC,中国飞机租赁,27.26,500,Equity,Equity Securities (Main Board),3.59,3.6,3.62,3.585,218500,0.78,3.637,3.705,-1.29,-3.12,0.0,-3.23,-3.88,5.1,5.25,11.04,5.1,5.25,-29.02,-31.05,-67.21,29.61,31.62,False,False,False,False,False,False,False,False,False,2026-09-16
1850,1850.HK,BEAUTIFULLIFEGP,美好生活集团控股,0.69,"10,000",Equity,Equity Securities (Main Board),0.4,0.39,0.405,0.39,3863000,1.55,0.404,0.406,-0.99,-1.6,0.0,0.0,1.27,3.8,16.07,259.72,3.8,16.07,-89.34,-97.48,-99.84,89.47,97.51,False,False,False,False,False,False,False,False,False,2026-09-16
1851,1851.HK,GINGKO EDU,银杏教育,41.0,"2,000",Equity,Equity Securities (Main Board),8.2,8.7,9.295,8.2,580000,4.76,8.423,7.909,-2.65,3.69,-8.58,-2.55,6.63,10.2,10.2,10.2,10.2,10.2,-8.87,-8.87,-8.87,19.61,19.61,False,False,False,False,False,False,False,False,False,2026-09-16
1853,1853.HK,CHUNCHENG HEAT,春城热力,1.36,"2,500",Equity,Equity Securities (Main Board),1.165,1.07,1.165,1.07,27500,0.03,1.165,1.215,0.0,-4.12,0.0,0.0,0.0,10.51,10.51,10.51,10.51,10.51,-88.92,-88.92,-88.92,88.92,88.92,False,False,False,False,False,False,False,False,False,2026-09-16
1854,1854.HK,CHINA WANTIAN,中国万天控股,21.3,"10,000",Equity,Equity Securities (Main Board),1.045,0.995,1.04,0.995,4330000,4.52,1.014,1.06,3.06,-1.46,5.56,4.5,-0.48,1.46,1.58,3.85,1.46,1.58,-28.52,-34.18,-73.0,28.18,33.86,False,False,False,False,False,False,False,False,False,2026-09-16
1855,1855.HK,ZONQING LTD,中庆股份,1.27,"2,000",Equity,Equity Securities (Main Board),0.154,0.153,0.158,0.146,870000,0.13,0.16,0.167,-3.63,-7.84,-3.75,-4.94,-5.52,2.04,10.5,10.5,2.04,10.5,-92.25,-98.5,-98.5,92.45,98.53,False,False,False,False,False,False,False,False,False,2026-09-16
1856,1856.HK,ERNEST BOREL,依波路,6.03,"1,000",Equity,Equity Securities (Main Board),1.675,1.66,1.675,1.66,153000,0.26,1.677,1.666,-0.12,0.51,-0.3,-0.3,0.0,2.0,2.3,3.25,2.0,2.3,-16.25,-27.17,-48.46,16.25,27.17,False,False,False,False,False,False,False,False,False,2026-09-16
1857,1857.HK,CEB WATER,中国光大水务,36.91,"1,000",Equity,Equity Securities (Main Board),1.29,1.3,1.3,1.285,64000,0.08,1.299,1.307,-0.69,-1.3,0.0,-1.53,-1.53,1.71,1.73,3.0,1.71,1.73,-23.98,-24.86,-56.67,24.56,25.43,False,False,False,False,False,False,False,False,False,2026-09-16
1858,1858.HK,CHUNLI MEDICAL,春立医疗,7.47,250,Equity,Equity Securities (Main Board),7.855,7.74,7.88,7.665,587250,4.61,7.83,8.002,0.32,-1.84,1.75,-0.25,-3.26,17.07,20.82,63.0,17.07,20.82,-53.84,-62.15,-87.49,53.98,62.27,False,False,False,False,False,False,False,False,False,2026-09-16
1860,1860.HK,MOBVISTA,汇量科技,184.41,"1,000",Equity,Equity Securities (Main Board),10.83,10.78,10.9,10.25,13838668,149.87,10.294,10.177,5.21,6.42,1.21,10.74,9.01,20.64,21.62,21.62,20.64,21.62,-47.19,-49.58,-49.58,47.53,49.91,True,False,False,False,False,False,False,False,False,2026-09-16
1865,1865.HK,PENGO HLDG GP,鹏高控股集团,5.88,"12,000",Equity,Equity Securities (Main Board),0.41,0.39,0.41,0.39,33912000,13.9,0.41,0.411,0.0,-0.24,1.23,-2.38,-2.38,0.65,0.87,16.73,0.65,0.87,-36.92,-53.03,-97.55,36.92,53.03,False,False,False,False,False,False,False,False,False,2026-09-16
1866,1866.HK,CHINA XLX FERT,中国心连心化肥,126.96,"1,000",Equity,Equity Securities (Main Board),9.96,10.05,10.05,9.885,2694017,26.83,10.478,10.881,-4.94,-8.46,-0.8,-7.52,-9.37,12.98,12.98,12.98,12.98,12.98,-22.57,-22.57,-22.57,23.27,23.27,False,False,False,False,False,False,False,False,False,2026-09-16
1868,1868.HK,NEO-NEON,同方友友,3.46,"2,000",Equity,Equity Securities (Main Board),0.165,0.17,0.17,0.163,322000,0.05,0.182,0.183,-9.24,-9.59,-7.82,-14.06,-14.95,0.42,0.67,1.56,0.42,0.67,-59.52,-74.63,-89.1,60.71,75.37,False,False,False,False,False,False,False,False,False,2026-09-16
1869,1869.HK,KAFELAKU COFFEE,猫屎咖啡控股,1.03,"10,000",Equity,Equity Securities (Main Board),0.061,0.057,0.064,0.056,3920000,0.24,0.056,0.055,9.32,10.51,8.93,15.09,8.93,0.17,0.32,8.12,0.17,0.32,-61.9,-80.0,-99.21,63.69,80.94,True,False,False,False,False,False,False,False,False,2026-09-16
1870,1870.HK,GREEN POWER GP,绿色电能集团,2.54,"2,500",Equity,Equity Securities (Main Board),0.25,0.191,0.265,0.191,18025000,4.51,0.202,0.196,23.52,27.29,31.58,32.28,30.21,0.58,2.16,3.1,0.58,2.16,-54.31,-87.73,-91.45,56.9,88.43,False,False,False,True,False,False,False,False,False,2026-09-16
1871,1871.HK,CHINA ORIENTED,向中国际,1.33,"4,000",Equity,Equity Securities (Main Board),0.305,0.3,0.305,0.3,332000,0.1,0.301,0.3,1.33,1.67,1.67,0.0,3.39,0.45,0.47,1.39,0.45,0.47,-32.22,-34.41,-78.02,32.22,34.41,False,False,False,False,False,False,False,False,False,2026-09-16
1872,1872.HK,GUAN CHAO HLDGS,冠轈控股,26.65,"5,000",Equity,Equity Securities (Main Board),4.09,4.1,4.37,4.0,1140000,4.66,4.056,4.124,0.84,-0.81,3.54,1.74,-3.99,9.23,9.23,50.0,9.23,9.23,-52.65,-52.65,-91.26,55.69,55.69,False,False,False,False,False,False,False,False,False,2026-09-16
1873,1873.HK,VIVA BIOTECH,维亚生物,28.16,500,Equity,Equity Securities (Main Board),1.345,1.315,1.35,1.29,9588000,12.9,1.31,1.328,2.67,1.28,4.67,5.08,-0.37,2.86,3.27,11.64,2.86,3.27,-52.8,-58.72,-88.4,52.97,58.87,False,False,False,True,False,False,False,False,False,2026-09-16
1875,1875.HK,BIODLINK-B,东曜药业－Ｂ,29.33,400,Equity,Equity Securities (Main Board),3.795,3.8,3.83,3.675,443200,1.68,3.742,3.771,1.42,0.64,0.66,4.69,-0.13,5.87,5.87,6.43,5.87,5.87,-34.75,-34.75,-40.44,35.35,35.35,True,False,False,True,False,False,False,False,False,2026-09-16
1876,1876.HK,BUD APAC,百威亚太,772.75,100,Equity,Equity Securities (Main Board),5.835,5.87,5.935,5.76,19142694,111.7,5.803,5.881,0.55,-0.79,1.21,1.66,-3.47,8.3,17.06,32.65,8.3,17.06,-28.49,-65.21,-81.82,29.7,65.8,False,False,False,False,False,False,False,False,False,2026-09-16
1877,1877.HK,JUNSHI BIO,君实生物,44.2,200,Equity,Equity Securities (Main Board),16.98,17.24,17.26,16.76,1286372,21.84,17.052,17.475,-0.42,-2.83,-1.74,2.29,-3.74,30.8,38.64,94.0,30.8,38.64,-43.96,-55.33,-81.64,44.87,56.06,False,False,False,False,False,False,False,False,False,2026-09-16
1878,1878.HK,SOUTHGOBI,南戈壁,6.86,50,Equity,Equity Securities (Main Board),1.85,1.8,1.86,1.8,677900,1.25,1.802,1.802,2.66,2.64,2.78,2.78,1.09,2.3,6.58,6.58,2.3,6.58,-19.13,-71.73,-71.73,19.57,71.88,False,False,False,True,False,False,False,False,False,2026-09-16
1879,1879.HK,XIZHI TECH-P,曦智科技－Ｐ,206.42,15,Equity,Equity Securities (Main Board),268.6,278.6,285.8,264.2,445635,119.7,295.44,324.78,-9.08,-17.3,-1.47,-14.02,-27.68,1050.0,1050.0,1050.0,1050.0,1050.0,-72.78,-72.78,-72.78,74.42,74.42,False,False,False,False,False,False,False,False,False,2026-09-16
1880,1880.HK,CTG DUTY-FREE,中国中免,58.3,100,Equity,Equity Securities (Main Board),46.52,45.68,46.7,45.34,586880,27.3,46.672,48.095,-0.33,-3.27,1.22,-0.6,-4.79,107.0,112.8,280.0,107.0,112.8,-56.36,-58.6,-83.32,56.52,58.76,False,False,False,False,False,False,False,False,False,2026-09-16
1882,1882.HK,HAITIAN INT'L,海天国际,282.17,"1,000",Equity,Equity Securities (Main Board),17.68,17.46,17.7,17.46,1501069,26.54,17.522,17.789,0.9,-0.61,1.26,0.97,-1.61,26.2,28.9,32.55,26.2,28.9,-32.44,-38.75,-45.62,32.52,38.82,False,False,False,False,False,False,False,False,False,2026-09-16
1883,1883.HK,CITIC TELECOM,中信国际电讯,89.75,"1,000",Equity,Equity Securities (Main Board),2.425,2.39,2.435,2.38,4674000,11.33,2.397,2.403,1.17,0.92,1.46,1.89,0.41,2.86,3.29,3.61,2.86,3.29,-14.86,-25.99,-32.55,15.21,26.29,False,False,False,True,False,False,False,False,False,2026-09-16
1888,1888.HK,KB LAMINATES,建滔积层板,1496.94,500,Equity,Equity Securities (Main Board),47.5,48.2,48.54,46.4,51759958,2458.6,47.556,47.018,-0.12,1.03,-0.21,-0.84,-1.04,107.2,107.2,107.2,107.2,107.2,-54.72,-54.72,-54.72,55.69,55.69,False,False,False,False,False,False,False,False,False,2026-09-16
1890,1890.HK,CHINA KEPEI,中国科培,16.52,"2,000",Equity,Equity Securities (Main Board),0.82,0.825,0.83,0.82,136000,0.11,0.831,0.835,-1.32,-1.86,-1.2,-1.2,-2.38,1.38,2.2,7.32,1.38,2.2,-39.86,-62.27,-88.66,40.58,62.73,False,False,False,False,False,False,False,False,False,2026-09-16
1891,1891.HK,HENG HUP,兴合控股,1.9,"4,000",Equity,Equity Securities (Main Board),0.19,0.19,0.19,0.19,200000,0.04,0.187,0.187,1.71,1.6,1.06,0.0,0.53,0.21,0.25,0.44,0.21,0.25,-8.21,-22.45,-56.82,8.21,22.45,False,False,False,False,False,False,False,True,False,2026-09-16
1894,1894.HK,HANG YICK HLDGS,恒益控股,1.45,"5,000",Equity,Equity Securities (Main Board),0.62,0.62,0.62,0.6,375000,0.23,0.626,0.629,-0.96,-1.43,-0.8,0.0,-6.06,0.77,10.91,111.79,0.77,10.91,-19.48,-94.32,-99.45,19.48,94.32,False,False,False,False,False,False,False,False,False,2026-09-16
1896,1896.HK,MAOYAN ENT,猫眼娱乐,47.44,200,Equity,Equity Securities (Main Board),4.04,4.035,4.045,3.92,4176400,16.87,4.111,4.213,-1.73,-4.09,1.0,-3.12,-6.05,7.92,12.18,19.3,7.92,12.18,-48.93,-66.79,-79.04,48.99,66.83,False,False,False,False,False,False,False,False,False,2026-09-16
1898,1898.HK,CHINA COAL,中煤能源,449.68,"1,000",Equity,Equity Securities (Main Board),10.95,11.0,11.05,10.71,13175400,144.27,11.096,11.225,-1.32,-2.45,-0.82,-1.71,-5.36,15.24,15.24,15.24,15.24,15.24,-27.49,-27.49,-27.49,28.15,28.15,False,False,False,False,False,False,False,False,False,2026-09-16
1899,1899.HK,XINGDA INT'L,兴达国际,19.78,"1,000",Equity,Equity Securities (Main Board),1.03,1.03,1.045,1.03,144030,0.15,1.05,1.052,-1.9,-2.09,-0.96,-2.83,-1.9,1.6,1.7,3.97,1.6,1.7,-34.69,-38.53,-73.68,35.63,39.41,False,False,False,False,False,False,False,False,False,2026-09-16
1900,1900.HK,CHINA ITS,中国智能交通,2.75,"1,000",Equity,Equity Securities (Main Board),0.16,0.169,0.169,0.16,10000,0.0,0.171,0.173,-6.32,-7.57,-5.88,-8.57,-10.11,0.36,0.44,0.84,0.36,0.44,-53.06,-61.59,-79.88,55.56,63.64,False,False,False,False,False,False,False,False,False,2026-09-16
1901,1901.HK,FEIYANG GROUP,飞扬集团,1.37,"2,000",Equity,Equity Securities (Main Board),0.137,0.137,0.137,0.137,192000,0.03,0.141,0.15,-3.11,-8.54,-2.84,-4.86,-13.29,0.47,1.24,1.49,0.47,1.24,-71.16,-88.95,-90.81,71.16,88.95,False,False,False,False,False,False,False,False,False,2026-09-16
1903,1903.HK,JBB BUILDERS,JBB BUILDERS,11.47,"2,000",Equity,Equity Securities (Main Board),2.295,2.2,2.295,2.11,44000,0.1,2.274,2.312,0.92,-0.74,0.0,0.66,-0.65,3.8,3.8,3.8,3.8,3.8,-39.61,-39.61,-39.61,39.61,39.61,False,False,True,False,False,False,False,False,False,2026-09-16
1905,1905.HK,HAITONG UT,海通恒信,55.63,"2,000",Equity,Equity Securities (Main Board),0.96,0.99,0.995,0.95,1614142,1.55,1.009,1.04,-4.86,-7.69,-1.54,-6.8,-5.88,1.18,1.19,1.95,1.18,1.19,-16.03,-16.39,-48.97,18.99,19.33,False,False,False,False,False,False,False,False,False,2026-09-16
1906,1906.HK,BONNY HLDG,博尼控股,12.21,"10,000",Equity,Equity Securities (Main Board),0.83,0.78,0.83,0.78,7790000,6.47,0.805,0.824,3.11,0.79,4.4,8.5,0.0,0.93,0.93,0.94,0.93,0.93,-10.75,-10.75,-11.7,10.75,10.75,False,False,False,True,False,False,False,False,False,2026-09-16
1907,1907.HK,CHINA RISUN GP,中国旭阳集团,76.54,"1,000",Equity,Equity Securities (Main Board),1.8,1.76,1.81,1.76,6421000,11.56,1.831,1.87,-1.69,-3.77,1.98,-3.23,-9.55,4.24,4.24,6.48,4.24,4.24,-57.31,-57.31,-72.07,57.55,57.55,False,False,False,False,False,False,False,False,False,2026-09-16
1908,1908.HK,C&D INTL GROUP,建发国际集团,279.3,"1,000",Equity,Equity Securities (Main Board),12.06,11.84,12.14,11.47,10027000,120.93,12.078,12.325,-0.15,-2.15,1.86,-0.74,-3.9,18.47,20.5,27.8,18.47,20.5,-34.27,-40.78,-56.33,34.7,41.17,False,False,False,False,False,False,False,False,False,2026-09-16
1909,1909.HK,FIRE ROCK,火岩控股,4.03,"2,000",Equity,Equity Securities (Main Board),1.66,1.75,1.75,1.65,61200,0.1,1.779,1.828,-6.69,-9.22,-5.41,-10.27,-10.27,3.7,11.2,72.8,3.7,11.2,-52.7,-84.37,-97.6,55.14,85.18,False,False,False,False,False,False,False,False,False,2026-09-16
1910,1910.HK,SAMSONITE,新秀丽,171.02,300,Equity,Equity Securities (Main Board),12.54,12.7,12.81,12.53,4815908,60.39,12.58,12.562,-0.32,-0.18,0.08,0.32,0.08,21.98,31.6,38.6,21.98,31.6,-41.72,-59.46,-66.81,42.95,60.32,False,False,False,False,False,False,False,False,False,2026-09-16
1911,1911.HK,CR HOLDINGS,华兴资本控股,21.76,100,Equity,Equity Securities (Main Board),3.795,3.715,3.845,3.66,402000,1.53,3.818,3.797,-0.6,-0.05,2.57,-0.52,-9.21,5.17,10.02,32.15,5.17,10.02,-25.63,-61.63,-88.04,26.6,62.13,False,False,False,False,False,False,False,False,False,2026-09-16
1912,1912.HK,CONTEL,康特隆,15.47,"5,000",Equity,Equity Securities (Main Board),3.355,3.555,3.65,3.3,438000,1.47,3.55,3.314,-5.49,1.22,-5.63,-9.2,1.36,3.98,3.98,34.87,3.98,3.98,-8.41,-8.41,-89.53,15.81,15.81,False,False,False,False,False,False,False,False,False,2026-09-16
1913,1913.HK,PRADA,普拉达,990.78,100,Equity,Equity Securities (Main Board),38.72,39.0,39.88,38.52,651108,25.21,38.788,39.258,-0.18,-1.37,-1.07,0.57,-2.42,45.86,71.7,71.7,45.86,71.7,-13.04,-44.38,-44.38,15.57,46.0,False,False,False,False,False,False,False,False,False,2026-09-16
1916,1916.HK,JIANGXI BANK,江西银行,7.8,500,Equity,Equity Securities (Main Board),0.58,0.58,0.58,0.57,21000,0.01,0.581,0.588,-0.17,-1.44,0.0,0.0,-2.52,0.72,1.25,7.27,0.72,1.25,-19.44,-53.6,-92.02,19.44,53.6,False,False,False,False,False,False,False,False,False,2026-09-16
1917,1917.HK,DOUMOB,豆盟科技,1.89,"10,000",Equity,Equity Securities (Main Board),0.082,0.077,0.085,0.077,150000,0.01,0.08,0.079,3.02,3.4,6.49,1.23,5.13,0.14,0.18,0.96,0.14,0.18,-37.96,-52.25,-91.15,40.15,53.93,False,False,False,True,False,False,False,False,False,2026-09-16
1918,1918.HK,SUNAC,融创中国,109.81,"1,000",Equity,Equity Securities (Main Board),0.55,0.55,0.555,0.54,83152000,45.73,0.551,0.577,-0.18,-4.6,0.92,0.92,-5.17,1.36,5.51,48.91,1.36,5.51,-59.19,-89.93,-98.87,59.56,90.02,False,False,False,False,False,False,False,False,False,2026-09-16
1919,1919.HK,COSCO SHIP HOLD,中远海控,452.29,500,Equity,Equity Securities (Main Board),16.68,16.57,16.92,16.51,12690680,211.68,16.496,16.544,1.12,0.82,2.27,1.46,-1.24,18.04,18.04,18.04,18.04,18.04,-6.21,-6.21,-6.21,7.54,7.54,False,False,False,True,False,False,False,True,True,2026-09-16
1920,1920.HK,JUNWEA GROUP,巨美集团,2.2,"10,000",Equity,Equity Securities (Main Board),0.375,0.38,0.38,0.37,770000,0.29,0.395,0.4,-5.06,-6.37,-1.32,-8.54,-6.25,1.45,1.45,3.85,1.45,1.45,-73.79,-73.79,-90.13,74.14,74.14,False,False,False,False,False,False,False,False,False,2026-09-16
1921,1921.HK,DALIPAL HLDG,达力普控股,49.0,"2,000",Equity,Equity Securities (Main Board),3.15,3.095,3.155,3.075,628000,1.98,3.288,3.343,-4.2,-5.79,2.11,-8.03,-6.11,9.99,10.5,10.5,9.99,10.5,-68.42,-69.95,-69.95,68.47,70.0,False,False,False,False,False,False,False,False,False,2026-09-16
1925,1925.HK,KWUNGS AROMA,旷世芳香,5.02,"2,000",Equity,Equity Securities (Main Board),1.24,1.23,1.235,1.23,14000,0.02,1.235,1.25,0.4,-0.76,1.22,0.81,-1.2,1.38,1.58,1.77,1.38,1.58,-10.83,-21.84,-30.23,10.47,21.52,False,False,False,False,False,False,False,False,False,2026-09-16
1927,1927.HK,JIUJIUWANG,久久王,2.49,"5,000",Equity,Equity Securities (Main Board),0.315,0.31,0.315,0.305,345000,0.11,0.309,0.291,1.94,8.06,-1.56,0.0,12.5,0.32,0.32,0.82,0.32,0.32,-3.08,-3.08,-61.59,3.08,3.08,False,False,False,False,False,False,False,True,True,2026-09-16
1928,1928.HK,SANDS CHINA LTD,金沙中国有限公司,977.68,400,Equity,Equity Securities (Main Board),12.08,12.37,12.37,12.03,26202149,316.52,12.924,13.485,-6.53,-10.42,-5.63,-9.58,-12.4,20.14,25.85,49.35,20.14,25.85,-38.58,-52.15,-74.93,40.02,53.27,False,False,False,False,False,False,False,False,False,2026-09-16
1929,1929.HK,CHOW TAI FOOK,周大福,1113.91,200,Equity,Equity Securities (Main Board),11.29,11.36,11.36,10.95,12540971,141.59,11.506,11.804,-1.88,-4.35,1.71,-3.26,-7.0,15.55,16.95,18.54,15.55,16.95,-26.95,-32.98,-38.73,27.4,33.39,False,False,False,False,False,False,False,False,False,2026-09-16
1930,1930.HK,SHINELONG,勋龙,2.01,"4,000",Equity,Equity Securities (Main Board),0.305,0.28,0.31,0.28,88000,0.03,0.318,0.317,-4.09,-3.94,1.67,0.0,-4.69,0.46,0.51,1.82,0.46,0.51,-32.61,-39.22,-82.97,33.7,40.2,False,False,False,False,False,False,False,False,False,2026-09-16
1931,1931.HK,ETHK LABS INC.,华检医疗,7.78,"1,000",Equity,Equity Securities (Main Board),0.485,0.49,0.49,0.485,115000,0.06,0.496,0.519,-2.22,-6.46,-1.02,-3.0,-4.9,2.8,12.86,12.86,2.8,12.86,-82.5,-96.19,-96.19,82.68,96.23,False,False,False,False,False,False,False,False,False,2026-09-16
1932,1932.HK,CPM GROUP,中漆集团,1.4,"4,000",Equity,Equity Securities (Main Board),0.14,0.139,0.139,0.139,80000,0.01,0.133,0.135,5.11,4.09,7.69,4.48,4.48,0.8,0.8,0.9,0.8,0.8,-82.63,-82.63,-84.56,82.5,82.5,False,False,False,False,False,False,False,False,False,2026-09-16
1935,1935.HK,JH EDUCATION,嘉宏教育,12.17,"2,000",Equity,Equity Securities (Main Board),0.76,0.77,0.77,0.76,6000,0.0,0.801,0.828,-5.12,-8.21,-2.56,-7.32,-7.88,1.65,1.65,5.21,1.65,1.65,-53.33,-53.33,-85.22,53.94,53.94,False,False,False,False,False,False,False,False,False,2026-09-16
1937,1937.HK,JIACHEN HOLDING,佳辰控股,1.4,"5,000",Equity,Equity Securities (Main Board),0.14,0.142,0.142,0.14,100000,0.01,0.147,0.149,-4.89,-5.79,-1.41,-10.26,-9.68,0.25,1.81,1.9,0.25,1.81,-42.74,-92.15,-92.53,43.55,92.27,False,False,False,False,False,False,False,False,False,2026-09-16
1938,1938.HK,CHU KONG PIPE,珠江钢管,2.18,"1,000",Equity,Equity Securities (Main Board),0.216,0.212,0.212,0.211,13000,0.0,0.228,0.229,-5.35,-5.72,-0.46,-10.37,-4.42,0.46,0.58,1.22,0.46,0.58,-53.41,-63.45,-82.62,52.53,62.76,False,False,False,False,False,False,False,False,False,2026-09-16
1939,1939.HK,SHANGSHAN GOLD,上善黄金,2.18,"2,000",Equity,Equity Securities (Main Board),0.425,0.42,0.46,0.41,214000,0.09,0.444,0.471,-4.28,-9.77,-1.16,-7.61,-7.61,1.3,10.48,10.48,1.3,10.48,-64.62,-95.61,-95.61,67.31,95.94,False,False,False,False,False,False,False,False,False,2026-09-16
1940,1940.HK,CGII HLDGS,CGII HLDGS,14.82,"2,000",Equity,Equity Securities (Main Board),1.235,1.315,1.315,1.22,128000,0.16,1.312,1.302,-5.87,-5.11,-6.08,-8.18,-2.37,2.0,2.0,4.89,2.0,2.0,-34.25,-34.25,-73.11,38.25,38.25,False,False,False,False,False,False,False,False,False,2026-09-16
1941,1941.HK,YE XING GROUP,烨星集团,2.82,"2,000",Equity,Equity Securities (Main Board),0.695,0.67,0.695,0.67,26000,0.02,0.679,0.66,2.36,5.3,-0.71,6.11,6.11,0.7,0.7,1.88,0.7,0.7,-0.71,-0.71,-63.03,0.71,0.71,False,False,False,False,False,False,False,True,True,2026-09-16
1942,1942.HK,MOG DIGITECH,马可数字科技,1.48,"2,000",Equity,Equity Securities (Main Board),0.072,0.071,0.072,0.07,1136000,0.08,0.072,0.074,-0.28,-3.23,0.0,-1.37,-4.0,0.33,78.75,104.3,0.33,78.75,-78.18,-99.91,-99.93,78.18,99.91,False,False,False,False,False,False,False,False,False,2026-09-16
1943,1943.HK,KING'S STONE,金石控股集团,14.14,"5,000",Equity,Equity Securities (Main Board),1.205,1.18,1.225,1.17,1190000,1.43,1.209,1.222,-0.33,-1.35,-0.41,0.0,2.12,1.55,1.55,1.62,1.55,1.55,-20.97,-20.97,-24.38,22.26,22.26,False,False,False,False,False,False,False,False,False,2026-09-16
1947,1947.HK,MEIHAO GROUP,美皓集团,3.3,"5,000",Equity,Equity Securities (Main Board),0.55,0.57,0.57,0.55,550000,0.3,0.58,0.566,-5.17,-2.74,-5.98,-5.98,-0.9,0.61,0.61,0.82,0.61,0.61,-6.56,-6.56,-30.49,9.84,9.84,False,False,False,False,False,False,False,True,True,2026-09-16
1949,1949.HK,PLATT NERA,佰达国际控股,1.5,"4,000",Equity,Equity Securities (Main Board),0.65,0.65,0.65,0.65,22400,0.01,0.637,0.619,2.04,5.09,1.56,1.56,8.33,0.91,6.85,15.52,0.91,6.85,-28.57,-90.51,-95.81,28.57,90.51,False,False,False,False,False,False,False,False,False,2026-09-16
1950,1950.HK,DIWANG IND H,帝王实业控股,0.8,"4,000",Equity,Equity Securities (Main Board),0.111,0.111,0.111,0.106,304000,0.03,0.11,0.108,0.91,2.4,0.0,0.91,3.74,0.19,0.45,10.05,0.19,0.45,-41.27,-75.33,-98.9,41.27,75.33,False,False,False,True,False,False,False,False,False,2026-09-16
1951,1951.HK,JXR,锦欣生殖,56.98,500,Equity,Equity Securities (Main Board),2.125,2.11,2.14,2.07,5902500,12.54,2.116,2.152,0.43,-1.25,1.67,1.43,-4.06,2.67,4.64,24.55,2.67,4.64,-19.85,-53.88,-91.28,20.41,54.2,False,False,False,False,False,False,False,False,False,2026-09-16
1952,1952.HK,EVEREST MED,云顶新耀,91.99,500,Equity,Equity Securities (Main Board),25.98,26.2,26.5,25.7,3883667,100.9,26.952,29.478,-3.61,-11.87,-1.14,-3.13,-16.78,45.04,77.55,104.8,45.04,77.55,-41.16,-65.83,-74.71,42.32,66.5,False,False,False,False,False,False,False,False,False,2026-09-16
1953,1953.HK,SFQ GLOBAL,赛孚迅国际,15.12,"5,000",Equity,Equity Securities (Main Board),1.2,1.22,1.24,1.2,620000,0.74,1.245,1.295,-3.61,-7.34,-2.83,-4.76,-8.75,1.9,1.9,1.9,1.9,1.9,-34.74,-34.74,-34.74,36.84,36.84,False,False,False,False,False,False,False,False,False,2026-09-16
1955,1955.HK,JOHNSON HLDGS,庄臣控股,3.0,"2,000",Equity,Equity Securities (Main Board),0.6,0.63,0.63,0.59,98000,0.06,0.599,0.598,0.17,0.33,-3.23,3.45,3.45,0.75,0.75,2.16,0.75,0.75,-16.0,-16.0,-70.83,20.0,20.0,False,False,False,True,False,False,False,False,False,2026-09-16
1956,1956.HK,WENGE AI,中科闻歌,141.38,200,Equity,Equity Securities (Main Board),81.05,82.95,82.95,74.95,698200,56.59,78.12,81.55,3.75,-0.61,2.99,2.21,2.53,125.0,125.0,125.0,125.0,125.0,-33.64,-33.64,-33.64,35.16,35.16,False,False,True,False,False,False,False,False,False,2026-09-16
1957,1957.HK,MBV INTL,大人国际,1.76,"2,500",Equity,Equity Securities (Main Board),0.28,0.27,0.28,0.27,55000,0.02,0.281,0.285,-0.36,-1.93,1.82,-1.75,-5.08,0.32,1.18,2.11,0.32,1.18,-13.85,-76.27,-86.73,13.85,76.27,False,False,False,False,False,False,False,False,False,2026-09-16
1958,1958.HK,BAIC MOTOR,北京汽车,18.15,500,Equity,Equity Securities (Main Board),0.72,0.76,0.76,0.715,4930000,3.55,0.742,0.743,-2.96,-3.16,-5.26,2.86,1.41,1.99,2.82,12.58,1.99,2.82,-61.81,-73.05,-93.96,63.82,74.47,False,False,False,False,False,False,False,False,False,2026-09-16
1959,1959.HK,ZHONG JU INVEST,中聚投资,24.19,"2,000",Equity,Equity Securities (Main Board),4.565,4.48,4.6,4.45,1002000,4.57,4.602,4.494,-0.8,1.57,-0.76,-1.83,4.7,5.3,5.3,5.3,5.3,5.3,-13.21,-13.21,-13.21,13.87,13.87,False,False,False,False,False,False,False,False,False,2026-09-16
1960,1960.HK,TBKS HLDGS,TBKS HLDGS,3.8,"5,000",Equity,Equity Securities (Main Board),0.38,0.4,0.4,0.38,233000,0.09,0.371,0.368,2.43,3.26,-1.3,7.04,0.0,0.68,0.68,0.97,0.68,0.68,-41.18,-41.18,-58.76,44.12,44.12,False,False,False,False,False,False,False,False,False,2026-09-16
1963,1963.HK,BCQ,重庆银行,134.3,500,Equity,Equity Securities (Main Board),8.505,8.4,8.505,8.39,1103600,9.39,8.569,8.542,-0.75,-0.43,1.25,-1.68,1.13,8.81,8.92,8.92,8.81,8.92,-3.46,-4.65,-4.65,3.46,4.65,False,False,False,False,False,False,False,True,True,2026-09-16
1965,1965.HK,LANDSEA LIFE,朗诗绿色生活,0.53,"1,000",Equity,Equity Securities (Main Board),0.13,0.122,0.13,0.12,188000,0.02,0.132,0.132,-1.52,-1.52,-3.7,0.0,0.0,0.16,0.5,7.4,0.16,0.5,-18.75,-74.0,-98.24,18.75,74.0,False,False,False,False,False,False,False,False,False,2026-09-16
1966,1966.HK,CHINA SCE GROUP,中骏集团控股,1.9,"1,000",Equity,Equity Securities (Main Board),0.045,0.041,0.045,0.04,626000,0.03,0.046,0.047,-1.32,-3.64,-2.17,-2.17,-2.17,0.09,0.4,4.9,0.09,0.4,-50.55,-88.75,-99.08,50.55,88.75,False,False,False,False,False,False,False,False,False,2026-09-16
1967,1967.HK,CONFIDENCE IN,信恳智能,0.87,200,Equity,Equity Securities (Main Board),0.29,0.27,0.29,0.27,128200,0.04,0.294,0.294,-1.36,-1.53,-1.69,-1.69,-1.69,0.5,0.84,48.5,0.5,0.84,-41.41,-65.48,-99.4,41.41,65.48,False,False,False,False,False,False,False,False,False,2026-09-16
1969,1969.HK,CHINA CHUNLAI,中国春来,10.8,"1,000",Equity,Equity Securities (Main Board),0.9,0.905,0.925,0.89,97000,0.09,0.932,0.96,-3.43,-6.2,-1.1,-4.26,-8.63,5.59,427.0,427.0,5.59,427.0,-83.45,-99.78,-99.78,83.9,99.79,False,False,False,False,False,False,False,False,False,2026-09-16
1970,1970.HK,IMAX CHINA,IMAX CHINA,28.79,100,Equity,Equity Securities (Main Board),8.47,8.47,8.47,8.47,200,0.0,8.472,8.491,-0.02,-0.25,0.0,-0.18,-0.35,9.1,9.81,41.8,9.1,9.81,-6.92,-13.66,-79.74,6.92,13.66,False,False,False,False,False,False,False,True,False,2026-09-16
1972,1972.HK,SWIREPROPERTIES,太古地产,1381.8,200,Equity,Equity Securities (Main Board),24.0,23.96,24.0,23.6,1795180,43.08,24.268,24.424,-1.1,-1.74,0.0,-1.64,-3.38,27.18,27.18,34.65,27.18,27.18,-11.7,-11.7,-30.74,11.7,11.7,False,False,False,False,False,False,False,False,False,2026-09-16
1973,1973.HK,TIAN TU CAPITAL,天图投资,3.11,400,Equity,Equity Securities (Main Board),1.795,1.885,1.885,1.795,5200,0.01,1.899,1.875,-5.48,-4.27,-10.25,-4.27,11.49,3.55,6.8,6.8,3.55,6.8,-46.9,-72.28,-72.28,49.44,73.6,False,False,False,False,False,False,False,False,False,2026-09-16
1975,1975.HK,SUN HING PRINT,新兴印刷,2.35,"4,000",Equity,Equity Securities (Main Board),0.49,0.495,0.495,0.49,24000,0.01,0.498,0.483,-1.61,1.55,-1.01,-4.85,0.0,0.53,0.8,1.45,0.53,0.8,-6.6,-38.13,-65.86,7.55,38.75,False,False,False,False,False,False,False,True,False,2026-09-16
1978,1978.HK,LH GROUP,叙福楼集团,1.76,"2,000",Equity,Equity Securities (Main Board),0.22,0.213,0.22,0.212,60000,0.01,0.222,0.221,-0.99,-0.45,3.29,-3.08,2.8,0.37,1.13,2.12,0.37,1.13,-40.54,-80.53,-89.62,40.54,80.53,False,False,False,False,False,False,False,False,False,2026-09-16
1979,1979.HK,TEN PAO GROUP,天宝集团,15.94,"4,000",Equity,Equity Securities (Main Board),1.54,1.52,1.54,1.52,384000,0.59,1.56,1.607,-1.28,-4.17,0.0,-1.91,-6.1,3.38,3.38,3.38,3.38,3.38,-54.44,-54.44,-54.44,54.44,54.44,False,False,False,False,False,False,False,False,False,2026-09-16
1980,1980.HK,TIANGE,天鸽互动,6.75,"1,000",Equity,Equity Securities (Main Board),0.61,0.61,0.61,0.575,106000,0.06,0.627,0.639,-2.71,-4.54,0.83,-6.87,-9.63,0.85,0.85,7.9,0.85,0.85,-28.24,-28.24,-92.28,28.24,28.24,False,False,False,False,False,False,False,False,False,2026-09-16
1981,1981.HK,CATHAY GP HLDGS,华夏控股,11.25,"1,000",Equity,Equity Securities (Main Board),0.68,0.68,0.685,0.68,335000,0.23,0.681,0.684,-0.15,-0.51,-0.73,0.0,-0.73,1.11,1.99,8.96,1.11,1.99,-38.29,-65.58,-92.35,38.74,65.83,False,False,False,False,False,False,False,False,False,2026-09-16
1982,1982.HK,NAMESON HLDGS,南旋控股,17.55,"2,000",Equity,Equity Securities (Main Board),0.77,0.775,0.78,0.77,168000,0.13,0.778,0.781,-1.03,-1.41,-1.28,-1.28,-1.28,1.22,1.22,3.53,1.22,1.22,-36.07,-36.07,-77.9,36.89,36.89,False,False,False,False,False,False,False,False,False,2026-09-16
1983,1983.HK,LUZHOU BANK,泸州银行,15.74,"1,000",Equity,Equity Securities (Main Board),2.09,2.09,2.09,2.09,1000,0.0,2.066,2.043,1.16,2.3,0.0,1.95,3.47,2.58,3.96,3.96,2.58,3.96,-18.99,-47.22,-47.22,18.99,47.22,False,False,False,False,False,False,False,False,False,2026-09-16
1985,1985.HK,MICROWARE,美高域,7.97,"2,000",Equity,Equity Securities (Main Board),2.6,2.61,2.61,2.6,18000,0.05,2.609,2.697,-0.34,-3.61,-0.38,-0.57,-2.8,4.0,4.0,4.0,4.0,4.0,-34.75,-34.75,-34.75,35.0,35.0,False,False,False,False,False,False,False,False,False,2026-09-16
1986,1986.HK,TSAKER NE,彩客新能源,9.24,500,Equity,Equity Securities (Main Board),0.955,0.92,0.97,0.865,1700000,1.62,0.955,0.96,-0.0,-0.57,3.8,-0.52,-3.54,1.24,1.24,6.5,1.24,1.24,-21.77,-21.77,-85.08,22.98,22.98,False,False,False,False,False,False,False,False,False,2026-09-16
1988,1988.HK,MINSHENG BANK,民生银行,298.28,500,Equity,Equity Securities (Main Board),3.585,3.55,3.6,3.54,20902841,74.94,3.56,3.552,0.7,0.93,0.14,3.31,3.61,4.27,5.55,7.9,4.27,5.55,-15.69,-35.14,-54.43,16.04,35.41,False,False,False,True,False,False,False,False,False,2026-09-16
1989,1989.HK,DELTON,广合科技,56.3,100,Equity,Equity Securities (Main Board),122.4,123.0,123.2,118.1,1178000,144.19,122.98,122.3,-0.47,0.08,1.16,-1.92,-4.08,222.0,222.0,222.0,222.0,222.0,-44.5,-44.5,-44.5,44.86,44.86,False,False,False,False,False,False,False,False,False,2026-09-16
1991,1991.HK,TA YANG GROUP,大洋集团,1.18,"10,000",Equity,Equity Securities (Main Board),0.685,0.68,0.685,0.68,120400,0.08,0.677,0.707,1.18,-3.11,5.38,0.74,-2.14,1.02,2.49,10.27,1.02,2.49,-32.84,-72.49,-93.33,32.84,72.49,False,False,False,False,False,False,False,False,False,2026-09-16
1993,1993.HK,ASIARAY,雅仕维,2.52,500,Equity,Equity Securities (Main Board),0.52,0.45,0.52,0.44,3000,0.0,0.496,0.505,4.84,2.97,-1.89,8.33,10.64,0.85,1.67,9.7,0.85,1.67,-38.82,-68.86,-94.64,38.82,68.86,False,False,False,True,False,False,False,False,False,2026-09-16
1995,1995.HK,ES SERVICES,永升服务,29.63,"2,000",Equity,Equity Securities (Main Board),1.735,1.745,1.745,1.69,1576000,2.73,1.751,1.794,-0.91,-3.26,-0.29,-0.86,-1.14,2.08,3.06,26.05,2.08,3.06,-16.11,-42.97,-93.3,16.59,43.3,False,False,False,False,False,False,False,False,False,2026-09-16
1996,1996.HK,RSUN PPT,弘阳地产,1.04,"1,000",Equity,Equity Securities (Main Board),0.031,0.027,0.031,0.027,650000,0.02,0.03,0.031,4.73,0.65,6.9,6.9,6.9,0.05,0.32,3.62,0.05,0.32,-38.0,-90.31,-99.14,38.0,90.31,False,False,False,True,False,False,False,False,False,2026-09-16
1997,1997.HK,WHARF REIC,九龙仓置业,910.87,"1,000",Equity,Equity Securities (Main Board),30.0,29.78,30.02,29.46,3733788,112.01,30.488,30.904,-1.6,-2.93,0.74,-2.98,-5.48,34.82,34.82,65.15,34.82,34.82,-13.79,-13.79,-53.92,13.84,13.84,False,False,False,False,False,False,False,False,False,2026-09-16
1999,1999.HK,MAN WAH HLDGS,敏华控股,110.13,400,Equity,Equity Securities (Main Board),2.865,2.92,2.92,2.82,13126800,37.61,2.866,2.962,-0.03,-3.29,-1.88,3.06,-4.98,5.2,7.84,22.75,5.2,7.84,-43.85,-62.76,-87.16,44.9,63.46,False,False,False,False,False,False,False,False,False,2026-09-16
2000,2000.HK,SIM TECH,晨讯科技,6.46,"2,000",Equity,Equity Securities (Main Board),0.305,0.295,0.33,0.28,224000,0.07,0.281,0.269,8.54,13.17,5.17,10.91,17.31,0.37,0.5,0.62,0.37,0.5,-9.59,-34.0,-46.77,16.44,39.0,False,False,False,False,False,False,False,False,False,2026-09-16
2001,2001.HK,NEW HIGHER EDU,新高教集团,9.86,"1,000",Equity,Equity Securities (Main Board),0.5,0.485,0.5,0.485,1059000,0.53,0.498,0.504,0.4,-0.89,1.01,1.01,-0.99,0.97,2.8,8.52,0.97,2.8,-48.45,-82.14,-94.13,48.45,82.14,False,False,False,False,False,False,False,False,False,2026-09-16
2002,2002.HK,SUNSHINE PAPER,阳光纸业,12.78,"2,000",Equity,Equity Securities (Main Board),1.2,1.19,1.2,1.18,248000,0.3,1.144,1.129,4.9,6.34,1.69,9.09,5.26,1.45,3.33,3.63,1.45,3.33,-17.24,-63.96,-66.94,17.24,63.96,True,False,False,False,False,False,False,False,False,2026-09-16
2003,2003.HK,VCREDIT,维信金科,4.5,200,Equity,Equity Securities (Main Board),0.92,0.965,0.975,0.92,11600,0.01,0.936,0.928,-1.71,-0.86,-5.15,-2.13,1.1,2.64,4.72,22.65,2.64,4.72,-63.07,-79.34,-95.7,65.15,80.51,False,False,False,False,False,False,False,False,False,2026-09-16
2005,2005.HK,SSY GROUP,石四药集团,78.68,"2,000",Equity,Equity Securities (Main Board),2.725,2.715,2.73,2.68,3436861,9.37,2.665,2.694,2.25,1.15,0.93,4.01,1.11,3.15,5.2,9.46,3.15,5.2,-13.33,-47.5,-71.14,13.49,47.6,True,False,False,True,False,False,False,False,False,2026-09-16
2007,2007.HK,COUNTRY GARDEN,碧桂园,80.37,"1,000",Equity,Equity Securities (Main Board),0.172,0.171,0.173,0.169,86555541,14.89,0.173,0.184,-0.69,-6.42,1.18,-0.58,-7.53,0.43,1.1,17.88,0.43,1.1,-59.77,-84.27,-99.03,60.0,84.36,False,False,False,False,False,False,False,False,False,2026-09-16
2008,2008.HK,PHOENIX TV,凤凰卫视,6.69,"1,000",Equity,Equity Securities (Main Board),1.34,1.34,1.34,1.34,3000,0.0,1.362,1.353,-1.62,-1.0,-3.6,4.69,-0.74,2.02,2.9,18.0,2.02,2.9,-33.66,-53.79,-92.56,33.66,53.79,False,False,False,False,False,False,False,False,False,2026-09-16
2009,2009.HK,BBMG,金隅集团,14.27,"1,000",Equity,Equity Securities (Main Board),0.61,0.595,0.61,0.59,10055000,6.13,0.602,0.606,1.33,0.74,2.52,1.67,1.67,0.96,1.1,5.25,0.96,1.1,-36.46,-44.55,-88.38,36.46,44.55,False,False,False,True,False,False,False,False,False,2026-09-16
2012,2012.HK,SUNSHINE OIL,阳光油砂,1.2,"1,000",Equity,Equity Securities (Main Board),0.168,0.163,0.174,0.158,272000,0.05,0.165,0.172,1.69,-2.38,3.07,-1.18,-1.75,0.51,1.48,31.5,0.51,1.48,-65.88,-88.24,-99.45,67.06,88.65,False,False,False,False,False,False,False,False,False,2026-09-16
2013,2013.HK,WEIMOB INC,微盟集团,33.26,"1,000",Equity,Equity Securities (Main Board),0.805,0.815,0.825,0.785,25748180,20.73,0.821,0.881,-1.95,-8.57,-1.23,-3.01,-7.47,2.62,3.87,33.5,2.62,3.87,-68.51,-78.68,-97.54,69.27,79.2,False,False,False,False,False,False,False,False,False,2026-09-16
2015,2015.HK,LI AUTO-W,理想汽车－Ｗ,757.05,100,Equity,Equity Securities (Main Board),46.48,46.92,47.42,45.94,10591544,492.29,46.588,47.448,-0.23,-2.04,0.78,0.3,-2.39,78.9,182.9,185.5,78.9,182.9,-39.9,-74.07,-74.44,41.09,74.59,False,False,False,False,False,False,False,False,False,2026-09-16
2016,2016.HK,CZBANK,浙商银行,142.08,"1,000",Equity,Equity Securities (Main Board),2.4,2.415,2.415,2.375,4464600,10.72,2.42,2.426,-0.83,-1.07,0.0,-2.04,-0.83,2.69,3.14,4.85,2.69,3.14,-10.22,-23.09,-50.16,10.78,23.57,False,False,False,False,False,False,False,False,False,2026-09-16
2017,2017.HK,CHANHIGH,沧海控股,3.34,"2,000",Equity,Equity Securities (Main Board),0.54,0.515,0.59,0.515,172000,0.09,0.547,0.608,-1.28,-11.11,4.85,-1.82,-10.74,0.75,0.75,2.28,0.75,0.75,-21.33,-21.33,-74.12,28.0,28.0,False,False,False,False,False,False,False,False,False,2026-09-16
2018,2018.HK,AAC TECH,瑞声科技,469.11,500,Equity,Equity Securities (Main Board),40.64,40.48,40.88,39.88,2561804,104.11,41.172,41.802,-1.29,-2.78,0.4,-3.24,-4.33,50.35,54.8,185.0,50.35,54.8,-18.81,-25.4,-77.9,19.29,25.84,False,False,False,False,False,False,False,False,False,2026-09-16
2020,2020.HK,ANTA SPORTS,安踏体育,2023.38,200,Equity,Equity Securities (Main Board),72.35,73.6,73.6,71.9,6155822,445.37,72.75,74.1,-0.55,-2.36,-1.23,-0.14,-1.56,88.8,107.5,191.9,88.8,107.5,-17.12,-31.53,-61.65,18.52,32.7,False,False,False,False,False,False,False,False,False,2026-09-16
2022,2022.HK,DIGIT HOLLYWOOD,游莱互动,0.92,"4,000",Equity,Equity Securities (Main Board),0.046,0.045,0.048,0.045,1972000,0.09,0.048,0.048,-4.56,-3.97,-6.12,-6.12,2.22,0.08,0.17,1.51,0.08,0.17,-36.0,-71.93,-96.82,38.67,73.1,False,False,False,False,False,False,False,False,False,2026-09-16
2025,2025.HK,RUIFENG POWER,瑞丰动力,97.12,"2,000",Equity,Equity Securities (Main Board),12.14,12.18,12.18,12.05,400000,4.86,12.16,12.094,-0.16,0.38,-0.16,-0.49,-0.08,23.78,23.78,23.78,23.78,23.78,-48.78,-48.78,-48.78,48.95,48.95,False,False,False,False,False,False,False,False,False,2026-09-16
2026,2026.HK,PONY-W,小马智行－Ｗ,181.08,100,Equity,Equity Securities (Main Board),51.25,51.15,51.65,50.5,572500,29.34,51.69,53.645,-0.85,-4.46,0.2,-0.49,-6.9,136.9,136.9,136.9,136.9,136.9,-62.27,-62.27,-62.27,62.56,62.56,False,False,False,False,False,False,False,False,False,2026-09-16
2028,2028.HK,JOLIMARK,映美控股,31.76,"2,000",Equity,Equity Securities (Main Board),3.7,3.305,3.825,3.26,18443612,68.24,3.377,3.103,9.56,19.26,9.14,8.35,18.97,4.26,4.26,4.26,4.26,4.26,-10.11,-10.11,-10.11,13.04,13.04,False,False,True,False,False,False,False,False,False,2026-09-16
2030,2030.HK,CABBEEN,卡宾,8.56,"1,000",Equity,Equity Securities (Main Board),1.28,1.29,1.29,1.28,37000,0.05,1.288,1.286,-0.62,-0.47,-0.78,-0.78,0.0,1.55,1.95,4.32,1.55,1.95,-16.77,-33.85,-70.14,17.42,34.36,False,False,False,False,False,False,False,False,False,2026-09-16
2031,2031.HK,AUSUPREME,澳至尊,3.77,"5,000",Equity,Equity Securities (Main Board),0.495,0.5,0.5,0.495,180000,0.09,0.475,0.464,4.21,6.68,-1.98,11.24,13.79,0.52,0.52,0.71,0.52,0.52,-3.85,-3.85,-29.58,4.81,4.81,False,False,False,False,False,False,False,True,True,2026-09-16
2038,2038.HK,FIH,富智康集团,124.93,"1,000",Equity,Equity Securities (Main Board),15.95,15.88,16.06,15.21,1264934,20.18,16.244,16.429,-1.81,-2.92,0.44,-2.8,-5.84,31.46,31.46,33.4,31.46,31.46,-48.95,-48.95,-51.92,49.3,49.3,False,False,False,False,False,False,False,False,False,2026-09-16
2039,2039.HK,CIMC,中集集团,223.9,100,Equity,Equity Securities (Main Board),7.44,7.415,7.505,7.255,3181800,23.67,7.69,7.888,-3.25,-5.68,-0.27,-4.92,-9.38,12.8,12.8,12.8,12.8,12.8,-41.37,-41.37,-41.37,41.88,41.88,False,False,False,False,False,False,False,False,False,2026-09-16
2048,2048.HK,E-HOUSE ENT,易居企业控股,1.05,300,Equity,Equity Securities (Main Board),0.06,0.065,0.065,0.058,8910000,0.53,0.07,0.078,-14.53,-22.88,-7.69,-23.08,-25.93,0.13,0.6,15.34,0.13,0.6,-51.49,-89.17,-99.58,55.22,90.0,False,False,False,False,False,False,False,False,False,2026-09-16
2050,2050.HK,SANHUA,三花智控,113.32,100,Equity,Equity Securities (Main Board),23.78,23.32,23.94,23.08,5988700,142.41,24.056,24.596,-1.15,-3.32,1.97,-2.62,-6.67,41.36,46.48,46.48,41.36,46.48,-42.12,-48.49,-48.49,42.5,48.84,False,False,False,False,False,False,False,False,False,2026-09-16
2051,2051.HK,VALA,VALA,6.68,"10,000",Equity,Equity Securities (Main Board),0.41,0.385,0.41,0.38,2800000,1.15,0.395,0.393,3.8,4.46,2.5,6.49,10.81,0.73,0.87,9.55,0.73,0.87,-43.84,-52.87,-95.71,43.84,52.87,True,False,False,True,False,False,False,False,False,2026-09-16
2057,2057.HK,ZTO EXPRESS-W,中通快递－Ｗ,877.5,50,Equity,Equity Securities (Main Board),160.2,164.9,164.9,158.7,1393196,223.19,162.38,162.77,-1.34,-1.58,-0.56,-1.35,-1.72,205.6,219.0,299.0,205.6,219.0,-19.8,-24.7,-44.85,22.08,26.85,False,False,False,False,False,False,False,False,False,2026-09-16
2068,2068.HK,CHALIECO,中铝国际,6.81,"1,000",Equity,Equity Securities (Main Board),1.705,1.695,1.715,1.69,458000,0.78,1.74,1.774,-2.01,-3.86,0.59,-3.4,-6.06,3.43,3.5,4.34,3.43,3.5,-50.0,-51.0,-60.48,50.29,51.29,False,False,False,False,False,False,False,False,False,2026-09-16
2076,2076.HK,BOSS ZHIPIN-W,ＢＯＳＳ直聘－Ｗ,492.79,100,Equity,Equity Securities (Main Board),59.65,59.75,60.2,58.95,284600,16.98,61.95,64.03,-3.71,-6.84,-0.91,-6.65,-7.95,83.15,97.8,98.95,83.15,97.8,-27.6,-38.45,-39.16,28.26,39.01,False,False,False,False,False,False,False,False,False,2026-09-16
2080,2080.HK,AUX INTL,奥克斯国际,1.63,"2,000",Equity,Equity Securities (Main Board),0.33,0.35,0.35,0.32,14000,0.0,0.319,0.321,3.45,2.8,3.13,3.13,4.76,0.43,0.78,2.45,0.43,0.78,-18.6,-55.13,-85.71,23.26,57.69,False,False,False,True,False,False,False,False,False,2026-09-16
2096,2096.HK,SIMCERE PHARMA,先声药业,286.87,"1,000",Equity,Equity Securities (Main Board),11.17,11.11,11.25,11.06,2718666,30.37,11.216,11.426,-0.41,-2.24,-0.71,1.09,-3.46,14.28,15.08,15.08,14.28,15.08,-21.22,-25.4,-25.4,21.78,25.93,False,False,False,False,False,False,False,False,False,2026-09-16
2097,2097.HK,MIXUE GROUP,蜜雪集团,283.96,100,Equity,Equity Securities (Main Board),188.2,187.9,190.0,185.2,322933,60.78,191.46,197.91,-1.7,-4.91,0.16,-3.73,-5.9,464.0,618.5,618.5,464.0,618.5,-59.05,-69.28,-69.28,59.44,69.57,False,False,False,False,False,False,False,False,False,2026-09-16
2098,2098.HK,ZALL SMARTCOM,卓尔智联,9.18,"1,000",Equity,Equity Securities (Main Board),0.074,0.074,0.074,0.07,11000,0.0,0.074,0.075,-0.54,-1.07,1.37,-1.33,-2.63,0.12,0.47,11.76,0.12,0.47,-36.75,-84.42,-99.37,36.75,84.42,False,False,False,False,False,False,False,False,False,2026-09-16
2099,2099.HK,CHINAGOLDINTL,中国黄金国际,1017.2,100,Equity,Equity Securities (Main Board),256.6,249.8,256.6,245.8,1809702,464.37,259.96,261.88,-1.29,-2.02,3.72,-3.75,-7.16,280.6,280.6,280.6,280.6,280.6,-8.55,-8.55,-8.55,8.55,8.55,False,False,False,False,False,False,False,True,True,2026-09-16
2100,2100.HK,BAIOO,百奥家庭互动,7.71,"2,000",Equity,Equity Securities (Main Board),0.27,0.275,0.275,0.27,84000,0.02,0.274,0.281,-1.46,-3.91,-1.82,-1.82,-3.57,0.57,0.84,3.25,0.57,0.84,-51.75,-67.26,-91.54,52.63,67.86,False,False,False,False,False,False,False,False,False,2026-09-16
2102,2102.HK,TAK LEE MACH,德利机械,3.25,"10,000",Equity,Equity Securities (Main Board),0.325,0.325,0.325,0.325,90000,0.03,0.321,0.322,1.25,0.78,0.0,0.0,0.0,0.38,0.38,0.51,0.38,0.38,-13.33,-13.33,-36.27,13.33,13.33,False,False,False,False,False,False,False,False,False,2026-09-16
2105,2105.HK,LAEKNA-B,来凯医药－Ｂ,29.86,500,Equity,Equity Securities (Main Board),6.605,6.6,6.8,6.55,423000,2.79,6.408,6.632,3.07,-0.41,1.85,9.81,-0.53,19.36,26.45,26.45,19.36,26.45,-64.88,-74.29,-74.29,65.88,75.03,False,False,False,False,False,False,False,False,False,2026-09-16
2107,2107.HK,FIRST SERVICE,第一服务控股,4.8,"2,500",Equity,Equity Securities (Main Board),0.38,0.39,0.39,0.365,902500,0.34,0.397,0.387,-4.28,-1.68,-5.0,-5.0,-2.56,0.47,0.47,2.21,0.47,0.47,-17.89,-17.89,-82.35,20.0,20.0,False,False,False,False,False,False,False,False,False,2026-09-16
2108,2108.HK,K2 F&B,K2 F&B,3.2,"4,000",Equity,Equity Securities (Main Board),0.4,0.4,0.4,0.4,100000,0.04,0.402,0.396,-0.5,1.01,0.0,0.0,1.27,0.54,0.54,0.9,0.54,0.54,-25.93,-25.93,-55.56,25.93,25.93,False,False,False,False,False,False,False,False,False,2026-09-16
2111,2111.HK,BEST PACIFIC,超盈国际控股,27.35,"2,000",Equity,Equity Securities (Main Board),2.63,2.6,2.69,2.53,686000,1.8,2.695,2.681,-2.41,-1.9,-3.66,-0.94,-2.23,3.48,3.74,7.47,3.48,3.74,-22.7,-28.07,-63.99,24.43,29.68,False,False,False,False,False,False,False,False,False,2026-09-16
2112,2112.HK,GRACE LIFE-TECH,恩典生命科技,0.61,"2,000",Equity,Equity Securities (Main Board),0.041,0.038,0.042,0.037,870000,0.04,0.038,0.036,9.04,12.64,5.13,13.89,13.89,0.09,0.49,2.02,0.09,0.49,-54.35,-91.43,-97.92,55.43,91.63,False,False,True,False,False,False,False,False,False,2026-09-16
2116,2116.HK,JS INNOV,江苏创新,3.29,"2,000",Equity,Equity Securities (Main Board),0.685,0.68,0.695,0.68,64000,0.04,0.701,0.704,-2.28,-2.77,0.0,-3.52,-0.72,0.88,0.88,1.29,0.88,0.88,-21.02,-21.02,-46.12,22.16,22.16,False,False,False,False,False,False,False,False,False,2026-09-16
2119,2119.HK,TSIT WING INTL,捷荣国际控股,3.28,"2,000",Equity,Equity Securities (Main Board),0.455,0.455,0.455,0.45,58000,0.03,0.454,0.456,0.22,-0.11,-1.09,1.11,-1.09,0.55,0.86,2.85,0.55,0.86,-17.27,-47.09,-84.04,17.27,47.09,False,False,False,False,False,False,False,False,False,2026-09-16
2120,2120.HK,KN HOSPITAL,康宁医院,2.51,100,Equity,Equity Securities (Main Board),9.305,9.305,9.305,9.305,1500,0.01,9.539,9.706,-2.45,-4.14,0.05,-5.92,-6.01,10.19,15.9,55.0,10.19,15.9,-8.68,-41.48,-83.08,8.68,41.48,False,False,False,False,False,False,False,True,False,2026-09-16
2121,2121.HK,AINNOVATION,创新奇智,18.76,100,Equity,Equity Securities (Main Board),3.4,3.235,3.42,3.2,713398,2.43,3.445,3.692,-1.31,-7.91,5.1,0.59,-14.89,7.33,15.4,27.5,7.33,15.4,-53.34,-77.79,-87.56,53.62,77.92,False,False,False,False,False,False,False,False,False,2026-09-16
2126,2126.HK,JW THERAP-B,药明巨诺－Ｂ,8.48,500,Equity,Equity Securities (Main Board),2.035,2.045,2.105,2.015,1486000,3.02,1.998,2.003,1.85,1.6,2.01,3.83,1.75,3.18,6.44,52.8,3.18,6.44,-33.81,-67.31,-96.01,36.01,68.4,True,False,False,False,False,False,False,False,False,2026-09-16
2128,2128.HK,CHINA LESSO,中国联塑,96.95,"1,000",Equity,Equity Securities (Main Board),3.125,3.11,3.14,3.075,4024125,12.58,3.181,3.3,-1.76,-5.3,0.48,-2.19,-6.86,7.14,7.14,21.6,7.14,7.14,-56.02,-56.02,-85.46,56.23,56.23,False,False,False,False,False,False,False,False,False,2026-09-16
2129,2129.HK,LEGION CONSO,LEGION CONSO,3.19,"5,000",Equity,Equity Securities (Main Board),0.255,0.245,0.255,0.24,2855000,0.73,0.238,0.235,6.96,8.7,5.81,9.91,14.35,0.27,0.27,0.49,0.27,0.27,-5.56,-5.56,-47.42,5.56,5.56,False,False,False,False,False,False,False,True,True,2026-09-16
2130,2130.HK,CN LOGISTICS,嘉泓物流,9.51,"1,000",Equity,Equity Securities (Main Board),3.165,3.16,3.17,3.09,10000,0.03,3.142,3.121,0.73,1.41,1.77,2.1,2.1,3.47,6.55,11.26,3.47,6.55,-8.65,-51.6,-71.85,8.79,51.68,False,False,False,True,False,False,False,True,False,2026-09-16
2132,2132.HK,LANDRICH HLDG,誉燊丰控股,2.45,"8,000",Equity,Equity Securities (Main Board),0.153,0.151,0.151,0.15,64000,0.01,0.155,0.158,-1.03,-2.92,1.32,-3.77,2.68,0.18,0.42,0.48,0.18,0.42,-17.93,-64.05,-68.54,16.85,63.57,False,False,False,False,False,False,False,False,False,2026-09-16
2135,2135.HK,RAILY AESMED,瑞丽医美,0.61,"10,000",Equity,Equity Securities (Main Board),0.11,0.105,0.11,0.104,58330,0.01,0.113,0.115,-3.0,-4.43,-2.65,0.0,-9.84,0.18,0.54,4.56,0.18,0.54,-40.22,-79.76,-97.59,40.22,79.76,False,False,False,False,False,False,False,False,False,2026-09-16
2137,2137.HK,BRII-B,腾盛博药－Ｂ,6.21,500,Equity,Equity Securities (Main Board),0.86,0.925,0.925,0.85,498000,0.43,0.883,0.899,-2.6,-4.28,-1.71,-3.37,-4.44,1.7,3.5,52.6,1.7,3.5,-45.59,-73.57,-98.24,49.41,75.43,False,False,False,False,False,False,False,False,False,2026-09-16
2138,2138.HK,EC HEALTHCARE,医思健康,6.16,"1,000",Equity,Equity Securities (Main Board),0.52,0.505,0.52,0.5,708000,0.37,0.501,0.464,3.79,12.07,1.96,1.96,19.54,0.72,3.65,16.26,0.72,3.65,-27.78,-85.75,-96.8,27.78,85.75,False,False,False,False,False,False,False,False,False,2026-09-16
2139,2139.HK,BANK OF GANSU,甘肃银行,9.48,"1,000",Equity,Equity Securities (Main Board),0.25,0.25,0.25,0.25,58000,0.01,0.252,0.254,-0.79,-1.46,0.0,0.0,-1.96,0.42,0.64,3.34,0.42,0.64,-40.48,-60.94,-92.51,40.48,60.94,False,False,False,False,False,False,False,False,False,2026-09-16
2142,2142.HK,HBM HOLDINGS-B,和铂医药－Ｂ,108.14,"1,000",Equity,Equity Securities (Main Board),12.44,12.7,12.76,12.04,5546300,69.0,13.126,13.892,-5.23,-10.45,-2.28,-3.49,-13.85,17.07,17.98,17.98,17.07,17.98,-25.25,-29.03,-29.03,27.12,30.81,False,False,False,False,False,False,False,False,False,2026-09-16
2145,2145.HK,CHICMAX,上美股份,43.92,100,Equity,Equity Securities (Main Board),21.74,22.5,22.5,21.66,1394586,30.32,22.228,22.426,-2.2,-3.06,-2.42,-3.38,-4.65,81.1,104.8,104.8,81.1,104.8,-72.26,-78.53,-78.53,73.19,79.26,False,False,False,False,False,False,False,False,False,2026-09-16
2147,2147.HK,ZHENGWEI GROUP,正味集团,3.22,"4,000",Equity,Equity Securities (Main Board),0.685,0.65,0.69,0.65,220000,0.15,0.68,0.58,0.74,18.02,-7.43,5.38,31.73,1.0,58.0,58.0,1.0,58.0,-31.0,-98.81,-98.81,31.5,98.82,False,False,False,False,False,False,False,False,False,2026-09-16
2149,2149.HK,BATELAB,贝克微,5.94,100,Equity,Equity Securities (Main Board),32.98,33.08,33.76,32.0,8000,0.26,32.808,33.082,0.52,-0.31,0.0,-0.06,0.55,49.6,80.0,80.0,49.6,80.0,-31.94,-57.8,-57.8,33.51,58.78,False,False,True,False,False,False,False,False,False,2026-09-16
2150,2150.HK,NAYUKI,奈雪的茶,11.56,500,Equity,Equity Securities (Main Board),0.695,0.69,0.7,0.685,2174500,1.51,0.691,0.681,0.58,2.13,0.0,0.0,3.73,1.21,4.73,18.98,1.21,4.73,-42.15,-85.2,-96.31,42.56,85.31,False,False,False,False,False,False,False,False,False,2026-09-16
2153,2153.HK,TAT HONG EQUIP,达丰设备,10.33,"2,000",Equity,Equity Securities (Main Board),0.885,0.95,0.95,0.79,84000,0.07,0.94,0.891,-5.85,-0.67,-2.21,-8.76,-0.56,1.02,1.44,1.92,1.02,1.44,-6.86,-34.03,-50.52,13.24,38.54,False,False,False,False,False,False,False,False,False,2026-09-16
2155,2155.HK,MORIMATSU INTL,森松国际,89.12,"1,000",Equity,Equity Securities (Main Board),7.01,7.25,7.25,7.0,1563000,10.96,7.092,7.024,-1.16,-0.19,-2.5,-1.06,0.14,12.08,12.08,15.64,12.08,12.08,-39.98,-39.98,-53.64,41.97,41.97,False,False,False,False,False,False,False,False,False,2026-09-16
2156,2156.HK,C&D PROPERTY,建发物业,36.47,"1,000",Equity,Equity Securities (Main Board),2.59,2.585,2.59,2.565,142000,0.37,2.63,2.652,-1.52,-2.32,0.0,-1.52,-4.43,3.15,4.19,5.44,3.15,4.19,-17.78,-38.19,-52.39,17.78,38.19,False,False,False,False,False,False,False,False,False,2026-09-16
2157,2157.HK,LEPU BIO,乐普生物,70.64,"1,000",Equity,Equity Securities (Main Board),3.915,4.0,4.03,3.9,4303000,16.85,3.916,4.086,-0.03,-4.19,-1.76,4.82,-5.55,6.65,10.5,31.8,6.65,10.5,-39.4,-61.62,-87.33,41.13,62.71,False,False,False,False,False,False,False,False,False,2026-09-16
2158,2158.HK,YIDU TECH,医渡科技,34.99,100,Equity,Equity Securities (Main Board),3.43,3.45,3.495,3.395,2078700,7.13,3.489,3.632,-1.69,-5.55,-0.58,-2.28,-4.46,7.05,9.13,69.8,7.05,9.13,-50.43,-61.72,-94.99,51.35,62.43,False,False,False,False,False,False,False,False,False,2026-09-16
2159,2159.HK,MEDIWELCOME,麦迪卫康,5.72,"8,000",Equity,Equity Securities (Main Board),1.7,1.82,1.82,1.7,32000,0.05,1.71,1.713,-0.58,-0.73,-0.58,-1.16,-2.02,2.27,2.27,4.81,2.27,2.27,-19.82,-19.82,-62.16,25.11,25.11,False,False,False,False,False,False,False,False,False,2026-09-16
2161,2161.HK,JBM HEALTHCARE,健倍苗苗,13.69,"2,000",Equity,Equity Securities (Main Board),1.665,1.65,1.665,1.64,142000,0.24,1.669,1.743,-0.24,-4.5,0.91,-0.6,-4.86,2.83,3.43,3.43,2.83,3.43,-41.17,-51.46,-51.46,41.17,51.46,False,False,False,False,False,False,False,False,False,2026-09-16
2162,2162.HK,KEYMED BIO-B,康诺亚－Ｂ,218.82,500,Equity,Equity Securities (Main Board),73.25,74.5,75.3,72.6,1499500,109.84,73.88,76.37,-0.85,-4.09,-1.81,0.27,-4.12,89.75,89.75,89.75,89.75,89.75,-16.1,-16.1,-16.1,18.38,18.38,False,False,False,False,False,False,False,False,False,2026-09-16
2166,2166.HK,SMART-CORE,芯智控股,23.46,"2,000",Equity,Equity Securities (Main Board),4.0,3.9,4.1,3.88,246857,0.99,3.997,4.192,0.08,-4.57,2.56,-0.5,-4.65,6.95,6.95,6.95,6.95,6.95,-41.01,-41.01,-41.01,42.45,42.45,False,False,False,False,False,False,False,False,False,2026-09-16
2167,2167.HK,TI CLOUD,天润云,8.11,200,Equity,Equity Securities (Main Board),4.68,4.735,4.735,4.6,37600,0.18,4.862,4.962,-3.74,-5.68,1.74,-6.77,-8.24,5.3,8.78,15.9,5.3,8.78,-10.58,-46.07,-70.22,11.61,46.7,False,False,False,False,False,False,False,False,False,2026-09-16
2168,2168.HK,KAISA PROSPER,佳兆业美好,1.59,250,Equity,Equity Securities (Main Board),1.03,0.98,1.03,0.98,17250,0.02,1.02,1.033,0.98,-0.29,-1.44,3.0,-1.9,1.6,3.1,39.95,1.6,3.1,-35.63,-66.77,-97.42,35.63,66.77,False,False,False,False,False,False,False,False,False,2026-09-16
2169,2169.HK,CANGGANGRAILWAY,沧港铁路,21.6,"2,000",Equity,Equity Securities (Main Board),0.54,0.53,0.54,0.51,188000,0.1,0.537,0.539,0.56,0.28,0.93,0.0,0.0,0.82,3.28,3.28,0.82,3.28,-34.15,-83.51,-83.51,34.15,83.51,False,False,False,True,False,False,False,False,False,2026-09-16
2170,2170.HK,BASECARE-B,贝康医疗－Ｂ,1.12,500,Equity,Equity Securities (Main Board),1.35,1.28,1.365,1.28,5000,0.01,1.329,1.354,1.58,-0.33,4.25,0.0,-2.88,2.27,4.45,34.85,2.27,4.45,-39.87,-69.33,-96.08,40.53,69.66,False,False,False,False,False,False,False,False,False,2026-09-16
2171,2171.HK,CARSGEN-B,科济药业－Ｂ,74.46,500,Equity,Equity Securities (Main Board),12.53,12.7,12.7,12.3,1460665,18.3,12.554,12.941,-0.19,-3.18,0.4,-0.16,-6.7,28.6,28.6,57.25,28.6,28.6,-55.59,-55.59,-77.82,56.19,56.19,False,False,False,False,False,False,False,False,False,2026-09-16
2175,2175.HK,CH GENERAL EDU,中国通才教育,11.68,"1,000",Equity,Equity Securities (Main Board),2.31,2.265,2.41,2.265,90000,0.21,2.311,2.367,-0.04,-2.43,-1.49,1.32,-2.12,3.9,5.18,5.18,3.9,5.18,-38.21,-53.47,-53.47,40.77,55.41,False,False,False,False,False,False,False,False,False,2026-09-16
2176,2176.HK,CCID CONSULTING,赛迪顾问,1.01,"10,000",Equity,Equity Securities (Main Board),0.485,0.45,0.485,0.45,50000,0.02,0.479,0.475,1.25,2.21,0.0,3.19,3.19,1.68,2.13,2.13,1.68,2.13,-71.13,-77.23,-77.23,71.13,77.23,False,False,False,True,False,False,False,False,False,2026-09-16
2177,2177.HK,UNQ HOLDINGS,优趣汇控股,3.7,200,Equity,Equity Securities (Main Board),2.23,2.175,2.235,2.175,2600,0.01,2.232,2.289,-0.09,-2.56,-0.22,0.0,-2.83,3.0,3.86,12.5,3.0,3.86,-25.5,-42.1,-82.12,25.67,42.23,False,False,False,False,False,False,False,False,False,2026-09-16
2178,2178.HK,PETRO-KING,百勤油服,4.09,"1,000",Equity,Equity Securities (Main Board),0.237,0.24,0.24,0.233,1137000,0.27,0.25,0.251,-5.35,-5.65,-1.25,-8.85,-7.06,0.39,0.39,0.68,0.39,0.39,-38.46,-38.46,-64.71,39.23,39.23,False,False,False,False,False,False,False,False,False,2026-09-16
2180,2180.HK,MANPOWER GRC,万宝盛华,9.92,250,Equity,Equity Securities (Main Board),4.78,4.92,4.92,4.75,99000,0.47,4.874,4.92,-1.93,-2.85,-2.35,-2.45,-2.85,6.7,7.88,14.66,6.7,7.88,-26.57,-37.56,-66.44,28.66,39.34,False,False,False,False,False,False,False,False,False,2026-09-16
2185,2185.HK,BIOHEART-B,百心安－Ｂ,3.85,100,Equity,Equity Securities (Main Board),1.635,1.65,1.665,1.59,42900,0.07,1.663,1.725,-1.68,-5.22,1.87,-4.39,-8.91,6.46,10.77,75.55,6.46,10.77,-74.23,-84.54,-97.8,74.69,84.82,False,False,False,False,False,False,False,False,False,2026-09-16
2186,2186.HK,LUYE PHARMA,绿叶制药,70.5,500,Equity,Equity Securities (Main Board),1.765,1.795,1.795,1.745,34260000,60.47,1.796,1.842,-1.73,-4.18,-1.67,-1.94,-5.36,3.06,4.49,9.86,3.06,4.49,-41.34,-60.02,-81.8,42.32,60.69,False,False,False,False,False,False,False,False,False,2026-09-16
2187,2187.HK,ZHIXIN GP HLDG,智欣集团控股,4.13,"2,000",Equity,Equity Securities (Main Board),0.46,0.465,0.485,0.44,324000,0.15,0.437,0.426,5.26,7.85,9.52,4.55,10.84,0.99,4.31,10.2,0.99,4.31,-51.01,-88.75,-95.25,53.54,89.33,False,False,False,False,False,False,False,False,False,2026-09-16
2188,2188.HK,TITANS ENERGY,泰坦能源技术,1.09,"2,000",Equity,Equity Securities (Main Board),0.073,0.076,0.076,0.076,4000,0.0,0.072,0.072,1.96,2.1,0.0,4.29,5.8,0.19,0.33,1.58,0.19,0.33,-61.03,-76.97,-95.19,62.56,77.88,False,False,False,False,False,False,False,False,False,2026-09-16
2189,2189.HK,KATO (HK) HLDGS,嘉涛（香港）控股,4.65,"4,000",Equity,Equity Securities (Main Board),0.465,0.46,0.46,0.46,20000,0.01,0.477,0.486,-2.52,-4.22,1.09,-7.0,-3.12,0.51,0.62,0.7,0.51,0.62,-10.68,-25.81,-34.29,9.71,25.0,False,False,False,False,False,False,False,True,False,2026-09-16
2190,2190.HK,ZYLOXTB,归创通桥,66.75,500,Equity,Equity Securities (Main Board),20.68,20.44,21.36,20.44,795564,16.45,20.512,20.934,0.82,-1.21,1.17,1.57,-1.52,27.62,28.0,60.8,27.62,28.0,-22.66,-23.71,-64.87,25.13,26.14,False,False,False,False,False,False,False,False,False,2026-09-16
2192,2192.HK,MEDLIVE,医脉通,50.86,500,Equity,Equity Securities (Main Board),6.87,6.98,6.98,6.775,1246000,8.56,6.894,6.952,-0.35,-1.18,0.96,-2.69,-1.93,15.01,17.18,47.0,15.01,17.18,-53.5,-59.37,-85.15,54.23,60.01,False,False,False,False,False,False,False,False,False,2026-09-16
2193,2193.HK,MAN KING HOLD,万景控股,1.72,"4,000",Equity,Equity Securities (Main Board),0.41,0.41,0.41,0.41,124000,0.05,0.402,0.407,1.99,0.86,2.5,2.5,2.5,0.44,0.44,1.53,0.44,0.44,-6.82,-6.82,-73.2,6.82,6.82,False,False,False,False,False,False,False,True,True,2026-09-16
2196,2196.HK,FOSUN PHARMA,复星医药,91.44,500,Equity,Equity Securities (Main Board),17.14,16.78,17.26,16.78,2794729,47.9,16.806,16.827,1.99,1.86,1.24,4.96,-0.87,22.18,29.0,82.0,22.18,29.0,-22.18,-40.48,-78.95,22.72,40.9,False,False,False,True,False,False,False,False,False,2026-09-16
2197,2197.HK,CLOVER BIO-B,三叶草生物－Ｂ,25.45,500,Equity,Equity Securities (Main Board),1.96,1.94,1.975,1.9,1027500,2.01,1.959,2.034,0.05,-3.64,0.77,2.62,-8.41,3.2,3.2,14.8,3.2,3.2,-38.28,-38.28,-86.66,38.75,38.75,False,False,False,False,False,False,False,False,False,2026-09-16
2198,2198.HK,CHINA SANJIANG,中国三江化工,48.43,"1,000",Equity,Equity Securities (Main Board),4.07,3.995,4.075,3.91,1799000,7.32,4.108,4.106,-0.93,-0.86,3.69,-2.4,-3.1,5.9,5.9,5.9,5.9,5.9,-30.93,-30.93,-30.93,31.02,31.02,False,False,False,False,False,False,False,False,False,2026-09-16
2199,2199.HK,REGINA MIRACLE,维珍妮,29.44,"1,000",Equity,Equity Securities (Main Board),2.405,2.5,2.52,2.26,221167,0.53,2.507,2.561,-4.07,-6.11,-3.8,-5.69,-7.5,2.75,3.0,10.9,2.75,3.0,-8.36,-16.0,-76.88,12.55,19.83,False,False,False,False,False,False,False,False,False,2026-09-16
2202,2202.HK,CHINA VANKE,万科企业,48.76,100,Equity,Equity Securities (Main Board),2.21,2.18,2.215,2.17,8259000,18.25,2.239,2.329,-1.3,-5.11,1.38,-1.34,-7.72,4.14,14.08,42.85,4.14,14.08,-46.5,-84.27,-94.83,46.62,84.3,False,False,False,False,False,False,False,False,False,2026-09-16
2203,2203.HK,BRAINHOLE TECH,脑洞科技,0.87,"10,000",Equity,Equity Securities (Main Board),0.109,0.116,0.116,0.107,274000,0.03,0.116,0.121,-6.03,-10.29,-5.22,-9.92,-10.66,0.27,0.93,1.29,0.27,0.93,-57.04,-87.53,-91.01,59.63,88.28,False,False,False,False,False,False,False,False,False,2026-09-16
2208,2208.HK,GOLDWIND,金风科技,67.77,200,Equity,Equity Securities (Main Board),8.8,9.24,9.31,8.765,24724728,217.58,9.1,9.134,-3.3,-3.66,-4.09,-3.72,-5.07,18.49,18.49,19.82,18.49,18.49,-49.65,-49.65,-53.03,52.41,52.41,False,False,False,False,False,False,False,False,False,2026-09-16
2209,2209.HK,YESASIA HLDGS,喆丽控股,15.17,"1,000",Equity,Equity Securities (Main Board),3.62,3.67,3.67,3.55,368000,1.33,3.598,3.502,0.61,3.35,-2.16,1.97,2.84,4.19,7.45,7.45,4.19,7.45,-12.41,-50.74,-50.74,13.6,51.41,False,False,False,False,False,False,False,False,False,2026-09-16
2210,2210.HK,BEIJING JIAYE,京城佳业,0.72,400,Equity,Equity Securities (Main Board),1.955,1.95,2.21,1.945,60800,0.12,2.015,1.991,-2.98,-1.83,-2.74,-2.25,-6.46,2.77,4.89,8.4,2.77,4.89,-20.22,-54.81,-73.69,29.42,60.02,False,False,False,False,False,False,False,False,False,2026-09-16
2211,2211.HK,UNI HEALTH,大健康国际,0.78,"5,000",Equity,Equity Securities (Main Board),0.71,0.7,0.73,0.675,70000,0.05,0.71,0.686,-0.0,3.5,1.43,-1.39,8.4,5.36,5.36,41.5,5.36,5.36,-86.38,-86.38,-98.24,86.75,86.75,False,False,False,False,False,False,False,False,False,2026-09-16
2215,2215.HK,DEXIN SER GROUP,德信服务集团,1.77,"1,000",Equity,Equity Securities (Main Board),0.193,0.193,0.193,0.19,140000,0.03,0.196,0.199,-1.73,-2.92,-1.03,-1.03,-5.39,0.67,2.6,3.82,0.67,2.6,-70.98,-92.58,-94.95,70.98,92.58,False,False,False,False,False,False,False,False,False,2026-09-16
2216,2216.HK,BRONCUS-B,堃博医疗－Ｂ,3.43,500,Equity,Equity Securities (Main Board),0.65,0.62,0.65,0.61,197500,0.13,0.62,0.623,4.84,4.42,2.36,7.44,5.69,2.7,3.72,18.0,2.7,3.72,-75.93,-82.53,-96.39,75.93,82.53,False,False,True,True,False,False,False,False,False,2026-09-16
2218,2218.HK,ANDRE JUICE,安德利果汁,13.91,500,Equity,Equity Securities (Main Board),24.26,24.64,25.32,22.6,2010005,48.76,25.444,24.178,-4.65,0.34,-4.49,-5.97,-8.11,41.14,41.14,41.14,41.14,41.14,-38.45,-38.45,-38.45,41.03,41.03,False,False,False,False,False,False,False,False,False,2026-09-16
2219,2219.HK,CHAOJU EYE CARE,朝聚眼科,17.19,500,Equity,Equity Securities (Main Board),2.45,2.475,2.505,2.43,219500,0.54,2.482,2.499,-1.29,-1.96,-0.81,-2.0,-3.73,3.14,4.73,17.8,3.14,4.73,-20.22,-47.04,-85.93,21.97,48.2,False,False,False,False,False,False,False,False,False,2026-09-16
2221,2221.HK,NEW CONCEPTS,创业集团控股,1.51,"4,000",Equity,Equity Securities (Main Board),0.66,0.57,0.67,0.56,89600,0.06,0.623,0.586,5.94,12.72,0.0,8.2,24.53,1.11,8.5,53.9,1.11,8.5,-39.64,-92.12,-98.76,40.54,92.24,False,False,False,True,False,False,False,False,False,2026-09-16
2223,2223.HK,CASABLANCA,卡撒天娇,1.32,"2,000",Equity,Equity Securities (Main Board),0.51,0.48,0.51,0.48,12000,0.01,0.518,0.527,-1.54,-3.23,-1.92,-1.92,-3.77,1.05,1.05,1.72,1.05,1.05,-51.43,-51.43,-70.35,51.43,51.43,False,False,False,False,False,False,False,False,False,2026-09-16
2225,2225.HK,JINHAI MED TECH,今海医疗科技,328.01,"5,000",Equity,Equity Securities (Main Board),6.19,6.3,6.505,6.07,4614500,28.56,6.233,5.688,-0.69,8.84,-1.67,-1.75,-4.4,6.99,6.99,6.99,6.99,6.99,-6.94,-6.94,-6.94,11.44,11.44,False,False,False,False,False,False,False,False,False,2026-09-16
2226,2226.HK,HONWORLD GP,老恒和酿造,3.88,500,Equity,Equity Securities (Main Board),0.67,0.7,0.7,0.63,4500,0.0,0.67,0.671,0.0,-0.22,0.0,-0.74,3.08,0.84,1.1,5.75,0.84,1.1,-16.67,-36.36,-87.83,20.24,39.09,False,False,False,False,False,False,False,False,False,2026-09-16
2228,2228.HK,XTALPI,晶泰控股,295.81,"1,000",Equity,Equity Securities (Main Board),6.875,6.92,7.02,6.865,22422008,154.15,6.954,7.084,-1.14,-2.94,-0.72,-0.79,-5.37,14.28,16.2,16.2,14.28,16.2,-50.84,-56.67,-56.67,51.86,57.56,False,False,False,False,False,False,False,False,False,2026-09-16
2230,2230.HK,MEDIALINK GROUP,羚邦集团,3.98,"5,000",Equity,Equity Securities (Main Board),0.2,0.201,0.201,0.201,40000,0.01,0.2,0.198,0.0,1.06,0.0,0.5,0.5,0.26,0.37,0.41,0.26,0.37,-24.15,-45.68,-50.37,24.53,45.95,False,False,False,False,False,False,False,False,False,2026-09-16
2231,2231.HK,JY GRANDMARK,景业名邦集团,0.28,"1,000",Equity,Equity Securities (Main Board),0.017,0.016,0.017,0.016,15413000,0.26,0.018,0.019,-3.41,-11.46,0.0,-5.56,-10.53,0.11,1.3,3.54,0.11,1.3,-84.55,-98.69,-99.52,84.55,98.69,False,False,False,False,False,False,False,False,False,2026-09-16
2232,2232.HK,CRYSTAL INTL,晶苑国际,187.29,500,Equity,Equity Securities (Main Board),6.565,6.555,6.565,6.45,1753120,11.51,6.633,6.801,-1.03,-3.47,0.15,-1.65,-4.02,7.85,7.85,9.79,7.85,7.85,-16.37,-16.37,-32.94,16.37,16.37,False,False,False,False,False,False,False,False,False,2026-09-16
2233,2233.HK,WESTCHINACEMENT,西部水泥,98.87,"2,000",Equity,Equity Securities (Main Board),1.81,1.815,1.82,1.77,13000000,23.53,1.862,1.898,-2.79,-4.66,-0.55,-4.23,-7.65,3.83,3.83,3.83,3.83,3.83,-52.48,-52.48,-52.48,52.74,52.74,False,False,False,False,False,False,False,False,False,2026-09-16
2235,2235.HK,MICROTECH MED-B,微泰医疗－Ｂ,10.93,100,Equity,Equity Securities (Main Board),6.705,6.8,6.8,6.7,30800,0.21,6.694,6.745,0.16,-0.59,-0.96,1.59,0.68,8.28,9.17,31.7,8.28,9.17,-17.87,-25.85,-78.55,19.02,26.88,False,False,False,False,False,False,False,False,False,2026-09-16
2236,2236.HK,WISON ENGRG,惠生工程,19.99,"1,000",Equity,Equity Securities (Main Board),0.49,0.49,0.49,0.49,301000,0.15,0.498,0.475,-1.61,3.16,-2.97,0.0,1.03,0.77,0.77,1.85,0.77,0.77,-36.36,-36.36,-73.51,36.36,36.36,False,False,False,False,False,False,False,False,False,2026-09-16
2237,2237.HK,CHINA GRAPHITE,中国石墨,2.96,"10,000",Equity,Equity Securities (Main Board),0.185,0.185,0.186,0.183,140000,0.03,0.191,0.195,-3.04,-5.13,-2.63,-2.63,-8.87,0.37,36.0,36.0,0.37,36.0,-49.73,-99.48,-99.48,50.0,99.49,False,False,False,False,False,False,False,False,False,2026-09-16
2238,2238.HK,GAC GROUP,广汽集团,64.0,"2,000",Equity,Equity Securities (Main Board),2.275,2.415,2.415,2.265,32007944,72.82,2.255,2.205,0.89,3.17,-4.61,6.31,4.6,4.21,4.38,15.75,4.21,4.38,-42.64,-44.86,-84.67,45.96,48.06,False,False,False,False,False,False,False,False,False,2026-09-16
2245,2245.HK,LYGEND RESOURCE,力勤资源,94.39,200,Equity,Equity Securities (Main Board),17.14,16.81,17.37,16.56,1293000,22.16,17.238,17.553,-0.57,-2.35,2.51,2.7,-3.05,30.82,30.82,30.82,30.82,30.82,-43.64,-43.64,-43.64,44.39,44.39,False,False,False,False,False,False,False,False,False,2026-09-16
2246,2246.HK,GOGOX,快狗打车,0.77,"2,000",Equity,Equity Securities (Main Board),1.16,1.17,1.17,1.16,84600,0.1,1.18,1.166,-1.69,-0.51,-1.69,-1.69,0.0,2.49,11.2,231.5,2.49,11.2,-53.01,-89.55,-99.49,53.41,89.64,False,False,False,False,False,False,False,False,False,2026-09-16
2249,2249.HK,NEXCHIP,晶合集成,61.85,100,Equity,Equity Securities (Main Board),27.24,26.52,27.66,26.52,619500,16.88,27.284,27.434,-0.16,-0.71,2.18,-2.71,-1.45,37.0,37.0,37.0,37.0,37.0,-25.24,-25.24,-25.24,26.38,26.38,False,False,False,False,False,False,False,False,False,2026-09-16
2250,2250.HK,B.DUCK SEMK,小黄鸭德盈,3.53,"1,000",Equity,Equity Securities (Main Board),0.35,0.34,0.35,0.34,2000,0.0,0.35,0.35,0.0,0.0,0.0,0.0,0.0,0.96,1.84,2.77,0.96,1.84,-63.54,-80.98,-87.36,63.54,80.98,False,False,False,False,False,False,False,False,False,2026-09-16
2251,2251.HK,AIRDOC-B,鹰瞳科技－Ｂ,9.07,100,Equity,Equity Securities (Main Board),9.0,8.1,9.37,7.685,317300,2.86,8.582,8.495,4.87,5.94,1.29,5.94,2.27,13.77,18.38,74.95,13.77,18.38,-31.95,-49.02,-87.5,34.64,51.03,False,False,True,True,False,False,False,False,False,2026-09-16
2255,2255.HK,HAICHANG HLDG,海昌海洋公园,26.3,"1,000",Equity,Equity Securities (Main Board),0.199,0.197,0.2,0.19,3674000,0.73,0.195,0.212,2.05,-6.31,5.29,-2.93,-0.5,0.65,1.24,4.28,0.65,1.24,-69.23,-83.87,-95.33,69.38,83.95,False,False,False,False,False,False,False,False,False,2026-09-16
2256,2256.HK,ABBISKO-B,和誉－Ｂ,59.05,"1,000",Equity,Equity Securities (Main Board),8.235,8.75,8.8,8.135,940000,7.74,8.465,8.66,-2.72,-4.91,-3.23,-3.35,-6.69,14.99,19.78,19.78,14.99,19.78,-41.29,-55.51,-55.51,45.06,58.37,False,False,False,False,False,False,False,False,False,2026-09-16
2257,2257.HK,SIRNAOMICS-B,圣诺医药－Ｂ,4.35,50,Equity,Equity Securities (Main Board),3.88,3.705,3.885,3.7,18750,0.07,3.919,3.887,-1.0,-0.17,-1.15,-2.88,2.65,10.72,54.25,101.0,10.72,54.25,-63.76,-92.84,-96.15,63.81,92.85,False,False,False,False,False,False,False,False,False,2026-09-16
2258,2258.HK,WATTS INT'L,华滋国际海洋,2.56,"2,000",Equity,Equity Securities (Main Board),0.31,0.295,0.31,0.295,254000,0.08,0.297,0.301,4.38,2.99,5.08,6.9,3.33,0.7,0.7,3.9,0.7,0.7,-55.71,-55.71,-92.05,55.71,55.71,False,False,False,True,False,False,False,False,False,2026-09-16
2259,2259.HK,ZIJIN GOLD INTL,紫金黄金国际,4324.96,100,Equity,Equity Securities (Main Board),161.6,155.8,163.0,153.3,5859902,946.96,160.5,160.85,0.69,0.47,3.72,0.94,-0.98,268.0,268.0,268.0,268.0,268.0,-39.18,-39.18,-39.18,39.7,39.7,False,False,False,True,False,False,False,False,False,2026-09-16
2260,2260.HK,VANOV HOLDINGS,环龙控股,5.8,"2,000",Equity,Equity Securities (Main Board),1.2,1.2,1.2,1.2,2000,0.0,1.228,1.232,-2.28,-2.6,-2.83,-2.83,-2.83,2.18,2.92,2.92,2.18,2.92,-44.95,-58.9,-58.9,44.95,58.9,False,False,False,False,False,False,False,False,False,2026-09-16
2261,2261.HK,NASN TECH,拿森科技,99.24,100,Equity,Equity Securities (Main Board),16.68,16.47,16.75,16.07,331600,5.53,16.47,15.855,1.28,5.2,1.21,1.09,4.77,20.3,20.3,20.3,20.3,20.3,-17.49,-17.49,-17.49,17.83,17.83,False,False,False,False,False,False,False,False,False,2026-09-16
2263,2263.HK,FU SHEK FIN,富石金融,3.25,"10,000",Equity,Equity Securities (Main Board),0.325,0.33,0.33,0.315,760000,0.25,0.317,0.319,2.52,1.72,3.17,3.17,0.0,0.44,0.44,0.57,0.44,0.44,-24.14,-24.14,-42.11,25.29,25.29,False,False,False,True,False,False,False,False,False,2026-09-16
2265,2265.HK,HC ENV TECH,鸿承环保科技,11.8,"5,000",Equity,Equity Securities (Main Board),1.18,1.16,1.18,1.125,700000,0.83,1.152,1.149,2.43,2.7,1.29,3.96,1.72,1.9,1.9,1.9,1.9,1.9,-37.89,-37.89,-37.89,37.89,37.89,True,False,False,True,False,False,False,False,False,2026-09-16
2266,2266.HK,LAI SI ENT,黎氏企业,1.3,"2,000",Equity,Equity Securities (Main Board),0.325,0.345,0.345,0.325,304000,0.1,0.349,0.35,-6.88,-7.28,-8.45,-5.8,-7.14,0.48,0.49,3.3,0.48,0.49,-28.12,-29.59,-89.55,32.29,33.67,False,False,False,False,False,False,False,False,False,2026-09-16
2268,2268.HK,WUXI XDC,药明合联,949.32,500,Equity,Equity Securities (Main Board),74.85,74.2,76.6,73.8,2617229,195.9,74.19,73.85,0.89,1.35,-0.4,3.81,0.6,81.55,85.5,85.5,81.55,85.5,-6.07,-10.41,-10.41,8.22,12.46,False,False,False,True,False,False,False,True,False,2026-09-16
2269,2269.HK,WUXI BIO,药明生物,2075.47,500,Equity,Equity Securities (Main Board),49.94,49.9,50.95,49.42,29986970,1497.55,48.56,48.93,2.84,2.06,1.46,6.26,2.25,54.45,54.45,148.0,54.45,54.45,-6.43,-6.43,-65.57,8.28,8.28,True,False,False,False,False,False,False,True,True,2026-09-16
2271,2271.HK,ZHONGAN SERVICE,众安智慧生活,16.18,"2,000",Equity,Equity Securities (Main Board),2.98,3.0,3.0,2.94,280000,0.83,2.993,2.914,-0.43,2.25,0.68,1.53,7.19,3.99,6.23,6.23,3.99,6.23,-24.81,-51.85,-51.85,25.31,52.17,False,False,False,False,False,False,False,False,False,2026-09-16
2272,2272.HK,KEYTOP PARKING,科拓股份,74.83,60,Equity,Equity Securities (Main Board),76.15,75.4,78.6,71.0,102063,7.77,78.88,85.95,-3.46,-11.4,4.17,-9.88,-13.32,127.5,127.5,127.5,127.5,127.5,-38.35,-38.35,-38.35,40.27,40.27,False,False,False,False,False,False,False,False,False,2026-09-16
2273,2273.HK,GUSHENGTANG,固生堂,60.08,100,Equity,Equity Securities (Main Board),27.08,26.96,27.08,26.5,250700,6.79,26.952,27.026,0.47,0.2,0.0,2.03,0.59,32.28,52.4,60.25,32.28,52.4,-16.11,-48.32,-55.05,16.11,48.32,False,False,False,True,False,False,False,False,False,2026-09-16
2276,2276.HK,CONANT OPTICAL,康耐特光学,202.3,100,Equity,Equity Securities (Main Board),40.6,40.78,40.92,39.94,1317700,53.5,41.528,42.266,-2.23,-3.94,-0.44,-4.56,-8.02,66.5,66.5,66.5,66.5,66.5,-38.47,-38.47,-38.47,38.95,38.95,False,False,False,False,False,False,False,False,False,2026-09-16
2279,2279.HK,YONGHE MEDICAL,雍禾医疗,9.93,500,Equity,Equity Securities (Main Board),1.89,1.91,1.99,1.89,106900,0.2,1.942,2.026,-2.68,-6.69,-0.53,-3.82,-6.2,2.74,4.28,19.0,2.74,4.28,-27.37,-53.5,-89.53,31.02,55.84,False,False,False,False,False,False,False,False,False,2026-09-16
2282,2282.HK,MGM CHINA,美高梅中国,369.22,400,Equity,Equity Securities (Main Board),9.715,9.985,9.985,9.715,7869400,76.45,9.997,10.154,-2.82,-4.32,-2.95,-3.72,-7.21,13.9,17.37,25.5,13.9,17.37,-28.17,-42.52,-60.84,30.11,44.07,False,False,False,False,False,False,False,False,False,2026-09-16
2283,2283.HK,TK GROUP HLDG,东江集团控股,12.54,"2,000",Equity,Equity Securities (Main Board),1.505,1.54,1.54,1.5,354000,0.53,1.543,1.577,-2.46,-4.57,-2.27,-3.53,-5.64,2.6,2.78,7.45,2.6,2.78,-40.77,-44.6,-79.33,42.12,45.86,False,False,False,False,False,False,False,False,False,2026-09-16
2285,2285.HK,CHERVON,泉峰控股,137.59,100,Equity,Equity Securities (Main Board),27.02,26.5,27.12,26.1,6833521,184.64,24.628,22.394,9.71,20.66,2.58,9.84,35.1,27.38,30.0,71.0,27.38,30.0,-0.95,-9.6,-61.8,1.31,9.93,True,False,False,False,False,False,False,True,True,2026-09-16
2286,2286.HK,CHEN XING,辰兴发展,1.65,"1,000",Equity,Equity Securities (Main Board),0.275,0.285,0.285,0.265,29000,0.01,0.301,0.322,-8.64,-14.6,-3.51,-9.84,-20.29,0.68,2.5,3.01,0.68,2.5,-58.09,-88.6,-90.53,59.56,89.0,False,False,False,False,False,False,False,False,False,2026-09-16
2288,2288.HK,RYKADAN CAPITAL,宏基资本,0.55,"1,000",Equity,Equity Securities (Main Board),0.146,0.151,0.155,0.145,44000,0.01,0.149,0.151,-1.75,-3.44,0.0,-2.67,-3.31,0.17,0.34,1.47,0.17,0.34,-9.36,-55.07,-89.46,14.62,57.68,False,False,False,False,False,False,False,False,False,2026-09-16
2290,2290.HK,LUNG FUNG GROUP,龙丰集团,20.3,500,Equity,Equity Securities (Main Board),4.06,3.94,4.06,3.81,2513400,10.2,3.865,3.952,5.05,2.73,5.45,8.12,3.7,4.6,4.6,4.6,4.6,4.6,-11.74,-11.74,-11.74,11.74,11.74,True,False,True,True,False,False,False,False,False,2026-09-16
2291,2291.HK,SCIENTECH,心泰医疗,37.02,"1,000",Equity,Equity Securities (Main Board),10.74,11.18,11.33,10.5,204000,2.19,10.91,11.536,-1.56,-6.9,-3.07,2.38,-0.65,19.49,32.5,43.0,19.49,32.5,-41.87,-65.14,-73.65,44.89,66.95,False,False,False,False,False,False,False,False,False,2026-09-16
2293,2293.HK,BAMBOOSHEALTH,百本医护,1.45,"4,000",Equity,Equity Securities (Main Board),0.36,0.36,0.36,0.36,16000,0.01,0.376,0.38,-4.26,-5.26,-5.26,-5.26,-6.49,0.52,0.8,2.23,0.52,0.8,-30.77,-55.0,-83.86,30.77,55.0,False,False,False,False,False,False,False,False,False,2026-09-16
2295,2295.HK,MAXICITY,丰城控股,25.2,"5,000",Equity,Equity Securities (Main Board),6.3,5.81,6.4,5.8,345000,2.17,5.482,5.339,14.92,18.0,1.61,26.63,34.04,9.2,9.2,9.2,9.2,9.2,-30.43,-30.43,-30.43,31.52,31.52,True,True,False,False,False,False,False,False,False,2026-09-16
2297,2297.HK,RAINMED-B,润迈德－Ｂ,2.34,"1,000",Equity,Equity Securities (Main Board),0.167,0.162,0.178,0.162,76000,0.01,0.161,0.171,3.99,-2.4,5.03,5.03,0.6,0.31,0.92,6.1,0.31,0.92,-43.49,-80.65,-97.08,46.98,81.85,False,False,False,False,False,False,False,False,False,2026-09-16
2298,2298.HK,COSMO LADY,都市丽人,6.41,"1,000",Equity,Equity Securities (Main Board),0.285,0.29,0.29,0.285,23000,0.01,0.285,0.285,0.0,0.0,0.0,0.0,0.0,0.5,0.5,5.25,0.5,0.5,-42.0,-42.0,-94.48,43.0,43.0,False,False,False,False,False,False,False,False,False,2026-09-16
2302,2302.HK,CNNC INT'L,中核国际,16.93,"1,000",Equity,Equity Securities (Main Board),3.46,3.55,3.615,3.45,454000,1.57,3.591,3.701,-3.65,-6.51,-2.54,-4.02,-10.25,8.8,8.8,8.8,8.8,8.8,-58.92,-58.92,-58.92,60.68,60.68,False,False,False,False,False,False,False,False,False,2026-09-16
2306,2306.HK,YH ENT,乐华娱乐,16.28,"3,000",Equity,Equity Securities (Main Board),1.96,1.92,1.98,1.85,255000,0.5,1.921,1.931,2.03,1.48,2.08,3.98,-2.0,2.81,8.25,8.25,2.81,8.25,-29.54,-76.0,-76.0,30.25,76.24,False,False,False,True,False,False,False,False,False,2026-09-16
2309,2309.HK,ZO FUTURE GROUP,大象未来集团,19.01,"2,000",Equity,Equity Securities (Main Board),2.06,2.0,2.06,1.94,3677600,7.58,2.021,1.912,1.93,7.74,2.74,2.49,13.19,4.58,4.58,20.66,4.58,4.58,-55.02,-55.02,-90.03,55.02,55.02,False,False,False,False,False,False,False,False,False,2026-09-16
2310,2310.HK,TIMES UNI GP,时代环球集团,1.99,"2,000",Equity,Equity Securities (Main Board),0.182,0.18,0.18,0.18,4000,0.0,0.182,0.186,0.0,-2.15,0.0,0.55,-1.62,0.26,0.26,1.31,0.26,0.26,-30.77,-30.77,-86.26,30.0,30.0,False,False,False,False,False,False,False,False,False,2026-09-16
2312,2312.HK,LONG INV CORP,ＬＯＮＧ投资集团,1.76,"10,000",Equity,Investment Companies,0.385,0.39,0.4,0.385,260000,0.1,0.388,0.39,-0.77,-1.28,0.0,-1.28,0.0,1.28,2.79,43.59,1.28,2.79,-68.75,-85.66,-99.08,69.92,86.2,False,False,False,False,False,False,False,False,False,2026-09-16
2313,2313.HK,SHENZHOU INTL,申洲国际,518.18,100,Equity,Equity Securities (Main Board),34.48,35.32,35.46,34.3,8237037,284.01,35.3,35.932,-2.32,-4.04,-2.38,-4.17,-4.17,66.3,87.25,207.6,66.3,87.25,-46.52,-59.36,-82.92,47.99,60.48,False,False,False,False,False,False,False,False,False,2026-09-16
2314,2314.HK,LEE & MAN PAPER,理文造纸,151.4,"1,000",Equity,Equity Securities (Main Board),3.525,3.545,3.55,3.47,4314000,15.21,3.572,3.647,-1.32,-3.35,-0.14,-1.54,-6.25,4.55,4.55,10.94,4.55,4.55,-21.89,-21.89,-67.55,22.44,22.44,False,False,False,False,False,False,False,False,False,2026-09-16
2315,2315.HK,BIOCYTOGEN-B,百奥赛图－Ｂ,64.92,500,Equity,Equity Securities (Main Board),58.6,58.0,59.05,56.65,949000,55.61,57.85,59.47,1.3,-1.46,2.81,4.46,-3.86,75.3,75.3,75.3,75.3,75.3,-21.58,-21.58,-21.58,22.18,22.18,False,False,False,False,False,False,False,False,False,2026-09-16
2317,2317.HK,VEDAN INT'L,味丹国际,11.73,"4,000",Equity,Equity Securities (Main Board),0.77,0.78,0.78,0.77,20000,0.02,0.785,0.764,-1.91,0.79,0.0,-6.1,3.36,0.85,0.85,1.1,0.85,0.85,-8.24,-8.24,-29.09,9.41,9.41,False,False,False,False,False,False,False,True,True,2026-09-16
2318,2318.HK,PING AN,中国平安,3932.32,500,Equity,Equity Securities (Main Board),52.8,53.3,53.45,52.7,23582736,1245.17,53.66,54.935,-1.6,-3.89,-0.47,-2.22,-4.78,74.7,74.7,103.6,74.7,74.7,-28.45,-28.45,-48.41,29.32,29.32,False,False,False,False,False,False,False,False,False,2026-09-16
2319,2319.HK,MENGNIU DAIRY,蒙牛乳业,696.04,"1,000",Equity,Equity Securities (Main Board),17.98,18.36,18.36,17.71,8556693,153.85,18.106,18.145,-0.7,-0.91,0.06,-2.07,-1.21,19.67,27.4,53.85,19.67,27.4,-6.66,-32.99,-65.91,8.59,34.38,False,False,False,False,False,False,False,True,False,2026-09-16
2320,2320.HK,HOP FUNG GROUP,合丰集团,2.08,"2,000",Equity,Equity Securities (Main Board),0.255,0.26,0.265,0.245,1062000,0.27,0.254,0.236,0.39,7.87,-5.56,2.41,13.33,0.31,0.31,1.52,0.31,0.31,-14.52,-14.52,-82.57,17.74,17.74,False,False,False,False,False,False,False,False,False,2026-09-16
2322,2322.HK,MODERN INNO DT,新质数字,2.7,"8,000",Equity,Equity Securities (Main Board),0.061,0.061,0.061,0.061,8000,0.0,0.061,0.06,0.33,1.67,0.0,0.0,-1.61,0.16,1.2,1.31,0.16,1.2,-61.39,-94.92,-95.34,61.39,94.92,False,False,False,False,False,False,False,False,False,2026-09-16
2324,2324.HK,CAPITAL VC,首都创投,0.91,"10,000",Equity,Investment Companies,0.101,0.101,0.101,0.101,80000,0.01,0.103,0.106,-2.32,-4.99,-3.81,-3.81,-8.18,0.17,1.86,11.8,0.17,1.86,-38.79,-94.57,-99.14,38.79,94.57,False,False,False,False,False,False,False,False,False,2026-09-16
2325,2325.HK,YUNKANG GROUP,云康集团,2.83,"3,000",Equity,Equity Securities (Main Board),0.455,0.475,0.475,0.455,186000,0.08,0.483,0.499,-5.8,-8.82,-3.19,-8.08,-10.78,1.09,12.3,19.18,1.09,12.3,-56.42,-96.14,-97.52,58.26,96.3,False,False,False,False,False,False,False,False,False,2026-09-16
2326,2326.HK,NPE HOLDINGS,新源万恒控股,2.11,"10,000",Equity,Equity Securities (Main Board),0.01,0.01,0.01,0.01,220000,0.0,0.01,0.01,0.0,0.0,0.0,0.0,0.0,0.01,0.02,0.65,0.01,0.02,-9.09,-47.37,-98.46,9.09,47.37,False,False,False,False,False,False,False,True,False,2026-09-16
2327,2327.HK,MEILLEUREHEALTH,美瑞健康国际,9.17,"6,000",Equity,Equity Securities (Main Board),0.226,0.221,0.229,0.221,42000,0.01,0.226,0.232,0.09,-2.71,1.8,-1.31,-5.04,0.3,0.31,1.64,0.3,0.31,-23.67,-27.3,-86.04,24.67,28.25,False,False,False,False,False,False,False,False,False,2026-09-16
2328,2328.HK,PICC P&C,中国财险,1159.77,"2,000",Equity,Equity Securities (Main Board),16.81,16.79,16.88,16.66,11980969,201.4,16.942,17.067,-0.78,-1.51,0.12,-1.35,-0.12,17.89,19.81,19.81,17.89,19.81,-5.65,-14.79,-14.79,6.04,15.14,False,False,False,False,False,False,False,True,False,2026-09-16
2329,2329.HK,GLORY HEALTH,国瑞健康,3.96,"1,000",Equity,Equity Securities (Main Board),0.089,0.091,0.091,0.085,67000,0.01,0.098,0.101,-9.0,-12.06,7.23,-18.35,-7.29,0.15,0.25,2.84,0.15,0.25,-39.33,-63.6,-96.8,40.67,64.4,False,False,False,False,False,False,False,False,False,2026-09-16
2330,2330.HK,CHINA UPTOWN,中国上城,1.18,"8,000",Equity,Equity Securities (Main Board),0.26,0.227,0.265,0.225,480000,0.12,0.242,0.241,7.44,8.06,13.04,13.04,0.0,0.47,0.59,3.5,0.47,0.59,-43.01,-55.08,-92.43,44.09,55.93,False,False,False,True,False,False,False,False,False,2026-09-16
2331,2331.HK,LI NING,李宁,326.98,500,Equity,Equity Securities (Main Board),12.65,12.68,12.81,12.48,23505270,297.34,12.89,13.257,-1.86,-4.58,-1.17,-2.77,-5.39,23.42,36.65,108.2,23.42,36.65,-45.3,-65.05,-88.16,45.99,65.48,False,False,False,False,False,False,False,False,False,2026-09-16
2333,2333.HK,GWMOTOR,长城汽车,168.9,500,Equity,Equity Securities (Main Board),7.355,7.61,7.61,7.345,17875789,131.48,7.568,7.631,-2.81,-3.61,-3.35,-2.97,-4.04,15.27,19.86,39.0,15.27,19.86,-50.16,-61.68,-80.49,51.83,62.97,False,False,False,False,False,False,False,False,False,2026-09-16
2335,2335.HK,MICOT PHARMA-B,麦科医药－Ｂ,58.87,200,Equity,Equity Securities (Main Board),21.02,21.0,21.74,20.84,437800,9.2,21.776,24.444,-3.47,-14.01,0.29,-4.37,-19.28,45.04,45.04,45.04,45.04,45.04,-51.73,-51.73,-51.73,53.33,53.33,False,False,False,False,False,False,False,False,False,2026-09-16
2336,2336.HK,SHUOAO INTL,硕奥国际,3.54,"10,000",Equity,Equity Securities (Main Board),0.195,0.228,0.228,0.181,950000,0.19,0.225,0.235,-13.26,-16.99,-14.47,-14.47,-20.41,0.3,0.37,0.61,0.3,0.37,-24.0,-38.38,-62.62,35.0,47.3,False,False,False,False,False,False,False,False,False,2026-09-16
2337,2337.HK,UNITED STRENGTH,众诚能源,5.24,"1,000",Equity,Equity Securities (Main Board),1.4,1.35,1.42,1.35,323000,0.45,1.389,1.381,0.79,1.34,4.09,-1.75,3.32,1.78,6.47,16.16,1.78,6.47,-20.22,-78.05,-91.21,21.35,78.36,False,False,False,True,False,False,False,False,False,2026-09-16
2338,2338.HK,WEICHAI POWER,潍柴动力,574.36,"1,000",Equity,Equity Securities (Main Board),29.56,30.52,30.9,28.92,20269406,599.16,30.716,31.592,-3.76,-6.43,-2.7,-5.68,-13.11,45.44,45.44,45.44,45.44,45.44,-32.0,-32.0,-32.0,34.95,34.95,False,False,False,False,False,False,False,False,False,2026-09-16
2339,2339.HK,BWI INT'L,京西国际,70.95,"2,000",Equity,Equity Securities (Main Board),5.49,5.405,5.78,5.21,4574320,25.11,5.058,4.665,8.54,17.67,1.57,10.91,23.09,9.3,9.3,9.3,9.3,9.3,-37.85,-37.85,-37.85,40.97,40.97,True,False,False,False,False,False,False,False,False,2026-09-16
2342,2342.HK,COMBA,京信通信,22.04,"2,000",Equity,Equity Securities (Main Board),0.705,0.69,0.73,0.685,12286000,8.66,0.703,0.721,0.28,-2.29,2.17,-0.7,-2.76,2.55,3.55,3.9,2.55,3.55,-71.37,-79.44,-81.28,72.35,80.14,False,False,False,False,False,False,False,False,False,2026-09-16
2343,2343.HK,PACIFIC BASIN,太平洋航运,213.77,"1,000",Equity,Equity Securities (Main Board),4.145,4.155,4.235,4.12,16257828,67.39,4.214,4.259,-1.64,-2.68,0.12,-2.93,-6.43,4.45,4.45,4.9,4.45,4.45,-4.83,-4.83,-13.57,6.85,6.85,False,False,False,False,False,False,False,True,True,2026-09-16
2347,2347.HK,YOHO GROUP,友和集团,3.58,"2,000",Equity,Equity Securities (Main Board),0.74,0.74,0.745,0.73,194000,0.14,0.737,0.736,0.41,0.54,1.37,1.37,0.0,0.94,0.94,2.45,0.94,0.94,-20.74,-20.74,-69.59,21.28,21.28,False,False,False,True,False,False,False,False,False,2026-09-16
2348,2348.HK,DAWNRAYS PHARMA,东瑞制药,14.84,"4,000",Equity,Equity Securities (Main Board),0.985,0.98,0.985,0.98,48000,0.05,0.988,0.992,-0.3,-0.66,0.51,-1.01,0.0,1.22,1.47,2.75,1.22,1.47,-19.26,-32.99,-64.18,19.26,32.99,False,False,False,False,False,False,False,False,False,2026-09-16
2349,2349.HK,CHINA AI INFRA,中国智能基础设施,2.82,"4,000",Equity,Equity Securities (Main Board),0.09,0.086,0.093,0.086,112000,0.01,0.089,0.089,0.9,1.47,0.0,2.27,-1.1,0.2,0.2,0.65,0.2,0.2,-53.27,-53.27,-85.69,54.77,54.77,False,False,False,True,False,False,False,False,False,2026-09-16
2350,2350.HK,MTT GROUP,数科集团,6.17,"5,000",Equity,Equity Securities (Main Board),0.705,0.71,0.725,0.685,350000,0.25,0.723,0.738,-2.49,-4.41,0.0,-1.4,-10.19,1.25,1.25,1.25,1.25,1.25,-42.0,-42.0,-42.0,43.6,43.6,False,False,False,False,False,False,False,False,False,2026-09-16
2355,2355.HK,BAOYE GROUP,宝业集团,4.84,"2,000",Equity,Equity Securities (Main Board),2.85,2.84,2.85,2.81,16000,0.05,2.893,2.952,-1.49,-3.46,1.42,-3.39,-2.56,6.0,6.0,7.2,6.0,6.0,-52.5,-52.5,-60.42,52.5,52.5,False,False,False,False,False,False,False,False,False,2026-09-16
2356,2356.HK,DAHSING BANKING,大新银行集团,203.13,400,Equity,Equity Securities (Main Board),14.45,14.44,14.54,14.21,849040,12.27,14.35,14.553,0.7,-0.71,0.84,1.62,-1.43,15.45,15.45,19.4,15.45,15.45,-5.89,-5.89,-25.05,6.47,6.47,False,False,False,False,False,False,False,True,True,2026-09-16
2357,2357.HK,AVICHINA,中航科工,176.69,"1,000",Equity,Equity Securities (Main Board),2.845,2.8,2.85,2.775,14447000,41.1,2.885,2.929,-1.39,-2.87,1.43,-2.57,-5.79,4.66,5.33,8.13,4.66,5.33,-38.84,-46.53,-64.94,38.95,46.62,False,False,False,False,False,False,False,False,False,2026-09-16
2358,2358.HK,JIU RONG HOLD,久融控股,0.82,"10,000",Equity,Equity Securities (Main Board),0.015,0.015,0.015,0.014,1100000,0.02,0.015,0.015,1.35,2.74,0.0,0.0,7.14,0.04,0.04,0.33,0.04,0.04,-65.91,-65.91,-95.45,65.91,65.91,False,False,True,True,False,False,False,False,False,2026-09-16
2359,2359.HK,WUXI APPTEC,药明康德,1050.28,100,Equity,Equity Securities (Main Board),195.1,194.7,199.4,194.2,2102874,410.27,193.36,193.04,0.9,1.07,0.57,3.34,0.98,212.8,212.8,212.8,212.8,212.8,-6.3,-6.3,-6.3,8.32,8.32,False,False,False,False,False,False,False,True,True,2026-09-16
2360,2360.HK,BEST MART 360,优品３６０,16.8,"2,000",Equity,Equity Securities (Main Board),1.68,1.665,1.68,1.665,130000,0.22,1.738,1.742,-3.34,-3.59,1.82,-5.62,-6.15,2.07,2.42,4.61,2.07,2.42,-18.84,-30.58,-63.56,18.84,30.58,False,False,False,False,False,False,False,False,False,2026-09-16
2363,2363.HK,TONGDA HONG TAI,通达宏泰,0.44,"5,000",Equity,Equity Securities (Main Board),0.215,0.223,0.244,0.215,30250,0.01,0.236,0.237,-8.98,-9.32,-0.46,-14.0,-14.0,0.41,0.74,20.33,0.41,0.74,-41.2,-67.05,-98.8,48.19,70.97,False,False,False,False,False,False,False,False,False,2026-09-16
2367,2367.HK,GIANT BIOGENE,巨子生物,256.51,200,Equity,Equity Securities (Main Board),24.16,24.82,24.82,24.0,3653500,88.27,25.08,25.662,-3.67,-5.85,-1.63,-5.18,-7.22,38.0,87.1,87.1,38.0,87.1,-34.68,-71.5,-71.5,36.42,72.26,False,False,False,False,False,False,False,False,False,2026-09-16
2368,2368.HK,EAGLE NICE,鹰美,17.05,"2,000",Equity,Equity Securities (Main Board),2.97,2.895,2.98,2.895,16000,0.05,2.891,2.917,2.73,1.83,5.69,1.37,0.68,3.66,4.97,5.92,3.66,4.97,-18.58,-40.04,-49.66,18.85,40.24,False,False,False,True,False,False,False,False,False,2026-09-16
2369,2369.HK,COOLPAD GROUP,酷派集团,2.03,"4,000",Equity,Equity Securities (Main Board),0.51,0.465,0.515,0.465,427175,0.22,0.494,0.516,3.24,-1.16,4.08,8.51,6.25,1.11,3.48,61.02,1.11,3.48,-53.6,-85.2,-99.16,54.05,85.34,False,False,False,False,False,False,False,False,False,2026-09-16
2370,2370.HK,REDCO HEALTHY,力高健康生活,2.51,500,Equity,Equity Securities (Main Board),1.255,1.255,1.255,1.255,1000,0.0,1.256,1.239,-0.08,1.29,0.0,-0.4,0.0,1.76,1.76,19.48,1.76,1.76,-28.69,-28.69,-93.56,28.69,28.69,False,False,False,False,False,False,False,False,False,2026-09-16
2371,2371.HK,CHUANGLIAN HOLD,创联控股,1.27,"8,000",Equity,Equity Securities (Main Board),0.185,0.188,0.191,0.185,120000,0.02,0.195,0.196,-4.93,-5.71,-2.12,-7.5,-4.64,0.4,0.49,2.07,0.4,0.49,-51.65,-61.02,-90.77,53.16,62.24,False,False,False,False,False,False,False,False,False,2026-09-16
2372,2372.HK,WEILI HOLDINGS,伟立控股,7.8,"4,000",Equity,Equity Securities (Main Board),0.975,0.955,0.985,0.935,80000,0.08,0.997,1.005,-2.21,-3.03,0.0,-5.34,-5.34,1.45,1.45,1.45,1.45,1.45,-32.07,-32.07,-32.07,32.76,32.76,False,False,False,False,False,False,False,False,False,2026-09-16
2373,2373.HK,BEAUTYFARM MED,美丽田园医疗健康,44.84,500,Equity,Equity Securities (Main Board),18.09,18.09,18.32,17.75,27500,0.5,18.152,17.949,-0.34,0.79,0.0,0.61,1.52,29.2,41.6,41.6,29.2,41.6,-37.26,-55.96,-55.96,38.05,56.51,False,False,False,False,False,False,False,False,False,2026-09-16
2376,2376.HK,LUSHANGSERVICES,鲁商服务,0.77,500,Equity,Equity Securities (Main Board),2.3,2.3,2.3,2.3,3000,0.01,2.302,2.302,-0.09,-0.09,0.0,-0.22,-0.22,3.3,3.99,5.33,3.3,3.99,-30.3,-42.36,-56.85,30.3,42.36,False,False,False,False,False,False,False,False,False,2026-09-16
2377,2377.HK,BOQI ENV,博奇环保,6.75,"1,000",Equity,Equity Securities (Main Board),0.79,0.79,0.79,0.785,101000,0.08,0.788,0.789,0.25,0.13,0.0,0.64,0.64,1.09,1.28,2.8,1.09,1.28,-27.52,-38.28,-71.79,27.52,38.28,False,False,False,True,False,False,False,False,False,2026-09-16
2378,2378.HK,PRU,保诚,2591.39,50,Equity,Equity Securities (Main Board),104.1,102.3,104.4,102.3,45119,4.7,103.42,105.62,0.66,-1.44,2.16,0.39,-2.44,131.2,131.2,209.45,131.2,131.2,-20.43,-20.43,-50.16,20.66,20.66,False,False,False,False,False,False,False,False,False,2026-09-16
2380,2380.HK,CHINA POWER,中国电力,332.76,"1,000",Equity,Equity Securities (Main Board),2.69,2.66,2.69,2.655,14478822,38.95,2.714,2.77,-0.88,-2.87,1.32,-0.74,-5.78,3.85,4.27,5.67,3.85,4.27,-30.13,-37.0,-52.56,30.13,37.0,False,False,False,False,False,False,False,False,False,2026-09-16
2381,2381.HK,SMC ELECTRIC,蚬壳电业,7.6,"10,000",Equity,Equity Securities (Main Board),0.38,0.42,0.42,0.37,11120000,4.23,0.39,0.335,-2.56,13.33,-9.52,5.56,-3.8,0.46,0.46,0.46,0.46,0.46,-7.69,-7.69,-7.69,16.48,16.48,False,False,False,False,False,False,False,False,False,2026-09-16
2382,2382.HK,SUNNY OPTICAL,舜宇光学科技,739.09,100,Equity,Equity Securities (Main Board),68.5,68.75,68.85,66.9,4289385,293.82,68.1,68.805,0.59,-0.44,2.01,-0.87,-1.58,87.6,96.15,259.4,87.6,96.15,-21.4,-28.39,-73.46,21.8,28.76,False,False,False,False,False,False,False,False,False,2026-09-16
2383,2383.HK,TOM GROUP,ＴＯＭ集团,14.45,"2,000",Equity,Equity Securities (Main Board),0.365,0.365,0.365,0.355,8000,0.0,0.363,0.364,0.55,0.27,1.39,1.39,0.0,0.43,0.79,2.4,0.43,0.79,-15.12,-53.8,-84.79,15.12,53.8,False,False,False,True,False,False,False,False,False,2026-09-16
2385,2385.HK,READBOY,读书郎,18.99,400,Equity,Equity Securities (Main Board),5.395,5.29,5.405,5.115,261600,1.41,5.306,5.31,1.68,1.61,1.98,2.18,7.58,6.95,15.0,15.0,6.95,15.0,-22.23,-63.97,-63.97,22.37,64.03,False,False,False,True,False,False,False,False,False,2026-09-16
2386,2386.HK,SINOPEC SEG,中石化炼化工程,89.09,500,Equity,Equity Securities (Main Board),5.41,5.45,5.45,5.34,5264500,28.48,5.476,5.591,-1.21,-3.25,0.09,-1.99,-9.08,8.25,8.25,9.18,8.25,8.25,-33.94,-33.94,-40.63,34.42,34.42,False,False,False,False,False,False,False,False,False,2026-09-16
2388,2388.HK,BOC HONG KONG,中银香港,5429.12,500,Equity,Equity Securities (Main Board),51.35,52.0,52.0,50.95,9938017,510.32,52.04,52.155,-1.33,-1.54,0.29,-1.82,-1.15,53.85,53.85,53.85,53.85,53.85,-3.44,-3.44,-3.44,4.64,4.64,False,False,False,False,False,False,False,True,True,2026-09-16
2389,2389.HK,BJ HEALTH,北京健康,4.85,"6,000",Equity,Equity Securities (Main Board),0.08,0.08,0.08,0.08,1416000,0.11,0.08,0.08,-0.5,0.13,0.0,-1.23,0.0,0.09,0.11,0.6,0.09,0.11,-10.11,-27.27,-86.67,10.11,27.27,False,False,False,False,False,False,False,False,False,2026-09-16
2390,2390.HK,ZHIHU-W,知乎－Ｗ,18.75,100,Equity,Equity Securities (Main Board),7.8,7.58,7.8,7.58,39400,0.31,7.472,7.198,4.39,8.37,3.45,6.7,3.86,11.6,16.96,36.6,11.6,16.96,-32.76,-54.01,-78.69,32.76,54.01,True,False,False,False,False,False,False,False,False,2026-09-16
2392,2392.HK,XUANWU CLOUD,玄武云,5.41,500,Equity,Equity Securities (Main Board),0.975,0.99,0.99,0.935,9500,0.01,0.995,1.021,-2.01,-4.55,1.56,-2.5,-4.41,1.6,2.6,8.17,1.6,2.6,-38.13,-61.92,-87.88,39.06,62.5,False,False,False,False,False,False,False,False,False,2026-09-16
2393,2393.HK,YESTAR HEALTH,巨星医疗控股,1.45,"2,500",Equity,Equity Securities (Main Board),0.062,0.057,0.062,0.053,85000,0.01,0.06,0.059,3.68,5.98,8.77,5.08,5.08,0.13,0.22,4.6,0.13,0.22,-53.03,-72.44,-98.65,53.03,72.44,False,False,False,True,False,False,False,False,False,2026-09-16
2396,2396.HK,B&K CORP-B,青城新药－Ｂ,3.07,200,Equity,Equity Securities (Main Board),3.7,3.96,3.96,3.5,60200,0.22,4.096,4.296,-9.67,-13.88,-3.9,-11.48,-15.81,17.47,37.2,37.2,17.47,37.2,-77.33,-89.35,-89.35,78.82,90.05,False,False,False,False,False,False,False,False,False,2026-09-16
2399,2399.HK,CN ANCHU ENERGY,中国安储能源,11.25,"1,000",Equity,Equity Securities (Main Board),0.315,0.315,0.32,0.305,3506000,1.1,0.32,0.319,-1.56,-1.41,-1.56,-3.08,0.0,0.78,1.07,6.58,0.78,1.07,-58.97,-70.09,-95.14,59.62,70.56,False,False,False,False,False,False,False,False,False,2026-09-16
2400,2400.HK,XD INC,心动公司,183.97,200,Equity,Equity Securities (Main Board),38.02,37.66,38.34,36.82,2589120,98.44,38.66,40.154,-1.66,-5.31,0.21,-2.96,-7.81,92.45,92.45,114.5,92.45,92.45,-58.53,-58.53,-66.52,58.88,58.88,False,False,False,False,False,False,False,False,False,2026-09-16
2402,2402.HK,SINOHYTEC,亿华通,4.7,50,Equity,Equity Securities (Main Board),10.5,10.41,10.65,10.25,421750,4.43,11.062,11.609,-5.08,-9.55,0.86,-8.22,-14.0,31.98,50.0,50.0,31.98,50.0,-66.7,-78.7,-78.7,67.17,79.0,False,False,False,False,False,False,False,False,False,2026-09-16
2407,2407.HK,GAUSH MEDITECH,高视医疗,7.1,100,Equity,Equity Securities (Main Board),4.8,4.895,4.895,4.585,13400,0.06,4.674,4.617,2.7,3.96,3.23,4.8,6.67,8.24,43.7,56.1,8.24,43.7,-40.59,-88.8,-91.27,41.75,89.02,False,False,False,True,False,False,False,False,False,2026-09-16
2408,2408.HK,XIAO NOODLES,遇见小面,27.93,500,Equity,Equity Securities (Main Board),3.93,3.9,3.99,3.85,151500,0.6,3.97,4.079,-1.01,-3.65,-0.88,-1.5,-1.75,6.07,6.07,6.07,6.07,6.07,-34.27,-34.27,-34.27,35.26,35.26,False,False,False,False,False,False,False,False,False,2026-09-16
2409,2409.HK,SEACON,洲际船务,23.02,"1,000",Equity,Equity Securities (Main Board),4.605,4.45,4.605,4.45,106000,0.49,4.43,4.374,3.95,5.28,1.21,7.09,6.23,4.9,5.0,5.0,4.9,5.0,-6.02,-7.9,-7.9,6.02,7.9,True,False,False,False,False,False,False,True,True,2026-09-16
2410,2410.HK,TYK MEDICINES-B,同源康医药－Ｂ,13.36,500,Equity,Equity Securities (Main Board),3.515,3.76,3.76,3.35,2627500,9.24,3.196,3.981,9.98,-11.71,-5.76,17.76,1.88,14.89,56.55,56.55,14.89,56.55,-74.75,-93.35,-93.35,76.39,93.78,False,False,False,False,False,False,False,False,False,2026-09-16
2411,2411.HK,PAGODA GP,百果园集团,28.56,500,Equity,Equity Securities (Main Board),1.45,1.445,1.45,1.38,3409000,4.94,1.418,1.409,2.26,2.91,2.11,3.94,3.94,1.97,6.68,7.12,1.97,6.68,-26.4,-78.29,-79.63,26.4,78.29,True,False,False,True,False,False,False,False,False,2026-09-16
2415,2415.HK,MEDSCI,梅斯健康,4.86,250,Equity,Equity Securities (Main Board),0.8,0.76,0.76,0.76,5750,0.0,0.769,0.779,4.03,2.7,5.26,5.26,0.63,1.4,7.55,13.46,1.4,7.55,-45.71,-89.93,-94.35,42.86,89.4,False,False,False,True,False,False,False,False,False,2026-09-16
2416,2416.HK,EDIANYUN,易点云,14.65,500,Equity,Equity Securities (Main Board),3.01,3.195,3.2,3.01,129463,0.39,3.095,3.155,-2.75,-4.58,-1.47,-3.99,-6.67,5.8,11.56,15.78,5.8,11.56,-44.83,-72.32,-79.72,48.1,73.96,False,False,False,False,False,False,False,False,False,2026-09-16
2418,2418.HK,DEEWIN,德银天下,14.55,"1,500",Equity,Equity Securities (Main Board),2.78,2.79,2.83,2.78,54000,0.15,2.888,2.968,-3.74,-6.33,-1.24,-7.33,-7.64,9.61,11.4,11.4,9.61,11.4,-70.55,-75.18,-75.18,71.07,75.61,False,False,False,False,False,False,False,False,False,2026-09-16
2419,2419.HK,DEKON AGR,德康农牧,86.66,100,Equity,Equity Securities (Main Board),56.25,55.5,58.2,55.5,759900,42.74,58.3,59.49,-3.52,-5.45,-2.68,-6.09,-6.95,87.0,110.0,110.0,87.0,110.0,-33.1,-47.09,-47.09,35.34,48.86,False,False,False,False,False,False,False,False,False,2026-09-16
2420,2420.HK,ZIBUYU,子不语,29.5,500,Equity,Equity Securities (Main Board),5.9,5.68,6.1,5.68,653134,3.85,5.602,5.322,5.32,10.85,0.85,9.26,13.46,5.9,7.0,9.4,6.1,7.0,3.39,-12.86,-35.11,3.28,15.71,True,True,False,False,True,False,False,True,False,2026-09-16
2421,2421.HK,KRP DEVELOPMENT,嘉创地产,2.83,"2,000",Equity,Equity Securities (Main Board),0.56,0.565,0.565,0.56,166000,0.09,0.56,0.561,0.0,-0.18,1.82,-0.88,-0.88,0.66,1.03,2.0,0.66,1.03,-14.39,-45.15,-71.75,15.15,45.63,False,False,False,False,False,False,False,False,False,2026-09-16
2422,2422.HK,REGO INTERACT,润歌互动,32.95,"4,000",Equity,Equity Securities (Main Board),1.985,1.965,2.015,1.965,28000,0.06,2.013,2.004,-1.39,-0.95,1.02,-8.1,-0.75,3.48,3.48,3.48,3.48,3.48,-42.1,-42.1,-42.1,42.96,42.96,False,False,False,False,False,False,False,False,False,2026-09-16
2423,2423.HK,BEKE-W,贝壳－Ｗ,1341.76,100,Equity,Equity Securities (Main Board),42.14,42.82,42.82,41.56,9594271,404.3,43.62,44.906,-3.39,-6.16,-1.59,-5.43,-6.27,52.6,73.5,73.5,52.6,73.5,-18.59,-41.74,-41.74,19.89,42.67,False,False,False,False,False,False,False,False,False,2026-09-16
2425,2425.HK,AUSTASIA GROUP,澳亚集团,17.26,"1,000",Equity,Equity Securities (Main Board),1.76,1.76,1.76,1.76,86000,0.15,1.759,1.761,0.06,-0.06,0.0,0.0,0.57,2.8,2.8,6.38,2.8,2.8,-37.14,-37.14,-72.41,37.14,37.14,False,False,False,False,False,False,False,False,False,2026-09-16
2427,2427.HK,GUANZE MEDICAL,GUANZE MEDICAL,27.69,"5,000",Equity,Equity Securities (Main Board),2.915,2.92,2.92,2.775,66000,0.19,2.741,2.527,6.35,15.38,-0.17,10.0,21.97,7.78,7.78,7.78,7.78,7.78,-62.47,-62.47,-62.47,62.53,62.53,False,False,False,False,False,False,False,False,False,2026-09-16
2429,2429.HK,UBOX ONLINE,友宝在线,18.92,500,Equity,Equity Securities (Main Board),1.935,2.015,2.015,1.915,94500,0.18,1.998,1.958,-3.15,-1.17,-4.21,-3.97,-1.53,3.37,29.4,29.4,3.37,29.4,-40.21,-93.15,-93.15,42.58,93.42,False,False,False,False,False,False,False,False,False,2026-09-16
2431,2431.HK,MINIEYE,佑驾创新,7.29,200,Equity,Equity Securities (Main Board),2.11,2.19,2.19,2.03,1216901,2.57,2.264,2.49,-6.8,-15.26,2.68,-13.88,-9.44,17.69,39.5,39.5,17.69,39.5,-87.62,-94.46,-94.46,88.07,94.66,False,False,False,False,False,False,False,False,False,2026-09-16
2432,2432.HK,DOBOT,越疆,80.73,200,Equity,Equity Securities (Main Board),20.5,20.18,20.52,20.02,867823,17.79,20.784,21.832,-1.37,-6.1,1.59,-2.57,-10.25,50.0,83.8,83.8,50.0,83.8,-58.96,-75.51,-75.51,59.0,75.54,False,False,False,False,False,False,False,False,False,2026-09-16
2433,2433.HK,ZT HN GROUP,中天湖南集团,0.39,"2,000",Equity,Equity Securities (Main Board),0.068,0.068,0.068,0.068,10000,0.0,0.066,0.066,3.34,2.72,11.48,0.0,3.03,0.12,0.39,3.2,0.12,0.39,-44.72,-82.56,-97.87,44.72,82.56,False,False,False,False,False,False,False,False,False,2026-09-16
2436,2436.HK,LX TECHNOLOGY,凌雄科技,67.4,300,Equity,Equity Securities (Main Board),19.5,18.76,19.67,18.71,723000,14.1,18.862,18.759,3.38,3.95,3.67,4.5,5.98,26.3,26.3,26.3,26.3,26.3,-25.21,-25.21,-25.21,25.86,25.86,True,True,False,True,False,False,False,False,False,2026-09-16
2438,2438.HK,MOBVOI,出门问问,4.72,"1,000",Equity,Equity Securities (Main Board),0.305,0.305,0.305,0.305,148000,0.05,0.304,0.307,0.33,-0.65,0.0,0.0,-1.61,0.74,4.38,4.38,0.74,4.38,-58.78,-93.04,-93.04,58.78,93.04,False,False,False,False,False,False,False,False,False,2026-09-16
2439,2439.HK,CH TREASURES NM,中宝新材,2.64,"2,000",Equity,Equity Securities (Main Board),0.22,0.216,0.224,0.212,3084000,0.68,0.226,0.275,-2.83,-20.06,1.85,-4.35,-29.03,0.48,2.93,2.93,0.48,2.93,-53.33,-92.35,-92.35,54.17,92.49,False,False,False,False,False,False,False,False,False,2026-09-16
2440,2440.HK,MEMESTRATEGY,迷策略,3.5,"1,000",Equity,Equity Securities (Main Board),0.84,0.8,0.845,0.8,151000,0.13,0.832,0.85,0.96,-1.18,4.35,0.6,-3.45,2.34,6.98,6.98,2.34,6.98,-63.89,-87.89,-87.89,64.1,87.97,False,False,False,False,False,False,False,False,False,2026-09-16
2442,2442.HK,EASY SMART GP,怡俊集团控股,592.42,"2,000",Equity,Equity Securities (Main Board),145.2,156.4,156.5,135.8,452000,65.63,147.14,138.16,-1.32,5.1,-5.28,2.11,2.61,159.5,159.5,159.5,159.5,159.5,-1.88,-1.88,-1.88,8.97,8.97,False,False,False,False,False,False,False,True,True,2026-09-16
2443,2443.HK,AUTOSTREETS,汽车街,9.66,200,Equity,Equity Securities (Main Board),1.16,1.27,1.27,1.115,342400,0.4,1.156,1.25,0.35,-7.16,-4.53,3.57,0.87,3.57,117.1,117.1,3.57,117.1,-64.43,-98.92,-98.92,67.51,99.01,False,False,False,False,False,False,False,False,False,2026-09-16
2450,2450.HK,HUAIBEI GD CO,淮北绿金股份,5.61,"1,500",Equity,Equity Securities (Main Board),8.495,8.0,8.7,7.995,154500,1.31,8.563,8.321,-0.79,2.09,9.05,-3.79,6.19,16.68,16.68,16.68,16.68,16.68,-47.84,-47.84,-47.84,49.07,49.07,False,False,False,False,False,False,False,False,False,2026-09-16
2451,2451.HK,LUYUAN GP HLDG,绿源集团控股,66.93,500,Equity,Equity Securities (Main Board),16.48,14.2,16.65,14.2,3547460,58.46,13.974,13.421,17.93,22.79,16.88,27.65,29.76,16.83,16.83,16.83,16.83,16.83,-1.07,-1.07,-1.07,2.08,2.08,True,True,False,False,False,False,False,True,True,2026-09-16
2453,2453.HK,CONCORD HC GP,美中嘉和,2.29,200,Equity,Equity Securities (Main Board),0.73,0.71,0.74,0.71,76400,0.06,0.726,0.744,0.55,-1.95,2.82,0.0,-2.67,1.98,55.0,55.0,1.98,55.0,-62.63,-98.65,-98.65,63.13,98.67,False,False,False,False,False,False,False,False,False,2026-09-16
2455,2455.HK,RUNHUA SERVICE,润华服务,2.13,"2,000",Equity,Equity Securities (Main Board),0.71,0.7,0.75,0.7,464000,0.33,0.697,0.691,1.87,2.75,1.43,2.9,3.65,0.87,1.34,1.6,0.87,1.34,-13.79,-44.03,-53.13,18.39,47.01,True,False,False,False,False,False,False,False,False,2026-09-16
2457,2457.HK,BUYANG INTL,步阳国际,4.0,"5,000",Equity,Equity Securities (Main Board),0.4,0.4,0.4,0.4,280000,0.11,0.394,0.393,1.52,1.91,0.0,1.27,5.26,0.41,0.55,0.62,0.41,0.55,-2.44,-27.27,-35.48,2.44,27.27,False,False,False,False,False,False,False,True,False,2026-09-16
2459,2459.HK,SANERGY GROUP,升能集团,1.23,"10,000",Equity,Equity Securities (Main Board),0.635,0.605,0.63,0.605,52000,0.03,0.664,0.691,-4.37,-8.17,-1.55,-6.62,-15.89,1.58,193.24,193.24,1.58,193.24,-60.13,-99.67,-99.67,59.81,99.67,False,False,False,False,False,False,False,False,False,2026-09-16
2460,2460.HK,CR BEVERAGE,华润饮料,173.39,200,Equity,Equity Securities (Main Board),7.23,7.12,7.25,7.12,533000,3.85,7.202,7.299,0.39,-0.94,0.28,0.56,-2.1,10.72,16.78,16.78,10.72,16.78,-32.37,-56.79,-56.79,32.56,56.91,False,False,False,False,False,False,False,False,False,2026-09-16
2465,2465.HK,LOPAL TECH,龙蟠科技,12.04,500,Equity,Equity Securities (Main Board),8.92,8.8,9.075,8.59,3260000,29.08,8.895,9.135,0.28,-2.35,1.02,1.13,-3.25,23.5,23.5,23.5,23.5,23.5,-61.38,-61.38,-61.38,62.04,62.04,False,False,False,False,False,False,False,False,False,2026-09-16
2469,2469.HK,FENBI,粉笔,6.3,500,Equity,Equity Securities (Main Board),0.285,0.3,0.3,0.28,3402000,0.97,0.287,0.3,-0.7,-5.16,-3.39,1.79,-5.0,2.54,5.91,15.04,2.54,5.91,-88.19,-94.92,-98.01,88.78,95.18,False,False,False,False,False,False,False,False,False,2026-09-16
2473,2473.HK,XXF,喜相逢集团,8.07,"2,500",Equity,Equity Securities (Main Board),0.435,0.435,0.44,0.43,10447500,4.54,0.451,0.454,-3.55,-4.08,1.16,-8.42,1.16,15.96,15.96,15.96,15.96,15.96,-97.24,-97.24,-97.24,97.27,97.27,False,False,False,False,False,False,False,False,False,2026-09-16
2475,2475.HK,LUXSHARE ICT,立讯精密,231.67,100,Equity,Equity Securities (Main Board),58.5,56.35,59.15,56.35,2724200,159.37,57.81,59.14,1.19,-1.08,3.82,-0.85,-5.49,66.2,66.2,66.2,66.2,66.2,-10.65,-10.65,-10.65,11.63,11.63,False,False,False,False,False,False,False,False,False,2026-09-16
2476,2476.HK,VGT,胜宏科技,217.59,100,Equity,Equity Securities (Main Board),197.4,195.3,203.2,193.3,2393091,472.4,197.74,202.16,-0.17,-2.35,1.13,-1.3,-6.62,475.0,475.0,475.0,475.0,475.0,-57.22,-57.22,-57.22,58.44,58.44,False,False,False,False,False,False,False,False,False,2026-09-16
2477,2477.HK,WELLCELL HOLD,经纬天地,9.88,800,Equity,Equity Securities (Main Board),0.206,0.211,0.211,0.204,117141600,24.13,0.212,0.214,-3.01,-3.74,-0.96,-7.62,-1.44,13.63,13.63,13.63,13.63,13.63,-98.45,-98.45,-98.45,98.49,98.49,False,False,False,False,False,False,False,False,False,2026-09-16
2480,2480.HK,LUZHU BIOTECH-B,绿竹生物－Ｂ,27.01,200,Equity,Equity Securities (Main Board),13.58,13.58,13.58,13.58,200,0.0,13.616,13.551,-0.26,0.21,-0.15,0.59,1.12,25.96,40.0,42.0,25.96,40.0,-47.69,-66.05,-67.67,47.69,66.05,False,False,False,False,False,False,False,False,False,2026-09-16
2482,2482.HK,LOGORY,维天运通,1.64,"1,000",Equity,Equity Securities (Main Board),0.31,0.285,0.31,0.285,89000,0.03,0.302,0.301,2.65,2.99,3.33,3.33,3.33,0.79,2.1,2.95,0.79,2.1,-60.76,-85.24,-89.49,60.76,85.24,False,False,False,True,False,False,False,False,False,2026-09-16
2483,2483.HK,K CASH,Ｋ ＣＡＳＨ集团,9.0,"2,000",Equity,Equity Securities (Main Board),1.8,1.8,1.8,1.8,12000,0.02,1.804,1.792,-0.22,0.45,0.0,0.0,1.12,1.9,2.05,2.05,1.9,2.05,-5.26,-12.2,-12.2,5.26,12.2,False,False,False,False,False,False,False,True,False,2026-09-16
2486,2486.HK,PLUS GP HOLDING,普乐师集团控股,3.83,200,Equity,Equity Securities (Main Board),3.385,3.345,3.4,3.345,21000,0.07,3.367,3.505,0.53,-3.41,1.2,2.58,-5.18,7.8,13.0,13.0,7.8,13.0,-56.41,-73.85,-73.85,56.6,73.96,False,False,False,False,False,False,False,False,False,2026-09-16
2487,2487.HK,CUTIA-B,科笛－Ｂ,5.22,200,Equity,Equity Securities (Main Board),1.4,1.35,1.43,1.35,30600,0.04,1.473,1.589,-4.96,-11.89,2.56,-12.5,-14.37,5.51,25.0,32.6,5.51,25.0,-74.05,-94.28,-95.61,74.59,94.4,False,False,False,False,False,False,False,False,False,2026-09-16
2488,2488.HK,LAUNCH TECH,元征科技,24.42,500,Equity,Equity Securities (Main Board),6.96,6.92,7.0,6.92,117000,0.81,6.923,6.96,0.53,0.0,0.58,1.9,-0.5,9.28,15.34,15.34,9.28,15.34,-24.57,-54.37,-54.37,25.0,54.63,False,False,False,True,False,False,False,False,False,2026-09-16
2489,2489.HK,PERSISTENCEGOLD,集海黄金,19.92,"5,000",Equity,Equity Securities (Main Board),0.83,0.83,0.83,0.83,25000,0.02,0.827,0.849,0.36,-2.24,2.47,0.0,-2.92,1.53,2.17,2.17,1.53,2.17,-45.75,-61.75,-61.75,45.75,61.75,False,False,False,False,False,False,False,False,False,2026-09-16
2490,2490.HK,LC HOLDING,乐舱控股,27.17,300,Equity,Equity Securities (Main Board),4.42,4.13,4.425,4.13,545700,2.41,4.149,4.243,6.53,4.17,7.15,9.68,3.27,7.13,17.73,17.73,7.13,17.73,-37.94,-75.04,-75.04,38.01,75.06,True,False,True,True,False,False,False,False,False,2026-09-16
2493,2493.HK,MABWELL-B,迈威生物－Ｂ,9.72,200,Equity,Equity Securities (Main Board),20.62,20.66,20.7,20.32,66600,1.37,20.548,20.644,0.35,-0.12,0.0,1.58,0.1,29.18,29.18,29.18,29.18,29.18,-29.06,-29.06,-29.06,29.34,29.34,False,False,False,False,False,False,False,False,False,2026-09-16
2495,2495.HK,VOICECOMM,声通科技,8.81,20,Equity,Equity Securities (Main Board),26.98,27.58,28.0,26.42,15980,0.43,27.536,28.552,-2.02,-5.51,-2.18,-2.03,-7.86,77.15,650.0,650.0,77.15,650.0,-63.71,-95.69,-95.69,65.03,95.85,False,False,False,False,False,False,False,False,False,2026-09-16
2497,2497.HK,FUJING HOLDINGS,富景中国控股,2.62,"2,000",Equity,Equity Securities (Main Board),0.525,0.525,0.54,0.51,514000,0.27,0.523,0.524,0.38,0.19,1.94,-2.78,3.96,0.96,2.4,2.4,0.96,2.4,-43.75,-77.5,-77.5,45.31,78.13,False,False,False,True,False,False,False,False,False,2026-09-16
2498,2498.HK,ROBOSENSE,速腾聚创,75.77,100,Equity,Equity Securities (Main Board),16.09,15.9,16.32,15.6,3662992,58.94,16.496,17.189,-2.46,-6.39,0.88,-4.45,-10.16,41.46,137.5,137.5,41.46,137.5,-60.64,-88.13,-88.13,61.19,88.3,False,False,False,False,False,False,False,False,False,2026-09-16
2499,2499.HK,FOLANGSI,佛朗斯股份,14.94,200,Equity,Equity Securities (Main Board),5.655,5.64,5.695,5.5,5400,0.03,5.692,5.695,-0.65,-0.71,-0.7,-0.79,-0.09,6.23,15.62,15.62,6.23,15.62,-8.59,-63.54,-63.54,9.23,63.8,False,False,False,False,False,False,False,True,False,2026-09-16
2500,2500.HK,VENUS MEDTECH-B,启明医疗－Ｂ,5.03,500,Equity,Equity Securities (Main Board),1.14,1.1,1.17,1.08,225000,0.26,1.157,1.193,-1.47,-4.48,3.64,-6.94,-5.79,3.86,5.94,97.0,3.86,5.94,-69.69,-80.3,-98.79,70.47,80.81,False,False,False,False,False,False,False,False,False,2026-09-16
2501,2501.HK,MAIYUE TECH,迈越科技,9.86,"2,000",Equity,Equity Securities (Main Board),1.765,1.675,1.78,1.635,424000,0.75,1.793,1.834,-1.56,-3.76,6.97,-4.34,-7.11,2.16,2.16,2.16,2.16,2.16,-17.59,-17.59,-17.59,18.29,18.29,False,False,False,False,False,False,False,False,False,2026-09-16
2503,2503.HK,ZHONGSHENJIANYE,中深建业,8.44,"4,000",Equity,Equity Securities (Main Board),0.246,0.248,0.248,0.239,892000,0.22,0.251,0.251,-1.84,-2.19,-1.6,-0.81,-5.38,0.58,2.06,2.06,0.58,2.06,-57.24,-87.96,-87.96,57.59,88.06,False,False,False,False,False,False,False,False,False,2026-09-16
2505,2505.HK,EDA GROUP HLDGS,ＥＤＡ集团控股,3.15,"1,000",Equity,Equity Securities (Main Board),0.68,0.63,0.73,0.63,157000,0.11,0.624,0.58,8.97,17.34,13.33,11.48,28.3,1.8,8.47,8.47,1.8,8.47,-59.44,-91.38,-91.38,62.22,91.97,False,False,False,False,False,False,False,False,False,2026-09-16
2506,2506.HK,XUNFEIHEALTH,讯飞医疗科技,51.33,50,Equity,Equity Securities (Main Board),66.4,65.65,66.65,65.25,16208,1.08,66.96,68.56,-0.84,-3.15,-0.75,-1.85,-3.35,114.7,181.7,181.7,114.7,181.7,-41.89,-63.32,-63.32,42.11,63.46,False,False,False,False,False,False,False,False,False,2026-09-16
2507,2507.HK,CIRRUS,西锐,160.08,100,Equity,Equity Securities (Main Board),43.74,43.72,44.3,42.76,523691,22.91,44.468,45.008,-1.64,-2.82,-0.91,-2.28,-3.83,69.5,76.5,76.5,69.5,76.5,-36.26,-42.09,-42.09,37.06,42.82,False,False,False,False,False,False,False,False,False,2026-09-16
2508,2508.HK,SAINT BELLA GP,圣贝拉集团,18.21,500,Equity,Equity Securities (Main Board),2.95,2.945,3.04,2.8,448000,1.32,3.004,3.027,-1.8,-2.54,0.0,-2.96,-1.01,5.9,11.0,11.0,5.9,11.0,-48.47,-72.36,-72.36,50.0,73.18,False,False,False,False,False,False,False,False,False,2026-09-16
2509,2509.HK,QYUNS-B,荃信生物－Ｂ,36.74,200,Equity,Equity Securities (Main Board),16.45,16.46,16.9,16.34,76200,1.25,16.45,16.471,0.0,-0.13,-0.96,1.29,0.67,24.5,36.5,36.5,24.5,36.5,-31.02,-53.7,-53.7,32.86,54.93,False,False,False,False,False,False,False,False,False,2026-09-16
2510,2510.HK,TS LINES,德翔海运,224.61,"1,000",Equity,Equity Securities (Main Board),13.49,13.5,13.79,13.34,2381212,32.12,13.754,13.887,-1.92,-2.86,-1.32,-1.03,-4.26,14.3,14.3,14.3,14.3,14.3,-3.57,-3.57,-3.57,5.66,5.66,False,False,False,False,False,False,False,True,True,2026-09-16
2511,2511.HK,HIGHTIDE-B,君圣泰医药－Ｂ,21.34,500,Equity,Equity Securities (Main Board),3.185,3.24,3.25,3.18,91000,0.29,3.311,3.319,-3.81,-4.04,0.16,-4.93,-13.22,4.72,13.18,13.18,4.72,13.18,-31.14,-75.34,-75.34,32.52,75.83,False,False,False,False,False,False,False,False,False,2026-09-16
2513,2513.HK,Z.AI,智谱,1894.03,100,Equity,Equity Securities (Main Board),720.0,656.0,768.5,655.0,18775630,13518.45,746.6,876.35,-3.56,-17.84,5.88,-9.21,-21.18,2980.0,2980.0,2980.0,2980.0,2980.0,-74.21,-74.21,-74.21,75.84,75.84,False,False,False,False,False,False,False,False,False,2026-09-16
2515,2515.HK,TJCD,天津建发,16.25,"2,000",Equity,Equity Securities (Main Board),5.23,5.495,5.705,5.23,254000,1.33,4.913,4.157,6.45,25.81,-4.91,14.19,50.72,5.95,5.95,5.95,5.95,5.95,-4.12,-4.12,-4.12,12.1,12.1,False,False,False,False,False,False,False,False,False,2026-09-16
2516,2516.HK,FAR INTL,泛远国际,6.36,"4,000",Equity,Equity Securities (Main Board),0.68,0.68,0.68,0.675,68000,0.05,0.699,0.72,-2.72,-5.56,-1.45,-5.56,-6.85,1.44,1.68,1.68,1.44,1.68,-52.78,-59.52,-59.52,52.78,59.52,False,False,False,False,False,False,False,False,False,2026-09-16
2517,2517.HK,GUOQUAN,锅圈,38.7,400,Equity,Equity Securities (Main Board),1.505,1.49,1.525,1.46,7593600,11.43,1.558,1.639,-3.4,-8.18,1.35,-7.95,-11.73,4.8,12.34,12.34,4.8,12.34,-68.23,-87.64,-87.64,68.65,87.8,False,False,False,False,False,False,False,False,False,2026-09-16
2519,2519.HK,AUGROUP,傲基股份,16.59,300,Equity,Equity Securities (Main Board),4.0,4.0,4.3,4.0,7500,0.03,3.997,3.977,0.08,0.58,0.0,0.25,0.13,6.75,14.96,14.96,6.75,14.96,-36.3,-71.26,-71.26,40.74,73.26,False,False,False,False,False,False,False,False,False,2026-09-16
2521,2521.HK,SHENGHUI CLEAN,升辉清洁,17.94,"7,500",Equity,Equity Securities (Main Board),0.92,0.93,0.93,0.905,465000,0.43,0.933,0.939,-1.39,-2.02,-2.65,-1.08,-3.66,1.26,1.26,1.26,1.26,1.26,-26.19,-26.19,-26.19,26.98,26.98,False,False,False,False,False,False,False,False,False,2026-09-16
2522,2522.HK,RIMAG GROUP,一脉阳光,17.54,500,Equity,Equity Securities (Main Board),5.105,4.92,5.275,4.92,545000,2.78,5.037,5.072,1.35,0.66,2.72,3.03,-5.11,10.54,71.95,71.95,10.54,71.95,-49.95,-92.67,-92.67,51.57,92.9,False,False,False,True,False,False,False,False,False,2026-09-16
2525,2525.HK,HESAI-W,禾赛－Ｗ,169.92,100,Equity,Equity Securities (Main Board),16.32,16.45,16.49,15.9,6821240,111.32,16.578,16.299,-1.56,0.13,-3.15,-3.15,1.87,28.85,30.5,30.5,28.85,30.5,-42.84,-45.93,-45.93,43.43,46.49,False,False,False,False,False,False,False,False,False,2026-09-16
2526,2526.HK,DIAGENS-B,德适－Ｂ,362.98,50,Equity,Equity Securities (Main Board),408.4,430.0,454.8,404.0,77550,31.67,455.6,464.83,-10.36,-12.14,-6.76,-13.95,-4.62,765.5,765.5,765.5,765.5,765.5,-40.59,-40.59,-40.59,46.65,46.65,False,False,False,False,False,False,False,False,False,2026-09-16
2528,2528.HK,FW FASHION INT,尚晋国际控股,3.36,"2,000",Equity,Equity Securities (Main Board),0.84,0.84,0.84,0.84,54000,0.05,0.862,0.874,-2.55,-3.95,-1.18,-4.55,-5.62,1.02,1.02,1.67,1.02,1.02,-17.65,-17.65,-49.7,17.65,17.65,False,False,False,False,False,False,False,False,False,2026-09-16
2529,2529.HK,HOLLWIN URBAN,泓盈城市服务,1.09,"1,000",Equity,Equity Securities (Main Board),2.715,2.715,2.715,2.715,1000,0.0,2.723,2.723,-0.29,-0.29,-0.37,-0.37,-0.37,3.25,3.65,3.65,3.25,3.65,-16.46,-25.62,-25.62,16.46,25.62,False,False,False,False,False,False,False,False,False,2026-09-16
2530,2530.HK,NUMANS,纽曼思,7.1,"8,000",Equity,Equity Securities (Main Board),0.71,0.725,0.73,0.71,224000,0.16,0.724,0.723,-1.93,-1.73,-2.74,-1.39,-0.7,0.83,0.96,0.96,0.83,0.96,-12.05,-23.96,-23.96,14.46,26.04,False,False,False,False,False,False,False,False,False,2026-09-16
2531,2531.HK,CARLINK TECH,广联科技控股,17.41,500,Equity,Equity Securities (Main Board),4.75,4.75,4.75,4.75,500,0.0,4.75,4.75,0.0,0.0,0.0,0.0,0.0,8.0,51.6,51.6,8.0,51.6,-40.62,-90.79,-90.79,40.62,90.79,False,False,False,False,False,False,False,False,False,2026-09-16
2533,2533.HK,BLACK SESAME,黑芝麻智能,67.8,100,Equity,Equity Securities (Main Board),9.48,9.69,9.695,9.345,4763505,45.16,9.692,10.002,-2.19,-5.22,-1.56,-3.02,-3.81,23.36,43.85,43.85,23.36,43.85,-58.5,-77.89,-77.89,59.42,78.38,False,False,False,False,False,False,False,False,False,2026-09-16
2535,2535.HK,WK GROUP,泓基集团,14.0,"10,000",Equity,Equity Securities (Main Board),0.7,0.67,0.71,0.67,4120000,2.88,0.674,0.682,3.86,2.56,6.06,4.48,0.72,1.15,1.15,1.15,1.15,1.15,-38.26,-38.26,-38.26,39.13,39.13,False,False,False,True,False,False,False,False,False,2026-09-16
2536,2536.HK,PALASINO,百乐皇宫,4.6,"1,000",Equity,Equity Securities (Main Board),0.57,0.57,0.57,0.57,2000,0.0,0.588,0.612,-3.06,-6.86,-1.72,-5.0,-5.0,2.49,7.19,7.19,2.49,7.19,-77.11,-92.07,-92.07,77.11,92.07,False,False,False,False,False,False,False,False,False,2026-09-16
2540,2540.HK,LESI GROUP,乐思集团,4.8,"2,500",Equity,Equity Securities (Main Board),0.8,0.755,0.8,0.755,60000,0.05,0.801,0.803,-0.12,-0.37,0.0,0.0,-0.62,1.44,7.28,7.28,1.44,7.28,-44.44,-89.01,-89.01,44.44,89.01,False,False,False,False,False,False,False,False,False,2026-09-16
2543,2543.HK,DAHON TECH,大行科工,3.14,100,Equity,Equity Securities (Main Board),34.68,34.8,34.8,34.3,32700,1.13,34.904,35.878,-0.64,-3.34,-0.29,0.64,-4.25,39.68,69.0,69.0,39.68,69.0,-12.3,-49.57,-49.57,12.6,49.74,False,False,False,False,False,False,False,False,False,2026-09-16
2545,2545.HK,ZHONGGAN COMM,中赣通信,2.66,"2,000",Equity,Equity Securities (Main Board),0.415,0.41,0.415,0.41,32000,0.01,0.413,0.415,0.48,0.0,1.22,1.22,-1.19,0.55,0.83,0.83,0.55,0.83,-24.55,-50.0,-50.0,24.55,50.0,False,False,False,True,False,False,False,False,False,2026-09-16
2546,2546.HK,ZHIHUI MINING,智汇矿业,96.49,"1,000",Equity,Equity Securities (Main Board),19.78,18.59,20.3,18.59,573000,11.33,19.12,19.26,3.45,2.7,6.4,4.99,1.8,23.34,23.34,23.34,23.34,23.34,-13.02,-13.02,-13.02,15.25,15.25,False,False,False,True,False,False,False,False,False,2026-09-16
2549,2549.HK,CAROTE LTD,卡罗特,22.31,500,Equity,Equity Securities (Main Board),4.05,4.06,4.065,3.85,135000,0.55,4.015,3.975,0.87,1.9,-0.37,2.53,4.38,5.45,10.88,10.88,5.45,10.88,-25.41,-62.64,-62.64,25.69,62.78,False,False,False,True,False,False,False,False,False,2026-09-16
2550,2550.HK,EASOU TECH,宜搜科技,8.99,500,Equity,Equity Securities (Main Board),2.0,1.95,2.03,1.95,402500,0.81,1.993,1.987,0.35,0.63,3.63,0.0,-0.5,3.23,67.25,67.25,3.23,67.25,-37.15,-96.98,-96.98,38.08,97.03,False,False,False,True,False,False,False,False,False,2026-09-16
2551,2551.HK,APT ELECTRONICS,晶科电子股份,4.09,"1,000",Equity,Equity Securities (Main Board),1.61,1.53,1.61,1.53,20000,0.03,1.562,1.547,3.07,4.07,-0.62,8.05,2.22,2.9,5.95,5.95,2.9,5.95,-44.48,-72.94,-72.94,44.48,72.94,False,False,False,True,False,False,False,False,False,2026-09-16
2552,2552.HK,HUA MEDICINE-B,华领医药－Ｂ,24.88,500,Equity,Equity Securities (Main Board),2.355,2.405,2.405,2.3,1486500,3.5,2.403,2.411,-2.0,-2.3,-1.88,-3.88,-5.04,3.94,4.95,9.0,3.94,4.95,-38.96,-51.41,-73.28,40.23,52.42,False,False,False,False,False,False,False,False,False,2026-09-16
2553,2553.HK,SHOUGANG LANZA,首钢朗泽,46.43,200,Equity,Equity Securities (Main Board),17.42,17.53,18.0,17.2,630400,10.98,18.088,19.738,-3.69,-11.74,1.81,-7.39,-8.89,54.4,54.4,54.4,54.4,54.4,-66.91,-66.91,-66.91,67.98,67.98,False,False,False,False,False,False,False,False,False,2026-09-16
2555,2555.HK,CHABAIDAO,茶百道,60.29,200,Equity,Equity Securities (Main Board),4.08,4.045,4.095,4.01,539200,2.2,4.092,4.172,-0.29,-2.22,0.99,-0.24,-3.77,7.03,16.0,16.0,7.03,16.0,-41.75,-74.41,-74.41,41.96,74.5,False,False,False,False,False,False,False,False,False,2026-09-16
2556,2556.HK,MARKETINGFORCE,迈富时,134.81,100,Equity,Equity Securities (Main Board),50.35,48.96,50.45,48.24,4919340,247.69,52.362,57.476,-3.84,-12.4,2.84,-5.71,-16.29,68.3,144.0,144.0,68.3,144.0,-26.13,-64.97,-64.97,26.28,65.03,False,False,False,False,False,False,False,False,False,2026-09-16
2559,2559.HK,DIDA INC-PF,嘀嗒出行－ＰＦ,12.21,500,Equity,Equity Securities (Main Board),1.19,1.28,1.28,1.18,1221000,1.45,1.136,1.099,4.75,8.28,-3.64,12.8,13.33,2.9,5.9,5.9,2.9,5.9,-55.86,-78.31,-78.31,58.97,79.83,False,False,False,False,False,False,False,False,False,2026-09-16
2560,2560.HK,CONCH MAT TECH,海螺材料科技,2.48,"1,000",Equity,Equity Securities (Main Board),1.34,1.375,1.375,1.34,94000,0.13,1.371,1.388,-2.26,-3.49,-2.19,-2.9,-3.6,1.87,2.3,2.3,1.87,2.3,-26.47,-40.22,-40.22,28.34,41.74,False,False,False,False,False,False,False,False,False,2026-09-16
2561,2561.HK,VISEN PHARMA-B,维昇药业－Ｂ,21.93,100,Equity,Equity Securities (Main Board),19.28,19.3,19.31,19.27,6900,0.13,19.344,19.394,-0.33,-0.59,0.26,0.0,0.94,43.3,69.15,69.15,43.3,69.15,-55.4,-72.08,-72.08,55.47,72.12,False,False,False,False,False,False,False,False,False,2026-09-16
2562,2562.HK,SYNAGISTICS,狮腾控股,2.68,500,Equity,Equity Securities (Main Board),0.575,0.595,0.645,0.57,4206500,2.42,0.603,0.763,-4.64,-24.64,-1.71,-7.26,-15.44,5.27,50.05,50.05,5.27,50.05,-87.76,-98.71,-98.71,89.09,98.85,False,False,False,False,False,False,False,False,False,2026-09-16
2563,2563.HK,BIOSTAR PHARM-B,华昊中天医药－Ｂ,15.74,200,Equity,Equity Securities (Main Board),4.04,4.05,4.05,4.04,6400,0.03,4.188,4.016,-3.53,0.6,-1.46,-6.05,1.0,5.25,39.5,39.5,5.25,39.5,-22.86,-89.75,-89.75,23.05,89.77,False,False,False,False,False,False,False,False,False,2026-09-16
2565,2565.HK,PEGBIO CO-B,派格生物医药－Ｂ,21.42,50,Equity,Equity Securities (Main Board),5.55,5.75,5.75,5.545,2851700,15.83,5.683,5.667,-2.34,-2.07,-1.68,-4.48,-0.54,76.25,77.0,77.0,76.25,77.0,-92.46,-92.53,-92.53,92.72,92.79,False,False,False,False,False,False,False,False,False,2026-09-16
2566,2566.HK,JIUYUAN GENE,九源基因,13.2,200,Equity,Equity Securities (Main Board),5.5,5.5,5.525,5.225,207000,1.14,5.362,5.296,2.57,3.85,1.85,1.85,6.18,10.84,16.29,16.29,10.84,16.29,-49.03,-66.08,-66.08,49.26,66.24,False,False,False,True,False,False,False,False,False,2026-09-16
2567,2567.HK,QINIU,七牛智能,6.51,"1,000",Equity,Equity Securities (Main Board),0.325,0.315,0.34,0.315,439000,0.14,0.33,0.337,-1.52,-3.42,1.56,-5.8,-5.8,0.76,1.68,1.68,0.76,1.68,-55.26,-79.76,-79.76,57.24,80.65,False,False,False,False,False,False,False,False,False,2026-09-16
2569,2569.HK,SOFT INTL,舒宝国际,13.75,"5,000",Equity,Equity Securities (Main Board),1.375,1.37,1.39,1.37,285000,0.39,1.389,1.369,-1.01,0.44,-0.36,-3.85,1.1,1.43,1.68,1.68,1.43,1.68,-2.8,-17.26,-17.26,3.85,18.15,False,False,False,False,False,False,False,True,False,2026-09-16
2570,2570.HK,REFIRE,重塑能源,7.04,20,Equity,Equity Securities (Main Board),7.795,7.42,8.02,7.215,169680,1.32,8.081,9.772,-3.54,-20.23,4.77,-7.04,-14.39,75.3,316.2,316.2,75.3,316.2,-89.35,-97.46,-97.46,89.65,97.53,False,False,False,False,False,False,False,False,False,2026-09-16
2571,2571.HK,SAIMO,赛目科技,5.03,200,Equity,Equity Securities (Main Board),15.1,15.1,15.1,15.1,6000,0.09,15.284,15.454,-1.2,-2.29,0.0,0.13,-5.62,18.0,18.0,18.0,18.0,18.0,-16.11,-16.11,-16.11,16.11,16.11,False,False,False,False,False,False,False,False,False,2026-09-16
2575,2575.HK,XUANZHUBIO-B,轩竹生物－Ｂ,42.11,500,Equity,Equity Securities (Main Board),8.13,8.25,8.28,8.005,2287000,18.59,8.546,9.354,-4.87,-13.09,-2.05,-9.06,-15.0,79.1,96.9,96.9,79.1,96.9,-89.53,-91.46,-91.46,89.72,91.61,False,False,False,False,False,False,False,False,False,2026-09-16
2576,2576.HK,TAIMEI TECH,太美医疗科技,9.28,200,Equity,Equity Securities (Main Board),4.8,4.92,5.0,4.66,983200,4.72,4.833,4.992,-0.68,-3.85,-2.04,0.0,-4.19,7.5,11.68,11.68,7.5,11.68,-33.33,-57.19,-57.19,36.0,58.9,False,False,False,False,False,False,False,False,False,2026-09-16
2577,2577.HK,INNOSCIENCE,英诺赛科,380.8,100,Equity,Equity Securities (Main Board),42.34,40.92,42.9,40.6,3508616,148.55,41.876,43.122,1.11,-1.81,4.59,0.57,-5.79,89.8,106.1,106.1,89.8,106.1,-52.23,-59.57,-59.57,52.85,60.09,False,False,False,False,False,False,False,False,False,2026-09-16
2579,2579.HK,CNGR,中伟新材,23.03,200,Equity,Equity Securities (Main Board),22.1,22.4,22.42,21.86,678239,14.99,22.808,23.882,-3.1,-7.46,-1.43,-3.91,-9.94,46.44,46.44,46.44,46.44,46.44,-51.72,-51.72,-51.72,52.41,52.41,False,False,False,False,False,False,False,False,False,2026-09-16
2580,2580.HK,AUX ELECTRIC,奥克斯电气,146.51,200,Equity,Equity Securities (Main Board),9.225,9.33,9.515,9.225,318400,2.94,9.509,9.521,-2.99,-3.11,-1.13,-4.6,-4.9,13.79,16.79,16.79,13.79,16.79,-31.0,-43.33,-43.33,33.1,45.06,False,False,False,False,False,False,False,False,False,2026-09-16
2581,2581.HK,BENQ HOLDING,明基医院,8.67,500,Equity,Equity Securities (Main Board),2.78,2.77,2.895,2.77,14000,0.04,2.779,2.766,0.04,0.51,0.0,0.36,0.36,4.49,6.5,6.5,4.49,6.5,-35.52,-55.46,-55.46,38.08,57.23,False,False,False,False,False,False,False,False,False,2026-09-16
2582,2582.HK,GUOFUHEE,国富氢能,5.76,50,Equity,Equity Securities (Main Board),4.805,4.945,4.945,4.675,385450,1.85,4.89,5.851,-1.74,-17.88,-2.83,2.23,-11.02,49.5,157.2,157.2,49.5,157.2,-90.01,-96.85,-96.85,90.29,96.94,False,False,False,False,False,False,False,False,False,2026-09-16
2583,2583.HK,HIPINE,西普尼,33.94,100,Equity,Equity Securities (Main Board),57.7,61.95,61.95,56.3,231900,13.38,67.34,75.335,-14.32,-23.41,-5.33,-22.6,-26.96,216.0,216.0,216.0,216.0,216.0,-71.32,-71.32,-71.32,73.29,73.29,False,False,False,False,False,False,False,False,False,2026-09-16
2585,2585.HK,MOKINGRAN,梦金园,71.15,200,Equity,Equity Securities (Main Board),26.06,27.0,27.2,25.72,88200,2.3,26.712,27.766,-2.44,-6.14,-2.32,1.96,-10.45,34.88,34.88,34.88,34.88,34.88,-22.02,-22.02,-22.02,25.29,25.29,False,False,False,False,False,False,False,False,False,2026-09-16
2586,2586.HK,DMALL,多点数智,43.12,100,Equity,Equity Securities (Main Board),4.98,4.805,5.145,4.66,9630300,47.96,4.567,4.357,9.04,14.31,4.51,13.44,27.53,9.68,21.75,21.75,9.68,21.75,-46.85,-76.34,-76.34,48.55,77.1,True,True,False,False,False,False,False,False,False,2026-09-16
2587,2587.HK,HEALTHYWAY INC,健康之路,7.82,500,Equity,Equity Securities (Main Board),0.895,0.95,0.95,0.83,2445000,2.19,0.905,1.113,-1.1,-19.62,5.29,-0.56,-14.35,6.56,62.7,62.7,6.56,62.7,-85.52,-98.48,-98.48,86.36,98.57,False,False,False,False,False,False,False,False,False,2026-09-16
2588,2588.HK,BOC AVIATION,中银航空租赁,494.83,100,Equity,Equity Securities (Main Board),71.3,71.35,71.95,70.6,710498,50.66,72.85,73.135,-2.13,-2.51,-0.35,-4.36,-4.23,91.95,91.95,91.95,91.95,91.95,-21.75,-21.75,-21.75,22.46,22.46,False,False,False,False,False,False,False,False,False,2026-09-16
2589,2589.HK,AUNTEA JENNY,沪上阿姨,69.26,30,Equity,Equity Securities (Main Board),73.15,76.6,76.8,73.05,153150,11.2,77.0,79.22,-5.0,-7.66,-4.13,-6.93,-9.13,176.9,197.6,197.6,176.9,197.6,-56.59,-61.13,-61.13,58.65,62.98,False,False,False,False,False,False,False,False,False,2026-09-16
2590,2590.HK,GEEKPLUS-W,极智嘉－Ｗ,80.16,200,Equity,Equity Securities (Main Board),8.18,8.185,8.25,7.95,23083023,188.82,8.464,8.852,-3.36,-7.59,-0.06,-6.51,-12.51,33.5,33.9,33.9,33.5,33.9,-75.37,-75.66,-75.66,75.58,75.87,False,False,False,False,False,False,False,False,False,2026-09-16
2591,2591.HK,INNOGEN-B,银诺医药－Ｂ,15.91,200,Equity,Equity Securities (Main Board),3.785,4.08,4.125,3.78,10732800,40.62,3.968,3.8,-4.61,-0.39,-7.23,-5.14,-1.3,48.36,74.0,74.0,48.36,74.0,-91.47,-94.43,-94.43,92.17,94.89,False,False,False,False,False,False,False,False,False,2026-09-16
2593,2593.HK,HERBS GROUP,草姬集团,1.28,800,Equity,Equity Securities (Main Board),0.96,0.945,0.96,0.94,29600,0.03,0.949,0.95,1.16,1.05,-0.52,2.13,0.0,1.22,5.05,5.05,1.22,5.05,-21.31,-80.99,-80.99,21.31,80.99,False,False,True,True,False,False,False,False,False,2026-09-16
2595,2595.HK,GENFLEET-B,劲方医药－Ｂ,86.73,200,Equity,Equity Securities (Main Board),24.7,25.28,25.28,24.66,989600,24.44,25.488,26.382,-3.09,-6.38,-3.14,-3.06,-6.08,52.9,52.9,52.9,52.9,52.9,-52.21,-52.21,-52.21,53.31,53.31,False,False,False,False,False,False,False,False,False,2026-09-16
2597,2597.HK,XUNZHONG,讯众通信,11.96,500,Equity,Equity Securities (Main Board),39.28,41.5,41.5,39.28,18000,0.71,40.48,37.678,-2.96,4.25,-6.48,-0.1,12.23,49.08,49.08,49.08,49.08,49.08,-15.44,-15.44,-15.44,19.97,19.97,False,False,False,False,False,False,False,False,False,2026-09-16
2598,2598.HK,LIANLIAN,连连数字,14.72,500,Equity,Equity Securities (Main Board),3.43,3.53,3.53,3.415,589000,2.02,3.565,3.675,-3.79,-6.68,-2.83,-4.06,-7.42,7.8,18.0,18.0,7.8,18.0,-54.74,-80.39,-80.39,56.03,80.94,False,False,False,False,False,False,False,False,False,2026-09-16
2600,2600.HK,CHALCO,中国铝业,320.45,"2,000",Equity,Equity Securities (Main Board),8.125,8.05,8.15,7.835,36063977,293.02,8.273,8.564,-1.79,-5.13,1.63,-2.64,-8.71,15.55,15.55,15.55,15.55,15.55,-47.59,-47.59,-47.59,47.75,47.75,False,False,False,False,False,False,False,False,False,2026-09-16
2601,2601.HK,CPIC,中国太保,797.62,200,Equity,Equity Securities (Main Board),28.74,28.94,28.94,28.48,7130906,204.94,29.172,29.754,-1.48,-3.41,-0.69,-2.24,-1.91,40.46,40.46,42.75,40.46,40.46,-28.47,-28.47,-32.3,28.97,28.97,False,False,False,False,False,False,False,False,False,2026-09-16
2602,2602.HK,ONEWO,万物云,220.94,100,Equity,Equity Securities (Main Board),19.26,18.99,19.41,18.91,591976,11.4,19.4,19.457,-0.72,-1.01,0.21,0.52,-2.53,21.3,28.25,57.1,21.3,28.25,-8.87,-31.29,-66.01,9.58,31.82,False,False,False,False,False,False,False,True,False,2026-09-16
2603,2603.HK,JIHONG CO,吉宏股份,9.71,500,Equity,Equity Securities (Main Board),12.57,12.55,12.7,12.52,2095500,26.34,12.688,12.773,-0.93,-1.59,0.0,-1.41,-1.8,18.68,20.4,20.4,18.68,20.4,-32.01,-37.75,-37.75,32.71,38.38,False,False,False,False,False,False,False,False,False,2026-09-16
2605,2605.HK,METALIGHT,METALIGHT,1.84,400,Equity,Equity Securities (Main Board),1.185,1.075,1.19,1.065,16400,0.02,1.116,1.136,6.18,4.31,10.23,7.73,3.95,2.87,8.31,8.31,2.87,8.31,-58.54,-85.68,-85.68,58.71,85.74,False,False,False,True,False,False,False,False,False,2026-09-16
2607,2607.HK,SH PHARMA,上海医药,99.81,100,Equity,Equity Securities (Main Board),10.86,10.94,10.98,10.8,3325800,36.12,11.038,11.272,-1.61,-3.66,-1.36,-1.54,-5.65,12.32,14.7,24.55,12.32,14.7,-10.88,-25.31,-55.27,11.85,26.12,False,False,False,False,False,False,False,False,False,2026-09-16
2608,2608.HK,SUNSHINE 100,阳光１００中国,0.26,"1,000",Equity,Equity Securities (Main Board),0.01,0.01,0.011,0.01,18025000,0.18,0.011,0.011,-5.66,-7.41,0.0,-9.09,-9.09,0.01,0.37,4.21,0.01,0.37,-26.67,-97.03,-99.74,33.33,97.3,False,False,False,False,False,False,False,False,False,2026-09-16
2609,2609.HK,BAYZED HEALTH,佰泽医疗,38.83,600,Equity,Equity Securities (Main Board),2.945,2.925,2.975,2.89,3694200,10.88,2.868,2.892,2.68,1.83,0.68,4.99,4.43,5.82,19.88,19.88,5.82,19.88,-48.88,-85.04,-85.04,49.4,85.19,True,False,False,True,False,False,False,False,False,2026-09-16
2610,2610.HK,NANSHAN AL INTL,南山铝业国际,155.48,100,Equity,Equity Securities (Main Board),25.06,24.7,25.18,24.32,516490,12.94,25.0,25.536,0.24,-1.86,1.46,0.08,-7.73,74.8,74.8,74.8,74.8,74.8,-66.34,-66.34,-66.34,66.5,66.5,False,False,False,False,False,False,False,False,False,2026-09-16
2611,2611.HK,GTHT,国泰海通,526.92,200,Equity,Equity Securities (Main Board),15.03,14.78,15.1,14.73,25365984,381.25,14.908,15.013,0.82,0.11,1.14,1.9,-0.07,18.53,18.56,21.35,18.53,18.56,-18.51,-18.64,-29.27,18.89,19.02,False,False,False,True,False,False,False,False,False,2026-09-16
2613,2613.HK,CONTIOCEAN,汇舸环保,12.4,100,Equity,Equity Securities (Main Board),31.0,31.0,31.0,31.0,500,0.02,31.0,31.0,0.0,0.0,0.0,0.0,0.0,37.0,38.04,38.04,37.0,38.04,-16.22,-18.51,-18.51,16.22,18.51,False,False,False,False,False,False,False,False,False,2026-09-16
2616,2616.HK,CSTONE PHARMA-B,基石药业－Ｂ,82.93,500,Equity,Equity Securities (Main Board),5.195,5.95,5.95,5.125,20548379,106.75,5.796,5.976,-10.37,-13.07,-12.62,-10.2,-15.73,10.41,13.15,19.12,10.41,13.15,-42.84,-54.75,-68.88,50.1,60.49,False,False,False,False,False,False,False,False,False,2026-09-16
2617,2617.HK,TRANSTHERA-B,药捷安康－Ｂ,29.2,500,Equity,Equity Securities (Main Board),9.36,9.62,9.64,9.31,2073500,19.41,9.461,9.647,-1.07,-2.98,-1.89,-0.16,-0.43,120.4,679.5,679.5,120.4,679.5,-91.99,-98.58,-98.58,92.23,98.62,False,False,False,False,False,False,False,False,False,2026-09-16
2618,2618.HK,JD LOGISTICS,京东物流,687.4,100,Equity,Equity Securities (Main Board),10.37,10.8,10.8,10.35,14792098,153.39,10.686,10.864,-2.96,-4.55,-2.26,-3.89,-4.69,16.76,16.84,48.15,16.76,16.84,-35.56,-35.87,-77.57,38.13,38.42,False,False,False,False,False,False,False,False,False,2026-09-16
2619,2619.HK,XJ ELECTRICS,香江电器,0.77,"1,000",Equity,Equity Securities (Main Board),1.13,1.07,1.135,1.07,113000,0.13,1.176,1.213,-3.91,-6.88,-1.31,-9.24,-10.32,2.61,2.61,2.61,2.61,2.61,-56.51,-56.51,-56.51,56.7,56.7,False,False,False,False,False,False,False,False,False,2026-09-16
2621,2621.HK,SHOUHUI GROUP,手回集团,6.36,400,Equity,Equity Securities (Main Board),2.81,2.72,2.81,2.72,18000,0.05,2.817,2.814,-0.25,-0.16,-0.18,-0.18,-0.71,3.79,7.5,7.5,3.79,7.5,-25.86,-62.53,-62.53,25.86,62.53,False,False,False,False,False,False,False,False,False,2026-09-16
2623,2623.HK,HK GOLD IND GP,香港黄金产业集团,18.85,500,Equity,Equity Securities (Main Board),3.435,3.255,3.485,3.255,814500,2.8,3.501,3.589,-1.89,-4.29,0.15,-4.85,-4.18,6.77,6.77,7.57,6.77,6.77,-48.52,-48.52,-53.95,49.26,49.26,False,False,False,False,False,False,False,False,False,2026-09-16
2625,2625.HK,JIANGSU HORIZON,江苏宏信,2.34,"1,000",Equity,Equity Securities (Main Board),0.995,1.225,1.225,0.96,4429000,4.41,1.288,1.573,-22.75,-36.75,-17.08,-30.9,-45.18,5.4,8.86,8.86,5.4,8.86,-77.31,-86.17,-86.17,81.57,88.77,False,False,False,False,False,False,False,False,False,2026-09-16
2628,2628.HK,CHINA LIFE,中国人寿,2123.71,"1,000",Equity,Equity Securities (Main Board),28.54,29.34,29.34,28.42,33548248,957.47,29.408,29.752,-2.95,-4.07,-1.45,-3.58,-3.19,36.16,36.16,36.16,36.16,36.16,-18.86,-18.86,-18.86,21.07,21.07,False,False,False,False,False,False,False,False,False,2026-09-16
2630,2630.HK,VIGONVITA-B,旺山旺水－Ｂ,131.85,200,Equity,Equity Securities (Main Board),79.0,78.45,79.0,73.55,87400,6.9,79.28,85.06,-0.35,-7.12,0.25,5.33,-3.54,134.9,134.9,134.9,134.9,134.9,-41.44,-41.44,-41.44,41.44,41.44,False,False,False,False,False,False,False,False,False,2026-09-16
2631,2631.HK,SICC,天岳先进,35.03,100,Equity,Equity Securities (Main Board),63.8,59.7,64.55,59.7,3060900,195.29,60.71,62.785,5.09,1.62,7.59,6.24,-1.85,138.7,138.7,138.7,138.7,138.7,-53.46,-53.46,-53.46,54.0,54.0,False,False,False,True,False,False,False,False,False,2026-09-16
2632,2632.HK,NEW VISION CO,泽景股份,67.82,50,Equity,Equity Securities (Main Board),62.2,65.05,65.05,61.0,78650,4.89,61.71,64.415,0.79,-3.44,0.32,0.89,1.63,137.5,137.5,137.5,137.5,137.5,-52.69,-52.69,-52.69,54.76,54.76,True,False,True,False,False,False,False,False,False,2026-09-16
2633,2633.HK,JACOBSON PHARMA,雅各臣科研制药,19.6,"2,000",Equity,Equity Securities (Main Board),0.98,0.975,0.98,0.96,652000,0.64,0.968,0.987,1.24,-0.76,1.55,3.16,1.55,1.31,1.78,1.78,1.31,1.78,-25.19,-44.94,-44.94,25.19,44.94,False,False,False,False,False,False,False,False,False,2026-09-16
2635,2635.HK,NUOBIKAN,诺比侃,32.32,100,Equity,Equity Securities (Main Board),10.62,10.1,10.87,9.92,6346700,67.4,10.301,10.336,3.1,2.75,7.0,-0.65,6.25,83.2,83.2,83.2,83.2,83.2,-86.94,-86.94,-86.94,87.24,87.24,False,False,False,True,False,False,False,False,False,2026-09-16
2637,2637.HK,HAIXI PHARMA,海西新药,156.16,50,Equity,Equity Securities (Main Board),198.4,196.0,201.8,192.1,85368,16.94,192.62,195.42,3.0,1.52,3.33,2.8,3.17,302.4,302.4,302.4,302.4,302.4,-33.27,-33.27,-33.27,34.39,34.39,False,False,True,True,False,False,False,False,False,2026-09-16
2638,2638.HK,HKELECTRIC-SS,港灯－ＳＳ,554.91,500,Equity,Equity Securities (Main Board),6.28,6.25,6.3,6.25,1231879,7.74,6.295,6.304,-0.24,-0.37,0.48,-0.55,-1.26,7.1,7.1,8.32,7.1,7.1,-11.27,-11.27,-24.28,11.55,11.55,False,False,False,False,False,False,False,False,False,2026-09-16
2643,2643.HK,CAOCAO INC,曹操出行,74.32,100,Equity,Equity Securities (Main Board),12.81,11.2,15.57,11.08,23662584,303.12,11.972,12.724,7.0,0.68,14.58,7.92,-2.59,39.34,92.5,92.5,39.34,92.5,-60.42,-83.17,-83.17,67.44,86.15,False,False,False,True,False,False,False,False,False,2026-09-16
2648,2648.HK,ANJOY FOOD,安井食品,24.4,100,Equity,Equity Securities (Main Board),61.0,60.45,61.55,60.15,280040,17.08,60.86,61.79,0.23,-1.28,0.99,0.41,1.24,94.1,94.1,94.1,94.1,94.1,-34.59,-34.59,-34.59,35.18,35.18,False,False,False,False,False,False,False,False,False,2026-09-16
2650,2650.HK,ZHIDA TECH,挚达科技,31.49,50,Equity,Equity Securities (Main Board),9.9,8.59,11.7,8.575,96685450,957.19,10.624,9.036,-6.81,9.56,15.25,-2.75,37.5,65.28,65.28,65.28,65.28,65.28,-82.08,-82.08,-82.08,84.83,84.83,False,False,False,False,False,False,False,False,False,2026-09-16
2651,2651.HK,DAZHONG DENTAL,大众口腔,5.32,100,Equity,Equity Securities (Main Board),29.18,29.6,29.6,29.18,1900,0.06,28.82,28.804,1.25,1.31,-0.41,2.82,-1.08,31.3,31.3,31.3,31.3,31.3,-5.43,-5.43,-5.43,6.77,6.77,False,False,False,False,False,False,False,True,True,2026-09-16
2652,2652.HK,CF PHARMTECH,长风药业,33.48,100,Equity,Equity Securities (Main Board),10.38,10.06,10.65,9.87,1988700,20.64,10.104,10.292,2.73,0.86,3.18,0.19,11.79,39.5,48.8,48.8,39.5,48.8,-73.04,-78.18,-78.18,73.72,78.73,False,False,False,True,False,False,False,False,False,2026-09-16
2655,2655.HK,GUOXIA TECH,果下科技,57.86,100,Equity,Equity Securities (Main Board),14.66,14.88,14.88,14.01,1308900,19.19,15.134,15.512,-3.13,-5.49,0.76,-5.6,-6.33,76.8,76.8,76.8,76.8,76.8,-80.63,-80.63,-80.63,80.91,80.91,False,False,False,False,False,False,False,False,False,2026-09-16
2656,2656.HK,160 HEALTH,健康１６０,25.97,250,Equity,Equity Securities (Main Board),7.48,7.63,8.185,7.26,3672000,27.47,8.238,8.988,-9.2,-16.78,-1.25,-12.57,-18.52,158.4,158.4,158.4,158.4,158.4,-94.83,-94.83,-94.83,95.28,95.28,False,False,False,False,False,False,False,False,False,2026-09-16
2657,2657.HK,FOREST CABIN,林清轩,52.62,50,Equity,Equity Securities (Main Board),49.58,54.3,54.3,47.56,92200,4.57,51.462,53.156,-3.66,-6.73,-2.59,-6.54,-7.84,96.0,96.0,96.0,96.0,96.0,-43.44,-43.44,-43.44,48.35,48.35,False,False,False,False,False,False,False,False,False,2026-09-16
2658,2658.HK,TIANYU SEMI,天域半导体,23.8,50,Equity,Equity Securities (Main Board),40.38,35.18,40.8,34.52,611750,24.7,36.224,37.034,11.47,9.03,13.87,16.37,6.26,63.5,63.5,63.5,63.5,63.5,-35.75,-35.75,-35.75,36.41,36.41,False,False,False,True,False,False,False,False,False,2026-09-16
2659,2659.HK,BAO PHARMA-B,宝济药业－Ｂ,19.79,100,Equity,Equity Securities (Main Board),13.06,13.38,13.69,12.98,426800,5.57,14.002,15.004,-6.73,-12.96,-3.19,-8.74,-17.34,206.0,206.0,206.0,206.0,206.0,-93.35,-93.35,-93.35,93.66,93.66,False,False,False,False,False,False,False,False,False,2026-09-16
2660,2660.HK,ZENGAME,禅游科技,24.06,"2,000",Equity,Equity Securities (Main Board),2.3,2.335,2.34,2.295,126000,0.29,2.336,2.328,-1.54,-1.2,-2.13,-1.5,-2.13,2.88,5.88,5.88,2.88,5.88,-18.75,-60.2,-60.2,20.14,60.88,False,False,False,False,False,False,False,False,False,2026-09-16
2661,2661.HK,QINGSONG HEALTH,轻松健康,8.95,200,Equity,Equity Securities (Main Board),4.335,4.16,4.43,4.14,14768800,64.02,4.45,4.592,-2.58,-5.6,4.21,-3.67,-2.36,162.7,162.7,162.7,162.7,162.7,-97.28,-97.28,-97.28,97.34,97.34,False,False,False,False,False,False,False,False,False,2026-09-16
2663,2663.HK,KPA-BM HLDGS,应力控股,2.09,"10,000",Equity,Equity Securities (Main Board),0.375,0.39,0.39,0.375,450000,0.17,0.424,0.435,-11.56,-13.79,-3.85,-15.73,-19.35,0.52,0.52,0.86,0.52,0.52,-25.71,-25.71,-54.65,28.57,28.57,False,False,False,False,False,False,False,False,False,2026-09-16
2665,2665.HK,SEYOND,图达通,25.07,500,Equity,Equity Securities (Main Board),1.915,1.895,1.985,1.87,4476000,8.57,1.99,2.065,-3.77,-7.29,0.79,-6.59,-8.15,13.98,17.88,17.88,13.98,17.88,-85.8,-88.9,-88.9,86.3,89.29,False,False,False,False,False,False,False,False,False,2026-09-16
2666,2666.HK,UNI MEDICAL,环球医疗,92.65,500,Equity,Equity Securities (Main Board),4.6,4.52,4.605,4.52,5904000,27.16,4.569,4.617,0.68,-0.37,1.77,1.43,-2.13,6.39,6.71,8.47,6.39,6.71,-27.93,-31.37,-45.63,28.01,31.45,False,False,False,False,False,False,False,False,False,2026-09-16
2667,2667.HK,TONGRENTANGCARE,同仁堂医养,5.02,500,Equity,Equity Securities (Main Board),2.3,2.29,2.3,2.265,51050,0.12,2.333,2.367,-1.41,-2.83,0.0,-3.97,-4.17,4.79,4.79,4.79,4.79,4.79,-51.98,-51.98,-51.98,51.98,51.98,False,False,False,False,False,False,False,False,False,2026-09-16
2668,2668.HK,PAK TAK INT'L,百德国际,32.65,"10,000",Equity,Equity Securities (Main Board),0.58,0.54,0.585,0.54,18590000,10.78,0.533,0.527,8.82,10.16,7.41,11.54,17.17,0.69,1.4,1.4,0.69,1.4,-14.6,-58.21,-58.21,15.33,58.57,False,False,False,False,False,False,False,False,False,2026-09-16
2669,2669.HK,CHINA OVS PPT,中海物业,109.85,"5,000",Equity,Equity Securities (Main Board),3.345,3.32,3.35,3.315,4355400,14.57,3.349,3.446,-0.12,-2.92,0.45,2.29,-5.37,4.95,9.15,11.04,4.95,9.15,-32.32,-63.39,-69.66,32.42,63.44,True,False,False,False,False,False,False,False,False,2026-09-16
2670,2670.HK,YUNJI,云迹,59.43,50,Equity,Equity Securities (Main Board),85.7,88.7,92.05,83.9,339150,29.07,89.78,95.755,-4.54,-10.5,0.65,-12.55,-1.66,358.4,358.4,358.4,358.4,358.4,-74.32,-74.32,-74.32,76.09,76.09,False,False,False,False,False,False,False,False,False,2026-09-16
2672,2672.HK,BAIGE DIGITAL,白鸽在线,70.95,200,Equity,Equity Securities (Main Board),47.0,40.02,47.86,38.5,4240520,199.3,38.068,40.393,23.46,16.36,20.2,37.19,47.52,79.0,79.0,79.0,79.0,79.0,-39.42,-39.42,-39.42,40.51,40.51,True,True,False,True,False,False,False,False,False,2026-09-16
2675,2675.HK,EDGE MEDICAL-B,精锋医疗－Ｂ,111.71,100,Equity,Equity Securities (Main Board),34.32,34.0,35.46,33.78,233150,8.0,35.264,35.448,-2.68,-3.18,-2.11,-7.24,-9.11,73.7,73.7,73.7,73.7,73.7,-51.89,-51.89,-51.89,53.43,53.43,False,False,False,False,False,False,False,False,False,2026-09-16
2676,2676.HK,NOVOSENSE,纳芯微,31.83,100,Equity,Equity Securities (Main Board),158.4,157.2,161.4,157.2,55500,8.79,157.64,157.13,0.48,0.81,0.76,1.08,-1.0,252.0,252.0,252.0,252.0,252.0,-35.95,-35.95,-35.95,37.14,37.14,False,False,False,False,False,False,False,False,False,2026-09-16
2677,2677.HK,DISTINCT HEALTH,卓正医疗,14.36,50,Equity,Equity Securities (Main Board),22.24,24.5,24.5,22.02,600,0.01,23.452,23.316,-5.17,-4.61,-7.87,-4.96,-5.68,90.85,90.85,90.85,90.85,90.85,-73.03,-73.03,-73.03,75.52,75.52,False,False,False,False,False,False,False,False,False,2026-09-16
2678,2678.HK,TEXHONG INTL GP,天虹国际集团,51.02,500,Equity,Equity Securities (Main Board),5.565,5.56,5.62,5.465,208440,1.16,5.633,5.811,-1.21,-4.23,3.06,-3.22,-3.22,7.64,7.64,14.56,7.64,7.64,-26.44,-26.44,-61.4,27.16,27.16,False,False,False,False,False,False,False,False,False,2026-09-16
2682,2682.HK,YUN LEE MARINE,润利海事,1.26,"4,000",Equity,Equity Securities (Main Board),0.126,0.129,0.13,0.126,956000,0.12,0.126,0.125,0.16,0.96,-0.79,0.0,5.88,0.17,0.23,0.5,0.17,0.23,-25.29,-43.48,-74.0,27.59,45.22,False,False,False,False,False,False,False,False,False,2026-09-16
2685,2685.HK,QUANTGROUP,量化派,20.87,500,Equity,Equity Securities (Main Board),4.015,3.875,4.16,3.845,51768500,207.85,4.078,4.016,-1.54,-0.04,4.83,-7.49,6.78,43.36,43.36,43.36,43.36,43.36,-90.41,-90.41,-90.41,90.74,90.74,False,False,False,False,False,False,False,False,False,2026-09-16
2687,2687.HK,ABLE DIGITAL,卓越睿新,226.13,100,Equity,Equity Securities (Main Board),365.0,355.0,366.6,337.6,125300,45.73,343.96,348.12,6.12,4.85,2.93,13.85,6.29,371.8,371.8,371.8,371.8,371.8,-1.4,-1.4,-1.4,1.83,1.83,True,False,False,True,False,False,False,True,True,2026-09-16
2688,2688.HK,ENN ENERGY,新奥能源,569.88,100,Equity,Equity Securities (Main Board),50.35,50.0,50.8,49.74,4153242,209.12,49.522,49.892,1.67,0.92,1.76,4.59,-2.14,72.0,79.55,178.8,72.0,79.55,-29.44,-36.14,-71.59,30.07,36.71,True,False,False,True,False,False,False,False,False,2026-09-16
2689,2689.HK,ND PAPER,玖龙纸业,285.76,"1,000",Equity,Equity Securities (Main Board),6.09,6.1,6.23,6.0,11236000,68.43,6.226,6.395,-2.18,-4.76,-1.06,-3.26,-7.31,9.97,9.97,17.42,9.97,9.97,-37.51,-37.51,-64.24,38.92,38.92,False,False,False,False,False,False,False,False,False,2026-09-16
2692,2692.HK,ZHAOWEI,兆威机电,9.77,100,Equity,Equity Securities (Main Board),37.28,37.24,38.0,36.72,312700,11.66,37.484,38.27,-0.54,-2.59,-0.27,-0.48,-3.57,94.8,94.8,94.8,94.8,94.8,-59.92,-59.92,-59.92,60.68,60.68,False,False,False,False,False,False,False,False,False,2026-09-16
2693,2693.HK,JINYAN KAOLIN,金岩高岭新材,0.72,500,Equity,Equity Securities (Main Board),2.98,2.985,2.985,2.985,20000,0.06,2.972,2.979,0.27,0.03,-0.17,-0.67,0.0,5.74,9.8,9.8,5.74,9.8,-48.0,-69.54,-69.54,48.08,69.59,False,False,False,False,False,False,False,False,False,2026-09-16
2695,2695.HK,IMPRESSION DHP,印象大红袍,0.42,"1,000",Equity,Equity Securities (Main Board),1.165,1.165,1.165,1.165,1000,0.0,1.153,1.174,1.04,-0.81,-0.43,1.75,-1.27,2.51,3.4,3.4,2.51,3.4,-53.59,-65.74,-65.74,53.59,65.74,False,False,False,False,False,False,False,False,False,2026-09-16
2696,2696.HK,HENLIUS,复宏汉霖,199.5,100,Equity,Equity Securities (Main Board),57.35,59.25,59.35,56.1,1249900,71.68,61.73,64.645,-7.1,-11.28,-3.21,-8.97,-14.66,87.1,92.0,92.0,87.1,92.0,-31.86,-35.49,-35.49,34.16,37.66,False,False,False,False,False,False,False,False,False,2026-09-16
2697,2697.HK,TH MEDICAL-B,真健康医疗－Ｂ,111.36,20,Equity,Equity Securities (Main Board),312.4,326.0,336.2,285.6,334700,104.56,301.44,372.18,3.64,-16.06,-8.17,10.54,6.62,886.0,886.0,886.0,886.0,886.0,-62.05,-62.05,-62.05,64.74,64.74,False,False,True,False,False,False,False,False,False,2026-09-16
2698,2698.HK,SOFTCARE,乐舒适,179.79,200,Equity,Equity Securities (Main Board),28.96,29.16,29.38,28.38,521455,15.1,29.076,29.87,-0.4,-3.05,1.26,-1.43,-3.47,35.9,36.8,36.8,35.9,36.8,-18.16,-20.16,-20.16,19.33,21.3,False,False,False,False,False,False,False,False,False,2026-09-16
2699,2699.HK,XINMING CHINA,新明中国,1.53,"2,000",Equity,Equity Securities (Main Board),5.8,5.705,5.82,5.7,67960,0.39,5.648,5.623,2.69,3.14,1.67,4.04,5.45,8.12,108.0,3159.85,8.12,108.0,-28.37,-94.61,-99.82,28.62,94.63,False,False,False,False,False,False,False,False,False,2026-09-16
2700,2700.HK,GREEN INTL HLDG,格林国际控股,3.89,"20,000",Equity,Equity Securities (Main Board),0.59,0.59,0.59,0.59,20000,0.01,0.593,0.587,-0.51,0.51,0.85,-1.67,0.85,0.72,0.72,6.01,0.72,0.72,-18.06,-18.06,-90.18,18.06,18.06,False,False,False,False,False,False,False,False,False,2026-09-16
2701,2701.HK,NSING TECH,国民技术,7.63,200,Equity,Equity Securities (Main Board),8.03,7.92,8.18,7.905,1688800,13.56,8.11,8.442,-0.99,-4.89,1.58,-0.93,-5.53,17.14,17.14,17.14,17.14,17.14,-52.28,-52.28,-52.28,53.15,53.15,False,False,False,False,False,False,False,False,False,2026-09-16
2706,2706.HK,HAIZHI TECH GP,海致科技集团,164.19,200,Equity,Equity Securities (Main Board),40.62,42.86,43.54,40.6,1454800,59.09,41.98,48.345,-3.24,-15.98,-5.14,-2.54,-20.35,161.6,161.6,161.6,161.6,161.6,-73.06,-73.06,-73.06,74.86,74.86,False,False,False,False,False,False,False,False,False,2026-09-16
2714,2714.HK,MUYUAN,牧原股份,114.96,100,Equity,Equity Securities (Main Board),37.28,37.98,38.4,36.88,2888500,107.68,37.98,38.366,-1.84,-2.83,-2.92,-2.1,-5.43,50.7,50.7,50.7,50.7,50.7,-24.26,-24.26,-24.26,26.47,26.47,False,False,False,False,False,False,False,False,False,2026-09-16
2715,2715.HK,ESTUN,埃斯顿,14.14,200,Equity,Equity Securities (Main Board),14.61,14.35,14.7,14.21,1856200,27.12,14.516,15.248,0.65,-4.18,1.88,1.04,-4.13,26.18,26.18,26.18,26.18,26.18,-43.85,-43.85,-43.85,44.19,44.19,False,False,False,False,False,False,False,False,False,2026-09-16
2718,2718.HK,MININGLAMP-W,明略科技－Ｗ,56.63,40,Equity,Equity Securities (Main Board),41.02,40.52,41.68,39.92,1479232,60.68,42.408,46.22,-3.27,-11.25,1.23,-5.0,-14.15,357.0,357.0,357.0,357.0,357.0,-88.32,-88.32,-88.32,88.51,88.51,False,False,False,False,False,False,False,False,False,2026-09-16
2720,2720.HK,RIDGE OUTDOOR,乐欣户外,36.41,500,Equity,Equity Securities (Main Board),28.4,27.46,28.4,27.46,10000,0.28,27.864,27.286,1.92,4.08,2.38,2.23,2.82,39.5,39.5,39.5,39.5,39.5,-28.1,-28.1,-28.1,28.1,28.1,False,False,True,False,False,False,False,False,False,2026-09-16
2722,2722.HK,CHONGQING M&E,重庆机电,18.92,"2,000",Equity,Equity Securities (Main Board),1.72,1.68,1.725,1.67,3702000,6.37,1.763,1.793,-2.44,-4.07,1.78,-4.18,-7.03,3.82,3.82,3.82,3.82,3.82,-54.84,-54.84,-54.84,54.97,54.97,False,False,False,False,False,False,False,False,False,2026-09-16
2723,2723.HK,DEEPZERO,深演智能,470.62,100,Equity,Equity Securities (Main Board),519.0,450.0,570.0,414.6,343814,178.44,529.08,654.99,-1.91,-20.76,14.47,-8.63,-25.22,1006.0,1006.0,1006.0,1006.0,1006.0,-43.34,-43.34,-43.34,48.41,48.41,False,False,False,False,False,False,False,False,False,2026-09-16
2726,2726.HK,EPIWORLD,瀚天天成,97.58,50,Equity,Equity Securities (Main Board),82.05,82.0,84.5,78.1,182750,14.99,93.15,100.335,-11.92,-18.22,0.67,-21.71,-21.48,141.0,141.0,141.0,141.0,141.0,-40.07,-40.07,-40.07,41.81,41.81,False,False,False,False,False,False,False,False,False,2026-09-16
2727,2727.HK,SH ELECTRIC,上海电气,84.23,"2,000",Equity,Equity Securities (Main Board),2.88,2.87,2.9,2.85,6868000,19.78,2.941,3.0,-2.07,-4.0,0.35,-4.0,-7.1,5.33,5.71,5.71,5.33,5.71,-45.59,-49.21,-49.21,45.97,49.56,False,False,False,False,False,False,False,False,False,2026-09-16
2729,2729.HK,GALAXIS TECH,凯乐士科技,151.9,200,Equity,Equity Securities (Main Board),35.5,38.7,38.7,33.42,313489,11.13,38.252,36.494,-7.19,-2.72,-6.53,-16.31,-1.5,47.0,47.0,47.0,47.0,47.0,-17.66,-17.66,-17.66,24.47,24.47,False,False,False,False,False,False,False,False,False,2026-09-16
2738,2738.HK,HUAJIN INTL,华津国际控股,1.04,"2,000",Equity,Equity Securities (Main Board),0.173,0.219,0.219,0.15,4484000,0.78,0.222,0.188,-22.21,-8.13,-21.0,-30.8,-30.24,0.54,1.99,3.25,0.54,1.99,-59.07,-88.99,-93.26,67.66,91.31,False,False,False,False,False,False,False,False,False,2026-09-16
2768,2768.HK,GON TECHNOLOGY,国恩科技,17.32,200,Equity,Equity Securities (Main Board),39.0,36.8,39.8,36.8,1155880,45.08,37.536,37.534,3.9,3.91,5.18,6.44,6.5,59.3,59.3,59.3,59.3,59.3,-32.88,-32.88,-32.88,34.23,34.23,False,False,False,True,False,False,False,False,False,2026-09-16
2772,2772.HK,ZHONGLIANG HLDG,中梁控股,1.34,500,Equity,Equity Securities (Main Board),0.03,0.03,0.03,0.028,2406000,0.07,0.034,0.036,-10.71,-17.58,0.0,-18.92,-21.05,0.07,0.56,6.56,0.07,0.56,-59.46,-94.64,-99.54,59.46,94.64,False,False,False,False,False,False,False,False,False,2026-09-16
2777,2777.HK,R&F PROPERTIES,富力地产,4.62,400,Equity,Equity Securities (Main Board),0.123,0.123,0.123,0.122,669600,0.08,0.125,0.147,-1.91,-16.21,0.0,-3.91,-6.82,0.65,3.45,23.85,0.65,3.45,-81.08,-96.43,-99.48,81.08,96.43,False,False,False,False,False,False,False,False,False,2026-09-16
2779,2779.HK,CH XINHUA EDU,中国新华教育,5.23,"1,000",Equity,Equity Securities (Main Board),0.325,0.335,0.335,0.325,37000,0.01,0.335,0.337,-2.99,-3.56,-5.8,-1.52,-1.52,0.61,0.9,4.47,0.61,0.9,-45.08,-62.78,-92.51,46.72,63.89,False,False,False,False,False,False,False,False,False,2026-09-16
2788,2788.HK,CHUANGXIN IND,创新实业,337.19,500,Equity,Equity Securities (Main Board),16.25,16.03,16.32,15.85,2329607,37.86,16.608,17.109,-2.16,-5.02,1.5,-3.85,-10.81,33.96,33.96,33.96,33.96,33.96,-51.94,-51.94,-51.94,52.15,52.15,False,False,False,False,False,False,False,False,False,2026-09-16
2789,2789.HK,YUANDA CHINA,远大中国,10.93,"2,000",Equity,Equity Securities (Main Board),0.176,0.17,0.176,0.166,192000,0.03,0.174,0.174,1.03,1.09,1.73,-0.56,-1.12,0.25,0.25,0.28,0.25,0.25,-30.98,-30.98,-37.14,30.98,30.98,False,False,False,True,False,False,False,False,False,2026-09-16
2797,2797.HK,QIYUNSHAN FOOD,齐云山食品,20.0,500,Equity,Equity Securities (Main Board),80.0,80.0,80.05,80.0,2000,0.16,83.56,87.34,-4.26,-8.4,0.0,-6.43,-14.53,118.7,118.7,118.7,118.7,118.7,-32.56,-32.56,-32.56,32.6,32.6,False,False,False,False,False,False,False,False,False,2026-09-16
2798,2798.HK,PER ENERGY,久泰邦达能源,14.4,"5,000",Equity,Equity Securities (Main Board),0.9,0.87,0.9,0.85,140000,0.13,0.895,0.875,0.56,2.86,2.27,0.56,8.43,1.27,1.33,16.7,1.27,1.33,-29.13,-32.33,-94.61,29.13,32.33,False,False,False,True,False,False,False,False,False,2026-09-16
2799,2799.HK,CITIC FAMC,中信金融资产,217.48,"1,000",Equity,Equity Securities (Main Board),0.615,0.61,0.615,0.605,39431000,24.25,0.623,0.641,-1.28,-4.06,0.0,-1.6,-3.91,0.92,1.41,4.13,0.92,1.41,-33.15,-56.38,-85.11,33.15,56.38,False,False,False,False,False,False,False,False,False,2026-09-16
2858,2858.HK,YIXIN,易鑫集团,73.41,500,Equity,Equity Securities (Main Board),1.08,1.09,1.095,1.055,64149500,69.28,1.113,1.142,-2.96,-5.43,-0.92,-4.0,-6.9,2.94,3.3,10.18,2.94,3.3,-62.76,-66.82,-89.24,63.27,67.27,False,False,False,False,False,False,False,False,False,2026-09-16
2863,2863.HK,GOLDEN FAITH GP,高丰集团控股,5.58,"3,000",Equity,Equity Securities (Main Board),0.81,0.83,0.83,0.81,36000,0.03,0.787,0.775,2.92,4.45,1.25,3.85,3.18,1.11,1.11,1.14,1.11,1.11,-25.23,-25.23,-27.19,27.03,27.03,False,False,False,False,False,False,False,False,False,2026-09-16
2865,2865.HK,DRINDA,钧达股份,9.83,100,Equity,Equity Securities (Main Board),11.97,11.6,11.97,11.51,2524100,30.21,11.99,13.144,-0.17,-8.93,3.73,0.42,-12.82,52.6,52.6,52.6,52.6,52.6,-77.24,-77.24,-77.24,77.24,77.24,False,False,False,False,False,False,False,False,False,2026-09-16
2866,2866.HK,COSCO SHIP DEV,中远海发,31.65,"1,000",Equity,Equity Securities (Main Board),0.925,0.915,0.925,0.91,2871000,2.66,0.937,0.942,-1.28,-1.86,0.54,-1.6,-4.15,1.71,1.71,2.04,1.71,1.71,-45.91,-45.91,-54.66,45.91,45.91,False,False,False,False,False,False,False,False,False,2026-09-16
2869,2869.HK,GREENTOWN SER,绿城服务,129.86,"2,000",Equity,Equity Securities (Main Board),4.17,4.14,4.185,4.12,1578000,6.58,4.163,4.226,0.17,-1.33,0.72,0.48,-2.57,4.91,5.63,13.76,4.91,5.63,-14.77,-25.67,-69.59,15.07,25.93,False,False,False,False,False,False,False,False,False,2026-09-16
2877,2877.HK,SHINEWAY PHARM,神威药业,66.49,"1,000",Equity,Equity Securities (Main Board),8.04,7.95,8.095,7.945,2257000,18.15,8.064,8.164,-0.3,-1.52,1.13,1.13,-3.13,10.47,10.76,18.54,10.47,10.76,-22.68,-24.77,-56.34,23.21,25.28,False,False,False,False,False,False,False,False,False,2026-09-16
2878,2878.HK,SOLOMON SYSTECH,晶门半导体,6.12,"2,000",Equity,Equity Securities (Main Board),0.245,0.238,0.249,0.238,2336000,0.57,0.245,0.246,0.08,-0.45,0.82,0.82,-1.61,0.49,0.96,1.45,0.49,0.96,-49.18,-74.06,-82.83,50.0,74.48,False,False,False,False,False,False,False,False,False,2026-09-16
2880,2880.HK,LIAONING PORT,辽港股份,35.08,"2,000",Equity,Equity Securities (Main Board),0.68,0.67,0.68,0.665,1691000,1.15,0.676,0.675,0.59,0.82,1.49,1.49,0.0,1.08,1.12,1.63,1.08,1.12,-37.04,-39.29,-58.28,37.04,39.29,False,False,False,True,False,False,False,False,False,2026-09-16
2882,2882.HK,3DG HOLDINGS,金至尊集团,1.02,"5,000",Equity,Equity Securities (Main Board),0.38,0.385,0.4,0.38,45000,0.02,0.384,0.39,-1.04,-2.69,-1.3,-1.3,-5.0,0.62,1.75,9.6,0.62,1.75,-35.48,-77.14,-95.83,38.71,78.29,False,False,False,False,False,False,False,False,False,2026-09-16
2883,2883.HK,CHINA OILFIELD,中海油田服务,142.35,"2,000",Equity,Equity Securities (Main Board),7.86,7.87,8.045,7.715,17638352,138.64,7.768,7.58,1.18,3.69,-0.06,3.29,2.28,11.74,11.74,13.26,11.74,11.74,-31.47,-31.47,-39.33,33.05,33.05,False,False,True,False,False,False,False,False,False,2026-09-16
2885,2885.HK,PEIPORT HOLD,彼岸控股,3.68,"2,000",Equity,Equity Securities (Main Board),0.92,0.92,0.92,0.91,92000,0.08,0.918,0.928,0.22,-0.81,-1.6,0.55,-3.16,0.96,0.99,1.2,0.96,0.99,-4.17,-7.07,-23.33,4.17,7.07,False,False,True,False,False,False,False,True,True,2026-09-16
2886,2886.HK,BINHAI INV,滨海投资,16.1,"2,000",Equity,Equity Securities (Main Board),1.18,1.18,1.18,1.18,4000,0.0,1.183,1.165,-0.25,1.24,0.0,-0.84,-0.42,1.27,1.76,2.25,1.27,1.76,-7.09,-32.95,-47.56,7.09,32.95,False,False,False,False,False,False,False,True,False,2026-09-16
2888,2888.HK,STANCHART,渣打集团,5318.32,50,Equity,Equity Securities (Main Board),244.0,237.6,244.8,237.6,382175,93.25,242.44,240.46,0.64,1.47,2.52,0.91,0.58,247.2,247.2,247.2,247.2,247.2,-0.97,-0.97,-0.97,1.29,1.29,False,False,False,True,False,False,False,True,True,2026-09-16
2889,2889.HK,PATEO,博泰车联,73.33,20,Equity,Equity Securities (Main Board),83.6,84.0,88.45,83.15,497720,41.61,87.73,109.365,-4.71,-23.56,-0.48,-4.02,-23.72,288.8,288.8,288.8,288.8,288.8,-69.37,-69.37,-69.37,71.05,71.05,False,False,False,False,False,False,False,False,False,2026-09-16
2899,2899.HK,ZIJIN MINING,紫金矿业,2061.39,"2,000",Equity,Equity Securities (Main Board),34.42,33.88,34.46,33.18,29635612,1020.06,34.9,35.792,-1.38,-3.83,3.36,-1.15,-8.46,46.98,46.98,46.98,46.98,46.98,-26.65,-26.65,-26.65,26.73,26.73,False,False,False,False,False,False,False,False,False,2026-09-16
3200,3200.HK,HANS CNC,大族数控,63.82,100,Equity,Equity Securities (Main Board),110.0,105.0,110.8,103.8,1773900,195.13,104.57,105.055,5.19,4.71,5.57,6.18,2.8,205.8,205.8,205.8,205.8,205.8,-46.16,-46.16,-46.16,46.55,46.55,False,False,True,True,False,False,False,False,False,2026-09-16
3223,3223.HK,INGENIC,君正股份,30.91,100,Equity,Equity Securities (Main Board),98.8,93.75,98.8,91.2,85500,8.45,96.71,98.6,2.16,0.2,5.33,0.82,-1.15,102.6,102.6,102.6,102.6,102.6,-3.7,-3.7,-3.7,3.7,3.7,False,False,False,True,False,False,False,True,True,2026-09-16
3268,3268.HK,MEIG,美格智能,7.51,100,Equity,Equity Securities (Main Board),18.66,19.1,19.1,18.6,475500,8.87,19.05,19.882,-2.05,-6.15,0.81,-3.86,-8.98,34.3,34.3,34.3,34.3,34.3,-44.31,-44.31,-44.31,45.6,45.6,False,False,False,False,False,False,False,False,False,2026-09-16
3277,3277.HK,GPIXEL,长光辰芯,242.25,100,Equity,Equity Securities (Main Board),80.5,76.8,81.2,76.2,1080998,87.02,78.84,83.365,2.11,-3.44,3.67,-0.86,-0.98,117.0,117.0,117.0,117.0,117.0,-30.6,-30.6,-30.6,31.2,31.2,False,False,False,False,False,False,False,False,False,2026-09-16
3288,3288.HK,HAITIAN FLAV,海天味业,78.34,100,Equity,Equity Securities (Main Board),26.9,27.0,27.0,26.46,1661011,44.68,27.04,27.622,-0.52,-2.61,-0.07,-0.66,-3.65,38.38,38.38,38.38,38.38,38.38,-29.65,-29.65,-29.65,29.91,29.91,False,False,False,False,False,False,False,False,False,2026-09-16
3296,3296.HK,HUAQIN,华勤技术,66.83,100,Equity,Equity Securities (Main Board),70.9,69.8,71.45,68.75,676400,47.96,70.16,72.425,1.05,-2.11,2.75,-0.21,-4.77,101.0,101.0,101.0,101.0,101.0,-29.26,-29.26,-29.26,29.8,29.8,False,False,False,False,False,False,False,False,False,2026-09-16
3300,3300.HK,CHINA GLASS,中国玻璃,5.42,"2,000",Equity,Equity Securities (Main Board),0.295,0.295,0.3,0.285,714000,0.21,0.301,0.31,-1.99,-4.99,0.0,-1.67,-4.84,0.69,0.95,4.5,0.69,0.95,-56.52,-68.42,-93.33,57.25,68.95,False,False,False,False,False,False,False,False,False,2026-09-16
3301,3301.HK,RONSHINECHINA,融信中国,1.06,500,Equity,Equity Securities (Main Board),0.063,0.077,0.079,0.06,6310000,0.4,0.072,0.077,-12.74,-18.18,-14.86,-18.18,-17.11,0.19,2.19,14.64,0.19,2.19,-58.85,-96.39,-99.46,67.19,97.12,False,False,False,False,False,False,False,False,False,2026-09-16
3303,3303.HK,JUTAL OIL SER,巨涛海洋石油服务,9.58,"2,000",Equity,Equity Securities (Main Board),0.385,0.385,0.385,0.385,8000,0.0,0.388,0.4,-0.77,-3.75,0.0,-1.28,-3.75,0.61,0.95,3.39,0.61,0.95,-36.89,-59.47,-88.64,36.89,59.47,False,False,False,False,False,False,False,False,False,2026-09-16
3306,3306.HK,JNBY,江南布衣,114.66,500,Equity,Equity Securities (Main Board),21.5,21.88,21.88,21.16,2652000,57.02,21.344,20.859,0.73,3.07,-1.29,1.7,9.75,22.96,22.96,22.96,22.96,22.96,-4.7,-4.7,-4.7,6.36,6.36,False,False,False,False,False,False,False,True,True,2026-09-16
3308,3308.HK,ZJ INNOLIGHT,中际旭创,712.61,50,Equity,Equity Securities (Main Board),1137.0,1087.0,1179.0,1082.0,2077966,2362.65,1116.6,1112.1,1.83,2.24,4.79,-2.82,-3.07,1319.0,1319.0,1319.0,1319.0,1319.0,-10.61,-10.61,-10.61,13.8,13.8,False,False,False,True,False,False,False,False,False,2026-09-16
3309,3309.HK,C-MER MEDICAL,希玛医疗,9.91,"2,000",Equity,Equity Securities (Main Board),0.82,0.82,0.845,0.815,198000,0.16,0.829,0.845,-1.09,-3.02,-1.2,0.0,-1.2,1.71,3.98,19.9,1.71,3.98,-50.58,-78.77,-95.75,52.05,79.4,False,False,False,False,False,False,False,False,False,2026-09-16
3310,3310.HK,VIEWTRIX TECH,云英谷科技,115.29,200,Equity,Equity Securities (Main Board),26.46,23.4,29.98,23.4,8349000,220.91,24.416,25.674,8.37,3.06,13.08,9.61,-0.9,44.38,44.38,44.38,44.38,44.38,-32.45,-32.45,-32.45,40.38,40.38,False,False,False,True,False,False,False,False,False,2026-09-16
3311,3311.HK,CHINA STATE CON,中国建筑国际,413.33,"2,000",Equity,Equity Securities (Main Board),7.825,7.825,7.96,7.72,8047100,62.97,8.19,8.362,-4.46,-6.43,-4.05,-5.04,-9.06,9.87,13.18,14.47,9.87,13.18,-19.35,-39.61,-45.0,20.72,40.63,False,False,False,False,False,False,False,False,False,2026-09-16
3313,3313.HK,ARTGO HOLDINGS,雅高控股,0.95,"5,000",Equity,Equity Securities (Main Board),0.67,0.665,0.67,0.665,30050,0.02,0.67,0.68,0.0,-1.47,-0.74,0.0,-0.74,1.87,4.95,2943.35,1.87,4.95,-64.17,-86.46,-99.98,64.17,86.46,False,False,True,False,False,False,False,False,False,2026-09-16
3315,3315.HK,GOLDPAC GROUP,金邦达宝嘉,5.0,"1,000",Equity,Equity Securities (Main Board),0.62,0.62,0.635,0.605,108000,0.07,0.609,0.613,1.81,1.14,1.64,2.48,-0.8,0.89,1.53,3.05,0.89,1.53,-28.65,-58.5,-79.18,30.34,59.48,False,False,False,True,False,False,False,False,False,2026-09-16
3316,3316.HK,BINJIANG SER,滨江服务,57.99,500,Equity,Equity Securities (Main Board),20.98,20.98,20.98,20.66,121500,2.55,21.052,21.464,-0.34,-2.25,0.1,-1.04,-2.05,26.94,27.6,37.3,26.94,27.6,-22.12,-23.99,-43.75,22.12,23.99,False,False,False,False,False,False,False,False,False,2026-09-16
3317,3317.HK,XUNCE,迅策,269.1,100,Equity,Equity Securities (Main Board),97.75,96.35,97.75,92.3,1342900,131.27,99.06,111.26,-1.32,-12.14,1.45,-3.22,-13.27,382.8,382.8,382.8,382.8,382.8,-74.46,-74.46,-74.46,74.46,74.46,False,False,False,False,False,False,False,False,False,2026-09-16
3318,3318.HK,CHINA BOTON,中国波顿,33.81,"2,000",Equity,Equity Securities (Main Board),3.215,3.26,3.28,3.08,1580000,5.08,3.169,3.074,1.45,4.6,0.16,2.72,4.89,3.25,3.25,13.4,3.28,3.28,0.92,0.92,-75.52,1.98,1.98,True,True,False,False,True,True,False,True,True,2026-09-16
3319,3319.HK,A-LIVING,雅生活服务,22.91,250,Equity,Equity Securities (Main Board),1.615,1.61,1.625,1.61,841500,1.36,1.652,1.663,-2.24,-2.86,0.62,-3.29,-2.71,2.93,4.95,48.55,2.93,4.95,-44.54,-67.17,-96.65,44.88,67.37,False,False,False,False,False,False,False,False,False,2026-09-16
3320,3320.HK,CHINARES PHARMA,华润医药,268.26,500,Equity,Equity Securities (Main Board),4.27,4.315,4.315,4.235,7318700,31.25,4.278,4.362,-0.19,-2.1,0.23,0.47,-4.37,6.53,7.11,13.16,6.53,7.11,-33.92,-39.31,-67.21,34.61,39.94,False,False,False,False,False,False,False,False,False,2026-09-16
3321,3321.HK,ZHONGKE GROUP,中科集团控股,0.78,"10,000",Equity,Equity Securities (Main Board),1.005,0.99,1.075,0.94,770000,0.77,0.984,0.984,2.13,2.13,1.52,3.61,1.01,2.2,12.8,79.9,2.2,12.8,-51.14,-91.6,-98.65,54.32,92.15,False,False,True,True,False,False,False,False,False,2026-09-16
3322,3322.HK,WIN HANVERKY,永嘉集团,2.72,"2,000",Equity,Equity Securities (Main Board),0.212,0.187,0.212,0.182,960000,0.2,0.199,0.194,6.53,9.0,11.58,7.07,11.58,0.25,0.25,1.4,0.25,0.25,-14.52,-15.2,-84.86,14.52,15.2,False,False,False,True,False,False,False,False,False,2026-09-16
3323,3323.HK,CNBM,中国建材,123.57,"2,000",Equity,Equity Securities (Main Board),3.325,3.31,3.325,3.25,19270250,64.07,3.389,3.41,-1.89,-2.49,0.61,-4.04,-3.9,7.26,7.26,14.08,7.26,7.26,-54.2,-54.2,-76.38,54.2,54.2,False,False,False,False,False,False,False,False,False,2026-09-16
3328,3328.HK,BANKCOMM,交通银行,2844.71,"1,000",Equity,Equity Securities (Main Board),8.125,8.1,8.125,7.985,46135064,374.85,8.092,7.994,0.41,1.65,1.25,0.43,2.98,8.16,8.16,8.16,8.16,8.16,-0.43,-0.43,-0.43,0.43,0.43,False,False,False,True,False,False,False,True,True,2026-09-16
3329,3329.HK,BOCOM INTL,交银国际,12.85,"1,000",Equity,Equity Securities (Main Board),0.47,0.455,0.475,0.45,2403034,1.13,0.463,0.465,1.51,1.08,0.0,3.3,1.08,0.8,1.08,2.77,0.8,1.08,-40.63,-56.02,-82.85,41.25,56.48,False,False,True,True,False,False,False,False,False,2026-09-16
3330,3330.HK,LINGBAO GOLD,灵宝黄金,295.47,100,Equity,Equity Securities (Main Board),24.7,22.74,24.94,22.68,20557900,507.78,23.508,23.402,5.07,5.55,8.81,5.11,2.24,31.2,31.2,31.2,31.2,31.2,-20.06,-20.06,-20.06,20.83,20.83,False,False,False,True,False,False,False,False,False,2026-09-16
3332,3332.HK,SINOLIFE UTD,中生联合,1.56,"2,000",Equity,Equity Securities (Main Board),0.165,0.165,0.165,0.165,6000,0.0,0.153,0.151,8.13,8.98,10.74,10.0,10.0,0.46,0.93,2.12,0.46,0.93,-64.13,-82.26,-92.22,64.13,82.26,False,False,False,False,False,False,False,False,False,2026-09-16
3336,3336.HK,JU TENG INTL,巨腾国际,28.68,"2,000",Equity,Equity Securities (Main Board),2.39,2.31,2.43,2.29,1117000,2.67,2.377,2.488,0.55,-3.96,2.58,0.84,-3.04,5.52,5.52,5.52,5.52,5.52,-55.98,-55.98,-55.98,56.7,56.7,False,False,False,False,False,False,False,False,False,2026-09-16
3337,3337.HK,ANTON OILFIELD,安东油田服务,26.87,"2,000",Equity,Equity Securities (Main Board),0.895,0.93,0.94,0.895,7117992,6.37,0.917,0.91,-2.4,-1.65,-2.72,-1.65,-6.77,1.37,1.62,1.66,1.37,1.62,-31.39,-41.98,-43.37,34.67,44.75,False,False,False,False,False,False,False,False,False,2026-09-16
3339,3339.HK,LONKING,中国龙工,141.46,"1,000",Equity,Equity Securities (Main Board),3.305,3.43,3.43,3.185,9988000,33.01,3.365,3.438,-1.78,-3.88,-1.05,-2.22,-7.16,3.62,3.62,4.46,3.62,3.62,-5.25,-5.25,-23.09,8.7,8.7,False,False,False,False,False,False,False,True,True,2026-09-16
3347,3347.HK,TIGERMED,泰格医药,54.25,100,Equity,Equity Securities (Main Board),44.06,43.76,44.96,43.36,1438600,63.38,43.132,41.87,2.15,5.23,0.82,6.43,2.09,57.0,60.6,199.9,57.0,60.6,-21.12,-25.81,-77.51,22.7,27.29,False,False,False,False,False,False,False,False,False,2026-09-16
3348,3348.HK,CHINA PENGFEI,中国鹏飞集团,6.8,"2,000",Equity,Equity Securities (Main Board),1.36,1.36,1.36,1.36,10000,0.01,1.36,1.36,0.0,0.0,0.0,0.0,0.0,1.5,1.5,1.6,1.5,1.5,-9.33,-9.33,-15.0,9.33,9.33,False,False,False,False,False,False,False,True,True,2026-09-16
3355,3355.HK,FS.COM,飞速创新,169.59,100,Equity,Equity Securities (Main Board),41.96,39.38,42.96,39.2,1332000,55.89,39.7,41.316,5.69,1.56,7.15,7.59,0.0,57.0,57.0,57.0,57.0,57.0,-24.63,-24.63,-24.63,26.39,26.39,False,False,False,True,False,False,False,False,False,2026-09-16
3360,3360.HK,FE HORIZON,远东宏信,314.67,"1,000",Equity,Equity Securities (Main Board),6.53,6.47,6.535,6.47,5666306,37.0,6.672,6.815,-2.13,-4.18,0.46,-4.39,-3.76,8.28,8.54,9.33,8.28,8.54,-21.07,-23.48,-29.95,21.14,23.54,False,False,False,False,False,False,False,False,False,2026-09-16
3368,3368.HK,PARKSON GROUP,百盛集团,3.5,500,Equity,Equity Securities (Main Board),0.133,0.127,0.133,0.127,420000,0.06,0.132,0.139,0.45,-4.11,2.31,-1.48,-0.75,0.21,0.22,1.51,0.21,0.22,-36.36,-39.55,-91.19,36.36,39.55,False,False,False,False,False,False,False,False,False,2026-09-16
3369,3369.HK,QHD PORT,秦港股份,20.17,500,Equity,Equity Securities (Main Board),2.43,2.425,2.44,2.4,162500,0.39,2.426,2.426,0.16,0.19,0.62,1.04,-1.02,3.16,4.04,4.04,3.16,4.04,-22.78,-39.6,-39.6,23.1,39.85,False,False,False,True,False,False,False,False,False,2026-09-16
3377,3377.HK,SINO-OCEAN GP,远洋集团,5.19,500,Equity,Equity Securities (Main Board),0.041,0.04,0.041,0.039,5228021,0.21,0.041,0.044,-0.97,-5.96,2.5,-2.38,-8.89,0.11,0.75,6.77,0.11,0.75,-62.73,-94.53,-99.39,62.73,94.53,False,False,False,False,False,False,False,False,False,2026-09-16
3378,3378.HK,HANXBIO-B,翰思艾泰－Ｂ,39.17,100,Equity,Equity Securities (Main Board),29.22,28.0,29.24,28.0,1100,0.03,28.672,28.798,1.91,1.47,-0.27,6.64,3.32,33.8,33.8,33.8,33.8,33.8,-13.49,-13.49,-13.49,13.55,13.55,False,False,False,True,False,False,False,False,False,2026-09-16
3380,3380.HK,LOGAN GROUP,龙光集团,72.2,"1,000",Equity,Equity Securities (Main Board),1.27,1.27,1.29,1.245,3671000,4.66,1.29,1.329,-1.55,-4.44,0.0,-2.31,-5.22,1.93,1.93,15.42,1.93,1.93,-33.16,-33.16,-91.63,34.2,34.2,False,False,False,False,False,False,False,False,False,2026-09-16
3382,3382.HK,TIANJINPORT DEV,天津港发展,38.18,"2,000",Equity,Equity Securities (Main Board),0.62,0.61,0.62,0.61,574000,0.36,0.619,0.625,0.16,-0.72,0.81,0.81,-2.36,0.73,0.77,1.68,0.73,0.77,-15.07,-19.48,-63.1,15.07,19.48,False,False,False,False,False,False,False,False,False,2026-09-16
3383,3383.HK,AGILE GROUP,雅居乐集团,7.32,"2,000",Equity,Equity Securities (Main Board),0.145,0.145,0.149,0.141,1340000,0.19,0.148,0.155,-1.89,-6.63,0.0,-4.61,-9.38,0.32,2.39,17.84,0.32,2.39,-54.15,-93.77,-99.16,55.38,93.93,False,False,False,False,False,False,False,False,False,2026-09-16
3388,3388.HK,CREALITY,创想三维,101.59,150,Equity,Equity Securities (Main Board),21.26,20.36,22.42,20.36,1009950,21.47,21.276,22.816,-0.08,-6.82,4.42,-2.74,-3.36,34.0,34.0,34.0,34.0,34.0,-34.06,-34.06,-34.06,37.47,37.47,False,False,False,False,False,False,False,False,False,2026-09-16
3389,3389.HK,HENGDELI,亨得利,14.09,"4,000",Equity,Equity Securities (Main Board),0.32,0.3,0.36,0.29,8064000,2.58,0.301,0.32,6.31,-0.0,10.34,8.47,-3.03,0.44,0.44,1.29,0.44,0.44,-17.24,-17.24,-72.09,26.44,26.44,False,False,False,False,False,False,False,False,False,2026-09-16
3393,3393.HK,WASION HOLDINGS,威胜控股,145.9,"2,000",Equity,Equity Securities (Main Board),14.08,13.79,14.21,13.51,2912141,41.0,14.046,14.372,0.24,-2.03,2.25,-1.12,-5.5,33.8,33.8,33.8,33.8,33.8,-57.96,-57.96,-57.96,58.34,58.34,False,False,False,False,False,False,False,False,False,2026-09-16
3395,3395.HK,JX ENERGY,吉星新能源,1.94,"1,000",Equity,Equity Securities (Main Board),0.223,0.18,0.224,0.18,142000,0.03,0.198,0.195,12.74,14.36,13.78,19.25,20.54,0.61,1.68,3.29,0.61,1.68,-63.28,-86.67,-93.19,63.44,86.73,False,False,False,True,False,False,False,False,False,2026-09-16
3396,3396.HK,LEGENDHOLDING,联想控股,252.97,100,Equity,Equity Securities (Main Board),19.89,18.55,19.91,18.47,14843238,295.23,18.934,18.773,5.05,5.95,7.22,8.51,4.79,20.6,20.6,36.6,20.6,20.6,-3.35,-3.35,-45.6,3.45,3.45,False,False,False,True,False,False,False,True,True,2026-09-16
3398,3398.HK,CHINA TING,华鼎控股,1.26,"2,000",Equity,Equity Securities (Main Board),0.06,0.06,0.063,0.058,290000,0.02,0.059,0.061,1.01,-2.28,0.0,5.26,-3.23,0.16,0.34,0.63,0.16,0.34,-61.35,-81.74,-90.0,63.19,82.61,False,False,True,False,False,False,False,False,False,2026-09-16
3399,3399.HK,YUEYUN TRANS,粤运交通,2.44,"1,000",Equity,Equity Securities (Main Board),1.18,1.235,1.235,1.08,705000,0.83,1.239,1.253,-4.76,-5.83,-4.84,-5.98,-7.09,1.73,2.06,6.57,1.73,2.06,-28.61,-40.05,-81.2,31.79,42.72,False,False,False,False,False,False,False,False,False,2026-09-16
3600,3600.HK,MODERN DENTAL,现代牙科,73.24,"1,000",Equity,Equity Securities (Main Board),7.84,7.8,7.905,7.635,503083,3.94,7.56,7.678,3.7,2.12,3.16,5.23,2.42,8.55,8.55,11.0,8.55,8.55,-7.49,-7.49,-28.14,8.25,8.25,False,False,False,True,False,False,False,True,True,2026-09-16
3601,3601.HK,LUDASHI,鲁大师,1.48,"1,000",Equity,Equity Securities (Main Board),0.55,0.55,0.55,0.545,13000,0.01,0.57,0.598,-3.51,-7.95,0.0,-6.78,-9.84,0.98,1.94,11.16,0.98,1.94,-43.88,-71.65,-95.07,43.88,71.65,False,False,False,False,False,False,False,False,False,2026-09-16
3603,3603.HK,XINJI SHAXI,信基沙溪,1.24,"3,000",Equity,Equity Securities (Main Board),0.083,0.08,0.083,0.073,315000,0.03,0.085,0.082,-1.89,0.97,-2.35,-2.35,-2.35,0.12,0.24,3.5,0.12,0.24,-31.4,-65.42,-97.63,31.4,65.42,False,False,False,False,False,False,False,False,False,2026-09-16
3606,3606.HK,FUYAO GLASS,福耀玻璃,332.5,400,Equity,Equity Securities (Main Board),54.8,55.0,56.1,54.55,4223600,231.45,55.15,55.525,-0.63,-1.31,-2.32,-0.09,-1.44,68.95,86.0,86.0,68.95,86.0,-18.64,-34.77,-34.77,20.52,36.28,False,False,False,False,False,False,False,False,False,2026-09-16
3613,3613.HK,TONGRENTANGCM,同仁堂国药,48.89,"1,000",Equity,Equity Securities (Main Board),5.84,5.8,5.84,5.705,1057000,6.17,5.862,5.919,-0.38,-1.33,0.6,-0.93,-2.34,9.38,13.44,17.94,9.38,13.44,-37.74,-56.55,-67.45,37.74,56.55,False,False,False,False,False,False,False,False,False,2026-09-16
3616,3616.HK,EVER REACH GP,恒达集团控股,2.36,"2,000",Equity,Equity Securities (Main Board),0.197,0.19,0.197,0.18,310000,0.06,0.199,0.21,-1.2,-6.28,-7.08,-1.5,-2.96,0.28,0.88,1.73,0.28,0.88,-29.64,-77.61,-88.61,29.64,77.61,False,False,False,False,False,False,False,False,False,2026-09-16
3618,3618.HK,CQRC BANK,重庆农村商业银行,158.59,"1,000",Equity,Equity Securities (Main Board),6.31,6.18,6.325,6.17,12013020,75.8,6.337,6.393,-0.43,-1.31,1.12,-0.55,-0.86,7.3,7.3,7.49,7.3,7.3,-13.36,-13.36,-15.55,13.56,13.56,False,False,False,False,False,False,False,False,False,2026-09-16
3625,3625.HK,FOURSEMI,傅里叶,79.29,100,Equity,Equity Securities (Main Board),71.5,68.2,75.4,66.25,1152900,82.43,65.97,70.94,8.38,0.79,8.01,7.76,17.21,153.0,153.0,153.0,153.0,153.0,-50.72,-50.72,-50.72,53.27,53.27,False,False,False,True,False,False,False,False,False,2026-09-16
3633,3633.HK,ZHONGYU ENERGY,中裕能源,72.5,"1,000",Equity,Equity Securities (Main Board),2.695,2.84,2.84,2.685,1417000,3.82,2.736,2.729,-1.5,-1.25,-1.64,-3.06,-3.58,4.2,6.85,10.28,4.2,6.85,-32.38,-58.54,-72.37,35.83,60.66,False,False,False,False,False,False,False,False,False,2026-09-16
3636,3636.HK,JINXUN RESOURCE,金浔资源,6.99,200,Equity,Equity Securities (Main Board),16.64,15.78,16.64,15.64,76200,1.27,16.566,16.83,0.45,-1.13,5.12,0.48,-12.14,51.8,51.8,51.8,51.8,51.8,-67.88,-67.88,-67.88,67.88,67.88,False,False,False,False,False,False,False,False,False,2026-09-16
3638,3638.HK,HUNLICAR GROUP,亨利加集团,2.26,"1,000",Equity,Equity Securities (Main Board),2.94,2.85,3.08,2.72,72000,0.21,2.994,3.155,-1.8,-6.81,3.16,-6.67,-10.37,14.0,19.3,148.16,14.0,19.3,-78.0,-84.04,-97.92,79.0,84.77,False,False,False,False,False,False,False,False,False,2026-09-16
3639,3639.HK,YIDA CHINA,亿达中国,0.96,"2,000",Equity,Equity Securities (Main Board),0.037,0.035,0.04,0.035,2228000,0.08,0.038,0.043,-3.14,-14.35,0.0,-7.5,-19.57,0.09,0.33,7.01,0.09,0.33,-52.94,-87.88,-99.43,56.47,88.79,False,False,False,False,False,False,False,False,False,2026-09-16
3650,3650.HK,KEEP,KEEP,6.45,100,Equity,Equity Securities (Main Board),1.3,1.305,1.415,1.285,344600,0.45,1.366,1.443,-4.83,-9.91,0.0,-8.77,-9.41,4.15,38.65,42.4,4.15,38.65,-65.9,-96.34,-96.66,68.67,96.64,False,False,False,False,False,False,False,False,False,2026-09-16
3658,3658.HK,NEW HOPE SERV,新希望服务,13.51,"1,000",Equity,Equity Securities (Main Board),1.66,1.7,1.7,1.66,59000,0.1,1.692,1.682,-1.89,-1.31,-1.78,-2.64,-0.9,2.07,2.25,4.2,2.07,2.25,-17.87,-24.44,-59.52,19.81,26.22,False,False,False,False,False,False,False,False,False,2026-09-16
3660,3660.HK,QFIN-S,奇富科技－Ｓ,76.89,50,Equity,Equity Securities (Main Board),31.62,31.56,32.08,31.3,46500,1.47,32.956,33.666,-4.05,-6.08,-3.36,-5.78,-6.06,77.95,204.0,204.0,77.95,204.0,-58.85,-84.27,-84.27,59.44,84.5,False,False,False,False,False,False,False,False,False,2026-09-16
3661,3661.HK,SG MICRO,圣邦股份,57.38,100,Equity,Equity Securities (Main Board),92.4,93.0,95.3,91.65,393600,36.37,91.05,89.065,1.48,3.74,0.43,1.54,3.82,142.3,142.3,142.3,142.3,142.3,-33.03,-33.03,-33.03,35.07,35.07,False,False,False,False,False,False,False,False,False,2026-09-16
3662,3662.HK,STARJOY W&T,星悦康旅,2.65,"1,000",Equity,Equity Securities (Main Board),0.365,0.36,0.365,0.36,1214000,0.44,0.357,0.35,2.24,4.29,2.82,4.29,-3.95,0.44,0.79,9.73,0.44,0.79,-16.09,-53.8,-96.25,16.09,53.8,False,False,False,False,False,False,False,False,False,2026-09-16
3668,3668.HK,YANCOAL AUS,兖煤澳大利亚,451.59,100,Equity,Equity Securities (Main Board),34.2,34.0,34.62,33.94,520600,17.8,34.968,35.146,-2.2,-2.69,-0.41,-6.96,-6.25,49.08,49.08,49.4,49.08,49.08,-29.46,-29.46,-29.92,30.32,30.32,False,False,False,False,False,False,False,False,False,2026-09-16
3669,3669.HK,YONGDA AUTO,永达汽车,16.17,500,Equity,Equity Securities (Main Board),0.85,0.805,0.855,0.805,2461817,2.09,0.823,0.825,3.28,2.97,4.29,3.66,4.94,1.75,3.28,17.14,1.75,3.28,-51.14,-73.93,-95.01,51.43,74.09,False,False,False,True,False,False,False,False,False,2026-09-16
3677,3677.HK,ZENERGY,正力新能,64.98,300,Equity,Equity Securities (Main Board),4.375,4.285,4.42,4.23,1254600,5.49,4.374,4.561,0.02,-4.09,1.74,-0.46,-4.79,9.84,13.01,13.01,9.84,13.01,-55.08,-66.03,-66.03,55.54,66.37,False,False,False,False,False,False,False,False,False,2026-09-16
3680,3680.HK,RUIHE DATA,瑞和数智,21.27,"2,000",Equity,Equity Securities (Main Board),2.31,2.24,2.38,2.175,1540000,3.56,2.301,2.429,0.39,-4.88,5.72,-3.14,-4.15,2.72,2.72,10.16,2.72,2.72,-12.5,-12.5,-76.57,15.07,15.07,False,False,False,False,False,False,False,False,False,2026-09-16
3681,3681.HK,SINOMAB BIO-B,中国抗体－Ｂ,15.67,300,Equity,Equity Securities (Main Board),1.13,1.115,1.145,1.085,1159800,1.31,1.103,1.119,2.45,0.98,2.26,2.73,0.89,2.19,3.76,7.3,2.19,3.76,-47.72,-69.55,-84.32,48.4,69.95,False,False,True,True,False,False,False,False,False,2026-09-16
3683,3683.HK,GREAT HARVEST,荣丰亿控股,0.34,"2,500",Equity,Equity Securities (Main Board),0.036,0.034,0.036,0.031,442500,0.02,0.035,0.036,2.86,0.28,2.86,5.88,-10.0,0.09,0.35,2.39,0.09,0.35,-62.11,-89.71,-98.49,62.11,89.71,False,False,False,True,False,False,False,False,False,2026-09-16
3686,3686.HK,CLIFFORDML,祈福生活服务,4.62,"10,000",Equity,Equity Securities (Main Board),0.455,0.455,0.455,0.455,150000,0.07,0.476,0.474,-4.41,-4.01,-2.15,-6.19,-4.21,0.94,0.94,1.04,0.94,0.94,-51.6,-51.6,-56.25,51.6,51.6,False,False,False,False,False,False,False,False,False,2026-09-16
3688,3688.HK,TOP SPRING,莱蒙国际,2.61,500,Equity,Equity Securities (Main Board),0.185,0.185,0.238,0.185,21000,0.0,0.188,0.188,-1.39,-1.54,-2.63,-0.54,0.0,0.98,0.98,5.3,0.98,0.98,-75.71,-75.71,-95.51,81.12,81.12,False,False,False,False,False,False,False,False,False,2026-09-16
3690,3690.HK,MEITUAN-W,美团－Ｗ,4166.47,100,Equity,Equity Securities (Main Board),74.45,74.75,75.6,73.55,16747622,1246.86,74.82,77.195,-0.49,-3.56,-0.4,-0.87,-4.31,108.0,217.0,460.0,108.0,217.0,-30.0,-65.16,-83.57,31.06,65.69,False,False,False,False,False,False,False,False,False,2026-09-16
3692,3692.HK,HANSOH PHARMA,翰森制药,2061.81,"2,000",Equity,Equity Securities (Main Board),34.0,34.38,34.64,33.96,7478832,254.28,33.676,34.774,0.96,-2.23,0.24,3.91,-2.3,44.22,44.22,46.7,44.22,44.22,-21.66,-21.66,-25.82,23.11,23.11,False,False,False,False,False,False,False,False,False,2026-09-16
3696,3696.HK,INSILICO,英矽智能,293.09,500,Equity,Equity Securities (Main Board),50.3,50.9,52.9,49.84,9708723,488.35,51.45,50.452,-2.24,-0.3,-0.69,-0.4,-5.09,80.9,80.9,80.9,80.9,80.9,-34.61,-34.61,-34.61,37.82,37.82,False,False,False,False,False,False,False,False,False,2026-09-16
3698,3698.HK,HUISHANG BANK,徽商银行,167.85,"1,000",Equity,Equity Securities (Main Board),4.825,4.77,4.875,4.77,3805400,18.36,4.856,4.84,-0.64,-0.31,1.15,-0.72,-1.53,5.49,5.49,5.49,5.49,5.49,-11.2,-11.2,-11.2,12.11,12.11,False,False,False,False,False,False,False,False,False,2026-09-16
3699,3699.HK,EB GRAND CHINA,光大永年,2.03,"2,000",Equity,Equity Securities (Main Board),0.46,0.46,0.46,0.46,50000,0.02,0.454,0.439,1.32,4.9,0.0,0.0,10.84,0.5,0.52,1.53,0.5,0.52,-8.0,-11.54,-69.93,8.0,11.54,False,False,False,False,False,False,False,True,False,2026-09-16
3700,3700.HK,INKEVERSE,映宇宙,18.25,"1,000",Equity,Equity Securities (Main Board),0.785,0.78,0.82,0.78,133000,0.1,0.807,0.824,-2.73,-4.68,-5.42,-3.68,-7.65,1.61,2.38,5.48,1.61,2.38,-49.07,-65.55,-85.04,51.24,67.02,False,False,False,False,False,False,False,False,False,2026-09-16
3708,3708.HK,WORLD DIGI ECON,世界数字经济产业,1.53,"10,000",Equity,Equity Securities (Main Board),0.21,0.193,0.21,0.185,8730000,1.83,0.192,0.189,9.26,10.99,11.11,8.81,13.51,0.47,1.35,12.6,0.47,1.35,-55.79,-84.44,-98.33,55.79,84.44,False,False,True,True,False,False,False,False,False,2026-09-16
3709,3709.HK,EEKA FASHION,赢家时尚,31.61,500,Equity,Equity Securities (Main Board),4.46,4.69,4.69,4.44,136500,0.61,4.621,4.644,-3.48,-3.97,-4.8,-7.08,-4.8,7.76,15.48,19.66,7.76,15.48,-39.56,-69.7,-76.14,42.53,71.19,False,False,False,False,False,False,False,False,False,2026-09-16
3718,3718.HK,BJ ENT URBAN,北控城市资源,13.69,"4,000",Equity,Equity Securities (Main Board),0.385,0.385,0.385,0.38,616000,0.24,0.385,0.386,0.0,-0.26,0.0,0.0,0.0,0.45,0.61,2.54,0.45,0.61,-14.44,-36.89,-84.84,14.44,36.89,False,False,False,False,False,False,False,False,False,2026-09-16
3728,3728.HK,CHING LEE,正利控股,0.61,"20,000",Equity,Equity Securities (Main Board),0.06,0.058,0.061,0.057,800000,0.05,0.061,0.06,-1.96,-0.17,0.0,-3.23,-3.23,0.07,0.11,0.71,0.07,0.11,-14.08,-45.05,-91.41,15.49,45.95,False,False,False,False,False,False,False,False,False,2026-09-16
3737,3737.HK,ZHONGZHIPHARM,中智药业,6.09,"1,000",Equity,Equity Securities (Main Board),0.705,0.69,0.73,0.69,351000,0.25,0.702,0.707,0.43,-0.35,0.71,-0.7,-0.7,0.98,1.56,2.05,0.98,1.56,-25.51,-53.21,-64.39,28.06,54.81,False,False,False,False,False,False,False,False,False,2026-09-16
3738,3738.HK,VOBILE GROUP,阜博集团,75.32,"1,000",Equity,Equity Securities (Main Board),2.905,2.835,2.935,2.8,14220000,41.31,2.977,3.184,-2.42,-8.78,2.47,-6.89,-13.54,6.3,7.1,12.11,6.3,7.1,-53.41,-58.66,-75.77,53.89,59.08,False,False,False,False,False,False,False,False,False,2026-09-16
3750,3750.HK,CATL,宁德时代,1093.68,100,Equity,Equity Securities (Main Board),501.0,505.5,508.0,486.4,7584254,3799.71,535.0,551.35,-6.36,-9.13,-2.91,-8.49,-10.85,794.5,794.5,794.5,794.5,794.5,-36.06,-36.06,-36.06,36.94,36.94,False,False,False,False,False,False,False,False,False,2026-09-16
3752,3752.HK,ROKAE ROBOTICS,珞石机器人,128.52,100,Equity,Equity Securities (Main Board),50.75,48.56,50.85,47.72,57400,2.91,49.812,51.066,1.88,-0.62,4.3,0.4,-3.33,76.0,76.0,76.0,76.0,76.0,-33.09,-33.09,-33.09,33.22,33.22,False,False,False,False,False,False,False,False,False,2026-09-16
3759,3759.HK,PHARMARON,康龙化成,104.21,100,Equity,Equity Securities (Main Board),29.1,28.66,30.04,28.66,5140398,149.59,28.636,28.778,1.62,1.12,0.9,5.66,1.25,34.86,34.86,94.22,34.86,34.86,-13.83,-13.83,-68.12,16.52,16.52,False,False,False,True,False,False,False,False,False,2026-09-16
3768,3768.HK,DCWT,滇池水务,1.17,"1,000",Equity,Equity Securities (Main Board),0.345,0.36,0.36,0.34,2000,0.0,0.374,0.383,-7.75,-10.04,-9.21,-9.21,-17.86,0.79,1.16,3.93,0.79,1.16,-54.43,-68.97,-90.84,56.33,70.26,False,False,False,False,False,False,False,False,False,2026-09-16
3773,3773.HK,YS DIGIFAVOR,银盛数惠,10.04,"2,000",Equity,Equity Securities (Main Board),2.42,2.41,2.42,2.385,98000,0.24,2.444,2.485,-0.98,-2.6,0.0,-1.63,-2.22,2.79,3.49,3.49,2.79,3.49,-13.26,-30.66,-30.66,13.26,30.66,False,False,False,False,False,False,False,False,False,2026-09-16
3774,3774.HK,FAMEGLOW,亮晴控股,164.28,"1,000",Equity,Equity Securities (Main Board),20.06,18.88,20.78,18.36,539000,10.81,19.362,20.504,3.6,-2.17,6.25,5.75,15.62,33.98,33.98,33.98,33.98,33.98,-38.85,-38.85,-38.85,40.97,40.97,False,False,False,False,False,False,False,False,False,2026-09-16
3778,3778.HK,CHINA WEAVING,中国织材控股,3.67,"2,000",Equity,Equity Securities (Main Board),2.93,2.93,2.93,2.93,36000,0.11,2.866,2.863,2.23,2.34,2.81,2.81,2.81,3.2,4.65,17.0,3.2,4.65,-8.44,-36.99,-82.76,8.44,36.99,False,False,False,False,False,False,False,True,False,2026-09-16
3788,3788.HK,HANKING GOLD,罕王黄金,80.67,"1,000",Equity,Equity Securities (Main Board),3.3,3.165,3.32,3.09,6142000,20.27,3.243,3.279,1.76,0.66,5.1,1.54,-1.05,5.6,5.6,5.6,5.6,5.6,-40.71,-40.71,-40.71,41.07,41.07,False,False,False,True,False,False,False,False,False,2026-09-16
3789,3789.HK,ROYAL DELUXE,御佳控股,2.78,"4,000",Equity,Equity Securities (Main Board),0.232,0.232,0.232,0.231,168000,0.04,0.235,0.234,-1.28,-0.81,0.0,-2.52,-3.33,0.26,0.26,0.62,0.26,0.26,-10.77,-10.77,-62.58,10.77,10.77,False,False,False,False,False,False,False,False,False,2026-09-16
3798,3798.HK,HOMELAND ITL,家乡互动,16.27,"2,000",Equity,Equity Securities (Main Board),1.29,1.29,1.29,1.29,40000,0.05,1.249,1.231,3.28,4.84,1.57,4.88,6.61,1.48,2.86,7.41,1.48,2.86,-12.84,-54.9,-82.59,12.84,54.9,False,False,False,False,False,False,False,False,False,2026-09-16
3800,3800.HK,GCL TECH,协鑫科技,231.54,"1,000",Equity,Equity Securities (Main Board),0.72,0.695,0.725,0.685,294888166,212.32,0.708,0.715,1.69,0.7,3.6,2.13,-3.36,1.28,1.99,3.96,1.28,1.99,-43.36,-63.57,-81.68,43.75,63.82,False,False,False,True,False,False,False,False,False,2026-09-16
3808,3808.HK,SINOTRUK,中国重汽,1069.06,500,Equity,Equity Securities (Main Board),38.72,40.86,41.22,38.1,12507669,484.3,40.796,41.554,-5.09,-6.82,-5.24,-5.19,-13.26,48.4,48.4,48.4,48.4,48.4,-14.83,-14.83,-14.83,20.0,20.0,False,False,False,False,False,False,False,False,False,2026-09-16
3813,3813.HK,POU SHENG INT'L,宝胜国际,18.74,"1,000",Equity,Equity Securities (Main Board),0.355,0.35,0.355,0.345,1714000,0.61,0.367,0.378,-3.27,-6.21,2.9,-7.79,-7.79,0.5,0.72,2.97,0.5,0.72,-29.0,-50.69,-88.05,29.0,50.69,False,False,False,False,False,False,False,False,False,2026-09-16
3818,3818.HK,CHINA DONGXIANG,中国动向,15.62,"1,000",Equity,Equity Securities (Main Board),0.265,0.26,0.265,0.26,1168000,0.31,0.261,0.264,1.53,0.19,1.92,1.92,-1.85,0.49,0.56,1.77,0.49,0.56,-45.36,-52.68,-85.03,45.36,52.68,False,False,False,True,False,False,False,False,False,2026-09-16
3822,3822.HK,SAM WOO CONS,三和建筑集团,0.89,"4,000",Equity,Equity Securities (Main Board),1.055,1.055,1.055,1.055,53400,0.06,1.073,1.078,-1.68,-2.09,0.0,-4.09,-4.09,1.42,1.72,8.2,1.42,1.72,-25.7,-38.66,-87.13,25.7,38.66,False,False,False,False,False,False,False,False,False,2026-09-16
3828,3828.HK,MING FAI INT'L,明辉国际,5.51,"1,000",Equity,Equity Securities (Main Board),0.75,0.71,0.75,0.71,311000,0.23,0.721,0.72,4.02,4.17,7.14,3.45,4.17,1.01,1.06,1.38,1.01,1.06,-25.74,-29.25,-45.65,25.74,29.25,False,False,False,True,False,False,False,False,False,2026-09-16
3830,3830.HK,KIDDIELAND,童园国际,1.97,"5,000",Equity,Equity Securities (Main Board),0.197,0.2,0.2,0.197,70000,0.01,0.2,0.2,-1.7,-1.55,-1.5,-2.48,-3.9,0.23,0.23,0.82,0.23,0.23,-13.04,-13.04,-75.61,14.35,14.35,False,False,False,False,False,False,False,False,False,2026-09-16
3833,3833.HK,XINXIN MINING,新疆新鑫矿业,18.92,"1,000",Equity,Equity Securities (Main Board),1.99,1.945,1.995,1.925,1098000,2.19,2.017,2.048,-1.34,-2.86,2.84,-0.5,-5.69,3.27,3.9,3.9,3.27,3.9,-38.99,-48.85,-48.85,39.14,48.97,False,False,False,False,False,False,False,False,False,2026-09-16
3836,3836.HK,HARMONY AUTO,和谐汽车,8.23,500,Equity,Equity Securities (Main Board),0.54,0.495,0.54,0.49,151000,0.08,0.521,0.54,3.65,-0.09,5.88,3.85,3.85,1.46,2.72,6.8,1.46,2.72,-63.01,-80.15,-92.06,63.01,80.15,False,False,False,False,False,False,False,False,False,2026-09-16
3838,3838.HK,CHINA STARCH,中国淀粉,10.22,"5,000",Equity,Equity Securities (Main Board),0.178,0.176,0.181,0.176,14495000,2.58,0.177,0.173,0.79,2.83,0.56,0.56,1.71,0.19,0.28,0.38,0.19,0.28,-6.22,-34.18,-52.37,7.77,35.27,False,False,False,False,False,False,False,True,False,2026-09-16
3839,3839.HK,CPBIO,正大生物,20.46,500,Equity,Equity Securities (Main Board),8.5,8.5,8.615,8.405,914400,7.77,8.524,8.558,-0.28,-0.68,-0.35,-0.35,-0.12,9.89,10.15,10.15,9.89,10.15,-12.89,-15.12,-15.12,14.05,16.26,False,False,False,False,False,False,False,False,False,2026-09-16
3848,3848.HK,HAOSEN FINTECH,浩森金融科技,16.11,"1,000",Equity,Equity Securities (Main Board),2.06,2.11,2.11,2.06,409000,0.84,2.056,2.067,0.19,-0.34,0.49,0.0,-0.48,2.38,2.66,2.66,2.38,2.66,-11.34,-20.68,-20.68,13.45,22.56,False,False,False,False,False,False,False,False,False,2026-09-16
3858,3858.HK,JIAXIN INTL RES,佳鑫国际资源,251.69,400,Equity,Equity Securities (Main Board),55.25,55.55,55.65,53.5,1721637,95.12,55.13,55.605,0.22,-0.64,0.09,0.27,-5.8,176.2,176.2,176.2,176.2,176.2,-68.42,-68.42,-68.42,68.64,68.64,False,False,False,False,False,False,False,False,False,2026-09-16
3860,3860.HK,EPS HEALTH TECH,ＥＰＳ创健科技,3.49,"5,000",Equity,Equity Securities (Main Board),0.6,0.6,0.6,0.6,10000,0.01,0.601,0.592,-0.17,1.44,0.0,-4.76,6.19,0.84,1.5,2.68,0.84,1.5,-28.57,-60.0,-77.61,28.57,60.0,False,False,False,False,False,False,False,False,False,2026-09-16
3866,3866.HK,BQD,青岛银行,115.97,500,Equity,Equity Securities (Main Board),5.06,5.065,5.08,5.0,3840549,19.43,5.13,5.183,-1.36,-2.37,0.4,-2.03,-1.94,5.41,5.41,7.99,5.41,5.41,-6.01,-6.01,-36.45,6.38,6.38,False,False,False,False,False,False,False,True,True,2026-09-16
3868,3868.HK,XINYI ENERGY,信义能源,66.89,"2,000",Equity,Equity Securities (Main Board),0.785,0.78,0.795,0.775,9953505,7.81,0.789,0.787,-0.51,-0.25,0.64,-1.26,-0.63,1.38,1.98,6.28,1.38,1.98,-42.39,-59.85,-87.35,43.12,60.35,False,False,False,False,False,False,False,False,False,2026-09-16
3877,3877.HK,CSSC SHIPPING,中国船舶租赁,152.94,"2,000",Equity,Equity Securities (Main Board),2.465,2.45,2.475,2.405,10932000,26.95,2.458,2.399,0.28,2.77,0.61,-0.6,3.57,2.61,2.61,2.61,2.61,2.61,-5.17,-5.17,-5.17,5.56,5.56,False,False,False,False,False,False,False,True,True,2026-09-16
3878,3878.HK,VICON HOLDINGS,VICON HOLDINGS,0.92,"2,000",Equity,Equity Securities (Main Board),0.192,0.193,0.193,0.189,1002000,0.19,0.198,0.192,-2.93,0.05,-2.04,-1.03,3.23,0.29,0.29,6.14,0.29,0.29,-34.58,-34.58,-96.86,34.92,34.92,False,False,False,False,False,False,False,False,False,2026-09-16
3880,3880.HK,MEDTIDE,泰德医药,27.2,100,Equity,Equity Securities (Main Board),19.18,18.85,19.3,18.42,165500,3.17,19.084,19.765,0.5,-2.96,1.32,3.51,-3.86,30.46,41.72,41.72,30.46,41.72,-36.64,-53.74,-53.74,37.03,54.03,True,False,False,False,False,False,False,False,False,2026-09-16
3881,3881.HK,CIDI,希迪智驾,91.34,100,Equity,Equity Securities (Main Board),21.52,21.4,22.16,21.3,415168,8.93,21.092,20.363,2.03,5.68,-1.47,0.84,3.86,40.88,40.88,40.88,40.88,40.88,-45.79,-45.79,-45.79,47.36,47.36,False,False,False,False,False,False,False,False,False,2026-09-16
3883,3883.HK,CHINA AOYUAN,中国奥园,1.79,"1,000",Equity,Equity Securities (Main Board),0.038,0.039,0.039,0.036,110000,0.0,0.037,0.038,2.7,-0.0,2.7,2.7,2.7,0.11,1.18,13.12,0.11,1.18,-63.55,-96.69,-99.7,64.49,96.78,False,False,True,False,False,False,False,False,False,2026-09-16
3886,3886.HK,TOWN HEALTH,康健国际医疗,11.11,"2,000",Equity,Equity Securities (Main Board),0.164,0.168,0.17,0.164,176000,0.03,0.173,0.176,-5.2,-6.66,-6.82,-5.75,-9.39,0.28,0.37,1.42,0.28,0.37,-39.29,-54.05,-88.03,41.43,55.68,False,False,False,False,False,False,False,False,False,2026-09-16
3887,3887.HK,HASHKEY HLDGS,HASHKEY HLDGS,65.14,400,Equity,Equity Securities (Main Board),2.365,2.385,2.5,2.32,1939600,4.59,2.484,2.65,-4.79,-10.74,-0.84,-8.51,-13.37,7.98,7.98,7.98,7.98,7.98,-68.67,-68.67,-68.67,70.36,70.36,False,False,False,False,False,False,False,False,False,2026-09-16
3888,3888.HK,KINGSOFT,金山软件,332.89,200,Equity,Equity Securities (Main Board),24.22,24.58,24.68,23.94,7984416,193.38,24.348,24.562,-0.53,-1.39,-1.86,-0.66,0.75,33.68,47.5,79.5,33.68,47.5,-26.72,-48.04,-68.96,28.09,49.01,False,False,False,False,False,False,False,False,False,2026-09-16
3889,3889.HK,GLOBAL CORN GP,大成玉米集团,1.08,"2,000",Equity,Equity Securities (Main Board),0.056,0.058,0.062,0.055,480636,0.03,0.062,0.058,-9.68,-3.61,-3.45,-11.11,-13.85,0.1,0.25,0.29,0.1,0.25,-38.0,-75.2,-78.98,44.0,77.6,False,False,False,False,False,False,False,False,False,2026-09-16
3896,3896.HK,KINGSOFT CLOUD,金山云,225.0,"2,000",Equity,Equity Securities (Main Board),4.965,4.94,5.01,4.86,37190309,184.65,5.087,5.279,-2.4,-5.96,0.71,-5.43,-6.76,9.75,11.4,11.4,9.75,11.4,-48.62,-56.05,-56.05,49.08,56.45,False,False,False,False,False,False,False,False,False,2026-09-16
3898,3898.HK,TIMES ELECTRIC,时代电气,134.11,100,Equity,Equity Securities (Main Board),29.04,29.0,29.06,28.56,2727162,79.2,29.284,29.852,-0.83,-2.72,0.55,-1.29,-5.35,45.64,46.88,65.3,45.64,46.88,-36.33,-38.01,-55.5,36.37,38.05,False,False,False,False,False,False,False,False,False,2026-09-16
3899,3899.HK,CIMC ENRIC,中集安瑞科,161.88,"2,000",Equity,Equity Securities (Main Board),7.67,7.77,8.0,7.635,2952000,22.64,7.985,7.849,-3.94,-2.28,-1.48,-5.25,-4.42,13.88,13.88,13.88,13.88,13.88,-42.36,-42.36,-42.36,44.74,44.74,False,False,False,False,False,False,False,False,False,2026-09-16
3900,3900.HK,GREENTOWN CHINA,绿城中国,150.09,500,Equity,Equity Securities (Main Board),5.91,5.535,5.935,5.48,13867500,81.96,5.71,5.846,3.5,1.09,6.78,4.14,1.37,11.98,13.78,18.5,11.98,13.78,-50.46,-56.93,-67.92,50.67,57.11,False,False,False,True,False,False,False,False,False,2026-09-16
3908,3908.HK,CICC,中金公司,380.17,400,Equity,Equity Securities (Main Board),19.97,19.76,20.08,19.38,13324853,266.1,20.048,20.518,-0.39,-2.67,0.6,-0.75,-2.3,23.1,24.65,25.75,23.1,24.65,-13.07,-18.54,-22.02,13.55,18.99,False,False,False,False,False,False,False,False,False,2026-09-16
3913,3913.HK,KWG LIVING,合景悠活,2.67,"1,000",Equity,Equity Securities (Main Board),0.132,0.13,0.138,0.13,8271,0.0,0.137,0.14,-3.65,-5.71,1.54,-5.71,-7.69,0.25,0.67,10.5,0.25,0.67,-44.35,-79.4,-98.69,46.77,80.3,False,False,False,False,False,False,False,False,False,2026-09-16
3918,3918.HK,NAGACORP,金界控股,139.77,"2,000",Equity,Equity Securities (Main Board),3.16,3.18,3.235,3.11,2064352,6.52,3.142,3.179,0.57,-0.58,0.0,1.61,-1.1,4.89,6.98,14.74,4.89,6.98,-33.84,-53.65,-78.05,35.38,54.73,False,False,True,False,False,False,False,False,False,2026-09-16
3919,3919.HK,GOLDENPOWER,金力集团,0.6,"4,000",Equity,Equity Securities (Main Board),1.32,1.17,1.35,1.025,428000,0.56,1.283,0.982,2.88,34.49,3.13,21.1,46.67,3.08,3.08,30.33,3.08,3.08,-56.17,-56.17,-95.55,57.14,57.14,False,False,False,False,False,False,False,False,False,2026-09-16
3928,3928.HK,CHINA NEXT-GEN,中国新零售供应链,133.92,500,Equity,Equity Securities (Main Board),27.0,27.16,27.16,26.68,248500,6.71,26.94,26.96,0.22,0.15,0.37,-0.15,-0.81,29.56,29.56,29.56,29.56,29.56,-8.12,-8.12,-8.12,8.66,8.66,False,False,False,True,False,False,False,True,True,2026-09-16
3931,3931.HK,CALB,中创新航,133.41,100,Equity,Equity Securities (Main Board),17.52,16.55,17.72,16.12,12052400,211.16,16.958,17.124,3.31,2.31,6.63,3.55,1.15,39.3,39.3,39.3,39.3,39.3,-54.91,-54.91,-54.91,55.42,55.42,False,False,False,True,False,False,False,False,False,2026-09-16
3933,3933.HK,UNITED LAB,联邦制药,151.22,"2,000",Equity,Equity Securities (Main Board),7.675,7.9,7.91,7.62,5466000,41.95,7.955,8.188,-3.52,-6.27,-2.85,-3.34,-9.33,13.72,17.98,17.98,13.72,17.98,-42.35,-56.01,-56.01,44.06,57.31,False,False,False,False,False,False,False,False,False,2026-09-16
3938,3938.HK,LFG INV HLDGS,ＬＦＧ投资控股,14.79,"2,000",Equity,Equity Securities (Main Board),3.015,3.015,3.03,3.01,226000,0.68,3.033,3.072,-0.59,-1.84,0.0,-0.82,-1.31,4.0,4.0,4.0,4.0,4.0,-24.25,-24.25,-24.25,24.62,24.62,False,False,False,False,False,False,False,False,False,2026-09-16
3939,3939.HK,WANGUO GOLD GP,万国黄金集团,695.73,500,Equity,Equity Securities (Main Board),15.8,14.7,15.9,14.6,35970016,568.33,15.334,15.441,3.04,2.32,7.19,2.33,2.27,18.69,18.69,18.69,18.69,18.69,-14.93,-14.93,-14.93,15.46,15.46,False,False,False,True,False,False,False,False,False,2026-09-16
3952,3952.HK,LAIFUAL,来福谐波,48.13,100,Equity,Equity Securities (Main Board),46.22,47.5,47.5,45.2,74700,3.45,49.48,53.36,-6.59,-13.38,-2.24,-10.77,-17.61,119.6,119.6,119.6,119.6,119.6,-60.28,-60.28,-60.28,61.35,61.35,False,False,False,False,False,False,False,False,False,2026-09-16
3958,3958.HK,DFZQ,东方证券,58.55,400,Equity,Equity Securities (Main Board),5.7,5.655,5.715,5.595,5228800,29.8,5.771,5.83,-1.23,-2.24,0.35,-0.96,-2.4,7.63,8.96,9.2,7.63,8.96,-25.1,-36.22,-37.88,25.29,36.38,False,False,False,False,False,False,False,False,False,2026-09-16
3963,3963.HK,RONGZHONG FIN,融众金融,0.68,"10,000",Equity,Equity Securities (Main Board),0.112,0.113,0.113,0.113,10000,0.0,0.118,0.12,-5.08,-6.35,-0.88,-8.2,-8.2,0.17,1.1,1.77,0.17,1.1,-35.43,-89.73,-93.62,36.0,89.82,False,False,False,False,False,False,False,False,False,2026-09-16
3968,3968.HK,CM BANK,招商银行,2357.43,500,Equity,Equity Securities (Main Board),51.35,51.45,51.65,50.95,8748571,449.24,51.88,52.03,-1.02,-1.31,0.29,-1.15,-0.96,53.6,56.75,72.45,53.6,56.75,-3.64,-8.99,-28.71,4.2,9.52,False,False,False,False,False,False,False,True,True,2026-09-16
3969,3969.HK,CHINA CRSC,中国通号,60.74,"1,000",Equity,Equity Securities (Main Board),3.085,3.05,3.1,3.05,3048000,9.4,3.102,3.125,-0.55,-1.28,0.0,-0.64,-1.59,3.95,4.28,7.5,3.95,4.28,-21.52,-27.57,-58.67,21.9,27.92,False,False,False,False,False,False,False,False,False,2026-09-16
3978,3978.HK,BESTSTUDY EDU,卓越教育集团,19.48,"1,000",Equity,Equity Securities (Main Board),2.3,2.37,2.415,2.22,1634000,3.76,2.52,2.595,-8.73,-11.39,-2.13,-11.71,-12.21,4.09,5.99,5.99,4.09,5.99,-40.95,-59.68,-59.68,43.77,61.6,False,False,False,False,False,False,False,False,False,2026-09-16
3983,3983.HK,CHINA BLUECHEM,中海石油化学,35.02,"2,000",Equity,Equity Securities (Main Board),1.95,1.945,1.96,1.935,2243950,4.38,1.969,1.979,-0.96,-1.44,0.26,-1.27,-4.65,3.69,3.69,3.69,3.69,3.69,-46.88,-46.88,-46.88,47.15,47.15,False,False,False,False,False,False,False,False,False,2026-09-16
3986,3986.HK,GIGADEVICE,兆易创新,149.64,100,Equity,Equity Securities (Main Board),450.0,438.4,455.8,436.6,1374530,618.54,447.08,462.46,0.65,-2.69,3.02,-0.49,-6.33,1248.0,1248.0,1248.0,1248.0,1248.0,-63.48,-63.48,-63.48,63.94,63.94,False,False,False,False,False,False,False,False,False,2026-09-16
3988,3988.HK,BANK OF CHINA,中国银行,5000.61,"1,000",Equity,Equity Securities (Main Board),5.98,5.975,6.005,5.92,99450149,594.71,6.007,5.978,-0.45,0.03,0.42,-1.08,1.1,6.14,6.14,6.14,6.14,6.14,-2.2,-2.2,-2.2,2.61,2.61,False,False,False,False,False,False,False,True,True,2026-09-16
3989,3989.HK,CAPITAL ENV,首创环境,12.01,"2,000",Equity,Equity Securities (Main Board),0.084,0.082,0.088,0.082,4108000,0.35,0.083,0.082,1.69,2.31,3.7,2.44,2.44,0.15,0.15,0.39,0.15,0.15,-39.73,-39.73,-77.44,42.47,42.47,False,False,False,True,False,False,False,False,False,2026-09-16
3990,3990.HK,MIDEA REAL EST,美的置业,33.3,200,Equity,Equity Securities (Main Board),2.32,2.31,2.345,2.295,339197,0.79,2.357,2.369,-1.57,-2.05,0.65,-3.33,-3.53,4.69,7.92,25.3,4.69,7.92,-50.0,-70.39,-90.73,50.53,70.71,False,False,False,False,False,False,False,False,False,2026-09-16
3991,3991.HK,CHANGHONG JH,长虹佳华,8.58,"2,000",Equity,Equity Securities (Main Board),0.59,0.6,0.6,0.59,226000,0.13,0.6,0.6,-1.67,-1.67,-1.67,-2.48,-2.48,1.16,1.16,1.31,1.16,1.16,-48.28,-48.28,-54.2,49.14,49.14,False,False,False,False,False,False,False,False,False,2026-09-16
3993,3993.HK,CMOC,洛阳钼业,616.37,"3,000",Equity,Equity Securities (Main Board),15.67,15.31,15.73,15.18,26819813,420.27,15.964,16.467,-1.84,-4.84,3.16,-2.06,-11.97,25.24,25.24,25.24,25.24,25.24,-37.68,-37.68,-37.68,37.92,37.92,False,False,False,False,False,False,False,False,False,2026-09-16
3996,3996.HK,CH ENERGY ENG,中国能源建设,96.33,"2,000",Equity,Equity Securities (Main Board),1.04,1.03,1.04,1.03,9492000,9.87,1.04,1.041,0.0,-0.1,0.48,0.48,-1.42,1.55,1.96,1.96,1.55,1.96,-32.9,-46.94,-46.94,32.9,46.94,False,False,False,False,False,False,False,False,False,2026-09-16
3997,3997.HK,TSO,电讯首科,1.64,"2,000",Equity,Equity Securities (Main Board),1.28,1.28,1.28,1.28,10000,0.01,1.22,1.23,4.92,4.07,6.67,5.79,11.3,4.99,4.99,8.0,4.99,4.99,-74.35,-74.35,-84.0,74.35,74.35,False,False,False,False,False,False,False,False,False,2026-09-16
3998,3998.HK,BOSIDENG,波司登,495.38,"2,000",Equity,Equity Securities (Main Board),4.225,4.275,4.3,4.18,21479167,90.75,4.324,4.344,-2.29,-2.74,-1.97,-3.21,-1.97,4.99,5.37,6.93,4.99,5.37,-13.74,-19.93,-37.95,15.25,21.32,False,False,False,False,False,False,False,False,False,2026-09-16
6030,6030.HK,CITIC SEC,中信证券,843.62,500,Equity,Equity Securities (Main Board),24.64,24.52,24.68,24.14,13153092,324.09,25.044,25.758,-1.61,-4.34,0.33,-2.3,-4.57,30.8,32.9,32.9,30.8,32.9,-19.87,-24.98,-24.98,20.0,25.11,False,False,False,False,False,False,False,False,False,2026-09-16
6031,6031.HK,SANY HEAVY IND,三一重工,133.03,200,Equity,Equity Securities (Main Board),18.46,19.35,19.4,17.75,16749963,309.2,19.434,19.671,-5.01,-6.16,-4.45,-6.29,-8.88,27.16,27.16,27.16,27.16,27.16,-28.57,-28.57,-28.57,32.03,32.03,False,False,False,False,False,False,False,False,False,2026-09-16
6036,6036.HK,APEX ACE HLDG,光丽科技,13.01,"5,000",Equity,Equity Securities (Main Board),1.21,1.125,1.21,1.105,1135000,1.37,1.182,1.185,2.37,2.11,5.22,0.83,2.98,2.0,2.0,2.0,2.0,2.0,-39.5,-39.5,-39.5,39.5,39.5,False,False,False,True,False,False,False,False,False,2026-09-16
6038,6038.HK,G & M HLDGS,信越控股,4.01,"10,000",Equity,Equity Securities (Main Board),0.4,0.4,0.4,0.39,330000,0.13,0.389,0.4,2.83,0.13,0.0,2.56,6.67,0.47,0.47,0.61,0.47,0.47,-14.89,-14.89,-34.43,14.89,14.89,False,False,False,True,False,False,False,False,False,2026-09-16
6049,6049.HK,POLY PPT SER,保利物业,94.31,200,Equity,Equity Securities (Main Board),27.18,27.02,27.28,26.98,288002,7.83,27.316,27.802,-0.5,-2.24,0.3,-0.15,-2.93,35.06,40.65,92.85,35.06,40.65,-22.19,-32.89,-70.62,22.48,33.14,False,False,False,False,False,False,False,False,False,2026-09-16
6051,6051.HK,YOUZAN,有赞,18.98,"5,000",Equity,Equity Securities (Main Board),1.185,1.15,1.215,1.14,4907195,5.82,1.195,1.193,-0.84,-0.67,0.42,-3.27,1.72,3.44,4.88,90.4,3.44,4.88,-64.68,-75.1,-98.66,65.55,75.72,False,False,False,False,False,False,False,False,False,2026-09-16
6055,6055.HK,CTIHK,中烟香港,155.63,"1,000",Equity,Equity Securities (Main Board),22.5,22.98,23.7,22.22,2633000,59.24,22.868,23.522,-1.61,-4.34,-1.32,-1.23,-4.5,46.5,48.1,48.1,46.5,48.1,-49.03,-50.73,-50.73,51.61,53.22,False,False,False,False,False,False,False,False,False,2026-09-16
6058,6058.HK,CISI FIN,兴证国际,24.2,"2,000",Equity,Equity Securities (Main Board),0.605,0.595,0.615,0.575,422000,0.26,0.601,0.604,0.67,0.17,4.31,0.0,2.54,0.69,0.86,1.45,0.69,0.86,-10.87,-28.49,-57.59,12.32,29.65,False,False,False,True,False,False,False,False,False,2026-09-16
6060,6060.HK,ZA ONLINE,众安在线,164.79,100,Equity,Equity Securities (Main Board),10.08,9.99,10.13,9.87,9578610,96.55,10.14,10.695,-0.59,-5.75,1.0,-0.79,-5.79,18.0,24.25,97.8,18.0,24.25,-43.72,-58.23,-89.64,44.0,58.43,False,False,False,False,False,False,False,False,False,2026-09-16
6063,6063.HK,LOTUS HORIZON,智中国际,19.5,"8,000",Equity,Equity Securities (Main Board),0.975,1.05,1.05,0.925,19344000,18.86,1.106,1.196,-11.84,-18.51,-7.14,-17.02,-28.04,1.49,1.49,1.7,1.49,1.49,-29.29,-29.29,-38.24,34.34,34.34,False,False,False,False,False,False,False,False,False,2026-09-16
6066,6066.HK,CSC,中信建投证券,143.76,500,Equity,Equity Securities (Main Board),11.4,11.28,11.46,11.17,5346000,60.94,11.542,11.763,-1.23,-3.09,0.62,-1.13,-3.88,13.95,17.48,17.48,13.95,17.48,-17.85,-34.44,-34.44,18.28,34.78,False,False,False,False,False,False,False,False,False,2026-09-16
6067,6067.HK,SENIOR MATERIAL,星源材质,11.75,500,Equity,Equity Securities (Main Board),7.86,7.755,7.9,7.4,1855000,14.58,7.614,7.477,3.23,5.12,3.83,4.31,5.22,13.41,13.41,13.41,13.41,13.41,-41.09,-41.09,-41.09,41.39,41.39,False,False,False,True,False,False,False,False,False,2026-09-16
6068,6068.HK,WISDOM EDU INTL,光正教育,1.29,"2,000",Equity,Equity Securities (Main Board),0.059,0.06,0.06,0.055,8000,0.0,0.059,0.059,-0.34,-0.17,0.0,-1.67,0.0,0.09,0.43,7.5,0.09,0.43,-31.82,-85.88,-99.2,32.95,86.12,False,False,False,False,False,False,False,False,False,2026-09-16
6069,6069.HK,SY HOLDINGS,盛业,64.75,500,Equity,Equity Securities (Main Board),6.08,5.91,6.15,5.86,4396000,26.73,6.07,6.192,0.16,-1.82,2.88,0.75,-2.09,12.36,15.24,15.24,12.36,15.24,-50.24,-59.65,-59.65,50.81,60.1,False,False,False,False,False,False,False,False,False,2026-09-16
6078,6078.HK,HYGEIA HEALTH,海吉亚医疗,58.43,200,Equity,Equity Securities (Main Board),9.68,9.99,9.99,9.67,1163746,11.27,9.894,10.143,-2.16,-4.56,-2.22,-1.53,-5.84,14.55,51.75,110.0,14.55,51.75,-31.34,-80.7,-90.92,33.47,81.29,False,False,False,False,False,False,False,False,False,2026-09-16
6080,6080.HK,WING CHI HLDGS,荣智控股,1.33,"6,000",Equity,Equity Securities (Main Board),0.119,0.117,0.119,0.116,102000,0.01,0.12,0.124,-1.0,-4.11,-3.25,0.0,-0.83,0.24,0.24,0.86,0.24,0.24,-50.21,-50.21,-86.16,50.21,50.21,False,False,False,False,False,False,False,False,False,2026-09-16
6082,6082.HK,BIREN TECH,壁仞科技,445.14,200,Equity,Equity Securities (Main Board),32.88,32.06,34.16,31.9,13099300,430.7,34.196,37.224,-3.85,-11.67,2.56,-7.28,-13.97,70.75,70.75,70.75,70.75,70.75,-51.72,-51.72,-51.72,53.53,53.53,False,False,False,False,False,False,False,False,False,2026-09-16
6083,6083.HK,WORLD-LINK LOG,环宇物流（亚洲）,3.89,"4,000",Equity,Equity Securities (Main Board),0.775,0.745,0.775,0.665,704000,0.55,0.782,0.798,-0.9,-2.88,4.73,-1.9,-8.82,1.2,1.2,3.0,1.2,1.2,-35.42,-35.42,-74.17,35.42,35.42,False,False,False,False,False,False,False,False,False,2026-09-16
6086,6086.HK,FANGZHOU JIANKE,方舟健客,9.7,500,Equity,Equity Securities (Main Board),0.7,0.7,0.735,0.7,82000,0.06,0.715,0.74,-2.1,-5.41,0.0,-4.76,-4.11,4.33,8.18,8.18,4.33,8.18,-83.03,-91.01,-91.01,83.83,91.44,False,False,False,False,False,False,False,False,False,2026-09-16
6088,6088.HK,FIT HON TENG,FIT HON TENG,383.08,"1,000",Equity,Equity Securities (Main Board),5.245,5.22,5.32,5.15,10793265,56.61,5.282,5.348,-0.7,-1.93,2.24,-0.57,-7.25,10.89,10.89,10.89,10.89,10.89,-51.15,-51.15,-51.15,51.84,51.84,False,False,False,False,False,False,False,False,False,2026-09-16
6090,6090.HK,BUTONG GROUP,不同集团,36.66,100,Equity,Equity Securities (Main Board),41.3,39.54,41.68,39.08,682100,28.17,40.316,41.724,2.44,-1.02,4.45,2.48,-2.78,143.0,143.0,143.0,143.0,143.0,-70.85,-70.85,-70.85,71.12,71.12,False,False,False,False,False,False,False,False,False,2026-09-16
6098,6098.HK,CG SERVICES,碧桂园服务,173.77,"1,000",Equity,Equity Securities (Main Board),5.225,5.23,5.24,5.19,5347577,27.94,5.322,5.457,-1.82,-4.25,0.29,-2.52,-5.6,6.61,9.15,85.2,6.61,9.15,-20.73,-42.73,-93.85,20.95,42.9,False,False,False,False,False,False,False,False,False,2026-09-16
6099,6099.HK,CMSC,招商证券,185.06,200,Equity,Equity Securities (Main Board),14.52,14.63,14.63,14.28,2955200,42.91,14.692,14.993,-1.17,-3.15,0.35,-1.09,-3.39,18.65,26.05,26.05,18.65,26.05,-21.55,-43.84,-43.84,22.14,44.26,False,False,False,False,False,False,False,False,False,2026-09-16
6100,6100.HK,TONGDAO LIEPIN,同道猎聘,11.08,200,Equity,Equity Securities (Main Board),2.195,2.2,2.22,2.17,44800,0.1,2.247,2.332,-2.31,-5.85,2.09,-4.15,-9.3,4.8,7.5,36.0,4.8,7.5,-53.75,-70.4,-93.83,54.27,70.73,False,False,False,False,False,False,False,False,False,2026-09-16
6106,6106.HK,SEER TECH,仙工智能,74.92,50,Equity,Equity Securities (Main Board),67.8,68.6,71.8,65.35,381100,25.84,73.3,71.98,-7.5,-5.81,0.0,-15.2,-4.17,140.5,140.5,140.5,140.5,140.5,-48.9,-48.9,-48.9,51.74,51.74,False,False,False,False,False,False,False,False,False,2026-09-16
6108,6108.HK,NEW RAY MEDIC,新锐医药,0.46,"8,000",Equity,Equity Securities (Main Board),0.229,0.215,0.229,0.202,515680,0.12,0.222,0.23,2.97,-0.22,4.09,6.02,5.05,0.29,0.84,27.6,0.29,0.84,-22.37,-72.74,-99.17,22.37,72.74,False,False,False,False,False,False,False,False,False,2026-09-16
6110,6110.HK,TOPSPORTS,滔搏,59.84,"1,000",Equity,Equity Securities (Main Board),0.965,0.98,0.995,0.96,36948181,35.65,1.001,1.055,-3.6,-8.53,-2.53,-4.93,-11.87,3.19,6.96,13.78,3.19,6.96,-68.81,-85.7,-92.78,69.75,86.14,False,False,False,False,False,False,False,False,False,2026-09-16
6113,6113.HK,BITSTRAT HLDGS,比特策略,5.0,"2,000",Equity,Equity Securities (Main Board),1.25,1.155,1.26,1.15,16000,0.02,1.286,1.346,-2.8,-7.13,-1.96,-4.58,-7.06,3.5,7.8,7.8,3.5,7.8,-64.0,-83.85,-83.85,64.29,83.97,False,False,False,False,False,False,False,False,False,2026-09-16
6118,6118.HK,AUSTAR,奥星生命科技,3.74,"1,000",Equity,Equity Securities (Main Board),0.73,0.72,0.73,0.69,8000,0.01,0.729,0.72,0.14,1.46,1.39,-0.68,4.29,1.08,2.84,30.9,1.08,2.84,-32.41,-74.3,-97.64,32.41,74.3,False,False,False,True,False,False,False,False,False,2026-09-16
6123,6123.HK,YTO INTL EXP,圆通国际快递,5.0,"2,000",Equity,Equity Securities (Main Board),1.19,1.15,1.2,1.15,28000,0.03,1.135,1.158,4.85,2.81,6.73,3.48,3.48,1.6,1.75,12.3,1.6,1.75,-25.0,-31.43,-90.24,25.62,32.0,False,False,False,True,False,False,False,False,False,2026-09-16
6127,6127.HK,JOINN,昭衍新药,26.37,100,Equity,Equity Securities (Main Board),22.16,22.1,22.62,21.9,2818054,62.45,21.928,22.366,1.06,-0.92,0.27,4.53,-2.12,29.98,29.98,70.41,29.98,29.98,-24.55,-24.55,-67.87,26.08,26.08,False,False,False,False,False,False,False,False,False,2026-09-16
6128,6128.HK,GRAPHEX GROUP,烯石电车新材料,0.5,"10,000",Equity,Equity Securities (Main Board),0.053,0.052,0.053,0.052,688000,0.04,0.054,0.054,-2.57,-2.57,-3.64,-3.64,0.0,0.32,1.32,13.72,0.32,1.32,-83.44,-95.98,-99.61,83.44,95.98,False,False,False,False,False,False,False,False,False,2026-09-16
6132,6132.HK,HJ SCIENCE-B,华健未来－Ｂ,31.06,100,Equity,Equity Securities (Main Board),42.2,42.98,43.6,41.02,42900,1.81,41.92,42.876,0.67,-1.58,-1.81,1.39,-1.12,82.0,82.0,82.0,82.0,82.0,-46.83,-46.83,-46.83,48.54,48.54,False,False,True,False,False,False,False,False,False,2026-09-16
6136,6136.HK,KANGDA ENV,康达环保,17.99,"1,000",Equity,Equity Securities (Main Board),0.78,0.785,0.785,0.765,145000,0.11,0.781,0.776,-0.13,0.52,1.3,0.0,1.96,0.92,0.92,2.3,0.92,0.92,-14.67,-14.67,-65.87,15.22,15.22,False,False,False,False,False,False,False,False,False,2026-09-16
6138,6138.HK,HARBIN BANK,哈尔滨银行,9.37,"1,000",Equity,Equity Securities (Main Board),0.31,0.305,0.31,0.305,598000,0.19,0.31,0.314,0.0,-1.43,1.64,-1.59,-3.12,0.4,0.57,2.8,0.4,0.57,-21.52,-45.61,-88.93,21.52,45.61,False,False,False,False,False,False,False,False,False,2026-09-16
6158,6158.HK,ZHENRO PPT,正荣地产,0.96,"1,000",Equity,Equity Securities (Main Board),0.022,0.024,0.024,0.022,4115000,0.09,0.023,0.027,-4.35,-17.91,-4.35,-4.35,-18.52,0.12,0.28,6.64,0.12,0.28,-79.13,-91.43,-99.64,80.87,92.14,False,False,False,False,False,False,False,False,False,2026-09-16
6160,6160.HK,BEONE MEDICINES,百济神州,2948.66,100,Equity,Equity Securities (Main Board),206.6,214.8,214.8,205.2,3412194,704.96,209.0,212.06,-1.15,-2.57,-2.73,0.19,-0.96,235.6,235.6,278.6,235.6,235.6,-8.83,-8.83,-22.9,12.31,12.31,False,False,False,False,False,False,False,False,False,2026-09-16
6162,6162.HK,TR INTERIORS,天瑞汽车内饰,1.42,"8,000",Equity,Equity Securities (Main Board),0.059,0.059,0.061,0.059,7384000,0.44,0.064,0.071,-7.81,-16.43,0.0,-14.49,-19.18,0.6,0.66,0.66,0.6,0.66,-89.83,-90.76,-90.76,90.17,91.06,False,False,False,False,False,False,False,False,False,2026-09-16
6166,6166.HK,CIG,剑桥科技,112.21,50,Equity,Equity Securities (Main Board),121.1,110.3,124.5,109.8,12520873,1516.28,116.92,113.79,3.58,6.42,10.69,0.41,2.02,173.0,173.0,173.0,173.0,173.0,-28.03,-28.03,-28.03,30.0,30.0,False,False,False,True,False,False,False,False,False,2026-09-16
6168,6168.HK,ZHOU LIU FU,周六福,32.83,100,Equity,Equity Securities (Main Board),12.62,12.47,12.76,12.16,307500,3.88,12.586,12.997,0.27,-2.9,2.52,-0.08,-5.04,31.3,57.55,57.55,31.3,57.55,-59.23,-77.83,-77.83,59.68,78.07,False,False,False,False,False,False,False,False,False,2026-09-16
6169,6169.HK,YUHUA EDU,宇华教育,15.51,"2,000",Equity,Equity Securities (Main Board),0.36,0.355,0.365,0.355,550000,0.2,0.363,0.367,-0.83,-1.77,-1.37,-1.37,0.0,0.58,0.93,8.54,0.58,0.93,-37.07,-60.75,-95.73,37.93,61.29,False,False,False,False,False,False,False,False,False,2026-09-16
6178,6178.HK,EB SECURITIES,光大证券,49.88,200,Equity,Equity Securities (Main Board),7.085,7.03,7.14,6.98,2058000,14.58,7.186,7.35,-1.41,-3.6,0.14,-1.53,-4.9,9.74,13.52,13.52,9.74,13.52,-26.69,-47.19,-47.19,27.26,47.6,False,False,False,False,False,False,False,False,False,2026-09-16
6181,6181.HK,LAOPU GOLD,老铺黄金,537.42,100,Equity,Equity Securities (Main Board),374.4,359.8,376.8,357.0,1012158,378.95,371.28,382.5,0.84,-2.12,5.23,1.3,-6.63,898.0,1108.0,1108.0,898.0,1108.0,-58.04,-65.99,-65.99,58.31,66.21,False,False,False,False,False,False,False,False,False,2026-09-16
6182,6182.HK,TWINTEK,乙德投资控股,6.92,"8,000",Equity,Equity Securities (Main Board),0.865,0.73,0.91,0.71,9808000,8.48,0.723,0.673,19.64,28.53,17.69,32.06,31.06,1.28,1.35,1.35,1.28,1.35,-28.91,-32.59,-32.59,32.42,35.93,True,False,False,False,False,False,False,False,False,2026-09-16
6185,6185.HK,CANSINOBIO,康希诺生物,33.62,200,Equity,Equity Securities (Main Board),25.34,25.58,25.96,25.08,2291400,58.06,26.004,27.528,-2.55,-7.95,-0.94,-1.78,-11.58,41.64,56.55,449.6,41.64,56.55,-37.66,-54.09,-94.23,39.15,55.19,False,False,False,False,False,False,False,False,False,2026-09-16
6186,6186.HK,CHINA FEIHE,中国飞鹤,219.75,"1,000",Equity,Equity Securities (Main Board),2.495,2.475,2.5,2.435,18972000,47.34,2.519,2.634,-0.95,-5.28,0.81,-3.11,-3.11,4.1,7.38,25.7,4.1,7.38,-39.02,-66.12,-90.27,39.15,66.19,False,False,False,False,False,False,False,False,False,2026-09-16
6188,6188.HK,BJ DIGITAL,迪信通,2.14,500,Equity,Equity Securities (Main Board),0.39,0.39,0.39,0.39,5000,0.0,0.389,0.389,0.26,0.26,0.0,0.0,1.3,0.82,3.83,3.84,0.82,3.83,-52.44,-89.82,-89.84,52.44,89.82,False,False,False,False,False,False,False,False,False,2026-09-16
6193,6193.HK,TAILAM TECHCON,泰林科建,1.6,"2,000",Equity,Equity Securities (Main Board),0.4,0.4,0.4,0.4,14000,0.01,0.396,0.388,1.01,3.09,1.27,1.27,5.26,0.52,0.52,3.0,0.52,0.52,-23.08,-23.08,-86.67,23.08,23.08,False,False,False,False,False,False,False,False,False,2026-09-16
6196,6196.HK,BANKOFZHENGZHOU,郑州银行,18.08,"1,000",Equity,Equity Securities (Main Board),0.895,0.895,0.9,0.885,5428000,4.86,0.907,0.911,-1.32,-1.7,0.0,-1.65,-2.19,1.19,1.48,4.23,1.19,1.48,-24.37,-39.19,-78.75,24.79,39.53,False,False,False,False,False,False,False,False,False,2026-09-16
6198,6198.HK,QINGDAO PORT,青岛港,84.24,"1,000",Equity,Equity Securities (Main Board),7.665,7.405,7.7,7.405,4341000,33.27,7.56,7.497,1.39,2.24,1.79,1.79,-1.03,7.95,7.95,7.95,7.95,7.95,-3.14,-3.14,-3.14,3.58,3.58,False,False,False,True,False,False,False,True,True,2026-09-16
6199,6199.HK,BANK OF GUIZHOU,贵州银行,20.13,"1,000",Equity,Equity Securities (Main Board),0.915,0.915,0.925,0.915,67000,0.06,0.918,0.919,-0.33,-0.44,-1.08,0.0,-0.54,1.18,1.98,2.92,1.18,1.98,-21.61,-53.28,-68.32,22.46,53.79,False,False,False,False,False,False,False,False,False,2026-09-16
6228,6228.HK,MERDEKAGOLD-DRS,自由黄金－ＤＲＳ,4988.04,100,Equity,Depositary Receipts,33.86,34.5,34.5,32.5,379600,12.85,35.608,36.894,-4.91,-8.22,3.87,-13.58,-12.55,41.58,41.58,41.58,41.58,41.58,-17.03,-17.03,-17.03,18.57,18.57,False,False,False,False,False,False,False,False,False,2026-09-16
6288,6288.HK,FAST RETAIL-DRS,FAST RETAIL-DRS,5.04,300,Equity,Depositary Receipts,33.6,33.7,33.7,33.6,4500,0.15,33.604,34.49,-0.01,-2.58,-0.88,0.42,-1.75,43.8,43.8,43.8,43.8,43.8,-23.06,-23.06,-23.06,23.29,23.29,False,False,False,False,False,False,False,False,False,2026-09-16
6600,6600.HK,ONEROBOTICS,卧安机器人,92.71,100,Equity,Equity Securities (Main Board),41.14,44.88,44.98,41.14,655862,26.98,43.74,45.182,-5.94,-8.95,-5.29,-5.12,-12.02,201.6,201.6,201.6,201.6,201.6,-77.69,-77.69,-77.69,79.59,79.59,False,False,False,False,False,False,False,False,False,2026-09-16
6601,6601.HK,CHEERWIN GP,朝云集团,28.93,500,Equity,Equity Securities (Main Board),2.17,2.15,2.17,2.135,420660,0.91,2.175,2.192,-0.23,-0.98,0.0,-0.46,-0.69,2.52,3.21,9.36,2.52,3.21,-13.89,-32.4,-76.82,13.89,32.4,False,False,False,False,False,False,False,False,False,2026-09-16
6603,6603.HK,IFBH,IFBH,11.17,200,Equity,Equity Securities (Main Board),4.22,4.24,4.285,4.05,290400,1.23,4.223,4.332,-0.07,-2.6,3.43,-2.54,8.21,21.56,48.8,48.8,21.56,48.8,-80.13,-91.22,-91.22,80.43,91.35,False,False,False,False,False,False,False,False,False,2026-09-16
6608,6608.HK,BAIRONG AI-W,百融智能－Ｗ,16.69,500,Equity,Equity Securities (Main Board),4.5,4.485,4.52,4.21,612000,2.75,4.603,4.824,-2.24,-6.71,1.93,-4.46,-7.98,13.64,14.8,29.45,13.64,14.8,-66.86,-69.46,-84.65,67.01,69.59,False,False,False,False,False,False,False,False,False,2026-09-16
6609,6609.HK,HEARTCARE-B,心玮医疗－Ｂ,16.51,50,Equity,Equity Securities (Main Board),53.95,52.3,54.2,51.5,24150,1.3,50.366,49.004,7.12,10.09,3.15,13.58,6.73,66.9,71.25,147.5,66.9,71.25,-18.98,-23.93,-63.25,19.36,24.28,True,False,False,False,False,False,False,False,False,2026-09-16
6610,6610.HK,FLOWING CLOUD,飞天云动,1.09,"1,000",Equity,Equity Securities (Main Board),0.84,0.82,0.84,0.8,130000,0.11,0.858,0.893,-2.1,-5.99,1.2,-4.55,-11.58,2.29,42.4,104.2,2.29,42.4,-63.32,-98.02,-99.19,63.32,98.02,False,False,False,False,False,False,False,False,False,2026-09-16
6613,6613.HK,LENS,蓝思科技,64.78,200,Equity,Equity Securities (Main Board),21.48,20.94,21.56,20.78,4030817,86.58,21.916,22.818,-1.99,-5.86,2.38,-4.11,-8.52,32.58,33.94,33.94,32.58,33.94,-33.82,-36.48,-36.48,34.07,36.71,False,False,False,False,False,False,False,False,False,2026-09-16
6616,6616.HK,GLOBAL NEW MAT,环球新材国际,124.41,"1,000",Equity,Equity Securities (Main Board),9.965,10.25,10.25,9.91,1442000,14.37,9.779,9.995,1.9,-0.3,0.4,6.07,-1.82,11.18,11.18,11.36,11.18,11.18,-8.32,-8.32,-9.77,10.87,10.87,True,False,False,False,False,False,False,False,False,2026-09-16
6618,6618.HK,JD HEALTH,京东健康,1094.34,50,Equity,Equity Securities (Main Board),34.3,35.8,35.8,33.88,6273673,215.19,34.656,35.494,-1.03,-3.36,-1.44,-1.27,-2.72,71.7,71.7,198.5,71.7,71.7,-50.07,-50.07,-81.96,52.16,52.16,False,False,False,False,False,False,False,False,False,2026-09-16
6622,6622.HK,ZHAOKE OPHTH-B,兆科眼科－Ｂ,13.61,500,Equity,Equity Securities (Main Board),2.48,2.485,2.5,2.46,119500,0.3,2.496,2.504,-0.64,-0.96,-0.6,-0.2,-0.2,3.79,4.6,15.6,3.79,4.6,-34.04,-45.65,-83.97,34.56,46.09,False,False,False,False,False,False,False,False,False,2026-09-16
6626,6626.HK,YUEXIU SERVICES,越秀服务,26.74,500,Equity,Equity Securities (Main Board),1.78,1.77,1.78,1.75,363972,0.65,1.79,1.843,-0.56,-3.42,0.56,-0.84,-2.47,2.56,3.94,5.73,2.56,3.94,-30.47,-54.82,-68.94,30.47,54.82,False,False,False,False,False,False,False,False,False,2026-09-16
6628,6628.HK,TRANSCENTA-B,创胜集团医药－Ｂ,4.19,500,Equity,Equity Securities (Main Board),0.925,0.815,0.925,0.78,651000,0.6,0.862,0.933,7.31,-0.8,12.12,1.65,-5.61,3.06,5.8,16.18,3.06,5.8,-69.77,-84.05,-94.28,69.77,84.05,False,False,False,False,False,False,False,False,False,2026-09-16
6636,6636.HK,EXTREME VISION,极视角,79.77,50,Equity,Equity Securities (Main Board),71.0,72.9,74.0,69.65,223863,15.89,71.46,76.49,-0.64,-7.18,0.0,-7.79,-2.74,131.1,131.1,131.1,131.1,131.1,-43.55,-43.55,-43.55,45.84,45.84,False,False,False,False,False,False,False,False,False,2026-09-16
6651,6651.HK,51WORLD,五一视界,223.42,200,Equity,Equity Securities (Main Board),55.8,54.0,56.8,52.95,1819954,101.55,56.63,59.285,-1.47,-5.88,3.81,-5.42,-9.34,147.0,147.0,147.0,147.0,147.0,-61.36,-61.36,-61.36,62.04,62.04,False,False,False,False,False,False,False,False,False,2026-09-16
6655,6655.HK,HX BLDG MAT,华新建材,118.58,100,Equity,Equity Securities (Main Board),16.14,16.1,16.2,15.41,6430904,103.79,16.384,16.522,-1.49,-2.31,0.5,-1.94,-5.28,20.2,20.2,20.2,20.2,20.2,-19.8,-19.8,-19.8,20.1,20.1,False,False,False,False,False,False,False,False,False,2026-09-16
6656,6656.HK,SIGENERGY,思格新能,429.56,100,Equity,Equity Securities (Main Board),303.0,329.0,329.0,302.2,388014,117.57,314.96,323.9,-3.8,-6.45,-6.02,-2.32,-8.51,669.0,669.0,669.0,669.0,669.0,-50.82,-50.82,-50.82,54.71,54.71,False,False,False,False,False,False,False,False,False,2026-09-16
6657,6657.HK,BAIWANG CO,百望股份,26.61,100,Equity,Equity Securities (Main Board),11.78,12.0,12.65,11.78,186300,2.19,12.152,12.94,-3.06,-8.96,-6.58,-3.92,-12.61,20.0,51.5,51.5,20.0,51.5,-36.75,-75.44,-75.44,41.1,77.13,False,False,False,False,False,False,False,False,False,2026-09-16
6658,6658.HK,LIULIUMEI,溜溜梅,130.12,100,Equity,Equity Securities (Main Board),165.1,170.8,183.0,160.7,444600,73.4,167.78,152.1,-1.6,8.55,-5.93,-0.9,17.34,194.2,194.2,194.2,194.2,194.2,-5.77,-5.77,-5.77,14.98,14.98,False,False,False,False,False,False,False,False,False,2026-09-16
6660,6660.HK,AIM VACCINE,艾美疫苗,8.12,200,Equity,Equity Securities (Main Board),1.6,1.795,1.795,1.585,316800,0.51,1.652,1.722,-3.15,-7.08,0.31,-5.6,-8.31,3.78,44.7,100.0,3.78,44.7,-52.51,-95.98,-98.21,57.67,96.42,False,False,False,False,False,False,False,False,False,2026-09-16
6663,6663.HK,IWS GROUP,国际永胜集团,2.32,"10,000",Equity,Equity Securities (Main Board),0.29,0.315,0.315,0.29,170000,0.05,0.293,0.283,-1.02,2.47,-12.12,1.75,11.54,0.42,0.7,1.49,0.42,0.7,-25.0,-55.0,-78.86,30.95,58.57,False,False,False,False,False,False,False,False,False,2026-09-16
6666,6666.HK,EVERG SERVICES,恒大物业,126.49,500,Equity,Equity Securities (Main Board),1.17,1.155,1.175,1.15,15649000,18.31,1.164,1.163,0.52,0.56,1.3,1.3,-3.7,1.7,1.7,19.74,1.7,1.7,-30.88,-30.88,-94.05,31.18,31.18,False,False,False,True,False,False,False,False,False,2026-09-16
6667,6667.HK,MEGA GENOMICS,美因基因,15.73,200,Equity,Equity Securities (Main Board),7.05,7.125,7.125,7.045,78400,0.55,7.136,7.114,-1.21,-0.91,-1.05,-1.95,-1.74,7.53,12.4,21.0,7.53,12.4,-5.38,-42.54,-66.07,6.37,43.15,False,False,False,False,False,False,False,True,False,2026-09-16
6668,6668.HK,E-STAR CM,星盛商业,14.25,"1,000",Equity,Equity Securities (Main Board),1.405,1.4,1.405,1.385,216000,0.3,1.397,1.395,0.57,0.72,0.36,1.08,1.81,1.43,1.56,6.15,1.43,1.56,-1.75,-9.94,-77.15,1.75,9.94,False,False,False,True,False,False,False,True,True,2026-09-16
6669,6669.HK,ACOTEC-B,先瑞达医疗－Ｂ,18.99,"1,000",Equity,Equity Securities (Main Board),6.06,5.87,6.08,5.84,439000,2.66,5.863,5.984,3.36,1.28,3.77,3.86,4.94,15.32,15.47,19.88,15.32,15.47,-60.31,-60.7,-69.42,60.44,60.83,False,False,True,True,False,False,False,False,False,2026-09-16
6675,6675.HK,SENASIC,SENASIC,108.31,200,Equity,Equity Securities (Main Board),28.36,28.56,29.58,28.32,273800,7.76,28.748,28.622,-1.35,-0.92,-0.63,-8.52,1.07,45.48,45.48,45.48,45.48,45.48,-34.96,-34.96,-34.96,37.64,37.64,False,False,False,False,False,False,False,False,False,2026-09-16
6676,6676.HK,ZG GROUP-W,找钢网－Ｗ,5.86,500,Equity,Equity Securities (Main Board),0.665,0.72,0.72,0.66,49500,0.03,0.699,0.703,-4.86,-5.41,-5.0,-6.99,-5.67,2.19,8.21,8.21,2.19,8.21,-67.12,-91.23,-91.23,69.63,91.9,False,False,False,False,False,False,False,False,False,2026-09-16
6677,6677.HK,SINO-OCEAN SERV,远洋服务,3.67,500,Equity,Equity Securities (Main Board),0.31,0.305,0.31,0.305,121000,0.04,0.305,0.305,1.64,1.81,0.0,3.33,-1.59,0.46,1.08,6.88,0.46,1.08,-32.61,-71.3,-95.49,32.61,71.3,False,False,True,False,False,False,False,False,False,2026-09-16
6680,6680.HK,JLMAG,金力永磁,37.69,200,Equity,Equity Securities (Main Board),15.63,15.5,15.79,15.19,1313986,20.54,15.762,16.211,-0.84,-3.58,1.17,-1.26,-6.8,25.94,29.3,29.3,25.94,29.3,-39.13,-46.11,-46.11,39.75,46.66,False,False,False,False,False,False,False,False,False,2026-09-16
6681,6681.HK,BRAINAURORA-B,脑动极光－Ｂ,17.11,"1,000",Equity,Equity Securities (Main Board),1.26,1.28,1.29,1.245,6608100,8.33,1.262,1.338,-0.16,-5.83,0.8,0.0,-0.79,8.48,17.79,17.79,8.48,17.79,-84.79,-92.75,-92.75,85.14,92.92,False,False,False,False,False,False,False,False,False,2026-09-16
6682,6682.HK,PHANCY,范式智能,89.83,100,Equity,Equity Securities (Main Board),25.08,25.1,25.3,24.54,3758800,94.27,25.836,27.448,-2.93,-8.63,-0.08,-5.57,-11.81,61.95,115.0,115.0,61.95,115.0,-59.16,-78.0,-78.0,59.52,78.19,False,False,False,False,False,False,False,False,False,2026-09-16
6683,6683.HK,STARPLUS LEGEND,巨星传奇,34.21,500,Equity,Equity Securities (Main Board),3.57,3.52,3.62,3.465,2357500,8.42,3.622,3.754,-1.44,-4.91,1.56,-1.92,-5.05,11.15,17.64,17.64,11.15,17.64,-67.53,-79.48,-79.48,67.98,79.76,False,False,False,False,False,False,False,False,False,2026-09-16
6687,6687.HK,JST GROUP,聚水潭,52.85,100,Equity,Equity Securities (Main Board),12.5,12.6,12.78,12.4,202100,2.53,12.52,13.079,-0.16,-4.43,-0.64,1.21,-2.04,33.66,41.72,41.72,33.66,41.72,-62.03,-69.37,-69.37,62.86,70.04,False,False,False,False,False,False,False,False,False,2026-09-16
6690,6690.HK,HAIER SMARTHOME,海尔智家,590.69,200,Equity,Equity Securities (Main Board),20.7,21.06,21.24,20.6,9014968,186.61,20.824,21.032,-0.6,-1.58,-1.62,0.58,-1.71,28.2,36.45,38.45,28.2,36.45,-24.68,-41.73,-44.76,26.6,43.21,False,False,False,False,False,False,False,False,False,2026-09-16
6693,6693.HK,CHIFENG GOLD,赤峰黄金,93.13,200,Equity,Equity Securities (Main Board),39.38,36.84,39.62,36.42,6115200,240.82,38.612,39.928,1.99,-1.37,7.65,0.66,-0.86,49.9,49.9,49.9,49.9,49.9,-20.6,-20.6,-20.6,21.08,21.08,False,False,False,False,False,False,False,False,False,2026-09-16
6698,6698.HK,STAR CM,星空华文,3.36,100,Equity,Equity Securities (Main Board),0.845,0.805,0.845,0.805,600,0.0,0.843,0.838,0.24,0.9,1.2,0.0,1.81,1.19,30.4,132.0,1.19,30.4,-28.99,-97.22,-99.36,28.99,97.22,False,False,False,True,False,False,False,False,False,2026-09-16
6699,6699.HK,ANGELALIGN,时代天使,150.05,200,Equity,Equity Securities (Main Board),87.4,87.95,89.3,85.35,618344,54.04,88.4,92.375,-1.13,-5.39,-0.96,0.98,-9.1,100.0,100.0,490.0,100.0,100.0,-10.7,-10.7,-81.78,12.6,12.6,False,False,False,False,False,False,False,False,False,2026-09-16
6715,6715.HK,XUNLONG SCITECH,鲟龙科技,69.14,100,Equity,Equity Securities (Main Board),63.5,63.05,70.6,63.0,736000,46.74,65.93,70.44,-3.69,-9.85,1.52,-6.34,-16.45,120.2,120.2,120.2,120.2,120.2,-41.26,-41.26,-41.26,47.17,47.17,False,False,False,False,False,False,False,False,False,2026-09-16
6745,6745.HK,BEFAR GROUP,滨化股份,10.85,"1,000",Equity,Equity Securities (Main Board),3.08,3.01,3.1,2.965,3862000,11.89,3.074,3.095,0.2,-0.5,1.99,-0.16,-1.6,4.19,4.19,4.19,4.19,4.19,-26.01,-26.01,-26.01,26.49,26.49,False,False,False,False,False,False,False,False,False,2026-09-16
6805,6805.HK,KIMOU ENVIRON,金茂源环保,32.63,"2,000",Equity,Equity Securities (Main Board),2.95,3.08,3.08,2.9,404000,1.19,2.96,2.988,-0.34,-1.26,1.55,-1.99,-2.8,3.99,3.99,3.99,3.99,3.99,-22.81,-22.81,-22.81,26.07,26.07,False,False,False,False,False,False,False,False,False,2026-09-16
6806,6806.HK,SWHY,申万宏源,61.35,800,Equity,Equity Securities (Main Board),2.45,2.425,2.45,2.4,7834400,19.19,2.477,2.518,-1.09,-2.7,0.62,-1.21,-3.92,3.4,4.65,4.65,3.4,4.65,-27.94,-47.31,-47.31,27.94,47.31,False,False,False,False,False,False,False,False,False,2026-09-16
6808,6808.HK,SUNART RETAIL,高鑫零售,103.51,500,Equity,Equity Securities (Main Board),1.085,1.08,1.085,1.05,13683000,14.85,1.07,1.06,1.4,2.36,2.36,1.88,1.4,1.94,2.8,13.4,1.94,2.8,-44.07,-61.25,-91.9,44.07,61.25,False,False,False,True,False,False,False,False,False,2026-09-16
6809,6809.HK,MONTAGE TECH,澜起科技,204.74,100,Equity,Equity Securities (Main Board),270.2,261.2,271.2,257.8,2536239,685.29,259.56,264.42,4.1,2.19,5.46,4.73,-0.44,543.0,543.0,543.0,543.0,543.0,-50.06,-50.06,-50.06,50.24,50.24,False,False,False,True,False,False,False,False,False,2026-09-16
6810,6810.HK,SUNMI TECH-W,商米科技－Ｗ,168.14,100,Equity,Equity Securities (Main Board),55.3,54.0,55.9,52.25,1134100,62.72,54.89,55.335,0.75,-0.06,2.69,-0.45,1.65,99.8,99.8,99.8,99.8,99.8,-43.99,-43.99,-43.99,44.59,44.59,False,False,False,False,False,False,False,False,False,2026-09-16
6811,6811.HK,TAI HING GROUP,太兴集团,14.09,"1,000",Equity,Equity Securities (Main Board),1.45,1.45,1.48,1.445,2410000,3.49,1.464,1.48,-0.96,-1.99,-0.68,-2.03,-4.29,1.56,1.56,3.01,1.56,1.56,-5.13,-5.13,-50.83,7.05,7.05,False,False,False,False,False,False,False,True,True,2026-09-16
6812,6812.HK,WINSON HLDGS HK,永顺控股香港,1.5,"5,000",Equity,Equity Securities (Main Board),0.25,0.25,0.25,0.25,195000,0.05,0.256,0.253,-2.34,-1.19,0.0,-10.71,0.0,0.34,0.34,0.8,0.34,0.34,-27.54,-27.54,-68.75,27.54,27.54,False,False,False,False,False,False,False,False,False,2026-09-16
6818,6818.HK,CEB BANK,中国光大银行,355.0,"1,000",Equity,Equity Securities (Main Board),2.8,2.79,2.8,2.765,12557169,35.16,2.821,2.824,-0.74,-0.87,0.36,-2.1,-0.36,3.66,4.13,4.76,3.66,4.13,-23.5,-32.2,-41.18,23.5,32.2,False,False,False,False,False,False,False,False,False,2026-09-16
6820,6820.HK,FRIENDTIMES,友谊时光,7.85,"2,000",Equity,Equity Securities (Main Board),0.36,0.36,0.36,0.35,34000,0.01,0.359,0.358,0.28,0.7,0.0,1.41,0.0,0.67,1.65,4.08,0.67,1.65,-46.27,-78.18,-91.18,46.27,78.18,False,False,False,True,False,False,False,False,False,2026-09-16
6821,6821.HK,ASYMCHEM,凯莱英,45.79,100,Equity,Equity Securities (Main Board),164.5,154.8,170.0,154.8,1108848,182.41,149.3,142.65,10.18,15.32,5.18,22.58,17.17,159.9,159.9,277.14,170.0,170.0,6.32,6.32,-38.66,3.24,3.24,True,False,False,False,True,True,False,True,True,2026-09-16
6823,6823.HK,HKT-SS,香港电讯－ＳＳ,940.22,"1,000",Equity,Equity Securities (Main Board),12.4,12.41,12.52,12.38,4203103,52.12,12.368,12.349,0.26,0.41,-0.08,0.65,0.08,13.58,13.58,13.58,13.58,13.58,-7.81,-7.81,-7.81,8.69,8.69,False,False,False,False,False,False,False,True,True,2026-09-16
6826,6826.HK,HAOHAI BIOTEC,昊海生物科技,5.7,100,Equity,Equity Securities (Main Board),16.4,16.02,16.48,15.91,105900,1.74,16.47,16.619,-0.43,-1.32,1.05,-0.55,-2.21,27.06,48.9,150.0,27.06,48.9,-39.1,-66.3,-89.01,39.39,66.46,False,False,False,False,False,False,False,False,False,2026-09-16
6828,6828.HK,BG BLUE SKY,北京燃气蓝天,8.19,"8,000",Equity,Equity Securities (Main Board),0.036,0.035,0.036,0.034,660000,0.02,0.036,0.036,-0.55,-1.1,0.0,0.0,-2.7,0.05,0.07,0.7,0.05,0.07,-30.77,-51.35,-94.86,30.77,51.35,False,False,False,False,False,False,False,False,False,2026-09-16
6829,6829.HK,DRAGON RISE GP,龙升集团控股,7.89,"1,000",Equity,Equity Securities (Main Board),2.74,2.68,2.875,2.55,368050,1.01,2.68,2.602,2.24,5.32,2.62,-3.86,7.24,2.98,3.1,4.65,2.98,3.1,-3.52,-7.26,-38.17,8.05,11.61,False,False,False,True,False,False,False,True,False,2026-09-16
6831,6831.HK,GREEN TEA GROUP,绿茶集团,32.59,400,Equity,Equity Securities (Main Board),4.95,5.01,5.035,4.885,1696800,8.4,5.071,5.132,-2.39,-3.56,-1.59,-3.7,-3.6,9.5,9.81,9.81,9.5,9.81,-47.0,-48.67,-48.67,47.89,49.54,False,False,False,False,False,False,False,False,False,2026-09-16
6833,6833.HK,SINCO PHARMA,兴科蓉医药,3.05,"4,000",Equity,Equity Securities (Main Board),0.15,0.151,0.151,0.151,8000,0.0,0.148,0.152,1.63,-1.19,0.67,3.45,3.45,0.23,0.32,2.32,0.23,0.32,-33.77,-52.81,-93.49,34.21,53.12,False,False,False,False,False,False,False,False,False,2026-09-16
6838,6838.HK,WINOX,盈利时,1.47,"2,000",Equity,Equity Securities (Main Board),0.245,0.245,0.245,0.245,2000,0.0,0.234,0.237,4.7,3.29,0.0,9.87,6.52,0.28,0.87,2.4,0.28,0.87,-12.5,-71.84,-89.79,12.5,71.84,False,False,False,False,False,False,False,False,False,2026-09-16
6855,6855.HK,ASCENTAGE,亚盛医药,112.01,100,Equity,Equity Securities (Main Board),29.98,31.32,31.32,29.96,2598400,77.9,31.432,32.852,-4.62,-8.74,-3.66,-4.46,-12.29,57.6,95.35,95.35,57.6,95.35,-45.62,-67.15,-67.15,47.95,68.56,False,False,False,False,False,False,False,False,False,2026-09-16
6862,6862.HK,HAIDILAO,海底捞,530.37,"1,000",Equity,Equity Securities (Main Board),9.515,9.74,9.74,9.5,21712000,206.59,9.821,10.505,-3.12,-9.42,-1.45,-5.42,-7.98,17.86,22.0,85.8,17.86,22.0,-45.46,-55.73,-88.65,46.72,56.75,False,False,False,False,False,False,False,False,False,2026-09-16
6865,6865.HK,FLAT GLASS,福莱特玻璃,25.35,"1,000",Equity,Equity Securities (Main Board),5.9,6.0,6.0,5.88,2980944,17.59,6.106,6.345,-3.37,-7.01,-1.67,-4.92,-8.31,12.18,21.4,45.4,12.18,21.4,-50.74,-71.96,-86.78,51.56,72.43,False,False,False,False,False,False,False,False,False,2026-09-16
6868,6868.HK,TENFU,天福,28.31,"1,000",Equity,Equity Securities (Main Board),2.615,2.655,2.655,2.615,6000,0.02,2.619,2.623,-0.15,-0.3,-1.32,1.16,0.19,3.0,5.1,6.2,3.0,5.1,-11.5,-47.94,-57.18,12.83,48.73,False,False,False,False,False,False,False,False,False,2026-09-16
6869,6869.HK,YOFC,长飞光纤光缆,746.17,500,Equity,Equity Securities (Main Board),177.0,174.6,185.6,173.6,18751023,3318.93,177.42,174.05,-0.24,1.69,2.19,-3.54,-3.59,305.0,305.0,305.0,305.0,305.0,-39.15,-39.15,-39.15,41.97,41.97,False,False,False,False,False,False,False,False,False,2026-09-16
6871,6871.HK,ROBOTPHOENIX,翼菲科技,74.91,100,Equity,Equity Securities (Main Board),30.58,26.26,31.0,26.26,715700,21.89,27.104,26.636,12.82,14.81,12.92,21.93,17.34,59.65,59.65,59.65,59.65,59.65,-48.03,-48.03,-48.03,48.73,48.73,False,False,False,True,False,False,False,False,False,2026-09-16
6872,6872.HK,TENNOR THERAP-B,丹诺医药－Ｂ,62.69,50,Equity,Equity Securities (Main Board),119.8,128.0,130.1,113.3,151700,18.17,125.84,144.21,-4.8,-16.93,-2.6,-4.16,-20.03,287.0,287.0,287.0,287.0,287.0,-54.67,-54.67,-54.67,58.26,58.26,False,False,False,False,False,False,False,False,False,2026-09-16
6880,6880.HK,MOMENTA-W,MOMENTA-W,352.2,20,Equity,Equity Securities (Main Board),170.8,171.9,175.0,165.1,106280,18.15,176.54,184.56,-3.25,-7.46,-0.64,-7.48,-11.04,314.8,314.8,314.8,314.8,314.8,-44.41,-44.41,-44.41,45.74,45.74,False,False,False,False,False,False,False,False,False,2026-09-16
6881,6881.HK,CGS,中国银河,281.62,500,Equity,Equity Securities (Main Board),7.63,7.535,7.655,7.425,11818000,90.17,7.652,7.728,-0.29,-1.26,0.93,-0.07,-1.36,11.44,12.99,12.99,11.44,12.99,-33.09,-41.07,-41.07,33.3,41.26,False,False,False,False,False,False,False,False,False,2026-09-16
6882,6882.HK,EGL HOLDINGS,东瀛游,2.46,"2,000",Equity,Equity Securities (Main Board),0.49,0.49,0.49,0.49,82000,0.04,0.482,0.484,1.66,1.24,2.08,2.08,1.03,0.55,0.73,1.82,0.55,0.73,-10.09,-32.88,-73.08,10.09,32.88,False,False,False,False,False,False,False,False,False,2026-09-16
6885,6885.HK,JINMA ENERGY,金马能源,3.27,"1,000",Equity,Equity Securities (Main Board),0.61,0.61,0.61,0.61,5000,0.0,0.61,0.612,0.0,-0.25,-0.81,0.83,0.83,1.41,1.92,5.6,1.41,1.92,-56.74,-68.23,-89.11,56.74,68.23,False,False,False,False,False,False,False,False,False,2026-09-16
6886,6886.HK,HTSC,HTSC,290.52,200,Equity,Equity Securities (Main Board),16.9,16.96,16.96,16.71,5201400,87.9,17.136,17.416,-1.38,-2.96,-0.35,-1.4,-4.41,21.58,21.94,21.94,21.58,21.94,-21.41,-22.7,-22.7,21.69,22.97,False,False,False,False,False,False,False,False,False,2026-09-16
6887,6887.HK,SUNSHINE PHARMA,东阳光药,117.83,100,Equity,Equity Securities (Main Board),36.94,36.5,37.0,36.14,204153,7.54,36.852,37.144,0.24,-0.55,1.21,-0.05,-0.16,48.12,62.3,62.3,48.12,62.3,-23.11,-40.61,-40.61,23.23,40.71,False,False,False,False,False,False,False,False,False,2026-09-16
6888,6888.HK,FREETECH,英达公路再生科技,0.95,"1,000",Equity,Equity Securities (Main Board),0.088,0.083,0.088,0.083,9000,0.0,0.088,0.087,0.0,0.8,6.02,-5.38,3.53,0.17,0.25,1.06,0.17,0.25,-46.67,-64.8,-91.7,46.67,64.8,False,False,False,False,False,False,False,False,False,2026-09-16
6889,6889.HK,DYNAM JAPAN,DYNAM JAPAN,21.22,200,Equity,Equity Securities (Main Board),3.1,3.05,3.1,3.05,56200,0.17,3.055,3.06,1.47,1.29,1.64,0.81,2.65,3.58,5.49,16.38,3.58,5.49,-13.41,-43.53,-81.07,13.41,43.53,False,False,False,True,False,False,False,False,False,2026-09-16
6893,6893.HK,HINSANG GROUP,衍生集团,2.84,"2,000",Equity,Equity Securities (Main Board),0.26,0.26,0.26,0.248,116000,0.03,0.258,0.248,0.78,4.63,0.0,0.0,5.26,0.41,0.46,2.38,0.41,0.46,-37.35,-42.86,-89.08,37.35,42.86,False,False,False,True,False,False,False,False,False,2026-09-16
6896,6896.HK,GOLDEN THROAT,金嗓子,14.08,500,Equity,Equity Securities (Main Board),1.905,1.9,1.96,1.89,549000,1.05,1.967,2.091,-3.15,-8.9,-1.04,-4.03,-10.98,3.8,5.65,6.65,3.8,5.65,-48.42,-65.31,-70.53,49.87,66.28,False,False,False,False,False,False,False,False,False,2026-09-16
6898,6898.HK,CHINA ALUMCAN,中国铝罐,7.53,"2,000",Equity,Equity Securities (Main Board),0.8,0.785,0.8,0.77,8000,0.01,0.731,0.694,9.44,15.27,1.91,21.21,25.98,0.99,1.5,1.8,0.99,1.5,-19.19,-46.67,-55.56,19.19,46.67,True,False,False,False,False,False,False,False,False,2026-09-16
6908,6908.HK,HG SEMI,宏光半导体,2.99,"5,000",Equity,Equity Securities (Main Board),0.255,0.246,0.255,0.245,210000,0.05,0.25,0.283,2.0,-9.89,3.66,6.69,-12.07,0.56,2.8,8.99,0.56,2.8,-54.46,-90.89,-97.16,54.46,90.89,False,False,False,False,False,False,False,False,False,2026-09-16
6909,6909.HK,BETTERLIFE HLDG,百得利控股,1.31,"1,000",Equity,Equity Securities (Main Board),0.21,0.19,0.21,0.19,16000,0.0,0.203,0.213,3.65,-1.27,16.67,0.48,-3.67,0.49,1.1,9.7,0.49,1.1,-57.14,-80.91,-97.84,57.14,80.91,False,False,False,False,False,False,False,False,False,2026-09-16
6913,6913.HK,SCVE GROUP,华南职业教育,1.29,"2,000",Equity,Equity Securities (Main Board),0.097,0.093,0.103,0.089,1300000,0.13,0.099,0.102,-1.62,-5.18,4.3,-6.73,-12.61,0.31,0.7,1.72,0.31,0.7,-66.23,-85.29,-94.01,68.2,86.14,False,False,False,False,False,False,False,False,False,2026-09-16
6915,6915.HK,JIANGXI BIO,江西生物,45.08,500,Equity,Equity Securities (Main Board),14.68,13.78,14.83,13.28,739500,10.86,15.11,16.093,-2.85,-8.78,6.53,-5.53,-11.03,21.1,21.1,21.1,21.1,21.1,-29.72,-29.72,-29.72,30.43,30.43,False,False,False,False,False,False,False,False,False,2026-09-16
6918,6918.HK,JIUTAI DIGITAL,九泰数智,1.05,"2,000",Equity,Equity Securities (Main Board),0.12,0.122,0.126,0.119,9252000,1.11,0.119,0.129,0.84,-7.12,0.0,0.84,-13.04,0.17,2.63,4.6,0.17,2.63,-28.0,-95.21,-97.26,31.43,95.44,False,False,False,False,False,False,False,False,False,2026-09-16
6919,6919.HK,RENRUI HR,人瑞人才,5.17,100,Equity,Equity Securities (Main Board),3.26,3.25,3.25,3.2,31400,0.1,3.296,3.462,-1.09,-5.85,-0.91,0.0,-7.12,4.7,5.59,55.2,4.7,5.59,-30.85,-41.86,-94.11,30.64,41.68,False,False,False,False,False,False,False,False,False,2026-09-16
6922,6922.HK,CRYOFOCUS-B,康沣生物－Ｂ,3.79,200,Equity,Equity Securities (Main Board),2.545,2.56,2.645,2.5,44800,0.11,2.666,2.726,-4.54,-6.62,-5.74,-4.5,-8.78,6.92,19.5,19.5,6.92,19.5,-61.78,-86.44,-86.44,63.22,86.95,False,False,False,False,False,False,False,False,False,2026-09-16
6929,6929.HK,ORBUSNEICH,业聚医疗,31.55,500,Equity,Equity Securities (Main Board),3.81,3.81,3.81,3.81,22000,0.08,3.75,3.796,1.6,0.37,-0.13,3.25,-0.52,4.56,9.52,16.86,4.56,9.52,-16.45,-59.98,-77.4,16.45,59.98,False,False,False,False,False,False,False,False,False,2026-09-16
6933,6933.HK,SINO-ENTERTAIN,新娱科控股,4.9,"2,000",Equity,Equity Securities (Main Board),1.145,1.16,1.16,1.12,50000,0.06,1.172,1.193,-2.3,-4.02,-0.43,-3.78,-1.29,1.94,1.94,7.88,1.94,1.94,-40.21,-40.21,-85.28,40.98,40.98,False,False,False,False,False,False,False,False,False,2026-09-16
6936,6936.HK,SF HOLDING,顺丰控股,129.67,200,Equity,Equity Securities (Main Board),28.72,28.82,29.32,28.36,1398200,40.16,29.144,30.112,-1.45,-4.62,-0.42,-2.38,-6.69,37.62,48.8,48.8,37.62,48.8,-22.06,-39.92,-39.92,23.66,41.15,False,False,False,False,False,False,False,False,False,2026-09-16
6938,6938.HK,RIBOLIFE-B,瑞博生物－Ｂ,87.09,200,Equity,Equity Securities (Main Board),51.3,50.1,52.0,49.2,445700,22.86,53.03,56.81,-3.26,-9.7,2.4,-5.26,-11.09,95.8,95.8,95.8,95.8,95.8,-45.72,-45.72,-45.72,46.45,46.45,False,False,False,False,False,False,False,False,False,2026-09-16
6939,6939.HK,MEGAIN,美佳音控股,7.16,"2,000",Equity,Equity Securities (Main Board),1.15,1.17,1.17,1.15,120000,0.14,1.179,1.165,-2.46,-1.33,-1.71,-3.36,-4.17,2.67,2.67,2.67,2.67,2.67,-56.18,-56.18,-56.18,56.93,56.93,False,False,False,False,False,False,False,False,False,2026-09-16
6951,6951.HK,CCTC,三环集团,102.68,100,Equity,Equity Securities (Main Board),128.0,125.4,134.0,125.4,2070900,265.08,124.68,119.66,2.66,6.97,2.48,2.89,9.97,136.0,136.0,136.0,136.0,136.0,-1.47,-1.47,-1.47,5.88,5.88,False,False,False,False,False,False,False,True,True,2026-09-16
6955,6955.HK,BOAN BIOTECH,博安生物,16.12,200,Equity,Equity Securities (Main Board),2.625,2.715,2.715,2.42,1267400,3.33,2.724,2.96,-3.63,-11.32,3.75,-7.89,-6.75,10.22,25.0,40.0,10.22,25.0,-73.43,-89.14,-93.21,74.32,89.5,False,False,False,False,False,False,False,False,False,2026-09-16
6958,6958.HK,ZHENRO SERVICES,正荣服务,0.92,"1,000",Equity,Equity Securities (Main Board),0.089,0.089,0.093,0.088,122000,0.01,0.092,0.093,-2.84,-3.99,-1.11,-6.32,-6.32,0.13,0.4,7.28,0.13,0.4,-30.08,-76.75,-98.72,33.08,77.75,False,False,False,False,False,False,False,False,False,2026-09-16
6960,6960.HK,SHUANGDENG,双登股份,21.57,500,Equity,Equity Securities (Main Board),6.295,6.055,6.3,6.05,40000,0.25,6.188,6.368,1.73,-1.14,4.31,-0.08,-0.08,19.27,27.1,27.1,19.27,27.1,-67.31,-76.75,-76.75,67.33,76.77,False,False,False,False,False,False,False,False,False,2026-09-16
6963,6963.HK,SUNSHINE INS,阳光保险,130.28,500,Equity,Equity Securities (Main Board),3.745,3.72,3.76,3.7,5868765,21.98,3.737,3.852,0.21,-2.77,0.54,1.22,-1.45,4.54,4.64,5.83,4.54,4.64,-17.18,-18.97,-35.51,17.51,19.29,True,False,False,False,False,False,False,False,False,2026-09-16
6968,6968.HK,GANGLONG CHINA,港龙中国地产,1.54,"1,000",Equity,Equity Securities (Main Board),0.095,0.095,0.095,0.095,80000,0.01,0.094,0.096,0.85,-1.14,4.4,-2.06,-4.04,0.28,0.42,6.06,0.28,0.42,-66.67,-77.38,-98.43,66.67,77.38,False,False,False,False,False,False,False,False,False,2026-09-16
6969,6969.HK,SMOORE INTL,思摩尔国际,576.86,"1,000",Equity,Equity Securities (Main Board),9.31,9.35,9.545,9.26,9778041,91.03,9.455,9.658,-1.53,-3.6,-0.48,-2.15,-3.52,13.47,24.12,90.0,13.47,24.12,-29.14,-60.43,-89.39,30.88,61.4,False,False,False,False,False,False,False,False,False,2026-09-16
6979,6979.HK,ZJLD,珍酒李渡,253.81,200,Equity,Equity Securities (Main Board),7.49,7.68,7.68,7.34,3057800,22.9,7.563,7.656,-0.97,-2.17,-0.13,-1.64,-3.54,9.84,13.1,13.18,9.84,13.1,-21.95,-41.37,-41.73,23.88,42.82,False,False,False,False,False,False,False,False,False,2026-09-16
6980,6980.HK,BAMA TEA,八马茶业,26.34,100,Equity,Equity Securities (Main Board),31.4,32.2,32.2,30.6,112000,3.52,32.128,33.186,-2.27,-5.38,-0.32,-2.48,-10.03,40.08,115.0,115.0,40.08,115.0,-19.66,-72.0,-72.0,21.66,72.7,False,False,False,False,False,False,False,False,False,2026-09-16
6988,6988.HK,JOY SPREADER,乐享集团,1.35,"1,000",Equity,Equity Securities (Main Board),0.057,0.06,0.06,0.055,470000,0.03,0.062,0.061,-7.77,-6.25,-5.0,-8.06,-18.57,0.18,0.39,5.05,0.18,0.39,-66.29,-84.62,-98.81,67.98,85.38,False,False,False,False,False,False,False,False,False,2026-09-16
6989,6989.HK,EXCELLENCE CM,卓越商企服务,6.35,"1,000",Equity,Equity Securities (Main Board),0.52,0.525,0.525,0.52,53000,0.03,0.537,0.55,-3.17,-5.45,-2.8,-2.8,-7.96,0.88,2.09,12.04,0.88,2.09,-40.34,-74.88,-95.64,40.91,75.12,False,False,False,False,False,False,False,False,False,2026-09-16
6990,6990.HK,SKB BIO,科伦博泰生物,814.44,100,Equity,Equity Securities (Main Board),460.6,466.2,471.0,456.0,682804,314.5,468.76,478.94,-1.74,-3.83,-0.39,-0.99,-4.24,562.5,581.0,581.0,562.5,581.0,-16.27,-18.93,-18.93,18.12,20.72,False,False,False,False,False,False,False,False,False,2026-09-16
6993,6993.HK,BLUE MOON GROUP,蓝月亮集团,215.14,500,Equity,Equity Securities (Main Board),3.71,3.65,3.725,3.65,916000,3.4,3.711,3.751,-0.03,-1.09,0.27,-0.4,-4.38,3.97,4.44,19.16,3.97,4.44,-6.29,-16.1,-80.56,6.67,16.44,False,False,False,False,False,False,False,True,False,2026-09-16
6996,6996.HK,ANTENGENE-B,德琪医药－Ｂ,22.55,500,Equity,Equity Securities (Main Board),3.28,3.575,3.575,3.26,765000,2.51,3.369,3.443,-2.64,-4.73,-2.09,-1.8,-4.93,6.28,8.16,22.5,6.28,8.16,-43.07,-56.19,-84.11,47.77,59.8,False,False,False,False,False,False,False,False,False,2026-09-16
6998,6998.HK,EDDING GENOR,亿腾嘉和,31.78,500,Equity,Equity Securities (Main Board),1.6,1.63,1.665,1.6,123000,0.2,1.691,1.695,-5.38,-5.58,-3.03,-5.88,-9.6,3.64,3.64,3.64,3.64,3.64,-54.26,-54.26,-54.26,56.04,56.04,False,False,False,False,False,False,False,False,False,2026-09-16
7489,7489.HK,VOYAH AUTO,岚图汽车,16.73,"1,000",Equity,Equity Securities (Main Board),1.89,1.9,1.965,1.88,5097052,9.63,2.066,2.312,-8.52,-18.25,-3.32,-10.85,-21.25,7.5,7.5,7.5,7.5,7.5,-73.8,-73.8,-73.8,74.8,74.8,False,False,False,False,False,False,False,False,False,2026-09-16
7618,7618.HK,JD INDUSTRIALS,京东工业,364.62,200,Equity,Equity Securities (Main Board),13.43,13.67,13.78,13.41,1558413,20.93,13.306,13.208,0.93,1.68,-1.83,4.51,1.74,17.17,17.17,17.17,17.17,17.17,-19.74,-19.74,-19.74,21.78,21.78,False,False,False,False,False,False,False,False,False,2026-09-16
7630,7630.HK,IMPACT THERAP-B,英派药业－Ｂ,31.83,200,Equity,Equity Securities (Main Board),11.27,11.95,11.95,11.12,3221600,36.31,11.892,13.034,-5.23,-13.53,-3.84,-12.64,-10.13,47.98,47.98,47.98,47.98,47.98,-75.09,-75.09,-75.09,76.51,76.51,False,False,False,False,False,False,False,False,False,2026-09-16
7656,7656.HK,RECONOVA,瑞为技术,44.59,200,Equity,Equity Securities (Main Board),16.29,15.6,16.4,15.58,163700,2.67,15.846,16.5,2.8,-1.27,5.3,0.37,0.62,35.3,35.3,35.3,35.3,35.3,-53.54,-53.54,-53.54,53.85,53.85,False,False,False,False,False,False,False,False,False,2026-09-16
7666,7666.HK,METIS TECHBIO-P,剂泰科技－Ｐ,149.25,500,Equity,Equity Securities (Main Board),13.78,14.18,14.3,13.6,6539000,90.11,15.152,15.409,-9.05,-10.57,-1.57,-10.64,-24.99,29.98,29.98,29.98,29.98,29.98,-52.3,-52.3,-52.3,54.04,54.04,False,False,False,False,False,False,False,False,False,2026-09-16
7687,7687.HK,EACON,易控智驾,101.38,50,Equity,Equity Securities (Main Board),67.3,69.0,69.0,65.0,104350,7.02,67.03,67.845,0.4,-0.8,0.45,0.67,-1.68,101.2,101.2,101.2,101.2,101.2,-31.82,-31.82,-31.82,33.5,33.5,False,False,False,False,False,False,False,False,False,2026-09-16
7688,7688.HK,TOPNC,拓璞数控,75.45,100,Equity,Equity Securities (Main Board),19.79,18.61,20.4,18.36,1924800,38.09,18.808,18.954,5.22,4.41,6.4,3.07,-3.75,49.98,49.98,49.98,49.98,49.98,-59.18,-59.18,-59.18,60.4,60.4,False,False,False,True,False,False,False,False,False,2026-09-16
8003,8003.HK,GREAT WORLD,世大控股,0.25,"6,000",Equity,Equity Securities (GEM),0.075,0.075,0.075,0.075,6000,0.0,0.075,0.071,0.0,6.38,0.0,0.0,13.64,0.19,0.7,5.0,0.19,0.7,-59.68,-89.29,-98.5,59.68,89.29,False,False,False,False,False,False,False,False,False,2026-09-16
8007,8007.HK,GLOBALSTRAT,环球战略集团,1.14,"10,000",Equity,Equity Securities (GEM),0.505,0.505,0.505,0.505,10032,0.01,0.496,0.485,1.81,4.23,0.0,0.0,9.78,0.83,10.81,188.27,0.83,10.81,-39.16,-95.33,-99.73,39.16,95.33,False,False,False,False,False,False,False,False,False,2026-09-16
8017,8017.HK,TRADEGO,捷利交易宝,8.26,"4,000",Equity,Equity Securities (GEM),1.18,1.17,1.18,1.16,280000,0.33,1.167,1.178,1.11,0.13,0.85,3.51,0.85,1.77,2.5,2.83,1.77,2.5,-33.33,-52.8,-58.3,33.33,52.8,False,False,False,True,False,False,False,False,False,2026-09-16
8018,8018.HK,FINSOFT FIN,汇财金融投资,0.22,"10,000",Equity,Equity Securities (GEM),0.044,0.041,0.044,0.04,2180500,0.1,0.045,0.042,-1.79,4.27,2.33,-4.35,7.32,0.12,0.15,2.94,0.12,0.15,-61.74,-70.07,-98.5,61.74,70.07,False,False,False,False,False,False,False,False,False,2026-09-16
8019,8019.HK,HAO WEN HLDGS,皓文控股,0.24,"20,000",Equity,Equity Securities (GEM),0.068,0.075,0.076,0.068,480000,0.03,0.07,0.071,-3.41,-3.95,-4.23,-4.23,-5.56,0.95,0.95,2.65,0.95,0.95,-92.0,-92.0,-97.13,92.84,92.84,False,False,False,False,False,False,False,False,False,2026-09-16
8021,8021.HK,WLS HOLDINGS,汇隆控股,1.28,"10,000",Equity,Equity Securities (GEM),0.178,0.179,0.179,0.179,20000,0.0,0.167,0.167,6.71,6.91,8.54,8.54,7.23,0.48,1.84,12.4,0.48,1.84,-62.71,-90.27,-98.56,62.92,90.33,False,False,False,False,False,False,False,False,False,2026-09-16
8023,8023.HK,KWONG MAN KEE,邝文记,2.03,"6,000",Equity,Equity Securities (GEM),0.34,0.34,0.34,0.335,186000,0.06,0.336,0.337,1.19,1.04,1.49,1.49,1.49,0.44,0.51,0.7,0.44,0.51,-22.73,-33.33,-51.43,22.73,33.33,False,False,False,True,False,False,False,False,False,2026-09-16
8026,8026.HK,CB GLOBAL,朗华国际集团,5.62,"1,000",Equity,Equity Securities (GEM),0.365,0.34,0.37,0.305,85000,0.03,0.326,0.313,11.96,16.61,4.29,21.67,19.67,0.57,0.59,0.85,0.57,0.59,-35.09,-37.29,-56.47,35.96,38.14,False,False,True,True,False,False,False,False,False,2026-09-16
8027,8027.HK,KPM HOLDING,吉辉控股,0.67,"10,000",Equity,Equity Securities (GEM),0.094,0.103,0.103,0.094,1520000,0.14,0.114,0.119,-17.83,-20.68,-2.08,-22.31,-26.56,0.16,1.0,24.0,0.16,1.0,-35.62,-89.7,-99.57,41.25,90.6,False,False,False,False,False,False,False,False,False,2026-09-16
8030,8030.HK,FENGYINHE,丰银禾控股,4.4,"1,000",Equity,Equity Securities (GEM),1.26,1.42,1.42,1.25,167000,0.21,1.439,1.48,-12.44,-14.86,-11.27,-14.86,-11.27,11.49,14.01,56.0,11.49,14.01,-87.64,-89.86,-97.46,89.03,91.01,False,False,False,False,False,False,False,False,False,2026-09-16
8036,8036.HK,EBROKER GROUP,电子交易集团,0.57,"10,000",Equity,Equity Securities (GEM),0.046,0.046,0.046,0.045,100000,0.0,0.047,0.047,-2.54,-1.29,0.0,-6.12,-8.0,0.05,0.09,0.36,0.05,0.09,-14.81,-48.31,-87.22,14.81,48.31,False,False,False,False,False,False,False,False,False,2026-09-16
8037,8037.HK,CH BIOTECH SER,中国生物科技服务,5.85,"5,000",Equity,Equity Securities (GEM),0.6,0.6,0.62,0.595,90000,0.05,0.611,0.617,-1.8,-2.76,0.0,-1.64,-1.64,0.92,1.33,2.64,0.92,1.33,-32.61,-53.38,-76.52,34.78,54.89,False,False,False,False,False,False,False,False,False,2026-09-16
8041,8041.HK,INTELLIMARK AI,中微智码,5.08,"5,000",Equity,Equity Securities (GEM),0.62,0.6,0.62,0.6,620000,0.38,0.622,0.578,-0.32,7.36,0.81,0.0,14.81,0.82,0.91,1.5,0.82,0.91,-24.39,-31.87,-58.7,24.39,31.87,False,False,False,False,False,False,False,False,False,2026-09-16
8042,8042.HK,KOS TALENT GP,高奥士人才集团,0.59,"10,000",Equity,Equity Securities (GEM),0.074,0.074,0.074,0.074,190000,0.01,0.075,0.076,-1.86,-2.25,-1.33,-2.63,-5.13,0.1,0.1,0.85,0.1,0.1,-23.71,-23.71,-91.29,23.71,23.71,False,False,False,False,False,False,False,False,False,2026-09-16
8050,8050.HK,CITY COOLXUAN,城市酷选,1.91,"2,000",Equity,Equity Securities (GEM),0.705,0.785,0.785,0.695,68000,0.05,0.782,0.792,-9.85,-10.98,-19.89,-9.03,-8.44,2.18,3.2,14.45,2.18,3.2,-63.99,-75.47,-94.57,67.66,77.97,False,False,False,False,False,False,False,False,False,2026-09-16
8056,8056.HK,LIFE CONCEPTS,生活概念,0.2,"10,000",Equity,Equity Securities (GEM),0.173,0.173,0.173,0.173,10500,0.0,0.171,0.176,1.41,-1.93,1.76,1.76,2.98,0.58,2.0,12.02,0.58,2.0,-70.17,-91.35,-98.56,70.17,91.35,False,False,False,False,False,False,False,False,False,2026-09-16
8059,8059.HK,GLORY FLAME,朝威控股,0.27,"5,000",Equity,Equity Securities (GEM),0.027,0.023,0.027,0.023,710000,0.02,0.026,0.023,3.85,16.38,0.0,8.0,58.82,0.07,0.07,1.06,0.07,0.07,-60.29,-60.29,-97.45,60.29,60.29,False,False,False,True,False,False,False,False,False,2026-09-16
8060,8060.HK,GLOBAL LINK,国联通信,0.34,"10,000",Equity,Equity Securities (GEM),0.105,0.102,0.102,0.1,90000,0.01,0.108,0.109,-2.96,-3.31,-3.67,-3.67,-3.67,0.11,0.16,2.6,0.11,0.16,-6.42,-36.25,-96.08,3.67,34.38,False,False,False,False,False,False,False,True,False,2026-09-16
8062,8062.HK,EFT SOLUTIONS,俊盟国际,1.18,"5,000",Equity,Equity Securities (GEM),0.245,0.249,0.249,0.245,240000,0.06,0.246,0.252,-0.49,-2.66,-1.21,0.0,-0.41,0.31,0.39,0.7,0.31,0.39,-19.68,-36.15,-64.43,20.97,37.18,False,False,False,False,False,False,False,False,False,2026-09-16
8065,8065.HK,KML TECH,高萌科技,0.6,"5,000",Equity,Equity Securities (GEM),0.149,0.14,0.149,0.14,445000,0.07,0.142,0.141,4.93,5.37,7.19,6.43,8.76,0.16,0.16,1.02,0.16,0.16,-4.49,-5.1,-85.39,4.49,5.1,False,False,False,True,False,False,False,True,True,2026-09-16
8066,8066.HK,PHOENITRON HOLD,品创控股,2.02,"5,000",Equity,Equity Securities (GEM),0.305,0.285,0.305,0.285,600000,0.18,0.28,0.265,8.93,15.05,7.02,12.96,19.61,0.72,0.85,0.85,0.72,0.85,-57.64,-64.12,-64.12,57.64,64.12,False,False,False,False,False,False,False,False,False,2026-09-16
8067,8067.HK,OUC HOLDINGS,东方大学城控股,0.9,"1,000",Equity,Equity Securities (GEM),0.5,0.5,0.5,0.5,1000,0.0,0.491,0.45,1.83,11.11,0.0,0.0,25.0,0.5,0.71,4.4,0.5,0.71,0.0,-29.58,-88.64,0.0,29.58,False,False,False,False,False,False,False,True,False,2026-09-16
8069,8069.HK,FLYDOO TECH,飞道旅游科技,0.14,"5,000",Equity,Equity Securities (GEM),0.34,0.34,0.34,0.34,160500,0.05,0.351,0.358,-3.13,-4.9,-1.45,-4.23,-5.56,1.22,1.74,82.0,1.22,1.74,-72.13,-80.46,-99.59,72.13,80.46,False,False,False,False,False,False,False,False,False,2026-09-16
8070,8070.HK,KEEN OCEAN,侨洋国际控股,2.2,"5,000",Equity,Equity Securities (GEM),1.1,1.07,1.1,1.02,165000,0.18,1.051,1.036,4.66,6.18,8.37,3.77,15.79,1.7,1.7,1.7,1.7,1.7,-35.29,-35.29,-35.29,35.29,35.29,False,False,False,True,False,False,False,False,False,2026-09-16
8071,8071.HK,CH NETCOMTECH,中彩网通控股,0.42,"5,000",Equity,Equity Securities (GEM),0.445,0.525,0.525,0.44,60000,0.03,0.585,0.605,-23.93,-26.39,-28.23,-28.23,-28.23,1.6,3.5,36.5,1.6,3.5,-67.19,-85.0,-98.56,72.19,87.29,False,False,False,False,False,False,False,False,False,2026-09-16
8072,8072.HK,LANGU CO,兰谷股份,0.57,"20,000",Equity,Equity Securities (GEM),0.34,0.315,0.34,0.315,280000,0.1,0.326,0.325,4.29,4.62,3.03,7.94,17.24,0.55,0.97,126.77,0.55,0.97,-38.18,-64.99,-99.73,38.18,64.99,False,False,False,True,False,False,False,False,False,2026-09-16
8073,8073.HK,SFSY NEW MAT,水发兴业新材料,1.51,"4,000",Equity,Equity Securities (GEM),0.29,0.29,0.29,0.29,136000,0.04,0.286,0.283,1.4,2.47,1.75,1.75,3.57,0.42,0.42,1.83,0.42,0.42,-30.95,-30.95,-84.15,30.95,30.95,False,False,False,False,False,False,False,False,False,2026-09-16
8076,8076.HK,SING LEE,新利软件,0.24,"5,000",Equity,Equity Securities (GEM),0.018,0.018,0.019,0.018,420000,0.01,0.019,0.018,-6.25,-2.7,-5.26,-5.26,5.88,0.06,0.06,0.28,0.06,0.06,-67.24,-67.24,-93.21,68.97,68.97,False,False,False,False,False,False,False,False,False,2026-09-16
8081,8081.HK,BAIJUYI HOLD,白居易控股,0.72,"10,000",Equity,Equity Securities (GEM),0.014,0.014,0.014,0.013,150000,0.0,0.014,0.014,-1.41,-3.45,7.69,-6.67,-6.67,0.02,0.13,0.18,0.02,0.13,-41.67,-89.15,-92.13,41.67,89.15,False,False,False,False,False,False,False,False,False,2026-09-16
8082,8082.HK,QINGHUA HOLD,擎华控股,0.59,"10,000",Equity,Equity Securities (GEM),0.022,0.021,0.022,0.021,150000,0.0,0.021,0.022,2.8,0.46,4.76,0.0,10.0,0.07,0.21,0.68,0.07,0.21,-69.86,-89.42,-96.78,69.86,89.42,False,False,False,True,False,False,False,False,False,2026-09-16
8087,8087.HK,CHINA 33 GROUP,中国三三集团,13.38,"2,000",Equity,Equity Securities (GEM),2.065,2.06,2.065,2.06,64000,0.13,2.051,2.076,0.68,-0.53,0.49,0.98,-0.96,11.48,11.48,25.6,11.48,11.48,-82.01,-82.01,-91.93,82.01,82.01,True,False,False,False,False,False,False,False,False,2026-09-16
8091,8091.HK,OOH HOLDINGS,奥传思维控股,0.32,"10,000",Equity,Equity Securities (GEM),0.044,0.042,0.042,0.042,20000,0.0,0.045,0.044,-1.79,0.23,4.76,-4.35,-4.35,0.05,0.05,9.8,0.05,0.05,-12.5,-23.64,-99.57,8.33,20.0,False,False,False,False,False,False,False,True,False,2026-09-16
8093,8093.HK,WEB3 META,瓦普思瑞元宇宙,0.87,"2,000",Equity,Equity Securities (GEM),1.75,1.675,1.675,1.67,18000,0.03,1.781,1.77,-1.74,-1.16,-3.31,-2.78,4.79,3.33,6.8,61.0,3.33,6.8,-49.7,-75.37,-97.25,47.45,74.26,False,False,False,False,False,False,False,False,False,2026-09-16
8095,8095.HK,BEIDA JADE BIRD,北大青鸟环宇,4.64,"1,000",Equity,Equity Securities (GEM),0.57,0.565,0.575,0.55,300000,0.17,0.579,0.595,-1.55,-4.12,-4.2,0.88,-4.2,1.65,1.65,2.52,1.65,1.65,-65.15,-65.15,-77.18,65.45,65.45,False,False,False,False,False,False,False,False,False,2026-09-16
8096,8096.HK,TASTY CONCEPTS,赏之味,0.65,"5,000",Equity,Equity Securities (GEM),0.135,0.113,0.135,0.113,680000,0.09,0.129,0.122,4.49,11.02,2.27,8.0,18.42,0.17,0.44,6.24,0.17,0.44,-18.67,-69.32,-97.84,18.67,69.32,True,False,False,True,False,False,False,False,False,2026-09-16
8098,8098.HK,CL GROUP,昌利控股,1.98,"10,000",Equity,Equity Securities (GEM),0.09,0.084,0.094,0.084,1520000,0.14,0.08,0.073,12.5,22.45,7.14,23.29,20.0,0.08,0.11,0.32,0.09,0.11,11.9,-14.55,-70.63,4.26,18.18,True,False,False,False,True,False,False,True,False,2026-09-16
8100,8100.HK,FAMOUS TECH INT,名科国际,1.93,"6,000",Equity,Equity Securities (GEM),0.435,0.425,0.435,0.425,24000,0.01,0.432,0.435,0.69,0.0,1.16,2.35,0.0,0.46,0.46,0.8,0.46,0.46,-4.4,-4.4,-45.63,4.4,4.4,False,False,False,True,False,False,False,True,True,2026-09-16
8113,8113.HK,V&V TECH,时腾科技,1.02,"5,000",Equity,Equity Securities (GEM),0.52,0.53,0.53,0.52,35000,0.02,0.572,0.52,-9.09,-0.0,-8.77,-11.86,4.0,0.6,1.24,7.34,0.6,1.24,-11.67,-57.16,-92.78,13.33,57.97,False,False,False,False,False,False,False,False,False,2026-09-16
8115,8115.HK,QINGDA ORIENTAL,清大东方,4.59,"4,000",Equity,Equity Securities (GEM),5.49,5.0,5.49,5.0,20000,0.11,5.11,5.088,7.44,7.9,9.36,9.8,7.65,15.85,15.85,15.85,15.85,15.85,-65.36,-65.36,-65.36,65.36,65.36,False,False,False,True,False,False,False,False,False,2026-09-16
8118,8118.HK,ZHONGZI INTL H,中资国际控股,0.58,"8,000",Equity,Equity Securities (GEM),0.116,0.097,0.118,0.096,776000,0.09,0.082,0.072,41.46,62.01,20.83,103.51,96.61,0.19,0.35,1.07,0.19,0.35,-39.49,-66.29,-88.97,40.51,66.86,True,False,False,False,False,False,False,False,False,2026-09-16
8120,8120.HK,CH DEMETER FIN,国农金融投资,2.93,"5,000",Equity,Equity Securities (GEM),1.8,2.09,2.09,2.09,5000,0.01,1.964,2.039,-8.35,-11.72,-4.76,-14.29,-13.67,2.89,2.89,7.78,2.89,2.89,-27.68,-27.68,-73.15,37.72,37.72,False,False,False,False,False,False,False,False,False,2026-09-16
8121,8121.HK,GUOEN HOLDINGS,国恩控股,0.7,"10,000",Equity,Equity Securities (GEM),0.465,0.465,0.465,0.465,21050,0.01,0.438,0.427,6.16,8.77,3.33,10.71,10.71,0.98,4.7,38.0,0.98,4.7,-52.55,-90.11,-98.78,52.55,90.11,True,False,False,False,False,False,False,False,False,2026-09-16
8123,8123.HK,SINOFORTUNE FIN,华亿金控,1.28,"5,000",Equity,Equity Securities (GEM),0.37,0.435,0.45,0.35,631500,0.23,0.316,0.278,17.09,33.0,-14.94,39.62,54.17,0.6,1.2,11.22,0.6,1.2,-25.0,-62.5,-95.99,38.33,69.17,False,False,False,False,False,False,False,False,False,2026-09-16
8125,8125.HK,RJVAN,荣记万通,1.32,"8,000",Equity,Equity Securities (GEM),0.61,0.61,0.61,0.61,8000,0.0,0.612,0.622,-0.33,-1.93,0.0,-1.61,-1.61,0.9,3.56,581.15,0.9,3.56,-32.22,-82.88,-99.9,32.22,82.88,False,False,False,False,False,False,False,False,False,2026-09-16
8128,8128.HK,SINO ENGY CONS,中华节能,0.9,"8,000",Equity,Equity Securities (GEM),0.02,0.018,0.02,0.018,112000,0.0,0.019,0.02,6.38,0.5,11.11,0.0,5.26,0.04,0.12,0.27,0.04,0.12,-52.38,-82.91,-92.6,52.38,82.91,False,False,False,True,False,False,False,False,False,2026-09-16
8131,8131.HK,NOVATECH INTEL,诺亚智能,2.01,"10,000",Equity,Equity Securities (GEM),0.28,0.25,0.28,0.248,2100000,0.59,0.256,0.253,9.38,10.8,12.0,12.0,12.0,0.33,0.33,0.53,0.33,0.33,-15.15,-15.15,-47.62,15.15,15.15,False,False,False,True,False,False,False,False,False,2026-09-16
8132,8132.HK,CENTURY EN INTL,百能国际能源,1.59,"10,000",Equity,Equity Securities (GEM),0.059,0.066,0.066,0.057,1490000,0.09,0.065,0.067,-8.67,-11.94,-10.61,-10.61,-10.61,0.17,0.17,3.26,0.17,0.17,-61.18,-61.18,-97.98,65.29,65.29,False,False,False,False,False,False,False,False,False,2026-09-16
8136,8136.HK,IMS GROUP,英马斯集团,0.35,"10,000",Equity,Equity Securities (GEM),0.035,0.036,0.036,0.033,1020000,0.04,0.037,0.037,-4.89,-4.63,-2.78,-7.89,-7.89,0.06,0.06,0.83,0.06,0.06,-41.94,-41.94,-95.66,43.55,43.55,False,False,False,False,False,False,False,False,False,2026-09-16
8137,8137.HK,HONBRIDGE,洪桥集团,82.96,"2,000",Equity,Equity Securities (GEM),0.57,0.575,0.575,0.55,750000,0.43,0.565,0.57,0.88,0.0,1.79,0.0,-3.39,0.73,0.78,1.96,0.73,0.78,-21.23,-26.28,-70.66,21.92,26.92,False,False,False,True,False,False,False,False,False,2026-09-16
8143,8143.HK,GF HEALTHCARE,金威医疗,0.81,"10,000",Equity,Equity Securities (GEM),0.06,0.06,0.06,0.06,10000,0.0,0.06,0.059,0.0,1.01,0.0,0.0,3.45,0.2,0.28,1.28,0.2,0.28,-70.15,-78.57,-95.32,70.15,78.57,False,False,False,False,False,False,False,False,False,2026-09-16
8146,8146.HK,GRACEWINE,怡园酒业,2.6,"10,000",Equity,Equity Securities (GEM),0.32,0.33,0.33,0.3,650000,0.21,0.307,0.306,4.23,4.4,0.0,4.92,10.34,1.21,1.21,1.85,1.21,1.21,-72.73,-72.73,-82.16,73.55,73.55,False,False,True,True,False,False,False,False,False,2026-09-16
8147,8147.HK,YUNJING DIGITEC,云晶数智,0.86,"8,000",Equity,Equity Securities (GEM),0.415,0.415,0.415,0.415,10000,0.0,0.401,0.387,3.49,7.1,0.0,6.41,7.79,0.89,1.04,24.4,0.89,1.04,-53.37,-60.1,-98.3,53.37,60.1,False,False,False,False,False,False,False,False,False,2026-09-16
8148,8148.HK,WUXI LIFE,悟喜生活,15.81,"20,000",Equity,Equity Securities (GEM),3.45,3.515,3.515,3.45,150000,0.52,3.426,2.92,0.7,18.13,-1.71,-1.43,26.61,4.28,4.28,4.28,4.28,4.28,-17.87,-17.87,-17.87,19.39,19.39,False,False,False,False,False,False,False,False,False,2026-09-16
8153,8153.HK,JIADING INTL GP,嘉鼎国际集团,0.24,"5,000",Equity,Equity Securities (GEM),0.58,0.585,0.585,0.57,25000,0.01,0.576,0.574,0.69,0.96,-0.85,4.5,4.5,1.56,68.25,8900.98,1.56,68.25,-62.5,-99.14,-99.99,62.82,99.15,False,False,False,True,False,False,False,False,False,2026-09-16
8158,8158.HK,CRMI,中国再生医学,0.69,"5,000",Equity,Equity Securities (GEM),0.227,0.19,0.227,0.188,85000,0.02,0.192,0.19,18.23,19.54,19.47,25.41,25.41,0.44,1.27,62.0,0.44,1.27,-48.99,-82.13,-99.63,48.99,82.13,False,False,True,True,False,False,False,False,False,2026-09-16
8159,8159.HK,CU VENTURE INV,新华联合投资,0.44,"5,000",Equity,Equity Securities (GEM),0.055,0.05,0.057,0.048,375000,0.02,0.06,0.049,-7.72,12.02,3.77,-8.33,5.77,0.14,0.29,0.94,0.14,0.29,-60.69,-80.34,-93.94,62.07,81.03,False,False,False,False,False,False,False,False,False,2026-09-16
8162,8162.HK,LOCO HK,港银控股,6.07,"10,000",Equity,Equity Securities (GEM),0.61,0.58,0.615,0.58,7520000,4.59,0.592,0.58,3.04,5.17,5.17,0.83,5.17,0.74,0.75,0.95,0.74,0.75,-16.89,-18.0,-35.26,17.57,18.67,False,False,False,True,False,False,False,False,False,2026-09-16
8169,8169.HK,ECO-TEK HLDGS,环康集团,0.21,"10,000",Equity,Equity Securities (GEM),0.032,0.032,0.032,0.03,350000,0.01,0.032,0.032,0.0,-0.31,0.0,0.0,0.0,0.05,0.06,0.32,0.05,0.06,-31.91,-50.77,-90.0,31.91,50.77,False,False,False,False,False,False,False,False,False,2026-09-16
8176,8176.HK,SUPERROBOTICS,超人智能,0.18,"5,000",Equity,Equity Securities (GEM),0.025,0.025,0.025,0.025,40000,0.0,0.024,0.023,3.31,6.84,0.0,8.7,8.7,0.09,0.9,14.0,0.09,0.9,-70.59,-97.22,-99.82,70.59,97.22,False,False,False,False,False,False,False,False,False,2026-09-16
8178,8178.HK,CHINA INFO TECH,中国信息科技,0.35,"2,000",Equity,Equity Securities (GEM),0.206,0.205,0.207,0.205,270000,0.06,0.203,0.203,1.48,1.28,0.49,2.49,3.0,0.57,4.95,39.34,0.57,4.95,-63.68,-95.82,-99.47,63.86,95.84,True,False,False,False,False,False,False,False,False,2026-09-16
8186,8186.HK,HONOR MATRIX,浩盟控股,1.22,"5,000",Equity,Equity Securities (GEM),1.07,1.1,1.1,1.045,120000,0.13,1.091,1.094,-1.92,-2.15,-2.73,0.94,-5.31,2.0,4.39,28.42,2.0,4.39,-45.0,-74.94,-96.13,46.5,75.63,False,False,False,False,False,False,False,False,False,2026-09-16
8187,8187.HK,JIMU GROUP,积木集团,0.82,"5,000",Equity,Equity Securities (GEM),0.54,0.545,0.545,0.545,20000,0.01,0.531,0.525,1.69,2.76,-0.92,1.89,5.88,0.85,1.68,40.28,0.85,1.68,-35.88,-67.56,-98.65,36.47,67.86,False,False,False,False,False,False,False,False,False,2026-09-16
8188,8188.HK,GME GROUP,骏杰集团控股,5.53,"4,000",Equity,Equity Securities (GEM),1.16,1.16,1.16,1.155,708000,0.82,1.168,1.175,-0.68,-1.32,0.0,-2.11,-2.11,1.43,1.43,3.47,1.43,1.43,-18.88,-18.88,-66.57,18.88,18.88,False,False,False,False,False,False,False,False,False,2026-09-16
8189,8189.HK,TEDA BIOMEDICAL,泰达生物,3.66,"5,000",Equity,Equity Securities (GEM),0.255,0.255,0.255,0.245,105000,0.03,0.258,0.254,-1.16,0.31,-1.92,0.0,-1.92,0.37,0.65,1.5,0.37,0.65,-31.08,-60.77,-83.0,31.08,60.77,False,False,False,False,False,False,False,False,False,2026-09-16
8191,8191.HK,HONG WEI ASIA,鸿伟亚洲,0.36,"6,000",Equity,Equity Securities (GEM),0.103,0.099,0.103,0.091,4464000,0.46,0.126,0.137,-18.25,-24.76,4.04,-31.79,-26.43,0.28,0.46,9.0,0.28,0.46,-63.86,-77.61,-98.86,63.86,77.61,False,False,False,False,False,False,False,False,False,2026-09-16
8195,8195.HK,LEGENDARY EDU,传承教育集团,3.39,"2,000",Equity,Equity Securities (GEM),0.74,0.735,0.755,0.735,308000,0.23,0.75,0.859,-1.33,-13.85,2.07,7.25,-11.9,1.54,2.23,4.36,1.54,2.23,-50.97,-66.14,-82.7,51.95,66.82,False,False,False,False,False,False,False,False,False,2026-09-16
8196,8196.HK,FUTIAN HOLDINGS,福田股份,0.52,"8,000",Equity,Equity Securities (GEM),0.82,0.82,0.83,0.79,1840000,1.51,0.808,0.798,1.49,2.76,0.61,-1.2,5.81,1.02,4.1,69.6,1.02,4.1,-18.63,-79.76,-98.81,19.61,80.0,False,False,False,True,False,False,False,False,False,2026-09-16
8198,8198.HK,CRYPTO FLOW,加幂科技,7.96,"4,000",Equity,Equity Securities (GEM),1.015,1.02,1.02,0.945,500000,0.51,1.069,1.116,-5.05,-9.05,-0.98,-7.31,-12.5,2.61,5.42,5.42,2.61,5.42,-60.92,-81.18,-81.18,61.11,81.27,False,False,False,False,False,False,False,False,False,2026-09-16
8201,8201.HK,PPS INT'L,宝联控股,0.59,"20,000",Equity,Equity Securities (GEM),0.11,0.11,0.11,0.11,220000,0.02,0.112,0.113,-1.61,-2.57,0.0,-1.79,-4.35,0.18,0.18,1.24,0.18,0.18,-37.5,-37.5,-91.11,37.5,37.5,False,False,False,False,False,False,False,False,False,2026-09-16
8203,8203.HK,KAISUN HOLDINGS,凯顺控股,0.51,"10,000",Equity,Equity Securities (GEM),0.088,0.088,0.088,0.088,20000,0.0,0.083,0.081,6.54,8.51,0.0,11.39,11.39,0.28,0.43,0.68,0.28,0.43,-68.0,-79.53,-87.06,68.0,79.53,False,False,False,False,False,False,False,False,False,2026-09-16
8208,8208.HK,RADIANCE GLO GP,永通万国集团,0.85,"6,000",Equity,Equity Securities (GEM),0.118,0.13,0.13,0.118,60000,0.01,0.124,0.122,-4.53,-3.52,-0.84,-7.09,-11.28,0.21,0.24,3.34,0.21,0.24,-37.5,-45.83,-96.11,43.27,50.83,False,False,False,False,False,False,False,False,False,2026-09-16
8210,8210.HK,DLC ASIA,衍汇亚洲,0.41,"10,000",Equity,Equity Securities (GEM),0.051,0.05,0.05,0.05,80000,0.0,0.051,0.051,0.0,0.59,0.0,0.0,2.0,0.08,0.08,1.36,0.08,0.08,-37.5,-37.5,-96.32,36.25,36.25,False,False,False,False,False,False,False,False,False,2026-09-16
8213,8213.HK,STARGLORY HLDGS,荣晖控股,1.02,"10,000",Equity,Equity Securities (GEM),0.183,0.167,0.183,0.16,320000,0.06,0.197,0.211,-7.2,-13.27,-1.08,-16.82,-12.44,0.35,0.99,1.33,0.35,0.99,-48.45,-81.52,-86.22,48.45,81.52,False,False,False,False,False,False,False,False,False,2026-09-16
8217,8217.HK,JU FU TANG BIOT,菊福堂生物,0.26,"10,000",Equity,Equity Securities (GEM),0.087,0.1,0.11,0.085,4140000,0.36,0.102,0.107,-14.87,-18.77,-13.0,-23.01,-19.44,0.41,0.9,364.0,0.41,0.9,-72.84,-87.78,-99.97,78.52,90.33,False,False,False,False,False,False,False,False,False,2026-09-16
8219,8219.HK,HANVEY GROUP,恒伟集团控股,1.31,"10,000",Equity,Equity Securities (GEM),0.53,0.58,0.58,0.53,514000,0.27,0.571,0.538,-7.18,-1.58,-7.83,-7.02,-18.46,0.7,0.7,9.97,0.7,0.7,-17.14,-17.14,-94.18,24.29,24.29,False,False,False,False,False,False,False,False,False,2026-09-16
8220,8220.HK,BINGO GROUP,比高集团,8.82,"1,000",Equity,Equity Securities (GEM),4.87,4.71,4.885,4.71,350644,1.71,4.704,4.742,3.53,2.69,3.18,4.73,2.74,6.0,6.0,7.36,6.0,6.0,-18.58,-18.58,-33.63,18.83,18.83,True,False,False,True,False,False,False,False,False,2026-09-16
8223,8223.HK,ZYY,紫元元,0.61,"4,000",Equity,Equity Securities (GEM),0.118,0.14,0.14,0.115,1392000,0.16,0.133,0.154,-11.28,-23.48,-15.71,-6.35,-30.18,0.91,3.3,3.3,0.91,3.3,-84.62,-95.76,-95.76,87.03,96.42,False,False,False,False,False,False,False,False,False,2026-09-16
8227,8227.HK,HAITIAN ANTENNA,海天天线,1.68,"1,000",Equity,Equity Securities (GEM),0.26,0.26,0.26,0.26,137000,0.04,0.255,0.256,1.96,1.36,1.96,1.96,0.0,0.41,1.5,8.49,0.41,1.5,-37.35,-82.67,-96.94,37.35,82.67,False,False,False,False,False,False,False,False,False,2026-09-16
8229,8229.HK,FUTURE DATA,未来数据集团,4.67,"5,000",Equity,Equity Securities (GEM),0.84,0.815,0.87,0.815,565000,0.47,0.849,0.838,-1.06,0.24,0.0,-4.55,-0.59,0.96,0.96,1.18,0.96,0.96,-9.37,-9.37,-26.27,12.5,12.5,False,False,False,False,False,False,False,False,False,2026-09-16
8237,8237.HK,LINK HOLDINGS,华星控股,1.78,"6,000",Equity,Equity Securities (GEM),0.885,0.9,0.9,0.875,450000,0.4,0.832,0.738,6.37,19.84,6.63,2.31,27.34,1.33,1.5,30.25,1.33,1.5,-32.33,-40.0,-97.02,33.46,41.0,False,False,False,False,False,False,False,False,False,2026-09-16
8238,8238.HK,JIUFANG DIGITAL,玖方数智,0.39,"8,000",Equity,Equity Securities (GEM),0.111,0.111,0.113,0.102,216800,0.02,0.108,0.109,2.97,1.83,4.72,4.72,1.83,0.34,1.55,38.6,0.34,1.55,-66.76,-92.71,-99.71,67.35,92.84,False,False,False,True,False,False,False,False,False,2026-09-16
8239,8239.HK,CAPITAL FIN,首都金融控股,21.04,500,Equity,Equity Securities (GEM),21.52,21.98,22.0,21.2,258000,5.55,21.572,21.35,-0.24,0.8,-0.92,-0.19,-1.01,22.5,22.5,26.61,22.5,22.5,-2.22,-2.22,-17.34,4.36,4.36,False,False,False,False,False,False,False,True,True,2026-09-16
8245,8245.HK,CANOPY SKYFIRE,烽翼集团,0.44,"20,000",Equity,Equity Securities (GEM),0.152,0.138,0.156,0.135,4120000,0.63,0.144,0.141,5.7,7.95,2.01,9.35,13.43,0.18,1.0,38.89,0.18,1.0,-15.22,-84.4,-99.6,17.39,84.8,True,True,False,True,False,False,False,False,False,2026-09-16
8246,8246.HK,ZHONGHUA GAS,中华燃气,4.03,"5,000",Equity,Equity Securities (GEM),0.68,0.64,0.68,0.64,15000,0.01,0.656,0.677,3.66,0.37,6.25,3.03,-2.16,1.0,2.4,3.92,1.0,2.4,-32.0,-71.67,-82.65,32.0,71.67,False,False,False,True,False,False,False,False,False,2026-09-16
8247,8247.HK,BIOSINO BIO-TEC,中生北控生物科技,2.04,"2,000",Equity,Equity Securities (GEM),3.17,3.195,3.205,2.995,56000,0.18,3.193,3.234,-0.72,-1.99,-1.09,2.26,-3.35,7.0,7.0,7.0,7.0,7.0,-54.21,-54.21,-54.21,54.71,54.71,False,False,False,False,False,False,False,False,False,2026-09-16
8267,8267.HK,LINEKONG,蓝港互动,0.65,500,Equity,Equity Securities (GEM),0.175,0.175,0.175,0.173,28000,0.0,0.174,0.185,0.46,-5.3,0.0,2.94,-6.91,0.46,1.18,4.52,0.46,1.18,-61.96,-85.17,-96.13,61.96,85.17,False,False,False,False,False,False,False,False,False,2026-09-16
8268,8268.HK,SMART CITY DEV,智城发展控股,0.37,"8,000",Equity,Equity Securities (GEM),0.128,0.129,0.129,0.126,32000,0.0,0.138,0.163,-7.51,-21.52,-1.54,-11.11,-32.28,0.42,1.62,1.83,0.42,1.62,-69.29,-92.04,-92.93,69.52,92.1,False,False,False,False,False,False,False,False,False,2026-09-16
8269,8269.HK,GO UP EDU TECH,倍升教育科技,2.23,"30,000",Equity,Equity Securities (GEM),0.25,0.25,0.25,0.243,1320000,0.33,0.258,0.261,-3.1,-4.4,-3.85,-3.85,-5.66,0.52,0.65,1.32,0.52,0.65,-51.92,-61.54,-81.03,51.92,61.54,False,False,False,False,False,False,False,False,False,2026-09-16
8275,8275.HK,CHINA NEW CONS,中国新消费集团,0.96,"20,000",Equity,Equity Securities (GEM),0.1,0.1,0.1,0.098,6540000,0.65,0.105,0.1,-4.58,0.5,-0.99,-5.66,-3.85,0.13,0.35,61.33,0.13,0.35,-23.66,-71.43,-99.84,23.66,71.43,False,False,False,False,False,False,False,False,False,2026-09-16
8277,8277.HK,STEEDORIENTAL,骏东控股,0.24,"2,000",Equity,Equity Securities (GEM),0.09,0.09,0.09,0.09,20000,0.0,0.09,0.09,-0.44,-0.33,0.0,-1.1,-1.1,0.18,0.62,1.86,0.18,0.62,-50.0,-85.48,-95.16,50.0,85.48,False,False,False,False,False,False,False,False,False,2026-09-16
8279,8279.HK,AGTECH HOLDINGS,亚博科技控股,161.08,"4,000",Equity,Equity Securities (GEM),1.38,1.38,1.405,1.335,10342000,14.27,1.372,1.343,0.58,2.76,-0.72,1.47,4.94,1.68,1.68,1.71,1.68,1.68,-16.37,-16.37,-17.84,17.86,17.86,False,False,False,True,False,False,False,False,False,2026-09-16
8280,8280.HK,CDV HOLDINGS,中国数字视频,0.33,"2,000",Equity,Equity Securities (GEM),0.052,0.052,0.052,0.052,16000,0.0,0.053,0.055,-1.14,-5.28,0.0,6.12,-11.86,0.12,0.12,1.52,0.12,0.12,-56.3,-56.3,-96.58,56.3,56.3,False,False,False,False,False,False,False,False,False,2026-09-16
8281,8281.HK,CH GOLD CLASSIC,中国金典集团,2.49,"8,000",Equity,Equity Securities (GEM),0.249,0.255,0.255,0.221,296000,0.07,0.254,0.265,-1.89,-6.18,-2.35,-0.4,-9.45,0.38,0.38,1.36,0.38,0.38,-33.77,-33.77,-81.25,35.32,35.32,False,False,False,False,False,False,False,False,False,2026-09-16
8283,8283.HK,ZHONGSHI MINAN,中食民安,0.51,"5,000",Equity,Equity Securities (GEM),0.147,0.135,0.147,0.134,683600,0.1,0.133,0.135,10.36,9.13,13.08,13.08,11.36,0.85,8.5,149.25,0.85,8.5,-82.71,-98.27,-99.9,82.71,98.27,False,False,False,True,False,False,False,False,False,2026-09-16
8285,8285.HK,SLING GROUP,森浩集团,0.59,"5,000",Equity,Equity Securities (GEM),0.105,0.101,0.105,0.101,270000,0.03,0.085,0.074,23.53,41.32,3.96,64.06,17.98,0.11,0.11,0.7,0.11,0.11,-5.41,-5.41,-85.0,5.41,5.41,True,False,False,False,False,False,False,True,True,2026-09-16
8290,8290.HK,AHSAY BACKUP,亚势备份,0.66,"10,000",Equity,Equity Securities (GEM),0.033,0.034,0.034,0.033,910000,0.03,0.03,0.03,8.55,9.27,3.12,13.79,10.0,0.06,0.06,0.18,0.06,0.06,-42.37,-42.37,-81.22,44.07,44.07,False,False,False,False,False,False,False,False,False,2026-09-16
8291,8291.HK,HK ENT INTL,港娱国际,0.44,"10,000",Equity,Equity Securities (GEM),0.205,0.22,0.22,0.205,213333,0.04,0.21,0.211,-2.19,-3.07,0.0,-3.76,-3.3,0.56,0.75,202.13,0.56,0.75,-60.71,-70.67,-99.89,63.39,72.67,False,False,False,False,False,False,False,False,False,2026-09-16
8292,8292.HK,VSING,VSING,1.41,"10,000",Equity,Equity Securities (GEM),0.131,0.131,0.131,0.131,50000,0.01,0.132,0.138,-1.06,-4.87,-5.07,0.77,-5.76,0.42,0.67,38.61,0.42,0.67,-68.81,-80.45,-99.66,68.81,80.45,False,False,False,False,False,False,False,False,False,2026-09-16
8297,8297.HK,OCEAN STAR TECH,海纳星空科技,0.48,"2,500",Equity,Equity Securities (GEM),0.037,0.053,0.055,0.035,16667500,0.62,0.048,0.044,-22.92,-14.94,-30.19,-28.85,-5.13,0.1,0.37,1.92,0.1,0.37,-45.0,-85.14,-97.13,63.0,90.0,False,False,False,False,False,False,False,False,False,2026-09-16
8299,8299.HK,GT GOLD,大唐黄金,26.24,"24,000",Equity,Equity Securities (GEM),0.275,0.26,0.28,0.255,56160000,15.44,0.284,0.296,-3.17,-7.09,5.77,-9.84,-9.84,0.85,0.85,1.02,0.85,0.85,-67.06,-67.06,-72.44,67.65,67.65,False,False,False,False,False,False,False,False,False,2026-09-16
8305,8305.HK,ST HLDGS,圣唐控股,2.12,"10,000",Equity,Equity Securities (GEM),0.131,0.12,0.157,0.12,66183500,8.67,0.088,0.075,48.86,74.9,11.02,114.75,114.75,0.33,0.73,0.73,0.33,0.73,-52.42,-78.49,-78.49,60.3,82.05,True,False,False,False,False,False,False,False,False,2026-09-16
8308,8308.HK,GUDOU HLDGS,古兜控股,0.38,"4,000",Equity,Equity Securities (GEM),0.027,0.024,0.027,0.024,8776000,0.24,0.027,0.033,0.75,-18.67,17.39,-3.57,-15.63,0.08,0.6,2.43,0.08,0.6,-67.86,-95.5,-98.89,67.86,95.5,False,False,False,False,False,False,False,False,False,2026-09-16
8309,8309.HK,MANSHING GLOBAL,万成环球控股,0.44,"10,000",Equity,Equity Securities (GEM),0.074,0.073,0.074,0.073,90000,0.01,0.072,0.073,2.49,1.37,4.23,1.37,1.37,0.1,0.1,0.53,0.1,0.1,-24.49,-24.49,-86.04,24.49,24.49,False,False,False,True,False,False,False,False,False,2026-09-16
8310,8310.HK,YANCHENG PORT,盐城港,2.94,"10,000",Equity,Equity Securities (GEM),0.228,0.192,0.236,0.192,660000,0.15,0.223,0.236,2.33,-3.35,12.32,1.79,-0.87,0.35,0.5,1.55,0.35,0.5,-32.57,-52.8,-84.77,34.86,54.4,False,False,False,False,False,False,False,False,False,2026-09-16
8313,8313.HK,ZACD,杰地集团,0.58,"10,000",Equity,Equity Securities (GEM),0.029,0.028,0.029,0.025,360000,0.01,0.026,0.026,9.85,10.69,7.41,16.0,11.54,0.04,0.07,0.38,0.04,0.07,-23.68,-57.35,-92.27,23.68,57.35,True,False,False,True,False,False,False,False,False,2026-09-16
8315,8315.HK,CEN PLAZA HOTEL,新都酒店,0.37,"10,000",Equity,Equity Securities (GEM),0.063,0.063,0.063,0.063,90000,0.01,0.064,0.061,-1.25,3.79,-1.56,-1.56,8.62,0.17,0.34,4.19,0.17,0.34,-62.94,-81.47,-98.5,62.94,81.47,False,False,False,False,False,False,False,False,False,2026-09-16
8316,8316.HK,CHINA HONGBAO,中国红包,2.13,"2,000",Equity,Equity Securities (GEM),0.223,0.223,0.223,0.22,194000,0.04,0.211,0.212,5.79,5.29,6.19,8.78,8.25,0.31,1.38,2.79,0.31,1.38,-28.06,-83.84,-92.01,28.06,83.84,False,False,False,False,False,False,False,False,False,2026-09-16
8326,8326.HK,TK NEW ENERGY,同景新能源,1.73,"25,000",Equity,Equity Securities (GEM),0.141,0.142,0.142,0.141,225000,0.03,0.156,0.152,-9.38,-7.48,-10.19,-11.87,-12.96,0.25,0.36,2.85,0.25,0.36,-43.2,-60.56,-95.02,43.6,60.83,False,False,False,False,False,False,False,False,False,2026-09-16
8329,8329.HK,NEP INTERLONG,海王英特龙,0.42,"10,000",Equity,Equity Securities (GEM),0.099,0.105,0.109,0.099,90000,0.01,0.102,0.101,-2.94,-2.08,-5.71,1.02,-1.98,0.18,0.38,1.29,0.18,0.38,-38.42,-71.32,-91.55,44.07,73.95,False,False,False,False,False,False,False,False,False,2026-09-16
8340,8340.HK,ZIJING INTL FIN,紫荆国际金融,0.69,"5,000",Equity,Equity Securities (GEM),0.86,0.85,0.95,0.77,1655000,1.42,0.868,0.776,-0.92,10.75,-3.37,-3.37,12.42,0.9,2.96,100.67,0.95,2.96,5.56,-67.92,-99.06,9.47,70.96,False,False,False,False,True,False,False,True,False,2026-09-16
8347,8347.HK,F8 ENT,Ｆ８企业,0.17,"8,000",Equity,Equity Securities (GEM),0.12,0.128,0.128,0.12,61600,0.01,0.123,0.12,-2.6,-0.33,-6.25,-6.25,7.14,0.17,0.4,7.69,0.17,0.4,-24.26,-68.0,-98.34,28.99,70.0,False,False,False,False,False,False,False,False,False,2026-09-16
8350,8350.HK,WELL LINK SEC,立桥证券控股,3.71,"8,000",Equity,Equity Securities (GEM),0.39,0.395,0.395,0.39,40000,0.02,0.396,0.399,-1.52,-2.26,0.0,-2.5,-1.27,0.53,0.53,0.53,0.53,0.53,-25.47,-25.47,-25.47,26.42,26.42,False,False,False,False,False,False,False,False,False,2026-09-16
8357,8357.HK,REPUBLIC HC,REPUBLIC HC,0.57,"5,000",Equity,Equity Securities (GEM),0.091,0.096,0.096,0.091,170000,0.02,0.103,0.102,-11.48,-10.7,-1.09,-9.9,-9.9,0.24,0.24,0.93,0.24,0.24,-60.0,-60.0,-89.68,62.08,62.08,False,False,False,False,False,False,False,False,False,2026-09-16
8362,8362.HK,WINNING TOWER,运兴泰集团,0.77,"20,000",Equity,Equity Securities (GEM),0.055,0.055,0.055,0.055,200000,0.01,0.056,0.055,-2.14,0.73,-3.51,-5.17,3.77,0.07,0.12,0.16,0.07,0.12,-17.91,-52.59,-66.46,17.91,52.59,False,False,False,False,False,False,False,False,False,2026-09-16
8365,8365.HK,HATCHER GROUP,亦辰集团,1.77,"10,000",Equity,Equity Securities (GEM),0.89,0.76,0.94,0.76,2660000,2.37,0.81,0.788,9.88,12.87,12.66,11.95,14.1,3.16,3.16,40.5,3.16,3.16,-70.25,-70.25,-97.68,71.84,71.84,False,False,True,True,False,False,False,False,False,2026-09-16
8368,8368.HK,CREATIVE CHINA,中国创意控股,1.66,"10,000",Equity,Equity Securities (GEM),0.24,0.22,0.24,0.22,56000,0.01,0.243,0.253,-1.07,-5.25,6.67,-3.61,-7.69,0.98,1.1,13.25,0.98,1.1,-75.51,-78.18,-98.19,75.51,78.18,False,False,False,False,False,False,False,False,False,2026-09-16
8371,8371.HK,TASTEGOURMET GP,尝高美集团,8.04,"4,000",Equity,Equity Securities (GEM),2.1,2.07,2.1,2.07,144000,0.3,2.032,1.997,3.35,5.16,3.19,5.0,7.14,2.05,2.19,2.19,2.1,2.19,2.44,-4.11,-4.11,0.0,4.11,False,False,False,False,True,False,False,True,True,2026-09-16
8372,8372.HK,GBG HOLDINGS,君百延集团,1.2,"10,000",Equity,Equity Securities (GEM),0.15,0.153,0.153,0.15,110000,0.02,0.15,0.152,-0.27,-0.99,-1.96,2.04,-2.6,0.18,0.18,0.57,0.18,0.18,-15.0,-15.0,-73.16,16.67,16.67,False,False,False,False,False,False,False,False,False,2026-09-16
8375,8375.HK,DATA UNION CAP,数盟资本,3.39,"10,000",Equity,Equity Securities (GEM),0.98,0.98,0.98,0.98,10000,0.01,0.962,0.931,1.87,5.21,0.0,1.03,8.89,2.99,8.2,8.2,2.99,8.2,-67.22,-88.05,-88.05,67.22,88.05,False,False,False,False,False,False,False,False,False,2026-09-16
8377,8377.HK,HARBOUR EQUINE,维港育马,1.0,"10,000",Equity,Equity Securities (GEM),0.185,0.14,0.215,0.14,180000,0.03,0.145,0.139,27.59,33.57,37.04,37.04,37.04,0.17,0.2,2.75,0.22,0.22,23.56,5.91,-92.19,13.95,13.95,False,False,False,False,True,True,False,False,False,2026-09-16
8379,8379.HK,PRIME INTEL,盈证国际,0.85,"10,000",Equity,Equity Securities (GEM),0.106,0.1,0.106,0.1,130000,0.01,0.101,0.1,5.37,6.32,6.0,7.07,7.07,0.22,0.25,0.56,0.22,0.25,-51.82,-57.6,-81.07,51.82,57.6,False,False,True,False,False,False,False,False,False,2026-09-16
8385,8385.HK,PROSPEROUSPRINT,万里印刷,0.14,"10,000",Equity,Equity Securities (GEM),0.137,0.126,0.143,0.124,250000,0.03,0.132,0.114,3.79,20.18,2.24,1.48,29.25,0.2,0.35,9.5,0.2,0.35,-29.56,-59.14,-98.49,32.51,60.86,False,False,False,False,False,False,False,False,False,2026-09-16
8391,8391.HK,CORNERSTONE TEC,基石科技控股,3.25,"4,000",Equity,Equity Securities (GEM),0.31,0.3,0.31,0.295,3588000,1.11,0.302,0.308,2.65,0.81,3.33,3.33,1.64,0.65,0.89,3.59,0.65,0.89,-52.31,-65.17,-91.36,52.31,65.17,False,False,False,True,False,False,False,False,False,2026-09-16
8392,8392.HK,SATU HOLDINGS,舍图控股,0.45,"10,000",Equity,Equity Securities (GEM),0.045,0.045,0.045,0.045,110000,0.0,0.042,0.042,8.17,7.91,7.14,12.5,9.76,0.06,0.08,2.28,0.06,0.08,-25.0,-45.78,-98.03,25.0,45.78,False,False,False,False,False,False,False,False,False,2026-09-16
8395,8395.HK,ZXZN QI-HOUSE,中显智能齐家控股,32.15,"20,000",Equity,Equity Securities (GEM),1.81,1.885,1.95,1.8,2040000,3.69,1.769,1.891,2.32,-4.28,0.0,3.13,3.43,2.6,2.6,2.6,2.6,2.6,-25.0,-25.0,-25.0,30.38,30.38,False,False,False,False,False,False,False,False,False,2026-09-16
8400,8400.HK,ASIA PIONEER,亚洲先锋娱乐,0.88,"10,000",Equity,Equity Securities (GEM),0.088,0.091,0.091,0.084,178000,0.02,0.084,0.079,5.26,11.11,0.0,7.32,17.33,0.16,0.16,0.55,0.16,0.16,-44.17,-44.17,-83.45,46.01,46.01,False,False,False,False,False,False,False,False,False,2026-09-16
8401,8401.HK,HUA XIA WATER,华夏水务集团,0.28,"2,000",Equity,Equity Securities (GEM),0.034,0.031,0.034,0.03,658000,0.02,0.033,0.033,2.41,2.1,9.68,0.0,0.0,0.11,0.44,4.41,0.11,0.44,-68.52,-92.27,-99.23,68.52,92.27,False,False,False,True,False,False,False,False,False,2026-09-16
8402,8402.HK,PLATEAU TL,高原之宝,0.53,"5,000",Equity,Equity Securities (GEM),0.11,0.11,0.11,0.11,210000,0.02,0.106,0.103,3.38,7.11,0.0,6.8,11.11,0.16,1.35,3.0,0.16,1.35,-31.25,-91.85,-96.33,31.25,91.85,False,False,False,False,False,False,False,False,False,2026-09-16
8403,8403.HK,DEFENG SOLIFE,德丰宿来,5.13,"4,000",Equity,Equity Securities (GEM),3.03,3.125,3.125,3.0,72000,0.22,3.017,2.95,0.43,2.73,-1.14,-2.1,4.48,3.76,3.76,3.76,3.76,3.76,-16.89,-16.89,-16.89,19.41,19.41,False,False,False,False,False,False,False,False,False,2026-09-16
8406,8406.HK,CHINA ORAL IND,中国口腔产业,1.69,"10,000",Equity,Equity Securities (GEM),0.086,0.086,0.086,0.08,430000,0.04,0.088,0.087,-1.83,-1.38,0.0,-8.51,0.0,0.1,0.28,1.98,0.1,0.28,-13.13,-69.82,-95.66,13.13,69.82,False,False,False,False,False,False,False,False,False,2026-09-16
8411,8411.HK,K W NELSON GP,K W NELSON GP,1.2,"10,000",Equity,Equity Securities (GEM),0.12,0.12,0.122,0.12,210000,0.03,0.114,0.111,5.26,7.62,3.45,10.09,10.09,0.16,0.16,8.7,0.16,0.16,-21.29,-21.29,-98.6,22.58,22.58,False,False,False,False,False,False,False,False,False,2026-09-16
8412,8412.HK,NEW AMANTE,新爱德集团,0.41,"10,000",Equity,Equity Securities (GEM),0.28,0.28,0.28,0.28,10000,0.0,0.277,0.274,1.08,2.38,-5.08,3.7,3.7,0.5,2.0,14.03,0.5,2.0,-44.0,-86.0,-98.0,44.0,86.0,False,False,False,False,False,False,False,False,False,2026-09-16
8413,8413.HK,ASIA GROCERY,亚洲富思,0.79,"10,000",Equity,Equity Securities (GEM),0.068,0.062,0.068,0.059,1410000,0.1,0.066,0.065,3.34,3.98,6.25,3.03,3.03,0.2,0.32,1.81,0.2,0.32,-66.83,-78.75,-96.24,66.83,78.75,False,False,False,True,False,False,False,False,False,2026-09-16
8418,8418.HK,OPTIMA AUTO,傲迪玛汽车,4.8,"2,000",Equity,Equity Securities (GEM),0.565,0.515,0.565,0.505,60000,0.03,0.539,0.543,4.82,4.05,6.6,5.61,8.65,2.5,2.5,2.79,2.5,2.5,-77.4,-77.4,-79.75,77.4,77.4,False,False,False,True,False,False,False,False,False,2026-09-16
8420,8420.HK,NEXION TECH,NEXION TECH,0.26,"5,000",Equity,Equity Securities (GEM),0.029,0.03,0.03,0.028,105000,0.0,0.028,0.029,2.11,1.75,0.0,3.57,3.57,0.05,0.09,1.6,0.05,0.09,-44.44,-65.12,-98.13,46.3,66.28,False,False,True,True,False,False,False,False,False,2026-09-16
8423,8423.HK,CHI HO DEV,CHI HO DEV,0.43,"10,000",Equity,Equity Securities (GEM),0.054,0.051,0.054,0.051,160000,0.01,0.047,0.043,14.89,25.29,14.89,20.0,12.5,0.11,0.11,3.6,0.11,0.11,-50.91,-50.91,-98.5,50.91,50.91,True,False,False,False,False,False,False,False,False,2026-09-16
8425,8425.HK,HING MING HLDGS,兴铭控股,0.39,"4,000",Equity,Equity Securities (GEM),0.103,0.108,0.108,0.103,64000,0.01,0.107,0.105,-3.74,-2.09,-4.63,-4.63,0.0,0.12,0.23,3.3,0.12,0.23,-7.69,-53.25,-96.73,11.97,55.41,False,False,False,False,False,False,False,False,False,2026-09-16
8426,8426.HK,MODERN LIVING,雅居投资控股,2.28,"10,000",Equity,Equity Securities (GEM),0.285,0.265,0.285,0.265,310000,0.09,0.252,0.247,12.92,15.15,14.0,19.25,19.25,0.43,0.86,0.86,0.43,0.86,-32.94,-66.86,-66.86,32.94,66.86,True,False,False,False,False,False,False,False,False,2026-09-16
8427,8427.HK,WS-SK TARGET,万顺瑞强集团,0.57,400,Equity,Equity Securities (GEM),3.43,3.43,3.43,3.425,3600,0.01,3.446,3.465,-0.46,-1.01,-0.29,-0.58,-4.72,26.46,38.0,87.2,26.46,38.0,-87.04,-90.97,-96.07,87.04,90.97,False,False,False,False,False,False,False,False,False,2026-09-16
8431,8431.HK,HAO BAI INTL,浩柏国际,3.16,"10,000",Equity,Equity Securities (GEM),1.335,1.38,1.385,1.315,2008000,2.68,1.359,1.345,-1.77,-0.74,-3.26,-1.11,-0.74,2.0,3.3,53.49,2.0,3.3,-30.75,-58.03,-97.41,33.25,59.55,False,False,False,False,False,False,False,False,False,2026-09-16
8432,8432.HK,BAR PACIFIC,太平洋酒吧,0.35,"10,000",Equity,Equity Securities (GEM),0.04,0.04,0.042,0.04,360000,0.01,0.039,0.039,2.04,1.27,0.0,2.56,0.0,0.05,0.08,6.06,0.05,0.08,-22.22,-48.15,-99.31,25.93,50.62,False,False,False,False,False,False,False,False,False,2026-09-16
8436,8436.HK,TAKBO GROUP,德宝集团控股,1.24,"5,000",Equity,Equity Securities (GEM),0.31,0.31,0.31,0.29,295000,0.09,0.317,0.324,-2.21,-4.17,0.0,-1.59,-8.82,0.46,0.46,4.13,0.46,0.46,-32.61,-32.61,-92.49,32.61,32.61,False,False,False,False,False,False,False,False,False,2026-09-16
8439,8439.HK,SOMERLEY CAP,新百利融资,1.74,"2,000",Equity,Equity Securities (GEM),1.15,1.155,1.155,1.15,22000,0.03,1.135,1.112,1.32,3.46,0.88,0.88,9.52,4.85,4.85,4.85,4.85,4.85,-76.19,-76.19,-76.19,76.29,76.29,False,False,False,False,False,False,False,False,False,2026-09-16
8445,8445.HK,NOBLE ENG GP,怡康泰工程集团,1.11,"10,000",Equity,Equity Securities (GEM),0.4,0.435,0.435,0.37,850000,0.34,0.399,0.302,0.25,32.45,-14.89,0.0,86.05,0.49,0.49,5.13,0.49,0.49,-11.22,-11.22,-91.53,18.37,18.37,False,False,False,False,False,False,False,False,False,2026-09-16
8447,8447.HK,MS CONCEPT,MS CONCEPT,0.64,"10,000",Equity,Equity Securities (GEM),0.064,0.068,0.068,0.064,30000,0.0,0.066,0.063,-2.74,2.24,-5.88,-4.48,4.92,0.1,0.1,0.36,0.1,0.1,-30.61,-30.61,-81.11,34.69,34.69,False,False,False,False,False,False,False,False,False,2026-09-16
8450,8450.HK,EDICO HOLDINGS,钜京控股,7.15,"10,000",Equity,Equity Securities (GEM),0.715,0.745,0.77,0.715,940000,0.67,0.774,0.787,-7.62,-9.15,-8.33,-7.14,-14.37,0.88,0.88,0.88,0.88,0.88,-12.5,-12.5,-12.5,18.75,18.75,False,False,False,False,False,False,False,False,False,2026-09-16
8455,8455.HK,LAI GROUP,礼建德集团,0.24,"10,000",Equity,Equity Securities (GEM),0.025,0.024,0.025,0.024,900000,0.02,0.025,0.025,-1.57,-1.19,8.7,-7.41,-13.79,0.16,0.16,3.5,0.16,0.16,-84.28,-84.28,-99.29,84.28,84.28,False,False,False,False,False,False,False,False,False,2026-09-16
8460,8460.HK,BASETROPHY GP,基地锦标集团,1.01,"5,000",Equity,Equity Securities (GEM),0.38,0.38,0.39,0.38,145000,0.06,0.388,0.395,-2.06,-3.8,0.0,-2.56,-3.8,3.39,3.39,21.9,3.39,3.39,-88.5,-88.5,-98.22,88.79,88.79,False,False,False,False,False,False,False,False,False,2026-09-16
8462,8462.HK,OMNIBRIDGE HLDG,中安控股集团,0.45,"5,000",Equity,Equity Securities (GEM),0.075,0.075,0.075,0.075,15000,0.0,0.075,0.075,0.0,-0.13,0.0,0.0,0.0,0.16,0.39,3.96,0.16,0.39,-52.53,-80.77,-98.11,52.53,80.77,False,False,False,False,False,False,False,False,False,2026-09-16
8472,8472.HK,LAPCO HOLDINGS,立高控股,0.28,"2,000",Equity,Equity Securities (GEM),0.247,0.28,0.28,0.247,112000,0.03,0.25,0.245,-1.12,0.69,11.26,-1.2,9.78,0.76,1.2,45.78,0.76,1.2,-63.16,-76.67,-99.39,67.5,79.42,False,False,False,False,False,False,False,False,False,2026-09-16
8473,8473.HK,MI MING MART,弥明生活百货,1.12,"10,000",Equity,Equity Securities (GEM),0.1,0.1,0.1,0.097,650000,0.07,0.1,0.1,0.0,-0.3,0.0,0.0,-0.99,0.13,0.18,0.91,0.13,0.18,-21.88,-43.82,-89.01,21.88,43.82,False,False,False,False,False,False,False,False,False,2026-09-16
8480,8480.HK,FURNIWEB,飞霓控股,1.31,"4,000",Equity,Equity Securities (GEM),0.142,0.145,0.148,0.141,160000,0.02,0.147,0.145,-3.14,-1.8,-5.33,-2.07,-2.74,0.3,0.38,3.34,0.3,0.38,-50.67,-60.53,-95.57,52.67,62.13,False,False,False,False,False,False,False,False,False,2026-09-16
8482,8482.HK,WAN LEADER,万励达,0.26,"10,000",Equity,Equity Securities (GEM),0.147,0.131,0.149,0.131,150000,0.02,0.117,0.116,25.21,26.61,33.64,33.64,33.64,0.17,2.5,6.5,0.17,2.5,-9.7,-94.04,-97.71,10.91,94.12,False,False,False,False,False,False,False,False,False,2026-09-16
8483,8483.HK,MAX SIGHT GROUP,名仕快相,1.64,"8,000",Equity,Equity Securities (GEM),0.205,0.184,0.205,0.181,3256000,0.67,0.19,0.185,8.12,10.63,11.41,9.63,12.02,0.25,0.3,1.3,0.25,0.3,-18.0,-31.67,-84.23,18.0,31.67,False,False,False,True,False,False,False,False,False,2026-09-16
8487,8487.HK,ISP GLOBAL,ISP GLOBAL,0.82,"2,000",Equity,Equity Securities (GEM),0.078,0.077,0.079,0.072,26000,0.0,0.08,0.077,-2.01,0.65,-2.5,-2.5,11.43,0.09,0.28,3.92,0.09,0.28,-15.96,-72.28,-97.98,17.02,72.63,False,False,False,False,False,False,False,False,False,2026-09-16
8490,8490.HK,NICHE-TECH SEMI,骏码半导体,0.68,"5,000",Equity,Equity Securities (GEM),0.096,0.108,0.108,0.094,1580000,0.15,0.112,0.113,-14.13,-14.67,-17.24,-15.79,-11.93,0.25,0.55,0.74,0.25,0.55,-57.65,-80.36,-85.41,62.35,82.55,False,False,False,False,False,False,False,False,False,2026-09-16
8491,8491.HK,COOL LINK,COOL LINK,0.8,"5,000",Equity,Equity Securities (GEM),0.2,0.2,0.2,0.2,145000,0.03,0.195,0.198,2.35,0.86,1.52,1.52,5.82,0.51,3.37,60.0,0.51,3.37,-60.78,-94.07,-99.67,60.78,94.07,False,False,False,False,False,False,False,False,False,2026-09-16
8502,8502.HK,OCEAN LINE PORT,远航港口,2.76,"8,000",Equity,Equity Securities (GEM),0.345,0.355,0.355,0.33,48000,0.02,0.347,0.345,-0.58,0.0,-2.82,1.47,1.47,0.38,0.43,2.34,0.38,0.43,-6.58,-17.44,-84.83,9.21,19.77,False,False,False,False,False,False,False,True,False,2026-09-16
8507,8507.HK,I.CENTURY HLDG,爱世纪集团,5.12,"4,000",Equity,Equity Securities (GEM),0.64,0.66,0.66,0.635,192000,0.12,0.641,0.644,-0.16,-0.54,-3.03,-3.03,-4.48,1.25,1.25,1.25,1.25,1.25,-47.2,-47.2,-47.2,48.8,48.8,False,False,False,False,False,False,False,False,False,2026-09-16
8509,8509.HK,WINE'S LINK,威扬酒业控股,2.02,"4,000",Equity,Equity Securities (GEM),0.505,0.485,0.505,0.485,16000,0.01,0.504,0.518,0.2,-2.51,-1.94,1.0,4.12,0.73,0.83,1.03,0.73,0.83,-30.82,-39.16,-50.97,30.82,39.16,False,False,True,False,False,False,False,False,False,2026-09-16
8510,8510.HK,TOPSTANDARDCORP,TOPSTANDARDCORP,0.55,"20,000",Equity,Equity Securities (GEM),0.23,0.241,0.248,0.22,460000,0.11,0.25,0.231,-7.93,-0.35,-3.36,-11.54,5.02,0.3,0.49,3.65,0.3,0.49,-17.33,-49.39,-93.21,23.33,53.06,False,False,False,False,False,False,False,False,False,2026-09-16
8512,8512.HK,HYFUSIN GROUP,凯富善集团控股,3.4,"10,000",Equity,Equity Securities (GEM),0.37,0.37,0.37,0.36,50000,0.02,0.373,0.371,-0.8,-0.27,0.0,-1.33,1.37,0.43,0.43,1.14,0.43,0.43,-12.94,-12.94,-67.54,12.94,12.94,False,False,False,False,False,False,False,False,False,2026-09-16
8516,8516.HK,ZY INTL,中盈国际,0.92,"5,000",Equity,Equity Securities (GEM),1.595,1.65,1.65,1.6,10000,0.02,1.601,1.629,-0.37,-2.09,0.95,0.31,-5.06,1.93,1.98,642.0,1.93,1.98,-14.51,-16.67,-99.74,17.36,19.44,False,False,False,False,False,False,False,False,False,2026-09-16
8519,8519.HK,XINXIANG ERA,新享时代,0.51,"20,000",Equity,Equity Securities (GEM),0.35,0.35,0.365,0.35,200000,0.07,0.319,0.254,9.79,37.9,0.0,16.67,49.57,0.52,6.16,6.16,0.52,6.16,-29.81,-94.07,-94.07,32.69,94.32,False,False,False,False,False,False,False,False,False,2026-09-16
8521,8521.HK,WEBX INTL HLDGS,智云国际控股,4.41,"5,000",Equity,Equity Securities (GEM),0.69,0.69,0.69,0.69,20000,0.01,0.673,0.661,2.53,4.47,-0.72,4.55,4.55,1.26,1.7,1.7,1.26,1.7,-45.24,-59.41,-59.41,45.24,59.41,False,False,False,False,False,False,False,False,False,2026-09-16
8525,8525.HK,BAIYING HOLDING,百应控股,2.16,"2,000",Equity,Equity Securities (GEM),0.8,0.8,0.8,0.79,30000,0.02,0.783,0.817,2.17,-2.02,0.0,-5.88,-5.88,0.9,1.0,2.88,0.9,1.0,-11.11,-20.0,-72.22,11.11,20.0,False,False,False,False,False,False,False,False,False,2026-09-16
8526,8526.HK,WING FUNG GROUP,荣丰集团亚洲,0.69,"10,000",Equity,Equity Securities (GEM),0.425,0.435,0.45,0.425,550000,0.23,0.363,0.325,17.08,30.57,-2.3,49.12,49.12,0.44,0.44,4.84,0.45,0.45,3.45,3.45,-90.7,5.56,5.56,False,False,False,False,True,True,False,True,True,2026-09-16
8527,8527.HK,JLOGO HLDGS,聚利宝控股,1.27,"5,000",Equity,Equity Securities (GEM),0.255,0.265,0.265,0.25,2130000,0.54,0.239,0.217,6.69,17.4,-3.77,27.5,29.44,0.5,0.58,3.79,0.5,0.58,-47.0,-54.31,-93.01,49.0,56.03,False,False,False,False,False,False,False,False,False,2026-09-16
8529,8529.HK,UBOT HOLDING,优博控股,1.57,"5,000",Equity,Equity Securities (GEM),0.305,0.285,0.31,0.255,380000,0.12,0.31,0.316,-1.61,-3.48,1.67,-4.69,-4.69,0.78,0.78,0.78,0.78,0.78,-60.26,-60.26,-60.26,60.9,60.9,False,False,False,False,False,False,False,False,False,2026-09-16
8532,8532.HK,POLYFAIR HLDGS,宝发控股,0.06,"16,000",Equity,Equity Securities (GEM),0.067,0.067,0.067,0.067,128000,0.01,0.067,0.068,0.3,-0.89,0.0,3.08,0.0,0.1,0.71,4.5,0.1,0.71,-33.0,-90.56,-98.51,33.0,90.56,False,False,False,False,False,False,False,False,False,2026-09-16
8535,8535.HK,VISTAR HOLDINGS,荧德控股,1.56,"20,000",Equity,Equity Securities (GEM),0.13,0.133,0.133,0.13,260000,0.03,0.137,0.134,-4.83,-2.84,-2.26,-7.14,-1.52,0.28,0.28,0.49,0.28,0.28,-52.5,-52.5,-72.86,53.57,53.57,False,False,False,False,False,False,False,False,False,2026-09-16
8540,8540.HK,VICTORY SEC,胜利证券,9.33,"1,000",Equity,Equity Securities (GEM),4.38,4.38,4.39,4.355,313000,1.37,4.379,4.378,0.02,0.06,-0.23,0.23,-0.11,5.93,12.0,12.0,5.93,12.0,-25.97,-63.42,-63.42,26.14,63.5,False,False,True,True,False,False,False,False,False,2026-09-16
8547,8547.HK,PACIFIC LEGEND,PACIFIC LEGEND,0.61,"10,000",Equity,Equity Securities (GEM),0.069,0.068,0.072,0.068,23870000,1.65,0.072,0.075,-4.7,-8.61,-1.43,-10.39,-14.81,0.17,0.96,6.4,0.17,0.96,-57.14,-92.5,-98.88,58.93,92.81,False,False,False,False,False,False,False,False,False,2026-09-16
8549,8549.HK,GOLDEN LEAF INT,金叶国际集团,0.79,"5,000",Equity,Equity Securities (GEM),0.198,0.199,0.199,0.192,130000,0.03,0.202,0.202,-1.79,-1.88,-1.0,-2.94,0.51,0.38,3.32,3.32,0.38,3.32,-47.63,-94.01,-94.01,47.89,94.04,False,False,False,False,False,False,False,False,False,2026-09-16
8610,8610.HK,BBSB INTL,BBSB INTL,2.85,"4,000",Equity,Equity Securities (GEM),0.57,0.56,0.56,0.56,36000,0.02,0.579,0.583,-1.55,-2.15,1.79,-2.56,2.7,3.11,3.11,3.11,3.11,3.11,-81.99,-81.99,-81.99,81.67,81.67,False,False,False,False,False,False,False,False,False,2026-09-16
8611,8611.HK,JUFEEL,九福来,4.56,"5,000",Equity,Equity Securities (GEM),0.765,0.77,0.78,0.765,200000,0.15,0.79,0.803,-3.16,-4.67,-3.16,-6.13,-6.71,1.6,1.86,3.8,1.6,1.86,-51.25,-58.06,-79.47,52.19,58.87,False,False,False,False,False,False,False,False,False,2026-09-16
8612,8612.HK,WORLD SUPER,维亮控股,0.31,"20,000",Equity,Equity Securities (GEM),0.075,0.075,0.075,0.075,120000,0.01,0.077,0.078,-2.34,-3.47,0.0,-3.85,-3.85,0.19,0.42,13.9,0.19,0.42,-61.34,-82.14,-99.46,61.34,82.14,False,False,False,False,False,False,False,False,False,2026-09-16
8613,8613.HK,ORIENTAL PAY,东方支付集团控股,0.6,"10,000",Equity,Equity Securities (GEM),0.031,0.032,0.032,0.031,310000,0.01,0.032,0.032,-1.9,-3.73,-3.13,-3.13,-3.13,0.06,0.19,0.4,0.06,0.19,-43.86,-83.07,-91.9,45.61,83.6,False,False,False,False,False,False,False,False,False,2026-09-16
8616,8616.HK,SUNRAY ENG GP,新威工程集团,0.88,"10,000",Equity,Equity Securities (GEM),0.088,0.086,0.086,0.084,340000,0.03,0.087,0.087,1.38,1.27,2.33,1.15,-1.12,0.09,0.09,0.9,0.09,0.09,-7.53,-7.53,-90.44,5.38,5.38,False,False,False,True,False,False,False,True,True,2026-09-16
8619,8619.HK,NIU HOLDINGS,NIU HOLDINGS,0.34,"10,000",Equity,Equity Securities (GEM),0.078,0.078,0.078,0.076,90000,0.01,0.077,0.077,0.78,0.78,-1.27,4.0,1.3,0.3,3.9,32.0,0.3,3.9,-74.0,-98.0,-99.76,74.0,98.0,False,False,False,True,False,False,False,False,False,2026-09-16
8620,8620.HK,AE LOGISTICS,亚洲速运,0.87,"5,000",Equity,Equity Securities (GEM),0.139,0.14,0.14,0.139,100000,0.01,0.144,0.15,-3.61,-7.02,-3.47,-7.33,-10.32,0.25,0.5,0.7,0.25,0.5,-45.1,-72.0,-80.0,45.49,72.2,False,False,False,False,False,False,False,False,False,2026-09-16
8621,8621.HK,METROPOLIS CAP,METROPOLIS CAP,0.44,"8,000",Equity,Equity Securities (GEM),0.046,0.042,0.048,0.042,3928000,0.18,0.039,0.037,17.35,23.99,15.0,31.43,31.43,0.1,0.1,1.2,0.1,0.1,-50.0,-50.0,-96.0,52.08,52.08,False,False,False,False,False,False,False,False,False,2026-09-16
8622,8622.HK,JOYZYME GROUP,愉悦集团,0.93,"8,000",Equity,Equity Securities (GEM),0.18,0.178,0.185,0.178,184000,0.03,0.175,0.173,2.74,3.81,0.0,5.88,7.14,0.44,0.75,0.75,0.44,0.75,-57.47,-75.33,-75.33,58.62,76.0,False,False,False,False,False,False,False,False,False,2026-09-16
8635,8635.HK,ELEPHANT HLDGS,大象控股集团,2.31,"4,000",Equity,Equity Securities (GEM),0.425,0.4,0.46,0.39,1704000,0.72,0.407,0.361,4.42,17.89,-2.3,10.39,32.81,0.79,1.84,1.84,0.79,1.84,-41.77,-75.0,-75.0,46.2,76.9,False,False,False,False,False,False,False,False,False,2026-09-16
8637,8637.HK,METASURFACE,元续科技,5.46,"1,000",Equity,Equity Securities (GEM),3.675,3.6,3.7,3.6,106000,0.39,3.618,3.586,1.58,2.48,1.24,1.24,0.68,4.3,4.3,4.3,4.3,4.3,-13.95,-13.95,-13.95,14.53,14.53,False,False,False,False,False,False,False,False,False,2026-09-16
8646,8646.HK,CHINA HONGGUANG,中国宏光,2.15,"3,000",Equity,Equity Securities (GEM),0.275,0.295,0.295,0.26,2289000,0.63,0.266,0.261,3.54,5.2,-1.79,10.44,1.85,0.44,0.63,4.12,0.44,0.63,-32.95,-53.17,-92.84,37.5,56.35,False,False,False,True,False,False,False,False,False,2026-09-16
8657,8657.HK,TRUE PARTNER,TRUE PARTNER,1.68,"2,000",Equity,Equity Securities (GEM),0.275,0.275,0.275,0.275,38000,0.01,0.281,0.287,-2.14,-4.01,-1.79,-1.79,-5.17,0.48,0.6,1.41,0.48,0.6,-42.71,-54.17,-80.5,42.71,54.17,False,False,False,False,False,False,False,False,False,2026-09-16
8659,8659.HK,YIK WO INTL,易和国际控股,0.85,"5,000",Equity,Equity Securities (GEM),0.103,0.106,0.106,0.101,1890000,0.19,0.111,0.114,-7.04,-9.81,-4.63,-8.85,-13.45,0.17,0.82,1.42,0.17,0.82,-36.14,-87.07,-92.54,37.95,87.44,False,False,False,False,False,False,False,False,False,2026-09-16
9600,9600.HK,NEWLINK TECH,新纽科技,1.29,800,Equity,Equity Securities (Main Board),0.129,0.127,0.13,0.127,164000,0.02,0.135,0.138,-4.3,-6.72,-3.01,-7.19,-9.79,0.34,2.72,4.76,0.34,2.72,-62.32,-95.22,-97.27,62.61,95.26,False,False,False,False,False,False,False,False,False,2026-09-16
9606,9606.HK,DUALITYBIO-B,映恩生物－Ｂ,161.87,100,Equity,Equity Securities (Main Board),178.2,180.0,180.0,175.3,654300,116.6,176.7,179.82,0.85,-0.9,-1.22,5.63,-3.1,376.8,563.5,563.5,376.8,563.5,-52.23,-68.06,-68.06,52.71,68.38,False,False,False,False,False,False,False,False,False,2026-09-16
9608,9608.HK,SUNDY SERVICE,宋都服务,1.96,"10,000",Equity,Equity Securities (Main Board),0.051,0.051,0.051,0.051,40000,0.0,0.051,0.05,-0.39,0.99,0.0,-1.92,4.08,0.07,0.62,0.62,0.07,0.62,-30.14,-91.77,-91.77,30.14,91.77,False,False,False,False,False,False,False,False,False,2026-09-16
9611,9611.HK,LONGCHEER,龙旗科技,10.66,100,Equity,Equity Securities (Main Board),20.54,20.28,21.0,20.28,75500,1.55,20.608,21.408,-0.33,-4.05,1.28,-0.19,-5.69,36.86,36.86,36.86,36.86,36.86,-43.03,-43.03,-43.03,44.28,44.28,False,False,False,False,False,False,False,False,False,2026-09-16
9615,9615.HK,MECH-MIND ROBOT,梅卡曼德机器人,91.07,30,Equity,Equity Securities (Main Board),80.55,81.0,82.45,79.8,78490,6.32,85.95,83.275,-6.28,-3.27,-0.56,-15.21,-2.07,102.0,102.0,102.0,102.0,102.0,-19.17,-19.17,-19.17,21.03,21.03,False,False,False,False,False,False,False,False,False,2026-09-16
9616,9616.HK,NEUTECH GROUP,东软睿新集团,11.89,800,Equity,Equity Securities (Main Board),1.84,1.83,1.84,1.83,212800,0.39,1.833,1.817,0.38,1.29,0.55,0.0,1.38,2.6,3.98,7.94,2.6,3.98,-29.23,-53.77,-76.83,29.23,53.77,False,False,False,False,False,False,False,False,False,2026-09-16
9618,9618.HK,JD-SW,京东集团－ＳＷ,2505.84,50,Equity,Equity Securities (Main Board),105.9,106.2,106.3,104.9,3402614,360.34,105.98,107.09,-0.08,-1.11,-0.38,-0.28,-0.38,132.5,192.3,422.8,132.5,192.3,-19.77,-44.72,-74.86,20.08,44.93,False,False,False,False,False,False,False,False,False,2026-09-16
9626,9626.HK,BILIBILI-W,哔哩哔哩－Ｗ,400.39,20,Equity,Equity Securities (Main Board),118.1,122.5,122.5,115.3,5079962,599.94,121.0,121.89,-2.4,-3.11,-2.72,-3.12,-5.52,285.6,285.6,1052.0,285.6,285.6,-57.11,-57.11,-88.36,58.65,58.65,False,False,False,False,False,False,False,False,False,2026-09-16
9630,9630.HK,CFMEE,芯碁微装,53.3,50,Equity,Equity Securities (Main Board),361.0,359.8,380.8,352.4,528850,190.91,348.52,343.42,3.58,5.12,1.29,4.15,1.63,555.0,555.0,555.0,555.0,555.0,-31.39,-31.39,-31.39,34.95,34.95,False,False,False,False,False,False,False,False,False,2026-09-16
9633,9633.HK,NONGFU SPRING,农夫山泉,1982.65,200,Equity,Equity Securities (Main Board),39.38,39.5,39.94,39.0,3944200,155.32,39.528,40.508,-0.37,-2.78,-0.15,-0.3,-2.96,51.85,56.25,68.75,51.85,56.25,-22.97,-29.0,-41.91,24.05,29.99,False,False,False,False,False,False,False,False,False,2026-09-16
9636,9636.HK,JF SMARTINVEST,九方智投控股,129.24,100,Equity,Equity Securities (Main Board),27.9,27.8,28.34,27.3,732900,20.45,28.468,28.956,-2.0,-3.65,-0.21,-2.38,-6.38,67.45,84.05,84.05,67.45,84.05,-57.98,-66.28,-66.28,58.64,66.81,False,False,False,False,False,False,False,False,False,2026-09-16
9637,9637.HK,ALEBUND-B,礼邦医药－Ｂ,56.84,100,Equity,Equity Securities (Main Board),24.12,23.5,24.92,22.68,1184900,28.58,23.944,25.764,0.74,-6.38,2.29,0.42,-6.29,46.82,46.82,46.82,46.82,46.82,-46.77,-46.77,-46.77,48.48,48.48,False,False,False,False,False,False,False,False,False,2026-09-16
9658,9658.HK,SUPER HI,特海国际,61.13,"1,000",Equity,Equity Securities (Main Board),9.4,9.49,9.49,9.335,116100,1.09,9.359,9.553,0.44,-1.6,0.53,1.29,-0.48,13.99,24.1,24.3,13.99,24.1,-32.17,-60.62,-60.95,32.81,61.0,False,False,False,False,False,False,False,False,False,2026-09-16
9660,9660.HK,HORIZONROBOT-W,地平线机器人－Ｗ,557.31,600,Equity,Equity Securities (Main Board),4.05,4.11,4.135,4.02,86030922,348.43,4.165,4.274,-2.76,-5.24,-1.46,-4.26,-7.32,9.8,11.32,11.32,9.8,11.32,-57.81,-63.47,-63.47,58.67,64.22,False,False,False,False,False,False,False,False,False,2026-09-16
9663,9663.HK,SINOSYNERGY,国鸿氢能,8.8,500,Equity,Equity Securities (Main Board),2.28,2.2,2.38,2.2,76000,0.17,2.206,2.287,3.35,-0.33,6.05,8.57,-3.8,5.33,26.45,26.45,5.33,26.45,-55.35,-91.0,-91.0,57.22,91.38,False,False,False,False,False,False,False,False,False,2026-09-16
9668,9668.HK,CBHB,渤海银行,49.91,500,Equity,Equity Securities (Main Board),0.805,0.81,0.825,0.805,2871500,2.31,0.83,0.843,-3.01,-4.45,0.62,-4.73,-7.47,1.02,1.31,5.82,1.02,1.31,-19.12,-37.02,-85.82,21.08,38.55,False,False,False,False,False,False,False,False,False,2026-09-16
9669,9669.HK,BEISEN HOLDING,北森控股,21.58,200,Equity,Equity Securities (Main Board),3.0,3.0,3.065,2.985,373000,1.12,3.006,3.071,-0.2,-2.33,0.17,0.33,-2.76,7.59,9.72,29.8,7.59,9.72,-59.62,-68.47,-89.71,60.47,69.14,False,False,False,False,False,False,False,False,False,2026-09-16
9676,9676.HK,SHIYUE DAOTIAN,十月稻田,42.27,300,Equity,Equity Securities (Main Board),4.0,4.13,4.13,3.95,368700,1.47,4.226,4.414,-5.35,-9.37,-3.03,-7.62,-12.47,9.77,100.0,100.0,9.77,100.0,-57.73,-95.87,-95.87,59.06,96.0,False,False,False,False,False,False,False,False,False,2026-09-16
9678,9678.HK,UNISOUND,云知声,30.67,20,Equity,Equity Securities (Main Board),68.0,72.0,72.15,67.5,2960204,201.29,71.87,78.855,-5.38,-13.77,-3.89,-5.56,-22.06,443.8,879.0,879.0,443.8,879.0,-83.74,-91.79,-91.79,84.68,92.26,False,False,False,False,False,False,False,False,False,2026-09-16
9680,9680.HK,CHENQI TECH,如祺出行,14.7,100,Equity,Equity Securities (Main Board),7.2,7.2,7.2,7.2,100,0.0,7.037,7.355,2.32,-2.1,0.0,10.77,-7.46,9.96,40.05,40.05,9.96,40.05,-27.71,-82.02,-82.02,27.71,82.02,False,False,False,False,False,False,False,False,False,2026-09-16
9686,9686.HK,XIKANG CLOUD,熙康云医院,8.5,500,Equity,Equity Securities (Main Board),1.01,0.995,1.02,0.95,111000,0.11,1.002,0.981,0.8,3.01,1.0,1.0,1.51,1.03,3.7,3.7,1.03,3.7,-0.97,-72.43,-72.43,1.94,72.7,False,False,False,True,False,False,False,True,False,2026-09-16
9688,9688.HK,ZAI LAB,再鼎医药,220.4,100,Equity,Equity Securities (Main Board),19.37,19.36,19.66,19.2,5082600,98.45,19.016,19.698,1.86,-1.67,1.73,2.27,-3.15,21.42,35.5,151.2,21.42,35.5,-8.22,-44.62,-87.0,9.57,45.44,True,False,False,False,False,False,False,True,False,2026-09-16
9689,9689.HK,JTF INTL,金泰丰国际控股,5.3,"4,000",Equity,Equity Securities (Main Board),0.475,0.52,0.53,0.475,344000,0.16,0.471,0.472,0.85,0.64,1.06,1.06,1.06,1.1,1.1,3.32,1.1,1.1,-51.82,-51.82,-84.04,56.82,56.82,False,False,False,False,False,False,False,False,False,2026-09-16
9690,9690.HK,TUHU-W,途虎－Ｗ,92.37,100,Equity,Equity Securities (Main Board),12.22,12.09,12.34,11.92,630200,7.7,12.456,12.529,-1.89,-2.47,-2.71,-1.61,-2.24,16.74,37.7,37.7,16.74,37.7,-26.28,-67.27,-67.27,27.0,67.59,False,False,False,False,False,False,False,False,False,2026-09-16
9696,9696.HK,TIANQI LITHIUM,天齐锂业,72.5,200,Equity,Equity Securities (Main Board),30.7,30.06,30.78,29.2,3562515,109.37,31.62,33.304,-2.91,-7.82,1.86,-3.52,-12.08,69.15,69.15,88.75,69.15,69.15,-55.49,-55.49,-65.32,55.6,55.6,False,False,False,False,False,False,False,False,False,2026-09-16
9698,9698.HK,GDS-SW,万国数据－ＳＷ,450.19,100,Equity,Equity Securities (Main Board),29.8,29.84,30.28,29.16,2612482,77.85,30.416,30.506,-2.03,-2.31,-0.2,-2.3,-4.43,46.94,48.9,118.7,46.94,48.9,-35.49,-38.08,-74.49,36.51,39.06,False,False,False,False,False,False,False,False,False,2026-09-16
9699,9699.HK,SF INTRA-CITY,顺丰同城,63.91,200,Equity,Equity Securities (Main Board),8.64,8.81,8.835,8.41,2289600,19.78,8.844,8.773,-2.31,-1.52,-1.93,-5.16,0.7,16.27,19.26,19.26,16.27,19.26,-45.7,-54.13,-54.13,46.9,55.14,False,False,False,False,False,False,False,False,False,2026-09-16
9857,9857.HK,LINMON MEDIA,柠萌影视,9.95,100,Equity,Equity Securities (Main Board),2.75,2.705,2.75,2.69,4800,0.01,2.805,2.832,-1.96,-2.9,-1.79,-1.43,-1.61,3.8,11.76,34.35,3.8,11.76,-27.63,-76.62,-91.99,27.63,76.62,False,False,False,False,False,False,False,False,False,2026-09-16
9858,9858.HK,YOURAN DAIRY,优然牧业,183.47,"1,000",Equity,Equity Securities (Main Board),4.085,4.08,4.105,3.985,27710000,113.2,4.27,4.324,-4.33,-5.53,-0.24,-8.1,-7.89,5.29,5.29,6.49,5.29,5.29,-22.4,-22.4,-36.75,22.78,22.78,False,False,False,False,False,False,False,False,False,2026-09-16
9860,9860.HK,ADICON HOLDINGS,艾迪康控股,28.66,500,Equity,Equity Securities (Main Board),3.95,3.8,3.99,3.74,39000,0.15,3.991,3.985,-1.03,-0.88,-1.25,-1.25,1.28,7.4,18.02,19.18,7.4,18.02,-46.08,-77.86,-79.2,46.62,78.08,False,False,False,False,False,False,False,False,False,2026-09-16
9863,9863.HK,LEAPMOTOR,零跑汽车,396.55,100,Equity,Equity Securities (Main Board),35.06,36.48,36.48,34.96,7103067,249.03,35.656,35.982,-1.67,-2.56,-2.23,-0.68,-0.96,57.8,76.3,76.3,57.8,76.3,-36.89,-52.19,-52.19,39.34,54.05,False,False,False,False,False,False,False,False,False,2026-09-16
9866,9866.HK,NIO-SW,蔚来－ＳＷ,671.1,10,Equity,Equity Securities (Main Board),28.42,28.24,28.58,27.9,5011820,142.44,28.668,29.036,-0.87,-2.12,-0.91,-0.35,-4.37,54.95,83.3,199.2,54.95,83.3,-47.99,-65.69,-85.65,48.28,65.88,False,False,False,False,False,False,False,False,False,2026-09-16
9868,9868.HK,XPENG-W,小鹏集团－Ｗ,633.55,100,Equity,Equity Securities (Main Board),40.42,40.24,40.68,39.54,7067030,285.65,41.152,41.864,-1.78,-3.45,0.1,-2.23,-4.44,84.6,110.8,220.0,84.6,110.8,-51.91,-63.29,-81.51,52.22,63.52,False,False,False,False,False,False,False,False,False,2026-09-16
9869,9869.HK,HELENS,海伦司,13.41,500,Equity,Equity Securities (Main Board),1.06,1.23,1.35,1.05,525500,0.56,1.182,1.293,-10.32,-18.05,-4.5,-15.87,-21.48,2.12,7.49,25.75,2.12,7.49,-36.32,-81.98,-94.76,50.0,85.85,False,False,False,False,False,False,False,False,False,2026-09-16
9876,9876.HK,OCEAN ONE HLDG,大洋环球控股,8.48,"2,000",Equity,Equity Securities (Main Board),3.03,3.01,3.01,3.0,58000,0.18,3.039,2.798,-0.3,8.27,0.66,-0.66,6.32,3.9,5.29,5.29,3.9,5.29,-22.82,-43.1,-43.1,22.31,42.72,False,False,False,False,False,False,False,False,False,2026-09-16
9877,9877.HK,JENSCARE-B,健世科技－Ｂ,22.11,200,Equity,Equity Securities (Main Board),7.125,7.35,7.495,6.82,32200,0.23,7.199,7.28,-1.03,-2.12,-3.06,-0.97,-2.4,10.02,38.6,94.7,10.02,38.6,-25.2,-80.58,-92.09,28.89,81.54,False,False,False,False,False,False,False,False,False,2026-09-16
9878,9878.HK,HUITONGDA NET,汇通达网络,37.27,100,Equity,Equity Securities (Main Board),7.05,7.0,7.16,6.55,317000,2.23,6.942,7.424,1.56,-5.04,7.63,0.86,-8.14,11.86,33.45,64.7,11.86,33.45,-39.63,-78.59,-88.93,40.56,78.92,False,False,False,False,False,False,False,False,False,2026-09-16
9879,9879.HK,MIGAO GROUP,米高集团,82.94,"1,000",Equity,Equity Securities (Main Board),9.125,9.1,9.23,9.06,463000,4.22,9.115,9.131,0.11,-0.07,1.33,0.33,1.05,9.77,9.77,9.77,9.77,9.77,-5.53,-5.53,-5.53,6.6,6.6,False,False,False,False,False,False,False,True,True,2026-09-16
9880,9880.HK,UBTECH ROBOTICS,优必选,339.16,50,Equity,Equity Securities (Main Board),77.4,76.55,77.8,75.5,2533832,196.12,78.31,81.2,-1.16,-4.68,0.91,-0.71,-9.53,156.4,328.0,328.0,156.4,328.0,-50.26,-76.28,-76.28,50.51,76.4,False,False,False,False,False,False,False,False,False,2026-09-16
9885,9885.HK,YSB,药师帮,23.34,200,Equity,Equity Securities (Main Board),3.37,3.46,3.46,3.3,638400,2.15,3.471,3.532,-2.91,-4.6,-1.46,-3.3,-4.8,6.67,59.55,64.5,6.67,59.55,-48.13,-94.19,-94.64,49.48,94.34,False,False,False,False,False,False,False,False,False,2026-09-16
9887,9887.HK,LEADS BIOLABS-B,维立志博－Ｂ,106.94,100,Equity,Equity Securities (Main Board),54.1,56.95,57.5,52.75,2922700,158.12,58.98,61.53,-8.27,-12.08,-5.25,-10.13,-14.4,97.5,97.5,97.5,97.5,97.5,-41.03,-41.03,-41.03,44.51,44.51,False,False,False,False,False,False,False,False,False,2026-09-16
9888,9888.HK,BIDU-W,百度集团－Ｗ,1935.34,50,Equity,Equity Securities (Main Board),88.05,89.85,89.85,87.85,8992017,791.75,88.9,90.505,-0.96,-2.71,-0.96,-1.18,-4.5,161.2,161.2,256.6,161.2,161.2,-44.26,-44.26,-64.98,45.38,45.38,False,False,False,False,False,False,False,False,False,2026-09-16
9889,9889.HK,DRCB,东莞农商银行,35.99,"1,000",Equity,Equity Securities (Main Board),3.135,3.14,3.14,3.135,125000,0.39,3.155,3.183,-0.63,-1.49,-0.16,-0.79,-2.03,3.85,7.33,8.4,3.85,7.33,-18.44,-57.16,-62.62,18.57,57.23,False,False,False,False,False,False,False,False,False,2026-09-16
9890,9890.HK,TANWAN,贪玩,47.78,200,Equity,Equity Securities (Main Board),9.22,9.005,9.285,8.845,499400,4.6,9.25,9.758,-0.32,-5.51,1.32,-0.05,-7.62,21.72,72.45,72.45,21.72,72.45,-57.25,-87.18,-87.18,57.55,87.27,False,False,False,False,False,False,False,False,False,2026-09-16
9893,9893.HK,PIZU GROUP,比优集团,55.69,"20,000",Equity,Equity Securities (Main Board),1.565,1.6,1.61,1.56,3760000,5.88,1.586,1.581,-1.32,-1.01,-2.19,-1.26,0.0,2.19,2.19,2.19,2.19,2.19,-26.48,-26.48,-26.48,28.54,28.54,False,False,False,False,False,False,False,False,False,2026-09-16
9896,9896.HK,MNSO,名创优品,208.4,200,Equity,Equity Securities (Main Board),17.43,17.35,17.52,17.2,4709771,82.09,17.664,18.163,-1.32,-4.04,-0.51,-2.08,-5.63,40.3,56.9,59.85,40.3,56.9,-56.53,-69.21,-70.73,56.75,69.37,False,False,False,False,False,False,False,False,False,2026-09-16
9898,9898.HK,WB-SW,微博－ＳＷ,81.61,20,Equity,Equity Securities (Main Board),51.7,52.4,53.7,51.2,161660,8.36,52.1,52.42,-0.77,-1.37,-1.43,-0.29,-1.71,88.5,103.7,275.0,88.5,103.7,-39.32,-48.22,-80.47,41.58,50.14,False,False,False,False,False,False,False,False,False,2026-09-16
9899,9899.HK,NETEASE MUSIC,网易云音乐,182.15,50,Equity,Equity Securities (Main Board),86.6,86.4,86.75,83.45,463160,40.11,86.6,87.825,0.0,-1.39,0.58,-0.29,-0.86,201.8,303.4,303.4,201.8,303.4,-57.01,-71.41,-71.41,57.09,71.46,False,False,False,False,False,False,False,False,False,2026-09-16
9900,9900.HK,ZCLOUD TECH CON,智云科技建设,151.03,"4,000",Equity,Equity Securities (Main Board),5.075,4.95,5.145,4.925,1400000,7.1,5.153,5.264,-1.51,-3.58,1.5,-4.52,-3.06,7.72,7.72,7.72,7.72,7.72,-33.35,-33.35,-33.35,34.26,34.26,False,False,False,False,False,False,False,False,False,2026-09-16
9901,9901.HK,NEW ORIENTAL-S,新东方－Ｓ,698.97,100,Equity,Equity Securities (Main Board),43.92,45.76,45.76,43.74,1978512,86.9,43.716,44.52,0.47,-1.35,0.14,1.71,-0.63,51.05,77.05,158.8,51.05,77.05,-10.36,-40.61,-71.18,13.97,43.0,False,False,False,False,False,False,False,False,False,2026-09-16
9903,9903.HK,ILUVATAR COREX,天数智芯,917.14,100,Equity,Equity Securities (Main Board),117.6,111.1,121.0,110.5,6516918,766.39,109.087,114.457,7.8,2.75,6.23,13.22,6.07,295.83,295.83,295.83,295.83,295.83,-59.1,-59.1,-59.1,60.25,60.25,True,False,False,True,False,False,False,False,False,2026-09-16
9908,9908.HK,JIAXING GAS,嘉兴燃气,2.95,500,Equity,Equity Securities (Main Board),7.8,7.8,7.8,7.71,2500,0.02,7.913,7.912,-1.43,-1.41,-2.38,0.06,0.0,9.1,9.1,14.92,9.1,9.1,-14.29,-14.29,-47.72,14.29,14.29,False,False,False,False,False,False,False,False,False,2026-09-16
9909,9909.HK,POWERLONG CM,宝龙商业,12.15,500,Equity,Equity Securities (Main Board),1.89,1.9,1.9,1.81,94000,0.18,1.87,1.883,1.07,0.4,-0.53,1.34,1.61,2.84,3.85,31.65,2.84,3.85,-33.1,-50.65,-94.0,33.45,50.91,False,False,True,True,False,False,False,False,False,2026-09-16
9911,9911.HK,NEWBORNTOWN,赤子城科技,133.24,"2,000",Equity,Equity Securities (Main Board),9.515,9.51,9.72,9.375,9024054,85.86,9.44,9.146,0.79,4.04,0.21,0.42,6.37,14.09,14.09,14.09,14.09,14.09,-31.01,-31.01,-31.01,32.47,32.47,False,False,False,False,False,False,False,False,False,2026-09-16
9913,9913.HK,CHI KAN HLDGS,智勤控股,22.4,"4,000",Equity,Equity Securities (Main Board),2.24,2.2,2.24,2.195,196500,0.44,2.187,2.186,2.42,2.47,1.82,3.46,3.46,2.6,3.5,4.05,2.6,3.5,-13.85,-36.0,-44.69,13.85,36.0,True,False,False,False,False,False,False,False,False,2026-09-16
9916,9916.HK,XINGYE WULIAN,兴业物联,1.4,"2,000",Equity,Equity Securities (Main Board),0.35,0.35,0.35,0.345,130000,0.05,0.362,0.366,-3.31,-4.24,-1.41,-4.11,-5.41,0.42,0.85,2.31,0.42,0.85,-16.67,-58.82,-84.85,16.67,58.82,False,False,False,False,False,False,False,False,False,2026-09-16
9919,9919.HK,ACTIVATION GP,艾德韦宣集团,5.36,"2,000",Equity,Equity Securities (Main Board),0.72,0.725,0.725,0.71,74000,0.05,0.753,0.767,-4.38,-6.19,-0.69,-7.1,-7.1,1.07,1.49,2.03,1.07,1.49,-32.24,-51.34,-64.29,32.71,51.68,False,False,False,False,False,False,False,False,False,2026-09-16
9922,9922.HK,JIUMAOJIU,九毛九,13.51,"1,000",Equity,Equity Securities (Main Board),1.01,1.035,1.035,0.99,3859667,3.9,1.033,1.071,-2.23,-5.74,-2.42,-3.35,-6.05,2.33,12.0,38.7,2.33,12.0,-55.58,-91.38,-97.33,56.65,91.58,False,False,False,False,False,False,False,False,False,2026-09-16
9923,9923.HK,YEAHKA,移卡,18.51,400,Equity,Equity Securities (Main Board),4.02,4.09,4.09,3.99,196000,0.79,4.143,4.243,-2.97,-5.24,-2.31,-3.94,-6.07,9.06,16.58,122.7,9.06,16.58,-54.86,-75.33,-96.67,55.63,75.75,False,False,False,False,False,False,False,False,False,2026-09-16
9926,9926.HK,AKESO,康方生物,832.71,"1,000",Equity,Equity Securities (Main Board),90.4,93.4,94.6,89.9,12609145,1139.87,93.05,94.45,-2.85,-4.29,-5.09,0.11,-4.89,156.0,179.0,179.0,156.0,179.0,-39.36,-47.15,-47.15,42.05,49.5,False,False,False,False,False,False,False,False,False,2026-09-16
9927,9927.HK,SERES,赛力斯,36.39,100,Equity,Equity Securities (Main Board),33.5,34.0,34.4,32.78,4292400,143.8,35.408,36.588,-5.39,-8.44,-3.4,-6.89,-8.12,113.3,131.5,131.5,113.3,131.5,-69.64,-73.84,-73.84,70.43,74.52,False,False,False,False,False,False,False,False,False,2026-09-16
9928,9928.HK,TIMES NEIGHBOR,时代邻里,4.83,"1,000",Equity,Equity Securities (Main Board),0.49,0.485,0.485,0.48,115000,0.06,0.488,0.489,0.41,0.31,0.0,1.03,-1.01,0.61,0.86,13.74,0.61,0.86,-20.49,-43.6,-96.47,19.67,43.02,False,False,True,True,False,False,False,False,False,2026-09-16
9929,9929.HK,SEM HLDGS,澳达控股,29.4,"10,000",Equity,Equity Securities (Main Board),1.47,1.47,1.51,1.46,1560000,2.29,1.482,1.518,-0.81,-3.16,0.0,-2.0,-8.12,2.42,2.42,2.42,2.42,2.42,-37.6,-37.6,-37.6,39.26,39.26,False,False,False,False,False,False,False,False,False,2026-09-16
9930,9930.HK,HORIZON CD,宏信建发,22.7,"1,000",Equity,Equity Securities (Main Board),0.71,0.68,0.71,0.68,45000,0.03,0.708,0.722,0.28,-1.66,1.43,-1.39,-4.05,1.1,4.8,4.93,1.1,4.8,-35.45,-85.21,-85.6,35.45,85.21,False,False,False,False,False,False,False,False,False,2026-09-16
9933,9933.HK,GHW INTL,GHW INTL,16.35,"4,000",Equity,Equity Securities (Main Board),1.62,1.62,1.62,1.62,4000,0.01,1.664,1.649,-2.64,-1.79,-3.28,-3.28,0.0,1.82,5.79,5.79,1.82,5.79,-10.99,-72.02,-72.02,10.99,72.02,False,False,False,False,False,False,False,False,False,2026-09-16
9936,9936.HK,XIMEI RESOURCES,稀美资源,60.54,500,Equity,Equity Securities (Main Board),14.62,12.98,14.79,12.98,1234500,18.05,13.92,14.032,5.03,4.19,11.43,8.86,-3.94,24.2,24.2,24.2,24.2,24.2,-38.88,-38.88,-38.88,39.59,39.59,False,False,False,True,False,False,False,False,False,2026-09-16
9938,9938.HK,WAH WO HOLDINGS,华和控股,2.65,"5,000",Equity,Equity Securities (Main Board),0.265,0.255,0.265,0.255,195000,0.05,0.264,0.265,0.38,-0.19,6.0,-1.85,1.92,0.4,0.4,2.79,0.4,0.4,-33.75,-33.75,-90.5,33.75,33.75,False,False,False,False,False,False,False,False,False,2026-09-16
9939,9939.HK,KINTOR PHARMA-B,开拓药业－Ｂ,9.37,500,Equity,Equity Securities (Main Board),1.88,1.88,1.9,1.87,233000,0.44,1.882,1.876,-0.11,0.21,0.0,1.62,0.53,4.7,4.7,89.0,4.7,4.7,-59.57,-59.57,-97.87,60.0,60.0,False,False,False,False,False,False,False,False,False,2026-09-16
9955,9955.HK,CLOUDR,智云健康,3.23,100,Equity,Equity Securities (Main Board),0.5,0.5,0.515,0.5,14400,0.01,0.508,0.503,-1.57,-0.7,-2.91,-1.96,-1.96,1.08,7.53,30.7,1.08,7.53,-52.31,-93.16,-98.32,53.7,93.36,False,False,False,False,False,False,False,False,False,2026-09-16
9958,9958.HK,LITIAN PICTURES,力天影业,0.65,"1,000",Equity,Equity Securities (Main Board),0.129,0.125,0.129,0.124,138000,0.02,0.127,0.128,1.26,0.7,3.2,2.38,1.57,0.25,5.31,5.31,0.25,5.31,-48.19,-97.57,-97.57,48.19,97.57,False,False,False,True,False,False,False,False,False,2026-09-16
9959,9959.HK,LINKLOGIS-W,联易融科技－Ｗ,44.23,500,Equity,Equity Securities (Main Board),2.345,2.345,2.39,2.29,4323000,10.14,2.268,2.244,3.4,4.5,0.64,5.87,5.16,2.69,3.64,25.1,2.69,3.64,-11.15,-34.34,-90.48,12.83,35.58,True,False,False,False,False,False,False,False,False,2026-09-16
9960,9960.HK,KINDSTAR GLOBAL,康圣环球,9.6,500,Equity,Equity Securities (Main Board),0.93,0.915,0.93,0.91,214500,0.2,0.931,0.936,-0.11,-0.59,0.0,1.09,-1.59,1.3,1.79,9.78,1.3,1.79,-28.46,-48.04,-90.49,28.46,48.04,False,False,False,False,False,False,False,False,False,2026-09-16
9961,9961.HK,TRIP.COM-S,携程集团－Ｓ,2035.21,50,Equity,Equity Securities (Main Board),323.2,309.0,324.8,301.6,6091413,1968.74,311.92,317.78,3.62,1.71,3.86,5.69,2.08,613.0,613.0,613.0,613.0,613.0,-47.01,-47.01,-47.01,47.28,47.28,True,False,True,True,False,False,False,False,False,2026-09-16
9963,9963.HK,TRANSTECH OPTEL,高科桥光导,37.98,"2,000",Equity,Equity Securities (Main Board),9.805,9.765,9.975,9.6,71000,0.7,9.913,10.12,-1.09,-3.11,0.93,-0.96,-6.26,13.48,13.48,13.48,13.48,13.48,-26.0,-26.0,-26.0,27.26,27.26,False,False,False,False,False,False,False,False,False,2026-09-16
9966,9966.HK,ALPHAMAB-B,康宁杰瑞制药－Ｂ,74.7,"1,000",Equity,Equity Securities (Main Board),7.725,7.805,7.805,7.56,796528,6.15,7.988,8.293,-3.29,-6.85,-2.03,-3.07,-8.58,12.2,15.75,28.7,12.2,15.75,-36.02,-50.44,-72.8,36.68,50.95,False,False,False,False,False,False,False,False,False,2026-09-16
9968,9968.HK,HUIJING HLDGS,汇景控股,4.68,"2,000",Equity,Equity Securities (Main Board),0.089,0.084,0.091,0.08,8710000,0.78,0.077,0.066,14.99,34.44,5.95,43.55,61.82,0.1,0.1,2.89,0.1,0.1,-9.0,-9.0,-96.85,11.0,11.0,False,False,False,False,False,False,False,False,False,2026-09-16
9969,9969.HK,INNOCARE,诺诚健华,223.77,"1,000",Equity,Equity Securities (Main Board),14.98,15.14,15.34,14.87,7081483,106.08,14.602,14.719,2.59,1.77,-2.03,10.64,3.45,16.04,20.62,32.05,16.04,20.62,-4.36,-25.61,-52.14,6.61,27.35,False,False,False,False,False,False,False,True,False,2026-09-16
9971,9971.HK,BASICSEMI,基本半导体,123.01,200,Equity,Equity Securities (Main Board),42.78,43.5,43.6,41.72,102800,4.4,42.964,42.694,-0.43,0.2,2.69,-7.0,0.42,73.5,73.5,73.5,73.5,73.5,-40.68,-40.68,-40.68,41.8,41.8,False,False,False,False,False,False,False,False,False,2026-09-16
9973,9973.HK,CHERY AUTO,奇瑞汽车,591.99,100,Equity,Equity Securities (Main Board),25.14,25.24,25.5,24.88,1166943,29.34,25.188,25.22,-0.19,-0.32,-0.4,0.8,-0.4,34.06,34.98,34.98,34.06,34.98,-25.13,-27.1,-27.1,26.19,28.13,False,False,False,False,False,False,False,False,False,2026-09-16
9978,9978.HK,FINELAND LIVING,方圆生活服务,11.56,"4,000",Equity,Equity Securities (Main Board),2.89,2.8,2.92,2.45,3096500,8.95,2.809,2.293,2.88,26.06,0.87,-0.86,34.11,3.38,3.38,3.38,3.38,3.38,-13.74,-13.74,-13.74,14.62,14.62,False,False,False,False,False,False,False,False,False,2026-09-16
9979,9979.HK,GREENTOWN MGMT,绿城管理控股,37.2,"1,000",Equity,Equity Securities (Main Board),1.86,1.845,1.88,1.83,1140000,2.12,1.875,1.901,-0.8,-2.16,1.36,-2.62,-3.63,3.39,7.98,7.98,3.39,7.98,-44.54,-76.44,-76.44,45.13,76.69,False,False,False,False,False,False,False,False,False,2026-09-16
9980,9980.HK,EASTROC,东鹏饮料,57.98,100,Equity,Equity Securities (Main Board),99.65,100.9,101.1,99.2,476559,47.49,100.33,101.595,-0.68,-1.91,-0.85,-1.53,-2.5,227.69,227.69,227.69,227.69,227.69,-55.6,-55.6,-55.6,56.23,56.23,False,False,False,False,False,False,False,False,False,2026-09-16
9981,9981.HK,WOER,沃尔核材,12.57,200,Equity,Equity Securities (Main Board),8.98,9.0,9.05,8.81,1637000,14.7,9.51,9.744,-5.57,-7.85,-0.22,-11.09,-11.96,23.48,23.48,23.48,23.48,23.48,-61.46,-61.46,-61.46,61.75,61.75,False,False,False,False,False,False,False,False,False,2026-09-16
9982,9982.HK,CENTRALCHINA MT,中原建业,4.5,"2,000",Equity,Equity Securities (Main Board),0.097,0.103,0.103,0.096,2478935,0.24,0.1,0.098,-2.61,-1.22,-5.83,-3.0,6.59,0.17,0.38,2.95,0.17,0.38,-37.58,-72.53,-96.51,41.21,74.13,False,False,False,False,False,False,False,False,False,2026-09-16
9983,9983.HK,CC NEW LIFE,建业新生活,3.57,"1,000",Equity,Equity Securities (Main Board),0.275,0.275,0.28,0.27,30000,0.01,0.283,0.289,-2.83,-4.84,-3.51,-1.79,-8.33,0.63,2.4,11.88,0.63,2.4,-55.56,-88.33,-97.64,56.35,88.54,False,False,False,False,False,False,False,False,False,2026-09-16
9985,9985.HK,WL DELICIOUS,卫龙美味,168.3,200,Equity,Equity Securities (Main Board),6.925,6.905,7.065,6.86,1025298,7.1,7.059,7.259,-1.9,-4.61,0.0,-3.82,-6.1,13.46,18.1,18.1,13.46,18.1,-47.51,-60.97,-60.97,48.55,61.74,False,False,False,False,False,False,False,False,False,2026-09-16
9987,9987.HK,YUM CHINA,百胜中国,1121.01,50,Equity,Equity Securities (Main Board),328.6,330.0,339.2,326.8,455588,149.71,331.8,337.36,-0.96,-2.6,-0.79,-2.14,-3.07,451.2,459.8,544.0,451.2,459.8,-24.82,-26.23,-37.65,27.17,28.53,False,False,False,False,False,False,False,False,False,2026-09-16
9988,9988.HK,BABA-W,阿里巴巴－Ｗ,21117.86,100,Equity,Equity Securities (Main Board),106.2,107.7,107.7,106.1,34061794,3617.36,106.74,108.02,-0.51,-1.68,-0.93,-1.21,-3.28,174.2,186.2,309.4,174.2,186.2,-38.17,-42.16,-65.19,39.04,42.96,False,False,False,False,False,False,False,False,False,2026-09-16
9989,9989.HK,HEPALINK,海普瑞,9.06,500,Equity,Equity Securities (Main Board),4.115,4.095,4.12,4.07,112000,0.46,4.189,4.222,-1.77,-2.52,-0.96,-2.6,-5.4,5.67,7.26,19.48,5.67,7.26,-27.34,-43.25,-78.85,27.43,43.32,False,False,False,False,False,False,False,False,False,2026-09-16
9990,9990.HK,ARCHOSAUR GAMES,祖龙娱乐,13.45,"1,000",Equity,Equity Securities (Main Board),1.68,1.63,1.785,1.58,214000,0.36,1.681,1.732,-0.06,-2.97,3.07,-0.59,-3.45,2.88,2.88,28.4,2.88,2.88,-38.02,-38.02,-93.71,41.67,41.67,False,False,False,False,False,False,False,False,False,2026-09-16
9992,9992.HK,POP MART,泡泡玛特,2032.3,200,Equity,Equity Securities (Main Board),152.6,152.8,154.2,151.3,3965846,605.19,152.68,153.88,-0.05,-0.83,0.26,-0.26,-2.24,274.2,339.8,339.8,274.2,339.8,-43.76,-54.62,-54.62,44.35,55.09,False,False,False,False,False,False,False,False,False,2026-09-16
9993,9993.HK,RADIANCE HLDGS,金辉控股,41.26,"1,000",Equity,Equity Securities (Main Board),1.02,1.015,1.035,1.005,21994000,22.43,1.024,1.071,-0.39,-4.76,0.49,-0.97,-5.56,5.26,5.64,5.64,5.26,5.64,-80.32,-81.65,-81.65,80.61,81.91,False,False,False,False,False,False,False,False,False,2026-09-16
9995,9995.HK,REMEGEN,荣昌生物,154.04,500,Equity,Equity Securities (Main Board),73.85,75.5,76.4,72.55,2553924,188.61,74.69,76.86,-1.12,-3.92,-2.12,0.14,-4.4,123.1,126.6,149.8,123.1,126.6,-37.94,-39.65,-49.0,40.01,41.67,False,False,False,False,False,False,False,False,False,2026-09-16
9996,9996.HK,PEIJIA-B,沛嘉医疗－Ｂ,32.63,"1,000",Equity,Equity Securities (Main Board),4.82,4.895,4.97,4.755,707000,3.41,4.842,4.941,-0.45,-2.45,-1.53,1.05,-0.62,7.37,9.36,39.1,7.37,9.36,-32.56,-46.9,-87.29,34.6,48.5,False,False,False,False,False,False,False,False,False,2026-09-16
9998,9998.HK,KWAN YONG,光荣控股,4.04,"5,000",Equity,Equity Securities (Main Board),0.505,0.55,0.56,0.485,5130000,2.59,0.473,0.444,6.77,13.74,-10.62,17.44,18.82,0.6,0.6,1.23,0.6,0.6,-6.67,-6.67,-54.47,15.83,15.83,False,False,False,False,False,False,False,False,False,2026-09-16
9999,9999.HK,NTES,网易,5960.12,100,Equity,Equity Securities (Main Board),186.8,187.1,187.2,182.8,4634708,865.76,184.24,185.24,1.39,0.84,-0.16,2.58,1.97,232.6,248.0,248.0,232.6,248.0,-19.52,-24.52,-24.52,19.69,24.68,False,False,True,True,False,False,False,False,False,2026-09-16
