code,yahoo,name_en,status,rows,latest_date,error
1863,1863.HK,CHI LONGEVITY,error,0,,HTTPError('404 Client Error: Not Found for url: https://query1.finance.yahoo.com/v8/finance/chart/1863.HK?range=10y&interval=1d&includePrePost=false&events=div%2Csplits')
2929,2929.HK,TSINGTAO BR-2K,error,0,,HTTPError('404 Client Error: Not Found for url: https://query1.finance.yahoo.com/v8/finance/chart/2929.HK?range=10y&interval=1d&includePrePost=false&events=div%2Csplits')
2930,2930.HK,ABLE DIGI-100,error,0,,HTTPError('404 Client Error: Not Found for url: https://query1.finance.yahoo.com/v8/finance/chart/2930.HK?range=10y&interval=1d&includePrePost=false&events=div%2Csplits')
4332,4332.HK,AMGEN-T,error,0,,HTTPError('404 Client Error: Not Found for url: https://query1.finance.yahoo.com/v8/finance/chart/4332.HK?range=10y&interval=1d&includePrePost=false&events=div%2Csplits')
4337,4337.HK,STARBUCKS-T,error,0,,HTTPError('404 Client Error: Not Found for url: https://query1.finance.yahoo.com/v8/finance/chart/4337.HK?range=10y&interval=1d&includePrePost=false&events=div%2Csplits')
4338,4338.HK,MICROSOFT-T,error,0,,HTTPError('404 Client Error: Not Found for url: https://query1.finance.yahoo.com/v8/finance/chart/4338.HK?range=10y&interval=1d&includePrePost=false&events=div%2Csplits')
0001,0001.HK,CKH HOLDINGS,ok,2462,2026-09-29,
0002,0002.HK,CLP HOLDINGS,ok,2462,2026-09-29,
0003,0003.HK,HK & CHINA GAS,ok,2462,2026-09-29,
0004,0004.HK,WHARF HOLDINGS,ok,2462,2026-09-29,
0005,0005.HK,HSBC HOLDINGS,ok,2462,2026-09-29,
0006,0006.HK,POWER ASSETS,ok,2462,2026-09-29,
0008,0008.HK,PCCW,ok,2462,2026-09-29,
0010,0010.HK,HANG LUNG GROUP,ok,2462,2026-09-29,
0012,0012.HK,HENDERSON LAND,ok,2462,2026-09-29,
0013,0013.HK,HUTCHMED,ok,1291,2026-09-29,
0014,0014.HK,HYSAN DEV,ok,2462,2026-09-29,
0016,0016.HK,SHK PPT,ok,2462,2026-09-29,
0017,0017.HK,NEW WORLD DEV,ok,2462,2026-09-29,
0018,0018.HK,ORIENTAL M G,ok,2462,2026-09-29,
0019,0019.HK,SWIRE PACIFIC A,ok,2462,2026-09-29,
0020,0020.HK,SENSETIME-W,ok,1166,2026-09-29,
0021,0021.HK,GREAT CHI HLDGS,ok,2462,2026-09-29,
0022,0022.HK,MEXAN,ok,2462,2026-09-29,
0023,0023.HK,BANK OF E ASIA,ok,2462,2026-09-29,
0025,0025.HK,CHEVALIER INT'L,ok,2461,2026-09-28,
0026,0026.HK,CHINA MOTOR BUS,ok,2461,2026-09-28,
0027,0027.HK,GALAXY ENT,ok,2462,2026-09-29,
0028,0028.HK,TIAN AN,ok,2461,2026-09-28,
0029,0029.HK,DYNAMIC HOLD,ok,2462,2026-09-29,
0030,0030.HK,YNBY INTL,ok,2461,2026-09-28,
0031,0031.HK,CHINA AEROSPACE,ok,2462,2026-09-29,
0032,0032.HK,CROSS-HAR(HOLD),ok,2462,2026-09-29,
0033,0033.HK,INTL GENIUS,ok,2461,2026-09-28,
0034,0034.HK,KOWLOON DEV,ok,2462,2026-09-29,
0035,0035.HK,FE CONSORT INTL,ok,2462,2026-09-29,
0036,0036.HK,FE HLDGS INTL,ok,2461,2026-09-28,
0037,0037.HK,FE HOTELS,ok,2462,2026-09-29,
0038,0038.HK,FIRST TRACTOR,ok,2462,2026-09-29,
0039,0039.HK,CH BEIDAHUANG,ok,2461,2026-09-28,
0040,0040.HK,GOLD PEAK,ok,2462,2026-09-29,
0041,0041.HK,GREAT EAGLE H,ok,2462,2026-09-29,
0042,0042.HK,NE ELECTRIC,ok,2462,2026-09-29,
0045,0045.HK,HK&S HOTELS,ok,2462,2026-09-29,
0048,0048.HK,C AUTO INT DECO,ok,2461,2026-09-28,
0050,0050.HK,HK FERRY (HOLD),ok,2462,2026-09-29,
0051,0051.HK,HARBOUR CENTRE,ok,2462,2026-09-29,
0052,0052.HK,FAIRWOOD HOLD,ok,2462,2026-09-29,
0053,0053.HK,GUOCO GROUP,ok,2462,2026-09-29,
0055,0055.HK,NEWAY GROUP,ok,2461,2026-09-28,
0057,0057.HK,CHEN HSONG HOLD,ok,2462,2026-09-29,
0058,0058.HK,SUNWAY INT'L,ok,2462,2026-09-29,
0059,0059.HK,SKYFAME REALTY,ok,2461,2026-09-28,
0060,0060.HK,HK FOOD INV,ok,2461,2026-09-28,
0061,0061.HK,GREEN LEADER,ok,2462,2026-09-29,
0062,0062.HK,TRANSPORT INT'L,ok,2462,2026-09-29,
0063,0063.HK,CHI ASIA VALLEY,ok,2461,2026-09-28,
0064,0064.HK,GET NICE,ok,2462,2026-09-29,
0065,0065.HK,GRAND OCEAN AR,ok,2462,2026-09-29,
0066,0066.HK,MTR CORPORATION,ok,2462,2026-09-29,
0068,0068.HK,MANYCORE TECH,ok,114,2026-09-29,
0069,0069.HK,SHANGRI-LA ASIA,ok,2462,2026-09-29,
0070,0070.HK,RICH GOLDMAN,ok,2462,2026-09-29,
0071,0071.HK,MIRAMAR HOTEL,ok,2462,2026-09-29,
0072,0072.HK,META MEDIA,ok,2461,2026-09-28,
0073,0073.HK,ASIAN CITRUS,ok,2462,2026-09-29,
0075,0075.HK,Y.T. REALTY,ok,2462,2026-09-29,
0076,0076.HK,ELATE HOLDINGS,ok,2461,2026-09-28,
0077,0077.HK,AMS TRANSPORT,ok,2461,2026-09-28,
0078,0078.HK,REGAL INT'L,ok,2462,2026-09-29,
0079,0079.HK,CENTURY LEGEND,ok,2462,2026-09-29,
0080,0080.HK,CAI CORP,ok,2462,2026-09-29,
0081,0081.HK,CH OVS G OCEANS,ok,2462,2026-09-29,
0082,0082.HK,CRAZY SPORTS,ok,2462,2026-09-29,
0083,0083.HK,SINO LAND,ok,2462,2026-09-29,
0084,0084.HK,STELUX HOLDINGS,ok,2462,2026-09-29,
0085,0085.HK,CE HUADA TECH,ok,2462,2026-09-29,
0086,0086.HK,SUN HUNG KAI CO,ok,2462,2026-09-29,
0087,0087.HK,SWIRE PACIFIC B,ok,2462,2026-09-29,
0088,0088.HK,TAI CHEUNG HOLD,ok,2462,2026-09-29,
0089,0089.HK,TAI SANG LAND,ok,2462,2026-09-29,
0090,0090.HK,PUXING ENERGY,ok,2462,2026-09-29,
0092,0092.HK,CHAMPION TECH,ok,2462,2026-09-29,
0093,0093.HK,ZERO FINTECH,ok,2462,2026-09-29,
0094,0094.HK,GREENHEART GP,ok,2462,2026-09-29,
0095,0095.HK,LVGEM CHINA,ok,2462,2026-09-29,
0096,0096.HK,YUSEI,ok,2461,2026-09-28,
0097,0097.HK,HENDERSON INV,ok,2462,2026-09-29,
0098,0098.HK,XINGFA ALUM,ok,2462,2026-09-29,
0099,0099.HK,WONG'S INT'L,ok,2461,2026-09-28,
0100,0100.HK,MINIMAX-W,ok,178,2026-09-29,
0101,0101.HK,HANG LUNG PPT,ok,2462,2026-09-29,
0103,0103.HK,SHOUGANG CENT,ok,2462,2026-09-29,
0104,0104.HK,ASIA COMM HOLD,ok,2462,2026-09-29,
0105,0105.HK,ASSO INT HOTELS,ok,2461,2026-09-28,
0106,0106.HK,LANDSEA MGMT,ok,2461,2026-09-28,
0107,0107.HK,SICHUAN EXPRESS,ok,2462,2026-09-29,
0108,0108.HK,SR MEDICAL,ok,2462,2026-09-29,
0110,0110.HK,CHINA FORTUNE,ok,2462,2026-09-29,
0111,0111.HK,CINDA INTL HLDG,ok,2461,2026-09-28,
0113,0113.HK,DICKSON CONCEPT,ok,2462,2026-09-29,
0114,0114.HK,HERALD HOLD,ok,2462,2026-09-29,
0115,0115.HK,GRAND FIELD GP,ok,2461,2026-09-28,
0116,0116.HK,CHOW SANG SANG,ok,2462,2026-09-29,
0117,0117.HK,TIANLI HOLDINGS,ok,2462,2026-09-29,
0118,0118.HK,COSMOS MACH,ok,2462,2026-09-29,
0119,0119.HK,POLY PROPERTY,ok,2462,2026-09-29,
0120,0120.HK,COSMOPOL INT'L,ok,2462,2026-09-29,
0122,0122.HK,CROCODILE,ok,2461,2026-09-28,
0123,0123.HK,YUEXIU PROPERTY,ok,2462,2026-09-29,
0124,0124.HK,GD LAND,ok,2462,2026-09-29,
0125,0125.HK,SUN HING VISION,ok,2462,2026-09-29,
0126,0126.HK,CARRIANNA,ok,2462,2026-09-29,
0127,0127.HK,CHINESE EST H,ok,2462,2026-09-29,
0128,0128.HK,ENM HOLDINGS,ok,2313,2026-09-29,
0129,0129.HK,ASIA STANDARD,ok,2461,2026-09-28,
0130,0130.HK,MOISELLE INT'L,ok,2461,2026-09-28,
0131,0131.HK,CHEUK NANG HOLD,ok,2461,2026-09-28,
0132,0132.HK,HING YIP HLDGS,ok,2462,2026-09-29,
0133,0133.HK,CHINA MERCHANTS,ok,2462,2026-09-29,
0135,0135.HK,KUNLUN ENERGY,ok,2462,2026-09-29,
0136,0136.HK,CHINA RUYI,ok,2462,2026-09-29,
0137,0137.HK,JINHUI HOLDINGS,ok,2461,2026-09-28,
0138,0138.HK,CCT FORTIS,ok,2462,2026-09-29,
0139,0139.HK,SMART FISH,ok,2462,2026-09-29,
0142,0142.HK,FIRST PACIFIC,ok,2462,2026-09-29,
0144,0144.HK,CHINA MER PORT,ok,2462,2026-09-29,
0145,0145.HK,CCIAM FUTURE EN,ok,2462,2026-09-29,
0146,0146.HK,TAI PING CARPET,ok,2462,2026-09-29,
0147,0147.HK,IB SETTLEMENT,ok,2462,2026-09-29,
0148,0148.HK,KINGBOARD HLDG,ok,2462,2026-09-29,
0149,0149.HK,CH AGRI-PROD EX,ok,2461,2026-09-28,
0150,0150.HK,HYPEBEAST,ok,2462,2026-09-29,
0151,0151.HK,WANT WANT CHINA,ok,2462,2026-09-29,
0152,0152.HK,SHENZHEN INT'L,ok,2462,2026-09-29,
0154,0154.HK,BE ENVIRONMENT,ok,2462,2026-09-29,
0156,0156.HK,LIPPO CHINA RES,ok,2462,2026-09-29,
0157,0157.HK,NATURAL BEAUTY,ok,2461,2026-09-28,
0158,0158.HK,MELBOURNE ENT,ok,2461,2026-09-28,
0159,0159.HK,BROCKMAN MINING,ok,2461,2026-09-28,
0160,0160.HK,HON KWOK LAND,ok,2462,2026-09-29,
0162,0162.HK,CENTURY GINWA,ok,2461,2026-09-28,
0163,0163.HK,EMPEROR INT'L,ok,2462,2026-09-29,
0164,0164.HK,CHINA BAOLI TEC,ok,2462,2026-09-29,
0165,0165.HK,CHINA EB LTD,ok,2462,2026-09-29,
0166,0166.HK,NEW TIMES CORP,ok,2462,2026-09-29,
0167,0167.HK,IDT INT'L,ok,2462,2026-09-29,
0168,0168.HK,TSINGTAO BR-500,ok,2462,2026-09-29,
0169,0169.HK,WANDA HOTEL DEV,ok,2461,2026-09-28,
0171,0171.HK,SILVER GRANT,ok,2461,2026-09-28,
0173,0173.HK,K. WAH INT'L,ok,2462,2026-09-29,
0174,0174.HK,GEMINI INV,ok,2462,2026-09-29,
0175,0175.HK,GEELY AUTO,ok,2462,2026-09-29,
0176,0176.HK,SUPERACTIVE GP,ok,2461,2026-09-28,
0177,0177.HK,JIANGSU EXPRESS,ok,2462,2026-09-29,
0178,0178.HK,SA SA INT'L,ok,2462,2026-09-29,
0179,0179.HK,JOHNSON ELEC H,ok,2462,2026-09-29,
0180,0180.HK,KADER HOLDINGS,ok,2461,2026-09-28,
0181,0181.HK,FUJIAN HOLDINGS,ok,2462,2026-09-29,
0182,0182.HK,CONCORD NE,ok,2462,2026-09-29,
0183,0183.HK,WINFULL GP,ok,2461,2026-09-28,
0184,0184.HK,KECK SENG INV,ok,2462,2026-09-29,
0185,0185.HK,ZENSUN ENT,ok,2461,2026-09-28,
0186,0186.HK,NIMBLE HOLDINGS,ok,2461,2026-09-28,
0187,0187.HK,JINGCHENG MAC,ok,2462,2026-09-29,
0188,0188.HK,SUNWAH KINGSWAY,ok,2461,2026-09-28,
0189,0189.HK,DONGYUE GROUP,ok,2462,2026-09-29,
0191,0191.HK,LAI SUN INT'L,ok,2462,2026-09-29,
0193,0193.HK,CAPITAL ESTATE,ok,2462,2026-09-29,
0194,0194.HK,LIU CHONG HING,ok,2461,2026-09-28,
0196,0196.HK,HONGHUA GROUP,ok,2462,2026-09-29,
0197,0197.HK,HENG TAI,ok,2462,2026-09-29,
0199,0199.HK,ITC NEOCLOUD,ok,2462,2026-09-29,
0200,0200.HK,MELCO INT'L DEV,ok,2462,2026-09-29,
0201,0201.HK,MAGNIFICENT,ok,2462,2026-09-29,
0202,0202.HK,EVERCHINA INT'L,ok,2461,2026-09-28,
0204,0204.HK,CAPITAL REALM,ok,2461,2026-09-28,
0205,0205.HK,BFB HEALTH,ok,2462,2026-09-29,
0206,0206.HK,CM-ENERGY,ok,2462,2026-09-29,
0209,0209.HK,POLY XVERSE IT,ok,2462,2026-09-29,
0210,0210.HK,DAPHNE INT'L,ok,2462,2026-09-29,
0211,0211.HK,STYLAND HOLD,ok,2462,2026-09-29,
0212,0212.HK,NANYANG HOLD,ok,2461,2026-09-28,
0213,0213.HK,NATIONAL ELEC H,ok,2462,2026-09-29,
0214,0214.HK,ASIA ORIENT,ok,2461,2026-09-28,
0215,0215.HK,HUTCHTEL HK,ok,2462,2026-09-29,
0216,0216.HK,CHINNEY INV,ok,2461,2026-09-28,
0217,0217.HK,CHINA CHENGTONG,ok,2462,2026-09-29,
0218,0218.HK,SWHYHK,ok,2462,2026-09-29,
0219,0219.HK,SHUNHO PROPERTY,ok,2461,2026-09-28,
0220,0220.HK,U-PRESID CHINA,ok,2462,2026-09-29,
0222,0222.HK,MIN XIN HOLD,ok,2462,2026-09-29,
0223,0223.HK,ELIFE HLDGS,ok,2462,2026-09-29,
0224,0224.HK,PIONEER GLOBAL,ok,2461,2026-09-28,
0225,0225.HK,POKFULAM,ok,2461,2026-09-28,
0227,0227.HK,FIRST SHANGHAI,ok,2462,2026-09-29,
0228,0228.HK,CHINA ENERGY,ok,2462,2026-09-29,
0229,0229.HK,RAYMOND IND,ok,2462,2026-09-29,
0232,0232.HK,CON AERO TECH,ok,2461,2026-09-28,
0234,0234.HK,NEW CENTURY GP,ok,2462,2026-09-29,
0235,0235.HK,CSC HOLDINGS,ok,2462,2026-09-29,
0236,0236.HK,SAN MIGUEL HK,ok,2461,2026-09-28,
0237,0237.HK,SAFETY GODOWN,ok,2461,2026-09-28,
0239,0239.HK,PAK FAH YEOW,ok,2461,2026-09-28,
0240,0240.HK,BUILD KING HOLD,ok,2462,2026-09-29,
0241,0241.HK,ALI HEALTH,ok,2462,2026-09-29,
0242,0242.HK,SHUN TAK HOLD,ok,2462,2026-09-29,
0243,0243.HK,QPL INT'L,ok,2462,2026-09-29,
0244,0244.HK,SINCERE,ok,2461,2026-09-28,
0245,0245.HK,CHINA VERED FIN,ok,2462,2026-09-29,
0247,0247.HK,TST PROPERTIES,ok,2461,2026-09-28,
0248,0248.HK,HKC INT'L HOLD,ok,2461,2026-09-28,
0251,0251.HK,SEA HOLDINGS,ok,2462,2026-09-29,
0252,0252.HK,SE ASIA PPT,ok,2461,2026-09-28,
0253,0253.HK,SHUNHO HOLDINGS,ok,2462,2026-09-29,
0254,0254.HK,NUR HOLDINGS,ok,2462,2026-09-29,
0255,0255.HK,LUNG KEE,ok,2462,2026-09-29,
0256,0256.HK,CITYCHAMP,ok,2462,2026-09-29,
0257,0257.HK,EB ENVIRONMENT,ok,2462,2026-09-29,
0258,0258.HK,TOMSON GROUP,ok,2462,2026-09-29,
0259,0259.HK,YEEBO (INT'L H),ok,2462,2026-09-29,
0261,0261.HK,GBA HOLDINGS,ok,2462,2026-09-29,
0262,0262.HK,DESON DEV INT'L,ok,2461,2026-09-28,
0264,0264.HK,CN INT DEV CORP,ok,2462,2026-09-29,
0265,0265.HK,GANGYU SERVICES,ok,2461,2026-09-28,
0266,0266.HK,TIAN TECK LAND,ok,2462,2026-09-29,
0267,0267.HK,CITIC,ok,2462,2026-09-29,
0268,0268.HK,KINGDEE INT'L,ok,2462,2026-09-29,
0269,0269.HK,CRTG,ok,2461,2026-09-28,
0270,0270.HK,GUANGDONG INV,ok,2462,2026-09-29,
0271,0271.HK,ASIASEC PPT,ok,2462,2026-09-29,
0272,0272.HK,SHUI ON LAND,ok,2462,2026-09-29,
0274,0274.HK,RA SILK ROAD,ok,2461,2026-09-28,
0276,0276.HK,MONGOLIA ENERGY,ok,2462,2026-09-29,
0277,0277.HK,TERN PROPERTIES,ok,2461,2026-09-28,
0279,0279.HK,ARTA TECHFIN,ok,2462,2026-09-29,
0280,0280.HK,KING FOOK HOLD,ok,2462,2026-09-29,
0285,0285.HK,BYD ELECTRONIC,ok,2462,2026-09-29,
0286,0286.HK,AIDIGONG,ok,2461,2026-09-28,
0287,0287.HK,WINFAIR INV,ok,2461,2026-09-28,
0288,0288.HK,WH GROUP,ok,2462,2026-09-29,
0289,0289.HK,WING ON CO,ok,2462,2026-09-29,
0290,0290.HK,GOFINTECH QUANT,ok,2462,2026-09-29,
0291,0291.HK,CHINA RES BEER,ok,2462,2026-09-29,
0293,0293.HK,CATHAY PAC AIR,ok,2462,2026-09-29,
0294,0294.HK,YANGTZEKIANG,ok,2462,2026-09-29,
0295,0295.HK,KONG SUN HOLD,ok,2461,2026-09-28,
0296,0296.HK,EMPEROR E HOTEL,ok,2462,2026-09-29,
0297,0297.HK,SINOFERT,ok,2462,2026-09-29,
0298,0298.HK,CHUANG'S CHINA,ok,2461,2026-09-28,
0299,0299.HK,GLORY SUN LAND,ok,2461,2026-09-28,
0300,0300.HK,MIDEA GROUP,ok,492,2026-09-29,
0301,0301.HK,SANVO CHEMICALS,ok,1649,2026-09-29,
0302,0302.HK,CMGE,ok,1701,2026-09-29,
0303,0303.HK,VTECH HOLDINGS,ok,2462,2026-09-29,
0305,0305.HK,WULING MOTORS,ok,2462,2026-09-29,
0306,0306.HK,KWOON CHUNG BUS,ok,2462,2026-09-29,
0308,0308.HK,CHINA TRAVEL HK,ok,2462,2026-09-29,
0309,0309.HK,XH NEWS MEDIA,ok,2461,2026-09-28,
0310,0310.HK,PROSP INV HOLD,ok,2461,2026-09-28,
0311,0311.HK,LUEN THAI,ok,2461,2026-09-28,
0312,0312.HK,SHIRBLE STORE,ok,2462,2026-09-29,
0313,0313.HK,RICHLY FIELD,ok,2461,2026-09-28,
0314,0314.HK,SIPAI HEALTH,ok,921,2026-09-29,
0315,0315.HK,SMARTONE TELE,ok,2462,2026-09-29,
0316,0316.HK,OOIL,ok,2462,2026-09-29,
0317,0317.HK,COMEC,ok,2462,2026-09-29,
0318,0318.HK,VONGROUP,ok,2461,2026-09-28,
0320,0320.HK,CTGL,ok,2461,2026-09-28,
0321,0321.HK,TEXWINCA HOLD,ok,2462,2026-09-29,
0322,0322.HK,TINGYI,ok,2462,2026-09-29,
0323,0323.HK,MAANSHAN IRON,ok,2462,2026-09-29,
0325,0325.HK,BLOKS,ok,423,2026-09-29,
0326,0326.HK,CHINA STAR ENT,ok,2462,2026-09-29,
0327,0327.HK,PAX GLOBAL,ok,2462,2026-09-29,
0328,0328.HK,ALCO HOLDINGS,ok,2462,2026-09-29,
0329,0329.HK,OCI INTL,ok,2461,2026-09-28,
0330,0330.HK,ESPRIT HOLDINGS,ok,2462,2026-09-29,
0331,0331.HK,FSE LIFESTYLE,ok,2462,2026-09-29,
0332,0332.HK,YUANHENG GAS,ok,2462,2026-09-29,
0333,0333.HK,TOP FORM INT'L,ok,2461,2026-09-28,
0334,0334.HK,CH DISPLAY OPT,ok,2462,2026-09-29,
0335,0335.HK,UPBEST GROUP,ok,2461,2026-09-28,
0336,0336.HK,HUABAO INTL,ok,2462,2026-09-29,
0337,0337.HK,GREENLAND HK,ok,2462,2026-09-29,
0338,0338.HK,SHANGHAI PECHEM,ok,2462,2026-09-29,
0339,0339.HK,WEBX HOLDING,ok,2462,2026-09-29,
0340,0340.HK,TONGGUAN GOLD,ok,2462,2026-09-29,
0341,0341.HK,CAFE DE CORAL H,ok,2462,2026-09-29,
0343,0343.HK,CULTURECOM HOLD,ok,2462,2026-09-29,
0345,0345.HK,VITASOY INT'L,ok,2462,2026-09-29,
0346,0346.HK,YANCHANG PETRO,ok,2462,2026-09-29,
0347,0347.HK,ANGANG STEEL,ok,2462,2026-09-29,
0348,0348.HK,CHINAHEALTHWISE,ok,2460,2026-09-28,
0351,0351.HK,ASIA ENERGY LOG,ok,2462,2026-09-29,
0352,0352.HK,FORTUNE SUN,ok,2461,2026-09-28,
0353,0353.HK,ENERGY INTINV,ok,2462,2026-09-29,
0354,0354.HK,CHINASOFT INT'L,ok,2462,2026-09-29,
0355,0355.HK,CENTURY C INT'L,ok,2462,2026-09-29,
0356,0356.HK,DT CAPITAL,ok,2462,2026-09-29,
0357,0357.HK,MEILAN AIRPORT,ok,2462,2026-09-29,
0358,0358.HK,JIANGXI COPPER,ok,2462,2026-09-29,
0360,0360.HK,NEW FOCUS AUTO,ok,2462,2026-09-29,
0361,0361.HK,HANFORT DEV H,ok,2462,2026-09-29,
0362,0362.HK,C ZENITH CHEM,ok,2461,2026-09-28,
0363,0363.HK,SHANGHAI IND H,ok,2462,2026-09-29,
0365,0365.HK,SINO ICT,ok,2462,2026-09-29,
0366,0366.HK,LUKS GROUP (VN),ok,2462,2026-09-29,
0367,0367.HK,CHUANG'S INT'L,ok,2462,2026-09-29,
0368,0368.HK,SUPERLAND GROUP,ok,1526,2026-09-29,
0369,0369.HK,WING TAI PPT,ok,2462,2026-09-29,
0370,0370.HK,HK ROBOTICS,ok,2462,2026-09-29,
0371,0371.HK,BJ ENT WATER,ok,2462,2026-09-29,
0372,0372.HK,PT INTL DEV,ok,2462,2026-09-29,
0373,0373.HK,ALLIED GROUP,ok,2462,2026-09-29,
0374,0374.HK,FOUR SEAS MER,ok,2461,2026-09-28,
0375,0375.HK,YGM TRADING,ok,2462,2026-09-29,
0376,0376.HK,YUNFENG FIN,ok,2462,2026-09-29,
0377,0377.HK,CHINA HUAJUN GP,ok,2462,2026-09-29,
0379,0379.HK,EG LEASING,ok,2462,2026-09-29,
0380,0380.HK,CHINA PIPE,ok,2462,2026-09-29,
0381,0381.HK,AOM INT'L,ok,2462,2026-09-29,
0382,0382.HK,EDVANTAGE GROUP,ok,1776,2026-09-29,
0383,0383.HK,TIANAN MEDICARE,ok,2461,2026-09-28,
0384,0384.HK,CHINA GAS HOLD,ok,2462,2026-09-29,
0385,0385.HK,CHINNEY ALLI,ok,2462,2026-09-29,
0386,0386.HK,SINOPEC CORP,ok,2462,2026-09-29,
0387,0387.HK,LEEPORT(HOLD),ok,2461,2026-09-28,
0388,0388.HK,HKEX,ok,2462,2026-09-29,
0389,0389.HK,TONTINE WINES,ok,2462,2026-09-29,
0390,0390.HK,CHINA RAILWAY,ok,2462,2026-09-29,
0391,0391.HK,MEI AH ENTER,ok,2462,2026-09-29,
0392,0392.HK,BEIJING ENT,ok,2462,2026-09-29,
0393,0393.HK,GLORIOUS SUN,ok,2462,2026-09-29,
0396,0396.HK,HING LEE (HK),ok,2462,2026-09-29,
0397,0397.HK,MINERVA GROUP,ok,2462,2026-09-29,
0398,0398.HK,ORIENTAL WATCH,ok,2462,2026-09-29,
0399,0399.HK,STARCOIN GROUP,ok,2461,2026-09-28,
0400,0400.HK,INGDAN,ok,2462,2026-09-29,
0401,0401.HK,WANJIA GROUP,ok,2462,2026-09-29,
0403,0403.HK,STARLITE HOLD,ok,2462,2026-09-29,
0406,0406.HK,YAU LEE HOLD,ok,2461,2026-09-28,
0408,0408.HK,YIP'S CHEMICAL,ok,2462,2026-09-29,
0410,0410.HK,SOHO CHINA,ok,2462,2026-09-29,
0411,0411.HK,LAM SOON (HK),ok,2461,2026-09-28,
0412,0412.HK,SDHG,ok,2462,2026-09-29,
0413,0413.HK,SC HOLDINGS,ok,2461,2026-09-28,
0417,0417.HK,TSE SUI LUEN,ok,2462,2026-09-29,
0418,0418.HK,FOUNDER HOLD,ok,2462,2026-09-29,
0419,0419.HK,HONY MEDIA,ok,2462,2026-09-29,
0420,0420.HK,FOUNTAIN SET,ok,2462,2026-09-29,
0422,0422.HK,VMEP HOLDINGS,ok,2462,2026-09-29,
0423,0423.HK,HKET HOLDINGS,ok,2461,2026-09-28,
0425,0425.HK,MINTH GROUP,ok,2462,2026-09-29,
0426,0426.HK,ONE MEDIA GROUP,ok,2462,2026-09-29,
0428,0428.HK,COCOON HOLDINGS,ok,2462,2026-09-29,
0430,0430.HK,ORIENTAL EXPL,ok,2461,2026-09-28,
0432,0432.HK,PCPD,ok,2462,2026-09-29,
0433,0433.HK,NORTH MINING,ok,2462,2026-09-29,
0434,0434.HK,BOYAA,ok,2462,2026-09-29,
0436,0436.HK,NU ENVIRO,ok,2462,2026-09-29,
0438,0438.HK,IRICO NEWENERGY,ok,2461,2026-09-28,
0439,0439.HK,GENESIS SCALE,ok,2462,2026-09-29,
0440,0440.HK,DAH SING,ok,2462,2026-09-29,
0442,0442.HK,DOMAINE POWER,ok,2461,2026-09-28,
0444,0444.HK,SINCEREWATCH HK,ok,2461,2026-09-28,
0450,0450.HK,HUNG HING PRINT,ok,2462,2026-09-29,
0451,0451.HK,DYNASTY DIGITAL,ok,2462,2026-09-29,
0455,0455.HK,TIANDA PHARMA,ok,2462,2026-09-29,
0456,0456.HK,NEW CITY DEV,ok,2462,2026-09-29,
0458,0458.HK,TRISTATE HOLD,ok,2461,2026-09-28,
0460,0460.HK,SIHUAN PHARM,ok,2462,2026-09-29,
0464,0464.HK,CHINA IN-TECH,ok,2462,2026-09-29,
0465,0465.HK,FUTONG TECH,ok,2462,2026-09-29,
0467,0467.HK,UNITEDENERGY GP,ok,2462,2026-09-29,
0468,0468.HK,GAPACK,ok,2461,2026-09-28,
0470,0470.HK,WUXI LEAD,ok,155,2026-09-29,
0471,0471.HK,SILKWAVE INC,ok,2462,2026-09-29,
0472,0472.HK,NEW SILKROAD,ok,2462,2026-09-29,
0474,0474.HK,ACESO LIFE SCI,ok,2462,2026-09-29,
0475,0475.HK,CENTRAL DEV H,ok,2461,2026-09-28,
0476,0476.HK,EV DYNAMICS,ok,2462,2026-09-29,
0480,0480.HK,HKR INT'L,ok,2462,2026-09-29,
0482,0482.HK,SANDMARTIN INTL,ok,2461,2026-09-28,
0483,0483.HK,BAUHAUS INT'L,ok,2461,2026-09-28,
0484,0484.HK,FORGAME,ok,2461,2026-09-28,
0485,0485.HK,CHINASINOSTAR,ok,2461,2026-09-28,
0486,0486.HK,RUSAL,ok,2462,2026-09-29,
0487,0487.HK,SUCCESSUNIVERSE,ok,2461,2026-09-28,
0488,0488.HK,LAI SUN DEV,ok,2462,2026-09-29,
0491,0491.HK,EMPEROR CULTURE,ok,2462,2026-09-29,
0493,0493.HK,GOME RETAIL,ok,2462,2026-09-29,
0496,0496.HK,KASEN,ok,2461,2026-09-28,
0497,0497.HK,CSI PROPERTIES,ok,2462,2026-09-29,
0498,0498.HK,BLUE RIVER HLDG,ok,2461,2026-09-28,
0499,0499.HK,QINGDAO HLDGS,ok,2461,2026-09-28,
0500,0500.HK,FRONTIER SER,ok,2462,2026-09-29,
0501,0501.HK,OMNIVISION,ok,1,2026-09-29,
0505,0505.HK,XINGYE ALLOY,ok,2462,2026-09-29,
0506,0506.HK,CHINA FOODS,ok,2462,2026-09-29,
0508,0508.HK,DINGYI GP INV,ok,2462,2026-09-29,
0509,0509.HK,SUNSHINE,ok,2461,2026-09-28,
0510,0510.HK,CASH FIN SER GP,ok,2462,2026-09-29,
0511,0511.HK,TVB,ok,2462,2026-09-29,
0512,0512.HK,GRAND PHARMA,ok,2462,2026-09-29,
0513,0513.HK,CONTINENTAL H,ok,2462,2026-09-29,
0515,0515.HK,CHINASILVER TEC,ok,2461,2026-09-28,
0517,0517.HK,COSCO SHIP INTL,ok,2462,2026-09-29,
0518,0518.HK,TUNGTEX (HOLD),ok,2461,2026-09-28,
0519,0519.HK,NOVAUTEK,ok,2462,2026-09-29,
0520,0520.HK,XIABUXIABU,ok,2462,2026-09-29,
0521,0521.HK,CWT INT'L,ok,2462,2026-09-29,
0522,0522.HK,ASMPT,ok,2462,2026-09-29,
0524,0524.HK,GW TERROIR,ok,2462,2026-09-29,
0525,0525.HK,GUANGSHEN RAIL,ok,2462,2026-09-29,
0526,0526.HK,LISI GP HOLD,ok,2462,2026-09-29,
0527,0527.HK,RF GREEN EN AI,ok,2462,2026-09-29,
0528,0528.HK,KINGDOM HOLDING,ok,2462,2026-09-29,
0529,0529.HK,SIS INT'L,ok,2461,2026-09-28,
0532,0532.HK,WKK INTL (HOLD),ok,2462,2026-09-29,
0533,0533.HK,GOLDLION HOLD,ok,2460,2026-09-29,
0535,0535.HK,GEMDALE PPT,ok,2462,2026-09-29,
0536,0536.HK,TRADELINK,ok,2462,2026-09-29,
0537,0537.HK,RIGOL,ok,59,2026-09-29,
0538,0538.HK,AJISEN (CHINA),ok,2462,2026-09-29,
0540,0540.HK,SPEEDY GLOBAL,ok,2461,2026-09-28,
0542,0542.HK,CN CULTURAL T&A,ok,2461,2026-09-28,
0543,0543.HK,PACIFIC ONLINE,ok,2461,2026-09-28,
0544,0544.HK,DAIDO GROUP,ok,2461,2026-09-28,
0546,0546.HK,FUFENG GROUP,ok,2462,2026-09-29,
0547,0547.HK,DIGITAL DOMAIN,ok,2462,2026-09-29,
0548,0548.HK,SHENZHENEXPRESS,ok,2462,2026-09-29,
0550,0550.HK,ALLEGRO CULTURE,ok,2462,2026-09-29,
0551,0551.HK,YUE YUEN IND,ok,2462,2026-09-29,
0552,0552.HK,CHINACOMSERVICE,ok,2462,2026-09-29,
0553,0553.HK,NANJING PANDA,ok,2462,2026-09-29,
0554,0554.HK,HANS GP HLDGS,ok,2461,2026-09-28,
0556,0556.HK,PAN ASIA ENVIRO,ok,2462,2026-09-29,
0557,0557.HK,TIANYUAN HEALTH,ok,2461,2026-09-28,
0558,0558.HK,LK TECH,ok,2462,2026-09-29,
0559,0559.HK,DETAI NEWENERGY,ok,2461,2026-09-28,
0560,0560.HK,CHU KONG SHIP,ok,2462,2026-09-29,
0563,0563.HK,SH IND URBAN,ok,2462,2026-09-29,
0564,0564.HK,ZCZL,ok,2462,2026-09-29,
0565,0565.HK,ART GROUP HOLD,ok,2462,2026-09-29,
0567,0567.HK,JSMART TECH,ok,2462,2026-09-29,
0568,0568.HK,SHANDONG MOLONG,ok,2462,2026-09-29,
0570,0570.HK,TRAD CHI MED,ok,2462,2026-09-29,
0571,0571.HK,ESUN HOLDINGS,ok,2462,2026-09-29,
0572,0572.HK,FW HOLDINGS,ok,2461,2026-09-28,
0573,0573.HK,TAO HEUNG HLDGS,ok,2462,2026-09-29,
0574,0574.HK,PASHUN INT'L,ok,2461,2026-09-28,
0575,0575.HK,REGENT PACIFIC,ok,2462,2026-09-29,
0576,0576.HK,ZHEJIANGEXPRESS,ok,2462,2026-09-29,
0579,0579.HK,JNCEC,ok,2462,2026-09-29,
0580,0580.HK,SUN.KING TECH,ok,2462,2026-09-29,
0581,0581.HK,CHINA ORIENTAL,ok,2462,2026-09-29,
0582,0582.HK,SHIN HWA WORLD,ok,2461,2026-09-28,
0583,0583.HK,GWPA HOLDINGS,ok,2462,2026-09-29,
0585,0585.HK,IMAGI INT'L,ok,2462,2026-09-29,
0586,0586.HK,CONCH VENTURE,ok,2462,2026-09-29,
0587,0587.HK,CONCH ENVIRO,ok,1105,2026-09-29,
0588,0588.HK,BEIJING N STAR,ok,2462,2026-09-29,
0590,0590.HK,LUK FOOK HOLD,ok,2462,2026-09-29,
0591,0591.HK,C HIGHPRECISION,ok,2462,2026-09-29,
0595,0595.HK,AV CONCEPT HOLD,ok,2462,2026-09-29,
0596,0596.HK,INSPUR DIGI ENT,ok,2462,2026-09-29,
0598,0598.HK,SINOTRANS,ok,2462,2026-09-29,
0599,0599.HK,E. BON HOLDINGS,ok,2461,2026-09-28,
0600,0600.HK,AXERA,ok,156,2026-09-29,
0601,0601.HK,REMT,ok,2462,2026-09-29,
0602,0602.HK,JIAHUA STORES H,ok,2461,2026-09-28,
0603,0603.HK,CHINA OIL & GAS,ok,2462,2026-09-29,
0604,0604.HK,SHENZHEN INVEST,ok,2462,2026-09-29,
0605,0605.HK,C FIN SERVICES,ok,2462,2026-09-29,
0606,0606.HK,SCE CM,ok,1289,2026-09-28,
0607,0607.HK,FULLSHARE,ok,2461,2026-09-29,
0608,0608.HK,HIGH FASHION,ok,2462,2026-09-29,
0609,0609.HK,TIANDE CHEMICAL,ok,2461,2026-09-28,
0610,0610.HK,WAI KEE HOLD,ok,2462,2026-09-29,
0611,0611.HK,CNE TECH CORP,ok,2462,2026-09-29,
0612,0612.HK,CARMEN CENTURY,ok,2461,2026-09-28,
0613,0613.HK,PLANETREE INT'L,ok,2462,2026-09-29,
0616,0616.HK,ASSET CHAIN,ok,2462,2026-09-29,
0617,0617.HK,PALIBURG HOLD,ok,2461,2026-09-28,
0618,0618.HK,PKU RESOURCES,ok,2462,2026-09-29,
0619,0619.HK,SOUTH CHINA FIN,ok,2461,2026-09-28,
0620,0620.HK,DTXS SILK ROAD,ok,2462,2026-09-29,
0621,0621.HK,TAUNG GOLD,ok,2462,2026-09-29,
0622,0622.HK,OSHIDORI,ok,2462,2026-09-29,
0623,0623.HK,GOLDENBRIDGE GP,ok,2462,2026-09-29,
0625,0625.HK,SHEIN-W,ok,21,2026-09-29,
0626,0626.HK,PUBLIC FIN HOLD,ok,2462,2026-09-29,
0627,0627.HK,VISION SYNERGY,ok,2462,2026-09-29,
0628,0628.HK,TONGTONG AI SOC,ok,2462,2026-09-29,
0629,0629.HK,YUE DA INTL,ok,2461,2026-09-28,
0630,0630.HK,AMCO UNITED,ok,2462,2026-09-29,
0631,0631.HK,SANY INT'L,ok,2462,2026-09-29,
0632,0632.HK,CHK OIL,ok,2462,2026-09-29,
0635,0635.HK,PLAYMATES,ok,2462,2026-09-29,
0636,0636.HK,KLN,ok,2462,2026-09-29,
0637,0637.HK,LEE KEE,ok,2462,2026-09-29,
0638,0638.HK,FIBOCOM,ok,1,2026-09-29,
0639,0639.HK,SHOUGANG RES,ok,2462,2026-09-29,
0640,0640.HK,INFINITY DEV,ok,2461,2026-09-28,
0641,0641.HK,CHTC FONG'S INT,ok,2461,2026-09-28,
0643,0643.HK,CARRY WEALTH,ok,2462,2026-09-29,
0645,0645.HK,ARES ASIA,ok,2461,2026-09-28,
0646,0646.HK,CHINA ENV TEC,ok,2462,2026-09-29,
0648,0648.HK,SOFTMEDX,ok,2462,2026-09-29,
0650,0650.HK,PRODUCTIVE TECH,ok,2462,2026-09-29,
0653,0653.HK,BONJOUR HOLD,ok,2461,2026-09-28,
0655,0655.HK,HK CHINESE LTD,ok,2462,2026-09-29,
0656,0656.HK,FOSUN INTL,ok,2462,2026-09-29,
0657,0657.HK,G-VISION INT'L,ok,2461,2026-09-28,
0658,0658.HK,C TRANSMISSION,ok,2462,2026-09-29,
0659,0659.HK,CTF SERVICES,ok,2462,2026-09-29,
0660,0660.HK,WAI CHUN BIOTEC,ok,2462,2026-09-29,
0661,0661.HK,CDAYENONFER,ok,2462,2026-09-29,
0662,0662.HK,ASIA FINANCIAL,ok,2462,2026-09-29,
0664,0664.HK,TONGSHIFU,ok,124,2026-09-29,
0666,0666.HK,REPT BATTERO,ok,683,2026-09-29,
0667,0667.HK,CHINA EAST EDU,ok,1799,2026-09-29,
0668,0668.HK,ANKER,ok,1,2026-09-29,
0669,0669.HK,TECHTRONIC IND,ok,2462,2026-09-29,
0670,0670.HK,CHINA EAST AIR,ok,2462,2026-09-29,
0672,0672.HK,ZHONGAN GROUP,ok,2462,2026-09-29,
0673,0673.HK,CHINA HEALTH,ok,2461,2026-09-28,
0674,0674.HK,CHINA TANGSHANG,ok,2462,2026-09-29,
0675,0675.HK,K & P INT'L,ok,2461,2026-09-28,
0676,0676.HK,PEGASUS INT'L,ok,2462,2026-09-29,
0677,0677.HK,GOLDEN RES DEV,ok,2462,2026-09-29,
0679,0679.HK,ASIA TELE-NET,ok,2462,2026-09-29,
0681,0681.HK,CHI PEOPLE HOLD,ok,2462,2026-09-29,
0682,0682.HK,CHAODA MODERN,ok,2462,2026-09-29,
0683,0683.HK,KERRY PPT,ok,2462,2026-09-29,
0684,0684.HK,ALLAN INT'L,ok,2461,2026-09-28,
0685,0685.HK,MEDIA CHINESE,ok,2461,2026-09-28,
0686,0686.HK,BJ ENERGY INTL,ok,2462,2026-09-29,
0687,0687.HK,TYSAN HOLDINGS,ok,2462,2026-09-29,
0688,0688.HK,CHINA OVERSEAS,ok,2462,2026-09-29,
0689,0689.HK,EPI (HOLDINGS),ok,2461,2026-09-28,
0690,0690.HK,UNI-BIO GROUP,ok,2462,2026-09-29,
0691,0691.HK,SHANSHUI CEMENT,ok,2461,2026-09-28,
0693,0693.HK,TAN CHONG INT'L,ok,2461,2026-09-28,
0694,0694.HK,BEIJING AIRPORT,ok,2462,2026-09-29,
0695,0695.HK,DONGWU CEMENT,ok,2462,2026-09-29,
0696,0696.HK,TRAVELSKY TECH,ok,2462,2026-09-29,
0697,0697.HK,SHOUCHENG,ok,2462,2026-09-29,
0698,0698.HK,TONGDA GROUP,ok,2462,2026-09-29,
0699,0699.HK,JOYSON ELEC,ok,1,2026-09-29,
0700,0700.HK,TENCENT,ok,2462,2026-09-29,
0701,0701.HK,CNT GROUP,ok,2461,2026-09-28,
0702,0702.HK,SINO OIL & GAS,ok,2461,2026-09-28,
0703,0703.HK,FUTURE BRIGHT,ok,2461,2026-09-28,
0704,0704.HK,HUSCOKE HLDGS,ok,2461,2026-09-28,
0707,0707.HK,ATV HOLDINGS,ok,2461,2026-09-28,
0708,0708.HK,EVERG VEHICLE,ok,2461,2026-09-28,
0709,0709.HK,GIORDANO INT'L,ok,2462,2026-09-29,
0710,0710.HK,BOE VARITRONIX,ok,2462,2026-09-29,
0711,0711.HK,ASIA ALLIED INF,ok,2462,2026-09-29,
0712,0712.HK,COMTEC SOLAR,ok,2462,2026-09-29,
0713,0713.HK,WORLD HOUSEWARE,ok,2462,2026-09-29,
0716,0716.HK,SINGAMAS CONT,ok,2462,2026-09-29,
0717,0717.HK,EMPEROR CAPITAL,ok,2462,2026-09-29,
0718,0718.HK,TAI UNITED HOLD,ok,2462,2026-09-29,
0719,0719.HK,SHANDONG XINHUA,ok,2462,2026-09-29,
0720,0720.HK,AUTO ITALIA,ok,2462,2026-09-29,
0721,0721.HK,C FIN INT INV,ok,2461,2026-09-28,
0722,0722.HK,UMP,ok,2461,2026-09-28,
0723,0723.HK,RELIANCE GLO HL,ok,2462,2026-09-29,
0725,0725.HK,PERENNIAL INT'L,ok,2462,2026-09-29,
0726,0726.HK,DIT GROUP,ok,2461,2026-09-28,
0727,0727.HK,SINOPROS CORP,ok,2461,2026-09-28,
0728,0728.HK,CHINA TELECOM,ok,2462,2026-09-29,
0730,0730.HK,CAPITAL IND-NEW,ok,2462,2026-09-29,
0731,0731.HK,C&D NEWIN,ok,2461,2026-09-28,
0732,0732.HK,TRULY INT'L,ok,2462,2026-09-29,
0733,0733.HK,HOPEFLUENT,ok,2461,2026-09-28,
0736,0736.HK,CHINA PPT INV,ok,2462,2026-09-29,
0737,0737.HK,BAY AREA DEV,ok,2462,2026-09-29,
0738,0738.HK,LE SAUNDA,ok,2461,2026-09-28,
0743,0743.HK,ASIA CEMENT CH,ok,2462,2026-09-29,
0745,0745.HK,CN CULTURE GP,ok,2462,2026-09-29,
0746,0746.HK,L & M CHEMICAL,ok,2462,2026-09-29,
0747,0747.HK,SHENYANG PUBLIC,ok,2462,2026-09-29,
0750,0750.HK,SFSY ENERGY,ok,2462,2026-09-29,
0751,0751.HK,SKYWORTH GROUP,ok,2462,2026-09-29,
0752,0752.HK,PICO FAR EAST,ok,2462,2026-09-29,
0753,0753.HK,AIR CHINA,ok,2462,2026-09-29,
0754,0754.HK,HOPSON DEV HOLD,ok,2461,2026-09-28,
0755,0755.HK,DEVGREAT,ok,2462,2026-09-29,
0756,0756.HK,SUMMI,ok,2462,2026-09-29,
0757,0757.HK,SOLARGIGA,ok,2462,2026-09-29,
0759,0759.HK,CEC INT'L HOLD,ok,2462,2026-09-29,
0760,0760.HK,TALENT PPT GP,ok,2462,2026-09-29,
0762,0762.HK,CHINA UNICOM,ok,2462,2026-09-29,
0763,0763.HK,ZTE,ok,2462,2026-09-29,
0764,0764.HK,ETERNITY INV,ok,2461,2026-09-28,
0765,0765.HK,PERFECTECH INTL,ok,2461,2026-09-28,
0767,0767.HK,ZHONG JI LS,ok,2462,2026-09-29,
0768,0768.HK,UBA INVESTMENTS,ok,2461,2026-09-28,
0769,0769.HK,CHINA RAREEARTH,ok,2461,2026-09-28,
0770,0770.HK,EMINENCE CAP GP,ok,2461,2026-09-28,
0771,0771.HK,AUTOMATED SYS,ok,2462,2026-09-29,
0772,0772.HK,CHINA LIT,ok,2187,2026-09-29,
0775,0775.HK,CKLIFE SCIENCES,ok,2462,2026-09-29,
0776,0776.HK,IMPERIUM TEC GP,ok,2462,2026-09-29,
0777,0777.HK,NETDRAGON,ok,2462,2026-09-29,
0780,0780.HK,TONGCHENGTRAVEL,ok,1929,2026-09-29,
0784,0784.HK,AILIFE INTL,ok,2153,2026-09-29,
0788,0788.HK,CHINA TOWER,ok,2004,2026-09-29,
0789,0789.HK,ARTINI HLDG,ok,2462,2026-09-29,
0794,0794.HK,COME SURE GROUP,ok,2461,2026-09-28,
0797,0797.HK,7ROAD,ok,2019,2026-09-29,
0798,0798.HK,CEOVU,ok,2462,2026-09-29,
0799,0799.HK,IGG,ok,2462,2026-09-29,
0800,0800.HK,WERIDE-W,ok,221,2026-09-29,
0804,0804.HK,PINESTONE,ok,2462,2026-09-29,
0805,0805.HK,NEW GONOW RV,ok,422,2026-09-29,
0806,0806.HK,VALUE PARTNERS,ok,2462,2026-09-29,
0807,0807.HK,SIICENVIRONMENT,ok,2095,2026-09-29,
0809,0809.HK,GLOBAL BIO-CHEM,ok,2462,2026-09-29,
0810,0810.HK,CH CASTSON 81,ok,2462,2026-09-29,
0811,0811.HK,XINHUA WINSHARE,ok,2462,2026-09-29,
0813,0813.HK,SHIMAO GROUP,ok,2462,2026-09-29,
0814,0814.HK,JINGKELONG,ok,2461,2026-09-28,
0815,0815.HK,CHI SILVER GP,ok,2462,2026-09-29,
0816,0816.HK,JINMAO SERVICES,ok,1119,2026-09-29,
0817,0817.HK,CHINA JINMAO,ok,2462,2026-09-29,
0818,0818.HK,HI SUN TECH,ok,2462,2026-09-29,
0819,0819.HK,TIANNENG POWER,ok,2462,2026-09-29,
0821,0821.HK,VC HOLDINGS,ok,2462,2026-09-29,
0822,0822.HK,KA SHUI INT'L,ok,2462,2026-09-29,
0825,0825.HK,NWDS CHINA,ok,2462,2026-09-29,
0826,0826.HK,TIANGONG INT'L,ok,2462,2026-09-29,
0827,0827.HK,KO YO GROUP,ok,2462,2026-09-29,
0828,0828.HK,DYNASTY WINES,ok,2462,2026-09-29,
0829,0829.HK,SHENGUAN HLDGS,ok,2462,2026-09-29,
0830,0830.HK,CSC DEVELOPMENT,ok,2462,2026-09-29,
0831,0831.HK,CR ASIA,ok,2462,2026-09-29,
0832,0832.HK,CENTRAL CHINA,ok,2462,2026-09-29,
0833,0833.HK,ALLTRONICS,ok,2462,2026-09-29,
0834,0834.HK,SHENGRONG HLDG,ok,2461,2026-09-28,
0836,0836.HK,CHINA RES POWER,ok,2462,2026-09-29,
0837,0837.HK,CARPENTER TAN,ok,2462,2026-09-29,
0838,0838.HK,EVA HOLDINGS,ok,2462,2026-09-29,
0839,0839.HK,CHINA EDU GROUP,ok,2160,2026-09-29,
0840,0840.HK,TIANYE WATER,ok,2461,2026-09-28,
0841,0841.HK,CASSAVA RES,ok,2462,2026-09-29,
0842,0842.HK,LEOCH INT'L,ok,2462,2026-09-29,
0844,0844.HK,GREATIME INTL,ok,2462,2026-09-29,
0845,0845.HK,GLORIOUS PPT H,ok,2461,2026-09-28,
0846,0846.HK,MINGFA GROUP,ok,2462,2026-09-29,
0848,0848.HK,MAOYE INT'L,ok,2461,2026-09-28,
0851,0851.HK,SHENG YUAN HLDG,ok,2461,2026-09-28,
0852,0852.HK,STRONG PETRO,ok,2462,2026-09-29,
0853,0853.HK,MICROPORT,ok,2461,2026-09-28,
0854,0854.HK,WILLAS-ARRAY,ok,2461,2026-09-28,
0855,0855.HK,CHINA WATER,ok,2462,2026-09-29,
0856,0856.HK,VSTECS,ok,2462,2026-09-29,
0857,0857.HK,PETROCHINA,ok,2462,2026-09-29,
0858,0858.HK,EXTRAWELL PHAR,ok,2462,2026-09-29,
0859,0859.HK,ZHONGCHANG INTL,ok,2462,2026-09-29,
0860,0860.HK,APOLLO FMG,ok,2462,2026-09-29,
0861,0861.HK,DC HOLDINGS,ok,2462,2026-09-29,
0862,0862.HK,VISION VALUES,ok,2462,2026-09-29,
0863,0863.HK,OSL GROUP,ok,2462,2026-09-29,
0864,0864.HK,WING LEE PPT,ok,2461,2026-09-28,
0865,0865.HK,JIANDE INT'L,ok,2461,2026-09-28,
0866,0866.HK,CHINA QINFA,ok,2462,2026-09-29,
0867,0867.HK,CMS,ok,2462,2026-09-29,
0868,0868.HK,XINYI GLASS,ok,2462,2026-09-29,
0869,0869.HK,PLAYMATES TOYS,ok,2461,2026-09-28,
0871,0871.HK,CH DREDG ENV,ok,2461,2026-09-28,
0873,0873.HK,SHIMAO SERVICES,ok,1455,2026-09-29,
0874,0874.HK,BAIYUNSHAN PH,ok,2462,2026-09-29,
0875,0875.HK,CONGYU INTE AGR,ok,2462,2026-09-29,
0876,0876.HK,QH BIO PHARMA,ok,2462,2026-09-29,
0878,0878.HK,SOUNDWILL HOLD,ok,2462,2026-09-29,
0880,0880.HK,SJM HOLDINGS,ok,2462,2026-09-29,
0881,0881.HK,ZHONGSHENG HLDG,ok,2462,2026-09-29,
0882,0882.HK,TIANJIN DEV,ok,2462,2026-09-29,
0883,0883.HK,CNOOC,ok,2462,2026-09-29,
0884,0884.HK,CIFI HOLD GP,ok,2462,2026-09-29,
0887,0887.HK,EMPEROR WATCH&J,ok,2462,2026-09-29,
0888,0888.HK,BLOCKFIN HLDG,ok,2462,2026-09-29,
0889,0889.HK,DATRONIX HOLD,ok,2462,2026-09-29,
0893,0893.HK,CHINAVTM MINING,ok,2462,2026-09-29,
0894,0894.HK,MAN YUE TECH,ok,2462,2026-09-29,
0895,0895.HK,DONGJIANG ENV,ok,2462,2026-09-29,
0896,0896.HK,HANISON,ok,2462,2026-09-29,
0897,0897.HK,WAI YUEN TONG,ok,2462,2026-09-29,
0898,0898.HK,MULTIFIELD INTL,ok,2461,2026-09-28,
0899,0899.HK,ZHONG JIA GX,ok,2462,2026-09-29,
0900,0900.HK,AEON CREDIT,ok,2462,2026-09-29,
0901,0901.HK,SDMC,ok,88,2026-09-29,
0902,0902.HK,HUANENG POWER,ok,2462,2026-09-29,
0905,0905.HK,WALNUT CAP,ok,2462,2026-09-29,
0907,0907.HK,ELEGANCEOPTICAL,ok,2461,2026-09-28,
0909,0909.HK,MING YUAN CLOUD,ok,1476,2026-09-29,
0910,0910.HK,CHINA SANDI,ok,2462,2026-09-29,
0911,0911.HK,QIANHAI HEALTH,ok,2461,2026-09-28,
0912,0912.HK,SUGA INT'L,ok,2462,2026-09-29,
0913,0913.HK,HARBOUR DIGITAL,ok,2462,2026-09-29,
0914,0914.HK,CONCH CEMENT,ok,2462,2026-09-29,
0915,0915.HK,DAOHE GLOBAL,ok,2462,2026-09-29,
0916,0916.HK,CHINA LONGYUAN,ok,2462,2026-09-29,
0917,0917.HK,QUNABOX GROUP,ok,325,2026-09-29,
0918,0918.HK,MAJESTIC DRAGON,ok,2462,2026-09-29,
0919,0919.HK,MODERNHEALTHTEC,ok,2462,2026-09-29,
0921,0921.HK,HISENSE HA,ok,2462,2026-09-29,
0922,0922.HK,ANXIANYUAN CH,ok,2462,2026-09-29,
0923,0923.HK,IWS,ok,2462,2026-09-29,
0924,0924.HK,KHOON GROUP,ok,1780,2026-09-28,
0926,0926.HK,BESUNYEN,ok,2461,2026-09-28,
0927,0927.HK,FUJIKON IND,ok,2462,2026-09-29,
0928,0928.HK,KING INTL INV,ok,2462,2026-09-29,
0929,0929.HK,IPE GROUP,ok,2461,2026-09-28,
0931,0931.HK,CHINA HK POWER,ok,2462,2026-09-29,
0932,0932.HK,SHUNTEN INTL,ok,2462,2026-09-29,
0933,0933.HK,VIVA GOODS,ok,2461,2026-09-29,
0934,0934.HK,SINOPEC KANTONS,ok,2462,2026-09-29,
0936,0936.HK,KAISA CAPITAL,ok,2462,2026-09-29,
0938,0938.HK,MAN SANG INT'L,ok,2461,2026-09-28,
0939,0939.HK,CCB,ok,2462,2026-09-29,
0941,0941.HK,CHINA MOBILE,ok,2462,2026-09-29,
0943,0943.HK,ZHONGZHENG INTL,ok,2461,2026-09-28,
0945,0945.HK,MANULIFE-S,ok,2462,2026-09-29,
0947,0947.HK,MOBI DEV,ok,2462,2026-09-29,
0948,0948.HK,ALPHA PRO HLDGS,ok,2462,2026-09-29,
0950,0950.HK,LEE'S PHARM,ok,2462,2026-09-29,
0951,0951.HK,CHAOWEI POWER,ok,2462,2026-09-29,
0952,0952.HK,QUAM PLUS FIN,ok,2461,2026-09-28,
0953,0953.HK,SHAW BROTHERS,ok,2461,2026-09-28,
0954,0954.HK,CHANGMAO BIO,ok,2461,2026-09-28,
0956,0956.HK,CHINA SUNTIEN,ok,2462,2026-09-29,
0959,0959.HK,CENTURY ENT INT,ok,2461,2026-09-28,
0960,0960.HK,LONGFOR GROUP,ok,2462,2026-09-29,
0966,0966.HK,CHINA TAIPING,ok,2462,2026-09-29,
0968,0968.HK,XINYI SOLAR,ok,2462,2026-09-29,
0969,0969.HK,HUA LIEN INT'L,ok,2462,2026-09-29,
0970,0970.HK,NEW SPARKLEROLL,ok,2462,2026-09-29,
0974,0974.HK,SKL,ok,2461,2026-09-28,
0975,0975.HK,MONGOL MINING,ok,2462,2026-09-29,
0976,0976.HK,CHIHO ENV,ok,2461,2026-09-28,
0978,0978.HK,CHI MER LAND,ok,2462,2026-09-29,
0979,0979.HK,GREEN ENERGY GP,ok,2462,2026-09-29,
0980,0980.HK,LIANHUA,ok,2462,2026-09-29,
0981,0981.HK,SMIC,ok,2462,2026-09-29,
0983,0983.HK,SOCAM DEV,ok,2462,2026-09-29,
0984,0984.HK,AEON STORES,ok,2462,2026-09-29,
0986,0986.HK,DUFU LIQUOR GP,ok,2462,2026-09-29,
0987,0987.HK,CH RENEW EN INV,ok,2462,2026-09-29,
0989,0989.HK,CHINA CBS INTL,ok,2461,2026-09-28,
0990,0990.HK,DEEP SOURCE,ok,2462,2026-09-29,
0991,0991.HK,DATANG POWER,ok,2462,2026-09-29,
0992,0992.HK,LENOVO GROUP,ok,2462,2026-09-29,
0993,0993.HK,XINKONG INT CAP,ok,2462,2026-09-29,
0994,0994.HK,CT VISION,ok,2266,2026-09-29,
0995,0995.HK,ANHUIEXPRESSWAY,ok,2462,2026-09-29,
0997,0997.HK,CHINLINK INTL,ok,2462,2026-09-29,
0998,0998.HK,CITIC BANK,ok,2462,2026-09-29,
0999,0999.HK,XIAOCAIYUAN,ok,428,2026-09-29,
1000,1000.HK,BEIJING MEDIA,ok,2462,2026-09-29,
1001,1001.HK,HK SH ALLIANCE,ok,2462,2026-09-29,
1002,1002.HK,V.S. INT'L,ok,2462,2026-09-29,
1003,1003.HK,HUANXI MEDIA,ok,2462,2026-09-29,
1004,1004.HK,C SMARTERENERGY,ok,2462,2026-09-29,
1005,1005.HK,MATRIX HOLDINGS,ok,2462,2026-09-29,
1007,1007.HK,LONGHUI INTL,ok,2461,2026-09-28,
1008,1008.HK,LITU HOLDINGS,ok,2462,2026-09-29,
1009,1009.HK,INT'L ENT,ok,2462,2026-09-29,
1010,1010.HK,SKY BLUE 11,ok,2462,2026-09-29,
1011,1011.HK,NT PHARMA,ok,2462,2026-09-29,
1013,1013.HK,WAI CHUN GROUP,ok,2462,2026-09-29,
1020,1020.HK,CIPRUN TECH,ok,2462,2026-09-29,
1021,1021.HK,HUAYAN ROBOTICS,ok,125,2026-09-29,
1022,1022.HK,FEIYU,ok,2462,2026-09-29,
1023,1023.HK,SITOY GROUP,ok,2462,2026-09-29,
1024,1024.HK,KUAISHOU-W,ok,1387,2026-09-29,
1025,1025.HK,KNT HOLDINGS,ok,1867,2026-09-29,
1026,1026.HK,UNIVERSAL TECH,ok,2462,2026-09-29,
1027,1027.HK,ASIA STRAT TECH,ok,2462,2026-09-29,
1028,1028.HK,C.BANNER,ok,2462,2026-09-29,
1029,1029.HK,IRC,ok,2461,2026-09-28,
1030,1030.HK,SEAZEN,ok,2462,2026-09-29,
1033,1033.HK,SINOPEC SSC,ok,2462,2026-09-29,
1036,1036.HK,VANKE OVERSEAS,ok,2462,2026-09-29,
1037,1037.HK,MAXNERVA TECH,ok,2462,2026-09-29,
1038,1038.HK,CKI HOLDINGS,ok,2462,2026-09-29,
1039,1039.HK,CHANGYOU INT GP,ok,2461,2026-09-28,
1044,1044.HK,HENGAN INT'L,ok,2462,2026-09-29,
1045,1045.HK,APT SATELLITE,ok,2462,2026-09-29,
1046,1046.HK,UNIVERSE ENT,ok,2462,2026-09-29,
1047,1047.HK,NGAI HING HONG,ok,2461,2026-09-28,
1049,1049.HK,CELESTIAL ASIA,ok,2461,2026-09-28,
1050,1050.HK,KARRIE INT'L,ok,2462,2026-09-29,
1051,1051.HK,G-RESOURCES,ok,2462,2026-09-29,
1052,1052.HK,YUEXIUTRANSPORT,ok,2462,2026-09-29,
1053,1053.HK,CHONGQING IRON,ok,2462,2026-09-29,
1055,1055.HK,CHINA SOUTH AIR,ok,2462,2026-09-29,
1057,1057.HK,ZHEJIANG SHIBAO,ok,2462,2026-09-29,
1058,1058.HK,NAMYUE HOLDINGS,ok,2462,2026-09-29,
1059,1059.HK,KANTONE HOLDING,ok,2462,2026-09-29,
1060,1060.HK,DAMAI ENT,ok,2462,2026-09-29,
1061,1061.HK,ESSEX BIO-TECH,ok,2462,2026-09-29,
1062,1062.HK,CDB INT'L INV,ok,2462,2026-09-29,
1063,1063.HK,SUNCORP TECH,ok,2461,2026-09-28,
1064,1064.HK,ZHONG HUA INT'L,ok,2462,2026-09-29,
1065,1065.HK,TIANJIN CAPITAL,ok,2462,2026-09-29,
1066,1066.HK,WEIGAO GROUP,ok,2462,2026-09-29,
1068,1068.HK,YURUN FOOD,ok,2462,2026-09-29,
1069,1069.HK,CN HEALTH TECH,ok,2462,2026-09-29,
1070,1070.HK,TCL ELECTRONICS,ok,2462,2026-09-29,
1071,1071.HK,HUADIAN POWER,ok,2462,2026-09-29,
1072,1072.HK,DONGFANG ELEC,ok,2462,2026-09-29,
1073,1073.HK,DA YU FIN,ok,2461,2026-09-28,
1075,1075.HK,CAPINFO,ok,2462,2026-09-29,
1079,1079.HK,PINE TECH,ok,2462,2026-09-29,
1080,1080.HK,SHENGLI PIPE,ok,2462,2026-09-29,
1081,1081.HK,DAJIN,ok,81,2026-09-29,
1082,1082.HK,BDV EDU INTL,ok,2462,2026-09-29,
1083,1083.HK,TG SMART ENERGY,ok,2462,2026-09-29,
1084,1084.HK,GREEN FRESH BIO,ok,1711,2026-09-29,
1085,1085.HK,HXTL,ok,2462,2026-09-29,
1086,1086.HK,GOODBABY INTL,ok,2462,2026-09-29,
1087,1087.HK,INVESTECH HLDGS,ok,2462,2026-09-29,
1088,1088.HK,CHINA SHENHUA,ok,2462,2026-09-29,
1090,1090.HK,DA MING INT'L,ok,2461,2026-09-28,
1091,1091.HK,SOUTH MANGANESE,ok,2462,2026-09-29,
1093,1093.HK,CSPC PHARMA,ok,2462,2026-09-29,
1094,1094.HK,CHERISH SUN,ok,2462,2026-09-29,
1097,1097.HK,CTFME,ok,2462,2026-09-29,
1098,1098.HK,ROAD KING INFRA,ok,2462,2026-09-29,
1099,1099.HK,SINOPHARM,ok,2462,2026-09-29,
1100,1100.HK,MAINLAND HOLD,ok,2462,2026-09-29,
1101,1101.HK,HUARONG ENERGY,ok,2461,2026-09-28,
1102,1102.HK,ENVIRO ENERGY,ok,2462,2026-09-29,
1104,1104.HK,APAC RESOURCES,ok,2462,2026-09-29,
1105,1105.HK,SING TAO,ok,2461,2026-09-28,
1107,1107.HK,MODERN LAND,ok,2461,2026-09-28,
1108,1108.HK,TRIUMPH NEW EN,ok,2462,2026-09-29,
1109,1109.HK,CHINA RES LAND,ok,2462,2026-09-29,
1110,1110.HK,KINGWORLD,ok,2462,2026-09-29,
1111,1111.HK,HUASHI GROUP,ok,709,2026-09-29,
1112,1112.HK,H&H INTL HLDG,ok,2462,2026-09-29,
1113,1113.HK,CK ASSET,ok,2462,2026-09-29,
1114,1114.HK,BRILLIANCE CHI,ok,2462,2026-09-29,
1115,1115.HK,5100 XIZANG,ok,2462,2026-09-29,
1116,1116.HK,HC TECH GP,ok,2461,2026-09-28,
1117,1117.HK,CH MODERN D,ok,2462,2026-09-29,
1118,1118.HK,GOLIK HOLDINGS,ok,2461,2026-09-28,
1119,1119.HK,IDREAMSKY,ok,1921,2026-09-29,
1120,1120.HK,ARTS OPTICAL,ok,2462,2026-09-29,
1121,1121.HK,GOLDENSOLAR,ok,2462,2026-09-29,
1122,1122.HK,QINGLING MOTORS,ok,2462,2026-09-29,
1123,1123.HK,CHINA-HK PHOTO,ok,2462,2026-09-29,
1124,1124.HK,COASTAL GL,ok,2461,2026-09-28,
1125,1125.HK,LAI FUNG HOLD,ok,2461,2026-09-28,
1126,1126.HK,DREAM INT'L,ok,2462,2026-09-29,
1127,1127.HK,LION ROCK GROUP,ok,2462,2026-09-29,
1128,1128.HK,WYNN MACAU,ok,2462,2026-09-29,
1129,1129.HK,WATER INDUSTRY,ok,2461,2026-09-28,
1130,1130.HK,CHINA ENV RES,ok,2462,2026-09-29,
1132,1132.HK,ORANGE SKY G H,ok,2462,2026-09-29,
1133,1133.HK,HARBIN ELECTRIC,ok,2462,2026-09-29,
1134,1134.HK,KELFRED,ok,1776,2026-09-29,
1137,1137.HK,HK TECH VENTURE,ok,2462,2026-09-29,
1138,1138.HK,COSCO SHIP ENGY,ok,2462,2026-09-29,
1140,1140.HK,HK.AI CAPITAL,ok,2462,2026-09-29,
1141,1141.HK,CMBC CAPITAL,ok,2462,2026-09-29,
1142,1142.HK,E&P GLOBAL,ok,2462,2026-09-29,
1145,1145.HK,COURAGE INV,ok,2462,2026-09-29,
1146,1146.HK,HUICHENG INTL H,ok,2462,2026-09-29,
1147,1147.HK,EDENSOFT,ok,1571,2026-09-29,
1148,1148.HK,POWER XINCHEN,ok,2462,2026-09-29,
1150,1150.HK,MILAN STATION,ok,2462,2026-09-29,
1152,1152.HK,MOMENTUM FIN,ok,2462,2026-09-29,
1153,1153.HK,JIAYUAN SER,ok,1427,2026-09-29,
1156,1156.HK,CHINANEWENERGY,ok,1528,2026-09-29,
1157,1157.HK,ZOOMLION,ok,2462,2026-09-29,
1159,1159.HK,SMART DIGI TECH,ok,2461,2026-09-28,
1160,1160.HK,GOLDSTONE CAP,ok,2462,2026-09-29,
1161,1161.HK,WATER OASIS GP,ok,2461,2026-09-28,
1162,1162.HK,LUMINA GROUP,ok,2197,2026-09-29,
1163,1163.HK,ADTIGER CORP,ok,1531,2026-09-29,
1164,1164.HK,CGN MINING,ok,2462,2026-09-29,
1165,1165.HK,SFCE,ok,2461,2026-09-28,
1166,1166.HK,SOLARTECH INT'L,ok,2461,2026-09-28,
1167,1167.HK,JACOBIO-B,ok,1419,2026-09-29,
1168,1168.HK,Z FIN,ok,2462,2026-09-29,
1170,1170.HK,KINGMAKER,ok,2462,2026-09-29,
1171,1171.HK,YANKUANG ENERGY,ok,2462,2026-09-29,
1172,1172.HK,MAGNUSCONCORDIA,ok,2462,2026-09-29,
1173,1173.HK,VEEKO INT'L,ok,2462,2026-09-29,
1176,1176.HK,ZHUGUANG HOLD,ok,2462,2026-09-29,
1177,1177.HK,SBP GROUP,ok,2462,2026-09-29,
1179,1179.HK,HWORLD-S,ok,1479,2026-09-29,
1180,1180.HK,PARADISE ENT,ok,2462,2026-09-29,
1181,1181.HK,TANG PALACE,ok,2462,2026-09-29,
1182,1182.HK,SUCCESS DRAGON,ok,2461,2026-09-28,
1183,1183.HK,MECOM POWER,ok,2121,2026-09-29,
1184,1184.HK,S.A.S. DRAGON,ok,2462,2026-09-29,
1186,1186.HK,CHINA RAIL CONS,ok,2462,2026-09-29,
1187,1187.HK,COFOE MEDICAL,ok,102,2026-09-29,
1188,1188.HK,HYBRID KINETIC,ok,2461,2026-09-28,
1191,1191.HK,CREALIGHTS,ok,66,2026-09-29,
1193,1193.HK,CHINA RES GAS,ok,2462,2026-09-29,
1195,1195.HK,KINGWELL GROUP,ok,2462,2026-09-29,
1196,1196.HK,REALORD TEC-NEW,ok,2462,2026-09-29,
1198,1198.HK,ROYALE HOME,ok,2461,2026-09-28,
1199,1199.HK,COSCO SHIP PORT,ok,2462,2026-09-29,
1200,1200.HK,MIDLAND HOLDING,ok,2462,2026-09-29,
1201,1201.HK,TESSON HOLDINGS,ok,2462,2026-09-29,
1202,1202.HK,SIWI SCI & TECH,ok,2462,2026-09-29,
1203,1203.HK,GUANGNAN (HOLD),ok,2462,2026-09-29,
1204,1204.HK,BOARDWARE INTEL,ok,1034,2026-09-28,
1205,1205.HK,CITIC RESOURCES,ok,2462,2026-09-29,
1206,1206.HK,TECHNOVATOR,ok,2461,2026-09-28,
1208,1208.HK,MMG,ok,2462,2026-09-29,
1209,1209.HK,CHINA RES MIXC,ok,1427,2026-09-29,
1211,1211.HK,BYD COMPANY,ok,2462,2026-09-29,
1213,1213.HK,MOBICON GROUP,ok,2462,2026-09-29,
1215,1215.HK,KAI YUAN HLDGS,ok,2462,2026-09-29,
1216,1216.HK,ZYBANK,ok,2264,2026-09-29,
1217,1217.HK,CH INNOVATION,ok,2461,2026-09-28,
1218,1218.HK,EASYKNIT-NEW,ok,2461,2026-09-28,
1220,1220.HK,ZHIDAO INT'L,ok,2461,2026-09-28,
1221,1221.HK,SINO HOTELS,ok,2461,2026-09-28,
1222,1222.HK,WANG ON GROUP,ok,2461,2026-09-28,
1223,1223.HK,SYMPHONY HOLD,ok,2462,2026-09-29,
1224,1224.HK,C C LAND,ok,2462,2026-09-29,
1225,1225.HK,LERADO FIN,ok,2462,2026-09-29,
1226,1226.HK,CH INV FIN GP,ok,2461,2026-09-28,
1228,1228.HK,CANBRIDGE-B,ok,1179,2026-09-29,
1229,1229.HK,NAN NAN RES,ok,2461,2026-09-28,
1231,1231.HK,NEWTON RES,ok,2461,2026-09-28,
1232,1232.HK,GW TIANDI,ok,2461,2026-09-28,
1233,1233.HK,TIMES CHINA,ok,2462,2026-09-29,
1234,1234.HK,CHINA LILANG,ok,2462,2026-09-29,
1235,1235.HK,TRAVEL EXPERT,ok,2461,2026-09-28,
1236,1236.HK,LDROBOT,ok,99,2026-09-29,
1237,1237.HK,CH ENV TECH&BIO,ok,2461,2026-09-28,
1238,1238.HK,POWERLONG,ok,2462,2026-09-29,
1239,1239.HK,TEAMWAY INTL GP,ok,2461,2026-09-28,
1240,1240.HK,CNQC INT'L,ok,2462,2026-09-29,
1241,1241.HK,SHUANGHUA H,ok,2461,2026-09-28,
1243,1243.HK,WANG ON PPT,ok,2461,2026-09-28,
1244,1244.HK,3D MEDICINES,ok,928,2026-09-29,
1245,1245.HK,NIRAKU,ok,2462,2026-09-29,
1247,1247.HK,MIKO INTL,ok,2462,2026-09-29,
1250,1250.HK,SDHS NEW ENERGY,ok,2462,2026-09-29,
1251,1251.HK,SPT ENERGY,ok,2462,2026-09-29,
1252,1252.HK,CHINA TIANRUI,ok,2461,2026-09-28,
1253,1253.HK,GREEN BROAD,ok,2462,2026-09-29,
1255,1255.HK,TATA HEALTH,ok,2462,2026-09-29,
1257,1257.HK,CEB GREENTECH,ok,2316,2026-09-29,
1258,1258.HK,CHINFMINING,ok,2462,2026-09-29,
1259,1259.HK,PROSPER FUTURE,ok,2462,2026-09-29,
1260,1260.HK,WONDERFUL SKY,ok,2462,2026-09-29,
1262,1262.HK,LABIXIAOXIN,ok,2461,2026-09-28,
1265,1265.HK,TIANJINJINRAN,ok,2461,2026-09-28,
1268,1268.HK,MEIDONG AUTO,ok,2462,2026-09-29,
1269,1269.HK,FIRST CAP GP,ok,2462,2026-09-29,
1270,1270.HK,LANGHAM-SS,ok,2462,2026-09-29,
1271,1271.HK,GRAND MING,ok,2462,2026-09-29,
1272,1272.HK,DATANG ENVIRO,ok,2429,2026-09-28,
1273,1273.HK,HK FINANCE GP,ok,2461,2026-09-28,
1274,1274.HK,IMOTIONTECH,ok,681,2026-09-29,
1276,1276.HK,HENGRUI PHARMA,ok,336,2026-09-29,
1277,1277.HK,KINETIC DEV,ok,2462,2026-09-29,
1278,1278.HK,CHINANEWTOWN,ok,2461,2026-09-28,
1280,1280.HK,QIDIAN GUOFENG,ok,2462,2026-09-29,
1281,1281.HK,XINDA INV HLDGS,ok,2461,2026-09-28,
1282,1282.HK,RENZE HARVEST,ok,2462,2026-09-29,
1283,1283.HK,ACCEL GROUP,ok,1710,2026-09-29,
1284,1284.HK,NEW MEDIA LAB,ok,788,2026-09-29,
1285,1285.HK,JIASHILI GP,ok,2461,2026-09-28,
1286,1286.HK,IMPRO PRECISION,ok,1786,2026-09-29,
1288,1288.HK,ABC,ok,2462,2026-09-29,
1289,1289.HK,SUNLIT SCI,ok,2462,2026-09-29,
1290,1290.HK,CHINA HUIRONG,ok,2461,2026-09-28,
1292,1292.HK,CM LOGISTICS,ok,2462,2026-09-29,
1293,1293.HK,GRAND BAOXIN,ok,2461,2026-09-28,
1298,1298.HK,YUNNAN ENERGY,ok,2461,2026-09-28,
1299,1299.HK,AIA,ok,2462,2026-09-29,
1300,1300.HK,TRIGIANT,ok,2351,2026-09-29,
1301,1301.HK,D&G TECH,ok,2462,2026-09-29,
1302,1302.HK,LIFETECH SCI,ok,2462,2026-09-29,
1303,1303.HK,HUILI RES,ok,2461,2026-09-28,
1304,1304.HK,FORTIOR,ok,304,2026-09-29,
1305,1305.HK,WAI CHI HOLD,ok,2461,2026-09-28,
1308,1308.HK,SITC,ok,2462,2026-09-29,
1310,1310.HK,HKBN,ok,2462,2026-09-29,
1312,1312.HK,KONTA CHINA,ok,2462,2026-09-29,
1313,1313.HK,CR BLDG MAT TEC,ok,2462,2026-09-29,
1314,1314.HK,TSUI WAH HLDG,ok,2462,2026-09-29,
1315,1315.HK,GREEN ECONOMY,ok,2461,2026-09-28,
1316,1316.HK,NEXTEER,ok,2462,2026-09-29,
1317,1317.HK,MAPLELEAF EDU,ok,2462,2026-09-29,
1318,1318.HK,MAO GEPING,ok,443,2026-09-29,
1319,1319.HK,OIWAHPAWN,ok,2461,2026-09-28,
1321,1321.HK,CHINA NEWCITY,ok,2461,2026-09-28,
1323,1323.HK,HUASHENG INTL,ok,2461,2026-09-28,
1326,1326.HK,TRANSMIT ENT,ok,2461,2026-09-28,
1327,1327.HK,LUXXU GROUP,ok,2461,2026-09-28,
1328,1328.HK,GOLDSTREAM INV,ok,2462,2026-09-29,
1330,1330.HK,DYNAGREEN ENV,ok,2462,2026-09-29,
1332,1332.HK,TOUYUN BIOTECH,ok,2462,2026-09-29,
1333,1333.HK,BRETON,ok,348,2026-09-29,
1334,1334.HK,RUICHANG INTL,ok,548,2026-09-29,
1335,1335.HK,SHEEN TAI,ok,2462,2026-09-29,
1336,1336.HK,NCI,ok,2462,2026-09-29,
1338,1338.HK,BAWANG GROUP,ok,2461,2026-09-28,
1339,1339.HK,PICC GROUP,ok,2462,2026-09-29,
1340,1340.HK,HUISHENG INTL,ok,2461,2026-09-28,
1341,1341.HK,HAO TIAN INTL,ok,2461,2026-09-28,
1343,1343.HK,WEI YUAN HLDG,ok,1611,2026-09-29,
1345,1345.HK,SH PIONEER HLDG,ok,2462,2026-09-29,
1346,1346.HK,LEVER STYLE,ok,1692,2026-09-29,
1347,1347.HK,HUA HONG GRACE,ok,2462,2026-09-29,
1348,1348.HK,QUALI-SMART,ok,2462,2026-09-29,
1349,1349.HK,FUDANZHANGJIANG,ok,2462,2026-09-29,
1351,1351.HK,BRIGHT FUTURE,ok,1447,2026-09-29,
1354,1354.HK,KINGFARPROPERTY,ok,553,2026-09-29,
1355,1355.HK,BIOSYSEN,ok,2462,2026-09-29,
1357,1357.HK,MEITU,ok,2407,2026-09-29,
1358,1358.HK,PW MEDTECH,ok,2462,2026-09-29,
1359,1359.HK,CHINA CINDA,ok,2462,2026-09-29,
1361,1361.HK,361 DEGREES,ok,2462,2026-09-29,
1362,1362.HK,SIS MOBILE,ok,2461,2026-09-28,
1364,1364.HK,GUMING,ok,403,2026-09-29,
1368,1368.HK,XTEP INT'L,ok,2462,2026-09-29,
1370,1370.HK,AOWEI HOLDING,ok,2462,2026-09-29,
1371,1371.HK,CHINA ECOTOUR,ok,2462,2026-09-29,
1372,1372.HK,C CARBONNEUTRAL,ok,2462,2026-09-29,
1373,1373.HK,IH RETAIL,ok,2462,2026-09-29,
1375,1375.HK,CC SECURITIES,ok,2462,2026-09-29,
1376,1376.HK,RAFFLESINTERIOR,ok,1574,2026-09-28,
1377,1377.HK,DTECH,ok,59,2026-09-29,
1378,1378.HK,CHINAHONGQIAO,ok,2462,2026-09-29,
1379,1379.HK,WENLING MCT,ok,1412,2026-09-28,
1380,1380.HK,CHI KINGSTONE,ok,2461,2026-09-28,
1382,1382.HK,PACIFICTEXTILES,ok,2462,2026-09-29,
1384,1384.HK,DEEPEXI TECH,ok,227,2026-09-29,
1385,1385.HK,SHANGHAI FUDAN,ok,2462,2026-09-29,
1388,1388.HK,EMBRY HOLDINGS,ok,2461,2026-09-28,
1389,1389.HK,MAJOR HLDGS,ok,2462,2026-09-29,
1392,1392.HK,HQVT,ok,71,2026-09-29,
1393,1393.HK,HIDILI INDUSTRY,ok,2462,2026-09-29,
1395,1395.HK,ELL ENV,ok,2461,2026-09-28,
1396,1396.HK,GBA AI COMP-500,ok,2462,2026-09-29,
1397,1397.HK,BAGUIO GREEN,ok,2462,2026-09-29,
1398,1398.HK,ICBC,ok,2462,2026-09-29,
1399,1399.HK,VESON HLDG,ok,2461,2026-09-28,
1400,1400.HK,MOODY TECH HLDG,ok,2462,2026-09-29,
1401,1401.HK,FUTURE MACH LTD,ok,1692,2026-09-29,
1402,1402.HK,I-CONTROL,ok,2462,2026-09-29,
1405,1405.HK,DPC DASH,ok,861,2026-09-29,
1406,1406.HK,CLARITY MEDICAL,ok,1132,2026-09-28,
1407,1407.HK,JY GAS,ok,949,2026-09-29,
1408,1408.HK,MACAU E&M,ok,1486,2026-09-29,
1410,1410.HK,EDVANCE INTL,ok,2326,2026-09-29,
1412,1412.HK,Q P GROUP,ok,1648,2026-09-28,
1413,1413.HK,FEG HOLDINGS,ok,1365,2026-09-29,
1415,1415.HK,COWELL,ok,2462,2026-09-29,
1416,1416.HK,CTR HOLDINGS,ok,1650,2026-09-29,
1417,1417.HK,RIVERINE CHINA,ok,2164,2026-09-29,
1418,1418.HK,SINOMAX GROUP,ok,2462,2026-09-29,
1419,1419.HK,HUMAN HEALTH,ok,2462,2026-09-29,
1420,1420.HK,CHUAN HOLDING,ok,2462,2026-09-29,
1421,1421.HK,PROSP GP INTL,ok,2462,2026-09-29,
1425,1425.HK,JUSTIN ALLEN H,ok,1680,2026-09-28,
1427,1427.HK,CH TIANBAO GP,ok,1693,2026-09-28,
1428,1428.HK,BRIGHT SMART,ok,2462,2026-09-29,
1429,1429.HK,SKYMISSION GP,ok,1474,2026-09-29,
1431,1431.HK,YST DAIRY,ok,2462,2026-09-29,
1432,1432.HK,CHINASHENGMU-PF,ok,2462,2026-09-29,
1433,1433.HK,CIRTEK HLDGS,ok,1610,2026-09-28,
1440,1440.HK,STAR SHINE HLDG,ok,1404,2026-09-29,
1442,1442.HK,INFINITY L&T,ok,1646,2026-09-29,
1443,1443.HK,FULUM GP HLDG,ok,2462,2026-09-29,
1446,1446.HK,HUNGFOOKTONG,ok,2461,2026-09-28,
1447,1447.HK,SFK,ok,2462,2026-09-29,
1448,1448.HK,FU SHOU YUAN,ok,2461,2026-09-28,
1449,1449.HK,LEADER EDU,ok,1512,2026-09-29,
1450,1450.HK,BE FRIENDS HLDG,ok,2462,2026-09-29,
1451,1451.HK,MS GROUP HLDGS,ok,2050,2026-09-29,
1452,1452.HK,DENOX ENV,ok,2462,2026-09-29,
1455,1455.HK,FOURACE IND GP,ok,1484,2026-09-29,
1456,1456.HK,GLMS SEC,ok,2462,2026-09-29,
1458,1458.HK,ZHOU HEI YA,ok,2432,2026-09-29,
1459,1459.HK,JUJIANG CONS,ok,2462,2026-09-29,
1460,1460.HK,ICO GROUP,ok,2462,2026-09-29,
1463,1463.HK,C-LINK SQ,ok,1599,2026-09-28,
1466,1466.HK,BAIJIN LIFE SCI,ok,2462,2026-09-29,
1468,1468.HK,JAKOTA CAPITAL,ok,2462,2026-09-29,
1470,1470.HK,PROSPER ONE,ok,2462,2026-09-29,
1471,1471.HK,ZHONGMIAO,ok,528,2026-09-28,
1472,1472.HK,SANG HING HLDGS,ok,1608,2026-09-29,
1473,1473.HK,PANGAEA CONNECT,ok,1379,2026-09-29,
1475,1475.HK,NISSIN FOODS,ok,2164,2026-09-29,
1476,1476.HK,FIN STREET SEC,ok,2462,2026-09-29,
1477,1477.HK,OCUMENSION-B,ok,1531,2026-09-29,
1478,1478.HK,Q TECH,ok,2462,2026-09-29,
1480,1480.HK,YAN TAT GROUP,ok,2462,2026-09-29,
1481,1481.HK,SMART GLOBE,ok,2152,2026-09-28,
1483,1483.HK,NET-A-GO TECH,ok,2462,2026-09-29,
1486,1486.HK,C CHENG HLDGS,ok,2461,2026-09-28,
1488,1488.HK,BEST FOOD HLDG,ok,2461,2026-09-28,
1489,1489.HK,GC CONSTRUCTION,ok,976,2026-09-29,
1490,1490.HK,AI X TECH,ok,1402,2026-09-29,
1496,1496.HK,AP RENTALS,ok,2462,2026-09-29,
1497,1497.HK,YAN PALACE,ok,686,2026-09-28,
1498,1498.HK,PURAPHARM,ok,2462,2026-09-29,
1499,1499.HK,OKG TECH,ok,2462,2026-09-29,
1500,1500.HK,INCON,ok,2462,2026-09-29,
1501,1501.HK,INT MEDICAL,ok,1695,2026-09-29,
1502,1502.HK,FIN STREET PPT,ok,1535,2026-09-29,
1508,1508.HK,CHINA RE,ok,2462,2026-09-29,
1511,1511.HK,UISEE TECH,ok,92,2026-09-29,
1513,1513.HK,LIVZON PHARMA,ok,2462,2026-09-29,
1515,1515.HK,CR MEDICAL,ok,2462,2026-09-29,
1516,1516.HK,SUNAC SERVICES,ok,1441,2026-09-29,
1518,1518.HK,NC HEALTHCARE,ok,2386,2026-09-29,
1519,1519.HK,J&T EXPRESS-W,ok,719,2026-09-29,
1520,1520.HK,VIRTUAL MIND,ok,2462,2026-09-29,
1521,1521.HK,FRONTAGE,ok,1807,2026-09-29,
1522,1522.HK,BII TRANS TECH,ok,2462,2026-09-29,
1523,1523.HK,PLOVER BAY TECH,ok,2462,2026-09-29,
1525,1525.HK,GENCH EDU,ok,1649,2026-09-29,
1526,1526.HK,RICI HEALTH,ok,2457,2026-09-29,
1527,1527.HK,TENGY ENV,ok,2462,2026-09-29,
1529,1529.HK,YUES INTL HLDG,ok,2202,2026-09-29,
1530,1530.HK,3SBIO,ok,2462,2026-09-29,
1532,1532.HK,CHINA PARTYTIME,ok,2462,2026-09-29,
1536,1536.HK,YUK WING GP,ok,2392,2026-09-29,
1538,1538.HK,ZHONG AO HOME,ok,2462,2026-09-29,
1539,1539.HK,UNITY GP HLDGS,ok,2462,2026-09-29,
1540,1540.HK,LEFTFIELD PRINT,ok,1963,2026-09-29,
1541,1541.HK,IMMUNEONCO-B,ok,754,2026-09-29,
1542,1542.HK,TAIZHOU WATER,ok,1660,2026-09-29,
1543,1543.HK,JOIN-SHARE,ok,2461,2026-09-28,
1545,1545.HK,DESIGN CAPITAL,ok,1830,2026-09-29,
1546,1546.HK,THELLOY DEV,ok,2461,2026-09-28,
1547,1547.HK,IBI GROUP HLDGS,ok,2451,2026-09-28,
1548,1548.HK,GENSCRIPT BIO,ok,2462,2026-09-29,
1549,1549.HK,EVER HARVEST GP,ok,2462,2026-09-29,
1551,1551.HK,GRCB,ok,2286,2026-09-29,
1552,1552.HK,BHCC HOLDING,ok,2226,2026-09-29,
1553,1553.HK,MAIKE TUBE,ok,1666,2026-09-28,
1555,1555.HK,MIE HOLDINGS,ok,2462,2026-09-29,
1556,1556.HK,CHINNEY KW,ok,2461,2026-09-28,
1557,1557.HK,K.H. GP HLDGS,ok,2462,2026-09-29,
1559,1559.HK,KWAN ON HLDGS,ok,2462,2026-09-29,
1560,1560.HK,STAR GROUP ASIA,ok,2462,2026-09-29,
1561,1561.HK,PAN ASIA DATA H,ok,2461,2026-09-28,
1563,1563.HK,ALLI INTL ED LE,ok,1856,2026-09-29,
1565,1565.HK,VIRSCEND EDU,ok,2461,2026-09-28,
1566,1566.HK,CA CULTURAL,ok,2462,2026-09-29,
1568,1568.HK,SUNDART HLDGS,ok,2462,2026-09-29,
1569,1569.HK,MINSHENG EDU,ok,2343,2026-09-29,
1570,1570.HK,WEIYE HOLDINGS,ok,2221,2026-09-29,
1571,1571.HK,XIN POINT HOLD,ok,2279,2026-09-29,
1572,1572.HK,CHINA ART FIN,ok,2435,2026-09-29,
1575,1575.HK,REGAL PARTNERS,ok,2390,2026-09-29,
1576,1576.HK,QILU EXPRESSWAY,ok,2018,2026-09-29,
1577,1577.HK,HUIXIN CREDIT,ok,2461,2026-09-29,
1578,1578.HK,BANK OF TIANJIN,ok,2462,2026-09-29,
1579,1579.HK,YIHAI INTL,ok,2462,2026-09-29,
1580,1580.HK,DA SEN HLDGS,ok,2406,2026-09-29,
1581,1581.HK,PROGRESSIVE P,ok,2413,2026-09-29,
1582,1582.HK,CR CONSTRUCTION,ok,1712,2026-09-29,
1583,1583.HK,QINQIN FOODS,ok,2462,2026-09-29,
1585,1585.HK,YADEA,ok,2462,2026-09-29,
1586,1586.HK,LEON INSPECTION,ok,2461,2026-09-28,
1587,1587.HK,SHINEROAD INTL,ok,2033,2026-09-29,
1588,1588.HK,CHANJET,ok,2462,2026-09-29,
1591,1591.HK,SHUN WO GROUP,ok,2462,2026-09-29,
1592,1592.HK,ANCHORSTONE,ok,2029,2026-09-29,
1593,1593.HK,CHEN LIN EDU,ok,1670,2026-09-29,
1596,1596.HK,YICHEN IND,ok,2403,2026-09-29,
1597,1597.HK,NATURE ENERGY T,ok,1462,2026-09-29,
1598,1598.HK,21CENTURY EDU,ok,2052,2026-09-28,
1599,1599.HK,UCD,ok,2462,2026-09-29,
1600,1600.HK,TIAN LUN GAS,ok,2462,2026-09-29,
1601,1601.HK,ZGC TEC LEASING,ok,1646,2026-09-29,
1606,1606.HK,CDB LEASING,ok,2462,2026-09-29,
1608,1608.HK,VPOWER GROUP,ok,2423,2026-09-29,
1609,1609.HK,STAR SPORTS MED,ok,103,2026-09-29,
1610,1610.HK,COFCO JOYCOME,ok,2440,2026-09-29,
1611,1611.HK,BITFIRE GROUP,ok,2424,2026-09-29,
1612,1612.HK,VINCENT MED,ok,2462,2026-09-29,
1613,1613.HK,SYNERTONE,ok,2462,2026-09-29,
1615,1615.HK,AB BUILDERS,ok,1981,2026-09-29,
1616,1616.HK,A METAVERSE,ok,2461,2026-09-28,
1617,1617.HK,NANFANG COMM,ok,2411,2026-09-29,
1618,1618.HK,MCC,ok,2462,2026-09-29,
1620,1620.HK,CINESE INTL,ok,2032,2026-09-29,
1621,1621.HK,VICO INTL HLDGS,ok,2109,2026-09-29,
1622,1622.HK,REDCO GROUP,ok,2462,2026-09-29,
1623,1623.HK,HILONG,ok,2462,2026-09-29,
1626,1626.HK,JIA YAO HLDGS,ok,2462,2026-09-29,
1627,1627.HK,ABLE ENG HLDGS,ok,2363,2026-09-28,
1628,1628.HK,YUZHOU GROUP,ok,2461,2026-09-28,
1629,1629.HK,CHAMP ALLI INTL,ok,2422,2026-09-29,
1630,1630.HK,KIN SHING HLDGS,ok,2287,2026-09-29,
1631,1631.HK,REF HOLDINGS,ok,2462,2026-09-29,
1632,1632.HK,MSCTECH,ok,2418,2026-09-28,
1633,1633.HK,SHEUNG YUE GP,ok,2431,2026-09-29,
1635,1635.HK,DZUG,ok,2416,2026-09-29,
1636,1636.HK,CMRU,ok,2461,2026-09-28,
1637,1637.HK,SH GROUP HLDG,ok,2396,2026-09-29,
1638,1638.HK,KAISA GROUP,ok,2462,2026-09-29,
1640,1640.HK,QIAN XUN TECH,ok,1693,2026-09-29,
1641,1641.HK,HX COLDCHAIN,ok,175,2026-09-28,
1643,1643.HK,MODERN CHI MED,ok,1402,2026-09-29,
1645,1645.HK,HAINA INTEL,ok,1556,2026-09-29,
1647,1647.HK,GRANDSHORES,ok,2338,2026-09-29,
1650,1650.HK,HYGIEIA GROUP,ok,1536,2026-09-29,
1651,1651.HK,TSUGAMI CHINA,ok,2217,2026-09-29,
1652,1652.HK,FUSEN PHARM,ok,2024,2026-09-29,
1653,1653.HK,MOS HOUSE,ok,1955,2026-09-29,
1655,1655.HK,OKURA HOLDINGS,ok,2311,2026-09-29,
1656,1656.HK,ISDN HOLDINGS,ok,2389,2026-09-28,
1657,1657.HK,SG GROUP HLDGS,ok,2344,2026-09-29,
1658,1658.HK,PSBC,ok,2462,2026-09-29,
1660,1660.HK,SEVEN ELEMENTS,ok,2372,2026-09-29,
1661,1661.HK,CH FRONTIER TEC,ok,2462,2026-09-29,
1662,1662.HK,YEE HOP HLDGS,ok,2462,2026-09-29,
1663,1663.HK,S HARBOURHOLD,ok,2462,2026-09-29,
1666,1666.HK,TONG REN TANG,ok,2462,2026-09-29,
1667,1667.HK,DIMMI LIFE HLDG,ok,2331,2026-09-28,
1668,1668.HK,CHINASOUTHCITY,ok,2461,2026-09-28,
1669,1669.HK,GIC GROUP,ok,2462,2026-09-29,
1671,1671.HK,TIANBAO ENERGY,ok,2073,2026-09-29,
1672,1672.HK,ASCLETIS-B,ok,2009,2026-09-29,
1673,1673.HK,HUAZHANG TECH,ok,2462,2026-09-29,
1675,1675.HK,ASIAINFO TECH,ok,1912,2026-09-29,
1676,1676.HK,GAODI HOLDINGS,ok,2265,2026-09-29,
1679,1679.HK,RISECOMM GP,ok,2293,2026-09-29,
1680,1680.HK,MACAU LEGEND,ok,2462,2026-09-29,
1681,1681.HK,CONSUN PHARMA,ok,2462,2026-09-29,
1682,1682.HK,HP LIVING TECH,ok,2462,2026-09-29,
1683,1683.HK,HOPE LIFE INT,ok,2462,2026-09-29,
1685,1685.HK,BOER POWER,ok,2462,2026-09-29,
1686,1686.HK,SUNEVISION,ok,2462,2026-09-29,
1688,1688.HK,LINGYI ITECH,ok,67,2026-09-29,
1689,1689.HK,HUAXIHOLDINGS,ok,2462,2026-09-29,
1690,1690.HK,LAP KEI ENGRG,ok,2462,2026-09-29,
1691,1691.HK,JS GLOBAL LIFE,ok,1667,2026-09-29,
1692,1692.HK,TOWNRAY HLDGS,ok,1704,2026-09-28,
1693,1693.HK,BGMC,ok,2249,2026-09-29,
1695,1695.HK,S&P INTL HLDG,ok,2270,2026-09-29,
1696,1696.HK,SISRAM MED,ok,2221,2026-09-29,
1697,1697.HK,SDITC,ok,2165,2026-09-29,
1698,1698.HK,TME-SW,ok,988,2026-09-29,
1701,1701.HK,TU YI HLDG,ok,1785,2026-09-28,
1702,1702.HK,DONGGUANG CHEM,ok,2269,2026-09-28,
1703,1703.HK,EASYHOLD GROUP,ok,1876,2026-09-29,
1705,1705.HK,B & S INTL HLDG,ok,2102,2026-09-29,
1707,1707.HK,GEOTECH HLDGS,ok,2204,2026-09-28,
1708,1708.HK,SAMPLE TECH,ok,2461,2026-09-28,
1709,1709.HK,DL HOLDINGS GP,ok,2462,2026-09-29,
1710,1710.HK,TRIO IND ELEC,ok,2176,2026-09-29,
1711,1711.HK,ULFERTS,ok,2131,2026-09-28,
1712,1712.HK,DRAGON MINING,ok,1944,2026-09-29,
1713,1713.HK,SICHUAN EN INV,ok,1907,2026-09-29,
1715,1715.HK,AI HEALTH TECH,ok,2020,2026-09-28,
1716,1716.HK,MOST KWAI CHUNG,ok,2092,2026-09-29,
1717,1717.HK,AUSNUTRIA,ok,2462,2026-09-29,
1718,1718.HK,WAN KEI GROUP,ok,2461,2026-09-28,
1719,1719.HK,CIL GROUP,ok,2461,2026-09-28,
1721,1721.HK,FSM HOLDINGS,ok,2020,2026-09-28,
1722,1722.HK,KIN PANG HLDGS,ok,2160,2026-09-29,
1723,1723.HK,MOON INC,ok,1969,2026-09-29,
1725,1725.HK,C STRATEGIC TEC,ok,1998,2026-09-29,
1726,1726.HK,HKE HOLDINGS,ok,2080,2026-09-29,
1727,1727.HK,HEBEI CONS,ok,2160,2026-09-29,
1728,1728.HK,ZHENGTONGAUTO,ok,2461,2026-09-28,
1729,1729.HK,TIME INTERCON,ok,2121,2026-09-29,
1731,1731.HK,PROSPEROUS IND,ok,2022,2026-09-29,
1732,1732.HK,XIANGXING TECH,ok,2272,2026-09-28,
1733,1733.HK,E-COMMODITIES,ok,2462,2026-09-29,
1735,1735.HK,CENTRAL NEW EGY,ok,2091,2026-09-29,
1736,1736.HK,PARENTING NET,ok,2462,2026-09-29,
1737,1737.HK,A & S GROUP,ok,2102,2026-09-29,
1738,1738.HK,FS ANTHRACITE,ok,2461,2026-09-28,
1739,1739.HK,QEEKA HOME,ok,2023,2026-09-29,
1740,1740.HK,VALUES CULTURAL,ok,1649,2026-09-29,
1741,1741.HK,SHING CHI HLDGS,ok,1956,2026-09-28,
1742,1742.HK,HPC HOLDINGS,ok,2064,2026-09-29,
1745,1745.HK,LVJI TECH,ok,1648,2026-09-29,
1746,1746.HK,MAN SHUN GP,ok,2024,2026-09-29,
1747,1747.HK,HOME CONTROL,ok,1690,2026-09-28,
1748,1748.HK,XIN YUAN ENT,ok,1969,2026-09-28,
1749,1749.HK,SHANSHAN,ok,2032,2026-09-28,
1750,1750.HK,REM GROUP HLDGS,ok,2064,2026-09-29,
1751,1751.HK,AI ENERGY ENG,ok,2406,2026-09-29,
1752,1752.HK,TOP EDUCATION,ok,2064,2026-09-29,
1753,1753.HK,DUIBA,ok,1823,2026-09-29,
1755,1755.HK,S-ENJOY SERVICE,ok,1942,2026-09-28,
1756,1756.HK,CHI SCI&EDU IND,ok,1684,2026-09-29,
1757,1757.HK,GLOBAL CHI BC,ok,2046,2026-09-29,
1758,1758.HK,BOJUN EDU,ok,2009,2026-09-28,
1759,1759.HK,SINO GAS HLDGS,ok,1907,2026-09-29,
1760,1760.HK,INTRON TECH,ok,2023,2026-09-29,
1762,1762.HK,WANKA ONLINE,ok,1910,2026-09-29,
1763,1763.HK,CIRC,ok,2027,2026-09-29,
1765,1765.HK,XJ INTL HLDGS,ok,2007,2026-09-29,
1766,1766.HK,CRRC,ok,2462,2026-09-29,
1767,1767.HK,TS WONDERS,ok,1897,2026-09-29,
1768,1768.HK,BUSYMING,ok,165,2026-09-29,
1769,1769.HK,SCHOLAR EDU,ok,1792,2026-09-29,
1770,1770.HK,DKE,ok,59,2026-09-29,
1771,1771.HK,SUNFONDA GP,ok,2461,2026-09-28,
1772,1772.HK,GANFENGLITHIUM,ok,1960,2026-09-29,
1773,1773.HK,TIANLI INT HLDG,ok,2023,2026-09-29,
1775,1775.HK,BEXCELLENT GP,ok,2021,2026-09-28,
1776,1776.HK,GF SEC,ok,2462,2026-09-29,
1777,1777.HK,FANTASIA,ok,2462,2026-09-29,
1778,1778.HK,COLOUR LIFE,ok,2462,2026-09-29,
1779,1779.HK,LONGBIO-B,ok,81,2026-09-29,
1780,1780.HK,RONGZUN INT'L H,ok,1827,2026-09-29,
1782,1782.HK,IB DIGITAL TECH,ok,2407,2026-09-29,
1783,1783.HK,ENVISION GREEN,ok,1994,2026-09-29,
1785,1785.HK,CHENGDU EXPWAY,ok,1896,2026-09-29,
1786,1786.HK,CRCCE,ok,2462,2026-09-29,
1787,1787.HK,SD GOLD,ok,1968,2026-09-29,
1788,1788.HK,GUOTAI JUNAN I,ok,2462,2026-09-29,
1789,1789.HK,AK MEDICAL,ok,2157,2026-09-29,
1790,1790.HK,TIL ENVIRO,ok,1925,2026-09-28,
1792,1792.HK,CMON,ok,2417,2026-09-29,
1793,1793.HK,WECON HOLDINGS,ok,1868,2026-09-29,
1795,1795.HK,YADONG GROUP,ok,1442,2026-09-29,
1796,1796.HK,METASPACEX,ok,1906,2026-09-29,
1797,1797.HK,EAST BUY,ok,1847,2026-09-29,
1798,1798.HK,DATANG RENEW,ok,2462,2026-09-29,
1799,1799.HK,XINTE ENERGY,ok,2462,2026-09-29,
1800,1800.HK,CHINA COMM CONS,ok,2462,2026-09-29,
1801,1801.HK,INNOVENT BIO,ok,1947,2026-09-29,
1802,1802.HK,WENYE GROUP,ok,1650,2026-09-28,
1803,1803.HK,BJ SPORTS & ENT,ok,2462,2026-09-29,
1808,1808.HK,ENTERPRISE DEV,ok,2462,2026-09-29,
1809,1809.HK,PRINX CHENGSHAN,ok,1962,2026-09-29,
1810,1810.HK,XIAOMI-W,ok,2026,2026-09-29,
1811,1811.HK,CGN NEW ENERGY,ok,2462,2026-09-29,
1812,1812.HK,CHENMING PAPER,ok,2462,2026-09-29,
1813,1813.HK,KWG GROUP,ok,2462,2026-09-29,
1815,1815.HK,EVEREST GOLD,ok,2103,2026-09-29,
1816,1816.HK,CGN POWER,ok,2462,2026-09-29,
1817,1817.HK,MULSANNE GROUP,ok,1810,2026-09-29,
1818,1818.HK,ZHAOJIN MINING,ok,2462,2026-09-29,
1820,1820.HK,PM PACKAGING,ok,1909,2026-09-28,
1822,1822.HK,CHINA WOOD INT,ok,2461,2026-09-28,
1823,1823.HK,HUAYUEXPRESSWAY,ok,2462,2026-09-29,
1825,1825.HK,STERLING GP,ok,1955,2026-09-29,
1826,1826.HK,FDB HOLDINGS,ok,2462,2026-09-29,
1827,1827.HK,MIRICOR,ok,2391,2026-09-28,
1828,1828.HK,FWD,ok,306,2026-09-29,
1830,1830.HK,PERFECT MEDICAL,ok,2462,2026-09-29,
1831,1831.HK,SHIFANG HLDG,ok,2461,2026-09-28,
1832,1832.HK,SAI LEISURE,ok,1817,2026-09-29,
1833,1833.HK,PA GOODDOCTOR,ok,2069,2026-09-29,
1835,1835.HK,REALWAY CAPITAL,ok,1937,2026-09-28,
1836,1836.HK,STELLA HOLDINGS,ok,2462,2026-09-29,
1837,1837.HK,NATURAL FOOD IH,ok,1917,2026-09-29,
1841,1841.HK,A.PLUS GROUP,ok,2462,2026-09-29,
1842,1842.HK,GROWN UP GROUP,ok,1786,2026-09-29,
1843,1843.HK,SNACK EMPIRE,ok,1707,2026-09-29,
1845,1845.HK,WG ENV TECH,ok,1903,2026-09-28,
1846,1846.HK,EUROEYES,ok,1712,2026-09-28,
1847,1847.HK,GHPC,ok,1700,2026-09-28,
1848,1848.HK,CALC,ok,2462,2026-09-29,
1849,1849.HK,AM GROUP,ok,1786,2026-09-28,
1850,1850.HK,BEAUTIFULLIFEGP,ok,2328,2026-09-29,
1851,1851.HK,GINGKO EDU,ok,1893,2026-09-29,
1853,1853.HK,CHUNCHENG HEAT,ok,1705,2026-09-28,
1854,1854.HK,CHINA WANTIAN,ok,2453,2026-09-29,
1855,1855.HK,ZONQING LTD,ok,1409,2026-09-29,
1856,1856.HK,ERNEST BOREL,ok,2462,2026-09-29,
1857,1857.HK,CEB WATER,ok,1822,2026-09-29,
1858,1858.HK,CHUNLI MEDICAL,ok,2462,2026-09-29,
1860,1860.HK,MOBVISTA,ok,1917,2026-09-29,
1861,1861.HK,PRECIOUS DRAGON,ok,1792,2026-09-29,
1862,1862.HK,JINGRUI HLDGS,ok,2461,2026-09-28,
1865,1865.HK,PENGO HLDG GP,ok,1848,2026-09-29,
1866,1866.HK,CHINA XLX FERT,ok,2462,2026-09-29,
1867,1867.HK,STD DEV GROUP,ok,2390,2026-09-28,
1868,1868.HK,NEO-NEON,ok,2461,2026-09-28,
1869,1869.HK,KAFELAKU COFFEE,ok,2462,2026-09-29,
1870,1870.HK,GREEN POWER GP,ok,1695,2026-09-29,
1871,1871.HK,CHINA ORIENTED,ok,1706,2026-09-29,
1872,1872.HK,GUAN CHAO HLDGS,ok,1867,2026-09-29,
1873,1873.HK,VIVA BIOTECH,ok,1821,2026-09-29,
1875,1875.HK,BIODLINK-B,ok,1695,2026-09-29,
1876,1876.HK,BUD APAC,ok,1722,2026-09-29,
1877,1877.HK,JUNSHI BIO,ok,1909,2026-09-29,
1878,1878.HK,SOUTHGOBI,ok,2462,2026-09-29,
1879,1879.HK,XIZHI TECH-P,ok,107,2026-09-29,
1880,1880.HK,CTG DUTY-FREE,ok,1006,2026-09-29,
1882,1882.HK,HAITIAN INT'L,ok,2462,2026-09-29,
1883,1883.HK,CITIC TELECOM,ok,2462,2026-09-29,
1884,1884.HK,EPRINT GROUP,ok,2461,2026-09-28,
1888,1888.HK,KB LAMINATES,ok,2462,2026-09-29,
1889,1889.HK,SANAI HEALTH GP,ok,2461,2026-09-28,
1890,1890.HK,CHINA KEPEI,ok,1888,2026-09-29,
1891,1891.HK,HENG HUP,ok,1856,2026-09-29,
1894,1894.HK,HANG YICK HLDGS,ok,1959,2026-09-29,
1895,1895.HK,XINYUAN PM,ok,1714,2026-09-28,
1896,1896.HK,MAOYAN ENT,ok,1882,2026-09-29,
1897,1897.HK,MILLIONHOPE IND,ok,1854,2026-09-29,
1898,1898.HK,CHINA COAL,ok,2462,2026-09-29,
1899,1899.HK,XINGDA INT'L,ok,2462,2026-09-29,
1900,1900.HK,CHINA ITS,ok,2461,2026-09-28,
1901,1901.HK,FEIYANG GROUP,ok,1785,2026-09-28,
1903,1903.HK,JBB BUILDERS,ok,1819,2026-09-28,
1905,1905.HK,HAITONG UT,ok,1805,2026-09-29,
1906,1906.HK,BONNY HLDG,ok,1829,2026-09-29,
1907,1907.HK,CHINA RISUN GP,ok,1856,2026-09-29,
1908,1908.HK,C&D INTL GROUP,ok,2462,2026-09-29,
1909,1909.HK,FIRE ROCK,ok,2462,2026-09-29,
1910,1910.HK,SAMSONITE,ok,2462,2026-09-29,
1911,1911.HK,CR HOLDINGS,ok,1969,2026-09-29,
1912,1912.HK,CONTEL,ok,1776,2026-09-29,
1913,1913.HK,PRADA,ok,2462,2026-09-29,
1915,1915.HK,TAIHE M-FIN,ok,2315,2026-09-28,
1916,1916.HK,JIANGXI BANK,ok,2033,2026-09-29,
1917,1917.HK,DOUMOB,ok,1857,2026-09-29,
1918,1918.HK,SUNAC,ok,2462,2026-09-29,
1919,1919.HK,COSCO SHIP HOLD,ok,2462,2026-09-29,
1920,1920.HK,JUNWEA GROUP,ok,1753,2026-09-29,
1921,1921.HK,DALIPAL HLDG,ok,1695,2026-09-29,
1925,1925.HK,KWUNGS AROMA,ok,1649,2026-09-29,
1927,1927.HK,JIUJIUWANG,ok,1362,2026-09-29,
1928,1928.HK,SANDS CHINA LTD,ok,2462,2026-09-29,
1929,1929.HK,CHOW TAI FOOK,ok,2462,2026-09-29,
1930,1930.HK,SHINELONG,ok,1786,2026-09-29,
1931,1931.HK,ETHK LABS INC.,ok,1777,2026-09-29,
1932,1932.HK,CPM GROUP,ok,2272,2026-09-29,
1933,1933.HK,ONEFORCE HLDGS,ok,2110,2026-09-29,
1935,1935.HK,JH EDUCATION,ok,1795,2026-09-29,
1936,1936.HK,RITAMIX,ok,1571,2026-09-29,
1937,1937.HK,JIACHEN HOLDING,ok,1648,2026-09-29,
1938,1938.HK,CHU KONG PIPE,ok,2462,2026-09-29,
1939,1939.HK,SHANGSHAN GOLD,ok,1960,2026-09-29,
1940,1940.HK,CGII HLDGS,ok,1414,2026-09-29,
1941,1941.HK,YE XING GROUP,ok,1610,2026-09-29,
1942,1942.HK,MOG DIGITECH,ok,1589,2026-09-29,
1943,1943.HK,KING'S STONE,ok,1786,2026-09-29,
1945,1945.HK,ZERO2IPO,ok,1413,2026-09-29,
1947,1947.HK,MEIHAO GROUP,ok,929,2026-09-29,
1948,1948.HK,UJU HOLDING,ok,1203,2026-09-29,
1949,1949.HK,PLATT NERA,ok,1776,2026-09-29,
1950,1950.HK,DIWANG IND H,ok,1611,2026-09-29,
1951,1951.HK,JXR,ok,1787,2026-09-29,
1952,1952.HK,EVEREST MED,ok,1468,2026-09-29,
1953,1953.HK,SFQ GLOBAL,ok,1580,2026-09-29,
1955,1955.HK,JOHNSON HLDGS,ok,1712,2026-09-29,
1956,1956.HK,WENGE AI,ok,67,2026-09-29,
1957,1957.HK,MBV INTL,ok,1533,2026-09-29,
1958,1958.HK,BAIC MOTOR,ok,2462,2026-09-29,
1959,1959.HK,ZHONG JU INVEST,ok,1710,2026-09-29,
1960,1960.HK,TBKS HLDGS,ok,1722,2026-09-29,
1961,1961.HK,INFINITIES TECH,ok,1607,2026-09-28,
1962,1962.HK,EVERGREEN PG,ok,2269,2026-09-29,
1963,1963.HK,BCQ,ok,2462,2026-09-29,
1965,1965.HK,LANDSEA LIFE,ok,1286,2026-09-29,
1966,1966.HK,CHINA SCE GROUP,ok,2462,2026-09-29,
1967,1967.HK,CONFIDENCE IN,ok,1710,2026-09-29,
1968,1968.HK,HINGTEX HLDGS,ok,2021,2026-09-29,
1969,1969.HK,CHINA CHUNLAI,ok,1978,2026-09-29,
1970,1970.HK,IMAX CHINA,ok,2461,2026-09-28,
1971,1971.HK,RSUN SER,ok,1534,2026-09-29,
1972,1972.HK,SWIREPROPERTIES,ok,2462,2026-09-29,
1973,1973.HK,TIAN TU CAPITAL,ok,733,2026-09-29,
1975,1975.HK,SUN HING PRINT,ok,2181,2026-09-29,
1977,1977.HK,ANALOGUE HLDGS,ok,1778,2026-09-29,
1978,1978.HK,LH GROUP,ok,2052,2026-09-29,
1979,1979.HK,TEN PAO GROUP,ok,2462,2026-09-29,
1980,1980.HK,TIANGE,ok,2462,2026-09-29,
1981,1981.HK,CATHAY GP HLDGS,ok,1528,2026-09-29,
1982,1982.HK,NAMESON HLDGS,ok,2462,2026-09-29,
1983,1983.HK,LUZHOU BANK,ok,1914,2026-09-29,
1985,1985.HK,MICROWARE,ok,2353,2026-09-29,
1986,1986.HK,TSAKER NE,ok,2462,2026-09-29,
1987,1987.HK,BENG SOON MACH,ok,1693,2026-09-28,
1988,1988.HK,MINSHENG BANK,ok,2462,2026-09-29,
1989,1989.HK,DELTON,ok,131,2026-09-29,
1991,1991.HK,TA YANG GROUP,ok,2462,2026-09-29,
1993,1993.HK,ASIARAY,ok,2462,2026-09-29,
1995,1995.HK,ES SERVICES,ok,1914,2026-09-29,
1996,1996.HK,RSUN PPT,ok,2022,2026-09-28,
1997,1997.HK,WHARF REIC,ok,2182,2026-09-29,
1999,1999.HK,MAN WAH HLDGS,ok,2462,2026-09-29,
2000,2000.HK,SIM TECH,ok,2462,2026-09-29,
2001,2001.HK,NEW HIGHER EDU,ok,2326,2026-09-29,
2002,2002.HK,SUNSHINE PAPER,ok,2462,2026-09-29,
2003,2003.HK,VCREDIT,ok,2037,2026-09-29,
2005,2005.HK,SSY GROUP,ok,2462,2026-09-29,
2007,2007.HK,COUNTRY GARDEN,ok,2462,2026-09-29,
2008,2008.HK,PHOENIX TV,ok,2462,2026-09-29,
2009,2009.HK,BBMG,ok,2462,2026-09-29,
2011,2011.HK,GILSTON GROUP,ok,2461,2026-09-28,
2012,2012.HK,SUNSHINE OIL,ok,2462,2026-09-29,
2013,2013.HK,WEIMOB INC,ok,1896,2026-09-29,
2015,2015.HK,LI AUTO-W,ok,1261,2026-09-29,
2016,2016.HK,CZBANK,ok,2462,2026-09-29,
2017,2017.HK,CHANHIGH,ok,2335,2026-09-29,
2018,2018.HK,AAC TECH,ok,2462,2026-09-29,
2020,2020.HK,ANTA SPORTS,ok,2462,2026-09-29,
2022,2022.HK,DIGIT HOLLYWOOD,ok,2160,2026-09-29,
2023,2023.HK,CHINA LUDAO,ok,2461,2026-09-28,
2025,2025.HK,RUIFENG POWER,ok,2148,2026-09-29,
2026,2026.HK,PONY-W,ok,221,2026-09-29,
2028,2028.HK,JOLIMARK,ok,2462,2026-09-29,
2030,2030.HK,CABBEEN,ok,2462,2026-09-29,
2031,2031.HK,AUSUPREME,ok,2462,2026-09-29,
2033,2033.HK,TIME WATCH,ok,2462,2026-09-29,
2038,2038.HK,FIH,ok,2462,2026-09-29,
2039,2039.HK,CIMC,ok,2462,2026-09-29,
2041,2041.HK,MEDCAPTAIN,ok,16,2026-09-29,
2048,2048.HK,E-HOUSE ENT,ok,2017,2026-09-29,
2050,2050.HK,SANHUA,ok,315,2026-09-29,
2051,2051.HK,VALA,ok,2022,2026-09-29,
2057,2057.HK,ZTO EXPRESS-W,ok,1474,2026-09-29,
2068,2068.HK,CHALIECO,ok,2462,2026-09-29,
2076,2076.HK,BOSS ZHIPIN-W,ok,923,2026-09-29,
2078,2078.HK,PANASIALUM,ok,2462,2026-09-29,
2080,2080.HK,AUX INTL,ok,2462,2026-09-29,
2086,2086.HK,LEADWAY TECH,ok,2461,2026-09-28,
2088,2088.HK,XIWANG PROPERTY,ok,2461,2026-09-28,
2096,2096.HK,SIMCERE PHARMA,ok,1458,2026-09-29,
2097,2097.HK,MIXUE GROUP,ok,390,2026-09-29,
2098,2098.HK,ZALL SMARTCOM,ok,2461,2026-09-28,
2099,2099.HK,CHINAGOLDINTL,ok,2462,2026-09-29,
2100,2100.HK,BAIOO,ok,2462,2026-09-29,
2101,2101.HK,FULU HOLDINGS,ok,1481,2026-09-29,
2102,2102.HK,TAK LEE MACH,ok,2258,2026-09-29,
2105,2105.HK,LAEKNA-B,ok,800,2026-09-29,
2107,2107.HK,FIRST SERVICE,ok,1460,2026-09-29,
2108,2108.HK,K2 F&B,ok,1863,2026-09-29,
2110,2110.HK,TIAN CHENG-NEW,ok,1429,2026-09-29,
2111,2111.HK,BEST PACIFIC,ok,2462,2026-09-29,
2112,2112.HK,GRACE LIFE-TECH,ok,2462,2026-09-29,
2113,2113.HK,CENTURY GP-NEW,ok,2451,2026-09-29,
2116,2116.HK,JS INNOV,ok,2092,2026-09-29,
2119,2119.HK,TSIT WING INTL,ok,2063,2026-09-28,
2120,2120.HK,KN HOSPITAL,ok,2462,2026-09-29,
2121,2121.HK,AINNOVATION,ok,1146,2026-09-29,
2122,2122.HK,KIDSLAND INTL,ok,2185,2026-09-29,
2125,2125.HK,STRAWBEAR ENT,ok,1402,2026-09-29,
2126,2126.HK,JW THERAP-B,ok,1453,2026-09-29,
2127,2127.HK,HUISEN SHARES,ok,1413,2026-09-28,
2128,2128.HK,CHINA LESSO,ok,2462,2026-09-29,
2129,2129.HK,LEGION CONSO,ok,1404,2026-09-29,
2130,2130.HK,CN LOGISTICS,ok,1465,2026-09-29,
2131,2131.HK,NETJOY,ok,1420,2026-09-28,
2132,2132.HK,LANDRICH HLDG,ok,1462,2026-09-29,
2135,2135.HK,RAILY AESMED,ok,1415,2026-09-29,
2136,2136.HK,LIFESTYLE CHI,ok,2462,2026-09-29,
2137,2137.HK,BRII-B,ok,1283,2026-09-29,
2138,2138.HK,EC HEALTHCARE,ok,2462,2026-09-29,
2139,2139.HK,BANK OF GANSU,ok,2139,2026-09-29,
2142,2142.HK,HBM HOLDINGS-B,ok,1426,2026-09-29,
2145,2145.HK,CHICMAX,ok,923,2026-09-29,
2146,2146.HK,ROISERV,ok,1402,2026-09-29,
2147,2147.HK,ZHENGWEI GROUP,ok,910,2026-09-29,
2149,2149.HK,BATELAB,ok,677,2026-09-29,
2150,2150.HK,NAYUKI,ok,1291,2026-09-29,
2152,2152.HK,SUXIN SERVICES,ok,1006,2026-09-28,
2153,2153.HK,TAT HONG EQUIP,ok,1404,2026-09-29,
2155,2155.HK,MORIMATSU INTL,ok,1292,2026-09-29,
2156,2156.HK,C&D PROPERTY,ok,1412,2026-09-29,
2157,2157.HK,LEPU BIO,ok,1130,2026-09-29,
2158,2158.HK,YIDU TECH,ok,1402,2026-09-29,
2159,2159.HK,MEDIWELCOME,ok,1400,2026-09-29,
2160,2160.HK,MP CARDIOFLOW-B,ok,1387,2026-09-28,
2161,2161.HK,JBM HEALTHCARE,ok,1387,2026-09-29,
2162,2162.HK,KEYMED BIO-B,ok,1286,2026-09-29,
2163,2163.HK,BROAD HOMES,ok,1696,2026-09-28,
2165,2165.HK,LING YUE SER GP,ok,1284,2026-09-29,
2166,2166.HK,SMART-CORE,ok,2456,2026-09-29,
2167,2167.HK,TI CLOUD,ok,1045,2026-09-29,
2168,2168.HK,KAISA PROSPER,ok,1920,2026-09-28,
2169,2169.HK,CANGGANGRAILWAY,ok,1458,2026-09-28,
2170,2170.HK,BASECARE-B,ok,1386,2026-09-29,
2171,2171.HK,CARSGEN-B,ok,1299,2026-09-29,
2172,2172.HK,MICROPORT NEURO,ok,1034,2026-09-28,
2175,2175.HK,CH GENERAL EDU,ok,1280,2026-09-29,
2176,2176.HK,CCID CONSULTING,ok,2462,2026-09-29,
2177,2177.HK,UNQ HOLDINGS,ok,1284,2026-09-29,
2178,2178.HK,PETRO-KING,ok,2462,2026-09-29,
2179,2179.HK,RECBIO-B,ok,1103,2026-09-28,
2180,2180.HK,MANPOWER GRC,ok,1780,2026-09-29,
2181,2181.HK,MABPHARM-B,ok,1805,2026-09-28,
2182,2182.HK,TIAN CHANG GP,ok,1626,2026-09-29,
2185,2185.HK,BIOHEART-B,ok,1170,2026-09-29,
2186,2186.HK,LUYE PHARMA,ok,2462,2026-09-29,
2187,2187.HK,ZHIXIN GP HLDG,ok,1354,2026-09-29,
2188,2188.HK,TITANS ENERGY,ok,2461,2026-09-28,
2189,2189.HK,KATO (HK) HLDGS,ok,1798,2026-09-29,
2190,2190.HK,ZYLOXTB,ok,1289,2026-09-29,
2192,2192.HK,MEDLIVE,ok,1281,2026-09-29,
2193,2193.HK,MAN KING HOLD,ok,2462,2026-09-29,
2195,2195.HK,UNITY ENT,ok,1351,2026-09-29,
2196,2196.HK,FOSUN PHARMA,ok,2462,2026-09-29,
2197,2197.HK,CLOVER BIO-B,ok,1204,2026-09-29,
2198,2198.HK,CHINA SANJIANG,ok,2462,2026-09-29,
2199,2199.HK,REGINA MIRACLE,ok,2462,2026-09-29,
2202,2202.HK,CHINA VANKE,ok,2462,2026-09-29,
2203,2203.HK,BRAINHOLE TECH,ok,2461,2026-09-28,
2205,2205.HK,KANGQIAO SER,ok,1279,2026-09-28,
2208,2208.HK,GOLDWIND,ok,2462,2026-09-29,
2209,2209.HK,YESASIA HLDGS,ok,1285,2026-09-29,
2210,2210.HK,BEIJING JIAYE,ok,1201,2026-09-29,
2211,2211.HK,UNI HEALTH,ok,2462,2026-09-29,
2212,2212.HK,FB MINING,ok,2461,2026-09-28,
2215,2215.HK,DEXIN SER GROUP,ok,1281,2026-09-29,
2216,2216.HK,BRONCUS-B,ok,1231,2026-09-29,
2218,2218.HK,ANDRE JUICE,ok,2462,2026-09-29,
2219,2219.HK,CHAOJU EYE CARE,ok,1287,2026-09-29,
2221,2221.HK,NEW CONCEPTS,ok,2462,2026-09-29,
2222,2222.HK,NVC INTL,ok,2461,2026-09-28,
2223,2223.HK,CASABLANCA,ok,2461,2026-09-28,
2225,2225.HK,JINHAI MED TECH,ok,2203,2026-09-29,
2226,2226.HK,HONWORLD GP,ok,2462,2026-09-29,
2227,2227.HK,SOLIS HOLDINGS,ok,2164,2026-09-29,
2228,2228.HK,XTALPI,ok,566,2026-09-29,
2230,2230.HK,MEDIALINK GROUP,ok,1814,2026-09-29,
2231,2231.HK,JY GRANDMARK,ok,1676,2026-09-29,
2232,2232.HK,CRYSTAL INTL,ok,2190,2026-09-29,
2233,2233.HK,WESTCHINACEMENT,ok,2462,2026-09-29,
2235,2235.HK,MICROTECH MED-B,ok,1217,2026-09-29,
2236,2236.HK,WISON ENGRG,ok,2462,2026-09-29,
2237,2237.HK,CHINA GRAPHITE,ok,1033,2026-09-28,
2238,2238.HK,GAC GROUP,ok,2462,2026-09-29,
2239,2239.HK,SMIT,ok,2461,2026-09-28,
2245,2245.HK,LYGEND RESOURCE,ok,938,2026-09-29,
2246,2246.HK,GOGOX,ok,1049,2026-09-29,
2249,2249.HK,NEXCHIP,ok,58,2026-09-29,
2250,2250.HK,B.DUCK SEMK,ok,1154,2026-09-29,
2251,2251.HK,AIRDOC-B,ok,1204,2026-09-29,
2252,2252.HK,MEDBOT-B,ok,1206,2026-09-28,
2255,2255.HK,HAICHANG HLDG,ok,2462,2026-09-29,
2256,2256.HK,ABBISKO-B,ok,1219,2026-09-29,
2257,2257.HK,SIRNAOMICS-B,ok,1166,2026-09-29,
2258,2258.HK,WATTS INT'L,ok,1933,2026-09-28,
2259,2259.HK,ZIJIN GOLD INTL,ok,245,2026-09-29,
2260,2260.HK,VANOV HOLDINGS,ok,1157,2026-09-28,
2261,2261.HK,NASN TECH,ok,38,2026-09-29,
2262,2262.HK,SLD GROUP,ok,2027,2026-09-28,
2263,2263.HK,FU SHEK FIN,ok,1627,2026-09-29,
2265,2265.HK,HC ENV TECH,ok,1199,2026-09-29,
2266,2266.HK,LAI SI ENT,ok,2370,2026-09-28,
2268,2268.HK,WUXI XDC,ok,704,2026-09-29,
2269,2269.HK,WUXI BIO,ok,2291,2026-09-29,
2270,2270.HK,DESUN SERVICES,ok,1173,2026-09-28,
2271,2271.HK,ZHONGAN SERVICE,ok,788,2026-09-29,
2272,2272.HK,KEYTOP PARKING,ok,67,2026-09-29,
2273,2273.HK,GUSHENGTANG,ok,1179,2026-09-29,
2276,2276.HK,CONANT OPTICAL,ok,1175,2026-09-29,
2279,2279.HK,YONGHE MEDICAL,ok,1178,2026-09-29,
2280,2280.HK,HC GROUP,ok,2461,2026-09-28,
2281,2281.HK,XINGLU WATER,ok,2337,2026-09-29,
2282,2282.HK,MGM CHINA,ok,2462,2026-09-29,
2283,2283.HK,TK GROUP HLDG,ok,2462,2026-09-29,
2285,2285.HK,CHERVON,ok,1166,2026-09-29,
2286,2286.HK,CHEN XING,ok,2462,2026-09-29,
2288,2288.HK,RYKADAN CAPITAL,ok,2462,2026-09-29,
2289,2289.HK,CHARMACY PHAR,ok,2461,2026-09-28,
2290,2290.HK,LUNG FUNG GROUP,ok,81,2026-09-29,
2291,2291.HK,SCIENTECH,ok,955,2026-09-29,
2293,2293.HK,BAMBOOSHEALTH,ok,2462,2026-09-29,
2295,2295.HK,MAXICITY,ok,1670,2026-09-29,
2297,2297.HK,RAINMED-B,ok,1040,2026-09-29,
2298,2298.HK,COSMO LADY,ok,2462,2026-09-29,
2299,2299.HK,BILLION IND,ok,2461,2026-09-28,
2302,2302.HK,CNNC INT'L,ok,2462,2026-09-29,
2306,2306.HK,YH ENT,ok,906,2026-09-29,
2307,2307.HK,KAM HING INT'L,ok,2462,2026-09-29,
2309,2309.HK,ZO FUTURE GROUP,ok,2462,2026-09-29,
2310,2310.HK,TIMES UNI GP,ok,2462,2026-09-29,
2312,2312.HK,LONG INV CORP,ok,2462,2026-09-29,
2313,2313.HK,SHENZHOU INTL,ok,2462,2026-09-29,
2314,2314.HK,LEE & MAN PAPER,ok,2462,2026-09-29,
2315,2315.HK,BIOCYTOGEN-B,ok,1001,2026-09-29,
2317,2317.HK,VEDAN INT'L,ok,2461,2026-09-28,
2318,2318.HK,PING AN,ok,2462,2026-09-29,
2319,2319.HK,MENGNIU DAIRY,ok,2462,2026-09-29,
2320,2320.HK,HOP FUNG GROUP,ok,2462,2026-09-29,
2321,2321.HK,SWANGCHAICHUAN,ok,1010,2026-09-29,
2322,2322.HK,MODERN INNO DT,ok,2462,2026-09-29,
2324,2324.HK,CAPITAL VC,ok,2462,2026-09-29,
2325,2325.HK,YUNKANG GROUP,ok,1075,2026-09-29,
2326,2326.HK,NPE HOLDINGS,ok,2462,2026-09-29,
2327,2327.HK,MEILLEUREHEALTH,ok,2462,2026-09-29,
2328,2328.HK,PICC P&C,ok,2462,2026-09-29,
2329,2329.HK,GLORY HEALTH,ok,2462,2026-09-29,
2330,2330.HK,CHINA UPTOWN,ok,2461,2026-09-28,
2331,2331.HK,LI NING,ok,2462,2026-09-29,
2333,2333.HK,GWMOTOR,ok,2462,2026-09-29,
2335,2335.HK,MICOT PHARMA-B,ok,69,2026-09-29,
2336,2336.HK,SHUOAO INTL,ok,2462,2026-09-29,
2337,2337.HK,UNITED STRENGTH,ok,2204,2026-09-29,
2338,2338.HK,WEICHAI POWER,ok,2462,2026-09-29,
2339,2339.HK,BWI INT'L,ok,2462,2026-09-29,
2340,2340.HK,ISP HOLDINGS,ok,2461,2026-09-28,
2342,2342.HK,COMBA,ok,2462,2026-09-29,
2343,2343.HK,PACIFIC BASIN,ok,2462,2026-09-29,
2347,2347.HK,YOHO GROUP,ok,1059,2026-09-29,
2348,2348.HK,DAWNRAYS PHARMA,ok,2462,2026-09-29,
2349,2349.HK,CHINA AI INFRA,ok,2462,2026-09-29,
2350,2350.HK,MTT GROUP,ok,985,2026-09-29,
2352,2352.HK,DOWELL SERVICE,ok,1086,2026-09-29,
2355,2355.HK,BAOYE GROUP,ok,2462,2026-09-29,
2356,2356.HK,DAHSING BANKING,ok,2462,2026-09-29,
2357,2357.HK,AVICHINA,ok,2462,2026-09-29,
2358,2358.HK,JIU RONG HOLD,ok,2462,2026-09-29,
2359,2359.HK,WUXI APPTEC,ok,1916,2026-09-29,
2360,2360.HK,BEST MART 360,ok,1898,2026-09-29,
2361,2361.HK,SINOHEALTH TECH,ok,1037,2026-09-28,
2362,2362.HK,JINCHUAN INTL,ok,2461,2026-09-28,
2363,2363.HK,TONGDA HONG TAI,ok,2100,2026-09-29,
2367,2367.HK,GIANT BIOGENE,ok,957,2026-09-29,
2368,2368.HK,EAGLE NICE,ok,2462,2026-09-29,
2369,2369.HK,COOLPAD GROUP,ok,2462,2026-09-29,
2370,2370.HK,REDCO HEALTHY,ok,1104,2026-09-29,
2371,2371.HK,CHUANGLIAN HOLD,ok,2462,2026-09-29,
2372,2372.HK,WEILI HOLDINGS,ok,1045,2026-09-29,
2373,2373.HK,BEAUTYFARM MED,ok,909,2026-09-29,
2376,2376.HK,LUSHANGSERVICES,ok,1039,2026-09-28,
2377,2377.HK,BOQI ENV,ok,2100,2026-09-29,
2378,2378.HK,PRU,ok,2462,2026-09-29,
2380,2380.HK,CHINA POWER,ok,2462,2026-09-29,
2381,2381.HK,SMC ELECTRIC,ok,1557,2026-09-29,
2382,2382.HK,SUNNY OPTICAL,ok,2462,2026-09-29,
2383,2383.HK,TOM GROUP,ok,2462,2026-09-29,
2385,2385.HK,READBOY,ok,1038,2026-09-29,
2386,2386.HK,SINOPEC SEG,ok,2462,2026-09-29,
2388,2388.HK,BOC HONG KONG,ok,2462,2026-09-29,
2389,2389.HK,BJ HEALTH,ok,2462,2026-09-29,
2390,2390.HK,ZHIHU-W,ok,1091,2026-09-29,
2391,2391.HK,TUYA-W,ok,1043,2026-09-29,
2392,2392.HK,XUANWU CLOUD,ok,1039,2026-09-28,
2393,2393.HK,YESTAR HEALTH,ok,2461,2026-09-28,
2396,2396.HK,B&K CORP-B,ok,189,2026-09-29,
2399,2399.HK,CN ANCHU ENERGY,ok,2462,2026-09-29,
2400,2400.HK,XD INC,ok,1671,2026-09-29,
2402,2402.HK,SINOHYTEC,ok,911,2026-09-29,
2405,2405.HK,POWERWIN TECH,ok,857,2026-09-28,
2407,2407.HK,GAUSH MEDITECH,ok,931,2026-09-29,
2408,2408.HK,XIAO NOODLES,ok,200,2026-09-29,
2409,2409.HK,SEACON,ok,860,2026-09-29,
2410,2410.HK,TYK MEDICINES-B,ok,519,2026-09-29,
2411,2411.HK,PAGODA GP,ok,909,2026-09-29,
2415,2415.HK,MEDSCI,ok,841,2026-09-28,
2416,2416.HK,EDIANYUN,ok,823,2026-09-29,
2418,2418.HK,DEEWIN,ok,1035,2026-09-29,
2419,2419.HK,DEKON AGR,ok,691,2026-09-29,
2420,2420.HK,ZIBUYU,ok,952,2026-09-29,
2421,2421.HK,KRP DEVELOPMENT,ok,864,2026-09-29,
2422,2422.HK,REGO INTERACT,ok,971,2026-09-29,
2423,2423.HK,BEKE-W,ok,1080,2026-09-29,
2425,2425.HK,AUSTASIA GROUP,ok,919,2026-09-29,
2427,2427.HK,GUANZE MEDICAL,ok,920,2026-09-29,
2429,2429.HK,UBOX ONLINE,ok,714,2026-09-29,
2431,2431.HK,MINIEYE,ok,432,2026-09-29,
2432,2432.HK,DOBOT,ok,434,2026-09-29,
2433,2433.HK,ZT HN GROUP,ok,859,2026-09-29,
2436,2436.HK,LX TECHNOLOGY,ok,943,2026-09-29,
2438,2438.HK,MOBVOI,ok,599,2026-09-29,
2439,2439.HK,CH TREASURES NM,ok,858,2026-09-29,
2440,2440.HK,MEMESTRATEGY,ok,931,2026-09-29,
2442,2442.HK,EASY SMART GP,ok,835,2026-09-29,
2443,2443.HK,AUTOSTREETS,ok,574,2026-09-29,
2450,2450.HK,HUAIBEI GD CO,ok,905,2026-09-29,
2451,2451.HK,LUYUAN GP HLDG,ok,729,2026-09-29,
2453,2453.HK,CONCORD HC GP,ok,670,2026-09-29,
2455,2455.HK,RUNHUA SERVICE,ok,908,2026-09-29,
2457,2457.HK,BUYANG INTL,ok,928,2026-09-29,
2458,2458.HK,GALA TECH HOLD,ok,908,2026-09-28,
2459,2459.HK,SANERGY GROUP,ok,908,2026-09-29,
2460,2460.HK,CR BEVERAGE,ok,477,2026-09-29,
2465,2465.HK,LOPAL TECH,ok,472,2026-09-29,
2469,2469.HK,FENBI,ok,914,2026-09-29,
2473,2473.HK,XXF,ok,710,2026-09-29,
2475,2475.HK,LUXSHARE ICT,ok,59,2026-09-29,
2476,2476.HK,VGT,ok,112,2026-09-29,
2477,2477.HK,WELLCELL HOLD,ok,667,2026-09-29,
2479,2479.HK,TIANJUDIHE,ok,554,2026-09-28,
2480,2480.HK,LUZHU BIOTECH-B,ok,836,2026-09-29,
2481,2481.HK,SL GEMINI,ok,793,2026-09-29,
2482,2482.HK,LOGORY,ok,874,2026-09-29,
2483,2483.HK,K CASH,ok,692,2026-09-29,
2486,2486.HK,PLUS GP HOLDING,ok,833,2026-09-29,
2487,2487.HK,CUTIA-B,ok,812,2026-09-29,
2488,2488.HK,LAUNCH TECH,ok,2462,2026-09-29,
2489,2489.HK,PERSISTENCEGOLD,ok,679,2026-09-29,
2490,2490.HK,LC HOLDING,ok,740,2026-09-29,
2493,2493.HK,MABWELL-B,ok,98,2026-09-29,
2495,2495.HK,VOICECOMM,ok,548,2026-09-29,
2496,2496.HK,YZYBIO-B,ok,739,2026-09-28,
2497,2497.HK,FUJING HOLDINGS,ok,615,2026-09-29,
2498,2498.HK,ROBOSENSE,ok,672,2026-09-29,
2499,2499.HK,FOLANGSI,ok,709,2026-09-29,
2500,2500.HK,VENUS MEDTECH-B,ok,1673,2026-09-29,
2501,2501.HK,MAIYUE TECH,ok,730,2026-09-29,
2502,2502.HK,JINYUAN HCHEM,ok,681,2026-09-29,
2503,2503.HK,ZHONGSHENJIANYE,ok,670,2026-09-29,
2505,2505.HK,EDA GROUP HLDGS,ok,577,2026-09-29,
2506,2506.HK,XUNFEIHEALTH,ok,431,2026-09-29,
2507,2507.HK,CIRRUS,ok,546,2026-09-29,
2508,2508.HK,SAINT BELLA GP,ok,312,2026-09-29,
2509,2509.HK,QYUNS-B,ok,621,2026-09-29,
2510,2510.HK,TS LINES,ok,470,2026-09-29,
2511,2511.HK,HIGHTIDE-B,ok,679,2026-09-29,
2512,2512.HK,CLOUD FACTORY,ok,564,2026-09-28,
2513,2513.HK,Z.AI,ok,179,2026-09-29,
2515,2515.HK,TJCD,ok,600,2026-09-29,
2516,2516.HK,FAR INTL,ok,679,2026-09-29,
2517,2517.HK,GUOQUAN,ok,715,2026-09-29,
2518,2518.HK,AUTOHOME-S,ok,1362,2026-09-28,
2519,2519.HK,AUGROUP,ok,464,2026-09-28,
2520,2520.HK,SHANXI INSTALL,ok,700,2026-09-28,
2521,2521.HK,SHENGHUI CLEAN,ok,692,2026-09-29,
2522,2522.HK,RIMAG GROUP,ok,569,2026-09-29,
2525,2525.HK,HESAI-W,ok,255,2026-09-29,
2526,2526.HK,DIAGENS-B,ok,125,2026-09-29,
2528,2528.HK,FW FASHION INT,ok,1652,2026-09-29,
2529,2529.HK,HOLLWIN URBAN,ok,584,2026-09-29,
2530,2530.HK,NUMANS,ok,423,2026-09-29,
2531,2531.HK,CARLINK TECH,ok,545,2026-09-29,
2533,2533.HK,BLACK SESAME,ok,527,2026-09-29,
2535,2535.HK,WK GROUP,ok,629,2026-09-29,
2536,2536.HK,PALASINO,ok,617,2026-09-29,
2539,2539.HK,LEMO SERVICES,ok,201,2026-09-28,
2540,2540.HK,LESI GROUP,ok,629,2026-09-29,
2543,2543.HK,DAHON TECH,ok,260,2026-09-29,
2545,2545.HK,ZHONGGAN COMM,ok,553,2026-09-29,
2546,2546.HK,ZHIHUI MINING,ok,190,2026-09-29,
2549,2549.HK,CAROTE LTD,ok,491,2026-09-29,
2550,2550.HK,EASOU TECH,ok,569,2026-09-29,
2551,2551.HK,APT ELECTRONICS,ok,465,2026-09-29,
2552,2552.HK,HUA MEDICINE-B,ok,1977,2026-09-29,
2553,2553.HK,SHOUGANG LANZA,ok,83,2026-09-29,
2555,2555.HK,CHABAIDAO,ok,600,2026-09-29,
2556,2556.HK,MARKETINGFORCE,ok,585,2026-09-29,
2558,2558.HK,JINSHANG BANK,ok,1774,2026-09-29,
2559,2559.HK,DIDA INC-PF,ok,555,2026-09-29,
2560,2560.HK,CONCH MAT TECH,ok,424,2026-09-29,
2561,2561.HK,VISEN PHARMA-B,ok,376,2026-09-29,
2562,2562.HK,SYNAGISTICS,ok,473,2026-09-29,
2563,2563.HK,BIOSTAR PHARM-B,ok,471,2026-09-29,
2565,2565.HK,PEGBIO CO-B,ok,334,2026-09-29,
2566,2566.HK,JIUYUAN GENE,ok,450,2026-09-28,
2567,2567.HK,QINIU,ok,482,2026-09-29,
2569,2569.HK,SOFT INTL,ok,372,2026-09-29,
2570,2570.HK,REFIRE,ok,445,2026-09-29,
2571,2571.HK,SAIMO,ok,420,2026-09-29,
2573,2573.HK,NEWTREND GROUP,ok,323,2026-09-28,
2575,2575.HK,XUANZHUBIO-B,ok,236,2026-09-29,
2576,2576.HK,TAIMEI TECH,ok,487,2026-09-29,
2577,2577.HK,INNOSCIENCE,ok,431,2026-09-29,
2579,2579.HK,CNGR,ok,214,2026-09-29,
2580,2580.HK,AUX ELECTRIC,ok,265,2026-09-29,
2581,2581.HK,BENQ HOLDING,ok,189,2026-09-29,
2582,2582.HK,GUOFUHEE,ok,460,2026-09-29,
2583,2583.HK,HIPINE,ok,245,2026-09-29,
2585,2585.HK,MOKINGRAN,ok,450,2026-09-29,
2586,2586.HK,DMALL,ok,445,2026-09-29,
2587,2587.HK,HEALTHYWAY INC,ok,431,2026-09-29,
2588,2588.HK,BOC AVIATION,ok,2462,2026-09-29,
2589,2589.HK,AUNTEA JENNY,ok,347,2026-09-29,
2590,2590.HK,GEEKPLUS-W,ok,304,2026-09-29,
2591,2591.HK,INNOGEN-B,ok,277,2026-09-29,
2592,2592.HK,CLOUDBREAK-B,ok,307,2026-09-28,
2593,2593.HK,HERBS GROUP,ok,436,2026-09-29,
2595,2595.HK,GENFLEET-B,ok,252,2026-09-29,
2596,2596.HK,YIBIN BANK,ok,421,2026-09-28,
2597,2597.HK,XUNZHONG,ok,304,2026-09-29,
2598,2598.HK,LIANLIAN,ok,615,2026-09-29,
2600,2600.HK,CHALCO,ok,2462,2026-09-29,
2601,2601.HK,CPIC,ok,2462,2026-09-29,
2602,2602.HK,ONEWO,ok,982,2026-09-29,
2603,2603.HK,JIHONG CO,ok,334,2026-09-29,
2605,2605.HK,METALIGHT,ok,324,2026-09-29,
2607,2607.HK,SH PHARMA,ok,2462,2026-09-29,
2608,2608.HK,SUNSHINE 100,ok,2462,2026-09-29,
2609,2609.HK,BAYZED HEALTH,ok,315,2026-09-29,
2610,2610.HK,NANSHAN AL INTL,ok,374,2026-09-29,
2611,2611.HK,GTHT,ok,2331,2026-09-29,
2613,2613.HK,CONTIOCEAN,ok,423,2026-09-28,
2616,2616.HK,CSTONE PHARMA-B,ok,1869,2026-09-29,
2617,2617.HK,TRANSTHERA-B,ok,315,2026-09-29,
2618,2618.HK,JD LOGISTICS,ok,1313,2026-09-29,
2619,2619.HK,XJ ELECTRICS,ok,208,2026-09-28,
2621,2621.HK,SHOUHUI GROUP,ok,330,2026-09-28,
2623,2623.HK,HK GOLD IND GP,ok,2462,2026-09-29,
2625,2625.HK,JIANGSU HORIZON,ok,370,2026-09-29,
2627,2627.HK,AB&B BIO-TECH-B,ok,280,2026-09-28,
2628,2628.HK,CHINA LIFE,ok,2462,2026-09-29,
2629,2629.HK,MIRXES-B,ok,335,2026-09-28,
2630,2630.HK,VIGONVITA-B,ok,221,2026-09-29,
2631,2631.HK,SICC,ok,274,2026-09-29,
2632,2632.HK,NEW VISION CO,ok,129,2026-09-29,
2633,2633.HK,JACOBSON PHARMA,ok,2461,2026-09-28,
2635,2635.HK,NUOBIKAN,ok,188,2026-09-29,
2637,2637.HK,HAIXI PHARMA,ok,199,2026-09-29,
2638,2638.HK,HKELECTRIC-SS,ok,2462,2026-09-29,
2643,2643.HK,CAOCAO INC,ok,313,2026-09-29,
2648,2648.HK,ANJOY FOOD,ok,307,2026-09-29,
2649,2649.HK,ALSCO POOLING,ok,139,2026-09-28,
2650,2650.HK,ZHIDA TECH,ok,239,2026-09-29,
2651,2651.HK,DAZHONG DENTAL,ok,304,2026-09-29,
2652,2652.HK,CF PHARMTECH,ok,241,2026-09-29,
2655,2655.HK,GUOXIA TECH,ok,193,2026-09-29,
2656,2656.HK,160 HEALTH,ok,254,2026-09-29,
2657,2657.HK,FOREST CABIN,ok,185,2026-09-29,
2658,2658.HK,TIANYU SEMI,ok,200,2026-09-29,
2659,2659.HK,BAO PHARMA-B,ok,197,2026-09-29,
2660,2660.HK,ZENGAME,ok,1835,2026-09-29,
2661,2661.HK,QINGSONG HEALTH,ok,188,2026-09-29,
2663,2663.HK,KPA-BM HLDGS,ok,2462,2026-09-29,
2665,2665.HK,SEYOND,ok,193,2026-09-29,
2666,2666.HK,UNI MEDICAL,ok,2462,2026-09-29,
2667,2667.HK,TONGRENTANGCARE,ok,61,2026-09-29,
2668,2668.HK,PAK TAK INT'L,ok,2462,2026-09-29,
2669,2669.HK,CHINA OVS PPT,ok,2462,2026-09-29,
2670,2670.HK,YUNJI,ok,234,2026-09-28,
2671,2671.HK,USAS BUILDING,ok,185,2026-09-29,
2672,2672.HK,BAIGE DIGITAL,ok,66,2026-09-29,
2675,2675.HK,EDGE MEDICAL-B,ok,179,2026-09-29,
2676,2676.HK,NOVOSENSE,ok,199,2026-09-29,
2677,2677.HK,DISTINCT HEALTH,ok,158,2026-09-29,
2678,2678.HK,TEXHONG INTL GP,ok,2462,2026-09-29,
2680,2680.HK,AUSTRAX HLDGS,ok,1977,2026-09-29,
2682,2682.HK,YUN LEE MARINE,ok,1855,2026-09-29,
2683,2683.HK,WAHSUN HANDBAGS,ok,2137,2026-09-29,
2685,2685.HK,QUANTGROUP,ok,206,2026-09-29,
2687,2687.HK,ABLE DIGI-50,ok,199,2026-09-29,
2688,2688.HK,ENN ENERGY,ok,2462,2026-09-29,
2689,2689.HK,ND PAPER,ok,2462,2026-09-29,
2692,2692.HK,ZHAOWEI,ok,140,2026-09-29,
2693,2693.HK,JINYAN KAOLIN,ok,202,2026-09-29,
2695,2695.HK,IMPRESSION DHP,ok,189,2026-09-29,
2696,2696.HK,HENLIUS,ok,1722,2026-09-29,
2697,2697.HK,TH MEDICAL-B,ok,65,2026-09-29,
2698,2698.HK,SOFTCARE,ok,219,2026-09-29,
2699,2699.HK,XINMING CHINA,ok,2462,2026-09-29,
2700,2700.HK,GREEN INTL HLDG,ok,2462,2026-09-29,
2701,2701.HK,NSING TECH,ok,130,2026-09-29,
2706,2706.HK,HAIZHI TECH GP,ok,153,2026-09-29,
2714,2714.HK,MUYUAN,ok,158,2026-09-29,
2715,2715.HK,ESTUN,ok,140,2026-09-29,
2718,2718.HK,MININGLAMP-W,ok,224,2026-09-29,
2720,2720.HK,RIDGE OUTDOOR,ok,156,2026-09-29,
2722,2722.HK,CHONGQING M&E,ok,2462,2026-09-29,
2723,2723.HK,DEEPZERO,ok,88,2026-09-29,
2726,2726.HK,EPIWORLD,ok,125,2026-09-29,
2727,2727.HK,SH ELECTRIC,ok,2462,2026-09-29,
2728,2728.HK,JINTAI ENGY-NEW,ok,2461,2026-09-28,
2729,2729.HK,GALAXIS TECH,ok,129,2026-09-29,
2738,2738.HK,HUAJIN INTL,ok,2462,2026-09-29,
2768,2768.HK,GON TECHNOLOGY,ok,160,2026-09-29,
2772,2772.HK,ZHONGLIANG HLDG,ok,1776,2026-09-29,
2777,2777.HK,R&F PROPERTIES,ok,2462,2026-09-29,
2779,2779.HK,CH XINHUA EDU,ok,2094,2026-09-29,
2788,2788.HK,CHUANGXIN IND,ok,209,2026-09-29,
2789,2789.HK,YUANDA CHINA,ok,2461,2026-09-28,
2797,2797.HK,QIYUNSHAN FOOD,ok,59,2026-09-29,
2798,2798.HK,PER ENERGY,ok,1917,2026-09-29,
2799,2799.HK,CITIC FAMC,ok,2462,2026-09-29,
2858,2858.HK,YIXIN,ok,2181,2026-09-29,
2863,2863.HK,GOLDEN FAITH GP,ok,2247,2026-09-29,
2865,2865.HK,DRINDA,ok,347,2026-09-29,
2866,2866.HK,COSCO SHIP DEV,ok,2462,2026-09-29,
2869,2869.HK,GREENTOWN SER,ok,2462,2026-09-29,
2877,2877.HK,SHINEWAY PHARM,ok,2462,2026-09-29,
2878,2878.HK,SOLOMON SYSTECH,ok,2462,2026-09-29,
2880,2880.HK,LIAONING PORT,ok,2462,2026-09-29,
2881,2881.HK,WUHAN YOUJI,ok,563,2026-09-29,
2882,2882.HK,3DG HOLDINGS,ok,2461,2026-09-28,
2883,2883.HK,CHINA OILFIELD,ok,2462,2026-09-29,
2885,2885.HK,PEIPORT HOLD,ok,1898,2026-09-29,
2886,2886.HK,BINHAI INV,ok,2462,2026-09-29,
2888,2888.HK,STANCHART,ok,2462,2026-09-29,
2889,2889.HK,PATEO,ok,245,2026-09-29,
2892,2892.HK,MILLION CITIES,ok,1910,2026-09-28,
2898,2898.HK,SUNHO BIO-B,ok,578,2026-09-28,
2899,2899.HK,ZIJIN MINING,ok,2462,2026-09-29,
2912,2912.HK,EASYKNIT-OLD,ok,23,2026-09-28,
2913,2913.HK,TIAN CHENG-OLD,ok,18,2026-09-28,
2915,2915.HK,YUNJI,ok,1,2026-09-29,
2919,2919.HK,GBA AI COMP-2K,ok,1,2026-09-10,
2920,2920.HK,BONJOUR HOLD,ok,11,2026-09-29,
2921,2921.HK,CAPITAL IND-OLD,ok,13,2026-09-28,
2922,2922.HK,REALORD TEC-OLD,ok,12,2026-09-29,
2923,2923.HK,CENTURY GP-OLD,ok,12,2026-09-29,
2925,2925.HK,JINTAI ENGY-OLD,ok,11,2026-09-29,
2932,2932.HK,ZHENGWEI GP RTS,ok,1,2026-09-29,
2933,2933.HK,YUK WING GP RTS,ok,1,2026-09-29,
3200,3200.HK,HANS CNC,ok,158,2026-09-29,
3223,3223.HK,INGENIC,ok,26,2026-09-29,
3228,3228.HK,KINWONG,ok,1,2026-09-29,
3231,3231.HK,EXCELLAND ROBOT,ok,15,2026-09-29,
3268,3268.HK,MEIG,ok,139,2026-09-29,
3277,3277.HK,GPIXEL,ok,114,2026-09-29,
3288,3288.HK,HAITIAN FLAV,ok,317,2026-09-29,
3296,3296.HK,HUAQIN,ok,110,2026-09-29,
3300,3300.HK,CHINA GLASS,ok,2462,2026-09-29,
3301,3301.HK,RONSHINECHINA,ok,2462,2026-09-29,
3302,3302.HK,KINERGY,ok,2019,2026-09-29,
3303,3303.HK,JUTAL OIL SER,ok,2462,2026-09-29,
3306,3306.HK,JNBY,ok,2441,2026-09-29,
3308,3308.HK,ZJ INNOLIGHT,ok,44,2026-09-29,
3309,3309.HK,C-MER MEDICAL,ok,2142,2026-09-29,
3310,3310.HK,VIEWTRIX TECH,ok,88,2026-09-29,
3311,3311.HK,CHINA STATE CON,ok,2462,2026-09-29,
3313,3313.HK,ARTGO HOLDINGS,ok,2462,2026-09-29,
3315,3315.HK,GOLDPAC GROUP,ok,2462,2026-09-29,
3316,3316.HK,BINJIANG SER,ok,1856,2026-09-29,
3317,3317.HK,XUNCE,ok,185,2026-09-29,
3318,3318.HK,CHINA BOTON,ok,2462,2026-09-29,
3319,3319.HK,A-LIVING,ok,2123,2026-09-29,
3320,3320.HK,CHINARES PHARMA,ok,2442,2026-09-29,
3321,3321.HK,ZHONGKE GROUP,ok,1832,2026-09-29,
3322,3322.HK,WIN HANVERKY,ok,2462,2026-09-29,
3323,3323.HK,CNBM,ok,2462,2026-09-29,
3328,3328.HK,BANKCOMM,ok,2462,2026-09-29,
3329,3329.HK,BOCOM INTL,ok,2307,2026-09-29,
3330,3330.HK,LINGBAO GOLD,ok,2462,2026-09-29,
3332,3332.HK,SINOLIFE UTD,ok,2462,2026-09-29,
3336,3336.HK,JU TENG INTL,ok,2462,2026-09-29,
3337,3337.HK,ANTON OILFIELD,ok,2462,2026-09-29,
3339,3339.HK,LONKING,ok,2462,2026-09-29,
3347,3347.HK,TIGERMED,ok,1511,2026-09-29,
3348,3348.HK,CHINA PENGFEI,ok,1690,2026-09-29,
3355,3355.HK,FS.COM,ok,130,2026-09-29,
3360,3360.HK,FE HORIZON,ok,2462,2026-09-29,
3363,3363.HK,ZHENGYE INT'L,ok,2462,2026-09-29,
3366,3366.HK,OCT (ASIA),ok,2461,2026-09-28,
3368,3368.HK,PARKSON GROUP,ok,2462,2026-09-29,
3369,3369.HK,QHD PORT,ok,2462,2026-09-29,
3377,3377.HK,SINO-OCEAN GP,ok,2462,2026-09-29,
3378,3378.HK,HANXBIO-B,ok,188,2026-09-29,
3380,3380.HK,LOGAN GROUP,ok,2462,2026-09-29,
3382,3382.HK,TIANJINPORT DEV,ok,2462,2026-09-29,
3383,3383.HK,AGILE GROUP,ok,2462,2026-09-29,
3388,3388.HK,CREALITY,ok,86,2026-09-29,
3389,3389.HK,HENGDELI,ok,2462,2026-09-29,
3390,3390.HK,TYCOON GROUP,ok,1589,2026-09-29,
3393,3393.HK,WASION HOLDINGS,ok,2462,2026-09-29,
3395,3395.HK,JX ENERGY,ok,2350,2026-09-28,
3396,3396.HK,LEGENDHOLDING,ok,2462,2026-09-29,
3398,3398.HK,CHINA TING,ok,2462,2026-09-29,
3399,3399.HK,YUEYUN TRANS,ok,2462,2026-09-29,
3600,3600.HK,MODERN DENTAL,ok,2462,2026-09-29,
3601,3601.HK,LUDASHI,ok,1716,2026-09-29,
3603,3603.HK,XINJI SHAXI,ok,1695,2026-09-29,
3606,3606.HK,FUYAO GLASS,ok,2462,2026-09-29,
3613,3613.HK,TONGRENTANGCM,ok,2462,2026-09-29,
3616,3616.HK,EVER REACH GP,ok,1939,2026-09-29,
3618,3618.HK,CQRC BANK,ok,2462,2026-09-29,
3623,3623.HK,C SUCCESS FIN,ok,2461,2026-09-28,
3625,3625.HK,FOURSEMI,ok,124,2026-09-29,
3626,3626.HK,EAST NOVA HLDGS,ok,2462,2026-09-29,
3628,3628.HK,RENHENG ENT,ok,2461,2026-09-28,
3633,3633.HK,ZHONGYU ENERGY,ok,2462,2026-09-29,
3636,3636.HK,JINXUN RESOURCE,ok,178,2026-09-29,
3638,3638.HK,HUNLICAR GROUP,ok,2462,2026-09-29,
3639,3639.HK,YIDA CHINA,ok,2462,2026-09-29,
3650,3650.HK,KEEP,ok,791,2026-09-29,
3658,3658.HK,NEW HOPE SERV,ok,1316,2026-09-29,
3660,3660.HK,QFIN-S,ok,940,2026-09-29,
3661,3661.HK,SG MICRO,ok,67,2026-09-29,
3662,3662.HK,STARJOY W&T,ok,1855,2026-09-29,
3666,3666.HK,SHANGHAI XNG,ok,2461,2026-09-28,
3668,3668.HK,YANCOAL AUS,ok,1921,2026-09-29,
3669,3669.HK,YONGDA AUTO,ok,2462,2026-09-29,
3677,3677.HK,ZENERGY,ok,361,2026-09-29,
3680,3680.HK,RUIHE DATA,ok,1670,2026-09-29,
3681,3681.HK,SINOMAB BIO-B,ok,1693,2026-09-29,
3683,3683.HK,GREAT HARVEST,ok,2462,2026-09-29,
3686,3686.HK,CLIFFORDML,ok,2435,2026-09-29,
3688,3688.HK,TOP SPRING,ok,2462,2026-09-29,
3689,3689.HK,KANGHUA HEALTH,ok,2434,2026-09-28,
3690,3690.HK,MEITUAN-W,ok,1973,2026-09-29,
3692,3692.HK,HANSOH PHARMA,ok,1797,2026-09-29,
3696,3696.HK,INSILICO,ok,185,2026-09-29,
3698,3698.HK,HUISHANG BANK,ok,2462,2026-09-29,
3699,3699.HK,EB GRAND CHINA,ok,2141,2026-09-29,
3700,3700.HK,INKEVERSE,ok,2023,2026-09-29,
3708,3708.HK,WORLD DIGI ECON,ok,2462,2026-09-29,
3709,3709.HK,EEKA FASHION,ok,2462,2026-09-29,
3718,3718.HK,BJ ENT URBAN,ok,1650,2026-09-29,
3728,3728.HK,CHING LEE,ok,2461,2026-09-28,
3737,3737.HK,ZHONGZHIPHARM,ok,2462,2026-09-29,
3738,3738.HK,VOBILE GROUP,ok,2149,2026-09-29,
3750,3750.HK,CATL,ok,339,2026-09-29,
3752,3752.HK,ROKAE ROBOTICS,ok,59,2026-09-29,
3757,3757.HK,ROBOTECHNIK,ok,1,2026-09-29,
3759,3759.HK,PHARMARON,ok,1681,2026-09-29,
3768,3768.HK,DCWT,ok,2333,2026-09-29,
3773,3773.HK,YS DIGIFAVOR,ok,2462,2026-09-29,
3774,3774.HK,FAMEGLOW,ok,1958,2026-09-29,
3778,3778.HK,CHINA WEAVING,ok,2461,2026-09-28,
3788,3788.HK,HANKING GOLD,ok,2462,2026-09-29,
3789,3789.HK,ROYAL DELUXE,ok,2374,2026-09-29,
3798,3798.HK,HOMELAND ITL,ok,1784,2026-09-29,
3800,3800.HK,GCL TECH,ok,2462,2026-09-29,
3808,3808.HK,SINOTRUK,ok,2462,2026-09-29,
3813,3813.HK,POU SHENG INT'L,ok,2462,2026-09-29,
3816,3816.HK,KFM KINGDOM,ok,2461,2026-09-28,
3818,3818.HK,CHINA DONGXIANG,ok,2462,2026-09-29,
3822,3822.HK,SAM WOO CONS,ok,2462,2026-09-29,
3828,3828.HK,MING FAI INT'L,ok,2462,2026-09-29,
3830,3830.HK,KIDDIELAND,ok,2219,2026-09-29,
3833,3833.HK,XINXIN MINING,ok,2462,2026-09-29,
3836,3836.HK,HARMONY AUTO,ok,2462,2026-09-29,
3838,3838.HK,CHINA STARCH,ok,2462,2026-09-29,
3839,3839.HK,CPBIO,ok,2462,2026-09-29,
3848,3848.HK,HAOSEN FINTECH,ok,2263,2026-09-29,
3858,3858.HK,JIAXIN INTL RES,ok,268,2026-09-29,
3860,3860.HK,EPS HEALTH TECH,ok,2299,2026-09-28,
3866,3866.HK,BQD,ok,2462,2026-09-29,
3868,3868.HK,XINYI ENERGY,ok,1805,2026-09-29,
3869,3869.HK,HOSPITAL CORP,ok,2346,2026-09-28,
3877,3877.HK,CSSC SHIPPING,ok,1796,2026-09-29,
3878,3878.HK,VICON HOLDINGS,ok,2155,2026-09-29,
3880,3880.HK,MEDTIDE,ok,310,2026-09-29,
3881,3881.HK,CIDI,ok,190,2026-09-29,
3882,3882.HK,SKYLIGHT HLDG,ok,2462,2026-09-29,
3883,3883.HK,CHINA AOYUAN,ok,2462,2026-09-29,
3886,3886.HK,TOWN HEALTH,ok,2461,2026-09-28,
3887,3887.HK,HASHKEY HLDGS,ok,192,2026-09-29,
3888,3888.HK,KINGSOFT,ok,2462,2026-09-29,
3889,3889.HK,GLOBAL CORN GP,ok,2462,2026-09-29,
3893,3893.HK,CROSSTEC,ok,2461,2026-09-28,
3896,3896.HK,KINGSOFT CLOUD,ok,919,2026-09-29,
3898,3898.HK,TIMES ELECTRIC,ok,2462,2026-09-29,
3899,3899.HK,CIMC ENRIC,ok,2462,2026-09-29,
3900,3900.HK,GREENTOWN CHINA,ok,2462,2026-09-29,
3903,3903.HK,HANHUA HOLDING,ok,2461,2026-09-28,
3908,3908.HK,CICC,ok,2462,2026-09-29,
3913,3913.HK,KWG LIVING,ok,1455,2026-09-29,
3918,3918.HK,NAGACORP,ok,2462,2026-09-29,
3919,3919.HK,GOLDENPOWER,ok,2462,2026-09-29,
3928,3928.HK,CHINA NEXT-GEN,ok,1729,2026-09-29,
3931,3931.HK,CALB,ok,978,2026-09-29,
3933,3933.HK,UNITED LAB,ok,2462,2026-09-29,
3938,3938.HK,LFG INV HLDGS,ok,1722,2026-09-29,
3939,3939.HK,WANGUO GOLD GP,ok,2462,2026-09-29,
3952,3952.HK,LAIFUAL,ok,65,2026-09-29,
3958,3958.HK,DFZQ,ok,2462,2026-09-29,
3963,3963.HK,RONGZHONG FIN,ok,2462,2026-09-29,
3968,3968.HK,CM BANK,ok,2462,2026-09-29,
3969,3969.HK,CHINA CRSC,ok,2462,2026-09-29,
3978,3978.HK,BESTSTUDY EDU,ok,1908,2026-09-29,
3983,3983.HK,CHINA BLUECHEM,ok,2462,2026-09-29,
3986,3986.HK,GIGADEVICE,ok,176,2026-09-29,
3988,3988.HK,BANK OF CHINA,ok,2462,2026-09-29,
3989,3989.HK,CAPITAL ENV,ok,2461,2026-09-28,
3990,3990.HK,MIDEA REAL EST,ok,1960,2026-09-29,
3991,3991.HK,CHANGHONG JH,ok,2462,2026-09-29,
3993,3993.HK,CMOC,ok,2462,2026-09-29,
3996,3996.HK,CH ENERGY ENG,ok,2462,2026-09-29,
3997,3997.HK,TSO,ok,2461,2026-09-28,
3998,3998.HK,BOSIDENG,ok,2462,2026-09-29,
3999,3999.HK,DACHAN FOOD,ok,2461,2026-09-28,
4333,4333.HK,CISCO-T,ok,2461,2026-09-28,
4335,4335.HK,INTEL-T,ok,2461,2026-09-28,
4336,4336.HK,APPL MATERIAL-T,ok,2461,2026-09-28,
6030,6030.HK,CITIC SEC,ok,2462,2026-09-29,
6031,6031.HK,SANY HEAVY IND,ok,227,2026-09-29,
6033,6033.HK,TELECOM DIGIT,ok,2461,2026-09-28,
6036,6036.HK,APEX ACE HLDG,ok,2100,2026-09-29,
6038,6038.HK,G & M HLDGS,ok,2290,2026-09-29,
6049,6049.HK,POLY PPT SER,ok,1666,2026-09-29,
6051,6051.HK,YOUZAN,ok,2462,2026-09-29,
6055,6055.HK,CTIHK,ok,1799,2026-09-29,
6058,6058.HK,CISI FIN,ok,2448,2026-09-29,
6060,6060.HK,ZA ONLINE,ok,2214,2026-09-29,
6063,6063.HK,LOTUS HORIZON,ok,1589,2026-09-29,
6066,6066.HK,CSC,ok,2410,2026-09-29,
6067,6067.HK,SENIOR MATERIAL,ok,70,2026-09-29,
6068,6068.HK,WISDOM EDU INTL,ok,2380,2026-09-29,
6069,6069.HK,SY HOLDINGS,ok,2273,2026-09-29,
6078,6078.HK,HYGEIA HEALTH,ok,1539,2026-09-29,
6080,6080.HK,WING CHI HLDGS,ok,2200,2026-09-29,
6082,6082.HK,BIREN TECH,ok,183,2026-09-29,
6083,6083.HK,WORLD-LINK LOG,ok,2462,2026-09-29,
6086,6086.HK,FANGZHOU JIANKE,ok,549,2026-09-29,
6088,6088.HK,FIT HON TENG,ok,2267,2026-09-29,
6090,6090.HK,BUTONG GROUP,ok,250,2026-09-29,
6093,6093.HK,HEVOL SERVICES,ok,1777,2026-09-28,
6098,6098.HK,CG SERVICES,ok,2039,2026-09-29,
6099,6099.HK,CMSC,ok,2456,2026-09-29,
6100,6100.HK,TONGDAO LIEPIN,ok,2031,2026-09-29,
6106,6106.HK,SEER TECH,ok,69,2026-09-29,
6108,6108.HK,NEW RAY MEDIC,ok,2462,2026-09-29,
6110,6110.HK,TOPSPORTS,ok,1716,2026-09-29,
6113,6113.HK,BITSTRAT HLDGS,ok,2269,2026-09-29,
6117,6117.HK,RIZHAO PORT JR,ok,1794,2026-09-29,
6118,6118.HK,AUSTAR,ok,2462,2026-09-29,
6119,6119.HK,TIAN YUAN GP,ok,2049,2026-09-28,
6123,6123.HK,YTO INTL EXP,ok,2462,2026-09-29,
6127,6127.HK,JOINN,ok,1374,2026-09-29,
6128,6128.HK,GRAPHEX GROUP,ok,2462,2026-09-29,
6132,6132.HK,HJ SCIENCE-B,ok,70,2026-09-29,
6133,6133.HK,VITAL INNO,ok,2461,2026-09-28,
6136,6136.HK,KANGDA ENV,ok,2462,2026-09-29,
6138,6138.HK,HARBIN BANK,ok,2462,2026-09-29,
6158,6158.HK,ZHENRO PPT,ok,2141,2026-09-29,
6160,6160.HK,BEONE MEDICINES,ok,2004,2026-09-29,
6162,6162.HK,TR INTERIORS,ok,1896,2026-09-29,
6163,6163.HK,GEMILANG INTL,ok,2430,2026-09-28,
6166,6166.HK,CIG,ok,227,2026-09-29,
6168,6168.HK,ZHOU LIU FU,ok,312,2026-09-29,
6169,6169.HK,YUHUA EDU,ok,2360,2026-09-29,
6178,6178.HK,EB SECURITIES,ok,2462,2026-09-29,
6181,6181.HK,LAOPU GOLD,ok,555,2026-09-29,
6182,6182.HK,TWINTEK,ok,2140,2026-09-29,
6185,6185.HK,CANSINOBIO,ok,1847,2026-09-29,
6186,6186.HK,CHINA FEIHE,ok,1692,2026-09-29,
6188,6188.HK,BJ DIGITAL,ok,2461,2026-09-28,
6189,6189.HK,ADWAY,ok,2420,2026-09-28,
6190,6190.HK,BANKOFJIUJIANG,ok,2025,2026-09-29,
6193,6193.HK,TAILAM TECHCON,ok,1667,2026-09-29,
6196,6196.HK,BANKOFZHENGZHOU,ok,2462,2026-09-29,
6198,6198.HK,QINGDAO PORT,ok,2462,2026-09-29,
6199,6199.HK,BANK OF GUIZHOU,ok,1661,2026-09-29,
6228,6228.HK,MERDEKAGOLD-DRS,ok,67,2026-09-29,
6288,6288.HK,FAST RETAIL-DRS,ok,2462,2026-09-29,
6600,6600.HK,ONEROBOTICS,ok,185,2026-09-29,
6601,6601.HK,CHEERWIN GP,ok,1366,2026-09-29,
6603,6603.HK,IFBH,ok,310,2026-09-29,
6608,6608.HK,BAIRONG AI-W,ok,1351,2026-09-29,
6609,6609.HK,HEARTCARE-B,ok,1255,2026-09-29,
6610,6610.HK,FLOWING CLOUD,ok,970,2026-09-29,
6611,6611.HK,SANXUN GROUP,ok,1278,2026-09-28,
6613,6613.HK,LENS,ok,304,2026-09-29,
6616,6616.HK,GLOBAL NEW MAT,ok,1280,2026-09-29,
6618,6618.HK,JD HEALTH,ok,1428,2026-09-29,
6622,6622.HK,ZHAOKE OPHTH-B,ok,1333,2026-09-29,
6623,6623.HK,LUFAX,ok,851,2026-09-29,
6626,6626.HK,YUEXIU SERVICES,ok,1293,2026-09-29,
6628,6628.HK,TRANSCENTA-B,ok,1228,2026-09-29,
6633,6633.HK,QINGCI GAMES,ok,1174,2026-09-28,
6636,6636.HK,EXTREME VISION,ok,125,2026-09-29,
6639,6639.HK,ARRAIL GROUP,ok,1110,2026-09-28,
6651,6651.HK,51WORLD,ok,185,2026-09-29,
6655,6655.HK,HX BLDG MAT,ok,1107,2026-09-29,
6656,6656.HK,SIGENERGY,ok,115,2026-09-29,
6657,6657.HK,BAIWANG CO,ok,549,2026-09-29,
6658,6658.HK,LIULIUMEI,ok,75,2026-09-29,
6660,6660.HK,AIM VACCINE,ok,978,2026-09-29,
6661,6661.HK,HUZHOU GAS,ok,1036,2026-09-28,
6663,6663.HK,IWS GROUP,ok,1708,2026-09-29,
6666,6666.HK,EVERG SERVICES,ok,1432,2026-09-29,
6667,6667.HK,MEGA GENOMICS,ok,1051,2026-09-29,
6668,6668.HK,E-STAR CM,ok,1395,2026-09-29,
6669,6669.HK,ACOTEC-B,ok,1253,2026-09-29,
6675,6675.HK,SENASIC,ok,73,2026-09-29,
6676,6676.HK,ZG GROUP-W,ok,383,2026-09-29,
6677,6677.HK,SINO-OCEAN SERV,ok,1421,2026-09-29,
6680,6680.HK,JLMAG,ok,1155,2026-09-29,
6681,6681.HK,BRAINAURORA-B,ok,425,2026-09-29,
6682,6682.HK,PHANCY,ok,738,2026-09-29,
6683,6683.HK,STARPLUS LEGEND,ok,790,2026-09-29,
6686,6686.HK,NOAH HOLDINGS,ok,1037,2026-09-29,
6687,6687.HK,JST GROUP,ok,232,2026-09-29,
6690,6690.HK,HAIER SMARTHOME,ok,1417,2026-09-29,
6693,6693.HK,CHIFENG GOLD,ok,385,2026-09-29,
6696,6696.HK,MANY IDEA CLOUD,ok,953,2026-09-28,
6698,6698.HK,STAR CM,ok,920,2026-09-29,
6699,6699.HK,ANGELALIGN,ok,1301,2026-09-29,
6715,6715.HK,XUNLONG SCITECH,ok,65,2026-09-29,
6727,6727.HK,TRANSWARP,ok,7,2026-09-29,
6731,6731.HK,DIRECT DRIVE,ok,1,2026-09-29,
6745,6745.HK,BEFAR GROUP,ok,58,2026-09-29,
6805,6805.HK,KIMOU ENVIRON,ok,1775,2026-09-28,
6806,6806.HK,SWHY,ok,1829,2026-09-29,
6808,6808.HK,SUNART RETAIL,ok,2462,2026-09-29,
6809,6809.HK,MONTAGE TECH,ok,157,2026-09-29,
6810,6810.HK,SUNMI TECH-W,ok,106,2026-09-29,
6811,6811.HK,TAI HING GROUP,ok,1798,2026-09-29,
6812,6812.HK,WINSON HLDGS HK,ok,2347,2026-09-29,
6816,6816.HK,PROSPER CONS,ok,2461,2026-09-28,
6818,6818.HK,CEB BANK,ok,2462,2026-09-29,
6820,6820.HK,FRIENDTIMES,ok,1718,2026-09-29,
6821,6821.HK,ASYMCHEM,ok,1179,2026-09-29,
6822,6822.HK,KING'S FLAIR,ok,2462,2026-09-29,
6823,6823.HK,HKT-SS,ok,2462,2026-09-29,
6826,6826.HK,HAOHAI BIOTEC,ok,2462,2026-09-29,
6828,6828.HK,BG BLUE SKY,ok,2461,2026-09-28,
6829,6829.HK,DRAGON RISE GP,ok,2124,2026-09-29,
6830,6830.HK,HUAZHONG IN-V,ok,2461,2026-09-28,
6831,6831.HK,GREEN TEA GROUP,ok,341,2026-09-29,
6833,6833.HK,SINCO PHARMA,ok,2461,2026-09-28,
6838,6838.HK,WINOX,ok,2462,2026-09-29,
6839,6839.HK,YUNNAN WATER,ok,2462,2026-09-29,
6855,6855.HK,ASCENTAGE,ok,1704,2026-09-29,
6858,6858.HK,HONMAGOLF,ok,2456,2026-09-28,
6860,6860.HK,FINGERTANGO,ok,2023,2026-09-29,
6862,6862.HK,HAIDILAO,ok,1970,2026-09-29,
6865,6865.HK,FLAT GLASS,ok,2462,2026-09-29,
6866,6866.HK,ZUOLI KECHUANG,ok,2461,2026-09-28,
6868,6868.HK,TENFU,ok,2462,2026-09-29,
6869,6869.HK,YOFC,ok,2462,2026-09-29,
6871,6871.HK,ROBOTPHOENIX,ok,94,2026-09-29,
6872,6872.HK,TENNOR THERAP-B,ok,90,2026-09-29,
6877,6877.HK,TE HEALTHCARE,ok,2462,2026-09-29,
6878,6878.HK,DIFFER GP AUTO,ok,2461,2026-09-28,
6880,6880.HK,MOMENTA-W,ok,60,2026-09-29,
6881,6881.HK,CGS,ok,2462,2026-09-29,
6882,6882.HK,EGL HOLDINGS,ok,2462,2026-09-29,
6883,6883.HK,ETERNAL BEAUTY,ok,311,2026-09-28,
6885,6885.HK,JINMA ENERGY,ok,2208,2026-09-29,
6886,6886.HK,HTSC,ok,2462,2026-09-29,
6887,6887.HK,SUNSHINE PHARMA,ok,283,2026-09-29,
6888,6888.HK,FREETECH,ok,2461,2026-09-28,
6889,6889.HK,DYNAM JAPAN,ok,2462,2026-09-29,
6890,6890.HK,KANGLI INT HLDG,ok,1933,2026-09-28,
6893,6893.HK,HINSANG GROUP,ok,2462,2026-09-29,
6896,6896.HK,GOLDEN THROAT,ok,2462,2026-09-29,
6898,6898.HK,CHINA ALUMCAN,ok,2461,2026-09-28,
6899,6899.HK,OURGAME,ok,2461,2026-09-28,
6908,6908.HK,HG SEMI,ok,2399,2026-09-29,
6909,6909.HK,BETTERLIFE HLDG,ok,1280,2026-09-28,
6911,6911.HK,LANCANG TEA,ok,678,2026-09-28,
6913,6913.HK,SCVE GROUP,ok,1283,2026-09-29,
6915,6915.HK,JIANGXI BIO,ok,65,2026-09-29,
6918,6918.HK,JIUTAI DIGITAL,ok,1607,2026-09-29,
6919,6919.HK,RENRUI HR,ok,1670,2026-09-29,
6922,6922.HK,CRYOFOCUS-B,ok,919,2026-09-29,
6928,6928.HK,TOMO HOLDINGS,ok,2268,2026-09-29,
6929,6929.HK,ORBUSNEICH,ok,922,2026-09-29,
6933,6933.HK,SINO-ENTERTAIN,ok,1528,2026-09-29,
6936,6936.HK,SF HOLDING,ok,452,2026-09-29,
6938,6938.HK,RIBOLIFE-B,ok,178,2026-09-29,
6939,6939.HK,MEGAIN,ok,1351,2026-09-29,
6951,6951.HK,CCTC,ok,59,2026-09-29,
6955,6955.HK,BOAN BIOTECH,ok,919,2026-09-29,
6958,6958.HK,ZHENRO SERVICES,ok,1530,2026-09-28,
6959,6959.HK,CHANGJIU HLDGS,ok,670,2026-09-29,
6960,6960.HK,SHUANGDENG,ok,270,2026-09-29,
6963,6963.HK,SUNSHINE INS,ok,932,2026-09-29,
6966,6966.HK,C WAN TONG YUAN,ok,2213,2026-09-28,
6968,6968.HK,GANGLONG CHINA,ok,1528,2026-09-29,
6969,6969.HK,SMOORE INTL,ok,1531,2026-09-29,
6979,6979.HK,ZJLD,ok,842,2026-09-29,
6980,6980.HK,BAMA TEA,ok,227,2026-09-29,
6988,6988.HK,JOY SPREADER,ok,1478,2026-09-29,
6989,6989.HK,EXCELLENCE CM,ok,1463,2026-09-29,
6990,6990.HK,SKB BIO,ok,792,2026-09-29,
6993,6993.HK,BLUE MOON GROUP,ok,1422,2026-09-29,
6996,6996.HK,ANTENGENE-B,ok,1440,2026-09-29,
6998,6998.HK,EDDING GENOR,ok,183,2026-09-29,
6999,6999.HK,LEADING HLDGS,ok,1425,2026-09-28,
7489,7489.HK,VOYAH AUTO,ok,132,2026-09-29,
7618,7618.HK,JD INDUSTRIALS,ok,196,2026-09-29,
7630,7630.HK,IMPACT THERAP-B,ok,97,2026-09-29,
7656,7656.HK,RECONOVA,ok,60,2026-09-29,
7666,7666.HK,METIS TECHBIO-P,ok,97,2026-09-29,
7687,7687.HK,EACON,ok,60,2026-09-29,
7688,7688.HK,TOPNC,ok,92,2026-09-29,
8003,8003.HK,GREAT WORLD,ok,2462,2026-09-29,
8005,8005.HK,YUXING INFOTECH,ok,2462,2026-09-29,
8006,8006.HK,SINO SPLENDID,ok,2462,2026-09-29,
8007,8007.HK,GLOBALSTRAT,ok,2462,2026-09-29,
8013,8013.HK,ECI TECH,ok,1,2026-09-23,
8017,8017.HK,TRADEGO,ok,1968,2026-09-29,
8018,8018.HK,FINSOFT FIN,ok,2461,2026-09-28,
8019,8019.HK,HAO WEN HLDGS,ok,2462,2026-09-29,
8020,8020.HK,UNITAS HOLD,ok,2462,2026-09-29,
8021,8021.HK,WLS HOLDINGS,ok,2461,2026-09-28,
8023,8023.HK,KWONG MAN KEE,ok,2453,2026-09-29,
8026,8026.HK,CB GLOBAL,ok,2462,2026-09-29,
8027,8027.HK,KPM HOLDING,ok,2460,2026-09-28,
8028,8028.HK,TIMELESS,ok,2462,2026-09-29,
8029,8029.HK,CI FIN TECH GP,ok,2461,2026-09-28,
8030,8030.HK,FENGYINHE,ok,2462,2026-09-29,
8031,8031.HK,ETS GROUP,ok,2462,2026-09-29,
8033,8033.HK,VODATEL NETWORK,ok,2462,2026-09-29,
8035,8035.HK,JANCO HOLDINGS,ok,2456,2026-09-29,
8036,8036.HK,EBROKER GROUP,ok,1874,2026-09-29,
8037,8037.HK,CH BIOTECH SER,ok,2462,2026-09-29,
8039,8039.HK,CHINA COME RIDE,ok,2408,2026-09-28,
8040,8040.HK,COOLPOINT INNO,ok,2120,2026-09-29,
8041,8041.HK,INTELLIMARK AI,ok,2462,2026-09-29,
8042,8042.HK,KOS TALENT GP,ok,1959,2026-09-29,
8043,8043.HK,ATLINKS,ok,2138,2026-09-29,
8047,8047.HK,CHINA OCEAN GP,ok,2461,2026-09-28,
8049,8049.HK,JILIN CHANGLONG,ok,2462,2026-09-29,
8050,8050.HK,CITY COOLXUAN,ok,2462,2026-09-29,
8051,8051.HK,CIRCUTECH,ok,2462,2026-09-29,
8052,8052.HK,LUK HING ENT,ok,2431,2026-09-28,
8056,8056.HK,LIFE CONCEPTS,ok,2462,2026-09-29,
8057,8057.HK,MADISON HLDG,ok,2461,2026-09-28,
8059,8059.HK,GLORY FLAME,ok,2461,2026-09-28,
8060,8060.HK,GLOBAL LINK,ok,2461,2026-09-28,
8062,8062.HK,EFT SOLUTIONS,ok,2407,2026-09-29,
8065,8065.HK,KML TECH,ok,2203,2026-09-28,
8066,8066.HK,PHOENITRON HOLD,ok,2462,2026-09-29,
8067,8067.HK,OUC HOLDINGS,ok,2461,2026-09-28,
8069,8069.HK,FLYDOO TECH,ok,2390,2026-09-28,
8070,8070.HK,KEEN OCEAN,ok,2462,2026-09-29,
8071,8071.HK,CH NETCOMTECH,ok,2461,2026-09-28,
8072,8072.HK,LANGU CO,ok,2461,2026-09-28,
8073,8073.HK,SFSY NEW MAT,ok,2262,2026-09-29,
8076,8076.HK,SING LEE,ok,2462,2026-09-29,
8079,8079.HK,LIT LIFE,ok,2462,2026-09-29,
8080,8080.HK,NAS HOLDINGS,ok,2461,2026-09-28,
8081,8081.HK,BAIJUYI HOLD,ok,2462,2026-09-29,
8082,8082.HK,QINGHUA HOLD,ok,2462,2026-09-29,
8087,8087.HK,CHINA 33 GROUP,ok,2462,2026-09-29,
8090,8090.HK,BAOGAI,ok,60,2026-09-29,
8091,8091.HK,OOH HOLDINGS,ok,2396,2026-09-29,
8092,8092.HK,ITE HOLDINGS,ok,2461,2026-09-28,
8093,8093.HK,WEB3 META,ok,2462,2026-09-29,
8095,8095.HK,BEIDA JADE BIRD,ok,2462,2026-09-29,
8096,8096.HK,TASTY CONCEPTS,ok,1855,2026-09-28,
8098,8098.HK,CL GROUP,ok,2462,2026-09-29,
8100,8100.HK,FAMOUS TECH INT,ok,2461,2026-09-28,
8103,8103.HK,HMVOD,ok,2461,2026-09-28,
8106,8106.HK,XINHUA LANDE,ok,2462,2026-09-29,
8107,8107.HK,FICUS TECH,ok,2069,2026-09-29,
8111,8111.HK,CT IND GROUP,ok,2461,2026-09-28,
8112,8112.HK,CORNERSTONE FIN,ok,2461,2026-09-28,
8113,8113.HK,V&V TECH,ok,2462,2026-09-29,
8115,8115.HK,QINGDA ORIENTAL,ok,2462,2026-09-29,
8117,8117.HK,CHI P ENERGY,ok,2461,2026-09-28,
8118,8118.HK,ZHONGZI INTL H,ok,2181,2026-09-29,
8120,8120.HK,CH DEMETER FIN,ok,2462,2026-09-29,
8121,8121.HK,GUOEN HOLDINGS,ok,2462,2026-09-29,
8123,8123.HK,SINOFORTUNE FIN,ok,2461,2026-09-28,
8125,8125.HK,RJVAN,ok,2461,2026-09-28,
8128,8128.HK,SINO ENGY CONS,ok,2461,2026-09-28,
8130,8130.HK,DADI INTL GROUP,ok,2461,2026-09-28,
8131,8131.HK,NOVATECH INTEL,ok,2462,2026-09-29,
8132,8132.HK,CENTURY EN INTL,ok,2461,2026-09-28,
8133,8133.HK,JISHENG GP HLDG,ok,2461,2026-09-28,
8136,8136.HK,IMS GROUP,ok,2134,2026-09-29,
8137,8137.HK,HONBRIDGE,ok,2462,2026-09-29,
8139,8139.HK,CHANGAN RH,ok,2461,2026-09-28,
8140,8140.HK,BOSATECH,ok,2022,2026-09-28,
8143,8143.HK,GF HEALTHCARE,ok,2461,2026-09-28,
8146,8146.HK,GRACEWINE,ok,2033,2026-09-29,
8147,8147.HK,YUNJING DIGITEC,ok,2462,2026-09-29,
8148,8148.HK,WUXI LIFE,ok,2461,2026-09-28,
8149,8149.HK,ALTUS HLDGS,ok,2450,2026-09-28,
8152,8152.HK,M&L HOLDINGS,ok,2262,2026-09-29,
8153,8153.HK,JIADING INTL GP,ok,2462,2026-09-29,
8156,8156.HK,SINOPHARM TECH,ok,2461,2026-09-28,
8158,8158.HK,CRMI,ok,2462,2026-09-29,
8159,8159.HK,CU VENTURE INV,ok,2461,2026-09-28,
8160,8160.HK,GOLDWAY EDU,ok,2415,2026-09-28,
8161,8161.HK,MEDINET GROUP,ok,2461,2026-09-28,
8162,8162.HK,LOCO HK,ok,2462,2026-09-29,
8163,8163.HK,NOIZ GROUP,ok,2462,2026-09-29,
8168,8168.HK,AMASSE CAPITAL,ok,2095,2026-09-28,
8169,8169.HK,ECO-TEK HLDGS,ok,2461,2026-09-28,
8172,8172.HK,LAJIN ENT,ok,2461,2026-09-28,
8173,8173.HK,HEPHAESTUS HLDG,ok,2461,2026-09-28,
8176,8176.HK,SUPERROBOTICS,ok,2462,2026-09-29,
8178,8178.HK,CHINA INFO TECH,ok,2462,2026-09-29,
8179,8179.HK,PALINDA GROUP,ok,2461,2026-09-28,
8181,8181.HK,KS SMART MGMT,ok,2461,2026-09-28,
8186,8186.HK,HONOR MATRIX,ok,2462,2026-09-29,
8187,8187.HK,JIMU GROUP,ok,2462,2026-09-29,
8188,8188.HK,GME GROUP,ok,2363,2026-09-29,
8189,8189.HK,TEDA BIOMEDICAL,ok,2462,2026-09-29,
8191,8191.HK,HONG WEI ASIA,ok,2462,2026-09-29,
8193,8193.HK,ASIAPAC FIN INV,ok,2462,2026-09-29,
8195,8195.HK,LEGENDARY EDU,ok,2462,2026-09-29,
8196,8196.HK,FUTIAN HOLDINGS,ok,2462,2026-09-29,
8198,8198.HK,CRYPTO FLOW,ok,2462,2026-09-29,
8200,8200.HK,SAU SAN TONG,ok,2462,2026-09-29,
8201,8201.HK,PPS INT'L,ok,2462,2026-09-29,
8203,8203.HK,KAISUN HOLDINGS,ok,2461,2026-09-28,
8205,8205.HK,JIAODA WITHUB,ok,2462,2026-09-29,
8206,8206.HK,S ROBOT EDU,ok,2461,2026-09-28,
8208,8208.HK,RADIANCE GLO GP,ok,1678,2026-09-28,
8210,8210.HK,DLC ASIA,ok,1990,2026-09-28,
8213,8213.HK,STARGLORY HLDGS,ok,2462,2026-09-29,
8217,8217.HK,JU FU TANG BIOT,ok,2462,2026-09-29,
8218,8218.HK,ECHO INT HOLD,ok,2461,2026-09-28,
8219,8219.HK,HANVEY GROUP,ok,2023,2026-09-29,
8220,8220.HK,BINGO GROUP,ok,2462,2026-09-29,
8221,8221.HK,GAOYU FINANCE,ok,2395,2026-09-29,
8222,8222.HK,E LIGHTING,ok,2461,2026-09-28,
8223,8223.HK,ZYY,ok,2026,2026-09-29,
8225,8225.HK,C HEALTH GP,ok,2461,2026-09-28,
8226,8226.HK,KOALA FIN GP,ok,2462,2026-09-29,
8227,8227.HK,HAITIAN ANTENNA,ok,2462,2026-09-29,
8229,8229.HK,FUTURE DATA,ok,2462,2026-09-29,
8232,8232.HK,THAC GROUP,ok,2461,2026-09-28,
8237,8237.HK,LINK HOLDINGS,ok,2462,2026-09-29,
8238,8238.HK,JIUFANG DIGITAL,ok,2462,2026-09-29,
8239,8239.HK,CAPITAL FIN,ok,2462,2026-09-29,
8241,8241.HK,YING KEE TEA,ok,2082,2026-09-29,
8245,8245.HK,CANOPY SKYFIRE,ok,2462,2026-09-29,
8246,8246.HK,ZHONGHUA GAS,ok,2462,2026-09-29,
8247,8247.HK,BIOSINO BIO-TEC,ok,2462,2026-09-29,
8249,8249.HK,RUIYUAN IC TECH,ok,2461,2026-09-28,
8250,8250.HK,DU DU HLDGS,ok,2462,2026-09-29,
8262,8262.HK,SUPER STRONG,ok,2461,2026-09-28,
8267,8267.HK,LINEKONG,ok,2462,2026-09-29,
8268,8268.HK,SMART CITY DEV,ok,2462,2026-09-29,
8269,8269.HK,GO UP EDU TECH,ok,2462,2026-09-29,
8270,8270.HK,CHINA CBM,ok,2461,2026-09-28,
8271,8271.HK,GDC,ok,2462,2026-09-29,
8275,8275.HK,CHINA NEW CONS,ok,2204,2026-09-29,
8277,8277.HK,STEEDORIENTAL,ok,2462,2026-09-29,
8279,8279.HK,AGTECH HOLDINGS,ok,2462,2026-09-29,
8280,8280.HK,CDV HOLDINGS,ok,2462,2026-09-29,
8281,8281.HK,CH GOLD CLASSIC,ok,2462,2026-09-29,
8282,8282.HK,GAMEONE,ok,2461,2026-09-28,
8283,8283.HK,ZHONGSHI MINAN,ok,2435,2026-09-29,
8285,8285.HK,SLING GROUP,ok,2141,2026-09-29,
8286,8286.HK,CCOE,ok,2461,2026-09-28,
8290,8290.HK,AHSAY BACKUP,ok,2461,2026-09-28,
8291,8291.HK,HK ENT INTL,ok,2266,2026-09-29,
8292,8292.HK,VSING,ok,2461,2026-09-28,
8293,8293.HK,SINGASIA HLDG,ok,2462,2026-09-29,
8295,8295.HK,KINGWISOFT TECH,ok,2461,2026-09-28,
8296,8296.HK,SINO-LIFE GROUP,ok,2461,2026-09-28,
8297,8297.HK,OCEAN STAR TECH,ok,2269,2026-09-29,
8299,8299.HK,GT GOLD,ok,2462,2026-09-29,
8300,8300.HK,JIN MI FANG GP,ok,2462,2026-09-29,
8305,8305.HK,ST HLDGS,ok,2029,2026-09-29,
8307,8307.HK,MEDICSKIN,ok,2462,2026-09-29,
8308,8308.HK,GUDOU HLDGS,ok,2410,2026-09-29,
8309,8309.HK,MANSHING GLOBAL,ok,2328,2026-09-29,
8310,8310.HK,YANCHENG PORT,ok,2462,2026-09-29,
8311,8311.HK,PERFECT OPT,ok,2462,2026-09-29,
8313,8313.HK,ZACD,ok,2141,2026-09-29,
8315,8315.HK,CEN PLAZA HOTEL,ok,2462,2026-09-29,
8316,8316.HK,CHINA HONGBAO,ok,2462,2026-09-29,
8317,8317.HK,FINET GROUP,ok,2461,2026-09-28,
8319,8319.HK,EXPERT SYS,ok,2461,2026-09-28,
8320,8320.HK,AEC GROUP,ok,2451,2026-09-29,
8321,8321.HK,TAI KAM HLDGS,ok,2441,2026-09-28,
8326,8326.HK,TK NEW ENERGY,ok,2462,2026-09-29,
8328,8328.HK,XY ELEC STORAGE,ok,2461,2026-09-28,
8329,8329.HK,NEP INTERLONG,ok,2461,2026-09-28,
8331,8331.HK,P.B. GROUP,ok,2461,2026-09-28,
8333,8333.HK,ASTRUM FIN,ok,2462,2026-09-29,
8337,8337.HK,DIRECTEL,ok,2462,2026-09-29,
8340,8340.HK,ZIJING INTL FIN,ok,2462,2026-09-29,
8341,8341.HK,AESO HOLDING,ok,2388,2026-09-28,
8347,8347.HK,F8 ENT,ok,2329,2026-09-28,
8348,8348.HK,BINHAI TEDA,ok,2461,2026-09-28,
8349,8349.HK,GUIXIN GROUP,ok,2388,2026-09-28,
8350,8350.HK,WELL LINK SEC,ok,2142,2026-09-28,
8356,8356.HK,TSUN YIP HLDGS,ok,2461,2026-09-28,
8357,8357.HK,REPUBLIC HC,ok,2040,2026-09-29,
8360,8360.HK,BASIC H NEWLIFE,ok,2461,2026-09-28,
8362,8362.HK,WINNING TOWER,ok,2276,2026-09-28,
8365,8365.HK,HATCHER GROUP,ok,2301,2026-09-29,
8366,8366.HK,ZJ UNITED INV,ok,2462,2026-09-29,
8367,8367.HK,SIMPLICITY HLDG,ok,2114,2026-09-29,
8368,8368.HK,CREATIVE CHINA,ok,2462,2026-09-29,
8370,8370.HK,ZHI SHENG GP,ok,2384,2026-09-29,
8371,8371.HK,TASTEGOURMET GP,ok,2140,2026-09-29,
8372,8372.HK,GBG HOLDINGS,ok,2091,2026-09-29,
8373,8373.HK,INDIGO STAR,ok,2181,2026-09-29,
8375,8375.HK,DATA UNION CAP,ok,2183,2026-09-28,
8377,8377.HK,HARBOUR EQUINE,ok,2160,2026-09-29,
8379,8379.HK,PRIME INTEL,ok,2120,2026-09-29,
8385,8385.HK,PROSPEROUSPRINT,ok,2162,2026-09-29,
8391,8391.HK,CORNERSTONE TEC,ok,2064,2026-09-29,
8392,8392.HK,SATU HOLDINGS,ok,2203,2026-09-28,
8395,8395.HK,ZXZN QI-HOUSE,ok,2134,2026-09-29,
8400,8400.HK,ASIA PIONEER,ok,2182,2026-09-29,
8401,8401.HK,HUA XIA WATER,ok,2092,2026-09-29,
8402,8402.HK,PLATEAU TL,ok,2180,2026-09-29,
8403,8403.HK,DEFENG SOLIFE,ok,2043,2026-09-29,
8406,8406.HK,CHINA ORAL IND,ok,2166,2026-09-29,
8411,8411.HK,K W NELSON GP,ok,2412,2026-09-28,
8412,8412.HK,NEW AMANTE,ok,2332,2026-09-29,
8413,8413.HK,ASIA GROCERY,ok,2328,2026-09-29,
8416,8416.HK,HM INTL HLDGS,ok,2374,2026-09-28,
8417,8417.HK,DADI EDU,ok,2368,2026-09-29,
8418,8418.HK,OPTIMA AUTO,ok,1715,2026-09-29,
8419,8419.HK,AV PROMOTIONS,ok,2155,2026-09-28,
8420,8420.HK,NEXION TECH,ok,2286,2026-09-28,
8422,8422.HK,WT GROUP,ok,2152,2026-09-28,
8423,8423.HK,CHI HO DEV,ok,2349,2026-09-28,
8425,8425.HK,HING MING HLDGS,ok,2347,2026-09-28,
8426,8426.HK,MODERN LIVING,ok,2185,2026-09-29,
8427,8427.HK,WS-SK TARGET,ok,2264,2026-09-29,
8428,8428.HK,CBK HOLDINGS,ok,2367,2026-09-28,
8429,8429.HK,SV VISION,ok,2164,2026-09-28,
8430,8430.HK,C&N HOLDINGS,ok,2201,2026-09-28,
8431,8431.HK,HAO BAI INTL,ok,2302,2026-09-29,
8432,8432.HK,BAR PACIFIC,ok,2392,2026-09-29,
8436,8436.HK,TAKBO GROUP,ok,2195,2026-09-29,
8437,8437.HK,RMH HOLDINGS,ok,2204,2026-09-28,
8439,8439.HK,SOMERLEY CAP,ok,2339,2026-09-29,
8445,8445.HK,NOBLE ENG GP,ok,2213,2026-09-29,
8447,8447.HK,MS CONCEPT,ok,2082,2026-09-29,
8448,8448.HK,UNI PRINTSHOP,ok,2092,2026-09-29,
8450,8450.HK,EDICO HOLDINGS,ok,2128,2026-09-29,
8451,8451.HK,SUNLIGHT HLDGS,ok,2081,2026-09-28,
8452,8452.HK,FY FINANCIAL,ok,2303,2026-09-28,
8455,8455.HK,LAI GROUP,ok,2329,2026-09-29,
8456,8456.HK,MANSION INTL,ok,2132,2026-09-28,
8460,8460.HK,BASETROPHY GP,ok,2280,2026-09-29,
8462,8462.HK,OMNIBRIDGE HLDG,ok,2265,2026-09-28,
8471,8471.HK,REACH NEW HLDGS,ok,2263,2026-09-29,
8472,8472.HK,LAPCO HOLDINGS,ok,2265,2026-09-29,
8473,8473.HK,MI MING MART,ok,2121,2026-09-28,
8475,8475.HK,E-STATION GTECH,ok,2000,2026-09-28,
8480,8480.HK,FURNIWEB,ok,2204,2026-09-29,
8481,8481.HK,SHENGLONG INTL,ok,2265,2026-09-28,
8482,8482.HK,WAN LEADER,ok,1984,2026-09-29,
8483,8483.HK,MAX SIGHT GROUP,ok,2112,2026-09-29,
8487,8487.HK,ISP GLOBAL,ok,2141,2026-09-29,
8489,8489.HK,GP LOGISTICS,ok,1404,2026-09-29,
8490,8490.HK,NICHE-TECH SEMI,ok,2052,2026-09-29,
8491,8491.HK,COOL LINK,ok,2218,2026-09-29,
8493,8493.HK,S. DRAGON,ok,2140,2026-09-28,
8495,8495.HK,1957 & CO.,ok,2168,2026-09-29,
8496,8496.HK,GLOBAL UIN,ok,1567,2026-09-28,
8500,8500.HK,ICONCULTURE,ok,1650,2026-09-28,
8501,8501.HK,SANBASE CORP,ok,2149,2026-09-29,
8502,8502.HK,OCEAN LINE PORT,ok,2025,2026-09-29,
8507,8507.HK,I.CENTURY HLDG,ok,2082,2026-09-29,
8509,8509.HK,WINE'S LINK,ok,2142,2026-09-28,
8510,8510.HK,TOPSTANDARDCORP,ok,2121,2026-09-29,
8511,8511.HK,MIN FU INTL,ok,2078,2026-09-29,
8512,8512.HK,HYFUSIN GROUP,ok,2018,2026-09-29,
8513,8513.HK,MAXWIN INT HLDG,ok,2138,2026-09-29,
8516,8516.HK,ZY INTL,ok,1957,2026-09-28,
8519,8519.HK,XINXIANG ERA,ok,2123,2026-09-28,
8521,8521.HK,WEBX INTL HLDGS,ok,2061,2026-09-29,
8525,8525.HK,BAIYING HOLDING,ok,2018,2026-09-28,
8526,8526.HK,WING FUNG GROUP,ok,2113,2026-09-29,
8527,8527.HK,JLOGO HLDGS,ok,2066,2026-09-29,
8529,8529.HK,UBOT HOLDING,ok,573,2026-09-29,
8532,8532.HK,POLYFAIR HLDGS,ok,2115,2026-09-29,
8535,8535.HK,VISTAR HOLDINGS,ok,2122,2026-09-29,
8536,8536.HK,TL NATURAL GAS,ok,2058,2026-09-28,
8537,8537.HK,CHONG FAI JEWEL,ok,1848,2026-09-29,
8540,8540.HK,VICTORY SEC,ok,2021,2026-09-29,
8545,8545.HK,AMUSE GROUP,ok,2050,2026-09-28,
8547,8547.HK,PACIFIC LEGEND,ok,2019,2026-09-29,
8549,8549.HK,GOLDEN LEAF INT,ok,239,2026-09-29,
8567,8567.HK,GF HEALTHCARE,ok,4,2026-09-28,
8573,8573.HK,SINO ENGY CONS,ok,1,2026-09-29,
8601,8601.HK,BOLTEK,ok,1977,2026-09-28,
8606,8606.HK,KINETIX SYSTEMS,ok,2020,2026-09-28,
8610,8610.HK,BBSB INTL,ok,176,2026-09-29,
8611,8611.HK,JUFEEL,ok,1954,2026-09-29,
8612,8612.HK,WORLD SUPER,ok,1777,2026-09-29,
8613,8613.HK,ORIENTAL PAY,ok,1956,2026-09-28,
8616,8616.HK,SUNRAY ENG GP,ok,1583,2026-09-29,
8619,8619.HK,NIU HOLDINGS,ok,1976,2026-09-29,
8620,8620.HK,AE LOGISTICS,ok,1586,2026-09-29,
8621,8621.HK,METROPOLIS CAP,ok,1917,2026-09-29,
8622,8622.HK,JOYZYME GROUP,ok,1916,2026-09-29,
8623,8623.HK,CHINA SAFTOWER,ok,1531,2026-09-29,
8627,8627.HK,ORANGE TOUR,ok,1690,2026-09-28,
8631,8631.HK,SUN KONG HLDGS,ok,1900,2026-09-28,
8635,8635.HK,ELEPHANT HLDGS,ok,1826,2026-09-29,
8637,8637.HK,METASURFACE,ok,554,2026-09-29,
8645,8645.HK,BYTE META,ok,1674,2026-09-29,
8646,8646.HK,CHINA HONGGUANG,ok,1652,2026-09-29,
8657,8657.HK,TRUE PARTNER,ok,1463,2026-09-28,
8659,8659.HK,YIK WO INTL,ok,1530,2026-09-29,
8668,8668.HK,YING HAI GROUP,ok,1723,2026-09-28,
9600,9600.HK,NEWLINK TECH,ok,1409,2026-09-29,
9606,9606.HK,DUALITYBIO-B,ok,360,2026-09-29,
9607,9607.HK,RA MATERIALS,ok,1,2026-09-29,
9608,9608.HK,SUNDY SERVICE,ok,1401,2026-09-29,
9609,9609.HK,HAIWEI ELEC,ok,205,2026-09-29,
9611,9611.HK,LONGCHEER,ok,169,2026-09-29,
9615,9615.HK,MECH-MIND ROBOT,ok,21,2026-09-29,
9616,9616.HK,NEUTECH GROUP,ok,1474,2026-09-29,
9618,9618.HK,JD-SW,ok,1545,2026-09-29,
9626,9626.HK,BILIBILI-W,ok,1353,2026-09-29,
9630,9630.HK,CFMEE,ok,67,2026-09-29,
9633,9633.HK,NONGFU SPRING,ok,1489,2026-09-29,
9636,9636.HK,JF SMARTINVEST,ok,873,2026-09-29,
9637,9637.HK,ALEBUND-B,ok,66,2026-09-29,
9638,9638.HK,FERRETTI,ok,1103,2026-09-28,
9639,9639.HK,WING LEE DEV,ok,486,2026-09-29,
9658,9658.HK,SUPER HI,ok,919,2026-09-29,
9660,9660.HK,HORIZONROBOT-W,ok,476,2026-09-29,
9663,9663.HK,SINOSYNERGY,ok,692,2026-09-29,
9668,9668.HK,CBHB,ok,1527,2026-09-29,
9669,9669.HK,BEISEN HOLDING,ok,852,2026-09-29,
9676,9676.HK,SHIYUE DAOTIAN,ok,729,2026-09-29,
9677,9677.HK,WEIHAI BANK,ok,1466,2026-09-28,
9678,9678.HK,UNISOUND,ok,310,2026-09-29,
9680,9680.HK,CHENQI TECH,ok,548,2026-09-29,
9686,9686.HK,XIKANG CLOUD,ok,738,2026-09-29,
9688,9688.HK,ZAI LAB,ok,1475,2026-09-29,
9689,9689.HK,JTF INTL,ok,2138,2026-09-28,
9690,9690.HK,TUHU-W,ok,740,2026-09-29,
9696,9696.HK,TIANQI LITHIUM,ok,1037,2026-09-29,
9698,9698.HK,GDS-SW,ok,1454,2026-09-29,
9699,9699.HK,SF INTRA-CITY,ok,1177,2026-09-29,
9856,9856.HK,LIGENT,ok,6,2026-09-29,
9857,9857.HK,LINMON MEDIA,ok,1017,2026-09-29,
9858,9858.HK,YOURAN DAIRY,ok,1299,2026-09-29,
9860,9860.HK,ADICON HOLDINGS,ok,799,2026-09-29,
9863,9863.HK,LEAPMOTOR,ok,982,2026-09-29,
9866,9866.HK,NIO-SW,ok,1119,2026-09-29,
9868,9868.HK,XPENG-W,ok,1287,2026-09-29,
9869,9869.HK,HELENS,ok,1240,2026-09-29,
9876,9876.HK,OCEAN ONE HLDG,ok,2201,2026-09-29,
9877,9877.HK,JENSCARE-B,ok,976,2026-09-29,
9878,9878.HK,HUITONGDA NET,ok,1133,2026-09-29,
9879,9879.HK,MIGAO GROUP,ok,620,2026-09-29,
9880,9880.HK,UBTECH ROBOTICS,ok,676,2026-09-29,
9881,9881.HK,RONGTA TECH,ok,323,2026-09-28,
9882,9882.HK,BEST LINKING,ok,1690,2026-09-29,
9885,9885.HK,YSB,ok,801,2026-09-29,
9886,9886.HK,DINGDANG HEALTH,ok,993,2026-09-29,
9887,9887.HK,LEADS BIOLABS-B,ok,292,2026-09-29,
9888,9888.HK,BIDU-W,ok,1357,2026-09-29,
9889,9889.HK,DRCB,ok,1228,2026-09-29,
9890,9890.HK,TANWAN,ok,738,2026-09-29,
9893,9893.HK,PIZU GROUP,ok,2461,2026-09-28,
9896,9896.HK,MNSO,ok,1037,2026-09-29,
9898,9898.HK,WB-SW,ok,1181,2026-09-29,
9899,9899.HK,NETEASE MUSIC,ok,1185,2026-09-29,
9900,9900.HK,ZCLOUD TECH CON,ok,2121,2026-09-29,
9901,9901.HK,NEW ORIENTAL-S,ok,1449,2026-09-29,
9903,9903.HK,ILUVATAR COREX,ok,179,2026-09-29,
9906,9906.HK,HONLIV HEALTH,ok,1529,2026-09-28,
9908,9908.HK,JIAXING GAS,ok,1527,2026-09-29,
9909,9909.HK,POWERLONG CM,ok,1661,2026-09-29,
9911,9911.HK,NEWBORNTOWN,ok,1660,2026-09-29,
9913,9913.HK,CHI KAN HLDGS,ok,1506,2026-09-29,
9916,9916.HK,XINGYE WULIAN,ok,1614,2026-09-29,
9918,9918.HK,WISE ALLY INTL,ok,1653,2026-09-29,
9919,9919.HK,ACTIVATION GP,ok,1649,2026-09-29,
9922,9922.HK,JIUMAOJIU,ok,1650,2026-09-29,
9923,9923.HK,YEAHKA,ok,1558,2026-09-29,
9926,9926.HK,AKESO,ok,1582,2026-09-29,
9927,9927.HK,SERES,ok,222,2026-09-29,
9928,9928.HK,TIMES NEIGHBOR,ok,1666,2026-09-29,
9929,9929.HK,SEM HLDGS,ok,1630,2026-09-29,
9930,9930.HK,HORIZON CD,ok,822,2026-09-28,
9933,9933.HK,GHW INTL,ok,1645,2026-09-28,
9936,9936.HK,XIMEI RESOURCES,ok,1611,2026-09-29,
9938,9938.HK,WAH WO HOLDINGS,ok,1648,2026-09-29,
9939,9939.HK,KINTOR PHARMA-B,ok,1564,2026-09-29,
9955,9955.HK,CLOUDR,ok,1042,2026-09-29,
9958,9958.HK,LITIAN PICTURES,ok,1543,2026-09-29,
9959,9959.HK,LINKLOGIS-W,ok,1347,2026-09-29,
9960,9960.HK,KINDSTAR GLOBAL,ok,1280,2026-09-29,
9961,9961.HK,TRIP.COM-S,ok,1341,2026-09-29,
9963,9963.HK,TRANSTECH OPTEL,ok,2263,2026-09-29,
9966,9966.HK,ALPHAMAB-B,ok,1671,2026-09-29,
9968,9968.HK,HUIJING HLDGS,ok,1649,2026-09-29,
9969,9969.HK,INNOCARE,ok,1604,2026-09-29,
9971,9971.HK,BASICSEMI,ok,60,2026-09-29,
9973,9973.HK,CHERY AUTO,ok,248,2026-09-29,
9976,9976.HK,LONGSYS,ok,16,2026-09-29,
9978,9978.HK,FINELAND LIVING,ok,2182,2026-09-29,
9979,9979.HK,GREENTOWN MGMT,ok,1531,2026-09-29,
9980,9980.HK,EASTROC,ok,161,2026-09-29,
9981,9981.HK,WOER,ok,153,2026-09-29,
9982,9982.HK,CENTRALCHINA MT,ok,1312,2026-09-29,
9983,9983.HK,CC NEW LIFE,ok,1569,2026-09-29,
9985,9985.HK,WL DELICIOUS,ok,928,2026-09-29,
9986,9986.HK,DASHAN EDU,ok,1527,2026-09-28,
9987,9987.HK,YUM CHINA,ok,1487,2026-09-29,
9988,9988.HK,BABA-W,ok,1683,2026-09-29,
9989,9989.HK,HEPALINK,ok,1533,2026-09-29,
9990,9990.HK,ARCHOSAUR GAMES,ok,1528,2026-09-29,
9991,9991.HK,BAOZUN-W,ok,1474,2026-09-29,
9992,9992.HK,POP MART,ok,1425,2026-09-29,
9993,9993.HK,RADIANCE HLDGS,ok,1456,2026-09-29,
9995,9995.HK,REMEGEN,ok,1449,2026-09-29,
9996,9996.HK,PEIJIA-B,ok,1569,2026-09-29,
9998,9998.HK,KWAN YONG,ok,1655,2026-09-29,
9999,9999.HK,NTES,ok,1550,2026-09-29,
