code,yahoo,name_en,name_zh,market_cap_100m_hkd,board_lot,category,sub_category,price,open,high,low,volume,turnover_proxy,ma5,ma10,dev5,dev10,gain1,gain3,gain5,year_prev_high,three_year_prev_high,history_prev_high,year_high,three_year_high,year_high_breakout,three_year_high_breakout,all_time_high_breakout,year_high_distance,three_year_high_distance,consecutive_3d_gain,consecutive_5d_gain,break_pullback_ma5,break_ma5_pullback_ma10,new_year_high,new_3y_high,new_all_time_high,near_year_high_10pct,near_3y_high_10pct,base_date
0001,0001.HK,CKH HOLDINGS,长和,2585.28,500,Equity,Equity Securities (Main Board),67.6,67.9,68.25,67.05,4086495,276.25,67.55,68.545,0.07,-1.38,-0.44,0.15,-2.38,74.4,74.4,108.9,74.4,74.4,-8.27,-8.27,-37.33,9.14,9.14,False,False,True,False,False,False,False,True,True,2026-09-21
0002,0002.HK,CLP HOLDINGS,中电控股,1963.05,500,Equity,Equity Securities (Main Board),77.7,77.25,77.8,77.0,1263666,98.19,77.33,77.905,0.48,-0.26,0.32,0.26,-0.7,79.8,79.8,97.4,79.8,79.8,-2.51,-2.51,-20.12,2.63,2.63,False,False,True,False,False,False,False,True,True,2026-09-21
0003,0003.HK,HK & CHINA GAS,香港中华煤气,1326.72,"1,000",Equity,Equity Securities (Main Board),7.115,7.09,7.12,7.05,10153976,72.25,7.075,7.158,0.57,-0.6,0.35,0.49,0.28,7.76,7.76,16.36,7.76,7.76,-8.25,-8.25,-56.48,8.31,8.31,False,False,True,False,False,False,False,True,True,2026-09-21
0004,0004.HK,WHARF HOLDINGS,九龙仓集团,592.56,"1,000",Equity,Equity Securities (Main Board),19.39,19.28,19.42,18.96,659837,12.79,19.178,19.011,1.11,1.99,0.57,0.83,4.08,30.6,30.6,34.0,30.6,30.6,-36.54,-36.54,-42.88,36.63,36.63,True,True,False,True,False,False,False,False,False,2026-09-21
0005,0005.HK,HSBC HOLDINGS,汇丰控股,27665.67,400,Equity,Equity Securities (Main Board),161.4,160.0,161.7,159.9,5213647,841.48,160.66,162.71,0.46,-0.81,-0.12,0.31,-2.12,169.7,169.7,169.7,169.7,169.7,-4.71,-4.71,-4.71,4.89,4.89,False,False,True,False,False,False,False,True,True,2026-09-21
0006,0006.HK,POWER ASSETS,电能实业,1281.86,500,Equity,Equity Securities (Main Board),60.1,60.0,60.2,59.75,1117767,67.18,59.93,60.53,0.28,-0.71,0.42,-0.08,-2.28,67.05,67.05,78.8,67.05,67.05,-10.22,-10.22,-23.6,10.37,10.37,False,False,False,False,False,False,False,False,False,2026-09-21
0008,0008.HK,PCCW,电讯盈科,408.69,"1,000",Equity,Equity Securities (Main Board),5.28,5.3,5.315,5.26,6897988,36.42,5.348,5.393,-1.27,-2.1,-0.38,-2.04,-3.65,6.37,6.37,6.37,6.37,6.37,-16.56,-16.56,-16.56,17.11,17.11,False,False,False,False,False,False,False,False,False,2026-09-21
0010,0010.HK,HANG LUNG GROUP,恒隆集团,168.16,"1,000",Equity,Equity Securities (Main Board),12.35,12.25,12.44,12.14,267795,3.31,12.274,12.321,0.62,0.24,1.31,-0.88,0.57,17.54,17.54,35.9,17.54,17.54,-29.08,-29.08,-65.35,29.59,29.59,False,False,False,True,False,False,False,False,False,2026-09-21
0012,0012.HK,HENDERSON LAND,恒基地产,1274.25,"1,000",Equity,Equity Securities (Main Board),26.32,26.04,26.38,25.8,4661003,122.68,25.948,26.152,1.43,0.64,1.39,1.46,2.02,35.66,35.66,46.41,35.66,35.66,-26.02,-26.02,-43.16,26.19,26.19,False,False,True,True,False,False,False,False,False,2026-09-21
0013,0013.HK,HUTCHMED,和黄医药,195.58,500,Equity,Equity Securities (Main Board),22.4,21.42,22.58,21.42,6985500,156.48,21.728,21.542,3.09,3.98,3.99,5.07,4.67,25.58,35.9,85.8,25.58,35.9,-11.73,-37.1,-73.68,12.43,37.6,False,False,False,True,False,False,False,False,False,2026-09-21
0014,0014.HK,HYSAN DEV,希慎兴业,161.45,"1,000",Equity,Equity Securities (Main Board),15.7,15.79,16.1,15.65,618710,9.71,15.632,15.798,0.44,-0.62,-0.51,0.71,0.13,23.3,23.3,46.9,23.3,23.3,-30.9,-30.9,-65.67,32.62,32.62,False,False,False,False,False,False,False,False,False,2026-09-21
0016,0016.HK,SHK PPT,新鸿基地产,3199.15,500,Equity,Equity Securities (Main Board),110.4,107.7,110.7,107.2,3783733,417.72,108.96,111.82,1.32,-1.27,2.51,0.73,0.0,148.8,148.8,148.8,148.8,148.8,-25.6,-25.6,-25.6,25.81,25.81,False,False,False,False,False,False,False,False,False,2026-09-21
0017,0017.HK,NEW WORLD DEV,新世界发展,147.1,"1,000",Equity,Equity Securities (Main Board),5.85,5.9,5.945,5.76,4272840,25.0,5.819,5.958,0.53,-1.81,1.21,-0.59,2.54,12.45,15.96,55.52,12.45,15.96,-52.25,-62.75,-89.29,53.01,63.35,False,False,False,False,False,False,False,False,False,2026-09-21
0018,0018.HK,ORIENTAL M G,东方传媒集团,5.2,"2,000",Equity,Equity Securities (Main Board),0.217,0.22,0.22,0.212,174000,0.04,0.213,0.213,1.88,1.78,2.36,2.36,1.4,0.33,0.59,1.25,0.33,0.59,-33.33,-62.71,-82.4,34.24,63.22,False,False,False,True,False,False,False,False,False,2026-09-21
0019,0019.HK,SWIRE PACIFIC A,太古股份公司Ａ,792.23,500,Equity,Equity Securities (Main Board),101.7,100.5,102.0,99.55,706322,71.83,100.48,103.04,1.21,-1.3,1.7,1.7,-0.88,108.6,108.6,108.6,108.6,108.6,-6.08,-6.08,-6.08,6.35,6.35,False,False,False,False,False,False,False,True,True,2026-09-21
0020,0020.HK,SENSETIME-W,商汤－Ｗ,529.68,"1,000",Equity,Equity Securities (Main Board),1.265,1.27,1.28,1.25,287260206,363.38,1.237,1.276,2.26,-0.86,-0.78,4.55,0.0,2.8,2.94,9.7,2.8,2.94,-54.29,-56.46,-86.8,54.82,56.97,False,False,False,False,False,False,False,False,False,2026-09-21
0021,0021.HK,GREAT CHI HLDGS,大中华控股,3.74,"5,000",Equity,Equity Securities (Main Board),0.094,0.09,0.115,0.084,17810000,1.67,0.082,0.078,14.36,21.13,2.17,28.77,38.24,0.15,0.18,0.35,0.15,0.18,-21.23,-36.11,-67.14,35.62,47.78,True,True,False,False,False,False,False,False,False,2026-09-21
0022,0022.HK,MEXAN,茂盛控股,1.2,"2,000",Equity,Equity Securities (Main Board),3.06,2.85,3.195,2.805,361240,1.11,3.027,2.404,1.09,27.29,1.49,-6.71,67.21,18.5,18.5,19.25,18.5,18.5,-82.73,-82.73,-83.4,83.46,83.46,False,False,False,False,False,False,False,False,False,2026-09-21
0023,0023.HK,BANK OF E ASIA,东亚银行,522.74,200,Equity,Equity Securities (Main Board),19.74,18.92,19.8,18.92,3275590,64.66,19.264,18.868,2.47,4.62,2.6,3.3,3.95,19.6,19.6,36.0,19.8,19.8,1.02,1.02,-45.0,0.3,0.3,False,False,False,False,True,True,False,True,True,2026-09-21
0026,0026.HK,CHINA MOTOR BUS,中华汽车,26.52,200,Equity,Equity Securities (Main Board),58.65,58.65,58.65,58.65,1201,0.07,58.48,58.635,0.29,0.03,0.34,0.09,0.09,62.0,65.45,134.6,62.0,65.45,-5.4,-10.39,-56.43,5.4,10.39,False,False,False,False,False,False,False,True,False,2026-09-21
0027,0027.HK,GALAXY ENT,银河娱乐,1428.51,"1,000",Equity,Equity Securities (Main Board),32.68,32.62,32.88,32.24,24526658,801.53,32.568,32.75,0.34,-0.21,0.18,0.99,-0.55,44.22,51.9,80.3,44.22,51.9,-25.64,-36.65,-59.05,26.1,37.03,False,False,False,False,False,False,False,False,False,2026-09-21
0028,0028.HK,TIAN AN,天安,49.11,"1,000",Equity,Equity Securities (Main Board),3.35,3.3,3.35,3.3,30000,0.1,3.344,3.336,0.18,0.42,0.6,-0.15,-0.3,4.95,5.55,6.78,4.95,5.55,-32.32,-39.64,-50.62,32.32,39.64,False,False,False,True,False,False,False,False,False,2026-09-21
0029,0029.HK,DYNAMIC HOLD,达力集团,21.43,"2,000",Equity,Equity Securities (Main Board),9.015,9.13,9.13,8.955,50533,0.46,9.04,9.158,-0.28,-1.56,4.04,-2.28,-1.74,13.1,14.6,16.56,13.1,14.6,-30.31,-37.47,-44.87,31.18,38.25,False,False,False,False,False,False,False,False,False,2026-09-21
0030,0030.HK,YNBY INTL,云白国际,22.3,"2,000",Equity,Equity Securities (Main Board),0.237,0.248,0.248,0.237,100000,0.02,0.243,0.24,-2.63,-1.25,-4.44,-3.66,-0.84,0.31,0.31,0.57,0.31,0.31,-21.27,-21.27,-56.49,24.76,24.76,False,False,False,False,False,False,False,False,False,2026-09-21
0031,0031.HK,CHINA AEROSPACE,航天控股,14.65,"2,000",Equity,Equity Securities (Main Board),0.475,0.47,0.475,0.46,2846000,1.35,0.471,0.473,0.85,0.42,1.06,1.06,1.06,0.78,0.85,1.14,0.78,0.85,-39.1,-44.12,-58.33,39.1,44.12,False,False,False,True,False,False,False,False,False,2026-09-21
0032,0032.HK,CROSS-HAR(HOLD),港通控股,26.74,"1,000",Equity,Equity Securities (Main Board),7.175,7.15,7.18,7.15,8000,0.06,7.096,7.224,1.11,-0.68,0.0,2.06,-0.35,8.79,9.05,15.5,8.79,9.05,-18.32,-20.66,-53.68,18.37,20.72,False,False,False,False,False,False,False,False,False,2026-09-21
0034,0034.HK,KOWLOON DEV,九龙建业,58.65,"1,000",Equity,Equity Securities (Main Board),4.49,4.4,4.5,4.4,111575,0.5,4.442,4.401,1.08,2.02,1.47,0.22,2.05,5.45,7.1,11.06,5.45,7.1,-17.43,-36.62,-59.31,17.61,36.76,False,False,False,True,False,False,False,False,False,2026-09-21
0035,0035.HK,FE CONSORT INTL,远东发展,19.73,"1,000",Equity,Equity Securities (Main Board),0.645,0.64,0.66,0.63,1229611,0.79,0.657,0.674,-1.83,-4.23,2.38,-3.73,-6.52,0.93,1.68,4.51,0.93,1.68,-29.03,-60.71,-85.36,30.65,61.61,False,False,False,False,False,False,False,False,False,2026-09-21
0037,0037.HK,FE HOTELS,远东酒店实业,3.57,"2,000",Equity,Equity Securities (Main Board),0.48,0.48,0.48,0.47,48000,0.02,0.481,0.485,-0.21,-1.03,0.0,0.0,-2.04,0.68,1.08,2.04,0.68,1.08,-29.41,-55.56,-76.47,29.41,55.56,False,False,False,False,False,False,False,False,False,2026-09-21
0038,0038.HK,FIRST TRACTOR,第一拖拉机股份,34.33,"2,000",Equity,Equity Securities (Main Board),8.755,9.6,9.6,8.725,3294000,28.84,9.048,9.303,-3.24,-5.89,-1.79,-4.68,-6.21,10.6,10.6,10.6,10.6,10.6,-9.43,-9.43,-9.43,17.41,17.41,False,False,False,False,False,False,False,False,False,2026-09-21
0041,0041.HK,GREAT EAGLE H,鹰君,109.01,"1,000",Equity,Equity Securities (Main Board),14.53,14.2,14.58,14.2,104874,1.52,14.488,14.735,0.29,-1.39,1.32,0.41,-1.09,19.2,19.2,45.0,19.2,19.2,-24.06,-24.06,-67.6,24.32,24.32,False,False,False,False,False,False,False,False,False,2026-09-21
0042,0042.HK,NE ELECTRIC,东北电气,0.62,"2,000",Equity,Equity Securities (Main Board),0.239,0.221,0.239,0.221,14000,0.0,0.229,0.231,4.37,3.46,8.64,4.82,0.42,0.71,0.71,3.27,0.71,0.71,-66.34,-66.34,-92.69,66.34,66.34,False,False,False,True,False,False,False,False,False,2026-09-21
0045,0045.HK,HK&S HOTELS,大酒店,88.51,500,Equity,Equity Securities (Main Board),5.31,5.35,5.37,5.275,269000,1.43,5.315,5.406,-0.09,-1.78,0.19,0.19,-1.3,7.26,7.26,17.12,7.26,7.26,-26.03,-26.03,-68.63,26.86,26.86,False,False,False,False,False,False,False,False,False,2026-09-21
0048,0048.HK,C AUTO INT DECO,中国汽车内饰,1.6,"10,000",Equity,Equity Securities (Main Board),0.365,0.38,0.38,0.36,644000,0.24,0.377,0.377,-3.18,-3.31,-3.95,-3.95,-3.95,0.47,0.66,6.62,0.47,0.66,-19.15,-42.42,-94.26,22.34,44.7,False,False,False,False,False,False,False,False,False,2026-09-21
0050,0050.HK,HK FERRY (HOLD),香港小轮（集团）,16.89,"1,000",Equity,Equity Securities (Main Board),4.74,4.715,4.76,4.715,69965,0.33,4.726,4.819,0.3,-1.64,0.0,0.11,-2.67,5.55,5.55,9.29,5.55,5.55,-14.23,-14.23,-48.76,14.59,14.59,False,False,False,False,False,False,False,False,False,2026-09-21
0051,0051.HK,HARBOUR CENTRE,海港企业,31.04,"1,000",Equity,Equity Securities (Main Board),4.38,4.38,4.38,4.38,5000,0.02,4.306,4.308,1.72,1.68,0.69,3.55,3.55,5.09,7.3,16.36,5.09,7.3,-13.95,-40.0,-73.23,13.95,40.0,True,False,False,False,False,False,False,False,False,2026-09-21
0052,0052.HK,FAIRWOOD HOLD,大快活集团,5.54,500,Equity,Equity Securities (Main Board),4.28,4.3,4.32,4.28,31100,0.13,4.371,4.455,-2.08,-3.93,-1.38,-1.72,-4.89,4.84,11.28,38.4,4.84,11.28,-10.65,-61.7,-88.75,11.48,62.06,False,False,False,False,False,False,False,False,False,2026-09-21
0053,0053.HK,GUOCO GROUP,国浩集团,233.3,"1,000",Equity,Equity Securities (Main Board),70.9,71.0,71.0,70.0,25032,1.77,70.97,71.145,-0.1,-0.34,-1.32,0.28,-0.14,76.7,97.0,133.8,76.7,97.0,-7.43,-26.8,-46.94,7.56,26.91,False,False,False,False,False,False,False,True,False,2026-09-21
0057,0057.HK,CHEN HSONG HOLD,震雄集团,9.33,"2,000",Equity,Equity Securities (Main Board),1.48,1.48,1.48,1.48,30000,0.04,1.474,1.487,0.41,-0.47,-1.33,2.07,-1.33,1.75,1.94,3.93,1.75,1.94,-15.43,-23.71,-62.34,15.43,23.71,False,False,False,False,False,False,False,False,False,2026-09-21
0058,0058.HK,SUNWAY INT'L,新威国际,1.17,"20,000",Equity,Equity Securities (Main Board),0.227,0.227,0.227,0.227,80000,0.02,0.234,0.236,-2.83,-4.02,-2.16,-5.02,-5.42,0.4,0.88,13.0,0.4,0.88,-43.25,-74.2,-98.25,43.25,74.2,False,False,False,False,False,False,False,False,False,2026-09-21
0062,0062.HK,TRANSPORT INT'L,载通,46.13,400,Equity,Equity Securities (Main Board),8.6,8.82,8.825,8.51,46075,0.4,8.612,8.707,-0.14,-1.23,-2.49,-0.46,0.23,12.2,12.2,26.75,12.2,12.2,-27.66,-27.66,-67.01,29.51,29.51,False,False,False,False,False,False,False,False,False,2026-09-21
0063,0063.HK,CHI ASIA VALLEY,中亚烯谷集团,2.54,"1,000",Equity,Equity Securities (Main Board),0.04,0.035,0.04,0.035,540000,0.02,0.037,0.037,8.11,7.24,0.0,14.29,14.29,0.06,0.15,0.86,0.06,0.15,-37.5,-73.33,-95.35,37.5,73.33,False,False,True,True,False,False,False,False,False,2026-09-21
0064,0064.HK,GET NICE,结好控股,23.58,"2,000",Equity,Equity Securities (Main Board),3.815,3.81,3.815,3.8,163418,0.62,3.811,3.81,0.1,0.14,0.26,0.13,0.13,3.86,3.86,7.5,3.86,3.86,-1.17,-1.17,-49.13,1.17,1.17,False,False,False,True,False,False,False,True,True,2026-09-21
0065,0065.HK,GRAND OCEAN AR,弘海高新资源,0.61,"4,000",Equity,Equity Securities (Main Board),0.25,0.25,0.25,0.249,23600,0.01,0.26,0.265,-3.77,-5.62,0.4,-5.66,-7.41,0.36,8.0,8.1,0.36,8.0,-30.56,-96.88,-96.91,30.56,96.88,False,False,False,False,False,False,False,False,False,2026-09-21
0066,0066.HK,MTR CORPORATION,港铁公司,2064.15,500,Equity,Equity Securities (Main Board),33.16,32.98,33.3,32.76,2420495,80.26,32.772,32.914,1.18,0.75,0.55,1.04,1.34,37.88,37.88,55.75,37.88,37.88,-12.09,-12.09,-40.27,12.46,12.46,False,False,True,True,False,False,False,False,False,2026-09-21
0068,0068.HK,MANYCORE TECH,MANYCORE TECH,146.73,500,Equity,Equity Securities (Main Board),8.49,8.645,8.645,8.27,6351000,53.92,8.314,9.243,2.12,-8.15,0.06,5.53,2.54,48.5,48.5,48.5,48.5,48.5,-82.18,-82.18,-82.18,82.49,82.49,False,False,False,False,False,False,False,False,False,2026-09-21
0069,0069.HK,SHANGRI-LA ASIA,香格里拉（亚洲）,132.51,"2,000",Equity,Equity Securities (Main Board),3.69,3.87,3.87,3.64,8248000,30.44,3.864,3.95,-4.5,-6.57,-4.16,-4.9,-8.21,5.39,6.27,19.9,5.39,6.27,-28.2,-38.28,-80.55,31.54,41.15,False,False,False,False,False,False,False,False,False,2026-09-21
0071,0071.HK,MIRAMAR HOTEL,美丽华酒店,68.82,"1,000",Equity,Equity Securities (Main Board),9.96,9.95,9.965,9.9,124009,1.24,10.014,10.046,-0.54,-0.86,-0.99,-0.6,-0.5,11.27,11.27,19.3,11.27,11.27,-11.58,-11.58,-48.37,11.62,11.62,False,False,False,False,False,False,False,False,False,2026-09-21
0072,0072.HK,META MEDIA,超媒体控股,0.94,"2,000",Equity,Equity Securities (Main Board),0.215,0.211,0.211,0.211,82000,0.02,0.228,0.222,-5.54,-3.07,-10.42,-7.73,-0.92,0.31,0.36,1.97,0.31,0.36,-33.02,-41.39,-89.29,31.75,40.28,False,False,False,False,False,False,False,False,False,2026-09-21
0076,0076.HK,ELATE HOLDINGS,谊砾控股,0.71,"4,000",Equity,Equity Securities (Main Board),0.16,0.155,0.16,0.155,148120,0.02,0.159,0.159,0.76,0.88,3.9,-1.23,5.96,0.2,0.5,2.54,0.2,0.5,-19.19,-68.0,-93.7,19.19,68.0,False,False,False,True,False,False,False,False,False,2026-09-21
0078,0078.HK,REGAL INT'L,REGAL INT'L,4.04,"2,000",Equity,Equity Securities (Main Board),0.45,0.445,0.45,0.445,62000,0.03,0.448,0.45,0.45,-0.11,1.12,1.12,-3.23,0.59,3.15,7.16,0.59,3.15,-23.73,-85.71,-93.72,23.73,85.71,False,False,False,False,False,False,False,False,False,2026-09-21
0079,0079.HK,CENTURY LEGEND,世纪建业,0.35,"4,000",Equity,Equity Securities (Main Board),0.108,0.108,0.11,0.108,428000,0.05,0.114,0.11,-5.43,-1.37,-4.42,-15.63,-1.82,0.16,0.17,0.96,0.16,0.17,-32.93,-33.33,-88.54,34.15,34.55,False,False,False,False,False,False,False,False,False,2026-09-21
0080,0080.HK,CAI CORP,ＣＡＩ控股,6.52,"10,000",Equity,Investment Companies,0.25,0.247,0.255,0.246,1280000,0.32,0.249,0.256,0.32,-2.38,1.21,0.0,-3.85,0.47,0.7,1.63,0.47,0.7,-45.74,-63.57,-84.34,46.81,64.29,False,False,False,False,False,False,False,False,False,2026-09-21
0081,0081.HK,CH OVS G OCEANS,中国海外宏洋集团,101.09,"1,000",Equity,Equity Securities (Main Board),2.84,2.815,2.86,2.72,9786000,27.79,2.812,2.837,1.0,0.11,-1.22,-0.87,3.84,3.35,3.35,6.12,3.35,3.35,-14.63,-14.63,-53.27,15.22,15.22,False,False,True,True,False,False,False,False,False,2026-09-21
0082,0082.HK,CRAZY SPORTS,疯狂体育,3.62,"2,000",Equity,Equity Securities (Main Board),0.08,0.078,0.081,0.076,1206000,0.1,0.077,0.075,4.17,6.95,3.9,5.26,9.59,0.1,0.18,1.0,0.1,0.18,-16.49,-54.75,-91.9,17.53,55.31,False,False,False,False,False,False,False,False,False,2026-09-21
0083,0083.HK,SINO LAND,信和置业,970.12,"2,000",Equity,Equity Securities (Main Board),10.11,9.96,10.13,9.895,5863226,59.28,9.952,10.126,1.59,-0.16,1.35,1.46,-0.1,13.3,13.3,15.48,13.3,13.3,-23.83,-23.83,-34.56,23.98,23.98,False,False,True,False,False,False,False,False,False,2026-09-21
0085,0085.HK,CE HUADA TECH,中电华大科技,16.04,"2,000",Equity,Equity Securities (Main Board),0.79,0.79,0.79,0.78,176000,0.14,0.794,0.8,-0.5,-1.31,1.28,-1.25,0.0,1.54,2.09,2.09,1.54,2.09,-48.7,-62.2,-62.2,48.7,62.2,False,False,False,False,False,False,False,False,False,2026-09-21
0086,0086.HK,SUN HUNG KAI CO,新鸿基公司,78.33,"1,000",Equity,Equity Securities (Main Board),4.0,3.96,4.0,3.96,194000,0.78,4.007,4.008,-0.17,-0.19,-0.12,-0.25,0.0,4.5,4.5,5.9,4.5,4.5,-11.11,-11.11,-32.2,11.11,11.11,False,False,False,False,False,False,False,False,False,2026-09-21
0087,0087.HK,SWIRE PACIFIC B,太古股份公司Ｂ,427.34,"2,500",Equity,Equity Securities (Main Board),14.92,14.72,15.03,14.4,1159552,17.3,14.744,14.979,1.19,-0.39,1.36,0.47,1.08,15.8,15.8,16.34,15.8,15.8,-4.87,-4.87,-8.02,5.57,5.57,False,False,True,False,False,False,False,True,True,2026-09-21
0088,0088.HK,TAI CHEUNG HOLD,TAI CHEUNG HOLD,18.71,"1,000",Equity,Equity Securities (Main Board),3.03,3.1,3.1,3.02,500000,1.51,3.154,3.186,-3.93,-4.9,-3.35,-6.77,-5.02,4.18,4.18,10.0,4.18,4.18,-25.84,-25.84,-69.0,27.51,27.51,False,False,False,False,False,False,False,False,False,2026-09-21
0090,0090.HK,PUXING ENERGY,普星能量,4.4,"2,000",Equity,Equity Securities (Main Board),0.96,0.91,0.96,0.91,188000,0.18,0.924,0.921,3.9,4.29,4.92,4.92,4.92,1.36,2.28,2.28,1.36,2.28,-29.41,-57.89,-57.89,29.41,57.89,False,False,False,True,False,False,False,False,False,2026-09-21
0092,0092.HK,CHAMPION TECH,冠军科技集团,1.87,"12,000",Equity,Equity Securities (Main Board),0.17,0.17,0.172,0.162,1782000,0.3,0.173,0.179,-1.96,-5.24,0.0,-3.41,-3.41,0.26,0.57,13.64,0.26,0.57,-35.09,-69.72,-98.74,35.85,70.07,False,False,False,False,False,False,False,False,False,2026-09-21
0093,0093.HK,ZERO FINTECH,零在科技金融,9.6,"2,000",Equity,Equity Securities (Main Board),0.36,0.355,0.36,0.355,32000,0.01,0.36,0.368,0.0,-2.04,-5.26,4.35,0.0,0.55,0.7,0.88,0.55,0.7,-34.55,-48.57,-59.09,34.55,48.57,False,False,True,False,False,False,False,False,False,2026-09-21
0094,0094.HK,GREENHEART GP,绿心集团,1.47,"80,000",Equity,Equity Securities (Main Board),0.053,0.052,0.053,0.052,1040000,0.06,0.048,0.048,11.34,10.65,15.22,17.78,10.42,0.1,0.11,1.24,0.1,0.11,-44.79,-51.82,-95.71,44.79,51.82,False,False,False,False,False,False,False,False,False,2026-09-21
0095,0095.HK,LVGEM CHINA,绿景中国地产,11.58,"2,000",Equity,Equity Securities (Main Board),0.182,0.182,0.182,0.179,366000,0.07,0.184,0.19,-1.19,-4.31,0.0,-2.15,-8.08,0.32,1.38,3.84,0.32,1.38,-43.12,-86.81,-95.26,43.12,86.81,False,False,False,False,False,False,False,False,False,2026-09-21
0097,0097.HK,HENDERSON INV,恒基发展,4.39,"1,000",Equity,Equity Securities (Main Board),0.144,0.144,0.144,0.14,113000,0.02,0.142,0.14,1.55,2.71,0.0,0.7,3.6,0.21,0.37,0.71,0.21,0.37,-31.43,-61.08,-79.72,31.43,61.08,False,False,False,True,False,False,False,False,False,2026-09-21
0098,0098.HK,XINGFA ALUM,兴发铝业,22.4,"1,000",Equity,Equity Securities (Main Board),5.325,5.645,5.645,5.32,2000,0.01,5.484,5.495,-2.9,-3.1,-1.84,-5.08,-2.29,8.08,8.88,13.88,8.08,8.88,-30.14,-36.43,-59.33,34.1,40.03,False,False,False,False,False,False,False,False,False,2026-09-21
0099,0099.HK,WONG'S INT'L,王氏国际,5.55,"1,000",Equity,Equity Securities (Main Board),1.16,1.155,1.155,1.155,49000,0.06,1.235,1.235,-6.07,-6.03,-12.78,-6.83,-6.83,1.56,1.88,3.59,1.56,1.88,-25.96,-38.56,-67.83,25.64,38.3,False,False,False,False,False,False,False,False,False,2026-09-21
0100,0100.HK,MINIMAX-W,MINIMAX-W,793.67,20,Equity,Equity Securities (Main Board),295.8,299.6,320.4,284.2,14299010,4229.65,265.24,279.26,11.52,5.92,-2.38,24.29,17.19,1330.0,1330.0,1330.0,1330.0,1330.0,-75.91,-75.91,-75.91,77.76,77.76,False,False,False,False,False,False,False,False,False,2026-09-21
0101,0101.HK,HANG LUNG PPT,恒隆地产,347.05,"1,000",Equity,Equity Securities (Main Board),6.675,6.65,6.68,6.575,3767943,25.15,6.652,6.778,0.35,-1.51,1.14,-0.89,-0.74,10.3,11.68,22.6,10.3,11.68,-35.15,-42.81,-70.44,35.19,42.85,False,False,False,False,False,False,False,False,False,2026-09-21
0103,0103.HK,SHOUGANG CENT,首佳科技,10.66,"1,000",Equity,Equity Securities (Main Board),2.06,2.055,2.09,2.03,21000,0.04,2.085,2.088,-1.2,-1.34,-1.44,-2.14,-0.96,3.2,4.3,4.3,3.2,4.3,-34.69,-51.4,-51.4,35.63,52.09,False,False,False,False,False,False,False,False,False,2026-09-21
0104,0104.HK,ASIA COMM HOLD,ASIA COMM HOLD,1.65,"5,000",Equity,Equity Securities (Main Board),0.221,0.219,0.219,0.219,15000,0.0,0.221,0.224,-0.18,-1.21,0.45,-0.45,-3.07,0.26,0.34,0.93,0.26,0.34,-17.36,-35.59,-76.45,16.6,35.0,False,False,False,False,False,False,False,False,False,2026-09-21
0107,0107.HK,SICHUAN EXPRESS,四川成渝高速公路,43.06,"2,000",Equity,Equity Securities (Main Board),4.81,4.72,4.815,4.72,558000,2.68,4.779,4.795,0.65,0.3,0.84,-0.31,1.69,6.1,6.1,6.1,6.1,6.1,-21.07,-21.07,-21.07,21.15,21.15,False,False,False,True,False,False,False,False,False,2026-09-21
0108,0108.HK,SR MEDICAL,春雨医疗,71.91,"2,000",Equity,Equity Securities (Main Board),2.165,2.05,2.175,2.02,520000,1.13,2.043,2.057,5.97,5.25,4.84,8.25,7.98,3.71,4.28,4.28,3.71,4.28,-41.37,-49.18,-49.18,41.64,49.42,False,False,True,True,False,False,False,False,False,2026-09-21
0110,0110.HK,CHINA FORTUNE,中国长远,1.75,"4,000",Equity,Equity Securities (Main Board),0.63,0.65,0.65,0.63,20000,0.01,0.65,0.659,-3.08,-4.4,-5.97,-5.26,-8.7,0.85,0.85,4.05,0.85,0.85,-23.08,-23.08,-83.95,25.44,25.44,False,False,False,False,False,False,False,False,False,2026-09-21
0111,0111.HK,CINDA INTL HLDG,信达国际控股,4.3,"2,000",Equity,Equity Securities (Main Board),0.67,0.67,0.67,0.67,20000,0.01,0.684,0.689,-2.05,-2.69,-0.74,-4.29,-2.19,1.27,1.27,1.27,1.27,1.27,-47.24,-47.24,-47.24,47.24,47.24,False,False,False,False,False,False,False,False,False,2026-09-21
0113,0113.HK,DICKSON CONCEPT,迪生创建,22.97,500,Equity,Equity Securities (Main Board),5.95,5.94,5.97,5.94,57500,0.34,5.929,5.951,0.35,-0.03,-0.34,0.34,1.28,6.7,7.07,7.07,6.7,7.07,-10.9,-15.56,-15.56,11.19,15.84,False,False,False,False,False,False,False,False,False,2026-09-21
0115,0115.HK,GRAND FIELD GP,钧濠集团,1.24,"2,000",Equity,Equity Securities (Main Board),6.0,6.0,6.0,6.0,170650,1.02,4.8,4.36,25.0,37.61,20.0,29.03,62.16,9.0,9.0,90.31,9.0,9.0,-33.33,-33.33,-93.36,33.33,33.33,False,False,False,False,False,False,False,False,False,2026-09-21
0116,0116.HK,CHOW SANG SANG,周生生,85.51,"1,000",Equity,Equity Securities (Main Board),12.72,12.8,12.93,12.7,527000,6.7,12.842,13.109,-0.95,-2.97,-1.09,-2.23,-1.55,16.69,16.69,20.85,16.69,16.69,-22.53,-22.53,-37.99,23.79,23.79,False,False,False,False,False,False,False,False,False,2026-09-21
0117,0117.HK,TIANLI HOLDINGS,天利控股集团,28.34,"2,000",Equity,Equity Securities (Main Board),3.8,4.0,4.5,3.8,10176200,38.67,3.819,3.444,-0.5,10.32,-5.0,-2.56,12.26,8.39,8.39,8.39,8.39,8.39,-46.36,-46.36,-46.36,54.71,54.71,False,False,False,False,False,False,False,False,False,2026-09-21
0118,0118.HK,COSMOS MACH,大同机械,1.76,"2,000",Equity,Equity Securities (Main Board),0.204,0.213,0.222,0.204,1005785,0.21,0.217,0.209,-5.9,-2.39,-6.85,-6.85,-2.86,0.52,0.52,0.86,0.52,0.52,-57.31,-57.31,-74.19,60.77,60.77,False,False,False,False,False,False,False,False,False,2026-09-21
0119,0119.HK,POLY PROPERTY,保利置业集团,48.91,"1,000",Equity,Equity Securities (Main Board),1.28,1.235,1.29,1.2,29004500,37.13,1.223,1.234,4.66,3.73,3.64,5.79,5.79,2.55,2.55,4.7,2.55,2.55,-49.41,-49.41,-72.55,49.8,49.8,False,False,True,True,False,False,False,False,False,2026-09-21
0120,0120.HK,COSMOPOL INT'L,COSMOPOL INT'L,0.89,600,Equity,Equity Securities (Main Board),0.054,0.049,0.055,0.049,232800,0.01,0.051,0.052,5.06,3.05,10.2,0.0,0.0,0.11,7.7,10.0,0.11,7.7,-49.07,-99.29,-99.45,50.0,99.3,False,False,False,True,False,False,False,False,False,2026-09-21
0122,0122.HK,CROCODILE,鳄鱼恤,1.37,"2,000",Equity,Equity Securities (Main Board),1.325,1.26,1.325,1.25,43750,0.06,1.365,1.371,-2.93,-3.32,-4.68,-3.28,-1.85,1.8,3.24,21.17,1.8,3.24,-26.39,-59.1,-93.74,26.39,59.1,False,False,False,False,False,False,False,False,False,2026-09-21
0123,0123.HK,YUEXIU PROPERTY,越秀地产,130.02,"1,000",Equity,Equity Securities (Main Board),3.225,3.16,3.28,3.075,10305483,33.24,3.136,3.156,2.84,2.2,0.94,3.04,5.56,4.98,9.59,12.63,4.98,9.59,-34.14,-65.8,-74.03,35.24,66.37,False,False,True,True,False,False,False,False,False,2026-09-21
0124,0124.HK,GD LAND,粤海置地,3.3,"2,000",Equity,Equity Securities (Main Board),0.193,0.193,0.193,0.193,15961,0.0,0.195,0.194,-0.82,-0.52,-1.03,0.52,1.58,0.25,0.68,2.21,0.25,0.68,-24.31,-71.62,-91.27,24.31,71.62,False,False,False,False,False,False,False,False,False,2026-09-21
0126,0126.HK,CARRIANNA,佳宁娜,1.32,"2,000",Equity,Equity Securities (Main Board),0.084,0.085,0.088,0.082,172000,0.01,0.086,0.087,-2.78,-3.89,-2.33,-4.55,-4.55,0.14,0.38,1.46,0.14,0.38,-39.31,-77.14,-93.97,42.07,78.18,False,False,False,False,False,False,False,False,False,2026-09-21
0127,0127.HK,CHINESE EST H,华人置业,19.55,500,Equity,Equity Securities (Main Board),1.025,1.02,1.025,1.02,76000,0.08,1.028,1.041,-0.29,-1.54,0.0,0.0,-1.91,1.34,1.85,15.58,1.34,1.85,-23.51,-44.59,-93.42,23.51,44.59,False,False,False,False,False,False,False,False,False,2026-09-21
0128,0128.HK,ENM HOLDINGS,安宁控股,8.34,"4,000",Equity,Equity Securities (Main Board),0.505,0.5,0.505,0.495,392000,0.2,0.341,0.321,48.09,57.57,68.33,68.33,68.33,0.3,0.55,1.44,0.5,0.55,68.33,-8.18,-64.93,0.0,8.18,False,False,False,False,True,False,False,True,True,2026-09-21
0129,0129.HK,ASIA STANDARD,泛海集团,2.42,"2,000",Equity,Equity Securities (Main Board),0.17,0.166,0.17,0.165,315350,0.05,0.17,0.172,0.0,-1.39,0.0,0.0,0.0,0.25,0.55,2.74,0.25,0.55,-32.0,-69.09,-93.8,32.0,69.09,False,False,False,False,False,False,False,False,False,2026-09-21
0130,0130.HK,MOISELLE INT'L,慕诗国际,0.48,"2,000",Equity,Equity Securities (Main Board),0.166,0.166,0.166,0.166,20000,0.0,0.174,0.176,-4.49,-5.9,-5.68,-5.68,-5.14,0.3,0.3,1.61,0.3,0.3,-44.67,-44.67,-89.69,44.67,44.67,False,False,False,False,False,False,False,False,False,2026-09-21
0131,0131.HK,CHEUK NANG HOLD,卓能（集团）,8.55,"1,000",Equity,Equity Securities (Main Board),1.31,1.31,1.31,1.31,1000,0.0,1.302,1.307,0.61,0.19,0.0,1.55,0.77,1.42,2.05,6.3,1.42,2.05,-7.75,-36.1,-79.21,7.75,36.1,False,False,False,False,False,False,False,True,False,2026-09-21
0132,0132.HK,HING YIP HLDGS,兴业控股,2.48,"1,000",Equity,Equity Securities (Main Board),0.145,0.145,0.165,0.14,112000,0.02,0.149,0.152,-2.82,-4.86,-1.36,-3.33,-5.84,0.24,0.5,1.2,0.24,0.5,-30.96,-67.0,-86.25,39.33,71.0,False,False,False,False,False,False,False,False,False,2026-09-21
0133,0133.HK,CHINA MERCHANTS,招商局中国基金,37.29,"2,000",Equity,Investment Companies,24.48,24.5,25.28,24.38,245971,6.02,24.964,25.134,-1.94,-2.6,-1.05,-4.0,0.33,28.78,28.78,28.78,28.78,28.78,-12.16,-12.16,-12.16,14.94,14.94,False,False,False,False,False,False,False,False,False,2026-09-21
0135,0135.HK,KUNLUN ENERGY,昆仑能源,649.12,"2,000",Equity,Equity Securities (Main Board),7.515,7.53,7.565,7.46,2397817,18.02,7.62,7.599,-1.38,-1.11,-0.53,-2.28,-0.99,8.83,9.23,9.98,8.83,9.23,-14.33,-18.04,-24.2,14.89,18.58,False,False,False,False,False,False,False,False,False,2026-09-21
0136,0136.HK,CHINA RUYI,中国儒意,250.33,"4,000",Equity,Equity Securities (Main Board),1.5,1.47,1.52,1.445,43427770,65.14,1.476,1.477,1.63,1.56,1.35,1.69,-0.99,2.46,3.47,17.8,2.46,3.47,-38.21,-56.2,-91.46,39.02,56.77,False,False,False,True,False,False,False,False,False,2026-09-21
0137,0137.HK,JINHUI HOLDINGS,金辉集团,3.23,"1,000",Equity,Equity Securities (Main Board),0.61,0.6,0.61,0.6,4000,0.0,0.632,0.643,-3.48,-5.13,-7.58,-3.17,-3.17,0.76,0.91,1.55,0.76,0.91,-19.74,-32.97,-60.65,19.74,32.97,False,False,False,False,False,False,False,False,False,2026-09-21
0139,0139.HK,SMART FISH,小鱼盈通,1.47,"10,000",Equity,Equity Securities (Main Board),0.1,0.104,0.104,0.1,890000,0.09,0.1,0.102,-0.2,-1.57,-0.99,0.0,-1.96,0.23,1.22,7.4,0.23,1.22,-53.98,-91.48,-98.59,55.75,91.8,False,False,False,False,False,False,False,False,False,2026-09-21
0142,0142.HK,FIRST PACIFIC,第一太平,204.79,"2,000",Equity,Equity Securities (Main Board),4.81,4.79,4.83,4.725,2411844,11.6,4.791,4.888,0.4,-1.59,0.63,-0.21,-1.94,6.59,6.99,6.99,6.59,6.99,-26.71,-30.9,-30.9,27.01,31.19,False,False,False,False,False,False,False,False,False,2026-09-21
0144,0144.HK,CHINA MER PORT,招商局港口,701.07,"2,000",Equity,Equity Securities (Main Board),16.71,16.59,16.8,16.37,4234626,70.76,16.542,16.535,1.02,1.06,1.52,0.66,2.08,17.85,17.85,27.4,17.85,17.85,-5.88,-5.88,-38.69,6.39,6.39,False,False,False,True,False,False,False,True,True,2026-09-21
0145,0145.HK,CCIAM FUTURE EN,信能低碳,0.81,"8,000",Equity,Equity Securities (Main Board),0.222,0.223,0.223,0.222,36800,0.01,0.229,0.233,-2.97,-4.64,0.45,-7.11,0.0,0.28,0.84,36.42,0.28,0.84,-20.36,-73.45,-99.39,20.71,73.57,False,False,False,False,False,False,False,False,False,2026-09-21
0146,0146.HK,TAI PING CARPET,TAI PING CARPET,3.71,"1,000",Equity,Equity Securities (Main Board),1.75,1.75,1.75,1.75,9000,0.02,1.622,1.608,7.89,8.86,9.37,10.76,9.37,1.99,2.0,3.96,1.99,2.0,-12.06,-12.5,-55.81,12.06,12.5,False,False,False,False,False,False,False,False,False,2026-09-21
0147,0147.HK,IB SETTLEMENT,国际商业结算,45.97,"5,000",Equity,Equity Securities (Main Board),0.199,0.206,0.206,0.196,130820000,26.03,0.206,0.196,-3.3,1.58,-4.78,-9.13,12.43,0.29,0.67,1.79,0.29,0.67,-28.97,-69.25,-88.49,31.38,70.3,False,False,False,False,False,False,False,False,False,2026-09-21
0148,0148.HK,KINGBOARD HLDG,建滔集团,639.42,500,Equity,Equity Securities (Main Board),57.0,56.45,58.25,55.4,19034904,1084.99,55.84,54.33,2.08,4.91,2.15,0.88,5.65,151.8,151.8,151.8,151.8,151.8,-61.63,-61.63,-61.63,62.45,62.45,False,False,False,False,False,False,False,False,False,2026-09-21
0149,0149.HK,CH AGRI-PROD EX,中国农产品交易,6.57,"5,000",Equity,Equity Securities (Main Board),0.066,0.066,0.066,0.066,39571,0.0,0.066,0.066,-0.3,0.46,-2.94,-4.35,6.45,0.08,0.1,1.1,0.08,0.1,-15.38,-36.54,-93.99,15.38,36.54,False,False,False,False,False,False,False,False,False,2026-09-21
0150,0150.HK,HYPEBEAST,HYPEBEAST,3.16,"2,800",Equity,Equity Securities (Main Board),0.157,0.152,0.157,0.152,16800,0.0,0.155,0.154,1.55,1.62,1.29,1.29,5.37,0.19,0.44,1.94,0.19,0.44,-17.37,-63.91,-91.91,17.37,63.91,False,False,False,True,False,False,False,False,False,2026-09-21
0151,0151.HK,WANT WANT CHINA,中国旺旺,329.21,"1,000",Equity,Equity Securities (Main Board),2.805,2.81,2.825,2.8,15837027,44.42,2.815,2.847,-0.36,-1.49,-0.36,-1.23,-1.23,5.1,5.97,8.44,5.1,5.97,-44.61,-52.68,-66.53,45.0,53.02,False,False,False,False,False,False,False,False,False,2026-09-21
0152,0152.HK,SHENZHEN INT'L,深圳国际,133.22,500,Equity,Equity Securities (Main Board),5.435,5.335,5.465,5.3,7680419,41.74,5.357,5.329,1.46,2.0,1.87,0.74,4.62,9.3,9.3,18.6,9.3,9.3,-41.24,-41.24,-70.62,41.56,41.56,False,False,False,True,False,False,False,False,False,2026-09-21
0154,0154.HK,BE ENVIRONMENT,北京控股环境集团,6.6,"1,000",Equity,Equity Securities (Main Board),0.44,0.445,0.445,0.41,16000,0.01,0.447,0.448,-1.57,-1.79,-1.12,-2.22,-2.22,0.69,0.71,1.63,0.69,0.71,-35.51,-37.32,-72.7,36.23,38.03,False,False,False,False,False,False,False,False,False,2026-09-21
0156,0156.HK,LIPPO CHINA RES,力宝华润,9.83,"2,000",Equity,Equity Securities (Main Board),1.07,1.09,1.1,1.07,161000,0.17,1.062,1.031,0.75,3.73,-1.83,1.9,3.38,1.13,1.23,2.9,1.13,1.23,-2.65,-10.57,-62.07,5.31,13.01,False,False,False,False,False,False,False,True,False,2026-09-21
0159,0159.HK,BROCKMAN MINING,布莱克万矿业,4.36,"4,000",Equity,Equity Securities (Main Board),0.047,0.045,0.047,0.044,4156000,0.2,0.047,0.049,-0.0,-3.29,0.0,2.17,-2.08,0.1,0.29,0.44,0.1,0.29,-53.0,-83.79,-89.2,53.0,83.79,False,False,False,False,False,False,False,False,False,2026-09-21
0163,0163.HK,EMPEROR INT'L,英皇国际,6.29,"10,000",Equity,Equity Securities (Main Board),0.114,0.114,0.114,0.112,298946,0.03,0.118,0.12,-3.55,-4.68,-5.0,-4.2,-3.39,0.23,0.46,3.19,0.23,0.46,-51.49,-75.22,-96.43,51.49,75.22,False,False,False,False,False,False,False,False,False,2026-09-21
0164,0164.HK,CHINA BAOLI TEC,中国宝力科技,1.48,"5,000",Equity,Equity Securities (Main Board),0.425,0.415,0.425,0.41,2555000,1.09,0.43,0.446,-1.16,-4.6,0.0,-2.3,-5.56,0.69,1.7,285.0,0.69,1.7,-38.41,-75.0,-99.85,38.41,75.0,False,False,False,False,False,False,False,False,False,2026-09-21
0165,0165.HK,CHINA EB LTD,中国光大控股,106.59,"2,000",Equity,Equity Securities (Main Board),6.32,6.15,6.355,6.12,7213401,45.59,6.185,6.268,2.18,0.83,3.18,0.8,1.77,11.26,13.24,20.85,11.26,13.24,-43.56,-52.0,-69.52,43.87,52.27,False,False,False,True,False,False,False,False,False,2026-09-21
0166,0166.HK,NEW TIMES CORP,新时代集团控股,3.15,"2,000",Equity,Equity Securities (Main Board),0.036,0.036,0.036,0.036,312000,0.01,0.037,0.035,-3.23,1.69,-2.7,-2.7,2.86,0.05,0.14,0.34,0.05,0.14,-34.55,-74.29,-89.57,34.55,74.29,False,False,False,False,False,False,False,False,False,2026-09-21
0167,0167.HK,IDT INT'L,IDT INT'L,33.02,"18,000",Equity,Equity Securities (Main Board),6.35,6.35,6.35,6.35,73666,0.47,6.309,5.965,0.65,6.46,0.0,0.79,2.67,10.2,10.2,18.9,10.2,10.2,-37.75,-37.75,-66.4,37.75,37.75,False,False,False,False,False,False,False,False,False,2026-09-21
0168,0168.HK,TSINGTAO BR-500,青岛啤酒（五百）,260.06,500,Equity,Equity Securities (Main Board),39.7,39.2,39.72,38.86,3780280,150.08,39.632,39.974,0.17,-0.69,1.48,-0.35,-1.15,54.25,67.0,93.55,54.25,67.0,-26.78,-40.72,-57.54,26.82,40.75,False,False,False,False,False,False,False,False,False,2026-09-21
0169,0169.HK,WANDA HOTEL DEV,万达酒店发展,4.37,"1,000",Equity,Equity Securities (Main Board),0.093,0.092,0.093,0.092,1168000,0.11,0.09,0.089,3.56,4.38,4.49,4.49,6.9,0.21,0.8,2.39,0.21,0.8,-55.29,-88.37,-96.11,55.29,88.37,False,False,False,False,False,False,False,False,False,2026-09-21
0171,0171.HK,SILVER GRANT,银建国际,0.92,"2,000",Equity,Equity Securities (Main Board),0.04,0.041,0.041,0.04,100000,0.0,0.044,0.048,-8.68,-17.01,-4.76,-6.98,-16.67,0.09,0.36,2.36,0.09,0.36,-55.91,-88.61,-98.26,56.99,88.89,False,False,False,False,False,False,False,False,False,2026-09-21
0173,0173.HK,K. WAH INT'L,嘉华国际,62.42,"1,000",Equity,Equity Securities (Main Board),1.98,1.955,2.005,1.945,923132,1.83,2.002,2.022,-1.1,-2.08,-1.98,-0.5,-2.46,2.87,2.92,5.82,2.87,2.92,-30.14,-31.34,-65.55,31.01,32.19,False,False,False,False,False,False,False,False,False,2026-09-21
0175,0175.HK,GEELY AUTO,吉利汽车,1713.86,"1,000",Equity,Equity Securities (Main Board),15.9,15.89,15.93,15.78,23064132,366.72,16.018,16.245,-0.74,-2.12,-0.25,-1.3,-4.16,25.62,25.62,36.45,25.62,25.62,-37.82,-37.82,-56.3,37.94,37.94,False,False,False,False,False,False,False,False,False,2026-09-21
0177,0177.HK,JIANGSU EXPRESS,江苏宁沪高速公路,127.33,"2,000",Equity,Equity Securities (Main Board),10.42,10.3,10.47,10.21,3610074,37.62,10.372,10.233,0.46,1.83,1.66,-0.48,2.06,11.25,11.66,12.9,11.25,11.66,-6.93,-10.21,-18.84,7.38,10.63,False,False,False,True,False,False,False,True,False,2026-09-21
0178,0178.HK,SA SA INT'L,莎莎国际,36.15,"2,000",Equity,Equity Securities (Main Board),1.165,1.165,1.2,1.165,6616000,7.71,1.141,1.083,2.1,7.57,0.0,4.02,6.88,1.19,1.2,5.92,1.2,1.2,0.84,0.0,-79.73,2.92,2.92,False,False,False,False,True,False,False,True,True,2026-09-21
0179,0179.HK,JOHNSON ELEC H,德昌电机控股,171.28,500,Equity,Equity Securities (Main Board),18.33,18.74,18.75,18.16,1677917,30.76,18.342,18.505,-0.07,-0.95,-2.4,2.29,-0.43,32.24,45.78,45.78,32.24,45.78,-41.84,-59.04,-59.04,43.15,59.96,False,False,False,False,False,False,False,False,False,2026-09-21
0181,0181.HK,FUJIAN HOLDINGS,闽港控股,1.03,"20,000",Equity,Equity Securities (Main Board),0.09,0.09,0.09,0.09,80000,0.01,0.09,0.088,0.22,2.74,0.0,0.0,0.0,0.13,0.16,0.56,0.13,0.16,-31.82,-41.94,-83.93,31.82,41.94,False,False,False,False,False,False,False,False,False,2026-09-21
0182,0182.HK,CONCORD NE,协合新能源,25.95,"10,000",Equity,Equity Securities (Main Board),0.33,0.34,0.34,0.325,3847450,1.27,0.341,0.341,-3.23,-3.23,-4.35,-5.71,-2.94,0.49,0.73,1.01,0.49,0.73,-30.61,-53.42,-66.34,32.65,54.79,False,False,False,False,False,False,False,False,False,2026-09-21
0185,0185.HK,ZENSUN ENT,正商实业,1.13,"1,000",Equity,Equity Securities (Main Board),0.058,0.061,0.062,0.058,4274,0.0,0.065,0.068,-10.49,-14.33,-17.14,-7.94,-7.94,0.17,0.5,6.9,0.17,0.5,-63.31,-87.6,-99.1,65.68,88.4,False,False,False,False,False,False,False,False,False,2026-09-21
0186,0186.HK,NIMBLE HOLDINGS,敏捷控股,19.22,"30,000",Equity,Equity Securities (Main Board),0.35,0.295,0.35,0.295,210000,0.07,0.336,0.348,4.17,0.43,18.64,1.45,-1.41,0.5,0.5,1.9,0.5,0.5,-30.0,-30.0,-81.58,30.0,30.0,False,False,False,True,False,False,False,False,False,2026-09-21
0187,0187.HK,JINGCHENG MAC,京城机电股份,2.6,"2,000",Equity,Equity Securities (Main Board),2.6,2.6,2.64,2.52,3546000,9.22,2.672,2.731,-2.69,-4.8,-4.24,-2.07,-4.76,7.5,7.5,7.5,7.5,7.5,-64.8,-64.8,-64.8,65.33,65.33,False,False,False,False,False,False,False,False,False,2026-09-21
0189,0189.HK,DONGYUE GROUP,东岳集团,207.58,"1,000",Equity,Equity Securities (Main Board),11.98,11.98,12.17,11.88,10436041,125.02,12.046,12.413,-0.55,-3.49,0.76,-1.96,-2.76,23.74,23.74,28.5,23.74,23.74,-48.74,-48.74,-57.3,49.54,49.54,False,False,False,False,False,False,False,False,False,2026-09-21
0191,0191.HK,LAI SUN INT'L,丽新国际,3.93,"1,000",Equity,Equity Securities (Main Board),0.445,0.46,0.46,0.445,134000,0.06,0.458,0.475,-2.84,-6.22,-2.2,-1.11,-7.29,1.0,1.37,14.73,1.0,1.37,-54.0,-66.42,-96.88,55.5,67.52,False,False,False,False,False,False,False,False,False,2026-09-21
0193,0193.HK,CAPITAL ESTATE,冠中地产,0.45,"3,000",Equity,Equity Securities (Main Board),0.191,0.191,0.191,0.191,36500,0.01,0.192,0.193,-0.42,-1.24,0.0,0.0,-2.05,0.28,0.57,2.74,0.28,0.57,-30.55,-66.49,-93.03,30.55,66.49,False,False,False,False,False,False,False,False,False,2026-09-21
0194,0194.HK,LIU CHONG HING,廖创兴企业,15.75,"2,000",Equity,Equity Securities (Main Board),4.16,4.135,4.165,4.135,12000,0.05,4.171,4.203,-0.26,-1.02,0.6,-0.36,-1.19,5.28,5.66,14.24,5.28,5.66,-21.12,-26.41,-70.75,21.21,26.5,False,False,False,False,False,False,False,False,False,2026-09-21
0196,0196.HK,HONGHUA GROUP,宏华集团,9.49,"1,000",Equity,Equity Securities (Main Board),0.105,0.111,0.111,0.103,43000,0.0,0.106,0.106,-0.76,-0.94,-5.41,1.94,-4.55,0.25,0.26,1.19,0.25,0.26,-56.47,-57.31,-90.67,58.82,59.62,False,False,False,False,False,False,False,False,False,2026-09-21
0197,0197.HK,HENG TAI,亨泰,1.0,"5,000",Equity,Equity Securities (Main Board),0.48,0.48,0.495,0.47,170472,0.08,0.471,0.477,1.91,0.73,2.13,3.23,4.35,0.55,1.5,17.0,0.55,1.5,-10.0,-67.0,-97.09,12.73,68.0,False,False,True,True,False,False,False,False,False,2026-09-21
0199,0199.HK,ITC PROPERTIES,德祥地产,27.0,"1,000",Equity,Equity Securities (Main Board),2.48,2.365,2.48,2.335,2439000,6.05,2.317,2.328,7.03,6.51,4.86,8.06,5.76,2.94,2.94,3.53,2.94,2.94,-15.65,-15.65,-29.75,15.65,15.65,False,False,False,False,False,False,False,False,False,2026-09-21
0200,0200.HK,MELCO INT'L DEV,新濠国际发展,66.09,"1,000",Equity,Equity Securities (Main Board),2.905,2.905,2.91,2.855,3546050,10.3,2.909,3.032,-0.14,-4.17,0.17,0.69,-4.44,4.9,6.95,30.5,4.9,6.95,-40.61,-58.13,-90.46,40.71,58.2,False,False,False,False,False,False,False,False,False,2026-09-21
0202,0202.HK,EVERCHINA INT'L,润中国际控股,4.67,"5,000",Equity,Equity Securities (Main Board),0.064,0.064,0.064,0.049,170000,0.01,0.062,0.059,2.56,8.47,3.23,3.23,0.0,0.18,0.27,0.42,0.18,0.27,-64.44,-76.3,-84.76,64.44,76.3,False,False,False,True,False,False,False,False,False,2026-09-21
0205,0205.HK,BFB HEALTH,BFB HEALTH,6.88,"10,000",Equity,Equity Securities (Main Board),0.55,0.55,0.55,0.55,100000,0.06,0.564,0.572,-2.48,-3.93,0.0,0.92,-8.33,1.01,1.01,3.12,1.01,1.01,-45.54,-45.54,-82.37,45.54,45.54,False,False,False,False,False,False,False,False,False,2026-09-21
0206,0206.HK,CM-ENERGY,华商能源,6.71,"1,000",Equity,Equity Securities (Main Board),0.207,0.21,0.212,0.202,638000,0.13,0.208,0.212,-0.29,-2.22,-1.43,0.0,-0.48,0.66,0.66,1.45,0.66,0.66,-67.88,-67.88,-85.41,68.64,68.64,False,False,False,False,False,False,False,False,False,2026-09-21
0209,0209.HK,POLY XVERSE IT,万维智能科技,0.61,"1,000",Equity,Equity Securities (Main Board),0.41,0.415,0.415,0.405,1143000,0.47,0.409,0.406,0.24,0.86,-1.2,1.23,2.5,6.66,7.45,110.62,6.66,7.45,-93.77,-94.43,-99.62,93.85,94.5,False,False,False,True,False,False,False,False,False,2026-09-21
0210,0210.HK,DAPHNE INT'L,达芙妮国际,5.44,"2,000",Equity,Equity Securities (Main Board),0.275,0.29,0.29,0.255,258000,0.07,0.289,0.299,-4.84,-8.03,-5.17,-6.78,-5.17,0.43,0.57,1.14,0.43,0.57,-32.56,-49.12,-74.56,36.05,51.75,False,False,False,False,False,False,False,False,False,2026-09-21
0211,0211.HK,STYLAND HOLD,STYLAND HOLD,1.91,"10,000",Equity,Equity Securities (Main Board),0.26,0.26,0.26,0.26,10000,0.0,0.258,0.259,0.78,0.39,1.96,0.0,-1.89,0.3,0.3,2.55,0.3,0.3,-13.33,-13.33,-89.8,13.33,13.33,False,False,False,False,False,False,False,False,False,2026-09-21
0213,0213.HK,NATIONAL ELEC H,NATIONAL ELEC H,3.29,"2,000",Equity,Equity Securities (Main Board),0.36,0.36,0.36,0.355,464000,0.17,0.359,0.36,0.28,0.0,0.0,0.0,0.0,0.47,0.8,1.26,0.47,0.8,-24.21,-55.0,-71.43,24.21,55.0,False,False,True,True,False,False,False,False,False,2026-09-21
0215,0215.HK,HUTCHTEL HK,和记电讯香港,54.46,"2,000",Equity,Equity Securities (Main Board),1.13,1.125,1.13,1.12,1695976,1.92,1.126,1.132,0.36,-0.18,0.44,0.44,0.0,1.22,1.23,3.5,1.22,1.23,-7.38,-8.13,-67.71,7.38,8.13,False,False,False,False,False,False,False,True,True,2026-09-21
0216,0216.HK,CHINNEY INV,建业实业,2.48,"4,000",Equity,Equity Securities (Main Board),0.45,0.44,0.45,0.43,156000,0.07,0.447,0.449,0.67,0.11,1.12,1.12,0.0,0.67,1.1,4.29,0.67,1.1,-32.84,-59.09,-89.51,32.84,59.09,False,False,False,True,False,False,False,False,False,2026-09-21
0217,0217.HK,CHINA CHENGTONG,中国诚通发展集团,6.86,"2,000",Equity,Equity Securities (Main Board),0.115,0.105,0.118,0.105,76000,0.01,0.112,0.113,2.31,1.68,1.77,1.77,0.0,0.2,0.25,0.77,0.2,0.25,-40.1,-53.73,-84.68,41.62,54.9,False,False,True,True,False,False,False,False,False,2026-09-21
0218,0218.HK,SWHYHK,申万宏源香港,14.13,"5,000",Equity,Equity Securities (Main Board),0.905,0.88,0.94,0.88,515000,0.47,0.88,0.907,2.84,-0.22,2.84,4.02,0.56,1.55,4.25,4.48,1.55,4.25,-39.35,-77.88,-79.02,41.61,78.71,False,False,True,False,False,False,False,False,False,2026-09-21
0219,0219.HK,SHUNHO PROPERTY,顺豪物业,4.03,"2,000",Equity,Equity Securities (Main Board),0.695,0.695,0.695,0.695,8000,0.01,0.696,0.695,-0.14,-0.07,0.0,0.0,0.0,0.76,1.0,3.28,0.76,1.0,-8.55,-30.5,-78.81,8.55,30.5,False,False,False,False,False,False,False,True,False,2026-09-21
0220,0220.HK,U-PRESID CHINA,统一企业中国,302.79,"1,000",Equity,Equity Securities (Main Board),7.03,6.945,7.03,6.86,9451116,66.44,7.037,7.165,-0.1,-1.88,1.3,-1.26,-1.06,8.74,10.82,10.82,8.74,10.82,-19.57,-35.03,-35.03,19.57,35.03,False,False,False,False,False,False,False,False,False,2026-09-21
0222,0222.HK,MIN XIN HOLD,闽信集团,15.95,"2,000",Equity,Equity Securities (Main Board),2.67,2.72,2.72,2.67,16000,0.04,2.7,2.715,-1.11,-1.66,-1.11,-1.48,-2.55,3.63,3.75,8.38,3.63,3.75,-25.07,-27.47,-67.55,26.45,28.8,False,False,False,False,False,False,False,False,False,2026-09-21
0223,0223.HK,ELIFE HLDGS,易生活控股,1.57,"20,000",Equity,Equity Securities (Main Board),0.096,0.1,0.1,0.088,1363500,0.13,0.095,0.089,1.27,8.23,-4.0,2.13,3.23,0.19,0.5,3.4,0.19,0.5,-47.64,-80.0,-97.06,49.74,80.8,False,False,False,True,False,False,False,False,False,2026-09-21
0227,0227.HK,FIRST SHANGHAI,第一上海,2.96,"8,000",Equity,Equity Securities (Main Board),0.135,0.133,0.135,0.133,296000,0.04,0.13,0.14,3.53,-3.23,1.5,7.14,-4.93,0.28,0.87,1.46,0.28,0.87,-52.63,-84.48,-90.76,52.63,84.48,False,False,False,False,False,False,False,False,False,2026-09-21
0228,0228.HK,CHINA ENERGY,中能控股,3.42,"2,000",Equity,Equity Securities (Main Board),0.75,0.765,0.765,0.75,294000,0.22,0.777,0.779,-3.47,-3.78,-1.96,-6.25,-8.54,2.1,5.44,10.2,2.1,5.44,-63.57,-85.94,-92.5,64.29,86.21,False,False,False,False,False,False,False,False,False,2026-09-21
0232,0232.HK,CON AERO TECH,大陆航空科技控股,45.12,"2,000",Equity,Equity Securities (Main Board),0.485,0.475,0.485,0.475,124541994,60.4,0.477,0.476,1.68,1.89,2.11,2.11,2.11,0.48,0.48,0.72,0.49,0.49,1.04,1.04,-32.58,0.0,0.0,False,False,False,True,True,True,False,True,True,2026-09-21
0234,0234.HK,NEW CENTURY GP,新世纪集团,1.91,"24,000",Equity,Equity Securities (Main Board),0.033,0.035,0.035,0.031,624000,0.02,0.033,0.031,1.23,7.49,-2.94,3.12,13.79,0.04,0.06,0.17,0.04,0.06,-16.67,-38.6,-79.41,21.43,42.11,False,False,False,False,False,False,False,False,False,2026-09-21
0235,0235.HK,CSC HOLDINGS,中策资本控股,4.08,"5,000",Equity,Equity Securities (Main Board),0.02,0.019,0.02,0.018,10775000,0.22,0.019,0.02,3.09,2.04,11.11,5.26,0.0,0.04,0.04,0.29,0.04,0.04,-42.86,-53.49,-93.22,42.86,53.49,False,False,False,True,False,False,False,False,False,2026-09-21
0239,0239.HK,PAK FAH YEOW,白花油,7.67,"2,500",Equity,Equity Securities (Main Board),2.46,2.46,2.46,2.46,40000,0.1,2.471,2.472,-0.45,-0.49,-0.81,-0.81,0.2,2.73,2.73,3.75,2.73,2.73,-9.89,-9.89,-34.4,9.89,9.89,False,False,False,False,False,False,False,True,True,2026-09-21
0240,0240.HK,BUILD KING HOLD,利基控股,17.26,"10,000",Equity,Equity Securities (Main Board),1.39,1.375,1.395,1.375,190000,0.26,1.365,1.375,1.83,1.05,1.09,2.96,2.96,1.89,1.89,1.89,1.89,1.89,-26.19,-26.19,-26.19,26.46,26.46,True,False,False,True,False,False,False,False,False,2026-09-21
0241,0241.HK,ALI HEALTH,阿里健康,473.94,"2,000",Equity,Equity Securities (Main Board),2.93,3.055,3.055,2.87,148682538,435.64,2.956,3.0,-0.88,-2.32,-4.4,0.51,-2.33,7.91,7.91,30.15,7.91,7.91,-61.38,-61.38,-89.87,62.96,62.96,False,False,False,False,False,False,False,False,False,2026-09-21
0242,0242.HK,SHUN TAK HOLD,信德集团,15.39,"2,000",Equity,Equity Securities (Main Board),0.51,0.5,0.51,0.5,870334,0.44,0.501,0.501,1.8,1.8,4.08,0.0,2.0,0.69,1.19,4.3,0.69,1.19,-26.09,-57.14,-88.14,26.09,57.14,False,False,False,True,False,False,False,False,False,2026-09-21
0243,0243.HK,QPL INT'L,QPL INT'L,1.66,"9,000",Equity,Equity Securities (Main Board),0.48,0.495,0.495,0.495,9000,0.0,0.465,0.459,3.23,4.46,1.05,4.35,7.87,0.95,0.95,11.64,0.95,0.95,-47.89,-47.89,-95.75,49.47,49.47,False,False,False,False,False,False,False,False,False,2026-09-21
0244,0244.HK,SINCERE,先施,4.6,"1,000",Equity,Equity Securities (Main Board),0.35,0.345,0.35,0.345,150000,0.05,0.32,0.32,9.37,9.37,2.94,16.67,9.38,0.43,0.43,0.79,0.43,0.43,-18.6,-18.6,-55.7,18.6,18.6,True,False,False,False,False,False,False,False,False,2026-09-21
0248,0248.HK,HKC INT'L HOLD,香港通讯国际控股,0.57,"10,000",Equity,Equity Securities (Main Board),0.245,0.239,0.245,0.231,150000,0.04,0.232,0.223,5.51,9.62,0.0,11.87,11.87,0.38,0.39,2.43,0.38,0.39,-36.36,-37.64,-89.94,36.36,37.64,False,False,False,False,False,False,False,False,False,2026-09-21
0251,0251.HK,SEA HOLDINGS,爪哇控股,6.68,"2,000",Equity,Equity Securities (Main Board),1.11,1.11,1.11,1.11,6000,0.01,1.14,1.18,-2.63,-5.93,-1.77,-4.31,-9.02,1.6,2.0,21.0,1.6,2.0,-30.63,-44.5,-94.71,30.63,44.5,False,False,False,False,False,False,False,False,False,2026-09-21
0254,0254.HK,NUR HOLDINGS,国家联合资源,1.39,"20,000",Equity,Equity Securities (Main Board),0.206,0.204,0.21,0.202,1220000,0.25,0.202,0.208,1.78,-0.82,1.98,3.0,-3.29,1.2,1.2,7.65,1.2,1.2,-82.5,-82.5,-97.25,82.83,82.83,False,False,False,False,False,False,False,False,False,2026-09-21
0256,0256.HK,CITYCHAMP,冠城钟表珠宝,5.97,"2,000",Equity,Equity Securities (Main Board),0.115,0.115,0.118,0.113,822000,0.09,0.112,0.108,2.5,6.48,-0.86,3.6,1.77,0.21,1.5,2.2,0.21,1.5,-42.72,-92.13,-94.64,44.17,92.33,False,False,False,False,False,False,False,False,False,2026-09-21
0257,0257.HK,EB ENVIRONMENT,光大环境,284.42,"1,000",Equity,Equity Securities (Main Board),4.63,4.755,4.755,4.605,13488502,62.45,4.896,4.967,-5.43,-6.78,-5.12,-8.13,-7.58,5.9,5.9,12.49,5.9,5.9,-19.41,-19.41,-61.93,21.53,21.53,False,False,False,False,False,False,False,False,False,2026-09-21
0258,0258.HK,TOMSON GROUP,汤臣集团,48.79,"2,000",Equity,Equity Securities (Main Board),2.16,2.13,2.18,2.13,720000,1.56,2.148,2.162,0.56,-0.09,7.2,-2.48,-1.37,2.82,3.63,4.26,2.82,3.63,-22.7,-39.94,-48.83,23.4,40.5,False,False,False,False,False,False,False,False,False,2026-09-21
0259,0259.HK,YEEBO (INT'L H),亿都（国际控股）,25.63,"2,000",Equity,Equity Securities (Main Board),2.745,2.715,2.785,2.71,60000,0.16,2.768,2.793,-0.83,-1.72,1.67,-0.54,0.55,5.72,5.89,5.89,5.72,5.89,-51.31,-52.72,-52.72,52.01,53.4,False,False,False,False,False,False,False,False,False,2026-09-21
0261,0261.HK,GBA HOLDINGS,ＧＢＡ集团,0.82,"16,000",Equity,Equity Securities (Main Board),0.248,0.242,0.248,0.242,209720,0.05,0.246,0.25,0.65,-0.88,5.53,-4.62,-0.8,0.39,2.6,31.43,0.39,2.6,-36.41,-90.46,-99.21,36.41,90.46,False,False,False,False,False,False,False,False,False,2026-09-21
0264,0264.HK,CN INT DEV CORP,中联发展控股,8.09,"4,000",Equity,Equity Securities (Main Board),1.705,1.615,1.8,1.6,10332000,17.62,1.721,1.797,-0.93,-5.12,5.57,-4.21,-5.8,2.68,3.35,3.35,2.68,3.35,-32.84,-46.27,-46.27,36.38,49.1,False,False,False,False,False,False,False,False,False,2026-09-21
0266,0266.HK,TIAN TECK LAND,天德地产,8.71,"2,000",Equity,Equity Securities (Main Board),1.835,1.835,1.835,1.835,28000,0.05,1.884,1.902,-2.6,-3.52,-10.05,-0.27,-4.43,2.15,2.76,9.6,2.15,2.76,-14.65,-33.51,-80.89,14.65,33.51,False,False,False,False,False,False,False,False,False,2026-09-21
0267,0267.HK,CITIC,中信股份,3877.73,"1,000",Equity,Equity Securities (Main Board),13.33,12.93,13.33,12.93,11463844,152.81,13.03,13.323,2.3,0.05,2.22,3.09,0.0,13.95,13.95,13.95,13.95,13.95,-4.44,-4.44,-4.44,4.44,4.44,False,False,True,True,False,False,False,True,True,2026-09-21
0268,0268.HK,KINGDEE INT'L,金蝶国际,272.2,"1,000",Equity,Equity Securities (Main Board),7.745,7.555,7.795,7.46,30935275,239.59,7.483,7.603,3.5,1.87,2.51,5.66,2.99,17.07,19.0,39.5,17.07,19.0,-54.34,-58.97,-80.27,54.63,59.24,False,False,True,True,False,False,False,False,False,2026-09-21
0269,0269.HK,CRTG,中国资源交通,1.06,"5,000",Equity,Equity Securities (Main Board),0.01,0.01,0.01,0.01,1420000,0.01,0.01,0.01,0.0,0.0,0.0,0.0,0.0,0.01,0.03,0.34,0.01,0.03,-9.09,-62.96,-97.1,9.09,62.96,False,False,False,False,False,False,False,True,False,2026-09-21
0270,0270.HK,GUANGDONG INV,粤海投资,565.52,"2,000",Equity,Equity Securities (Main Board),8.675,8.725,8.725,8.64,8867250,76.92,8.791,8.821,-1.32,-1.66,-1.08,-1.98,-2.14,9.03,9.03,17.34,9.03,9.03,-3.38,-3.38,-49.68,3.93,3.93,False,False,False,False,False,False,False,True,True,2026-09-21
0272,0272.HK,SHUI ON LAND,瑞安房地产,34.92,500,Equity,Equity Securities (Main Board),0.44,0.415,0.44,0.415,12083500,5.32,0.432,0.451,1.85,-2.44,7.32,0.0,-3.3,0.74,0.95,2.8,0.74,0.95,-40.54,-53.68,-84.29,40.54,53.68,False,False,False,False,False,False,False,False,False,2026-09-21
0276,0276.HK,MONGOLIA ENERGY,蒙古能源,1.02,"6,000",Equity,Equity Securities (Main Board),0.54,0.54,0.54,0.54,13050,0.01,0.55,0.545,-1.82,-0.83,0.93,-5.26,0.0,0.78,1.1,6.5,0.78,1.1,-30.77,-50.91,-91.69,30.77,50.91,False,False,False,False,False,False,False,False,False,2026-09-21
0279,0279.HK,ARTA TECHFIN,裕承科金,5.79,"6,000",Equity,Equity Securities (Main Board),0.415,0.425,0.43,0.405,148200,0.06,0.398,0.386,4.27,7.37,2.47,7.79,10.67,0.7,1.74,414.0,0.7,1.74,-38.57,-75.29,-99.9,40.71,76.15,True,False,False,False,False,False,False,False,False,2026-09-21
0280,0280.HK,KING FOOK HOLD,景福集团,4.91,"2,000",Equity,Equity Securities (Main Board),0.54,0.55,0.55,0.53,836000,0.45,0.622,0.624,-13.18,-13.46,-15.62,-16.28,-15.62,0.66,0.66,0.7,0.66,0.66,-16.67,-16.67,-21.43,18.18,18.18,False,False,False,False,False,False,False,False,False,2026-09-21
0285,0285.HK,BYD ELECTRONIC,比亚迪电子,530.4,500,Equity,Equity Securities (Main Board),23.52,23.7,23.9,23.22,3385598,79.63,23.408,23.874,0.48,-1.48,-1.09,0.68,0.86,36.6,61.55,63.1,36.6,61.55,-34.7,-61.17,-62.12,35.74,61.79,False,False,False,False,False,False,False,False,False,2026-09-21
0288,0288.HK,WH GROUP,万洲国际,855.13,500,Equity,Equity Securities (Main Board),6.665,6.65,6.69,6.555,32946337,219.59,6.533,6.704,2.02,-0.57,0.91,1.99,1.83,10.84,10.84,10.84,10.84,10.84,-38.28,-38.28,-38.28,38.51,38.51,False,False,False,False,False,False,False,False,False,2026-09-21
0289,0289.HK,WING ON CO,WING ON CO,37.74,"1,000",Equity,Equity Securities (Main Board),13.1,13.05,13.2,13.0,42000,0.55,13.22,13.172,-0.91,-0.55,-1.87,0.23,0.0,15.6,15.6,30.8,15.6,15.6,-15.38,-15.38,-57.14,16.03,16.03,False,False,False,False,False,False,False,False,False,2026-09-21
0290,0290.HK,GOFINTECH QUANT,国富量子,163.32,500,Equity,Equity Securities (Main Board),1.585,1.585,1.615,1.56,21054000,33.37,1.61,1.643,-1.55,-3.53,0.96,-3.35,-2.76,10.14,10.14,10.14,10.14,10.14,-84.07,-84.07,-84.07,84.37,84.37,False,False,False,False,False,False,False,False,False,2026-09-21
0291,0291.HK,CHINA RES BEER,华润啤酒,600.5,500,Equity,Equity Securities (Main Board),18.5,18.28,18.54,18.01,9014839,166.77,18.258,18.494,1.33,0.03,1.54,1.82,1.09,27.86,45.3,78.6,27.86,45.3,-33.45,-59.07,-76.41,33.6,59.16,False,False,True,True,False,False,False,False,False,2026-09-21
0293,0293.HK,CATHAY PAC AIR,国泰航空,858.05,"1,000",Equity,Equity Securities (Main Board),14.11,13.92,14.15,13.9,4960184,69.99,13.984,14.137,0.9,-0.19,1.15,1.15,-0.77,15.22,15.22,15.22,15.22,15.22,-7.03,-7.03,-7.03,7.29,7.29,False,False,False,False,False,False,False,True,True,2026-09-21
0296,0296.HK,EMPEROR E HOTEL,英皇娱乐酒店,2.14,"5,000",Equity,Equity Securities (Main Board),0.18,0.185,0.185,0.18,1190864,0.21,0.182,0.185,-1.21,-2.65,-2.7,-1.64,-3.74,0.29,0.48,2.18,0.29,0.48,-36.21,-61.46,-91.51,37.93,62.5,False,False,False,False,False,False,False,False,False,2026-09-21
0297,0297.HK,SINOFERT,中化化肥,87.81,"2,000",Equity,Equity Securities (Main Board),1.25,1.25,1.26,1.245,13916728,17.4,1.257,1.3,-0.56,-3.88,-0.4,-1.19,-2.72,2.07,2.07,2.07,2.07,2.07,-39.13,-39.13,-39.13,39.61,39.61,False,False,False,False,False,False,False,False,False,2026-09-21
0300,0300.HK,MIDEA GROUP,美的集团,623.74,100,Equity,Equity Securities (Main Board),95.85,99.65,99.65,95.1,8765103,840.14,98.54,98.82,-2.73,-3.01,-3.47,-2.84,-4.15,101.7,101.7,101.7,101.7,101.7,-2.02,-2.02,-2.02,5.75,5.75,False,False,False,False,False,False,False,True,True,2026-09-21
0301,0301.HK,SANVO CHEMICALS,三和精化,34.46,"2,000",Equity,Equity Securities (Main Board),7.35,7.3,7.47,7.2,1082000,7.95,7.303,7.135,0.64,3.01,0.48,3.3,7.93,7.59,7.59,7.59,7.59,7.59,-1.58,-1.58,-1.58,3.16,3.16,False,False,False,False,False,False,False,True,True,2026-09-21
0302,0302.HK,CMGE,中手游,5.8,"2,000",Equity,Equity Securities (Main Board),0.186,0.183,0.189,0.18,496000,0.09,0.187,0.189,-0.43,-1.64,1.64,0.0,-2.62,0.44,1.63,5.09,0.44,1.63,-57.05,-88.4,-96.29,57.73,88.59,False,False,False,False,False,False,False,False,False,2026-09-21
0303,0303.HK,VTECH HOLDINGS,VTECH HOLDINGS,129.82,100,Equity,Equity Securities (Main Board),51.2,49.5,51.35,49.4,956876,48.99,49.304,49.628,3.85,3.17,3.81,4.36,5.26,66.6,67.9,128.0,66.6,67.9,-22.9,-24.37,-59.88,23.12,24.59,False,False,False,True,False,False,False,False,False,2026-09-21
0305,0305.HK,WULING MOTORS,五菱汽车,11.21,"10,000",Equity,Equity Securities (Main Board),0.34,0.33,0.34,0.33,860000,0.29,0.334,0.348,1.8,-2.3,3.03,3.03,-2.86,0.57,0.86,4.43,0.57,0.86,-40.35,-60.47,-92.33,40.35,60.47,False,False,False,False,False,False,False,False,False,2026-09-21
0306,0306.HK,KWOON CHUNG BUS,冠忠巴士集团,12.4,"2,000",Equity,Equity Securities (Main Board),2.6,2.7,2.7,2.6,156000,0.41,2.664,2.693,-2.4,-3.44,-3.7,-2.62,-4.06,2.94,3.05,5.85,2.94,3.05,-8.16,-11.48,-53.85,11.56,14.75,False,False,False,False,False,False,False,False,False,2026-09-21
0308,0308.HK,CHINA TRAVEL HK,香港中旅,63.67,"2,000",Equity,Equity Securities (Main Board),1.15,1.135,1.155,1.135,3084000,3.55,1.147,1.17,0.26,-1.71,1.77,-0.43,-2.95,1.65,2.99,3.61,1.65,2.99,-30.0,-61.37,-68.01,30.3,61.54,False,False,False,False,False,False,False,False,False,2026-09-21
0309,0309.HK,XH NEWS MEDIA,新华通讯频媒,0.45,"2,000",Equity,Equity Securities (Main Board),0.865,0.865,0.865,0.865,2500,0.0,0.859,0.902,0.7,-4.05,0.58,0.58,-13.5,2.68,3.96,32.4,2.68,3.96,-67.72,-78.16,-97.33,67.72,78.16,False,False,False,False,False,False,False,False,False,2026-09-21
0311,0311.HK,LUEN THAI,联泰控股,3.36,"1,000",Equity,Equity Securities (Main Board),0.325,0.325,0.325,0.325,45000,0.01,0.313,0.312,3.83,4.33,4.84,4.84,4.84,0.49,0.49,3.4,0.49,0.49,-32.99,-32.99,-90.44,32.99,32.99,False,False,False,False,False,False,False,False,False,2026-09-21
0312,0312.HK,SHIRBLE STORE,岁宝百货,1.05,"2,000",Equity,Equity Securities (Main Board),0.042,0.047,0.047,0.039,742000,0.03,0.044,0.045,-4.98,-7.08,-6.67,-8.7,-8.7,0.1,0.12,2.25,0.1,0.12,-53.0,-60.83,-97.91,58.0,65.0,False,False,False,False,False,False,False,False,False,2026-09-21
0314,0314.HK,SIPAI HEALTH,思派健康,11.53,200,Equity,Equity Securities (Main Board),1.59,1.6,1.6,1.54,701000,1.11,1.606,1.597,-1.0,-0.41,2.58,-3.93,-0.31,3.03,8.98,44.6,3.03,8.98,-47.19,-82.18,-96.41,47.52,82.29,False,False,False,False,False,False,False,False,False,2026-09-21
0315,0315.HK,SMARTONE TELE,数码通电讯,53.84,500,Equity,Equity Securities (Main Board),4.89,4.835,4.89,4.825,193326,0.95,4.855,4.851,0.72,0.79,1.14,0.51,1.24,5.3,5.3,13.02,5.3,5.3,-7.74,-7.74,-62.44,7.74,7.74,False,False,False,True,False,False,False,True,True,2026-09-21
0316,0316.HK,OOIL,东方海外国际,982.64,500,Equity,Equity Securities (Main Board),148.8,146.5,149.6,146.2,827058,123.07,146.36,147.91,1.67,0.6,1.71,1.78,1.36,178.9,178.9,284.8,178.9,178.9,-16.38,-16.38,-47.47,16.83,16.83,False,False,True,True,False,False,False,False,False,2026-09-21
0317,0317.HK,COMEC,中船防务,94.02,"2,000",Equity,Equity Securities (Main Board),15.88,15.24,16.23,15.24,10934110,173.63,14.908,14.786,6.52,7.4,4.2,10.89,9.9,18.0,18.68,18.68,18.0,18.68,-9.83,-13.12,-13.12,11.78,14.99,True,False,False,False,False,False,False,False,False,2026-09-21
0321,0321.HK,TEXWINCA HOLD,德永佳集团,12.78,"2,000",Equity,Equity Securities (Main Board),0.925,0.92,0.95,0.915,1128958,1.04,0.91,0.919,1.65,0.6,0.54,2.78,3.35,1.37,1.37,5.73,1.37,1.37,-30.66,-30.66,-83.42,32.48,32.48,True,False,False,True,False,False,False,False,False,2026-09-21
0322,0322.HK,TINGYI,康师傅控股,657.88,"2,000",Equity,Equity Securities (Main Board),11.68,11.74,11.89,11.44,8346413,97.49,11.752,11.939,-0.61,-2.17,-0.34,-0.43,-2.83,14.14,14.24,19.5,14.14,14.24,-15.91,-16.5,-39.03,17.4,17.98,False,False,False,False,False,False,False,False,False,2026-09-21
0323,0323.HK,MAANSHAN IRON,马鞍山钢铁股份,30.24,"2,000",Equity,Equity Securities (Main Board),1.745,1.74,1.755,1.705,3946000,6.89,1.741,1.755,0.23,-0.57,0.87,-0.57,0.0,3.07,3.07,4.8,3.07,3.07,-42.83,-42.83,-63.44,43.16,43.16,False,False,False,False,False,False,False,False,False,2026-09-21
0325,0325.HK,BLOKS,布鲁可,156.31,300,Equity,Equity Securities (Main Board),63.45,66.75,67.15,62.65,969038,61.49,66.36,67.93,-4.39,-6.6,-5.37,-5.86,-8.97,80.6,198.0,198.0,80.6,198.0,-16.69,-66.09,-66.09,21.28,67.95,False,False,False,False,False,False,False,False,False,2026-09-21
0326,0326.HK,CHINA STAR ENT,中国星集团,152.78,"2,000",Equity,Equity Securities (Main Board),6.285,5.97,6.31,5.97,1586000,9.97,6.203,6.07,1.32,3.54,6.17,-0.24,1.45,9.98,9.98,9.98,9.98,9.98,-36.77,-36.77,-36.77,37.02,37.02,False,False,False,True,False,False,False,False,False,2026-09-21
0327,0327.HK,PAX GLOBAL,百富环球,41.09,"1,000",Equity,Equity Securities (Main Board),3.87,3.82,3.94,3.82,665472,2.58,3.831,3.895,1.02,-0.64,1.57,1.44,-0.77,5.15,7.12,11.0,5.15,7.12,-23.5,-44.66,-64.18,24.85,45.65,False,False,False,False,False,False,False,False,False,2026-09-21
0328,0328.HK,ALCO HOLDINGS,ALCO HOLDINGS,1.5,"2,000",Equity,Equity Securities (Main Board),0.525,0.54,0.545,0.515,694000,0.36,0.537,0.551,-2.23,-4.72,-2.78,-6.25,-2.78,5.22,62.42,712.6,5.22,62.42,-89.56,-99.13,-99.92,89.94,99.16,False,False,False,False,False,False,False,False,False,2026-09-21
0330,0330.HK,ESPRIT HOLDINGS,思捷环球,1.4,"10,000",Equity,Equity Securities (Main Board),0.495,0.495,0.495,0.495,33160,0.02,0.496,0.501,-0.2,-1.2,-1.98,1.02,-1.0,1.2,4.25,72.45,1.2,4.25,-58.75,-88.35,-99.32,58.75,88.35,False,False,False,False,False,False,False,False,False,2026-09-21
0331,0331.HK,FSE LIFESTYLE,丰盛生活服务,22.82,"1,000",Equity,Equity Securities (Main Board),5.07,5.125,5.125,5.07,31504,0.16,5.093,5.097,-0.45,-0.54,-0.59,-0.49,-0.69,5.85,6.07,8.85,5.85,6.07,-12.39,-15.57,-42.09,13.33,16.47,False,False,False,False,False,False,False,False,False,2026-09-21
0332,0332.HK,YUANHENG GAS,元亨燃气,0.53,"10,000",Equity,Equity Securities (Main Board),0.161,0.161,0.161,0.161,95000,0.02,0.163,0.162,-1.11,-0.74,-1.83,-1.23,-1.23,0.86,1.36,19.6,0.86,1.36,-81.28,-88.16,-99.18,81.28,88.16,False,False,False,False,False,False,False,False,False,2026-09-21
0335,0335.HK,UPBEST GROUP,美建集团,17.97,"2,000",Equity,Equity Securities (Main Board),0.67,0.67,0.67,0.67,4000,0.0,0.663,0.664,1.06,0.98,4.69,0.0,0.75,0.71,1.09,1.52,0.71,1.09,-5.63,-38.53,-55.92,5.63,38.53,False,False,False,False,False,False,False,True,False,2026-09-21
0336,0336.HK,HUABAO INTL,华宝国际,113.89,"1,000",Equity,Equity Securities (Main Board),3.535,3.59,3.69,3.495,13088000,46.27,3.503,3.369,0.91,4.94,0.14,4.12,1.0,5.2,5.2,26.15,5.2,5.2,-29.04,-29.04,-85.89,32.02,32.02,False,False,False,False,False,False,False,False,False,2026-09-21
0337,0337.HK,GREENLAND HK,绿地香港,3.07,"1,000",Equity,Equity Securities (Main Board),0.108,0.105,0.118,0.096,3833000,0.41,0.102,0.11,6.3,-1.55,2.86,9.09,0.93,0.28,0.99,4.8,0.28,0.99,-58.6,-88.08,-97.54,62.11,89.09,False,False,True,False,False,False,False,False,False,2026-09-21
0338,0338.HK,SHANGHAI PECHEM,上海石油化工股份,36.16,"2,000",Equity,Equity Securities (Main Board),1.125,1.115,1.125,1.105,5833965,6.56,1.119,1.146,0.54,-1.83,1.81,-0.44,-0.44,1.82,1.82,5.8,1.82,1.82,-38.19,-38.19,-80.6,38.19,38.19,False,False,False,False,False,False,False,False,False,2026-09-21
0340,0340.HK,TONGGUAN GOLD,潼关黄金,146.88,"2,000",Equity,Equity Securities (Main Board),2.77,2.87,2.92,2.745,18030445,49.94,2.768,2.881,0.07,-3.87,-3.48,-1.95,-1.6,4.14,4.14,4.14,4.14,4.14,-29.47,-29.47,-29.47,33.09,33.09,False,False,True,False,False,False,False,False,False,2026-09-21
0341,0341.HK,CAFE DE CORAL H,大家乐集团,30.58,"2,000",Equity,Equity Securities (Main Board),5.345,5.41,5.44,5.32,446051,2.38,5.482,5.412,-2.5,-1.25,-2.02,-3.35,-1.66,5.91,10.6,28.0,5.91,10.6,-7.95,-48.68,-80.57,9.56,49.58,False,False,False,False,False,False,False,True,False,2026-09-21
0343,0343.HK,CULTURECOM HOLD,文化传信,2.2,"5,000",Equity,Equity Securities (Main Board),0.129,0.11,0.129,0.11,8210000,1.06,0.114,0.11,13.16,17.17,18.35,19.44,13.16,0.21,0.35,1.48,0.21,0.35,-37.38,-63.66,-91.28,37.38,63.66,False,False,False,True,False,False,False,False,False,2026-09-21
0345,0345.HK,VITASOY INT'L,VITASOY INT'L,67.01,"2,000",Equity,Equity Securities (Main Board),6.585,6.55,6.64,6.55,342375,2.25,6.548,6.475,0.57,1.7,0.84,1.0,1.86,7.36,12.88,47.25,7.36,12.88,-9.78,-48.45,-85.95,10.53,48.87,False,False,False,False,False,False,False,False,False,2026-09-21
0346,0346.HK,YANCHANG PETRO,延长石油国际,2.64,"5,000",Equity,Equity Securities (Main Board),0.24,0.24,0.243,0.222,82500,0.02,0.24,0.243,-0.0,-1.36,4.35,-1.64,-2.04,0.78,0.78,4.96,0.78,0.78,-68.85,-68.85,-95.1,69.23,69.23,False,False,False,False,False,False,False,False,False,2026-09-21
0347,0347.HK,ANGANG STEEL,鞍钢股份,16.59,"2,000",Equity,Equity Securities (Main Board),1.175,1.165,1.175,1.16,2496400,2.93,1.156,1.159,1.64,1.38,0.86,2.17,1.73,2.19,2.62,7.27,2.19,2.62,-46.35,-55.15,-83.84,46.35,55.15,False,False,False,False,False,False,False,False,False,2026-09-21
0353,0353.HK,ENERGY INTINV,能源国际投资,8.99,"4,000",Equity,Equity Securities (Main Board),0.425,0.41,0.425,0.41,124000,0.05,0.405,0.393,4.94,8.14,3.66,4.94,11.84,0.44,1.5,3.0,0.44,1.5,-4.49,-71.67,-85.83,4.49,71.67,False,False,False,False,False,False,False,True,False,2026-09-21
0354,0354.HK,CHINASOFT INT'L,中国软件国际,106.69,"2,000",Equity,Equity Securities (Main Board),3.91,3.905,3.95,3.84,15230580,59.55,3.761,3.757,3.96,4.09,0.51,5.53,7.57,5.71,9.32,16.28,5.71,9.32,-30.82,-57.62,-75.74,31.52,58.05,False,False,False,False,False,False,False,False,False,2026-09-21
0355,0355.HK,CENTURY C INT'L,世纪城市国际,2.26,"4,000",Equity,Equity Securities (Main Board),0.073,0.074,0.08,0.072,452000,0.03,0.074,0.074,-1.08,-1.35,0.0,-1.35,-2.67,0.11,0.28,0.84,0.11,0.28,-26.61,-71.43,-90.48,33.03,73.93,False,False,False,False,False,False,False,False,False,2026-09-21
0357,0357.HK,MEILAN AIRPORT,美兰空港,10.72,"1,000",Equity,Equity Securities (Main Board),4.72,4.7,4.795,4.7,354000,1.67,4.942,5.081,-4.49,-7.1,0.85,-9.23,-9.84,10.75,12.18,60.0,10.75,12.18,-55.4,-60.63,-92.01,56.09,61.25,False,False,False,False,False,False,False,False,False,2026-09-21
0358,0358.HK,JIANGXI COPPER,江西铜业股份,473.13,"1,000",Equity,Equity Securities (Main Board),34.16,34.22,34.4,33.54,5953019,203.36,33.556,35.274,1.8,-3.16,0.47,1.61,1.01,53.75,53.75,53.75,53.75,53.75,-36.0,-36.0,-36.0,36.45,36.45,False,False,True,False,False,False,False,False,False,2026-09-21
0360,0360.HK,NEW FOCUS AUTO,新焦点,7.75,"4,000",Equity,Equity Securities (Main Board),0.045,0.044,0.045,0.042,10700000,0.48,0.046,0.045,-2.6,-0.22,0.0,-4.26,2.27,0.06,0.34,0.96,0.06,0.34,-21.05,-86.96,-95.31,21.05,86.96,False,False,False,False,False,False,False,False,False,2026-09-21
0361,0361.HK,HANFORT DEV H,汉成发展控股,2.87,"20,000",Equity,Equity Securities (Main Board),0.049,0.05,0.05,0.045,16840000,0.83,0.048,0.044,2.08,12.64,-2.0,28.95,25.64,0.1,0.18,0.44,0.1,0.18,-50.98,-71.91,-88.76,51.96,72.47,False,False,False,False,False,False,False,False,False,2026-09-21
0363,0363.HK,SHANGHAI IND H,上海实业控股,147.43,"1,000",Equity,Equity Securities (Main Board),13.55,13.45,13.62,13.37,1342368,18.19,13.492,13.649,0.43,-0.73,0.97,0.15,-1.24,16.19,16.19,25.44,16.19,16.19,-15.87,-15.87,-46.45,16.31,16.31,False,False,False,False,False,False,False,False,False,2026-09-21
0365,0365.HK,SINO ICT,芯成科技,4.73,"2,000",Equity,Equity Securities (Main Board),0.325,0.32,0.325,0.31,116000,0.04,0.323,0.329,0.62,-1.37,0.0,1.56,1.56,1.59,1.59,6.6,1.59,1.59,-79.56,-79.56,-95.08,79.56,79.56,False,False,True,False,False,False,False,False,False,2026-09-21
0366,0366.HK,LUKS GROUP (VN),陆氏集团（越南）,3.88,"2,000",Equity,Equity Securities (Main Board),0.78,0.8,0.8,0.78,62000,0.05,0.797,0.814,-2.13,-4.18,-3.11,-3.11,-3.11,0.98,1.05,2.88,0.98,1.05,-18.37,-23.81,-72.22,20.41,25.71,False,False,False,False,False,False,False,False,False,2026-09-21
0367,0367.HK,CHUANG'S INT'L,庄士机构国际,3.85,"4,000",Equity,Equity Securities (Main Board),0.23,0.233,0.233,0.228,180000,0.04,0.239,0.241,-3.85,-4.6,-2.95,-4.17,-5.35,0.34,0.5,2.0,0.34,0.5,-31.47,-52.93,-88.35,32.35,53.54,False,False,False,False,False,False,False,False,False,2026-09-21
0368,0368.HK,SUPERLAND GROUP,德合集团,27.6,"4,000",Equity,Equity Securities (Main Board),3.46,3.96,3.96,3.12,2988000,10.34,3.706,4.073,-6.64,-15.06,-12.63,10.9,-26.15,6.82,6.82,6.82,6.82,6.82,-41.94,-41.94,-41.94,49.27,49.27,False,False,False,False,False,False,False,False,False,2026-09-21
0369,0369.HK,WING TAI PPT,永泰地产,24.47,"2,000",Equity,Equity Securities (Main Board),1.78,1.8,1.8,1.78,22000,0.04,1.808,1.861,-1.55,-4.35,0.0,-3.78,-4.3,2.71,3.06,6.99,2.71,3.06,-33.58,-41.18,-74.25,34.32,41.83,False,False,False,False,False,False,False,False,False,2026-09-21
0370,0370.HK,HK ROBOTICS,港仔机器人,7.87,"6,000",Equity,Equity Securities (Main Board),0.25,0.26,0.27,0.246,29766000,7.44,0.268,0.275,-6.72,-8.93,-3.85,-10.71,-5.66,1.07,1.92,1.93,1.07,1.92,-74.77,-85.94,-86.0,76.64,86.98,False,False,False,False,False,False,False,False,False,2026-09-21
0371,0371.HK,BJ ENT WATER,北控水务集团,158.23,"2,000",Equity,Equity Securities (Main Board),1.57,1.575,1.59,1.56,17134842,26.9,1.576,1.621,-0.38,-3.15,-0.95,-1.57,-1.87,2.98,2.98,6.75,2.98,2.98,-46.64,-46.64,-76.44,47.32,47.32,False,False,False,False,False,False,False,False,False,2026-09-21
0372,0372.HK,PT INTL DEV,保德国际发展,0.51,"30,000",Equity,Equity Securities (Main Board),0.168,0.155,0.168,0.155,270000,0.05,0.16,0.148,4.74,13.44,8.39,9.8,20.86,0.32,0.78,6.91,0.32,0.78,-47.5,-78.46,-97.57,47.5,78.46,False,False,False,False,False,False,False,False,False,2026-09-21
0373,0373.HK,ALLIED GROUP,联合集团,69.57,"2,000",Equity,Equity Securities (Main Board),1.98,1.99,1.99,1.98,64000,0.13,1.988,2.067,-0.4,-4.19,-0.75,0.51,-4.35,3.7,3.7,3.8,3.7,3.7,-46.22,-46.22,-47.56,46.49,46.49,False,False,False,False,False,False,False,False,False,2026-09-21
0375,0375.HK,YGM TRADING,YGM TRADING,1.69,"1,000",Equity,Equity Securities (Main Board),1.02,0.98,1.02,0.98,146000,0.15,1.028,0.989,-0.78,3.13,4.08,0.0,7.37,1.24,1.4,13.2,1.24,1.4,-17.74,-27.14,-92.27,17.74,27.14,False,False,False,False,False,False,False,False,False,2026-09-21
0376,0376.HK,YUNFENG FIN,云锋金融,88.09,"2,000",Equity,Equity Securities (Main Board),2.17,2.13,2.345,2.12,31686000,68.76,2.056,2.104,5.54,3.16,6.63,7.96,3.83,3.84,7.36,8.2,3.84,7.36,-38.93,-68.14,-71.4,43.49,70.52,False,False,False,False,False,False,False,False,False,2026-09-21
0377,0377.HK,CHINA HUAJUN GP,中国华君,8.27,80,Equity,Equity Securities (Main Board),4.41,4.5,4.57,4.38,1236880,5.45,4.614,4.687,-4.42,-5.92,-3.71,-6.77,-11.0,5.63,5.63,84.0,5.63,5.63,-18.83,-18.83,-94.56,21.67,21.67,False,False,False,False,False,False,False,False,False,2026-09-21
0379,0379.HK,EG LEASING,恒嘉融资租赁,3.61,"10,000",Equity,Equity Securities (Main Board),0.214,0.168,0.241,0.168,34856000,7.46,0.129,0.098,65.63,119.26,27.38,181.58,268.97,0.19,0.2,1.25,0.24,0.24,24.87,21.11,-80.72,11.2,11.2,True,True,False,False,True,True,False,False,False,2026-09-21
0381,0381.HK,AOM INT'L,权识国际,0.93,"20,000",Equity,Equity Securities (Main Board),0.069,0.074,0.074,0.068,6680000,0.46,0.074,0.076,-6.76,-9.21,-6.76,-8.0,-10.39,0.52,3.9,138.05,0.52,3.9,-85.77,-98.1,-99.95,86.73,98.23,False,False,False,False,False,False,False,False,False,2026-09-21
0382,0382.HK,EDVANTAGE GROUP,中汇集团,5.58,"2,000",Equity,Equity Securities (Main Board),0.465,0.475,0.475,0.465,948000,0.44,0.472,0.47,-1.48,-1.17,-2.11,-2.11,-2.11,1.56,2.83,10.31,1.56,2.83,-69.55,-83.22,-95.39,70.19,83.57,False,False,False,False,False,False,False,False,False,2026-09-21
0383,0383.HK,TIANAN MEDICARE,天安卓健,9.7,"5,000",Equity,Equity Securities (Main Board),0.96,0.92,0.995,0.92,59000,0.06,0.827,0.806,16.08,19.11,18.52,23.08,22.29,1.36,1.36,9.4,1.36,1.36,-26.84,-26.84,-89.41,29.41,29.41,True,False,False,False,False,False,False,False,False,2026-09-21
0384,0384.HK,CHINA GAS HOLD,中国燃气,292.57,200,Equity,Equity Securities (Main Board),5.385,5.4,5.415,5.35,8265652,44.51,5.433,5.484,-0.88,-1.8,-0.28,-2.62,-0.55,8.37,8.85,36.7,8.37,8.85,-35.3,-38.81,-85.25,35.66,39.15,False,False,False,False,False,False,False,False,False,2026-09-21
0386,0386.HK,SINOPEC CORP,中国石油化工股份,1060.68,"2,000",Equity,Equity Securities (Main Board),4.475,4.405,4.505,4.35,133358845,596.78,4.545,4.693,-1.54,-4.64,-0.78,-2.82,-5.69,5.7,5.7,8.35,5.7,5.7,-20.96,-20.96,-46.05,21.49,21.49,False,False,False,False,False,False,False,False,False,2026-09-21
0388,0388.HK,HKEX,香港交易所,4952.17,100,Equity,Equity Securities (Main Board),390.6,388.4,391.6,387.4,2280781,890.87,391.32,394.6,-0.18,-1.01,0.67,-1.26,-1.71,444.8,466.0,587.0,444.8,466.0,-11.96,-15.97,-33.29,12.19,16.18,False,False,False,False,False,False,False,False,False,2026-09-21
0389,0389.HK,TONTINE WINES,通天酒业,0.95,"2,000",Equity,Equity Securities (Main Board),0.315,0.325,0.33,0.285,423200,0.13,0.319,0.341,-1.25,-7.76,1.61,-3.08,-12.5,0.64,1.1,2.75,0.64,1.1,-48.44,-70.0,-88.0,50.78,71.36,False,False,False,False,False,False,False,False,False,2026-09-21
0390,0390.HK,CHINA RAILWAY,中国中铁,139.26,"1,000",Equity,Equity Securities (Main Board),3.315,3.33,3.33,3.275,17323983,57.43,3.328,3.353,-0.39,-1.13,0.15,-0.9,-1.04,5.28,5.28,8.21,5.28,5.28,-36.93,-36.93,-59.44,37.22,37.22,False,False,False,False,False,False,False,False,False,2026-09-21
0391,0391.HK,MEI AH ENTER,美亚娱乐资讯,17.18,"20,000",Equity,Equity Securities (Main Board),0.29,0.3,0.3,0.29,2360000,0.68,0.299,0.307,-3.01,-5.54,-3.33,-3.33,-6.45,0.34,0.34,0.69,0.34,0.34,-11.76,-11.76,-56.52,14.71,14.71,False,False,False,False,False,False,False,False,False,2026-09-21
0392,0392.HK,BEIJING ENT,北京控股,375.39,500,Equity,Equity Securities (Main Board),29.8,29.7,29.9,29.32,1071588,31.93,29.916,30.17,-0.39,-1.23,0.68,-1.19,0.2,36.56,36.88,50.5,36.56,36.88,-18.22,-18.93,-40.79,18.49,19.2,False,False,False,False,False,False,False,False,False,2026-09-21
0393,0393.HK,GLORIOUS SUN,旭日企业,19.43,"4,000",Equity,Equity Securities (Main Board),1.295,1.285,1.295,1.285,32000,0.04,1.295,1.297,0.0,-0.15,0.39,0.0,-0.38,1.43,1.43,1.43,1.43,1.43,-9.44,-9.44,-9.44,9.44,9.44,False,False,False,False,False,False,False,True,True,2026-09-21
0397,0397.HK,MINERVA GROUP,嬴集团,1.37,"10,000",Equity,Equity Securities (Main Board),0.04,0.044,0.044,0.039,2790010,0.11,0.042,0.042,-4.76,-4.31,-6.98,-6.98,-11.11,0.06,0.2,0.45,0.06,0.2,-24.14,-77.78,-90.22,31.03,79.8,False,False,False,False,False,False,False,False,False,2026-09-21
0398,0398.HK,ORIENTAL WATCH,东方表行集团,16.47,"2,000",Equity,Equity Securities (Main Board),3.38,3.38,3.39,3.38,310294,1.05,3.377,3.371,0.09,0.28,0.0,-0.44,0.6,3.69,4.23,5.42,3.69,4.23,-8.13,-19.86,-37.45,8.4,20.09,False,False,False,False,False,False,False,True,False,2026-09-21
0400,0400.HK,INGDAN,硬蛋创新,77.28,"1,000",Equity,Equity Securities (Main Board),4.7,4.585,4.775,4.585,9367000,44.02,4.522,4.675,3.94,0.52,2.62,7.8,-1.26,5.57,5.57,13.16,5.57,5.57,-14.27,-14.27,-63.72,15.62,15.62,True,False,False,True,False,False,False,False,False,2026-09-21
0403,0403.HK,STARLITE HOLD,星光集团,1.06,"2,000",Equity,Equity Securities (Main Board),0.209,0.202,0.204,0.19,276000,0.06,0.2,0.197,4.4,6.31,1.95,7.73,10.0,0.22,0.25,0.88,0.22,0.25,-7.27,-17.74,-76.82,5.0,15.73,False,False,False,True,False,False,False,True,False,2026-09-21
0408,0408.HK,YIP'S CHEMICAL,叶氏化工集团,15.27,"2,000",Equity,Equity Securities (Main Board),2.735,2.67,2.74,2.665,348000,0.95,2.676,2.672,2.2,2.36,3.01,2.63,2.43,2.7,2.7,5.76,2.74,2.74,1.48,1.48,-52.43,0.18,0.18,False,False,False,True,True,True,False,True,True,2026-09-21
0410,0410.HK,SOHO CHINA,ＳＯＨＯ中国,14.56,500,Equity,Equity Securities (Main Board),0.28,0.28,0.29,0.27,2036500,0.57,0.3,0.309,-6.67,-9.39,-3.45,-9.68,-11.11,0.55,1.0,5.22,0.55,1.0,-47.27,-71.0,-94.44,49.09,72.0,False,False,False,False,False,False,False,False,False,2026-09-21
0411,0411.HK,LAM SOON (HK),南顺（香港）,29.2,"1,000",Equity,Equity Securities (Main Board),12.0,12.0,12.0,12.0,1000,0.01,11.82,11.45,1.52,4.8,0.0,0.0,8.11,13.0,17.0,17.0,13.0,17.0,-7.69,-29.41,-29.41,7.69,29.41,False,False,False,False,False,False,False,True,False,2026-09-21
0412,0412.HK,SDHG,山高控股,36.7,"1,000",Equity,Equity Securities (Main Board),0.61,0.61,0.62,0.595,3156000,1.93,0.571,0.592,6.83,3.04,4.27,9.91,4.27,2.06,18.95,18.95,2.06,18.95,-69.9,-96.73,-96.73,70.39,96.78,False,False,False,False,False,False,False,False,False,2026-09-21
0417,0417.HK,TSE SUI LUEN,谢瑞麟,1.79,"2,000",Equity,Equity Securities (Main Board),0.72,0.725,0.735,0.72,268000,0.19,0.724,0.72,-0.55,0.07,0.0,-1.37,0.0,1.05,2.45,2.96,1.05,2.45,-30.0,-70.0,-75.14,31.43,70.61,False,False,False,False,False,False,False,False,False,2026-09-21
0419,0419.HK,HONY MEDIA,弘毅文化集团,8.26,"10,000",Equity,Equity Securities (Main Board),0.47,0.485,0.485,0.465,651750,0.31,0.479,0.488,-1.88,-3.69,-3.09,0.0,-3.09,0.83,1.28,7.3,0.83,1.28,-41.57,-62.11,-93.36,43.37,63.28,False,False,False,False,False,False,False,False,False,2026-09-21
0420,0420.HK,FOUNTAIN SET,福田实业,7.78,"2,000",Equity,Equity Securities (Main Board),0.635,0.63,0.64,0.62,772000,0.49,0.641,0.649,-0.94,-2.23,-0.78,-1.55,-2.31,0.76,0.83,1.48,0.76,0.83,-16.34,-22.89,-56.76,16.99,23.49,False,False,False,False,False,False,False,False,False,2026-09-21
0422,0422.HK,VMEP HOLDINGS,越南制造加工出口,2.41,"1,000",Equity,Equity Securities (Main Board),0.27,0.265,0.27,0.265,4000,0.0,0.261,0.26,3.45,3.65,3.85,5.88,5.88,0.32,0.88,0.99,0.32,0.88,-15.62,-69.32,-72.73,15.62,69.32,False,False,False,False,False,False,False,False,False,2026-09-21
0423,0423.HK,HKET HOLDINGS,经济日报集团,2.74,"2,000",Equity,Equity Securities (Main Board),0.635,0.635,0.64,0.63,118000,0.07,0.635,0.64,0.0,-0.78,0.0,0.0,0.0,0.82,1.06,1.75,0.82,1.06,-21.95,-39.62,-63.43,22.56,40.09,False,False,False,False,False,False,False,False,False,2026-09-21
0425,0425.HK,MINTH GROUP,敏实集团,277.88,100,Equity,Equity Securities (Main Board),23.72,23.72,24.48,23.66,2782937,66.01,23.88,24.164,-0.67,-1.84,-1.41,-0.5,-2.79,46.76,46.76,49.5,46.76,46.76,-47.65,-47.65,-50.55,49.27,49.27,False,False,False,False,False,False,False,False,False,2026-09-21
0432,0432.HK,PCPD,盈大地产,4.22,"1,000",Equity,Equity Securities (Main Board),0.206,0.209,0.209,0.205,278870,0.06,0.208,0.21,-1.15,-1.81,-1.9,-0.48,-0.48,0.38,0.38,4.02,0.38,0.38,-44.27,-44.27,-94.81,45.07,45.07,False,False,False,False,False,False,False,False,False,2026-09-21
0433,0433.HK,NORTH MINING,北方矿业,6.3,"10,000",Equity,Equity Securities (Main Board),0.042,0.042,0.043,0.041,6461502,0.27,0.044,0.045,-3.67,-6.87,0.0,-6.67,-8.7,0.11,0.26,3.78,0.11,0.26,-60.91,-83.46,-98.86,61.82,83.85,False,False,False,False,False,False,False,False,False,2026-09-21
0434,0434.HK,BOYAA,博雅互动,23.6,"1,000",Equity,Equity Securities (Main Board),3.115,3.17,3.275,3.05,3810000,11.87,2.906,2.942,7.19,5.88,8.54,12.05,5.59,4.13,9.36,9.36,4.13,9.36,-20.7,-65.01,-65.01,24.58,66.72,False,False,False,False,False,False,False,False,False,2026-09-21
0438,0438.HK,IRICO NEWENERGY,彩虹新能源,1.1,200,Equity,Equity Securities (Main Board),1.145,1.11,1.145,1.08,92400,0.11,1.124,1.139,1.87,0.48,3.15,3.15,-0.43,2.5,4.39,56.0,2.5,4.39,-54.2,-73.92,-97.96,54.2,73.92,False,False,False,True,False,False,False,False,False,2026-09-21
0439,0439.HK,GENESIS SCALE,瀚源控股,3.42,"2,000",Equity,Equity Securities (Main Board),0.555,0.56,0.56,0.56,12500,0.01,0.547,0.549,1.46,1.09,0.91,0.91,4.72,1.21,2.33,36.4,1.21,2.33,-53.72,-75.97,-98.46,54.13,76.18,False,False,False,False,False,False,False,False,False,2026-09-21
0440,0440.HK,DAH SING,大新金融,147.96,400,Equity,Equity Securities (Main Board),46.3,45.52,46.38,45.24,419600,19.43,45.476,45.5,1.81,1.76,0.87,2.62,1.89,51.2,51.2,66.0,51.2,51.2,-9.41,-9.41,-29.73,9.57,9.57,True,False,False,True,False,False,False,True,True,2026-09-21
0442,0442.HK,DOMAINE POWER,域能控股,1.84,"1,000",Equity,Equity Securities (Main Board),0.71,0.71,0.71,0.71,1000,0.0,0.642,0.621,10.59,14.42,1.43,18.33,18.33,1.07,1.55,7.39,1.07,1.55,-33.64,-54.19,-90.39,33.64,54.19,False,False,False,False,False,False,False,False,False,2026-09-21
0450,0450.HK,HUNG HING PRINT,鸿兴印刷集团,6.08,"2,000",Equity,Equity Securities (Main Board),0.67,0.685,0.685,0.67,164000,0.11,0.675,0.68,-0.74,-1.47,-2.19,-1.47,-0.74,0.97,1.23,2.43,0.97,1.23,-29.38,-44.31,-71.81,30.93,45.53,False,False,False,False,False,False,False,False,False,2026-09-21
0451,0451.HK,DYNASTY DIGITAL,时代数字,9.13,"2,000",Equity,Equity Securities (Main Board),0.515,0.525,0.525,0.515,782286,0.4,0.522,0.531,-1.34,-3.01,0.0,-3.74,-0.96,1.8,1.8,15.6,1.8,1.8,-70.83,-70.83,-96.63,71.39,71.39,False,False,False,False,False,False,False,False,False,2026-09-21
0455,0455.HK,TIANDA PHARMA,天大药业,2.67,"2,000",Equity,Equity Securities (Main Board),0.124,0.125,0.125,0.106,12000,0.0,0.117,0.11,5.62,12.22,3.33,7.83,13.76,0.14,0.28,0.55,0.14,0.28,-10.07,-55.36,-77.27,10.79,55.71,False,False,False,True,False,False,False,False,False,2026-09-21
0456,0456.HK,NEW CITY DEV,新城市建设发展,1.16,"2,000",Equity,Equity Securities (Main Board),0.54,0.54,0.56,0.54,98000,0.05,0.494,0.481,9.31,12.27,12.5,13.68,17.39,0.8,1.29,62.0,0.8,1.29,-30.0,-56.59,-99.1,32.5,58.14,False,False,False,False,False,False,False,False,False,2026-09-21
0460,0460.HK,SIHUAN PHARM,四环医药,68.37,"1,000",Equity,Equity Securities (Main Board),0.755,0.72,0.765,0.72,28044052,21.17,0.724,0.739,4.28,2.23,4.86,6.34,2.72,1.79,1.92,3.95,1.79,1.92,-57.26,-60.16,-80.63,57.82,60.68,False,False,False,True,False,False,False,False,False,2026-09-21
0464,0464.HK,CHINA IN-TECH,中国智能科技,5.56,"4,000",Equity,Equity Securities (Main Board),0.735,0.735,0.74,0.735,308000,0.23,0.738,0.727,-0.41,1.17,-0.68,0.68,5.0,9.0,9.0,9.0,9.0,9.0,-91.78,-91.78,-91.78,91.83,91.83,False,False,False,False,False,False,False,False,False,2026-09-21
0465,0465.HK,FUTONG TECH,富通科技,11.85,"2,000",Equity,Equity Securities (Main Board),3.76,3.76,3.805,3.74,162000,0.61,3.756,3.812,0.11,-1.36,0.0,0.0,0.27,6.77,6.77,6.77,6.77,6.77,-43.8,-43.8,-43.8,44.46,44.46,False,False,True,False,False,False,False,False,False,2026-09-21
0467,0467.HK,UNITEDENERGY GP,联合能源集团,107.28,"2,000",Equity,Equity Securities (Main Board),0.42,0.405,0.42,0.4,82119373,34.49,0.412,0.416,1.94,0.96,3.7,1.2,0.0,1.1,1.28,1.8,1.1,1.28,-61.82,-67.19,-76.67,61.82,67.19,False,False,False,True,False,False,False,False,False,2026-09-21
0470,0470.HK,WUXI LEAD,先导智能,30.0,100,Equity,Equity Securities (Main Board),27.86,28.3,28.5,27.68,514000,14.32,27.776,27.446,0.3,1.51,-1.07,1.68,3.41,61.85,61.85,61.85,61.85,61.85,-53.92,-53.92,-53.92,54.96,54.96,False,False,False,False,False,False,False,False,False,2026-09-21
0471,0471.HK,SILKWAVE INC,中播数据,0.57,"4,000",Equity,Equity Securities (Main Board),0.118,0.114,0.118,0.114,1280000,0.15,0.115,0.118,2.61,0.08,7.27,3.51,-3.28,1.03,8.3,276.0,1.03,8.3,-88.54,-98.58,-99.96,88.54,98.58,False,False,False,True,False,False,False,False,False,2026-09-21
0472,0472.HK,NEW SILKROAD,新丝路控股集团,8.2,"10,000",Equity,Equity Securities (Main Board),0.213,0.214,0.214,0.213,340000,0.07,0.203,0.208,4.72,2.31,5.97,5.97,5.97,0.45,0.5,1.88,0.45,0.5,-52.44,-57.2,-88.62,52.67,57.4,False,False,False,False,False,False,False,False,False,2026-09-21
0474,0474.HK,ACESO LIFE SCI,信铭生命科技,12.67,"6,000",Equity,Equity Securities (Main Board),0.143,0.143,0.145,0.138,498000,0.07,0.146,0.148,-1.92,-3.7,-1.38,-2.05,-4.67,0.16,0.21,0.48,0.16,0.21,-11.04,-30.95,-69.79,12.27,31.9,False,False,False,False,False,False,False,False,False,2026-09-21
0475,0475.HK,CENTRAL DEV H,中发展控股,1.4,"2,000",Equity,Equity Securities (Main Board),0.28,0.28,0.28,0.28,2000,0.0,0.312,0.31,-10.26,-9.82,-12.5,-12.5,-12.5,0.7,0.79,1.85,0.7,0.79,-60.0,-64.56,-84.86,60.0,64.56,False,False,False,False,False,False,False,False,False,2026-09-21
0476,0476.HK,EV DYNAMICS,科轩动力控股,2.54,"10,000",Equity,Equity Securities (Main Board),0.715,0.7,0.715,0.7,1444800,1.03,0.692,0.685,3.32,4.38,3.62,2.14,8.33,1.0,1.44,17.0,1.0,1.44,-28.5,-50.35,-95.79,28.5,50.35,False,False,False,False,False,False,False,False,False,2026-09-21
0480,0480.HK,HKR INT'L,香港兴业国际,14.85,800,Equity,Equity Securities (Main Board),1.0,0.99,1.0,0.985,4000,0.0,1.001,0.999,-0.1,0.1,0.0,0.0,0.0,1.27,1.67,5.09,1.27,1.67,-21.26,-40.12,-80.36,21.26,40.12,False,False,False,False,False,False,False,False,False,2026-09-21
0482,0482.HK,SANDMARTIN INTL,圣马丁国际,1.21,"10,000",Equity,Equity Securities (Main Board),0.495,0.495,0.495,0.495,80000,0.04,0.495,0.492,0.0,0.71,0.0,0.0,0.0,1.17,1.82,21.16,1.17,1.82,-57.6,-72.86,-97.66,57.6,72.86,False,False,False,False,False,False,False,False,False,2026-09-21
0484,0484.HK,FORGAME,云游控股,1.06,"3,000",Equity,Equity Securities (Main Board),0.615,0.62,0.62,0.615,15000,0.01,0.624,0.656,-1.44,-6.32,-0.81,-1.6,-5.38,1.19,1.29,17.8,1.19,1.29,-47.9,-51.94,-96.52,48.32,52.33,False,False,False,False,False,False,False,False,False,2026-09-21
0485,0485.HK,CHINASINOSTAR,中国华星,0.82,"20,000",Equity,Equity Securities (Main Board),0.315,0.32,0.32,0.3,120000,0.04,0.341,0.356,-7.62,-11.39,-7.35,-7.35,-14.86,0.5,0.55,3.66,0.5,0.55,-36.0,-41.82,-91.26,37.0,42.73,False,False,False,False,False,False,False,False,False,2026-09-21
0486,0486.HK,RUSAL,俄铝,441.36,"1,000",Equity,Equity Securities (Main Board),2.905,2.95,2.95,2.9,276166,0.8,2.923,2.956,-0.62,-1.71,-0.85,-0.17,-1.02,7.0,7.0,9.2,7.0,7.0,-57.86,-57.86,-67.93,58.5,58.5,False,False,False,False,False,False,False,False,False,2026-09-21
0491,0491.HK,EMPEROR CULTURE,英皇文化产业,0.93,"20,000",Equity,Equity Securities (Main Board),0.029,0.032,0.032,0.027,11500000,0.33,0.032,0.031,-9.94,-4.92,-14.71,-9.38,-12.12,0.04,0.1,0.37,0.04,0.1,-15.79,-67.35,-91.35,23.68,70.41,False,False,False,False,False,False,False,False,False,2026-09-21
0493,0493.HK,GOME RETAIL,国美零售,7.64,"1,000",Equity,Equity Securities (Main Board),0.01,0.01,0.01,0.01,5029032,0.05,0.01,0.01,0.0,0.0,0.0,0.0,0.0,0.02,0.08,2.55,0.02,0.08,-50.0,-88.1,-99.61,50.0,88.1,False,False,False,False,False,False,False,False,False,2026-09-21
0500,0500.HK,FRONTIER SER,先丰服务集团,1.54,"1,000",Equity,Equity Securities (Main Board),0.064,0.07,0.074,0.056,738000,0.05,0.066,0.067,-2.74,-3.9,-3.03,-4.48,-5.88,0.09,0.43,2.1,0.09,0.43,-17.78,-82.79,-96.48,28.89,85.12,False,False,False,False,False,False,False,False,False,2026-09-21
0506,0506.HK,CHINA FOODS,中国食品,103.36,"2,000",Equity,Equity Securities (Main Board),3.695,3.67,3.775,3.66,6966000,25.74,3.753,3.803,-1.55,-2.84,-2.51,-2.64,-1.86,4.53,5.2,5.42,4.53,5.2,-16.67,-27.4,-30.35,18.43,28.94,False,False,False,False,False,False,False,False,False,2026-09-21
0508,0508.HK,DINGYI GP INV,鼎亿集团投资,2.6,"5,000",Equity,Equity Securities (Main Board),0.31,0.3,0.31,0.3,520000,0.16,0.314,0.312,-1.27,-0.48,0.0,-3.12,1.64,0.8,0.83,15.0,0.8,0.83,-61.25,-62.65,-97.93,61.25,62.65,False,False,False,False,False,False,False,False,False,2026-09-21
0510,0510.HK,CASH FIN SER GP,时富金融服务集团,1.94,"6,000",Equity,Equity Securities (Main Board),0.45,0.44,0.44,0.44,12000,0.01,0.448,0.454,0.45,-0.99,2.27,0.0,0.0,0.74,1.64,10.2,0.74,1.64,-40.54,-73.17,-95.69,39.19,72.56,False,False,False,False,False,False,False,False,False,2026-09-21
0511,0511.HK,TVB,无线集团,9.92,100,Equity,Equity Securities (Main Board),2.125,2.13,2.17,2.1,1047500,2.23,2.213,2.239,-3.98,-5.09,-0.23,-7.41,-6.8,3.33,4.62,35.2,3.33,4.62,-34.83,-53.03,-93.84,36.19,54.0,False,False,False,False,False,False,False,False,False,2026-09-21
0512,0512.HK,GRAND PHARMA,远大医药,177.48,500,Equity,Equity Securities (Main Board),4.985,4.96,5.055,4.875,9431000,47.01,4.94,4.91,0.91,1.54,2.05,0.0,2.15,8.18,10.2,10.2,8.18,10.2,-38.2,-50.44,-50.44,39.06,51.13,False,False,False,True,False,False,False,False,False,2026-09-21
0513,0513.HK,CONTINENTAL H,恒和集团,1.02,"10,000",Equity,Equity Securities (Main Board),0.15,0.15,0.15,0.15,200000,0.03,0.152,0.146,-1.32,3.09,0.0,-3.23,11.11,0.25,0.34,2.0,0.25,0.34,-40.0,-55.22,-92.5,40.0,55.22,False,False,False,False,False,False,False,False,False,2026-09-21
0517,0517.HK,COSCO SHIP INTL,中远海运国际,98.66,"2,000",Equity,Equity Securities (Main Board),6.73,6.435,6.74,6.42,4765501,32.07,6.419,6.456,4.84,4.24,4.26,6.83,7.51,7.92,7.92,7.92,7.92,7.92,-14.9,-14.9,-14.9,15.03,15.03,True,False,False,True,False,False,False,False,False,2026-09-21
0518,0518.HK,TUNGTEX (HOLD),同得仕（集团）,0.74,"2,000",Equity,Equity Securities (Main Board),0.163,0.171,0.171,0.163,114000,0.02,0.171,0.161,-4.45,1.05,-1.81,-12.37,7.24,0.29,0.3,1.31,0.29,0.3,-41.03,-43.0,-86.95,43.79,45.67,False,False,False,False,False,False,False,False,False,2026-09-21
0519,0519.HK,NOVAUTEK,诺科达科技,4.28,"5,000",Equity,Equity Securities (Main Board),0.14,0.138,0.14,0.138,360000,0.05,0.14,0.14,0.29,0.14,0.0,0.0,0.0,0.23,0.55,1.01,0.23,0.55,-40.43,-74.55,-86.14,40.43,74.55,False,False,True,True,False,False,False,False,False,2026-09-21
0520,0520.HK,XIABUXIABU,呷哺呷哺,2.55,500,Equity,Equity Securities (Main Board),0.235,0.237,0.248,0.23,373500,0.09,0.228,0.236,3.25,-0.47,-0.84,8.8,-1.67,0.82,3.37,26.95,0.82,3.37,-69.76,-92.64,-99.08,71.34,93.03,False,False,False,False,False,False,False,False,False,2026-09-21
0521,0521.HK,CWT INT'L,CWT INT'L,21.77,"10,000",Equity,Equity Securities (Main Board),0.192,0.197,0.197,0.188,5210000,1.0,0.194,0.192,-0.83,0.21,-4.95,-1.03,0.0,0.37,0.37,0.52,0.37,0.37,-46.03,-46.03,-62.12,47.4,47.4,False,False,False,False,False,False,False,False,False,2026-09-21
0522,0522.HK,ASMPT,ASMPT,701.67,100,Equity,Equity Securities (Main Board),167.0,170.0,171.8,164.7,1616818,270.01,162.1,162.2,3.02,2.96,-0.65,3.53,8.23,244.4,244.4,244.4,244.4,244.4,-29.71,-29.71,-29.71,31.67,31.67,False,False,False,False,False,False,False,False,False,2026-09-21
0524,0524.HK,GW TERROIR,长城天下,4.5,"10,000",Equity,Equity Securities (Main Board),1.905,1.905,1.905,1.905,10000,0.02,1.922,1.996,-0.88,-4.56,0.0,0.26,-5.69,3.25,3.25,7.44,3.25,3.25,-41.38,-41.38,-74.4,41.38,41.38,False,False,False,False,False,False,False,False,False,2026-09-21
0525,0525.HK,GUANGSHEN RAIL,广深铁路股份,33.42,"2,000",Equity,Equity Securities (Main Board),2.335,2.3,2.335,2.235,16764000,39.14,2.324,2.367,0.47,-1.35,5.42,-1.48,-1.06,2.6,2.64,5.89,2.6,2.64,-10.19,-11.55,-60.36,10.19,11.55,False,False,False,False,False,False,False,False,False,2026-09-21
0526,0526.HK,LISI GP HOLD,利时集团控股,8.84,"2,000",Equity,Equity Securities (Main Board),0.1,0.105,0.108,0.099,1092000,0.11,0.1,0.102,0.0,-2.34,-3.85,1.01,-2.91,0.17,0.28,1.69,0.17,0.28,-35.33,-61.43,-93.61,40.12,64.29,False,False,True,False,False,False,False,False,False,2026-09-21
0527,0527.HK,RF GREEN EN AI,瑞风绿能智算,19.48,"12,000",Equity,Equity Securities (Main Board),0.8,0.815,0.82,0.8,1684000,1.35,0.808,0.815,-0.99,-1.9,0.0,-2.44,-3.03,0.95,0.95,3.19,0.95,0.95,-13.68,-13.68,-74.27,15.79,15.79,False,False,False,False,False,False,False,False,False,2026-09-21
0528,0528.HK,KINGDOM HOLDING,金达控股,7.4,"2,000",Equity,Equity Securities (Main Board),1.17,1.2,1.2,1.17,22000,0.03,1.175,1.185,-0.43,-1.27,-1.68,-0.43,-0.43,1.31,1.45,1.96,1.31,1.45,-8.4,-17.24,-38.78,10.69,19.31,False,False,False,False,False,False,False,False,False,2026-09-21
0532,0532.HK,WKK INTL (HOLD),WKK INTL (HOLD),2.23,"2,000",Equity,Equity Securities (Main Board),0.305,0.33,0.33,0.305,232000,0.07,0.309,0.325,-1.29,-6.15,0.0,0.0,-4.69,1.12,1.12,1.59,1.12,1.12,-70.54,-70.54,-79.25,72.77,72.77,False,False,False,False,False,False,False,False,False,2026-09-21
0533,0533.HK,GOLDLION HOLD,金利来集团,8.42,"1,000",Equity,Equity Securities (Main Board),0.86,0.87,0.87,0.86,10000,0.01,0.867,0.869,-0.81,-0.98,-1.15,-0.58,-0.58,1.15,1.49,3.52,1.15,1.49,-24.35,-41.61,-75.28,25.22,42.28,False,False,False,False,False,False,False,False,False,2026-09-21
0535,0535.HK,GEMDALE PPT,金地商置,16.12,"2,000",Equity,Equity Securities (Main Board),0.097,0.102,0.102,0.091,5445000,0.53,0.096,0.098,0.83,-1.02,3.19,2.11,-3.0,0.19,0.47,1.56,0.19,0.47,-47.15,-78.3,-93.46,49.74,79.36,False,False,False,False,False,False,False,False,False,2026-09-21
0536,0536.HK,TRADELINK,贸易通,9.35,"2,000",Equity,Equity Securities (Main Board),1.175,1.18,1.18,1.165,47000,0.06,1.167,1.163,0.69,1.03,0.43,0.86,1.73,1.21,1.21,1.66,1.21,1.21,-2.48,-2.48,-28.92,2.89,2.89,False,False,False,False,False,False,False,True,True,2026-09-21
0537,0537.HK,RIGOL,普源精电,5.75,100,Equity,Equity Securities (Main Board),23.18,21.56,23.18,21.4,1071400,24.84,21.228,21.408,9.2,8.28,8.32,12.09,12.96,38.0,38.0,38.0,38.0,38.0,-39.0,-39.0,-39.0,39.0,39.0,False,False,False,True,False,False,False,False,False,2026-09-21
0538,0538.HK,AJISEN (CHINA),味千（中国）,8.9,"1,000",Equity,Equity Securities (Main Board),0.815,0.8,0.82,0.79,1494000,1.22,0.801,0.8,1.75,1.94,2.52,1.87,2.52,1.03,1.17,4.27,1.03,1.17,-20.39,-29.91,-80.8,20.87,30.34,False,False,False,True,False,False,False,False,False,2026-09-21
0540,0540.HK,SPEEDY GLOBAL,迅捷环球控股,1.18,"4,000",Equity,Equity Securities (Main Board),0.196,0.196,0.196,0.196,28000,0.01,0.215,0.218,-8.92,-9.93,-10.91,-10.91,-10.91,0.24,0.32,1.45,0.24,0.32,-17.65,-39.69,-86.48,17.65,39.69,False,False,False,False,False,False,False,False,False,2026-09-21
0542,0542.HK,CN CULTURAL T&A,中国文旅农业,13.47,"4,000",Equity,Equity Securities (Main Board),0.88,0.885,0.885,0.88,152000,0.13,0.882,0.877,-0.23,0.28,0.0,0.0,-1.12,1.89,1.89,2.17,1.89,1.89,-53.17,-53.17,-59.31,53.44,53.44,False,False,False,False,False,False,False,False,False,2026-09-21
0543,0543.HK,PACIFIC ONLINE,太平洋网络,2.69,"1,000",Equity,Equity Securities (Main Board),0.237,0.238,0.238,0.23,195000,0.05,0.233,0.236,1.72,0.38,1.28,3.04,0.42,0.38,0.6,2.26,0.38,0.6,-36.53,-60.33,-89.47,36.8,60.5,False,False,True,True,False,False,False,False,False,2026-09-21
0544,0544.HK,DAIDO GROUP,大同集团,1.11,"5,000",Equity,Equity Securities (Main Board),0.9,0.97,1.1,0.865,152000,0.14,0.904,0.901,-0.44,-0.11,0.0,-0.55,0.0,2.47,3.3,13.9,2.47,3.3,-55.47,-66.67,-92.09,63.56,72.73,False,False,False,False,False,False,False,False,False,2026-09-21
0546,0546.HK,FUFENG GROUP,阜丰集团,111.58,"1,000",Equity,Equity Securities (Main Board),4.455,4.4,4.46,4.365,7010000,31.23,4.448,4.561,0.16,-2.31,1.25,1.71,-2.52,9.49,10.14,10.14,9.49,10.14,-53.0,-56.02,-56.02,53.06,56.07,False,False,False,False,False,False,False,False,False,2026-09-21
0547,0547.HK,DIGITAL DOMAIN,数字王国,16.28,"5,000",Equity,Equity Securities (Main Board),0.204,0.204,0.219,0.204,122000,0.02,0.2,0.206,1.8,-1.02,0.49,4.62,0.0,0.46,0.54,6.8,0.46,0.54,-51.87,-59.44,-96.78,55.16,62.22,True,False,False,False,False,False,False,False,False,2026-09-21
0548,0548.HK,SHENZHENEXPRESS,深圳高速公路股份,49.82,"2,000",Equity,Equity Securities (Main Board),6.665,6.43,6.685,6.42,496000,3.31,6.654,6.71,0.17,-0.67,3.82,-1.91,-1.33,8.12,8.12,11.76,8.12,8.12,-17.67,-17.67,-43.15,17.92,17.92,False,False,False,False,False,False,False,False,False,2026-09-21
0550,0550.HK,ALLEGRO CULTURE,律齐文化,2.28,"2,000",Equity,Equity Securities (Main Board),0.5,0.525,0.57,0.445,7984000,3.99,0.636,0.78,-21.38,-35.9,-4.76,-34.64,-45.05,1.75,1.75,5.02,1.75,1.75,-67.43,-67.43,-88.65,71.43,71.43,False,False,False,False,False,False,False,False,False,2026-09-21
0551,0551.HK,YUE YUEN IND,裕元集团,198.97,500,Equity,Equity Securities (Main Board),12.4,12.4,12.44,12.02,4658243,57.76,12.58,12.95,-1.43,-4.25,2.39,-3.28,-3.73,19.1,19.1,38.4,19.1,19.1,-34.87,-34.87,-67.6,35.08,35.08,False,False,False,False,False,False,False,False,False,2026-09-21
0552,0552.HK,CHINACOMSERVICE,中国通信服务,98.53,"2,000",Equity,Equity Securities (Main Board),4.12,4.115,4.185,4.08,13723973,56.54,4.109,4.055,0.27,1.62,-1.2,1.23,4.17,4.85,6.15,8.5,4.85,6.15,-13.71,-31.95,-50.76,15.05,33.01,False,False,False,False,False,False,False,False,False,2026-09-21
0553,0553.HK,NANJING PANDA,南京熊猫电子股份,7.55,"2,000",Equity,Equity Securities (Main Board),3.12,3.145,3.165,3.095,2542000,7.93,3.048,3.117,2.36,0.1,2.3,2.97,0.0,7.22,7.22,9.15,7.22,7.22,-56.16,-56.16,-65.41,56.79,56.79,False,False,False,True,False,False,False,False,False,2026-09-21
0556,0556.HK,PAN ASIA ENVIRO,泛亚环保,3.87,"2,000",Equity,Equity Securities (Main Board),0.385,0.405,0.405,0.38,4068000,1.57,0.403,0.401,-4.47,-4.11,-4.94,-6.1,1.32,0.99,0.99,2.16,0.99,0.99,-59.09,-59.09,-81.25,61.11,61.11,False,False,False,False,False,False,False,False,False,2026-09-21
0558,0558.HK,LK TECH,力劲科技,16.99,"2,500",Equity,Equity Securities (Main Board),1.25,1.215,1.255,1.21,1971540,2.46,1.25,1.29,0.0,-3.1,2.88,-1.57,-3.1,3.81,8.04,26.18,3.81,8.04,-67.06,-84.39,-95.21,67.19,84.45,False,False,False,False,False,False,False,False,False,2026-09-21
0560,0560.HK,CHU KONG SHIP,珠江船务,6.56,"2,000",Equity,Equity Securities (Main Board),0.585,0.595,0.595,0.57,622000,0.36,0.595,0.596,-1.68,-1.85,-0.85,-2.5,-1.68,0.78,0.87,2.5,0.78,0.87,-23.72,-31.61,-76.2,25.0,32.76,False,False,False,False,False,False,False,False,False,2026-09-21
0563,0563.HK,SH IND URBAN,上实城市开发,10.95,"2,000",Equity,Equity Securities (Main Board),0.229,0.229,0.234,0.227,234000,0.05,0.228,0.231,0.26,-0.78,-2.55,2.69,-2.55,0.34,0.53,2.28,0.34,0.53,-30.15,-55.85,-89.74,31.64,56.79,False,False,True,False,False,False,False,False,False,2026-09-21
0564,0564.HK,ZCZL,中创智领,28.56,200,Equity,Equity Securities (Main Board),11.75,11.83,11.86,11.71,609000,7.16,11.802,12.187,-0.44,-3.59,-0.25,-0.25,-1.26,23.88,26.0,26.0,23.88,26.0,-50.34,-54.38,-54.38,50.8,54.81,False,False,False,False,False,False,False,False,False,2026-09-21
0565,0565.HK,ART GROUP HOLD,锦艺集团控股,115.22,"5,000",Equity,Equity Securities (Main Board),4.285,4.2,4.33,4.18,8455998,36.23,4.294,4.308,-0.21,-0.55,1.9,-1.27,-0.23,4.47,4.47,4.47,4.47,4.47,-3.13,-3.13,-3.13,4.14,4.14,False,False,False,False,False,False,False,True,True,2026-09-21
0567,0567.HK,JSMART TECH,金安智能,5.0,"20,000",Equity,Equity Securities (Main Board),0.32,0.3,0.35,0.29,3080000,0.99,0.29,0.292,10.34,9.59,10.34,16.36,10.34,0.56,0.56,0.62,0.56,0.56,-37.5,-37.5,-43.82,42.86,42.86,False,False,False,True,False,False,False,False,False,2026-09-21
0568,0568.HK,SHANDONG MOLONG,山东墨龙,12.48,400,Equity,Equity Securities (Main Board),4.43,4.385,4.485,4.335,16484400,73.03,4.513,4.725,-1.84,-6.23,-0.67,-3.59,-8.28,16.33,16.33,16.33,16.33,16.33,-72.54,-72.54,-72.54,72.87,72.87,False,False,False,False,False,False,False,False,False,2026-09-21
0570,0570.HK,TRAD CHI MED,中国中药,64.96,"2,000",Equity,Equity Securities (Main Board),1.29,1.23,1.295,1.23,38569642,49.75,1.262,1.278,2.22,0.94,5.74,1.57,2.38,2.24,4.46,7.57,2.24,4.46,-42.19,-70.96,-82.89,42.41,71.08,False,False,False,True,False,False,False,False,False,2026-09-21
0571,0571.HK,ESUN HOLDINGS,丰德丽控股,0.79,"2,000",Equity,Equity Securities (Main Board),0.045,0.046,0.048,0.042,1032000,0.05,0.044,0.044,2.74,2.51,0.0,4.65,2.27,0.06,0.41,1.58,0.06,0.41,-23.81,-88.15,-96.96,28.57,88.89,False,False,True,True,False,False,False,False,False,2026-09-21
0572,0572.HK,FW HOLDINGS,未来世界控股,1.15,"4,000",Equity,Equity Securities (Main Board),0.38,0.38,0.38,0.38,54850,0.02,0.38,0.375,0.0,1.2,0.0,0.0,1.33,0.53,1.26,294.34,0.53,1.26,-28.3,-69.84,-99.87,28.3,69.84,False,False,False,False,False,False,False,False,False,2026-09-21
0573,0573.HK,TAO HEUNG HLDGS,稻香控股,2.74,"1,000",Equity,Equity Securities (Main Board),0.27,0.275,0.275,0.27,22000,0.01,0.274,0.271,-1.46,-0.37,-1.82,-1.82,0.0,0.4,0.87,2.54,0.4,0.87,-31.25,-68.39,-89.17,32.5,68.97,False,False,False,False,False,False,False,False,False,2026-09-21
0575,0575.HK,REGENT PACIFIC,励晶太平洋,2.51,"10,000",Equity,Equity Securities (Main Board),0.86,0.83,0.86,0.83,130000,0.11,0.854,0.84,0.7,2.38,-3.91,5.52,6.83,1.22,1.24,15.8,1.22,1.24,-29.51,-30.65,-94.56,29.51,30.65,False,False,False,True,False,False,False,False,False,2026-09-21
0576,0576.HK,ZHEJIANGEXPRESS,浙江沪杭甬,122.72,"2,000",Equity,Equity Securities (Main Board),6.065,6.065,6.12,6.035,8776038,53.23,6.034,6.056,0.51,0.15,0.0,0.17,0.75,8.16,8.16,9.75,8.16,8.16,-25.0,-25.0,-37.2,25.67,25.67,False,False,False,True,False,False,False,False,False,2026-09-21
0579,0579.HK,JNCEC,京能清洁能源,45.98,"2,000",Equity,Equity Securities (Main Board),1.63,1.61,1.63,1.6,1930000,3.15,1.62,1.631,0.62,-0.06,1.24,0.31,0.31,2.53,2.62,2.93,2.53,2.62,-35.57,-37.79,-44.37,35.57,37.79,False,False,False,False,False,False,False,False,False,2026-09-21
0580,0580.HK,SUN.KING TECH,赛晶科技,20.18,"2,000",Equity,Equity Securities (Main Board),1.26,1.2,1.28,1.2,2844000,3.58,1.224,1.233,2.94,2.19,3.28,3.28,2.44,3.12,3.12,5.6,3.12,3.12,-58.97,-58.97,-77.14,59.62,59.62,False,False,False,True,False,False,False,False,False,2026-09-21
0581,0581.HK,CHINA ORIENTAL,中国东方集团,40.39,"2,000",Equity,Equity Securities (Main Board),1.085,0.97,1.085,0.97,6106000,6.63,1.034,1.072,4.93,1.26,12.44,5.34,-0.91,1.63,2.17,7.15,1.63,2.17,-33.44,-50.0,-84.83,33.44,50.0,False,False,False,True,False,False,False,False,False,2026-09-21
0582,0582.HK,SHIN HWA WORLD,神话世界,2.04,"6,000",Equity,Equity Securities (Main Board),0.056,0.053,0.056,0.053,156000,0.01,0.059,0.063,-5.08,-10.69,3.7,-15.15,-12.5,0.16,0.66,168.43,0.16,0.66,-63.87,-91.48,-99.97,63.87,91.48,False,False,False,False,False,False,False,False,False,2026-09-21
0585,0585.HK,IMAGI INT'L,意力国际,37.14,500,Equity,Equity Securities (Main Board),4.475,4.795,4.795,4.4,206700,0.92,4.49,4.487,-0.33,-0.28,-6.58,1.24,1.47,8.44,8.44,8.44,8.44,8.44,-43.19,-43.19,-43.19,46.98,46.98,False,False,False,False,False,False,False,False,False,2026-09-21
0586,0586.HK,CONCH VENTURE,海螺创业,135.39,500,Equity,Equity Securities (Main Board),7.545,7.45,7.58,7.41,3771928,28.46,7.462,7.592,1.11,-0.63,1.55,1.28,-1.05,14.2,14.2,35.0,14.2,14.2,-46.62,-46.62,-78.34,46.87,46.87,False,False,False,False,False,False,False,False,False,2026-09-21
0587,0587.HK,CONCH ENVIRO,海螺环保,4.66,500,Equity,Equity Securities (Main Board),0.255,0.25,0.265,0.243,538000,0.14,0.259,0.269,-1.39,-5.13,4.94,-1.92,-5.56,0.58,2.07,15.1,0.58,2.07,-54.31,-87.2,-98.25,56.03,87.68,False,False,False,False,False,False,False,False,False,2026-09-21
0588,0588.HK,BEIJING N STAR,北京北辰实业股份,4.84,"2,000",Equity,Equity Securities (Main Board),0.685,0.675,0.7,0.67,9674000,6.63,0.671,0.683,2.09,0.37,2.24,2.24,1.48,1.01,1.29,3.41,1.01,1.29,-30.69,-45.74,-79.47,32.18,46.9,False,False,True,True,False,False,False,False,False,2026-09-21
0590,0590.HK,LUK FOOK HOLD,六福集团,125.29,"1,000",Equity,Equity Securities (Main Board),21.34,21.16,21.5,21.06,865153,18.46,21.124,21.374,1.02,-0.16,1.33,1.14,0.0,34.5,34.5,37.68,34.5,34.5,-37.68,-37.68,-42.94,38.14,38.14,False,False,False,False,False,False,False,False,False,2026-09-21
0591,0591.HK,C HIGHPRECISION,中国高精密,2.59,"1,000",Equity,Equity Securities (Main Board),0.25,0.255,0.265,0.25,1210000,0.3,0.254,0.254,-1.57,-1.77,-1.96,-1.96,-1.96,0.4,0.51,1.22,0.4,0.51,-32.91,-48.04,-78.28,36.71,50.98,False,False,False,False,False,False,False,False,False,2026-09-21
0595,0595.HK,AV CONCEPT HOLD,AV CONCEPT HOLD,10.74,"2,000",Equity,Equity Securities (Main Board),1.255,1.245,1.265,1.245,192000,0.24,1.249,1.263,0.48,-0.63,0.4,0.0,-0.79,2.0,2.0,2.0,2.0,2.0,-36.75,-36.75,-36.75,37.25,37.25,False,False,False,False,False,False,False,False,False,2026-09-21
0596,0596.HK,INSPUR DIGI ENT,浪潮数字企业,23.0,"2,000",Equity,Equity Securities (Main Board),1.89,1.905,1.99,1.89,2010000,3.8,1.881,1.979,0.48,-4.5,0.0,3.56,-5.74,7.2,11.13,11.13,7.2,11.13,-72.36,-82.12,-82.12,73.75,83.02,False,False,False,False,False,False,False,False,False,2026-09-21
0598,0598.HK,SINOTRANS,中国外运,92.45,"1,000",Equity,Equity Securities (Main Board),4.585,4.645,4.645,4.57,4209077,19.3,4.626,4.638,-0.89,-1.15,-0.11,-1.61,-0.86,5.48,5.51,5.51,5.48,5.51,-15.24,-15.7,-15.7,16.33,16.79,False,False,False,False,False,False,False,False,False,2026-09-21
0599,0599.HK,E. BON HOLDINGS,怡邦行控股,0.92,"16,000",Equity,Equity Securities (Main Board),0.128,0.124,0.128,0.124,400000,0.05,0.121,0.12,5.79,6.67,6.67,7.56,11.3,0.19,0.2,1.14,0.19,0.2,-30.81,-35.68,-88.77,30.81,35.68,False,False,False,False,False,False,False,False,False,2026-09-21
0600,0600.HK,AXERA,爱芯元智,130.27,100,Equity,Equity Securities (Main Board),22.12,22.88,23.48,21.12,2556500,56.55,20.018,18.505,10.5,19.54,-0.98,15.63,29.36,36.9,36.9,36.9,36.9,36.9,-36.37,-36.37,-36.37,40.05,40.05,False,False,False,False,False,False,False,False,False,2026-09-21
0601,0601.HK,REMT,稀镁科技,0.41,"10,000",Equity,Equity Securities (Main Board),0.059,0.059,0.059,0.059,50000,0.0,0.063,0.064,-6.35,-7.09,-7.81,-7.81,-7.81,0.06,0.35,7.94,0.06,0.35,-7.81,-83.14,-99.26,7.81,83.14,False,False,False,False,False,False,False,True,False,2026-09-21
0602,0602.HK,JIAHUA STORES H,佳华百货控股,0.51,"2,500",Equity,Equity Securities (Main Board),0.049,0.051,0.055,0.049,65000,0.0,0.045,0.047,8.41,5.15,6.52,19.51,2.08,0.07,0.12,0.57,0.07,0.12,-19.12,-52.17,-90.35,27.94,57.39,True,False,False,False,False,False,False,False,False,2026-09-21
0603,0603.HK,CHINA OIL & GAS,中油燃气,6.99,"20,000",Equity,Equity Securities (Main Board),0.124,0.125,0.13,0.123,1400000,0.17,0.122,0.122,1.81,1.64,-0.8,2.48,1.64,0.51,0.51,0.85,0.51,0.51,-74.51,-74.51,-84.71,75.69,75.69,False,False,False,False,False,False,False,False,False,2026-09-21
0604,0604.HK,SHENZHEN INVEST,深圳控股,55.62,"2,000",Equity,Equity Securities (Main Board),0.625,0.6,0.63,0.6,6704355,4.19,0.613,0.625,1.96,0.0,4.17,1.63,0.0,0.93,1.33,3.98,0.93,1.33,-32.26,-52.63,-84.17,32.8,53.01,False,False,False,True,False,False,False,False,False,2026-09-21
0605,0605.HK,C FIN SERVICES,中国金融投资管理,1.56,"2,000",Equity,Equity Securities (Main Board),0.745,0.71,0.77,0.71,22000,0.02,0.743,0.778,0.27,-4.18,3.47,-2.61,-6.88,1.16,20.0,20.0,1.16,20.0,-33.62,-96.15,-96.15,35.78,96.27,False,False,False,False,False,False,False,False,False,2026-09-21
0607,0607.HK,FULLSHARE,丰盛控股,1.74,"4,000",Equity,Equity Securities (Main Board),0.245,0.247,0.248,0.241,310200,0.08,0.249,0.27,-1.76,-9.33,-1.21,-2.0,-5.77,1.95,1.95,247.5,1.95,1.95,-87.28,-87.28,-99.9,87.44,87.44,False,False,False,False,False,False,False,False,False,2026-09-21
0608,0608.HK,HIGH FASHION,达利国际,3.42,"2,000",Equity,Equity Securities (Main Board),1.12,1.12,1.12,1.12,2000,0.0,1.053,1.064,6.36,5.31,2.28,9.8,2.28,1.74,1.84,2.46,1.74,1.84,-35.63,-39.13,-54.47,35.63,39.13,False,False,False,False,False,False,False,False,False,2026-09-21
0610,0610.HK,WAI KEE HOLD,WAI KEE HOLD,7.3,"2,000",Equity,Equity Securities (Main Board),0.92,0.91,0.92,0.91,138000,0.13,0.92,0.922,0.0,-0.22,0.0,0.0,-0.54,0.98,1.3,5.78,0.98,1.3,-6.12,-29.23,-84.08,6.12,29.23,False,False,False,False,False,False,False,True,False,2026-09-21
0611,0611.HK,CNE TECH CORP,中国核能科技,8.06,"2,000",Equity,Equity Securities (Main Board),0.43,0.43,0.435,0.425,272000,0.12,0.435,0.437,-1.15,-1.49,-3.37,-1.15,-1.15,0.55,0.71,1.93,0.55,0.71,-20.91,-38.73,-77.46,21.82,39.44,False,False,False,False,False,False,False,False,False,2026-09-21
0613,0613.HK,PLANETREE INT'L,梧桐国际,60.18,"2,000",Equity,Equity Securities (Main Board),5.23,5.185,5.335,5.18,223000,1.17,5.176,4.952,1.04,5.62,1.06,0.97,5.98,6.36,6.36,6.36,6.36,6.36,-16.18,-16.18,-16.18,17.83,17.83,False,False,False,False,False,False,False,False,False,2026-09-21
0616,0616.HK,ASSET CHAIN,财富链,1.94,"5,000",Equity,Equity Securities (Main Board),0.104,0.1,0.108,0.095,9085000,0.94,0.107,0.116,-2.62,-10.34,2.97,-7.96,-14.05,0.4,0.5,194.1,0.4,0.5,-72.66,-78.4,-99.94,73.67,79.2,False,False,False,False,False,False,False,False,False,2026-09-21
0617,0617.HK,PALIBURG HOLD,百利保控股,2.16,"2,000",Equity,Equity Securities (Main Board),0.194,0.191,0.194,0.191,6000,0.0,0.195,0.195,-0.41,-0.41,0.52,-1.02,0.52,0.25,1.08,3.69,0.25,1.08,-23.92,-82.04,-94.74,23.92,82.04,False,False,False,False,False,False,False,False,False,2026-09-21
0618,0618.HK,PKU RESOURCES,北大资源,8.21,"8,000",Equity,Equity Securities (Main Board),0.3,0.3,0.3,0.3,152000,0.05,0.302,0.308,-0.66,-2.44,0.0,0.0,-4.76,0.5,0.52,2.8,0.5,0.52,-40.0,-42.31,-89.29,40.0,42.31,False,False,False,False,False,False,False,False,False,2026-09-21
0620,0620.HK,DTXS SILK ROAD,大唐西市,2.16,"2,000",Equity,Equity Securities (Main Board),0.27,0.255,0.27,0.255,70000,0.02,0.268,0.259,0.75,4.37,3.85,0.0,0.0,0.73,1.68,6.98,0.73,1.68,-63.01,-83.93,-96.13,63.01,83.93,False,False,False,True,False,False,False,False,False,2026-09-21
0621,0621.HK,TAUNG GOLD,坛金矿业,8.89,"5,000",Equity,Equity Securities (Main Board),0.49,0.495,0.495,0.485,1110000,0.54,0.468,0.491,4.7,-0.2,-2.0,6.52,2.08,0.76,0.9,1.35,0.76,0.9,-34.87,-45.0,-63.33,35.53,45.56,False,False,False,False,False,False,False,False,False,2026-09-21
0622,0622.HK,OSHIDORI,威华达控股,216.98,"3,000",Equity,Equity Securities (Main Board),3.135,3.04,3.18,2.91,25759800,80.76,3.063,2.949,2.35,6.31,4.15,2.96,2.96,3.23,3.23,3.23,3.23,3.23,-1.55,-1.55,-1.55,2.94,2.94,False,False,False,True,False,False,False,True,True,2026-09-21
0623,0623.HK,GOLDENBRIDGE GP,金桥集团控股,8.8,"1,000",Equity,Equity Securities (Main Board),1.93,1.99,1.99,1.93,4000,0.01,2.004,2.071,-3.69,-6.81,1.05,-8.75,-9.39,2.3,3.17,3.17,2.3,3.17,-13.48,-37.22,-37.22,16.09,39.12,False,False,False,False,False,False,False,False,False,2026-09-21
0625,0625.HK,SHEIN-W,希音－Ｗ,1054.07,100,Equity,Equity Securities (Main Board),37.24,37.84,38.6,36.94,1715302,63.88,38.244,39.052,-2.63,-4.64,-1.38,-4.12,2.31,48.56,48.56,48.56,48.56,48.56,-20.51,-20.51,-20.51,23.31,23.31,False,False,False,False,False,False,False,False,False,2026-09-21
0626,0626.HK,PUBLIC FIN HOLD,大众金融控股,24.37,"2,000",Equity,Equity Securities (Main Board),2.22,2.22,2.22,2.21,1128000,2.5,2.221,2.148,-0.05,3.35,0.0,-0.22,0.23,2.32,2.32,3.81,2.32,2.32,-4.31,-4.31,-41.73,4.31,4.31,False,False,False,False,False,False,False,True,True,2026-09-21
0627,0627.HK,VISION SYNERGY,共生智筑,6.82,"20,000",Equity,Equity Securities (Main Board),0.48,0.54,0.54,0.475,40000,0.02,0.486,0.497,-1.23,-3.32,-11.93,7.87,1.05,0.83,1.97,187.0,0.83,1.97,-34.94,-72.59,-99.71,42.17,75.63,False,False,False,False,False,False,False,False,False,2026-09-21
0628,0628.HK,TONGTONG AI SOC,通通ＡＩ社交,13.78,"2,000",Equity,Equity Securities (Main Board),0.265,0.27,0.285,0.265,6282000,1.66,0.258,0.274,2.71,-3.25,0.0,6.0,8.61,0.6,0.6,1.48,0.6,0.6,-52.5,-52.5,-80.74,55.83,55.83,False,False,False,False,False,False,False,False,False,2026-09-21
0629,0629.HK,YUE DA INTL,悦达国际控股,3.16,"1,000",Equity,Equity Securities (Main Board),0.27,0.27,0.27,0.27,80000,0.02,0.268,0.267,0.82,0.97,-1.82,8.43,0.0,0.35,0.37,0.95,0.35,0.37,-22.86,-27.03,-71.58,22.86,27.03,False,False,False,False,False,False,False,False,False,2026-09-21
0630,0630.HK,AMCO UNITED,隽泰控股,2.2,"10,000",Equity,Equity Securities (Main Board),0.26,0.28,0.285,0.18,491264,0.13,0.206,0.186,26.09,40.16,30.65,32.65,30.0,0.31,0.43,4.5,0.31,0.43,-8.06,-32.94,-93.67,16.13,38.82,False,False,True,True,False,False,False,False,False,2026-09-21
0631,0631.HK,SANY INT'L,三一国际,284.89,"1,000",Equity,Equity Securities (Main Board),8.655,8.67,8.765,8.47,3567390,30.88,8.92,9.38,-2.97,-7.73,-0.17,-6.84,-11.41,16.24,16.24,16.24,16.24,16.24,-46.03,-46.03,-46.03,46.71,46.71,False,False,False,False,False,False,False,False,False,2026-09-21
0632,0632.HK,CHK OIL,中港石油,1.76,"2,000",Equity,Equity Securities (Main Board),0.184,0.185,0.189,0.18,1454000,0.27,0.183,0.185,0.55,-0.65,0.0,0.0,1.66,1.12,1.12,7.25,1.12,1.12,-83.13,-83.13,-97.39,83.57,83.57,False,False,True,False,False,False,False,False,False,2026-09-21
0636,0636.HK,KLN,KLN,107.0,500,Equity,Equity Securities (Main Board),5.92,5.88,5.945,5.88,929240,5.5,5.911,5.947,0.15,-0.45,0.85,-0.59,-0.59,7.45,9.79,27.15,7.45,9.79,-20.2,-39.27,-78.1,20.54,39.53,False,False,False,False,False,False,False,False,False,2026-09-21
0637,0637.HK,LEE KEE,利记,1.46,"2,000",Equity,Equity Securities (Main Board),0.176,0.176,0.176,0.169,12000,0.0,0.176,0.175,0.23,0.34,0.0,-0.56,-0.56,0.31,0.31,0.84,0.31,0.31,-44.13,-44.13,-79.05,44.13,44.13,False,False,True,True,False,False,False,False,False,2026-09-21
0639,0639.HK,SHOUGANG RES,首钢资源,142.04,"2,000",Equity,Equity Securities (Main Board),2.79,2.78,2.8,2.725,13880690,38.73,2.859,2.947,-2.41,-5.34,0.18,-4.62,-4.94,3.5,3.64,3.86,3.5,3.64,-20.0,-23.08,-27.46,20.29,23.35,False,False,False,False,False,False,False,False,False,2026-09-21
0643,0643.HK,CARRY WEALTH,恒富控股,1.61,"10,000",Equity,Equity Securities (Main Board),0.179,0.168,0.179,0.167,580000,0.1,0.174,0.176,2.87,1.59,6.55,1.7,0.0,0.34,0.97,1.4,0.34,0.97,-48.12,-81.55,-87.21,48.12,81.55,False,False,False,True,False,False,False,False,False,2026-09-21
0646,0646.HK,CHINA ENV TEC,中国环保科技,0.77,"8,000",Equity,Equity Securities (Main Board),0.225,0.26,0.26,0.225,664000,0.15,0.257,0.279,-12.45,-19.35,-13.46,-13.46,-21.05,0.4,0.45,6.2,0.4,0.45,-34.18,-42.22,-95.81,43.04,50.0,False,False,False,False,False,False,False,False,False,2026-09-21
0648,0648.HK,SOFTMEDX,京玖康疗,0.57,"1,000",Equity,Equity Securities (Main Board),0.525,0.5,0.55,0.5,174005,0.09,0.515,0.528,1.94,-0.57,3.96,1.94,-1.87,23.0,23.0,29.6,23.0,23.0,-97.61,-97.61,-98.14,97.72,97.72,False,False,False,False,False,False,False,False,False,2026-09-21
0650,0650.HK,PRODUCTIVE TECH,普达特科技,14.61,"2,000",Equity,Equity Securities (Main Board),0.197,0.206,0.206,0.196,654000,0.13,0.193,0.191,2.07,3.09,-0.51,3.68,3.68,0.9,0.9,3.11,0.9,0.9,-77.11,-77.11,-93.38,78.11,78.11,False,False,False,False,False,False,False,False,False,2026-09-21
0655,0655.HK,HK CHINESE LTD,香港华人有限公司,8.39,"2,000",Equity,Equity Securities (Main Board),0.42,0.42,0.43,0.42,1560000,0.66,0.418,0.42,0.48,-0.12,1.2,-2.33,0.0,0.53,0.53,1.6,0.53,0.53,-18.87,-18.87,-73.12,20.75,20.75,False,False,False,False,False,False,False,False,False,2026-09-21
0656,0656.HK,FOSUN INTL,复星国际,415.69,500,Equity,Equity Securities (Main Board),5.115,5.025,5.12,5.025,4759664,24.35,5.022,5.06,1.85,1.09,1.39,2.92,0.79,5.66,6.81,20.2,5.66,6.81,-9.62,-24.82,-74.65,9.71,24.89,True,False,False,True,False,False,False,True,False,2026-09-21
0657,0657.HK,G-VISION INT'L,环科国际,0.76,"2,000",Equity,Equity Securities (Main Board),0.039,0.039,0.039,0.039,600000,0.02,0.039,0.037,0.0,5.41,-2.5,2.63,2.63,0.05,0.06,0.38,0.05,0.06,-29.09,-32.76,-89.87,29.09,32.76,False,False,False,False,False,False,False,False,False,2026-09-21
0658,0658.HK,C TRANSMISSION,中国高速传动,17.33,"1,000",Equity,Equity Securities (Main Board),1.06,1.055,1.06,1.055,14000,0.01,1.067,1.052,-0.66,0.71,0.95,-0.47,3.92,2.56,2.56,13.82,2.56,2.56,-58.59,-58.59,-92.33,58.59,58.59,False,False,False,False,False,False,False,False,False,2026-09-21
0659,0659.HK,CTF SERVICES,周大福创建,360.96,"1,000",Equity,Equity Securities (Main Board),7.905,7.85,7.93,7.85,561917,4.44,7.824,7.878,1.04,0.34,0.7,0.96,1.22,9.57,9.57,19.91,9.57,9.57,-17.14,-17.14,-60.17,17.4,17.4,False,False,False,True,False,False,False,False,False,2026-09-21
0660,0660.HK,WAI CHUN BIOTEC,玮俊生物科技,1.69,"20,000",Equity,Equity Securities (Main Board),0.44,0.43,0.44,0.43,220000,0.1,0.44,0.438,0.0,0.34,0.0,0.0,0.0,2.33,2.33,11.9,2.33,2.33,-81.12,-81.12,-96.3,81.12,81.12,False,False,False,False,False,False,False,False,False,2026-09-21
0661,0661.HK,CDAYENONFER,中国大冶有色金属,25.05,"2,000",Equity,Equity Securities (Main Board),0.14,0.135,0.14,0.134,10664000,1.49,0.136,0.148,2.79,-5.6,3.7,2.19,-3.45,0.24,0.24,0.24,0.24,0.24,-41.42,-41.42,-41.42,41.42,41.42,False,False,False,False,False,False,False,False,False,2026-09-21
0664,0664.HK,TONGSHIFU,铜师傅,8.06,100,Equity,Equity Securities (Main Board),12.95,12.48,12.95,12.48,600,0.01,12.482,12.488,3.75,3.7,3.77,7.02,3.52,42.0,42.0,42.0,42.0,42.0,-69.17,-69.17,-69.17,69.17,69.17,False,False,False,True,False,False,False,False,False,2026-09-21
0666,0666.HK,REPT BATTERO,瑞浦兰钧,86.2,200,Equity,Equity Securities (Main Board),9.205,9.18,9.255,9.055,4363325,40.16,9.118,9.338,0.95,-1.42,0.71,1.15,-0.27,18.87,24.4,24.4,18.87,24.4,-50.95,-62.07,-62.07,51.22,62.27,False,False,True,False,False,False,False,False,False,2026-09-21
0667,0667.HK,CHINA EAST EDU,中国东方教育,86.74,500,Equity,Equity Securities (Main Board),3.91,3.865,3.945,3.81,2854500,11.16,3.889,3.937,0.54,-0.7,0.64,1.16,-0.76,7.0,9.15,20.85,7.0,9.15,-43.64,-56.89,-81.08,44.14,57.27,False,False,False,False,False,False,False,False,False,2026-09-21
0669,0669.HK,TECHTRONIC IND,创科实业,2358.78,500,Equity,Equity Securities (Main Board),129.0,128.4,129.4,127.7,2186635,282.08,129.02,129.04,-0.02,-0.03,0.47,-0.46,2.06,150.0,150.0,180.0,150.0,150.0,-13.73,-13.73,-28.11,14.0,14.0,False,False,False,False,False,False,False,False,False,2026-09-21
0670,0670.HK,CHINA EAST AIR,中国东方航空股份,132.64,"2,000",Equity,Equity Securities (Main Board),2.62,2.61,2.67,2.6,7546134,19.77,2.569,2.626,1.99,-0.23,0.96,2.34,1.75,6.4,6.4,7.43,6.4,6.4,-58.28,-58.28,-64.06,59.06,59.06,False,False,False,False,False,False,False,False,False,2026-09-21
0672,0672.HK,ZHONGAN GROUP,众安集团,4.11,"1,000",Equity,Equity Securities (Main Board),0.073,0.071,0.073,0.07,3649800,0.27,0.074,0.076,-1.35,-3.57,0.0,-1.35,-8.75,0.13,0.21,1.4,0.13,0.21,-45.52,-65.07,-94.79,45.52,65.07,False,False,False,False,False,False,False,False,False,2026-09-21
0675,0675.HK,K & P INT'L,坚宝国际,0.93,"2,000",Equity,Equity Securities (Main Board),0.35,0.35,0.35,0.345,104000,0.04,0.352,0.354,-0.57,-1.27,0.0,-1.41,-1.41,0.43,0.52,1.49,0.43,0.52,-18.6,-32.69,-76.51,18.6,32.69,False,False,False,False,False,False,False,False,False,2026-09-21
0677,0677.HK,GOLDEN RES DEV,金源发展国际实业,6.28,"2,000",Equity,Equity Securities (Main Board),0.37,0.37,0.375,0.365,718000,0.27,0.37,0.376,0.0,-1.46,0.0,0.0,1.37,0.41,0.68,1.65,0.41,0.68,-9.64,-44.85,-77.27,10.84,45.59,False,False,True,False,False,False,False,False,False,2026-09-21
0679,0679.HK,ASIA TELE-NET,亚洲联网科技,19.96,"5,000",Equity,Equity Securities (Main Board),5.27,5.005,5.3,5.005,925000,4.87,4.915,5.187,7.22,1.6,6.57,5.51,7.55,21.2,21.2,21.2,21.2,21.2,-75.0,-75.0,-75.0,75.14,75.14,False,False,False,True,False,False,False,False,False,2026-09-21
0681,0681.HK,CHI PEOPLE HOLD,中民控股,2.59,"2,000",Equity,Equity Securities (Main Board),0.029,0.029,0.029,0.028,2884464,0.08,0.029,0.03,-1.36,-3.01,0.0,-3.33,-3.33,0.05,0.05,0.15,0.05,0.05,-45.28,-45.28,-80.14,45.28,45.28,False,False,False,False,False,False,False,False,False,2026-09-21
0683,0683.HK,KERRY PPT,嘉里建设,255.72,500,Equity,Equity Securities (Main Board),17.62,17.29,17.74,17.29,463909,8.17,17.462,17.843,0.9,-1.25,0.51,0.51,1.21,26.1,26.1,44.9,26.1,26.1,-32.03,-32.03,-60.49,32.49,32.49,False,False,True,False,False,False,False,False,False,2026-09-21
0684,0684.HK,ALLAN INT'L,亚伦国际,1.33,"2,000",Equity,Equity Securities (Main Board),0.4,0.405,0.41,0.4,166000,0.07,0.416,0.424,-3.85,-5.77,-1.23,-10.11,-10.11,0.61,1.24,2.5,0.61,1.24,-32.79,-66.94,-83.6,34.43,67.74,False,False,False,False,False,False,False,False,False,2026-09-21
0686,0686.HK,BJ ENERGY INTL,北京能源国际,13.19,"2,000",Equity,Equity Securities (Main Board),0.6,0.6,0.61,0.595,154000,0.09,0.628,0.648,-4.46,-7.34,1.69,-11.11,-9.09,1.36,2.48,13.6,1.36,2.48,-55.15,-75.4,-95.51,55.88,75.81,False,False,False,False,False,False,False,False,False,2026-09-21
0687,0687.HK,TYSAN HOLDINGS,泰升集团,11.78,"2,000",Equity,Equity Securities (Main Board),0.35,0.355,0.355,0.355,20000,0.01,0.348,0.344,0.57,1.89,0.0,0.0,0.0,0.36,0.42,8.48,0.36,0.42,-1.39,-15.48,-95.81,2.78,16.67,False,False,False,False,False,False,False,True,False,2026-09-21
0688,0688.HK,CHINA OVERSEAS,中国海外发展,1356.07,500,Equity,Equity Securities (Main Board),12.39,12.2,12.48,11.86,30294171,375.34,12.15,12.429,1.98,-0.31,1.56,2.57,0.65,16.7,18.58,32.2,16.7,18.58,-25.27,-32.83,-61.24,25.81,33.32,False,False,True,False,False,False,False,False,False,2026-09-21
0689,0689.HK,EPI (HOLDINGS),长盈集团（控股）,2.77,"15,000",Equity,Equity Securities (Main Board),0.149,0.149,0.15,0.149,1155020,0.17,0.146,0.144,1.78,3.4,0.0,1.36,4.2,0.36,0.39,10.6,0.36,0.39,-58.33,-61.54,-98.58,58.61,61.79,False,False,False,False,False,False,False,False,False,2026-09-21
0690,0690.HK,UNI-BIO GROUP,联康生物科技集团,4.36,"20,000",Equity,Equity Securities (Main Board),0.073,0.07,0.073,0.069,8228332,0.6,0.073,0.072,0.0,1.25,0.0,0.0,-2.67,0.13,0.17,0.23,0.13,0.17,-42.52,-56.55,-68.26,42.52,56.55,False,False,False,False,False,False,False,False,False,2026-09-21
0694,0694.HK,BEIJING AIRPORT,北京首都机场股份,27.72,"2,000",Equity,Equity Securities (Main Board),1.47,1.44,1.49,1.43,12082467,17.76,1.493,1.515,-1.54,-2.97,2.44,-4.23,-4.23,2.77,3.73,14.1,2.77,3.73,-46.21,-60.05,-89.43,46.93,60.59,False,False,False,False,False,False,False,False,False,2026-09-21
0695,0695.HK,DONGWU CEMENT,东吴水泥,42.64,"2,000",Equity,Equity Securities (Main Board),7.665,7.8,7.85,7.63,664000,5.09,7.816,7.813,-1.93,-1.89,-3.1,-4.19,-1.73,10.06,10.06,10.06,10.06,10.06,-21.97,-21.97,-21.97,23.81,23.81,False,False,False,False,False,False,False,False,False,2026-09-21
0696,0696.HK,TRAVELSKY TECH,中国民航信息网络,81.83,"1,000",Equity,Equity Securities (Main Board),8.775,8.77,8.84,8.72,2063222,18.1,8.707,8.714,0.78,0.7,0.29,0.69,0.86,11.24,14.4,28.0,11.24,14.4,-21.35,-38.61,-68.43,21.93,39.06,False,False,False,False,False,False,False,False,False,2026-09-21
0697,0697.HK,SHOUCHENG,首程控股,106.13,"2,000",Equity,Equity Securities (Main Board),1.34,1.345,1.345,1.315,12652375,16.95,1.338,1.357,0.15,-1.22,0.0,0.0,0.0,2.43,2.68,2.88,2.43,2.68,-44.65,-49.81,-53.3,44.86,50.0,False,False,True,False,False,False,False,False,False,2026-09-21
0698,0698.HK,TONGDA GROUP,通达集团,4.67,"1,000",Equity,Equity Securities (Main Board),2.4,2.365,2.46,2.365,36800,0.09,2.356,2.422,1.87,-0.91,0.84,3.9,0.0,4.01,8.6,135.82,4.01,8.6,-38.65,-71.4,-98.19,40.15,72.09,False,False,False,False,False,False,False,False,False,2026-09-21
0700,0700.HK,TENCENT,腾讯控股,39127.06,100,Equity,Equity Securities (Main Board),430.0,424.6,434.8,423.0,17957533,7721.74,429.44,430.12,0.13,-0.03,2.63,-0.78,-0.14,639.0,683.0,714.9,639.0,683.0,-31.96,-36.34,-39.18,32.71,37.04,False,False,False,False,False,False,False,False,False,2026-09-21
0701,0701.HK,CNT GROUP,CNT GROUP,1.77,"2,000",Equity,Equity Securities (Main Board),0.093,0.093,0.093,0.093,16000,0.0,0.093,0.093,0.22,0.22,0.0,0.0,0.0,0.29,0.36,0.84,0.29,0.36,-68.47,-74.17,-88.93,68.47,74.17,False,False,False,False,False,False,False,False,False,2026-09-21
0709,0709.HK,GIORDANO INT'L,佐丹奴国际,21.26,"2,000",Equity,Equity Securities (Main Board),1.315,1.33,1.33,1.315,538377,0.71,1.326,1.355,-0.83,-2.95,-0.38,-1.13,-2.59,1.55,2.77,5.35,1.55,2.77,-14.19,-51.99,-75.14,15.16,52.53,False,False,False,False,False,False,False,False,False,2026-09-21
0710,0710.HK,BOE VARITRONIX,京东方精电,32.3,"1,000",Equity,Equity Securities (Main Board),4.08,4.03,4.295,4.03,3190000,13.02,3.954,3.971,3.19,2.76,1.24,3.82,5.56,5.64,8.83,20.5,5.64,8.83,-23.85,-51.36,-79.05,27.66,53.79,False,False,False,False,False,False,False,False,False,2026-09-21
0711,0711.HK,ASIA ALLIED INF,亚洲联合基建控股,8.02,"2,000",Equity,Equity Securities (Main Board),0.435,0.425,0.435,0.425,568000,0.25,0.432,0.434,0.69,0.23,1.16,1.16,1.16,0.47,0.56,1.38,0.47,0.56,-8.42,-22.32,-68.48,8.42,22.32,False,False,False,True,False,False,False,True,False,2026-09-21
0712,0712.HK,COMTEC SOLAR,卡姆丹克太阳能,0.69,"10,000",Equity,Equity Securities (Main Board),0.065,0.058,0.065,0.058,716000,0.05,0.062,0.061,5.18,7.26,-5.8,10.17,10.17,0.14,0.27,2.04,0.14,0.27,-51.85,-75.93,-96.81,51.85,75.93,False,False,False,True,False,False,False,False,False,2026-09-21
0713,0713.HK,WORLD HOUSEWARE,世界（集团）,2.53,"2,000",Equity,Equity Securities (Main Board),0.32,0.32,0.325,0.31,442000,0.14,0.319,0.322,0.31,-0.47,-3.03,1.59,0.0,0.45,0.72,1.21,0.45,0.72,-27.78,-54.86,-73.14,28.89,55.56,False,False,True,False,False,False,False,False,False,2026-09-21
0716,0716.HK,SINGAMAS CONT,胜狮货柜,9.05,"2,000",Equity,Equity Securities (Main Board),0.38,0.37,0.385,0.37,1268000,0.48,0.395,0.412,-3.8,-7.77,0.0,-6.17,-5.0,0.72,1.03,2.05,0.72,1.03,-46.53,-62.62,-81.22,47.22,63.11,False,False,False,False,False,False,False,False,False,2026-09-21
0717,0717.HK,EMPEROR CAPITAL,英皇资本,4.11,"6,000",Equity,Equity Securities (Main Board),0.061,0.06,0.061,0.059,2124000,0.13,0.063,0.065,-3.48,-5.86,0.0,-6.15,-6.15,0.1,0.16,0.86,0.1,0.16,-41.35,-61.15,-92.91,41.35,61.15,False,False,False,False,False,False,False,False,False,2026-09-21
0718,0718.HK,TAI UNITED HOLD,太和控股,1.68,"5,000",Equity,Equity Securities (Main Board),0.032,0.03,0.032,0.03,185000,0.01,0.031,0.031,3.23,1.91,3.23,6.67,0.0,0.04,0.25,1.85,0.04,0.25,-11.11,-87.45,-98.27,11.11,87.45,False,False,False,True,False,False,False,False,False,2026-09-21
0719,0719.HK,SHANDONG XINHUA,山东新华制药股份,12.3,"2,000",Equity,Equity Securities (Main Board),6.3,5.61,6.675,5.61,22183400,139.76,5.635,5.6,11.8,12.5,13.51,15.17,14.55,7.25,9.46,17.0,7.25,9.46,-7.93,-29.44,-60.74,13.1,33.4,False,False,True,False,False,False,False,False,False,2026-09-21
0720,0720.HK,AUTO ITALIA,意达利控股,16.28,"25,000",Equity,Equity Securities (Main Board),0.265,0.255,0.265,0.255,525000,0.14,0.268,0.273,-1.12,-2.93,0.0,-1.85,-1.85,0.45,0.45,0.45,0.45,0.45,-41.11,-41.11,-41.11,41.11,41.11,False,False,False,False,False,False,False,False,False,2026-09-21
0721,0721.HK,C FIN INT INV,中国金融国际,2.37,"10,000",Equity,Investment Companies,0.108,0.108,0.108,0.108,50000,0.01,0.111,0.114,-3.05,-5.68,0.93,-5.26,-6.9,0.51,1.7,2.65,0.51,1.7,-79.03,-93.65,-95.92,79.03,93.65,False,False,False,False,False,False,False,False,False,2026-09-21
0723,0723.HK,RELIANCE GLO HL,信保环球控股,2.79,"30,000",Equity,Equity Securities (Main Board),0.255,0.26,0.26,0.25,1621250,0.41,0.259,0.259,-1.54,-1.54,-1.92,-1.92,-3.77,0.35,0.57,1.35,0.35,0.57,-25.71,-54.39,-80.74,27.14,55.26,False,False,False,False,False,False,False,False,False,2026-09-21
0726,0726.HK,DIT GROUP,筑友智造科技,1.24,"5,000",Equity,Equity Securities (Main Board),0.04,0.042,0.042,0.035,1860000,0.07,0.036,0.035,9.89,13.96,-6.98,21.21,21.21,0.06,0.22,1.8,0.06,0.22,-25.0,-81.33,-97.67,28.57,82.22,False,False,True,True,False,False,False,False,False,2026-09-21
0727,0727.HK,SINOPROS CORP,中国丰汇,6.42,"10,000",Equity,Equity Securities (Main Board),0.505,0.505,0.505,0.505,100000,0.05,0.494,0.472,2.23,6.99,0.0,0.0,12.22,0.99,4.38,46.8,0.99,4.38,-48.99,-88.47,-98.92,48.99,88.47,False,False,False,False,False,False,False,False,False,2026-09-21
0728,0728.HK,CHINA TELECOM,中国电信,611.3,"2,000",Equity,Equity Securities (Main Board),4.41,4.44,4.445,4.38,59043018,260.38,4.472,4.521,-1.39,-2.46,-0.56,-2.54,-4.03,5.89,6.98,6.98,5.89,6.98,-24.53,-36.32,-36.32,25.13,36.82,False,False,False,False,False,False,False,False,False,2026-09-21
0731,0731.HK,C&D NEWIN,建发新胜,3.96,"20,000",Equity,Equity Securities (Main Board),0.28,0.295,0.295,0.28,240000,0.07,0.292,0.29,-4.11,-3.61,-5.08,-5.08,-1.75,0.76,0.76,7.6,0.76,0.76,-61.18,-61.18,-96.12,63.16,63.16,False,False,False,False,False,False,False,False,False,2026-09-21
0732,0732.HK,TRULY INT'L,信利国际,23.06,"2,000",Equity,Equity Securities (Main Board),0.79,0.78,0.805,0.78,2346000,1.85,0.801,0.814,-1.37,-2.95,1.28,-1.86,-4.24,1.12,1.34,4.18,1.12,1.34,-28.12,-39.93,-80.74,29.46,41.04,False,False,False,False,False,False,False,False,False,2026-09-21
0736,0736.HK,CHINA PPT INV,中国置业投资,0.87,"3,000",Equity,Equity Securities (Main Board),0.27,0.178,0.36,0.178,7233480,1.95,0.194,0.189,39.03,43.01,51.69,57.89,50.84,0.76,1.03,7.6,0.76,1.03,-52.63,-65.05,-95.26,64.47,73.79,False,False,False,True,False,False,False,False,False,2026-09-21
0737,0737.HK,BAY AREA DEV,湾区发展,66.63,500,Equity,Equity Securities (Main Board),2.0,2.0,2.015,2.0,41500,0.08,2.0,1.986,-0.0,0.7,-0.5,-0.25,1.78,2.02,2.02,5.2,2.02,2.02,0.0,0.0,-61.25,0.74,0.74,False,False,False,False,False,False,False,True,True,2026-09-21
0738,0738.HK,LE SAUNDA,莱尔斯丹,2.43,"2,000",Equity,Equity Securities (Main Board),0.35,0.35,0.35,0.33,30000,0.01,0.349,0.353,0.29,-0.85,6.06,-2.78,-2.78,0.38,0.48,1.98,0.38,0.48,-6.67,-27.08,-82.32,6.67,27.08,False,False,False,False,False,False,False,True,False,2026-09-21
0743,0743.HK,ASIA CEMENT CH,亚洲水泥（中国）,25.85,500,Equity,Equity Securities (Main Board),1.65,1.64,1.665,1.615,477500,0.79,1.986,2.028,-16.92,-18.64,-20.29,-20.29,-20.29,2.07,3.71,14.04,2.07,3.71,-19.57,-55.12,-88.14,20.29,55.53,False,False,False,False,False,False,False,False,False,2026-09-21
0745,0745.HK,CN CULTURE GP,中国国家文化产业,9.61,"2,000",Equity,Equity Securities (Main Board),4.1,4.225,4.29,4.1,179380,0.74,4.49,4.673,-8.69,-12.27,-5.86,-13.14,-15.38,7.21,7.21,11.4,7.21,7.21,-40.5,-40.5,-62.37,43.13,43.13,False,False,False,False,False,False,False,False,False,2026-09-21
0746,0746.HK,L & M CHEMICAL,理文化工,36.42,"2,000",Equity,Equity Securities (Main Board),4.4,4.38,4.51,4.38,163750,0.72,4.426,4.408,-0.59,-0.18,0.46,-2.55,-0.34,6.42,6.42,13.78,6.42,6.42,-29.75,-29.75,-67.27,31.46,31.46,False,False,False,False,False,False,False,False,False,2026-09-21
0747,0747.HK,SHENYANG PUBLIC,渖阳公用发展股份,0.4,"2,000",Equity,Equity Securities (Main Board),0.066,0.071,0.08,0.065,620000,0.04,0.066,0.073,-0.6,-9.22,-7.04,4.76,-1.49,0.14,0.14,0.61,0.14,0.14,-44.83,-44.83,-86.89,54.48,54.48,False,False,False,False,False,False,False,False,False,2026-09-21
0750,0750.HK,SFSY ENERGY,水发兴业能源,4.71,"1,000",Equity,Equity Securities (Main Board),0.187,0.187,0.195,0.177,47000,0.01,0.183,0.185,2.07,1.08,6.86,1.63,1.08,0.27,0.5,4.48,0.27,0.5,-27.78,-61.0,-95.65,30.74,62.6,False,False,False,True,False,False,False,False,False,2026-09-21
0751,0751.HK,SKYWORTH GROUP,创维集团,67.73,"2,000",Equity,Equity Securities (Main Board),3.575,3.835,3.835,3.555,4408000,15.76,3.806,3.917,-6.07,-8.73,-6.66,-7.38,-8.92,7.59,7.59,7.59,7.59,7.59,-49.47,-49.47,-49.47,52.9,52.9,False,False,False,False,False,False,False,False,False,2026-09-21
0752,0752.HK,PICO FAR EAST,PICO FAR EAST,27.33,"2,000",Equity,Equity Securities (Main Board),2.14,2.1,2.145,2.1,1666000,3.57,2.102,2.115,1.81,1.16,1.9,2.64,1.66,2.96,2.96,3.54,2.96,2.96,-27.53,-27.53,-39.41,27.7,27.7,True,False,True,True,False,False,False,False,False,2026-09-21
0753,0753.HK,AIR CHINA,中国国航,186.33,"2,000",Equity,Equity Securities (Main Board),3.755,3.7,3.805,3.7,22017632,82.68,3.652,3.711,2.82,1.19,2.18,3.73,2.88,7.77,7.77,12.86,7.77,7.77,-51.03,-51.03,-70.41,51.67,51.67,True,False,False,True,False,False,False,False,False,2026-09-21
0755,0755.HK,DEVGREAT,大方广瑞德,0.51,"5,000",Equity,Equity Securities (Main Board),0.285,0.27,0.285,0.25,147500,0.04,0.274,0.266,4.01,7.14,5.56,-1.72,11.76,0.44,4.5,26.0,0.44,4.5,-35.96,-93.67,-98.9,35.96,93.67,False,False,False,True,False,False,False,False,False,2026-09-21
0756,0756.HK,SUMMI,森美控股,3.44,"8,000",Equity,Equity Securities (Main Board),1.01,1.0,1.12,1.0,176000,0.18,0.982,1.001,2.85,0.9,3.06,6.32,1.0,1.28,5.0,13.5,1.28,5.0,-12.5,-77.6,-91.7,21.09,79.8,True,False,False,True,False,False,False,False,False,2026-09-21
0757,0757.HK,SOLARGIGA,阳光能源,1.83,"1,000",Equity,Equity Securities (Main Board),0.055,0.056,0.056,0.055,741000,0.04,0.056,0.057,-1.79,-4.35,-1.79,-3.51,-3.51,0.1,0.2,0.75,0.1,0.2,-45.1,-71.72,-92.53,46.08,72.22,False,False,False,False,False,False,False,False,False,2026-09-21
0759,0759.HK,CEC INT'L HOLD,CEC INT'L HOLD,1.39,"2,000",Equity,Equity Securities (Main Board),0.209,0.201,0.209,0.201,30000,0.01,0.208,0.209,0.67,0.1,0.97,0.97,-0.48,0.28,0.56,1.34,0.28,0.56,-24.0,-62.68,-84.4,24.0,62.68,False,False,False,True,False,False,False,False,False,2026-09-21
0760,0760.HK,TALENT PPT GP,新天地产集团,0.58,"30,000",Equity,Equity Securities (Main Board),0.112,0.108,0.108,0.108,42750,0.0,0.115,0.116,-2.78,-3.11,-3.45,-3.45,-3.45,0.18,0.55,3.76,0.18,0.55,-41.3,-80.36,-97.13,39.13,79.64,False,False,False,False,False,False,False,False,False,2026-09-21
0762,0762.HK,CHINA UNICOM,中国联通,1763.98,"2,000",Equity,Equity Securities (Main Board),5.765,5.73,5.775,5.69,14759041,85.09,5.788,5.816,-0.4,-0.88,0.61,-0.26,-4.24,8.28,11.56,13.24,8.28,11.56,-30.25,-50.04,-56.38,30.37,50.13,False,False,False,False,False,False,False,False,False,2026-09-21
0763,0763.HK,ZTE,中兴通讯,177.85,200,Equity,Equity Securities (Main Board),23.54,23.02,23.72,22.92,10589267,249.27,22.78,22.956,3.34,2.54,3.06,4.07,4.16,32.1,46.46,46.46,32.1,46.46,-26.11,-48.95,-48.95,26.67,49.33,False,False,False,True,False,False,False,False,False,2026-09-21
0767,0767.HK,ZHONG JI LS,中基长寿科学,3.06,"10,000",Equity,Equity Securities (Main Board),0.48,0.48,0.495,0.48,870000,0.42,0.475,0.476,1.05,0.73,1.05,4.35,0.0,0.6,0.72,9.9,0.6,0.72,-16.81,-31.25,-95.0,19.33,33.33,False,False,False,False,False,False,False,False,False,2026-09-21
0768,0768.HK,UBA INVESTMENTS,开明投资,0.55,"2,000",Equity,Investment Companies,0.043,0.041,0.045,0.041,744000,0.03,0.04,0.04,6.44,8.86,0.0,10.26,10.26,0.05,0.1,0.2,0.05,0.1,-15.09,-55.0,-77.5,18.87,57.0,False,False,False,False,False,False,False,False,False,2026-09-21
0771,0771.HK,AUTOMATED SYS,自动系统,6.21,"2,000",Equity,Equity Securities (Main Board),0.74,0.75,0.75,0.75,2000,0.0,0.721,0.732,2.64,1.16,2.07,4.96,0.68,0.99,1.09,2.3,0.99,1.09,-24.24,-31.19,-67.39,25.25,32.11,False,False,False,False,False,False,False,False,False,2026-09-21
0772,0772.HK,CHINA LIT,阅文集团,200.22,200,Equity,Equity Securities (Main Board),19.74,19.56,20.0,19.41,3476744,68.63,19.236,19.636,2.62,0.53,1.18,3.46,2.02,44.68,46.88,110.0,44.68,46.88,-55.24,-57.34,-81.82,55.82,57.89,False,False,False,True,False,False,False,False,False,2026-09-21
0775,0775.HK,CKLIFE SCIENCES,长江生命科技,52.86,"2,000",Equity,Equity Securities (Main Board),0.55,0.55,0.55,0.545,584462,0.32,0.547,0.552,0.55,-0.27,0.0,0.0,0.0,0.89,1.1,1.34,0.89,1.1,-38.2,-50.0,-58.96,38.2,50.0,False,False,True,False,False,False,False,False,False,2026-09-21
0776,0776.HK,IMPERIUM TEC GP,帝国科技集团,1.75,"5,000",Equity,Equity Securities (Main Board),0.26,0.233,0.265,0.232,1007000,0.26,0.238,0.235,9.24,10.73,11.59,9.24,13.04,1.34,9.87,34.7,1.34,9.87,-80.22,-97.32,-99.24,80.6,97.37,False,False,True,True,False,False,False,False,False,2026-09-21
0777,0777.HK,NETDRAGON,网龙,39.06,500,Equity,Equity Securities (Main Board),7.425,7.5,7.86,7.305,2752500,20.44,7.798,7.681,-4.78,-3.33,-2.69,-7.13,-0.67,12.08,16.8,34.35,12.08,16.8,-34.93,-53.21,-77.12,38.53,55.8,False,False,False,False,False,False,False,False,False,2026-09-21
0780,0780.HK,TONGCHENGTRAVEL,同程旅行,245.79,400,Equity,Equity Securities (Main Board),10.44,10.48,10.63,10.05,8726321,91.1,10.586,10.768,-1.38,-3.05,-3.51,-1.88,-3.24,25.42,25.42,25.42,25.42,25.42,-58.18,-58.18,-58.18,58.93,58.93,False,False,False,False,False,False,False,False,False,2026-09-21
0784,0784.HK,AILIFE INTL,爱生命国际,4.8,"10,000",Equity,Equity Securities (Main Board),0.6,0.595,0.62,0.595,490000,0.29,0.59,0.607,1.69,-1.15,0.84,2.56,-1.64,1.35,1.35,3.07,1.35,1.35,-54.07,-54.07,-79.8,55.56,55.56,False,False,False,False,False,False,False,False,False,2026-09-21
0788,0788.HK,CHINA TOWER,中国铁塔,422.77,500,Equity,Equity Securities (Main Board),9.06,9.0,9.06,8.94,11221862,101.67,9.038,9.061,0.24,-0.01,0.33,0.17,-0.17,11.76,12.85,23.3,11.76,12.85,-22.96,-29.49,-61.12,22.96,29.49,False,False,False,False,False,False,False,False,False,2026-09-21
0789,0789.HK,ARTINI HLDG,雅天妮集团,2.52,"5,000",Equity,Equity Securities (Main Board),0.95,0.72,1.1,0.72,77000,0.07,0.969,0.909,-1.96,4.51,-1.04,-1.04,2.15,2.33,4.5,4.5,2.33,4.5,-52.69,-75.56,-75.56,59.14,78.89,False,False,False,False,False,False,False,False,False,2026-09-21
0794,0794.HK,COME SURE GROUP,锦胜集团（控股）,1.16,"2,000",Equity,Equity Securities (Main Board),0.35,0.35,0.35,0.35,42000,0.01,0.35,0.346,0.0,1.01,0.0,0.0,0.0,0.4,0.4,1.24,0.4,0.4,-12.5,-12.5,-71.77,12.5,12.5,False,False,False,False,False,False,False,False,False,2026-09-21
0797,0797.HK,7ROAD,第七大道,27.34,"2,000",Equity,Equity Securities (Main Board),1.09,1.1,1.1,1.07,1058000,1.15,1.098,1.109,-0.73,-1.67,-1.8,-1.36,-3.11,1.89,3.2,3.34,1.89,3.2,-41.8,-65.62,-67.07,42.33,65.94,False,False,False,False,False,False,False,False,False,2026-09-21
0798,0798.HK,CEOVU,中电光谷,10.45,"4,000",Equity,Equity Securities (Main Board),0.141,0.133,0.141,0.131,156000,0.02,0.142,0.136,-0.42,3.75,0.0,-0.7,7.63,0.23,0.47,0.93,0.23,0.47,-39.22,-70.0,-84.84,39.22,70.0,False,False,False,False,False,False,False,False,False,2026-09-21
0799,0799.HK,IGG,IGG,35.79,"1,000",Equity,Equity Securities (Main Board),3.125,3.075,3.135,3.075,846161,2.64,3.092,3.083,1.07,1.36,2.29,0.48,1.46,4.02,5.82,15.12,4.02,5.82,-22.01,-46.13,-79.27,22.26,46.31,False,False,False,True,False,False,False,False,False,2026-09-21
0800,0800.HK,WERIDE-W,文远知行－Ｗ,134.87,100,Equity,Equity Securities (Main Board),14.47,14.43,14.75,14.27,1625500,23.52,14.808,15.25,-2.28,-5.11,0.49,-2.62,-6.28,25.98,25.98,25.98,25.98,25.98,-43.23,-43.23,-43.23,44.3,44.3,False,False,False,False,False,False,False,False,False,2026-09-21
0804,0804.HK,PINESTONE,鼎石资本,9.49,"5,000",Equity,Equity Securities (Main Board),13.8,14.4,14.51,13.8,120275,1.66,14.166,14.061,-2.58,-1.86,-4.7,-2.27,0.0,16.78,16.78,101.0,16.78,16.78,-13.53,-13.53,-85.63,17.76,17.76,False,False,False,False,False,False,False,False,False,2026-09-21
0805,0805.HK,NEW GONOW RV,新吉奥房车,87.07,"2,000",Equity,Equity Securities (Main Board),9.19,9.64,9.645,8.905,2492000,22.9,9.543,8.915,-3.7,3.08,-4.32,-7.36,2.68,10.26,10.26,10.26,10.26,10.26,-5.99,-5.99,-5.99,10.43,10.43,False,False,False,False,False,False,False,False,False,2026-09-21
0806,0806.HK,VALUE PARTNERS,惠理集团,36.26,"1,000",Equity,Equity Securities (Main Board),1.985,1.985,2.02,1.96,1866000,3.7,1.98,2.001,0.25,-0.8,0.0,0.25,-0.75,2.72,3.03,10.28,2.72,3.03,-25.74,-33.33,-80.35,27.02,34.49,False,False,True,False,False,False,False,False,False,2026-09-21
0807,0807.HK,SIICENVIRONMENT,上海实业环境,24.08,"1,000",Equity,Equity Securities (Main Board),0.935,0.945,0.945,0.935,193000,0.18,0.937,0.939,-0.21,-0.43,0.54,-0.53,-0.53,1.14,1.25,3.25,1.14,1.25,-17.11,-24.4,-70.92,17.98,25.2,False,False,False,False,False,False,False,False,False,2026-09-21
0809,0809.HK,GLOBAL BIO-CHEM,大成生化科技,6.3,"10,000",Equity,Equity Securities (Main Board),0.375,0.37,0.375,0.37,400000,0.15,0.372,0.377,0.81,-0.4,0.0,1.35,1.35,0.75,1.36,6.9,0.75,1.36,-50.0,-72.43,-94.57,50.0,72.43,False,False,True,False,False,False,False,False,False,2026-09-21
0810,0810.HK,CH CASTSON 81,中国铸晨８１,0.71,"6,000",Equity,Investment Companies,0.1,0.099,0.105,0.092,1164000,0.12,0.096,0.095,4.38,5.04,3.09,6.38,5.26,0.17,1.15,25.4,0.17,1.15,-38.24,-90.87,-99.59,41.18,91.3,True,False,False,True,False,False,False,False,False,2026-09-21
0811,0811.HK,XINHUA WINSHARE,新华文轩,35.75,"1,000",Equity,Equity Securities (Main Board),8.09,8.2,8.28,7.96,6235000,50.44,8.071,8.033,0.24,0.71,0.06,-1.1,1.76,11.15,12.4,12.4,11.15,12.4,-25.74,-33.23,-33.23,27.44,34.76,False,False,True,True,False,False,False,False,False,2026-09-21
0813,0813.HK,SHIMAO GROUP,世茂集团,3.84,500,Equity,Equity Securities (Main Board),0.037,0.037,0.04,0.036,78136000,2.89,0.038,0.04,-1.6,-6.8,2.78,-5.13,-2.63,0.28,3.54,38.28,0.28,3.54,-85.45,-98.87,-99.9,86.55,98.95,False,False,False,False,False,False,False,False,False,2026-09-21
0815,0815.HK,CHI SILVER GP,中国白银集团,9.35,"2,000",Equity,Equity Securities (Main Board),0.237,0.236,0.237,0.233,6542000,1.55,0.235,0.242,1.02,-2.07,-0.42,-0.42,0.0,0.86,0.93,2.8,0.86,0.93,-72.44,-74.52,-91.54,72.44,74.52,False,False,True,False,False,False,False,False,False,2026-09-21
0816,0816.HK,JINMAO SERVICES,金茂服务,19.58,500,Equity,Equity Securities (Main Board),2.165,2.14,2.165,2.13,99500,0.22,2.15,2.185,0.7,-0.92,1.17,1.17,-2.26,2.83,3.55,7.4,2.83,3.55,-23.5,-39.01,-70.74,23.5,39.01,False,False,False,False,False,False,False,False,False,2026-09-21
0817,0817.HK,CHINA JINMAO,中国金茂,170.26,"2,000",Equity,Equity Securities (Main Board),1.26,1.23,1.29,1.19,104329945,131.46,1.216,1.238,3.62,1.82,2.44,5.0,5.0,2.04,2.04,6.23,2.04,2.04,-36.76,-36.76,-79.28,38.24,38.24,False,False,True,True,False,False,False,False,False,2026-09-21
0818,0818.HK,HI SUN TECH,高阳科技,9.58,"3,000",Equity,Equity Securities (Main Board),0.345,0.335,0.35,0.33,885000,0.31,0.336,0.334,2.68,3.29,2.99,0.0,4.55,0.54,0.73,3.25,0.54,0.73,-35.19,-52.05,-89.23,36.11,52.74,False,False,False,True,False,False,False,False,False,2026-09-21
0819,0819.HK,TIANNENG POWER,天能动力,44.54,"2,000",Equity,Equity Securities (Main Board),3.955,3.975,3.975,3.93,4596000,18.18,3.954,3.907,0.03,1.24,0.64,-2.1,-0.75,8.35,9.89,22.55,8.35,9.89,-52.4,-59.81,-82.37,52.63,60.01,False,False,False,False,False,False,False,False,False,2026-09-21
0821,0821.HK,VC HOLDINGS,汇盈控股,1.47,"8,000",Equity,Equity Securities (Main Board),0.395,0.36,0.4,0.36,1080000,0.43,0.403,0.418,-1.99,-5.39,9.72,-7.06,-1.25,0.52,1.89,33.9,0.52,1.89,-23.81,-78.84,-98.82,24.76,79.1,False,False,False,False,False,False,False,False,False,2026-09-21
0825,0825.HK,NWDS CHINA,新世界百货中国,4.55,"1,000",Equity,Equity Securities (Main Board),0.27,0.265,0.275,0.26,809000,0.22,0.265,0.27,1.89,0.19,0.0,1.89,-3.57,0.42,0.63,2.19,0.42,0.63,-34.52,-56.35,-87.44,35.71,57.14,False,False,True,True,False,False,False,False,False,2026-09-21
0826,0826.HK,TIANGONG INT'L,天工国际,84.47,"2,000",Equity,Equity Securities (Main Board),3.1,3.09,3.14,3.05,11576000,35.89,3.133,3.178,-1.05,-2.45,0.0,-1.27,-4.17,4.54,4.54,5.66,4.54,4.54,-30.84,-30.84,-44.52,31.72,31.72,False,False,False,False,False,False,False,False,False,2026-09-21
0827,0827.HK,KO YO GROUP,玖源集团,3.16,"4,000",Equity,Equity Securities (Main Board),0.045,0.043,0.045,0.042,504000,0.02,0.044,0.045,1.35,0.9,0.0,0.0,-2.17,0.09,0.12,0.41,0.09,0.12,-48.28,-63.11,-89.02,48.28,63.11,False,False,True,True,False,False,False,False,False,2026-09-21
0828,0828.HK,DYNASTY WINES,王朝酒业,2.35,"2,000",Equity,Equity Securities (Main Board),0.167,0.152,0.19,0.152,918000,0.15,0.162,0.162,3.09,2.96,4.37,3.73,3.73,0.27,0.62,1.44,0.27,0.62,-29.63,-69.35,-86.81,38.15,73.06,False,False,False,True,False,False,False,False,False,2026-09-21
0829,0829.HK,SHENGUAN HLDGS,神冠控股,8.04,"2,000",Equity,Equity Securities (Main Board),0.249,0.246,0.249,0.244,250000,0.06,0.243,0.234,2.3,6.41,0.81,5.06,-0.4,0.28,0.34,0.74,0.28,0.34,-9.45,-26.76,-66.35,9.45,26.76,True,False,False,False,False,False,False,True,False,2026-09-21
0830,0830.HK,CSC DEVELOPMENT,中国建筑兴业,17.25,"2,000",Equity,Equity Securities (Main Board),0.765,0.705,0.77,0.705,14000,0.01,0.733,0.75,4.37,2.0,4.79,4.79,2.0,1.31,2.65,3.02,1.31,2.65,-41.22,-70.94,-74.5,41.6,71.13,False,False,True,True,False,False,False,False,False,2026-09-21
0831,0831.HK,CR ASIA,利亚零售,3.09,"2,000",Equity,Equity Securities (Main Board),0.395,0.395,0.395,0.395,2000,0.0,0.392,0.389,0.77,1.54,1.28,0.0,1.28,0.47,0.79,5.27,0.47,0.79,-15.05,-50.0,-92.5,15.05,50.0,False,False,False,False,False,False,False,False,False,2026-09-21
0832,0832.HK,CENTRAL CHINA,建业地产,1.0,"1,000",Equity,Equity Securities (Main Board),0.033,0.032,0.034,0.032,786000,0.03,0.035,0.035,-5.71,-5.17,-13.16,3.12,-5.71,0.08,0.25,5.11,0.08,0.25,-55.26,-86.4,-99.33,56.58,86.8,False,False,False,False,False,False,False,False,False,2026-09-21
0833,0833.HK,ALLTRONICS,华讯,2.72,"4,000",Equity,Equity Securities (Main Board),0.575,0.635,0.635,0.575,420000,0.24,0.59,0.597,-2.54,-3.77,-2.54,-2.54,-1.71,1.44,1.44,6.34,1.44,1.44,-55.9,-55.9,-89.98,60.07,60.07,False,False,False,False,False,False,False,False,False,2026-09-21
0836,0836.HK,CHINA RES POWER,华润电力,980.02,"2,000",Equity,Equity Securities (Main Board),18.93,18.89,19.01,18.71,5916965,112.01,18.84,18.88,0.48,0.26,0.21,0.53,-0.11,22.16,25.45,28.85,22.16,25.45,-14.21,-25.3,-34.11,14.58,25.62,False,False,True,True,False,False,False,False,False,2026-09-21
0837,0837.HK,CARPENTER TAN,谭木匠,13.94,500,Equity,Equity Securities (Main Board),5.605,5.655,5.655,5.6,7500,0.04,5.711,5.814,-1.86,-3.59,-0.88,-3.2,-4.76,8.05,8.68,8.68,8.05,8.68,-29.75,-34.85,-34.85,30.37,35.43,False,False,False,False,False,False,False,False,False,2026-09-21
0838,0838.HK,EVA HOLDINGS,亿和控股,12.11,"2,000",Equity,Equity Securities (Main Board),0.7,0.71,0.71,0.695,1520000,1.06,0.705,0.715,-0.71,-2.17,-1.41,0.0,-2.1,1.09,1.32,2.58,1.09,1.32,-34.86,-46.21,-72.48,35.78,46.97,False,False,False,False,False,False,False,False,False,2026-09-21
0839,0839.HK,CHINA EDU GROUP,中教控股,55.31,"1,000",Equity,Equity Securities (Main Board),1.97,1.87,1.99,1.825,25328884,49.9,1.872,1.865,5.24,5.63,5.91,5.91,6.49,3.36,6.87,20.8,3.36,6.87,-40.77,-71.03,-90.43,41.37,71.32,False,False,True,True,False,False,False,False,False,2026-09-21
0840,0840.HK,TIANYE WATER,天业节水,0.31,"2,000",Equity,Equity Securities (Main Board),0.154,0.158,0.158,0.145,276000,0.04,0.173,0.17,-11.09,-9.25,-16.3,-10.47,-10.47,0.25,0.34,0.95,0.25,0.34,-36.29,-53.53,-83.37,37.9,54.71,False,False,False,False,False,False,False,False,False,2026-09-21
0842,0842.HK,LEOCH INT'L,理士国际,11.68,"1,000",Equity,Equity Securities (Main Board),0.815,0.84,0.84,0.81,463000,0.38,0.848,0.87,-3.89,-6.27,-4.12,-5.23,-6.32,2.6,2.92,2.92,2.6,2.92,-67.69,-71.23,-71.23,68.65,72.09,False,False,False,False,False,False,False,False,False,2026-09-21
0844,0844.HK,GREATIME INTL,广泰国际控股,1.88,"4,000",Equity,Equity Securities (Main Board),0.38,0.4,0.4,0.375,88000,0.03,0.405,0.41,-6.17,-7.32,-9.52,-9.52,-8.43,0.64,0.65,2.0,0.64,0.65,-37.5,-38.46,-80.0,40.62,41.54,False,False,False,False,False,False,False,False,False,2026-09-21
0851,0851.HK,SHENG YUAN HLDG,盛源控股,1.72,"10,000",Equity,Equity Securities (Main Board),0.195,0.195,0.196,0.195,60000,0.01,0.184,0.176,5.86,10.73,0.0,10.8,18.18,0.43,0.43,4.55,0.43,0.43,-53.88,-53.88,-95.69,54.12,54.12,False,False,False,False,False,False,False,False,False,2026-09-21
0852,0852.HK,STRONG PETRO,海峡石油化工,5.24,"2,000",Equity,Equity Securities (Main Board),0.25,0.25,0.285,0.236,2734000,0.68,0.242,0.204,3.14,22.43,0.0,-24.24,50.6,0.5,0.5,1.78,0.5,0.5,-42.42,-42.42,-83.99,49.49,49.49,False,False,False,False,False,False,False,False,False,2026-09-21
0854,0854.HK,WILLAS-ARRAY,威雅利,5.15,"1,000",Equity,Equity Securities (Main Board),5.0,5.02,5.02,5.0,12000,0.06,5.07,5.088,-1.38,-1.74,-0.99,-1.96,-2.44,8.65,33.2,33.2,8.65,33.2,-41.97,-84.88,-84.88,42.2,84.94,False,False,False,False,False,False,False,False,False,2026-09-21
0855,0855.HK,CHINA WATER,中国水务,70.11,"2,000",Equity,Equity Securities (Main Board),4.31,4.2,4.31,4.2,1604000,6.91,4.278,4.33,0.75,-0.46,2.74,-0.23,-0.23,5.71,7.05,11.56,5.71,7.05,-24.52,-38.87,-62.72,24.52,38.87,False,False,False,False,False,False,False,False,False,2026-09-21
0856,0856.HK,VSTECS,伟仕佳杰,132.54,"2,000",Equity,Equity Securities (Main Board),9.26,9.24,9.42,9.235,1966000,18.21,9.251,9.483,0.1,-2.35,0.71,-1.07,-2.53,12.72,12.72,12.72,12.72,12.72,-25.94,-25.94,-25.94,27.2,27.2,False,False,False,False,False,False,False,False,False,2026-09-21
0857,0857.HK,PETROCHINA,中国石油股份,2002.29,"2,000",Equity,Equity Securities (Main Board),9.485,9.52,9.52,9.35,63113358,598.63,9.66,9.907,-1.81,-4.26,-0.05,-3.12,-4.39,12.22,12.22,12.22,12.22,12.22,-22.09,-22.09,-22.09,22.38,22.38,False,False,False,False,False,False,False,False,False,2026-09-21
0858,0858.HK,EXTRAWELL PHAR,精优药业,2.44,"10,000",Equity,Equity Securities (Main Board),0.084,0.084,0.084,0.084,150000,0.01,0.083,0.08,1.69,4.48,0.0,5.0,-1.18,0.12,0.15,0.47,0.12,0.15,-26.96,-43.62,-81.94,26.96,43.62,False,False,False,False,False,False,False,False,False,2026-09-21
0860,0860.HK,APOLLO FMG,ＡＰＯＬＬＯ出行,6.65,"4,000",Equity,Equity Securities (Main Board),0.65,0.64,0.65,0.63,406400,0.26,0.646,0.632,0.62,2.85,0.0,1.56,-2.26,0.76,1.6,42.6,0.76,1.6,-14.47,-59.38,-98.47,14.47,59.38,False,False,True,True,False,False,False,False,False,2026-09-21
0861,0861.HK,DC HOLDINGS,神州控股,41.76,"1,000",Equity,Equity Securities (Main Board),2.495,2.425,2.55,2.42,2302352,5.74,2.338,2.148,6.72,16.15,2.89,10.64,13.41,3.95,3.98,7.48,3.95,3.98,-35.44,-35.93,-65.91,36.84,37.31,True,False,False,False,False,False,False,False,False,2026-09-21
0863,0863.HK,OSL GROUP,ＯＳＬ集团,88.43,500,Equity,Equity Securities (Main Board),9.76,10.5,10.5,9.61,1884750,18.4,10.22,10.297,-4.5,-5.22,-6.15,-5.88,-3.65,20.18,20.3,25.0,20.18,20.3,-47.97,-48.28,-58.0,51.64,51.92,False,False,False,False,False,False,False,False,False,2026-09-21
0866,0866.HK,CHINA QINFA,中国秦发,51.63,"2,000",Equity,Equity Securities (Main Board),1.965,1.91,1.98,1.885,1420000,2.79,1.966,2.05,-0.05,-4.12,2.88,-0.76,-2.24,4.34,4.34,4.34,4.34,4.34,-54.38,-54.38,-54.38,54.72,54.72,False,False,False,False,False,False,False,False,False,2026-09-21
0867,0867.HK,CMS,康哲药业,269.83,"1,000",Equity,Equity Securities (Main Board),11.06,10.7,11.25,10.7,6445000,71.28,11.026,11.014,0.31,0.42,-0.09,0.09,-0.63,15.52,15.86,22.8,15.52,15.86,-27.51,-29.07,-50.66,28.74,30.26,False,False,False,True,False,False,False,False,False,2026-09-21
0868,0868.HK,XINYI GLASS,信义玻璃,366.15,"1,000",Equity,Equity Securities (Main Board),8.265,8.37,8.37,8.2,14183235,117.22,8.398,8.638,-1.58,-4.31,-0.96,-1.9,-3.56,12.35,12.35,34.2,12.35,12.35,-32.23,-32.23,-75.53,33.08,33.08,False,False,False,False,False,False,False,False,False,2026-09-21
0871,0871.HK,CH DREDG ENV,中国疏浚环保,0.75,"20,000",Equity,Equity Securities (Main Board),0.05,0.05,0.054,0.05,880000,0.04,0.046,0.047,9.65,7.07,8.7,16.28,16.28,0.11,0.28,1.42,0.11,0.28,-50.0,-81.05,-96.2,53.7,82.46,False,False,False,False,False,False,False,False,False,2026-09-21
0873,0873.HK,SHIMAO SERVICES,世茂服务,8.39,"1,000",Equity,Equity Securities (Main Board),0.34,0.345,0.35,0.34,179000,0.06,0.351,0.355,-3.13,-4.36,-1.45,-4.23,-15.0,0.69,1.82,27.55,0.69,1.82,-49.28,-80.77,-98.73,50.72,81.32,False,False,False,False,False,False,False,False,False,2026-09-21
0874,0874.HK,BAIYUNSHAN PH,白云山,29.31,"2,000",Equity,Equity Securities (Main Board),13.33,13.3,13.4,13.28,906000,12.08,13.198,13.339,1.0,-0.07,1.14,1.21,0.3,19.98,24.2,42.5,19.98,24.2,-32.93,-44.63,-68.47,33.28,44.92,False,False,False,False,False,False,False,False,False,2026-09-21
0875,0875.HK,CONGYU INTE AGR,从玉智农,1.92,"2,000",Equity,Equity Securities (Main Board),0.275,0.27,0.285,0.27,3516000,0.97,0.284,0.305,-3.17,-9.84,1.85,-5.17,-8.33,1.85,8.0,48.0,1.85,8.0,-84.59,-96.44,-99.41,85.14,96.56,False,False,False,False,False,False,False,False,False,2026-09-21
0876,0876.HK,KAISA HEALTH,佳兆业健康,1.9,"2,000",Equity,Equity Securities (Main Board),1.835,1.835,1.835,1.835,4000,0.01,1.886,1.912,-2.7,-4.03,0.0,-4.43,-4.43,10.95,10.95,29.5,10.95,10.95,-83.24,-83.24,-93.78,83.24,83.24,False,False,False,False,False,False,False,False,False,2026-09-21
0880,0880.HK,SJM HOLDINGS,澳博控股,99.78,"1,000",Equity,Equity Securities (Main Board),1.405,1.42,1.42,1.385,15180608,21.33,1.396,1.405,0.64,-0.04,-1.06,1.08,-0.71,2.52,3.54,11.15,2.52,3.54,-43.65,-59.89,-87.27,44.25,60.31,False,False,True,False,False,False,False,False,False,2026-09-21
0881,0881.HK,ZHONGSHENG HLDG,中升控股,73.26,500,Equity,Equity Securities (Main Board),3.09,3.185,3.215,3.065,9387750,29.01,3.123,3.209,-1.06,-3.69,-2.22,-0.16,-3.44,13.03,22.2,77.6,13.03,22.2,-75.33,-85.52,-95.86,76.29,86.08,False,False,False,False,False,False,False,False,False,2026-09-21
0882,0882.HK,TIANJIN DEV,天津发展,22.1,"2,000",Equity,Equity Securities (Main Board),2.06,2.06,2.075,2.04,134000,0.28,2.083,2.089,-1.1,-1.39,-1.2,-1.9,-1.67,2.76,2.98,5.02,2.76,2.98,-24.82,-30.37,-58.67,25.36,30.87,False,False,False,False,False,False,False,False,False,2026-09-21
0883,0883.HK,CNOOC,中国海洋石油,10636.14,"1,000",Equity,Equity Securities (Main Board),23.86,23.34,23.96,23.28,45018730,1074.15,24.036,24.572,-0.73,-2.9,1.1,-2.05,-2.45,30.98,30.98,30.98,30.98,30.98,-22.66,-22.66,-22.66,22.98,22.98,False,False,False,False,False,False,False,False,False,2026-09-21
0884,0884.HK,CIFI HOLD GP,旭辉控股集团,6.62,"2,000",Equity,Equity Securities (Main Board),0.034,0.032,0.035,0.032,91702268,3.12,0.032,0.034,6.25,1.19,6.25,9.68,9.68,0.17,1.0,7.5,0.17,1.0,-79.77,-96.5,-99.53,80.35,96.6,False,False,False,True,False,False,False,False,False,2026-09-21
0887,0887.HK,EMPEROR WATCH&J,英皇钟表珠宝,19.96,"10,000",Equity,Equity Securities (Main Board),0.275,0.28,0.28,0.27,3460000,0.95,0.285,0.29,-3.51,-5.17,0.0,-5.17,-5.17,0.4,0.65,0.65,0.4,0.65,-29.11,-56.92,-56.92,30.38,57.69,False,False,False,False,False,False,False,False,False,2026-09-21
0889,0889.HK,DATRONIX HOLD,连达科技控股,1.2,"2,000",Equity,Equity Securities (Main Board),0.375,0.375,0.38,0.365,218000,0.08,0.382,0.382,-1.83,-1.83,0.0,-6.25,-1.32,1.35,1.35,1.46,1.35,1.35,-71.85,-71.85,-73.97,72.22,72.22,False,False,False,False,False,False,False,False,False,2026-09-21
0893,0893.HK,CHINAVTM MINING,中国铁钛,1.48,"1,000",Equity,Equity Securities (Main Board),0.066,0.062,0.068,0.062,265000,0.02,0.066,0.066,0.61,-0.45,-2.94,3.12,0.0,0.11,0.15,0.47,0.11,0.15,-37.61,-54.67,-85.68,39.45,56.0,False,False,False,False,False,False,False,False,False,2026-09-21
0894,0894.HK,MAN YUE TECH,万裕科技,12.75,"2,000",Equity,Equity Securities (Main Board),2.66,2.515,2.85,2.32,11518000,30.64,2.577,2.311,3.22,15.1,5.77,-1.66,8.13,8.58,8.58,8.58,8.58,8.58,-66.78,-66.78,-66.78,69.0,69.0,False,False,False,False,False,False,False,False,False,2026-09-21
0895,0895.HK,DONGJIANG ENV,东江环保,3.14,200,Equity,Equity Securities (Main Board),1.57,1.555,1.585,1.555,444000,0.7,1.558,1.584,0.77,-0.88,0.96,-0.32,-1.87,3.05,3.7,14.02,3.05,3.7,-48.03,-57.16,-88.69,48.52,57.57,False,False,False,False,False,False,False,False,False,2026-09-21
0896,0896.HK,HANISON,兴胜创建,2.84,"2,000",Equity,Equity Securities (Main Board),0.265,0.248,0.265,0.248,22000,0.01,0.259,0.258,2.32,2.71,3.92,0.0,3.92,0.3,1.03,1.47,0.3,1.03,-11.67,-74.27,-81.97,11.67,74.27,False,False,False,True,False,False,False,False,False,2026-09-21
0899,0899.HK,ZHONG JIA GX,中加国信,1.14,"10,000",Equity,Equity Securities (Main Board),0.24,0.231,0.24,0.231,540000,0.13,0.217,0.204,10.5,17.88,0.0,15.94,26.32,0.29,3.5,31.0,0.29,3.5,-17.24,-93.14,-99.23,17.24,93.14,False,False,False,False,False,False,False,False,False,2026-09-21
0900,0900.HK,AEON CREDIT,AEON CREDIT,37.71,"2,000",Equity,Equity Securities (Main Board),9.005,9.005,9.1,8.995,26242,0.24,8.967,9.039,0.42,-0.38,0.39,0.61,-0.72,9.28,9.28,9.28,9.28,9.28,-1.99,-1.99,-1.99,3.02,3.02,False,False,False,False,False,False,False,True,True,2026-09-21
0901,0901.HK,SDMC,华曦达,139.67,100,Equity,Equity Securities (Main Board),66.65,70.5,70.5,66.05,181200,12.08,67.59,68.545,-1.39,-2.76,-4.65,-1.7,-1.84,88.45,88.45,88.45,88.45,88.45,-20.29,-20.29,-20.29,24.65,24.65,False,False,False,False,False,False,False,False,False,2026-09-21
0902,0902.HK,HUANENG POWER,华能国际电力股份,265.1,"2,000",Equity,Equity Securities (Main Board),5.645,5.64,5.69,5.62,9404000,53.09,5.659,5.719,-0.25,-1.29,-0.27,-0.53,-1.66,7.63,7.63,7.63,7.63,7.63,-25.43,-25.43,-25.43,26.02,26.02,False,False,False,False,False,False,False,False,False,2026-09-21
0905,0905.HK,WALNUT CAP,胡桃资本,1.85,"16,000",Equity,Investment Companies,0.176,0.184,0.189,0.176,384000,0.07,0.177,0.181,-0.34,-2.49,-2.22,4.14,-4.35,1.8,2.45,2.45,1.8,2.45,-89.5,-92.29,-92.29,90.22,92.82,False,False,False,False,False,False,False,False,False,2026-09-21
0909,0909.HK,MING YUAN CLOUD,明源云,19.95,"1,000",Equity,Equity Securities (Main Board),1.06,0.985,1.065,0.985,6828564,7.24,1.013,1.054,4.64,0.57,10.99,1.92,-0.93,3.7,4.83,60.8,3.7,4.83,-71.22,-77.95,-98.25,71.35,78.05,False,False,False,True,False,False,False,False,False,2026-09-21
0910,0910.HK,CHINA SANDI,中国三迪,0.86,"6,000",Equity,Equity Securities (Main Board),0.017,0.017,0.017,0.016,3136500,0.05,0.018,0.019,-4.49,-10.99,0.0,0.0,-15.0,0.05,0.19,0.69,0.05,0.19,-62.22,-90.96,-97.54,62.22,90.96,False,False,False,False,False,False,False,False,False,2026-09-21
0911,0911.HK,QIANHAI HEALTH,前海健康,0.62,"10,000",Equity,Equity Securities (Main Board),0.36,0.355,0.355,0.355,12350,0.0,0.382,0.411,-5.76,-12.41,-7.69,-5.26,-11.11,1.4,1.4,21.0,1.4,1.4,-74.64,-74.64,-98.31,74.29,74.29,False,False,False,False,False,False,False,False,False,2026-09-21
0913,0913.HK,HARBOUR DIGITAL,港湾数字,1.34,"10,000",Equity,Investment Companies,0.151,0.157,0.157,0.151,1472000,0.22,0.159,0.162,-5.27,-6.91,-4.43,-8.48,-8.48,0.46,1.01,4.2,0.46,1.01,-65.87,-84.46,-96.26,67.17,85.05,False,False,False,False,False,False,False,False,False,2026-09-21
0914,0914.HK,CONCH CEMENT,海螺水泥,205.79,500,Equity,Equity Securities (Main Board),16.02,15.96,16.13,15.8,4850242,77.7,16.14,16.401,-0.74,-2.32,0.38,-1.48,-1.48,27.14,27.14,62.05,27.14,27.14,-40.57,-40.57,-74.0,40.97,40.97,False,False,False,False,False,False,False,False,False,2026-09-21
0915,0915.HK,DAOHE GLOBAL,道和环球,0.83,"1,000",Equity,Equity Securities (Main Board),0.055,0.055,0.055,0.055,1000,0.0,0.058,0.057,-4.84,-3.51,-1.79,-8.33,-6.78,0.07,0.25,4.52,0.07,0.25,-22.54,-78.43,-98.78,22.54,78.43,False,False,False,False,False,False,False,False,False,2026-09-21
0916,0916.HK,CHINA LONGYUAN,龙源电力,172.53,"1,000",Equity,Equity Securities (Main Board),5.195,5.2,5.27,5.17,14139880,73.46,5.232,5.316,-0.71,-2.29,-1.7,-1.05,-2.81,8.57,8.66,20.25,8.57,8.66,-38.51,-39.15,-73.98,39.38,40.01,False,False,False,False,False,False,False,False,False,2026-09-21
0917,0917.HK,QUNABOX GROUP,趣致集团,21.21,100,Equity,Equity Securities (Main Board),8.01,8.08,8.315,8.0,5853200,46.88,7.767,7.939,3.13,0.89,-0.19,5.39,1.39,37.0,137.0,137.0,37.0,137.0,-77.53,-93.93,-93.93,78.35,94.15,False,False,False,False,False,False,False,False,False,2026-09-21
0918,0918.HK,MAJESTIC DRAGON,龙翼航空科技,18.05,"6,000",Equity,Equity Securities (Main Board),1.62,1.69,1.69,1.46,846000,1.37,1.697,1.819,-4.54,-10.92,-4.14,-6.36,-10.74,3.2,3.2,5.57,3.2,3.2,-47.19,-47.19,-69.67,49.38,49.38,False,False,False,False,False,False,False,False,False,2026-09-21
0921,0921.HK,HISENSE HA,海信家电,97.98,"1,000",Equity,Equity Securities (Main Board),21.3,21.92,22.6,21.3,939000,20.0,21.924,22.296,-2.85,-4.47,-3.45,-3.09,-6.0,27.48,39.5,39.5,27.48,39.5,-17.76,-42.78,-42.78,22.49,46.08,False,False,False,False,False,False,False,False,False,2026-09-21
0922,0922.HK,ANXIANYUAN CH,安贤园中国,2.24,"10,000",Equity,Equity Securities (Main Board),0.101,0.102,0.102,0.1,660000,0.07,0.102,0.104,-1.37,-2.51,0.0,-1.94,-3.81,0.14,0.2,1.3,0.14,0.2,-27.14,-49.0,-92.16,27.86,49.5,False,False,False,False,False,False,False,False,False,2026-09-21
0923,0923.HK,IWS,综合环保集团,0.77,"2,000",Equity,Equity Securities (Main Board),0.016,0.016,0.016,0.016,600000,0.01,0.016,0.016,0.0,-1.84,0.0,0.0,0.0,0.02,0.05,0.23,0.02,0.05,-27.27,-66.67,-93.19,27.27,66.67,False,False,False,False,False,False,False,False,False,2026-09-21
0927,0927.HK,FUJIKON IND,富士高实业,2.5,"2,000",Equity,Equity Securities (Main Board),0.49,0.46,0.49,0.43,36000,0.02,0.452,0.448,8.41,9.38,6.52,12.64,12.64,0.7,0.86,1.63,0.7,0.86,-30.0,-43.02,-69.94,30.0,43.02,True,False,False,True,False,False,False,False,False,2026-09-21
0928,0928.HK,KING INTL INV,帝王国际投资,2.61,"20,000",Equity,Equity Securities (Main Board),0.141,0.14,0.143,0.129,6280000,0.89,0.139,0.141,1.73,-0.07,4.44,-1.4,0.71,0.15,0.6,8.25,0.15,0.6,-5.3,-76.17,-98.27,6.62,76.5,False,False,False,False,False,False,False,True,False,2026-09-21
0929,0929.HK,IPE GROUP,国际精密,5.52,"5,000",Equity,Equity Securities (Main Board),0.525,0.51,0.525,0.505,405000,0.21,0.519,0.522,1.16,0.57,-0.94,1.94,-2.78,1.4,1.4,2.35,1.4,1.4,-62.5,-62.5,-77.66,62.5,62.5,False,False,True,True,False,False,False,False,False,2026-09-21
0931,0931.HK,CHINA HK POWER,中国港能,25.29,"2,000",Equity,Equity Securities (Main Board),0.31,0.31,0.315,0.305,1789000,0.55,0.316,0.317,-1.9,-2.36,-3.12,0.0,0.0,0.6,0.76,2.32,0.6,0.76,-47.5,-58.55,-86.42,48.33,59.21,False,False,False,False,False,False,False,False,False,2026-09-21
0932,0932.HK,SHUNTEN INTL,顺腾国际控股,0.93,"4,000",Equity,Equity Securities (Main Board),0.03,0.029,0.03,0.029,168000,0.01,0.03,0.03,0.0,0.67,0.0,0.0,0.0,0.04,0.07,1.97,0.04,0.07,-25.0,-57.14,-98.48,25.0,57.14,False,False,False,False,False,False,False,False,False,2026-09-21
0933,0933.HK,VIVA GOODS,非凡领越,35.85,"8,000",Equity,Equity Securities (Main Board),0.36,0.37,0.39,0.36,2416000,0.87,0.35,0.346,2.86,4.05,-2.7,5.88,10.77,0.71,1.5,1.97,0.71,1.5,-45.07,-74.0,-80.2,49.3,76.0,False,False,False,False,False,False,False,False,False,2026-09-21
0934,0934.HK,SINOPEC KANTONS,中石化冠德,91.12,"2,000",Equity,Equity Securities (Main Board),3.67,3.67,3.69,3.645,1338000,4.91,3.728,3.763,-1.56,-2.47,-0.27,-2.65,-4.18,4.52,5.01,5.56,4.52,5.01,-18.36,-26.35,-33.63,18.81,26.75,False,False,False,False,False,False,False,False,False,2026-09-21
0936,0936.HK,KAISA CAPITAL,佳兆业资本,2.81,"10,000",Equity,Equity Securities (Main Board),0.265,0.265,0.265,0.265,10000,0.0,0.264,0.275,0.38,-3.81,3.92,-1.85,-3.64,0.49,1.35,1.49,0.49,1.35,-45.36,-80.37,-82.21,45.36,80.37,False,False,False,False,False,False,False,False,False,2026-09-21
0939,0939.HK,CCB,建设银行,23380.58,"1,000",Equity,Equity Securities (Main Board),9.72,9.6,9.73,9.55,95263098,925.96,9.646,9.681,0.77,0.41,1.36,0.88,-1.72,9.9,9.9,9.9,9.9,9.9,-1.72,-1.72,-1.72,1.82,1.82,False,False,False,True,False,False,False,True,True,2026-09-21
0941,0941.HK,CHINA MOBILE,中国移动,16422.65,500,Equity,Equity Securities (Main Board),79.0,79.0,79.15,78.45,12737194,1006.24,79.13,79.045,-0.16,-0.06,-0.06,-0.44,-0.25,88.05,90.6,98.0,88.05,90.6,-10.11,-12.64,-19.23,10.28,12.8,False,False,False,False,False,False,False,False,False,2026-09-21
0943,0943.HK,ZHONGZHENG INTL,中证国际,3.71,"16,000",Equity,Equity Securities (Main Board),0.18,0.184,0.19,0.18,80000,0.01,0.179,0.163,0.78,10.77,-2.7,-5.26,21.62,0.26,0.39,5.93,0.26,0.39,-26.92,-51.16,-96.8,30.77,53.73,False,False,False,False,False,False,False,False,False,2026-09-21
0945,0945.HK,MANULIFE-S,宏利金融－Ｓ,5782.29,100,Equity,Equity Securities (Main Board),349.0,348.4,349.0,347.0,25967,9.06,344.24,343.0,1.38,1.75,1.45,1.39,1.75,352.0,352.0,352.0,352.0,352.0,-0.85,-0.85,-0.85,0.85,0.85,False,False,False,False,False,False,False,True,True,2026-09-21
0947,0947.HK,MOBI DEV,摩比发展,1.43,"1,000",Equity,Equity Securities (Main Board),0.179,0.195,0.195,0.173,133000,0.02,0.18,0.179,-0.56,-0.22,4.07,-3.24,-0.56,0.44,0.44,1.74,0.44,0.44,-55.17,-55.17,-88.79,58.85,58.85,False,False,False,False,False,False,False,False,False,2026-09-21
0948,0948.HK,ALPHA PRO H-10K,阿尔法企业－一万,1.22,"10,000",Equity,Equity Securities (Main Board),0.295,0.295,0.295,0.295,30000,0.01,0.289,0.275,2.08,7.08,0.0,0.0,11.32,0.37,0.8,3.23,0.37,0.8,-19.18,-63.13,-90.87,19.18,63.13,False,False,False,False,False,False,False,False,False,2026-09-21
0950,0950.HK,LEE'S PHARM,李氏大药厂,7.12,500,Equity,Equity Securities (Main Board),1.21,1.21,1.22,1.185,469000,0.57,1.168,1.173,3.6,3.15,0.0,6.61,5.68,1.69,2.7,14.7,1.69,2.7,-27.81,-54.81,-91.7,28.4,55.19,False,False,False,False,False,False,False,False,False,2026-09-21
0951,0951.HK,CHAOWEI POWER,超威动力,12.2,"1,000",Equity,Equity Securities (Main Board),1.105,1.12,1.125,1.105,191000,0.21,1.118,1.122,-1.16,-1.47,-1.34,-1.78,-1.78,2.61,2.61,7.82,2.61,2.61,-56.9,-56.9,-85.61,57.66,57.66,False,False,False,False,False,False,False,False,False,2026-09-21
0953,0953.HK,SHAW BROTHERS,邵氏兄弟控股,2.02,"2,000",Equity,Equity Securities (Main Board),0.142,0.151,0.153,0.112,18630000,2.65,0.163,0.167,-13.1,-14.82,-15.98,-15.98,-16.47,0.4,0.4,1.13,0.4,0.4,-61.75,-61.75,-86.46,64.5,64.5,False,False,False,False,False,False,False,False,False,2026-09-21
0956,0956.HK,CHINA SUNTIEN,新天绿色能源,72.96,"1,000",Equity,Equity Securities (Main Board),3.395,3.325,3.415,3.325,6766935,22.97,3.335,3.322,1.8,2.21,1.8,2.41,3.66,4.66,4.78,8.23,4.66,4.78,-26.72,-28.56,-58.51,27.15,28.97,False,False,False,False,False,False,False,False,False,2026-09-21
0960,0960.HK,LONGFOR GROUP,龙湖集团,412.0,500,Equity,Equity Securities (Main Board),5.8,5.64,5.97,5.465,44145050,256.04,5.553,5.712,4.45,1.55,2.11,4.13,7.91,10.83,20.15,53.6,10.83,20.15,-44.88,-70.37,-88.86,46.45,71.22,False,False,True,True,False,False,False,False,False,2026-09-21
0966,0966.HK,CHINA TAIPING,中国太平,747.56,200,Equity,Equity Securities (Main Board),20.8,20.66,20.96,20.48,3564165,74.13,20.8,21.124,-0.0,-1.53,0.19,-0.95,-3.44,25.96,25.96,36.1,25.96,25.96,-19.26,-19.26,-41.94,19.88,19.88,False,False,False,False,False,False,False,False,False,2026-09-21
0968,0968.HK,XINYI SOLAR,信义光能,185.69,"2,000",Equity,Equity Securities (Main Board),2.035,2.04,2.055,2.02,32565289,66.27,2.032,2.08,0.15,-2.14,-0.49,0.49,-3.1,3.73,6.82,24.8,3.73,6.82,-44.91,-69.87,-91.71,45.44,70.16,False,False,True,False,False,False,False,False,False,2026-09-21
0969,0969.HK,HUA LIEN INT'L,华联国际,2.21,"2,000",Equity,Equity Securities (Main Board),0.101,0.1,0.105,0.1,544000,0.05,0.106,0.109,-4.54,-7.59,-1.94,-5.61,-15.13,0.3,0.35,0.35,0.3,0.35,-65.0,-70.0,-70.0,66.33,71.14,False,False,False,False,False,False,False,False,False,2026-09-21
0974,0974.HK,SKL,中国顺客隆,2.32,"1,000",Equity,Equity Securities (Main Board),0.8,0.8,0.8,0.8,25000,0.02,0.78,0.768,2.56,4.1,3.23,3.23,3.23,1.24,2.8,4.35,1.24,2.8,-35.48,-71.43,-81.61,35.48,71.43,False,False,False,False,False,False,False,False,False,2026-09-21
0975,0975.HK,MONGOL MINING,MONGOL MINING,90.06,"3,000",Equity,Equity Securities (Main Board),8.78,8.94,8.99,8.73,2738456,24.04,9.1,9.463,-3.52,-7.21,-1.79,-5.59,-5.23,14.58,14.78,14.78,14.58,14.78,-38.34,-39.17,-39.17,39.78,40.6,False,False,False,False,False,False,False,False,False,2026-09-21
0978,0978.HK,CHI MER LAND,招商局置地,11.63,"2,000",Equity,Equity Securities (Main Board),0.237,0.237,0.237,0.237,2000,0.0,0.237,0.237,0.17,0.04,0.85,-2.47,0.42,0.31,0.56,1.92,0.31,0.56,-22.3,-57.68,-87.66,22.3,57.68,False,False,False,False,False,False,False,False,False,2026-09-21
0979,0979.HK,GREEN ENERGY GP,绿色能源科技集团,5.25,"2,000",Equity,Equity Securities (Main Board),0.38,0.43,0.43,0.38,466000,0.18,0.385,0.375,-1.3,1.33,-1.3,-9.52,8.57,0.56,0.56,0.69,0.56,0.56,-23.21,-23.21,-37.68,32.14,32.14,False,False,False,False,False,False,False,False,False,2026-09-21
0981,0981.HK,SMIC,中芯国际,3939.49,500,Equity,Equity Securities (Main Board),65.45,65.05,66.6,64.5,36164516,2366.97,63.48,63.565,3.1,2.97,0.46,2.83,6.77,93.0,93.5,93.5,93.0,93.5,-28.39,-28.77,-28.77,29.62,30.0,False,False,False,False,False,False,False,False,False,2026-09-21
0983,0983.HK,SOCAM DEV,瑞安建业,1.92,"2,000",Equity,Equity Securities (Main Board),0.515,0.455,0.515,0.43,218000,0.11,0.474,0.495,8.65,3.94,13.19,10.75,1.98,0.55,0.82,3.15,0.55,0.82,-5.5,-37.2,-83.65,5.5,37.2,False,False,False,True,False,False,False,True,False,2026-09-21
0986,0986.HK,DUFU LIQUOR GP,杜甫酒业集团,0.3,"5,000",Equity,Equity Securities (Main Board),0.23,0.25,0.325,0.221,8296100,1.91,0.249,0.26,-7.48,-11.47,-5.35,-9.8,-14.81,0.97,1.68,14.83,0.97,1.68,-66.49,-80.65,-97.81,76.29,86.31,False,False,False,False,False,False,False,False,False,2026-09-21
0987,0987.HK,CH RENEW EN INV,中国再生能源投资,5.31,"2,000",Equity,Equity Securities (Main Board),0.212,0.212,0.212,0.212,20000,0.0,0.216,0.212,-1.67,0.14,0.0,-1.85,-1.85,0.24,0.24,0.44,0.24,0.24,-13.11,-13.11,-51.26,13.11,13.11,False,False,False,False,False,False,False,False,False,2026-09-21
0989,0989.HK,CHINA CBS INTL,中国长白山国际,27.35,"10,000",Equity,Equity Securities (Main Board),0.51,0.6,0.6,0.49,419250,0.21,0.558,0.559,-8.6,-8.77,-15.0,-9.73,-7.27,0.98,4.04,46.6,0.98,4.04,-38.78,-85.15,-98.71,47.96,87.38,False,False,False,False,False,False,False,False,False,2026-09-21
0990,0990.HK,DEEP SOURCE,至源控股,90.82,"10,000",Equity,Equity Securities (Main Board),0.615,0.605,0.62,0.6,16040000,9.86,0.586,0.584,4.95,5.4,1.65,6.96,10.81,0.97,0.99,1.7,0.97,0.99,-36.08,-37.37,-63.53,36.6,37.88,True,False,False,False,False,False,False,False,False,2026-09-21
0991,0991.HK,DATANG POWER,大唐发电,158.88,"2,000",Equity,Equity Securities (Main Board),2.595,2.625,2.625,2.565,17538000,45.51,2.628,2.678,-1.26,-3.08,-1.14,-2.44,-3.53,3.61,3.61,3.61,3.61,3.61,-27.29,-27.29,-27.29,28.12,28.12,False,False,False,False,False,False,False,False,False,2026-09-21
0992,0992.HK,LENOVO GROUP,联想集团,4432.07,"2,000",Equity,Equity Securities (Main Board),35.72,36.9,37.06,35.04,87616546,3129.66,34.524,33.11,3.46,7.88,-4.95,5.68,11.14,37.88,37.88,37.88,37.88,37.88,-2.16,-2.16,-2.16,5.7,5.7,False,False,False,False,False,False,False,True,True,2026-09-21
0993,0993.HK,XINKONG INT CAP,信控国际资本,8.1,"1,000",Equity,Equity Securities (Main Board),0.093,0.09,0.098,0.088,187000,0.02,0.093,0.094,-0.21,-0.96,-2.11,0.0,-4.12,0.16,1.0,3.49,0.16,1.0,-36.77,-90.2,-97.19,40.0,90.7,False,False,False,False,False,False,False,False,False,2026-09-21
0994,0994.HK,CT VISION,中天宏信,4.32,"4,000",Equity,Equity Securities (Main Board),0.335,0.335,0.335,0.3,1356000,0.45,0.311,0.273,7.79,22.76,0.0,6.35,43.16,0.6,0.6,2.74,0.6,0.6,-44.17,-44.17,-87.77,44.17,44.17,False,False,False,False,False,False,False,False,False,2026-09-21
0995,0995.HK,ANHUIEXPRESSWAY,安徽皖通高速公路,84.65,"2,000",Equity,Equity Securities (Main Board),15.46,15.64,15.67,15.31,702507,10.86,15.792,15.794,-2.1,-2.11,-1.47,-3.62,-2.71,18.3,18.3,18.3,18.3,18.3,-14.37,-14.37,-14.37,15.52,15.52,False,False,False,False,False,False,False,False,False,2026-09-21
0997,0997.HK,CHINLINK INTL,普汇中金国际,0.25,"8,000",Equity,Equity Securities (Main Board),0.021,0.018,0.021,0.018,56000,0.0,0.02,0.021,6.06,-0.47,5.0,10.53,0.0,0.04,0.05,12.99,0.04,0.05,-46.15,-57.14,-99.84,46.15,57.14,False,False,True,False,False,False,False,False,False,2026-09-21
0998,0998.HK,CITIC BANK,中信银行,1268.7,"1,000",Equity,Equity Securities (Main Board),8.525,8.385,8.53,8.265,21465398,182.99,8.449,8.44,0.9,1.01,1.67,0.53,0.24,8.6,8.6,8.6,8.6,8.6,-0.81,-0.81,-0.81,0.87,0.87,False,False,False,True,False,False,False,True,True,2026-09-21
0999,0999.HK,XIAOCAIYUAN,小菜园,99.96,800,Equity,Equity Securities (Main Board),8.58,8.835,9.045,8.465,6344806,54.44,8.391,8.247,2.25,4.03,-2.5,4.76,7.12,9.78,13.02,13.02,9.78,13.02,-7.52,-30.53,-30.53,12.27,34.1,False,False,False,False,False,False,False,False,False,2026-09-21
1000,1000.HK,BEIJING MEDIA,北青传媒,0.27,500,Equity,Equity Securities (Main Board),0.49,0.4,0.49,0.375,118000,0.06,0.419,0.409,16.95,19.8,4.26,38.03,22.5,0.93,0.93,4.4,0.93,0.93,-47.31,-47.31,-88.86,47.31,47.31,True,False,False,True,False,False,False,False,False,2026-09-21
1002,1002.HK,V.S. INT'L,威铖国际,1.33,"4,000",Equity,Equity Securities (Main Board),0.048,0.051,0.056,0.048,212000,0.01,0.052,0.052,-8.05,-8.22,-7.69,-9.43,-12.73,0.1,0.1,0.43,0.1,0.1,-42.27,-45.1,-86.98,50.52,52.94,False,False,False,False,False,False,False,False,False,2026-09-21
1003,1003.HK,HUANXI MEDIA,欢喜传媒,9.73,"10,000",Equity,Equity Securities (Main Board),0.222,0.198,0.228,0.198,5860000,1.3,0.202,0.201,9.68,10.56,12.12,12.69,12.12,0.4,0.99,3.18,0.4,0.99,-43.0,-76.97,-92.83,44.5,77.58,False,False,False,True,False,False,False,False,False,2026-09-21
1004,1004.HK,C SMARTERENERGY,中国智慧能源,0.93,"10,000",Equity,Equity Securities (Main Board),0.199,0.172,0.233,0.172,444000,0.09,0.192,0.176,3.75,13.2,5.85,6.99,25.95,0.64,1.12,28.0,0.64,1.12,-63.59,-79.2,-99.17,68.91,82.23,False,False,False,True,False,False,False,False,False,2026-09-21
1008,1008.HK,LITU HOLDINGS,力图控股,2.38,"2,000",Equity,Equity Securities (Main Board),0.152,0.155,0.155,0.152,38000,0.01,0.154,0.153,-1.04,-0.52,-5.0,0.0,0.0,0.23,0.33,1.4,0.23,0.33,-32.31,-53.03,-88.93,33.62,53.94,False,False,False,False,False,False,False,False,False,2026-09-21
1009,1009.HK,INT'L ENT,国际娱乐,20.2,"10,000",Equity,Equity Securities (Main Board),1.475,1.475,1.475,1.475,10000,0.01,1.483,1.486,-0.54,-0.74,-1.01,-0.34,0.68,1.56,2.9,2.9,1.56,2.9,-5.45,-49.14,-49.14,5.45,49.14,False,False,False,False,False,False,False,True,False,2026-09-21
1010,1010.HK,SKY BLUE 11,天玺曜１１,0.29,"2,000",Equity,Equity Securities (Main Board),0.066,0.058,0.066,0.058,788000,0.05,0.067,0.06,-0.9,9.45,8.2,-10.81,10.0,0.11,4.33,7.3,0.11,4.33,-40.0,-98.48,-99.1,40.0,98.48,False,False,False,False,False,False,False,False,False,2026-09-21
1011,1011.HK,NT PHARMA,泰凌医药,7.46,"10,000",Equity,Equity Securities (Main Board),0.415,0.38,0.45,0.38,91900,0.04,0.375,0.378,10.67,9.93,9.21,15.28,15.28,0.9,1.4,2.48,0.9,1.4,-50.0,-67.86,-81.85,53.89,70.36,False,False,False,False,False,False,False,False,False,2026-09-21
1020,1020.HK,CIPRUN TECH,中细软科技,14.6,"4,000",Equity,Equity Securities (Main Board),0.244,0.244,0.247,0.239,11796000,2.88,0.244,0.247,0.0,-1.37,-0.41,0.0,-0.41,0.55,0.55,0.55,0.55,0.55,-55.09,-55.09,-55.09,55.64,55.64,False,False,True,False,False,False,False,False,False,2026-09-21
1021,1021.HK,HUAYAN ROBOTICS,华沿机器人,60.05,200,Equity,Equity Securities (Main Board),11.16,11.62,11.72,11.0,3807000,42.49,10.92,10.693,2.2,4.37,-1.41,-0.36,1.45,25.12,25.12,25.12,25.12,25.12,-53.34,-53.34,-53.34,55.57,55.57,False,False,False,False,False,False,False,False,False,2026-09-21
1022,1022.HK,FEIYU,飞鱼科技,6.04,"1,500",Equity,Equity Securities (Main Board),0.345,0.345,0.35,0.345,148500,0.05,0.337,0.345,2.37,-0.0,0.0,4.55,4.55,0.71,1.01,1.5,0.71,1.01,-50.7,-65.35,-76.67,51.41,65.84,False,False,False,False,False,False,False,False,False,2026-09-21
1024,1024.HK,KUAISHOU-W,快手－Ｗ,1130.03,100,Equity,Equity Securities (Main Board),30.84,30.78,30.88,30.5,20657633,637.08,30.196,30.984,2.13,-0.46,0.33,3.98,0.85,85.2,92.6,417.8,85.2,92.6,-63.76,-66.65,-92.61,63.8,66.7,True,False,False,False,False,False,False,False,False,2026-09-21
1025,1025.HK,KNT HOLDINGS,嘉艺控股,0.87,"8,000",Equity,Equity Securities (Main Board),0.194,0.193,0.2,0.193,9128000,1.77,0.198,0.2,-2.12,-3.24,0.52,-4.43,-13.0,0.35,8.8,88.66,0.35,8.8,-43.66,-97.73,-99.77,45.35,97.8,False,False,False,False,False,False,False,False,False,2026-09-21
1026,1026.HK,UNIVERSAL TECH,环球实业科技,6.62,"10,000",Equity,Equity Securities (Main Board),0.11,0.106,0.11,0.106,620000,0.07,0.105,0.088,4.96,25.57,0.0,4.76,29.41,0.13,0.21,0.45,0.13,0.21,-17.29,-47.37,-75.41,17.29,47.37,False,False,False,False,False,False,False,False,False,2026-09-21
1027,1027.HK,ASIA STRAT TECH,亚洲策略科技,12.03,"1,000",Equity,Equity Securities (Main Board),2.88,2.88,2.88,2.88,2000,0.01,2.818,2.772,2.2,3.91,0.0,4.73,6.67,4.5,5.0,140.0,4.5,5.0,-36.0,-42.4,-97.94,36.0,42.4,False,False,False,False,False,False,False,False,False,2026-09-21
1028,1028.HK,C.BANNER,千百度,23.8,"1,000",Equity,Equity Securities (Main Board),0.955,0.95,1.135,0.925,2672000,2.55,0.902,0.927,5.88,3.02,0.53,11.05,12.35,1.83,1.83,3.35,1.83,1.83,-37.98,-37.98,-66.12,47.81,47.81,True,False,False,True,False,False,False,False,False,2026-09-21
1030,1030.HK,SEAZEN,新城发展,109.32,"2,000",Equity,Equity Securities (Main Board),1.505,1.5,1.52,1.43,47683974,71.76,1.434,1.423,4.95,5.73,1.35,7.5,8.27,2.81,3.48,11.06,2.81,3.48,-45.91,-56.32,-86.26,46.44,56.75,True,False,False,False,False,False,False,False,False,2026-09-21
1033,1033.HK,SINOPEC SSC,中石化油服,36.25,"2,000",Equity,Equity Securities (Main Board),0.665,0.65,0.67,0.65,19964000,13.28,0.673,0.68,-1.19,-2.21,2.31,-6.34,0.0,1.88,1.88,1.88,1.88,1.88,-64.36,-64.36,-64.36,64.63,64.63,False,False,False,False,False,False,False,False,False,2026-09-21
1036,1036.HK,VANKE OVERSEAS,万科海外,7.34,"1,000",Equity,Equity Securities (Main Board),1.885,1.87,1.88,1.87,47000,0.09,1.827,1.815,3.17,3.83,1.89,4.72,3.57,1.92,2.44,7.15,1.92,2.44,-2.08,-22.95,-73.71,1.82,22.75,False,False,False,False,False,False,False,True,False,2026-09-21
1037,1037.HK,MAXNERVA TECH,云智汇科技,4.31,"2,000",Equity,Equity Securities (Main Board),0.61,0.61,0.62,0.61,516000,0.31,0.615,0.617,-0.81,-1.13,0.0,-1.61,-1.61,0.91,1.42,2.93,0.91,1.42,-31.87,-56.34,-78.84,32.97,57.04,False,False,False,False,False,False,False,False,False,2026-09-21
1038,1038.HK,CKI HOLDINGS,长江基建集团,1647.83,500,Equity,Equity Securities (Main Board),65.45,65.4,65.6,65.05,1186605,77.66,64.79,65.455,1.02,-0.01,0.08,2.11,-0.68,67.9,67.9,73.8,67.9,67.9,-3.39,-3.39,-11.11,3.61,3.61,True,False,False,False,False,False,False,True,True,2026-09-21
1044,1044.HK,HENGAN INT'L,恒安国际,229.91,500,Equity,Equity Securities (Main Board),19.9,19.68,19.98,19.58,4626113,92.06,19.88,20.514,0.1,-2.99,1.02,-0.9,-4.23,29.96,29.96,88.7,29.96,29.96,-33.31,-33.31,-77.47,33.58,33.58,False,False,False,False,False,False,False,False,False,2026-09-21
1045,1045.HK,APT SATELLITE,亚太卫星,18.9,"2,000",Equity,Equity Securities (Main Board),2.035,2.005,2.06,2.005,734000,1.49,2.101,2.153,-3.14,-5.48,-0.49,-5.79,-5.57,5.39,5.39,5.71,5.39,5.39,-61.78,-61.78,-63.92,62.24,62.24,False,False,False,False,False,False,False,False,False,2026-09-21
1046,1046.HK,UNIVERSE ENT,寰宇娱乐文化,12.06,"5,000",Equity,Equity Securities (Main Board),1.33,1.3,1.355,1.235,17778550,23.65,1.175,1.085,13.19,22.58,3.1,22.58,29.13,1.29,1.29,1.5,1.36,1.36,5.04,5.04,-9.67,1.85,1.85,True,False,False,False,True,True,False,True,True,2026-09-21
1050,1050.HK,KARRIE INT'L,嘉利国际,41.75,"2,000",Equity,Equity Securities (Main Board),2.0,2.025,2.07,1.975,2166000,4.33,1.943,1.965,2.93,1.76,0.0,3.9,5.82,3.51,3.51,3.51,3.51,3.51,-41.03,-41.03,-41.03,43.02,43.02,False,False,False,False,False,False,False,False,False,2026-09-21
1051,1051.HK,G-RESOURCES,国际资源,31.11,"1,000",Equity,Equity Securities (Main Board),6.9,7.15,7.15,6.9,29250,0.2,7.254,7.426,-4.88,-7.08,-3.23,-8.24,-8.43,12.1,12.1,12.1,12.1,12.1,-40.91,-40.91,-40.91,42.98,42.98,False,False,False,False,False,False,False,False,False,2026-09-21
1052,1052.HK,YUEXIUTRANSPORT,越秀交通基建,56.89,"2,000",Equity,Equity Securities (Main Board),3.4,3.425,3.425,3.38,1698000,5.77,3.397,3.418,0.09,-0.51,0.29,-0.58,0.15,4.81,4.81,7.53,4.81,4.81,-28.79,-28.79,-54.52,29.31,29.31,False,False,False,False,False,False,False,False,False,2026-09-21
1053,1053.HK,CHONGQING IRON,重庆钢铁股份,4.63,"2,000",Equity,Equity Securities (Main Board),0.86,0.85,0.86,0.85,3080000,2.65,0.853,0.875,0.82,-1.66,0.0,0.58,-0.58,1.46,2.12,3.21,1.46,2.12,-41.1,-59.43,-73.21,41.1,59.43,False,False,True,False,False,False,False,False,False,2026-09-21
1055,1055.HK,CHINA SOUTH AIR,中国南方航空股份,139.55,"2,000",Equity,Equity Securities (Main Board),2.99,3.0,3.05,2.97,16479738,49.27,2.934,2.982,1.91,0.27,1.01,2.4,2.05,6.62,6.62,11.0,6.62,6.62,-53.93,-53.93,-72.27,54.83,54.83,False,False,False,True,False,False,False,False,False,2026-09-21
1057,1057.HK,ZHEJIANG SHIBAO,浙江世宝,8.43,"2,000",Equity,Equity Securities (Main Board),3.895,3.885,3.915,3.835,2062000,8.03,3.829,3.857,1.72,0.99,0.39,2.91,1.83,7.39,7.39,7.39,7.39,7.39,-47.02,-47.02,-47.02,47.29,47.29,True,False,False,True,False,False,False,False,False,2026-09-21
1060,1060.HK,DAMAI ENT,大麦娱乐,145.39,"10,000",Equity,Equity Securities (Main Board),0.48,0.49,0.49,0.48,56943062,27.33,0.489,0.495,-1.84,-3.03,-2.04,-3.03,-3.03,1.08,1.37,1.85,1.08,1.37,-54.63,-64.23,-73.51,55.56,64.96,False,False,False,False,False,False,False,False,False,2026-09-21
1061,1061.HK,ESSEX BIO-TECH,亿胜生物科技,12.77,"1,000",Equity,Equity Securities (Main Board),2.26,2.3,2.345,2.22,438741,0.99,2.143,2.122,5.46,6.5,-0.22,10.24,10.51,4.5,6.12,9.6,4.5,6.12,-47.89,-61.68,-75.57,49.78,63.07,False,False,False,False,False,False,False,False,False,2026-09-21
1062,1062.HK,CDB INT'L INV,国开国际投资,2.87,"10,000",Equity,Investment Companies,0.099,0.093,0.1,0.093,830000,0.08,0.091,0.09,8.79,10.61,10.0,7.61,26.92,0.12,0.13,0.31,0.12,0.13,-18.03,-22.48,-68.25,18.85,23.26,False,False,False,False,False,False,False,False,False,2026-09-21
1063,1063.HK,SUNCORP TECH,新确科技,0.91,"5,000",Equity,Equity Securities (Main Board),0.295,0.295,0.295,0.295,5600,0.0,0.296,0.296,-0.34,-0.51,-3.28,3.51,3.51,0.69,1.35,8.8,0.69,1.35,-57.25,-78.15,-96.65,57.25,78.15,False,False,False,False,False,False,False,False,False,2026-09-21
1064,1064.HK,ZHONG HUA INT'L,中华国际,0.53,"5,000",Equity,Equity Securities (Main Board),0.069,0.068,0.071,0.067,110000,0.01,0.071,0.072,-2.82,-3.9,6.15,-13.75,-6.76,0.13,0.17,0.52,0.13,0.17,-44.53,-58.24,-86.35,46.09,59.41,False,False,False,False,False,False,False,False,False,2026-09-21
1065,1065.HK,TIANJIN CAPITAL,天津创业环保股份,12.61,"2,000",Equity,Equity Securities (Main Board),3.71,3.685,3.725,3.68,306000,1.14,3.703,3.72,0.19,-0.28,0.13,-0.54,-0.27,4.86,10.02,10.02,4.86,10.02,-23.35,-62.82,-62.82,23.66,62.97,False,False,False,False,False,False,False,False,False,2026-09-21
1066,1066.HK,WEIGAO GROUP,威高股份,144.84,400,Equity,Equity Securities (Main Board),3.25,3.17,3.26,3.16,9962798,32.38,3.172,3.174,2.46,2.41,2.85,4.0,2.69,5.68,8.02,22.7,5.68,8.02,-42.61,-59.35,-85.64,42.78,59.48,False,False,False,True,False,False,False,False,False,2026-09-21
1068,1068.HK,YURUN FOOD,雨润食品,1.42,"1,000",Equity,Equity Securities (Main Board),0.078,0.074,0.078,0.074,6000,0.0,0.077,0.077,1.83,1.56,-1.27,4.0,-2.5,0.14,0.31,2.58,0.14,0.31,-43.07,-74.84,-96.98,43.07,74.84,False,False,True,True,False,False,False,False,False,2026-09-21
1069,1069.HK,CN HEALTH TECH,中国健康科技集团,0.7,"10,000",Equity,Equity Securities (Main Board),0.226,0.234,0.232,0.22,1800000,0.41,0.24,0.249,-5.68,-9.13,-3.42,-5.83,-14.72,0.51,1.45,274.82,0.51,1.45,-54.51,-84.0,-99.92,55.69,84.41,False,False,False,False,False,False,False,False,False,2026-09-21
1070,1070.HK,TCL ELECTRONICS,ＴＣＬ电子,417.47,"1,000",Equity,Equity Securities (Main Board),16.56,17.3,17.3,16.27,9843380,163.01,16.924,16.95,-2.15,-2.3,-3.83,-2.53,-3.72,17.71,17.71,17.71,17.71,17.71,-2.32,-2.32,-2.32,6.49,6.49,False,False,False,False,False,False,False,True,True,2026-09-21
1071,1071.HK,HUADIAN POWER,华电国际电力股份,68.86,"2,000",Equity,Equity Securities (Main Board),4.005,4.01,4.06,4.0,3099040,12.41,4.079,4.087,-1.81,-1.99,-1.35,-3.14,-3.73,4.89,5.57,5.57,4.89,5.57,-16.97,-27.11,-27.11,18.1,28.1,False,False,False,False,False,False,False,False,False,2026-09-21
1072,1072.HK,DONGFANG ELEC,东方电气,79.07,200,Equity,Equity Securities (Main Board),19.38,19.35,19.46,19.13,2522770,48.89,19.088,19.554,1.53,-0.89,0.36,2.0,2.43,46.7,119.9,119.9,46.7,119.9,-58.33,-83.77,-83.77,58.5,83.84,False,False,False,False,False,False,False,False,False,2026-09-21
1075,1075.HK,CAPINFO,首都信息,1.31,"1,000",Equity,Equity Securities (Main Board),1.695,1.695,1.695,1.695,23000,0.04,1.703,1.728,-0.47,-1.88,0.0,-1.17,-1.17,3.22,3.65,7.6,3.22,3.65,-47.36,-53.56,-77.7,47.36,53.56,False,False,False,False,False,False,False,False,False,2026-09-21
1079,1079.HK,PINE TECH,松景科技,4.19,"10,000",Equity,Equity Securities (Main Board),0.196,0.198,0.198,0.198,30000,0.01,0.194,0.203,1.24,-3.4,-1.01,4.26,-4.39,0.37,0.75,2.18,0.37,0.75,-45.75,-73.6,-90.92,46.3,73.87,False,False,False,False,False,False,False,False,False,2026-09-21
1080,1080.HK,SHENGLI PIPE,胜利管道,1.98,"1,500",Equity,Equity Securities (Main Board),0.051,0.054,0.054,0.05,1332000,0.07,0.053,0.054,-3.41,-6.42,-7.27,-3.77,-5.56,0.13,0.17,0.47,0.13,0.17,-59.09,-68.05,-88.51,61.36,69.82,False,False,False,False,False,False,False,False,False,2026-09-21
1081,1081.HK,DAJIN,大金重工,32.42,100,Equity,Equity Securities (Main Board),31.64,32.92,33.98,31.6,1959100,61.99,32.996,31.002,-4.11,2.06,-4.76,-2.94,3.87,66.95,66.95,66.95,66.95,66.95,-49.25,-49.25,-49.25,52.74,52.74,False,False,False,False,False,False,False,False,False,2026-09-21
1083,1083.HK,TG SMART ENERGY,港华智慧能源,107.77,"1,000",Equity,Equity Securities (Main Board),2.855,2.875,2.89,2.85,3079681,8.79,2.898,2.974,-1.48,-3.99,-0.7,-3.55,-4.83,4.23,4.36,8.18,4.23,4.36,-31.68,-33.72,-64.67,32.51,34.52,False,False,False,False,False,False,False,False,False,2026-09-21
1085,1085.HK,HXTL,亨鑫科技,7.12,"2,000",Equity,Equity Securities (Main Board),1.53,1.61,1.64,1.52,88000,0.13,1.658,1.706,-7.72,-10.32,-6.13,-12.07,-10.0,2.09,2.6,6.15,2.09,2.6,-21.53,-36.92,-73.33,26.79,41.15,False,False,False,False,False,False,False,False,False,2026-09-21
1086,1086.HK,GOODBABY INTL,好孩子国际,16.9,"1,000",Equity,Equity Securities (Main Board),1.01,0.94,1.015,0.94,12587000,12.71,0.947,0.984,6.65,2.69,6.88,9.78,10.38,1.16,1.66,5.58,1.16,1.66,-12.5,-38.86,-81.81,12.93,39.16,True,False,False,True,False,False,False,False,False,2026-09-21
1087,1087.HK,INVESTECH HLDGS,威讯控股,4.37,"2,000",Equity,Equity Securities (Main Board),1.82,1.885,1.89,1.795,293650,0.53,1.794,1.609,1.45,13.15,-3.19,1.96,15.19,2.0,2.08,42.8,2.0,2.08,-5.5,-9.13,-95.58,9.0,12.5,False,False,False,False,False,False,False,True,False,2026-09-21
1088,1088.HK,CHINA SHENHUA,中国神华,1517.16,500,Equity,Equity Securities (Main Board),44.9,44.46,45.06,43.96,5934096,266.44,44.96,45.532,-0.13,-1.39,0.99,-0.75,-1.19,49.62,49.62,49.62,49.62,49.62,-9.19,-9.19,-9.19,9.51,9.51,False,False,False,False,False,False,False,True,True,2026-09-21
1091,1091.HK,SOUTH MANGANESE,南方锰业,26.66,"1,000",Equity,Equity Securities (Main Board),0.45,0.46,0.46,0.41,15635225,7.04,0.446,0.412,0.9,9.22,-2.17,0.0,18.42,0.71,0.79,1.89,0.71,0.79,-35.21,-41.77,-75.66,36.62,43.04,False,False,False,True,False,False,False,False,False,2026-09-21
1093,1093.HK,CSPC PHARMA,石药集团,1102.7,"2,000",Equity,Equity Securities (Main Board),9.57,9.065,9.61,9.015,112237130,1074.11,8.971,8.972,6.68,6.67,7.17,8.69,7.95,10.96,11.63,13.93,10.96,11.63,-12.32,-17.37,-31.02,12.68,17.71,True,False,False,False,False,False,False,False,False,2026-09-21
1094,1094.HK,CHERISH SUN,承辉国际,2.28,"8,000",Equity,Equity Securities (Main Board),0.32,0.32,0.32,0.32,320000,0.1,0.33,0.339,-3.03,-5.6,0.0,-8.57,1.59,0.6,0.99,8.43,0.6,0.99,-46.67,-67.68,-96.2,46.67,67.68,False,False,False,False,False,False,False,False,False,2026-09-21
1097,1097.HK,CTFME,周大福媒体娱乐,4.99,"20,000",Equity,Equity Securities (Main Board),0.07,0.065,0.07,0.065,5199348,0.36,0.066,0.065,6.71,7.69,9.37,7.69,7.69,0.12,0.17,0.65,0.12,0.17,-39.13,-59.54,-89.19,39.13,59.54,False,False,False,True,False,False,False,False,False,2026-09-21
1098,1098.HK,ROAD KING INFRA,路劲,3.9,"1,000",Equity,Equity Securities (Main Board),0.52,0.525,0.525,0.515,67000,0.03,0.524,0.522,-0.76,-0.48,-0.95,-0.95,0.0,0.75,1.97,18.68,0.75,1.97,-30.0,-73.35,-97.19,30.67,73.6,False,False,False,False,False,False,False,False,False,2026-09-21
1099,1099.HK,SINOPHARM,国药控股,202.61,400,Equity,Equity Securities (Main Board),15.11,15.02,15.18,14.97,6980319,105.47,15.056,15.322,0.36,-1.38,0.6,0.53,-1.56,22.34,23.65,45.65,22.34,23.65,-32.05,-35.81,-66.75,32.36,36.11,False,False,False,False,False,False,False,False,False,2026-09-21
1100,1100.HK,MAINLAND HOLD,飞达控股,5.6,"2,000",Equity,Equity Securities (Main Board),1.305,1.29,1.305,1.29,134000,0.17,1.316,1.311,-0.84,-0.5,-0.76,-0.76,-0.76,2.2,2.2,2.28,2.2,2.2,-40.68,-40.68,-42.76,40.68,40.68,False,False,False,False,False,False,False,False,False,2026-09-21
1102,1102.HK,ENVIRO ENERGY,环能国际,2.8,"2,000",Equity,Equity Securities (Main Board),0.1,0.1,0.101,0.097,2322000,0.23,0.099,0.1,1.01,0.4,0.0,2.04,0.0,0.21,0.21,5.4,0.21,0.21,-51.9,-51.9,-98.13,52.38,52.38,False,False,False,True,False,False,False,False,False,2026-09-21
1104,1104.HK,APAC RESOURCES,亚太资源,31.33,"20,000",Equity,Equity Securities (Main Board),2.095,2.1,2.15,2.07,1560000,3.27,2.081,2.107,0.67,-0.59,-1.41,-1.18,0.24,3.89,3.89,3.89,3.89,3.89,-44.73,-44.73,-44.73,46.14,46.14,False,False,True,False,False,False,False,False,False,2026-09-21
1108,1108.HK,TRIUMPH NEW EN,凯盛新能,5.64,"2,000",Equity,Equity Securities (Main Board),2.255,2.32,2.32,2.235,4304000,9.71,2.262,2.302,-0.31,-2.04,-2.8,1.12,-7.2,4.95,6.13,20.25,4.95,6.13,-53.13,-62.15,-88.54,54.44,63.21,False,False,False,False,False,False,False,False,False,2026-09-21
1109,1109.HK,CHINA RES LAND,华润置地,2076.53,500,Equity,Equity Securities (Main Board),29.1,28.34,29.42,27.52,54127419,1575.11,28.704,29.244,1.38,-0.49,1.61,1.04,-0.68,39.88,39.88,41.3,39.88,39.88,-26.23,-26.23,-28.77,27.03,27.03,False,False,False,False,False,False,False,False,False,2026-09-21
1110,1110.HK,KINGWORLD,金活医药集团,2.33,"4,000",Equity,Equity Securities (Main Board),0.375,0.365,0.375,0.36,1444000,0.54,0.374,0.387,0.27,-3.1,1.35,1.35,-5.06,0.78,0.87,1.8,0.78,0.87,-51.92,-56.9,-79.17,51.92,56.9,False,False,False,False,False,False,False,False,False,2026-09-21
1111,1111.HK,HUASHI GROUP,华视集团控股,1.89,"4,000",Equity,Equity Securities (Main Board),0.245,0.245,0.245,0.244,152000,0.04,0.244,0.243,0.41,0.66,0.41,0.0,2.08,0.32,2.39,2.39,0.32,2.39,-23.44,-89.75,-89.75,23.44,89.75,False,False,True,False,False,False,False,False,False,2026-09-21
1112,1112.HK,H&H INTL HLDG,Ｈ＆Ｈ国际控股,108.52,500,Equity,Equity Securities (Main Board),16.81,16.79,17.07,16.52,1932500,32.49,17.128,17.434,-1.86,-3.58,-0.24,-4.92,-6.14,19.3,19.3,64.5,19.3,19.3,-11.55,-11.55,-73.53,12.9,12.9,False,False,False,False,False,False,False,False,False,2026-09-21
1113,1113.HK,CK ASSET,长实集团,1609.9,500,Equity,Equity Securities (Main Board),46.0,46.0,46.18,45.8,2991179,137.59,46.208,46.954,-0.45,-2.03,-0.39,-0.61,-3.36,52.35,52.35,75.3,52.35,52.35,-11.79,-11.79,-38.67,12.13,12.13,False,False,False,False,False,False,False,False,False,2026-09-21
1114,1114.HK,BRILLIANCE CHI,BRILLIANCE CHI,90.56,"2,000",Equity,Equity Securities (Main Board),1.795,1.74,1.83,1.735,33411717,59.97,1.742,1.776,3.04,1.04,3.76,4.97,1.13,4.45,8.95,23.85,4.45,8.95,-58.88,-79.55,-92.33,59.66,79.94,False,False,False,True,False,False,False,False,False,2026-09-21
1115,1115.HK,5100 XIZANG,５１００藏冰川,29.0,"10,000",Equity,Equity Securities (Main Board),0.515,0.51,0.52,0.505,6790000,3.5,0.48,0.439,7.29,17.31,1.98,15.73,21.18,0.68,0.76,3.83,0.68,0.76,-23.53,-31.58,-86.41,24.26,32.24,True,True,False,False,False,False,False,False,False,2026-09-21
1117,1117.HK,CH MODERN D,现代牧业,126.25,"1,000",Equity,Equity Securities (Main Board),1.605,1.65,1.65,1.53,27183000,43.63,1.597,1.62,0.5,-0.96,-2.43,3.55,0.94,1.74,1.74,3.1,1.74,1.74,-4.9,-4.9,-46.77,7.49,7.49,False,False,False,False,False,False,False,True,True,2026-09-21
1119,1119.HK,IDREAMSKY,创梦天地,6.94,400,Equity,Equity Securities (Main Board),0.34,0.4,0.405,0.34,10406000,3.54,0.384,0.414,-11.46,-17.97,-15.0,-15.0,-16.05,0.66,3.28,9.7,0.66,3.28,-38.64,-87.65,-95.82,48.48,89.63,False,False,False,False,False,False,False,False,False,2026-09-21
1121,1121.HK,GOLDENSOLAR,金阳新能源,7.31,"2,000",Equity,Equity Securities (Main Board),0.385,0.38,0.385,0.38,6000,0.0,0.37,0.363,4.05,6.06,1.32,4.05,10.0,1.87,6.98,17.68,1.87,6.98,-79.41,-94.48,-97.82,79.41,94.48,False,False,False,False,False,False,False,False,False,2026-09-21
1122,1122.HK,QINGLING MOTORS,庆铃汽车股份,5.7,"2,000",Equity,Equity Securities (Main Board),0.46,0.465,0.465,0.455,648000,0.3,0.466,0.475,-1.29,-3.26,-2.13,-1.08,-4.17,1.45,1.45,2.73,1.45,1.45,-67.93,-67.93,-82.97,68.28,68.28,False,False,False,False,False,False,False,False,False,2026-09-21
1123,1123.HK,CHINA-HK PHOTO,中港照相,1.62,"2,000",Equity,Equity Securities (Main Board),0.137,0.137,0.137,0.137,16000,0.0,0.136,0.137,1.03,0.15,3.01,0.74,0.74,0.14,0.17,0.49,0.14,0.17,-5.52,-19.41,-71.75,5.52,19.41,False,False,False,False,False,False,False,True,False,2026-09-21
1126,1126.HK,DREAM INT'L,德林国际,41.53,500,Equity,Equity Securities (Main Board),6.16,6.14,6.47,6.11,244500,1.51,6.193,6.274,-0.53,-1.82,-0.81,-0.48,-2.22,9.5,19.62,19.62,9.5,19.62,-31.89,-67.02,-67.02,35.16,68.6,False,False,False,False,False,False,False,False,False,2026-09-21
1127,1127.HK,LION ROCK GROUP,狮子山集团,9.12,"4,000",Equity,Equity Securities (Main Board),1.185,1.185,1.185,1.185,100000,0.12,1.187,1.194,-0.17,-0.75,-0.42,-0.42,-1.66,1.4,1.6,1.67,1.4,1.6,-15.36,-25.94,-29.18,15.36,25.94,False,False,False,False,False,False,False,False,False,2026-09-21
1128,1128.HK,WYNN MACAU,永利澳门,271.41,400,Equity,Equity Securities (Main Board),5.12,5.135,5.155,5.1,2991477,15.32,5.216,5.384,-1.84,-4.89,-0.58,-3.21,-5.27,6.24,8.45,31.35,6.24,8.45,-17.39,-38.99,-83.56,17.95,39.41,False,False,False,False,False,False,False,False,False,2026-09-21
1130,1130.HK,CHINA ENV RES,中国环境资源,2.7,"20,000",Equity,Equity Securities (Main Board),0.48,0.48,0.48,0.48,40000,0.02,0.492,0.515,-2.44,-6.8,0.0,-4.0,-4.0,0.71,0.83,2.28,0.71,0.83,-32.39,-42.17,-78.9,32.39,42.17,False,False,False,False,False,False,False,False,False,2026-09-21
1132,1132.HK,ORANGE SKY G H,橙天嘉禾,2.27,"5,000",Equity,Equity Securities (Main Board),0.081,0.083,0.083,0.081,510000,0.04,0.084,0.086,-3.34,-6.25,-2.41,-3.57,-7.95,0.13,0.13,1.13,0.13,0.13,-34.65,-34.65,-92.65,36.22,36.22,False,False,False,False,False,False,False,False,False,2026-09-21
1133,1133.HK,HARBIN ELECTRIC,哈尔滨电气,100.39,"2,000",Equity,Equity Securities (Main Board),14.84,14.09,14.94,14.03,6201000,92.02,14.234,14.662,4.26,1.21,5.77,4.29,3.41,28.88,28.88,28.88,28.88,28.88,-48.27,-48.27,-48.27,48.61,48.61,False,False,False,True,False,False,False,False,False,2026-09-21
1134,1134.HK,KELFRED,恒发光学,1.07,"4,000",Equity,Equity Securities (Main Board),0.215,0.225,0.225,0.215,128000,0.03,0.227,0.231,-5.12,-6.93,-4.44,-10.42,-6.11,0.55,0.6,4.0,0.55,0.6,-59.09,-62.5,-94.38,60.91,64.17,False,False,False,False,False,False,False,False,False,2026-09-21
1137,1137.HK,HK TECH VENTURE,香港科技探索,7.99,"1,000",Equity,Equity Securities (Main Board),1.01,0.95,1.035,0.95,757000,0.76,1.001,1.015,0.9,-0.54,5.21,0.5,-2.88,1.48,3.45,17.02,1.48,3.45,-30.07,-70.0,-93.92,31.76,70.72,False,False,False,False,False,False,False,False,False,2026-09-21
1138,1138.HK,COSCO SHIP ENGY,中远海能,266.46,"2,000",Equity,Equity Securities (Main Board),20.56,19.48,20.68,19.2,29697266,610.58,19.154,18.821,7.34,9.24,6.75,12.9,12.23,22.4,22.4,22.4,22.4,22.4,-7.68,-7.68,-7.68,8.21,8.21,False,False,False,False,False,False,False,True,True,2026-09-21
1140,1140.HK,HK.AI CAPITAL,华科智能投资,13.29,"4,000",Equity,Investment Companies,0.118,0.114,0.126,0.111,12136000,1.43,0.111,0.112,5.92,5.73,6.31,6.31,6.31,0.26,0.45,4.03,0.26,0.45,-51.54,-72.0,-96.87,54.62,73.78,False,False,True,True,False,False,False,False,False,2026-09-21
1141,1141.HK,CMBC CAPITAL,民银资本,6.69,"1,000",Equity,Equity Securities (Main Board),0.61,0.615,0.635,0.6,1580000,0.96,0.613,0.64,-0.49,-4.69,-0.81,-1.61,-2.4,5.87,5.87,29.6,5.87,5.87,-89.18,-89.18,-97.85,89.61,89.61,False,False,False,False,False,False,False,False,False,2026-09-21
1142,1142.HK,E&P GLOBAL,能源及能量环球,11.43,"2,000",Equity,Equity Securities (Main Board),0.08,0.085,0.088,0.079,6198000,0.5,0.083,0.085,-3.15,-5.55,-5.88,1.27,-5.88,0.24,5.65,5.65,0.24,5.65,-63.93,-98.44,-98.44,67.21,98.58,False,False,False,False,False,False,False,False,False,2026-09-21
1145,1145.HK,COURAGE INV,勇利投资,1.41,"20,000",Equity,Equity Securities (Main Board),0.128,0.126,0.126,0.126,67000,0.01,0.138,0.139,-7.51,-7.98,-9.22,-9.22,-9.22,0.17,0.24,2.28,0.17,0.24,-27.59,-46.61,-94.47,26.44,45.76,False,False,False,False,False,False,False,False,False,2026-09-21
1146,1146.HK,HUICHENG INTL H,汇成国际控股,1.88,"2,000",Equity,Equity Securities (Main Board),0.053,0.051,0.053,0.05,682000,0.04,0.054,0.055,-1.85,-4.16,0.0,-3.64,-5.36,0.08,0.13,0.49,0.08,0.13,-29.33,-59.54,-89.18,29.33,59.54,False,False,False,False,False,False,False,False,False,2026-09-21
1147,1147.HK,EDENSOFT,伊登软件,2.19,"10,000",Equity,Equity Securities (Main Board),0.107,0.107,0.107,0.104,700000,0.07,0.105,0.103,1.9,3.48,0.0,3.88,7.0,0.18,0.18,0.25,0.18,0.18,-41.21,-41.85,-58.04,41.21,41.85,False,False,False,False,False,False,False,False,False,2026-09-21
1148,1148.HK,POWER XINCHEN,新晨动力,2.69,"1,000",Equity,Equity Securities (Main Board),0.209,0.217,0.217,0.208,379000,0.08,0.218,0.221,-4.3,-5.39,-4.13,-4.57,-6.7,0.4,0.44,1.87,0.4,0.44,-45.06,-51.24,-88.4,47.09,53.03,False,False,False,False,False,False,False,False,False,2026-09-21
1152,1152.HK,MOMENTUM FIN,正乾金融控股,6.86,"2,000",Equity,Equity Securities (Main Board),0.196,0.195,0.196,0.194,2836000,0.56,0.198,0.209,-1.11,-6.26,1.55,-3.45,-4.39,0.47,0.53,1.15,0.47,0.53,-58.74,-63.02,-82.96,58.74,63.02,False,False,False,False,False,False,False,False,False,2026-09-21
1153,1153.HK,JIAYUAN SER,佳源服务,2.29,"1,000",Equity,Equity Securities (Main Board),0.34,0.335,0.34,0.335,7000,0.0,0.326,0.343,4.29,-0.73,0.0,6.25,-5.56,0.5,0.64,4.3,0.5,0.64,-32.0,-46.87,-92.09,32.0,46.87,False,False,False,False,False,False,False,False,False,2026-09-21
1156,1156.HK,CHINANEWENERGY,CHINANEWENERGY,1.88,"4,000",Equity,Equity Securities (Main Board),0.265,0.275,0.28,0.26,2402000,0.64,0.278,0.285,-4.68,-7.02,-3.64,-3.64,-7.02,0.36,0.36,1.38,0.36,0.36,-22.22,-22.22,-79.71,26.39,26.39,False,False,False,False,False,False,False,False,False,2026-09-21
1157,1157.HK,ZOOMLION,中联重科,90.9,200,Equity,Equity Securities (Main Board),5.855,5.815,5.865,5.77,2414995,14.14,5.816,5.925,0.67,-1.17,-0.26,1.3,-1.6,10.67,10.67,13.98,10.67,10.67,-45.03,-45.03,-58.05,45.13,45.13,False,False,True,False,False,False,False,False,False,2026-09-21
1159,1159.HK,SMART DIGI TECH,智数科技集团,3.45,"2,000",Equity,Equity Securities (Main Board),2.43,2.425,2.43,2.425,36000,0.09,2.43,2.474,0.0,-1.78,0.0,0.0,-4.71,3.6,4.7,72.4,3.6,4.7,-32.5,-48.3,-96.64,32.5,48.3,False,False,False,False,False,False,False,False,False,2026-09-21
1161,1161.HK,WATER OASIS GP,奥思集团,8.61,"2,000",Equity,Equity Securities (Main Board),1.265,1.26,1.265,1.25,16000,0.02,1.26,1.256,0.4,0.72,-0.39,2.02,0.8,1.42,1.6,2.0,1.42,1.6,-10.92,-20.94,-36.75,10.92,20.94,False,False,False,True,False,False,False,False,False,2026-09-21
1162,1162.HK,LUMINA GROUP,莹岚集团,1.48,"8,000",Equity,Equity Securities (Main Board),0.247,0.24,0.247,0.239,512000,0.13,0.245,0.247,0.9,-0.2,-0.4,0.41,1.65,0.28,0.66,4.04,0.28,0.66,-10.18,-62.58,-93.89,10.18,62.58,False,False,True,False,False,False,False,False,False,2026-09-21
1164,1164.HK,CGN MINING,中广核矿业,169.5,"5,000",Equity,Equity Securities (Main Board),2.23,2.23,2.25,2.175,48122360,107.31,2.147,2.257,3.87,-1.2,-1.76,4.94,4.45,5.66,5.66,5.66,5.66,5.66,-60.25,-60.25,-60.25,60.6,60.6,False,False,False,False,False,False,False,False,False,2026-09-21
1166,1166.HK,SOLARTECH INT'L,星凯控股,0.41,"10,000",Equity,Equity Securities (Main Board),0.285,0.28,0.285,0.27,260000,0.07,0.309,0.256,-7.77,11.42,-5.0,-13.64,18.75,0.9,0.9,32.8,0.9,0.9,-68.33,-68.33,-99.13,68.33,68.33,False,False,False,False,False,False,False,False,False,2026-09-21
1167,1167.HK,JACOBIO-B,加科思－Ｂ,46.62,300,Equity,Equity Securities (Main Board),5.98,5.605,6.09,5.605,2229000,13.33,5.743,5.877,4.13,1.75,7.36,4.36,0.17,8.28,11.8,25.35,8.28,11.8,-26.45,-48.39,-75.98,27.78,49.32,False,False,False,True,False,False,False,False,False,2026-09-21
1168,1168.HK,Z FIN,Z FIN,22.12,"1,000",Equity,Equity Securities (Main Board),5.07,5.16,5.16,5.07,203045,1.03,5.15,5.14,-1.55,-1.36,-1.17,-1.93,-3.06,6.09,12.26,31.7,6.09,12.26,-15.27,-57.91,-83.72,16.75,58.65,False,False,False,False,False,False,False,False,False,2026-09-21
1170,1170.HK,KINGMAKER,信星集团,2.6,"2,000",Equity,Equity Securities (Main Board),0.39,0.385,0.385,0.385,12000,0.0,0.399,0.405,-2.26,-3.58,-1.27,-1.27,-8.24,0.53,0.94,2.6,0.53,0.94,-27.36,-59.04,-85.19,26.42,58.51,False,False,False,False,False,False,False,False,False,2026-09-21
1171,1171.HK,YANKUANG ENERGY,兖矿能源,501.29,"2,000",Equity,Equity Securities (Main Board),12.31,12.0,12.36,11.9,31502917,387.8,12.356,12.778,-0.37,-3.66,2.41,-1.44,-1.76,17.42,17.42,18.72,17.42,17.42,-29.05,-29.05,-33.97,29.33,29.33,False,False,False,False,False,False,False,False,False,2026-09-21
1172,1172.HK,MAGNUSCONCORDIA,融太集团,1.44,"20,000",Equity,Equity Securities (Main Board),0.025,0.025,0.025,0.021,1220000,0.03,0.023,0.021,9.65,16.28,8.7,13.64,8.7,0.03,0.08,0.49,0.03,0.08,-7.41,-68.75,-94.9,7.41,68.75,False,False,False,True,False,False,False,True,False,2026-09-21
1173,1173.HK,VEEKO INT'L,威高国际,0.7,"20,000",Equity,Equity Securities (Main Board),0.028,0.028,0.028,0.028,100000,0.0,0.027,0.027,2.94,4.48,3.7,3.7,3.7,0.05,0.08,0.29,0.05,0.08,-37.78,-65.0,-90.51,37.78,65.0,False,False,False,False,False,False,False,False,False,2026-09-21
1176,1176.HK,ZHUGUANG HOLD,珠光控股,1.59,"2,000",Equity,Equity Securities (Main Board),0.019,0.017,0.019,0.017,4512000,0.09,0.019,0.019,1.06,-0.52,0.0,0.0,0.0,0.05,0.81,2.73,0.05,0.81,-65.45,-97.65,-99.3,65.45,97.65,False,False,True,False,False,False,False,False,False,2026-09-21
1177,1177.HK,SBP GROUP,中国生物制药,1102.29,"1,000",Equity,Equity Securities (Main Board),5.895,5.515,5.97,5.505,145239040,856.18,5.554,5.543,6.14,6.35,7.77,7.38,7.67,7.29,9.12,11.24,7.29,9.12,-18.11,-34.54,-46.89,19.14,35.36,False,False,False,True,False,False,False,False,False,2026-09-21
1179,1179.HK,HWORLD-S,华住集团－Ｓ,1049.89,100,Equity,Equity Securities (Main Board),34.22,33.9,34.24,33.84,1530810,52.38,33.732,34.0,1.45,0.65,1.12,1.91,1.66,44.26,44.26,49.3,44.26,44.26,-22.64,-22.64,-30.55,22.68,22.68,False,False,False,True,False,False,False,False,False,2026-09-21
1180,1180.HK,PARADISE ENT,汇彩控股,9.84,"4,000",Equity,Equity Securities (Main Board),0.935,0.94,0.94,0.915,497000,0.46,0.935,0.936,0.0,-0.05,-1.06,0.54,0.54,1.1,2.7,2.7,1.1,2.7,-14.16,-65.19,-65.19,14.61,65.37,False,False,False,False,False,False,False,False,False,2026-09-21
1181,1181.HK,TANG PALACE,唐宫中国,1.15,"2,000",Equity,Equity Securities (Main Board),0.107,0.098,0.107,0.098,52000,0.01,0.103,0.102,3.68,5.21,-0.93,3.88,3.88,0.22,0.59,2.04,0.22,0.59,-50.92,-81.86,-94.75,50.92,81.86,False,False,True,True,False,False,False,False,False,2026-09-21
1182,1182.HK,SUCCESS DRAGON,胜龙国际,2.16,"5,000",Equity,Equity Securities (Main Board),0.635,0.635,0.635,0.635,13000,0.01,0.674,0.685,-5.79,-7.3,0.0,-9.29,-9.29,1.18,1.18,16.43,1.18,1.18,-46.19,-46.19,-96.13,46.19,46.19,False,False,False,False,False,False,False,False,False,2026-09-21
1183,1183.HK,MECOM POWER,澳能建设,4.74,"2,000",Equity,Equity Securities (Main Board),0.119,0.117,0.12,0.117,152000,0.02,0.121,0.124,-1.49,-3.88,-0.83,-0.83,-4.8,0.22,0.5,2.35,0.22,0.5,-45.45,-76.0,-94.89,45.91,76.2,False,False,False,False,False,False,False,False,False,2026-09-21
1184,1184.HK,S.A.S. DRAGON,S.A.S. DRAGON,50.16,"2,000",Equity,Equity Securities (Main Board),8.015,8.0,8.1,8.0,46000,0.37,8.184,8.539,-2.07,-6.14,-1.66,-2.67,-9.94,9.3,9.3,9.3,9.3,9.3,-12.9,-12.9,-12.9,13.82,13.82,False,False,False,False,False,False,False,False,False,2026-09-21
1186,1186.HK,CHINA RAIL CONS,中国铁建,91.88,500,Equity,Equity Securities (Main Board),4.425,4.45,4.45,4.385,3494149,15.46,4.436,4.438,-0.25,-0.29,-0.11,-0.34,0.11,5.7,7.03,11.98,5.7,7.03,-21.93,-36.7,-62.85,22.37,37.06,False,False,False,False,False,False,False,False,False,2026-09-21
1187,1187.HK,COFOE MEDICAL,可孚医疗,8.56,100,Equity,Equity Securities (Main Board),31.72,30.1,31.72,29.58,151500,4.81,31.888,31.84,-0.53,-0.38,3.86,-2.04,-0.88,41.0,41.0,41.0,41.0,41.0,-22.63,-22.63,-22.63,22.63,22.63,False,False,False,False,False,False,False,False,False,2026-09-21
1191,1191.HK,CREALIGHTS,海光芯正,150.61,50,Equity,Equity Securities (Main Board),164.5,163.0,169.5,157.0,1437400,236.45,151.96,150.3,8.25,9.45,2.24,13.45,32.13,219.6,219.6,219.6,219.6,219.6,-22.81,-22.81,-22.81,25.09,25.09,False,False,False,False,False,False,False,False,False,2026-09-21
1193,1193.HK,CHINA RES GAS,华润燃气,379.04,100,Equity,Equity Securities (Main Board),16.38,16.19,16.45,16.11,1405634,23.02,16.414,16.655,-0.21,-1.65,1.17,-1.5,-0.12,22.66,35.2,52.25,22.66,35.2,-27.41,-53.27,-68.52,27.71,53.47,False,False,False,False,False,False,False,False,False,2026-09-21
1195,1195.HK,KINGWELL GROUP,京维集团,0.67,"4,000",Equity,Equity Securities (Main Board),0.023,0.022,0.023,0.022,1976000,0.05,0.02,0.019,15.0,22.99,4.55,27.78,27.78,0.03,0.05,0.22,0.03,0.05,-20.69,-51.06,-89.35,20.69,51.06,True,False,False,False,False,False,False,False,False,2026-09-21
1199,1199.HK,COSCO SHIP PORT,中远海运港口,240.4,"2,000",Equity,Equity Securities (Main Board),5.985,5.8,6.01,5.78,9499712,56.86,5.899,5.834,1.46,2.59,1.35,2.84,2.92,6.56,6.56,9.95,6.56,6.56,-8.38,-8.38,-39.6,8.77,8.77,False,False,False,True,False,False,False,True,True,2026-09-21
1200,1200.HK,MIDLAND HOLDING,美联集团,12.76,"2,000",Equity,Equity Securities (Main Board),1.78,1.8,1.8,1.77,302000,0.54,1.781,1.798,-0.06,-1.0,0.28,-0.28,1.14,3.52,3.52,3.52,3.52,3.52,-48.86,-48.86,-48.86,49.43,49.43,False,False,False,False,False,False,False,False,False,2026-09-21
1201,1201.HK,TESSON HOLDINGS,天臣控股,8.44,"3,000",Equity,Equity Securities (Main Board),1.92,2.105,2.11,1.9,462000,0.89,2.022,2.043,-5.04,-6.02,-8.13,-4.0,-4.95,3.95,3.95,16.4,3.95,3.95,-46.58,-46.58,-87.13,51.39,51.39,False,False,False,False,False,False,False,False,False,2026-09-21
1202,1202.HK,SIWI SCI & TECH,四威科技,2.38,"2,000",Equity,Equity Securities (Main Board),1.49,1.5,1.5,1.45,94000,0.14,1.456,1.472,2.34,1.26,2.76,2.76,1.71,1.92,1.92,2.35,1.92,1.92,-21.87,-21.87,-36.17,22.4,22.4,False,False,False,True,False,False,False,False,False,2026-09-21
1203,1203.HK,GUANGNAN (HOLD),广南（集团）,5.99,"2,000",Equity,Equity Securities (Main Board),0.66,0.64,0.66,0.64,48000,0.03,0.66,0.661,0.0,-0.08,0.0,0.0,-1.49,0.88,1.14,1.28,0.88,1.14,-25.0,-42.11,-48.44,25.0,42.11,False,False,False,False,False,False,False,False,False,2026-09-21
1205,1205.HK,CITIC RESOURCES,中信资源,44.0,"2,000",Equity,Equity Securities (Main Board),0.565,0.535,0.565,0.52,40442000,22.85,0.512,0.509,10.35,11.0,8.65,15.31,13.0,0.65,0.65,1.22,0.65,0.65,-13.08,-13.08,-53.69,13.08,13.08,True,False,False,False,False,False,False,False,False,2026-09-21
1206,1206.HK,TECHNOVATOR,同方泰德,1.34,"2,000",Equity,Equity Securities (Main Board),0.171,0.176,0.176,0.166,868000,0.15,0.184,0.186,-6.96,-8.02,-7.07,-10.0,-10.0,0.41,0.45,3.49,0.41,0.45,-56.54,-60.89,-94.96,57.78,62.0,False,False,False,False,False,False,False,False,False,2026-09-21
1208,1208.HK,MMG,五矿资源,1130.49,"4,000",Equity,Equity Securities (Main Board),8.8,8.835,8.86,8.595,22158912,195.0,8.656,9.027,1.66,-2.51,-0.4,1.85,1.91,11.96,11.96,11.96,11.96,11.96,-25.92,-25.92,-25.92,26.42,26.42,False,False,True,False,False,False,False,False,False,2026-09-21
1209,1209.HK,CHINA RES MIXC,华润万象生活,863.7,200,Equity,Equity Securities (Main Board),37.9,37.42,38.06,36.46,4310456,163.37,37.78,38.522,0.32,-1.61,0.96,-0.42,-1.1,51.15,51.15,55.25,51.15,51.15,-25.59,-25.59,-31.11,25.9,25.9,False,False,False,False,False,False,False,False,False,2026-09-21
1211,1211.HK,BYD COMPANY,比亚迪股份,2987.24,100,Equity,Equity Securities (Main Board),81.1,81.5,81.75,80.45,16302157,1322.1,80.4,80.725,0.87,0.46,-0.49,2.4,1.12,113.4,158.87,158.87,113.4,158.87,-27.91,-48.54,-48.54,28.48,48.95,False,False,False,True,False,False,False,False,False,2026-09-21
1215,1215.HK,KAI YUAN HLDGS,开源控股,2.68,"20,000",Equity,Equity Securities (Main Board),0.021,0.02,0.021,0.02,220000,0.0,0.02,0.019,6.06,9.38,0.0,10.53,10.53,0.03,0.03,0.14,0.03,0.03,-19.23,-34.38,-84.56,19.23,34.38,False,False,False,False,False,False,False,False,False,2026-09-21
1216,1216.HK,ZYBANK,中原银行,19.79,"1,000",Equity,Equity Securities (Main Board),0.285,0.28,0.285,0.28,33000,0.01,0.283,0.284,0.71,0.18,1.79,1.79,0.0,0.37,0.58,2.6,0.37,0.58,-22.97,-50.86,-89.04,22.97,50.86,False,False,False,True,False,False,False,False,False,2026-09-21
1221,1221.HK,SINO HOTELS,SINO HOTELS,17.85,"2,000",Equity,Equity Securities (Main Board),1.49,1.49,1.49,1.49,5875,0.01,1.51,1.535,-1.32,-2.93,-4.49,-0.67,-4.49,1.9,1.9,3.99,1.9,1.9,-21.58,-21.58,-62.66,21.58,21.58,False,False,False,False,False,False,False,False,False,2026-09-21
1223,1223.HK,SYMPHONY HOLD,新沣集团,35.69,"10,000",Equity,Equity Securities (Main Board),1.2,1.2,1.295,1.155,3084600,3.7,1.23,1.278,-2.44,-6.07,-0.83,-3.23,-8.4,1.62,1.76,1.76,1.62,1.76,-20.06,-26.42,-26.42,25.93,31.82,False,False,False,False,False,False,False,False,False,2026-09-21
1225,1225.HK,LERADO FIN,隆成金融,0.57,"10,000",Equity,Equity Securities (Main Board),0.248,0.248,0.248,0.248,27800,0.01,0.248,0.246,0.0,0.85,0.0,0.0,0.0,0.32,0.5,2.7,0.32,0.5,-22.5,-50.4,-90.81,22.5,50.4,False,False,False,False,False,False,False,False,False,2026-09-21
1226,1226.HK,CH INV FIN GP,中国投融资,3.65,"10,000",Equity,Investment Companies,0.885,0.795,0.91,0.795,970000,0.86,0.813,0.804,8.86,10.07,11.32,11.32,11.32,1.16,4.0,4.0,1.16,4.0,-21.55,-77.25,-77.25,23.71,77.88,False,False,False,True,False,False,False,False,False,2026-09-21
1228,1228.HK,CANBRIDGE-B,北海康成－Ｂ,11.72,"1,000",Equity,Equity Securities (Main Board),1.96,2.0,2.05,1.915,519000,1.02,1.932,1.899,1.45,3.24,-2.24,2.35,7.69,3.5,3.5,9.99,3.5,3.5,-41.43,-41.43,-79.48,44.0,44.0,False,False,False,False,False,False,False,False,False,2026-09-21
1232,1232.HK,GW TIANDI,金轮天地控股,1.1,"8,000",Equity,Equity Securities (Main Board),0.525,0.525,0.525,0.525,42200,0.02,0.513,0.479,2.34,9.6,2.94,0.96,5.0,0.62,1.3,9.5,0.62,1.3,-15.32,-59.62,-94.47,15.32,59.62,False,False,False,False,False,False,False,False,False,2026-09-21
1233,1233.HK,TIMES CHINA,时代中国控股,1.44,"1,000",Equity,Equity Securities (Main Board),0.049,0.048,0.049,0.046,664000,0.03,0.048,0.048,1.66,2.51,2.08,2.08,4.26,0.12,0.73,17.0,0.12,0.73,-57.76,-93.29,-99.71,57.76,93.29,False,False,True,True,False,False,False,False,False,2026-09-21
1234,1234.HK,CHINA LILANG,中国利郎,33.95,"1,000",Equity,Equity Securities (Main Board),2.835,2.85,2.925,2.755,1067000,3.02,2.834,2.863,0.04,-0.96,4.04,-1.39,-2.24,3.97,5.12,13.08,3.97,5.12,-26.32,-42.87,-77.64,28.59,44.63,False,False,False,False,False,False,False,False,False,2026-09-21
1236,1236.HK,LDROBOT,乐动机器人,88.13,200,Equity,Equity Securities (Main Board),26.6,27.9,27.9,25.66,1295200,34.45,26.604,28.266,-0.02,-5.89,-0.75,2.54,-3.55,66.0,66.0,66.0,66.0,66.0,-57.73,-57.73,-57.73,59.7,59.7,False,False,False,False,False,False,False,False,False,2026-09-21
1238,1238.HK,POWERLONG,宝龙地产,6.96,"1,000",Equity,Equity Securities (Main Board),0.168,0.165,0.168,0.165,325000,0.05,0.166,0.163,1.45,2.82,1.2,1.82,3.07,0.3,1.27,8.73,0.3,1.27,-44.0,-86.77,-98.08,44.0,86.77,False,False,False,False,False,False,False,False,False,2026-09-21
1243,1243.HK,WANG ON PPT,宏安地产,4.71,"4,000",Equity,Equity Securities (Main Board),0.031,0.031,0.031,0.029,940000,0.03,0.031,0.031,0.65,0.65,0.0,0.0,3.33,0.04,0.06,1.88,0.04,0.06,-20.51,-44.64,-98.35,20.51,44.64,False,False,True,True,False,False,False,False,False,2026-09-21
1244,1244.HK,3D MEDICINES,思路迪医药股份,6.84,500,Equity,Equity Securities (Main Board),2.65,2.505,2.65,2.5,48000,0.13,2.416,2.376,9.69,11.53,7.29,13.25,17.0,6.07,26.25,131.5,6.07,26.25,-56.34,-89.9,-97.98,56.34,89.9,False,False,False,False,False,False,False,False,False,2026-09-21
1245,1245.HK,NIRAKU,NIRAKU,4.01,"2,000",Equity,Equity Securities (Main Board),0.335,0.31,0.345,0.29,1636000,0.55,0.291,0.258,15.12,29.79,6.35,28.85,46.29,0.35,0.35,1.8,0.35,0.35,-2.82,-2.82,-80.83,5.63,5.63,False,False,False,False,False,False,False,True,True,2026-09-21
1247,1247.HK,MIKO INTL,米格国际控股,2.19,"6,000",Equity,Equity Securities (Main Board),0.98,0.99,0.995,0.97,78000,0.08,0.964,0.965,1.66,1.5,1.55,2.08,3.16,3.07,3.42,4.05,3.07,3.42,-67.59,-70.91,-75.43,68.08,71.35,False,False,False,False,False,False,False,False,False,2026-09-21
1250,1250.HK,SDHS NEW ENERGY,山高新能源,23.93,"1,000",Equity,Equity Securities (Main Board),1.065,1.035,1.06,1.02,29800,0.03,1.105,1.079,-3.62,-1.3,-4.05,-4.91,1.43,1.89,3.35,15.0,1.89,3.35,-43.92,-68.36,-92.93,43.65,68.21,False,False,False,False,False,False,False,False,False,2026-09-21
1251,1251.HK,SPT ENERGY,华油能源,3.32,"2,000",Equity,Equity Securities (Main Board),0.17,0.162,0.162,0.162,20000,0.0,0.171,0.172,-0.7,-1.45,0.0,-1.73,-1.73,0.34,0.34,1.22,0.34,0.34,-53.04,-53.04,-86.72,50.72,50.72,False,False,False,False,False,False,False,False,False,2026-09-21
1257,1257.HK,CEB GREENTECH,中国光大绿色环保,15.39,"1,000",Equity,Equity Securities (Main Board),0.745,0.75,0.75,0.74,770000,0.57,0.755,0.766,-1.32,-2.74,-0.67,-0.67,-3.25,0.99,1.3,8.95,0.99,1.3,-24.24,-42.31,-91.62,24.75,42.69,False,False,False,False,False,False,False,False,False,2026-09-21
1258,1258.HK,CHINFMINING,中国有色矿业,614.96,"1,000",Equity,Equity Securities (Main Board),15.76,15.7,16.29,15.57,3712000,58.5,15.624,16.263,0.87,-3.09,-1.44,1.03,-0.51,19.05,19.05,19.05,19.05,19.05,-14.49,-14.49,-14.49,17.27,17.27,False,False,True,False,False,False,False,False,False,2026-09-21
1259,1259.HK,PROSPER FUTURE,未来发展控股,0.73,"1,000",Equity,Equity Securities (Main Board),0.033,0.032,0.033,0.031,623000,0.02,0.032,0.033,4.43,0.92,3.12,6.45,0.0,0.05,0.09,0.69,0.05,0.09,-40.0,-61.18,-95.22,40.0,61.18,False,False,True,True,False,False,False,False,False,2026-09-21
1262,1262.HK,LABIXIAOXIN,蜡笔小新食品,7.46,"2,000",Equity,Equity Securities (Main Board),3.12,3.12,3.12,3.12,10000,0.03,3.101,3.103,0.61,0.53,0.0,0.0,2.3,4.88,4.88,8.0,4.88,4.88,-36.07,-36.07,-61.0,36.07,36.07,False,False,False,False,False,False,False,False,False,2026-09-21
1268,1268.HK,MEIDONG AUTO,美东汽车,3.57,"2,000",Equity,Equity Securities (Main Board),0.265,0.255,0.27,0.255,1219160,0.32,0.269,0.284,-1.49,-6.85,0.0,-3.64,-7.02,1.8,5.85,48.4,1.8,5.85,-85.0,-95.38,-99.44,85.28,95.47,False,False,False,False,False,False,False,False,False,2026-09-21
1269,1269.HK,FIRST CAP GP,首控集团,0.98,"10,000",Equity,Equity Securities (Main Board),0.056,0.053,0.056,0.053,1860000,0.1,0.056,0.051,0.0,8.95,-1.75,-1.75,9.8,0.07,0.12,41.2,0.07,0.12,-20.0,-52.54,-99.86,20.0,52.54,False,False,False,False,False,False,False,False,False,2026-09-21
1270,1270.HK,LANGHAM-SS,朗廷－ＳＳ,16.14,"2,000",Equity,Equity Securities (Main Board),0.455,0.455,0.455,0.455,134395,0.06,0.455,0.458,0.0,-0.66,0.0,0.0,-1.09,0.62,0.99,3.6,0.62,0.99,-26.61,-54.04,-87.35,26.61,54.04,False,False,False,False,False,False,False,False,False,2026-09-21
1271,1271.HK,GRAND MING,佳明集团控股,5.75,"1,000",Equity,Equity Securities (Main Board),0.405,0.32,0.48,0.32,457000,0.19,0.313,0.301,29.39,34.33,39.66,39.66,39.66,1.38,4.2,8.85,1.38,4.2,-65.22,-88.57,-94.58,70.65,90.36,False,False,False,False,False,False,False,False,False,2026-09-21
1272,1272.HK,DATANG ENVIRO,大唐环境,6.84,"1,000",Equity,Equity Securities (Main Board),1.095,1.095,1.095,1.095,4000,0.0,1.101,1.101,-0.54,-0.54,-0.45,-1.35,-1.35,1.35,3.2,4.52,1.35,3.2,-18.89,-65.78,-75.77,18.89,65.78,False,False,False,False,False,False,False,False,False,2026-09-21
1274,1274.HK,IMOTIONTECH,知行科技,5.26,100,Equity,Equity Securities (Main Board),2.08,2.155,2.2,2.06,183700,0.38,2.199,2.227,-5.41,-6.62,-3.48,-7.56,-8.37,7.15,115.6,115.6,7.15,115.6,-69.23,-98.1,-98.1,70.91,98.2,False,False,False,False,False,False,False,False,False,2026-09-21
1276,1276.HK,HENGRUI PHARMA,恒瑞医药,127.45,200,Equity,Equity Securities (Main Board),49.4,46.88,49.4,46.5,8537640,421.76,45.896,45.446,7.63,8.7,6.79,8.33,9.78,80.95,95.2,95.2,80.95,95.2,-38.97,-48.11,-48.11,38.97,48.11,False,False,False,False,False,False,False,False,False,2026-09-21
1277,1277.HK,KINETIC DEV,力量发展,162.1,"2,000",Equity,Equity Securities (Main Board),1.885,1.89,1.92,1.865,9326000,17.58,1.918,1.971,-1.72,-4.36,-0.26,-3.58,-1.82,2.7,2.7,2.7,2.7,2.7,-28.89,-28.89,-28.89,30.19,30.19,False,False,False,False,False,False,False,False,False,2026-09-21
1278,1278.HK,CHINANEWTOWN,中国新城镇,6.81,"2,500",Equity,Equity Securities (Main Board),0.07,0.066,0.075,0.066,1560000,0.11,0.069,0.069,1.74,1.45,2.94,2.94,1.45,0.1,0.15,0.48,0.1,0.15,-24.24,-48.98,-84.37,29.29,52.38,False,False,False,True,False,False,False,False,False,2026-09-21
1280,1280.HK,QIDIAN GUOFENG,奇点国峰,56.55,"2,000",Equity,Equity Securities (Main Board),2.925,3.1,3.1,2.855,928000,2.71,2.852,2.847,2.56,2.72,-5.49,8.94,-2.82,3.43,5.37,19.8,3.43,5.37,-9.62,-42.27,-84.34,14.72,45.53,False,False,False,False,False,False,False,False,False,2026-09-21
1281,1281.HK,XINDA INV HLDGS,鑫达投资控股,1.48,"1,000",Equity,Equity Securities (Main Board),0.1,0.096,0.101,0.092,543000,0.05,0.095,0.093,5.49,7.07,3.09,8.7,8.7,0.12,0.54,4.17,0.12,0.54,-14.41,-81.3,-97.58,15.25,81.48,True,False,False,True,False,False,False,False,False,2026-09-21
1282,1282.HK,RENZE HARVEST,中泽丰,4.7,"8,000",Equity,Equity Securities (Main Board),0.093,0.105,0.105,0.093,1174000,0.11,0.102,0.1,-9.18,-6.63,-11.43,-16.22,-8.82,0.16,0.29,17.07,0.16,0.29,-35.19,-64.41,-99.38,42.59,68.47,False,False,False,False,False,False,False,False,False,2026-09-21
1283,1283.HK,ACCEL GROUP,高陞集团控股,14.12,"5,000",Equity,Equity Securities (Main Board),1.71,1.735,1.735,1.7,305000,0.52,1.745,1.769,-2.01,-3.36,-1.72,-2.29,-1.72,1.94,1.94,2.65,1.94,1.94,-10.57,-10.57,-34.53,11.86,11.86,False,False,False,False,False,False,False,False,False,2026-09-21
1284,1284.HK,NEW MEDIA LAB,新传企划,3.33,"5,000",Equity,Equity Securities (Main Board),0.555,0.55,0.555,0.55,195000,0.11,0.56,0.563,-0.89,-1.51,0.91,0.91,-5.13,0.65,0.65,1.22,0.65,0.65,-14.62,-14.62,-54.51,14.62,14.62,False,False,False,False,False,False,False,False,False,2026-09-21
1285,1285.HK,JIASHILI GP,嘉士利集团,6.56,"1,000",Equity,Equity Securities (Main Board),1.58,1.59,1.6,1.58,64000,0.1,1.576,1.593,0.25,-0.78,0.64,-0.63,0.0,1.72,1.72,3.48,1.72,1.72,-6.98,-6.98,-54.02,8.14,8.14,False,False,False,False,False,False,False,True,True,2026-09-21
1286,1286.HK,IMPRO PRECISION,鹰普精密,146.92,"1,000",Equity,Equity Securities (Main Board),7.545,7.51,7.745,7.43,2330187,17.58,7.461,7.734,1.13,-2.44,0.47,1.34,-2.08,11.8,11.8,11.8,11.8,11.8,-34.36,-34.36,-34.36,36.06,36.06,False,False,True,False,False,False,False,False,False,2026-09-21
1288,1288.HK,ABC,农业银行,1994.95,"1,000",Equity,Equity Securities (Main Board),6.49,6.3,6.515,6.27,97720543,634.21,6.356,6.353,2.11,2.16,3.02,2.04,1.17,6.64,6.64,6.64,6.64,6.64,-1.96,-1.96,-1.96,2.33,2.33,False,False,False,True,False,False,False,True,True,2026-09-21
1299,1299.HK,AIA,友邦保险,8013.48,200,Equity,Equity Securities (Main Board),77.45,75.75,77.45,75.75,24486610,1896.49,76.92,76.425,0.69,1.34,0.91,0.58,2.65,92.15,92.15,109.3,92.15,92.15,-15.95,-15.95,-29.14,15.95,15.95,False,False,False,True,False,False,False,False,False,2026-09-21
1300,1300.HK,TRIGIANT,俊知集团,61.97,"2,000",Equity,Equity Securities (Main Board),3.495,3.065,3.73,3.065,20586000,71.95,3.036,2.656,15.12,31.56,18.47,17.28,17.48,4.93,4.93,4.93,4.93,4.93,-24.34,-24.34,-24.34,29.11,29.11,False,False,False,False,False,False,False,False,False,2026-09-21
1301,1301.HK,D&G TECH,德基科技控股,2.07,"2,000",Equity,Equity Securities (Main Board),0.33,0.33,0.33,0.305,52000,0.02,0.316,0.31,4.43,6.45,0.0,10.0,6.45,0.69,1.05,1.7,0.69,1.05,-52.17,-68.57,-80.59,52.17,68.57,False,False,True,True,False,False,False,False,False,2026-09-21
1302,1302.HK,LIFETECH SCI,先健科技,62.53,"2,000",Equity,Equity Securities (Main Board),1.35,1.335,1.39,1.335,15370000,20.75,1.356,1.361,-0.44,-0.81,2.27,-2.17,-1.46,2.38,2.63,5.98,2.38,2.63,-41.6,-47.15,-76.76,43.28,48.67,False,False,False,False,False,False,False,False,False,2026-09-21
1303,1303.HK,HUILI RES,汇力资源,3.62,"2,000",Equity,Equity Securities (Main Board),0.172,0.175,0.175,0.172,20000,0.0,0.171,0.172,0.35,-0.23,-1.71,1.18,1.18,0.33,0.66,1.74,0.33,0.66,-46.97,-73.48,-89.94,47.88,73.94,False,False,False,False,False,False,False,False,False,2026-09-21
1304,1304.HK,FORTIOR,FORTIOR,28.8,100,Equity,Equity Securities (Main Board),133.6,133.1,136.4,131.0,224600,30.01,125.46,120.51,6.49,10.86,-1.04,13.51,16.07,185.0,226.4,226.4,185.0,226.4,-26.27,-39.75,-39.75,27.78,40.99,False,False,False,False,False,False,False,False,False,2026-09-21
1308,1308.HK,SITC,海丰国际,1322.68,"1,000",Equity,Equity Securities (Main Board),48.82,48.16,49.44,48.0,4268144,208.37,47.412,46.306,2.97,5.43,1.37,4.41,6.13,50.0,50.0,50.0,50.0,50.0,-1.12,-1.12,-1.12,2.36,2.36,True,False,False,False,False,False,False,True,True,2026-09-21
1310,1310.HK,HKBN,香港宽频,81.86,500,Equity,Equity Securities (Main Board),5.51,5.51,5.54,5.48,520206,2.87,5.486,5.484,0.44,0.46,0.92,0.55,0.73,8.4,9.41,15.6,8.4,9.41,-34.05,-41.13,-64.49,34.4,41.45,False,False,False,True,False,False,False,False,False,2026-09-21
1313,1313.HK,CR BLDG MAT TEC,华润建材科技,66.69,"2,000",Equity,Equity Securities (Main Board),0.96,0.915,0.965,0.915,18112698,17.39,0.947,0.977,1.37,-1.74,4.92,0.0,-2.04,2.06,2.31,12.44,2.06,2.31,-53.16,-58.23,-92.24,53.4,58.44,False,False,False,False,False,False,False,False,False,2026-09-21
1315,1315.HK,GREEN ECONOMY,绿色经济,0.61,"10,000",Equity,Equity Securities (Main Board),0.098,0.097,0.098,0.097,135750,0.01,0.094,0.096,3.81,1.77,0.0,6.52,0.0,0.15,0.27,58.15,0.15,0.27,-32.88,-63.7,-99.83,32.88,63.7,False,False,False,False,False,False,False,False,False,2026-09-21
1316,1316.HK,NEXTEER,耐世特,121.1,"1,000",Equity,Equity Securities (Main Board),4.825,4.69,4.83,4.68,9883699,47.69,4.708,4.739,2.49,1.81,3.32,3.99,0.21,8.25,8.9,20.4,8.25,8.9,-41.45,-45.73,-76.32,41.52,45.79,False,False,False,True,False,False,False,False,False,2026-09-21
1317,1317.HK,MAPLELEAF EDU,枫叶教育,4.72,"2,000",Equity,Equity Securities (Main Board),0.161,0.17,0.17,0.16,138000,0.02,0.17,0.168,-5.41,-4.34,-4.17,-10.06,-0.62,0.4,0.57,7.63,0.4,0.57,-56.96,-70.18,-97.77,59.24,71.75,False,False,False,False,False,False,False,False,False,2026-09-21
1318,1318.HK,MAO GEPING,毛戈平,224.59,100,Equity,Equity Securities (Main Board),45.98,45.14,45.98,44.8,1063441,48.9,46.24,47.36,-0.56,-2.91,0.31,-1.58,-3.57,93.3,130.6,130.6,93.3,130.6,-50.72,-64.79,-64.79,50.72,64.79,False,False,False,False,False,False,False,False,False,2026-09-21
1319,1319.HK,OIWAHPAWN,霭华押业信贷,5.29,"8,000",Equity,Equity Securities (Main Board),0.275,0.275,0.275,0.275,160000,0.04,0.285,0.284,-3.51,-3.34,-1.79,-5.17,-5.17,0.34,0.34,0.6,0.34,0.34,-20.29,-20.29,-54.17,20.29,20.29,False,False,False,False,False,False,False,False,False,2026-09-21
1323,1323.HK,HUASHENG INTL,华盛国际控股,1.71,"20,000",Equity,Equity Securities (Main Board),0.19,0.181,0.193,0.181,160000,0.03,0.181,0.182,4.97,4.17,8.57,1.06,1.06,0.26,0.82,20.15,0.26,0.82,-25.77,-76.61,-99.04,26.92,76.97,False,False,False,True,False,False,False,False,False,2026-09-21
1327,1327.HK,LUXXU GROUP,励时集团,4.01,"20,000",Equity,Equity Securities (Main Board),1.55,1.55,1.55,1.55,20000,0.03,1.548,1.559,0.13,-0.58,0.65,0.0,0.0,1.69,2.04,9.07,1.69,2.04,-8.28,-24.03,-82.92,8.28,24.03,False,False,False,False,False,False,False,True,False,2026-09-21
1328,1328.HK,GOLDSTREAM INV,金涌投资,8.81,"1,000",Equity,Equity Securities (Main Board),3.45,3.295,3.45,3.265,72000,0.25,3.352,3.42,2.92,0.89,4.7,2.68,-0.29,6.28,15.0,18.55,6.28,15.0,-45.06,-77.0,-81.4,45.06,77.0,False,False,False,True,False,False,False,False,False,2026-09-21
1330,1330.HK,DYNAGREEN ENV,绿色动力环保,24.91,"1,000",Equity,Equity Securities (Main Board),6.175,6.38,6.395,6.105,629000,3.88,6.243,6.19,-1.09,-0.23,-0.24,-3.29,0.98,6.69,7.7,7.7,6.69,7.7,-4.41,-16.95,-16.95,7.7,19.81,False,False,False,False,False,False,False,True,False,2026-09-21
1332,1332.HK,TOUYUN BIOTECH,透云生物,4.66,"10,000",Equity,Equity Securities (Main Board),0.159,0.157,0.162,0.157,940000,0.15,0.156,0.156,2.19,2.19,2.58,2.58,6.0,0.32,0.75,2.2,0.32,0.75,-50.15,-78.4,-92.64,51.08,78.8,False,False,False,False,False,False,False,False,False,2026-09-21
1333,1333.HK,BRETON,博雷顿,44.92,200,Equity,Equity Securities (Main Board),11.96,12.6,12.6,11.89,1934800,23.14,11.932,12.003,0.23,-0.36,-3.16,1.1,0.17,31.0,55.55,55.55,31.0,55.55,-59.35,-77.32,-77.32,61.42,78.47,False,False,False,False,False,False,False,False,False,2026-09-21
1334,1334.HK,RUICHANG INTL,瑞昌国际控股,4.47,"2,500",Equity,Equity Securities (Main Board),0.895,0.84,0.9,0.81,997500,0.89,0.909,0.949,-1.54,-5.64,1.7,-2.72,-2.19,2.65,2.65,2.65,2.65,2.65,-66.04,-66.04,-66.04,66.23,66.23,False,False,False,False,False,False,False,False,False,2026-09-21
1335,1335.HK,SHEEN TAI,顺泰控股,2.31,"2,000",Equity,Equity Securities (Main Board),0.095,0.095,0.095,0.095,4000,0.0,0.096,0.099,-1.04,-4.23,3.26,1.06,2.15,0.15,0.5,0.85,0.15,0.5,-36.67,-81.0,-88.82,36.67,81.0,False,False,False,False,False,False,False,False,False,2026-09-21
1336,1336.HK,NCI,新华保险,486.65,100,Equity,Equity Securities (Main Board),47.06,47.22,47.5,46.46,4586523,215.84,46.744,47.28,0.68,-0.47,-0.34,1.2,-0.51,65.8,65.8,65.8,65.8,65.8,-27.81,-27.81,-27.81,28.48,28.48,False,False,True,False,False,False,False,False,False,2026-09-21
1338,1338.HK,BAWANG GROUP,霸王集团,1.14,"2,000",Equity,Equity Securities (Main Board),0.036,0.036,0.037,0.032,1722000,0.06,0.034,0.032,6.51,11.11,9.09,5.88,20.0,0.05,0.08,0.53,0.05,0.08,-22.92,-53.75,-93.02,25.0,55.0,False,False,False,True,False,False,False,False,False,2026-09-21
1339,1339.HK,PICC GROUP,中国人民保险集团,511.79,"1,000",Equity,Equity Securities (Main Board),5.865,5.785,5.935,5.785,17274103,101.31,5.834,5.871,0.53,-0.1,1.47,0.77,-1.26,7.63,7.63,7.63,7.63,7.63,-22.21,-22.21,-22.21,23.13,23.13,False,False,False,False,False,False,False,False,False,2026-09-21
1343,1343.HK,WEI YUAN HLDG,伟源控股,1.79,"5,000",Equity,Equity Securities (Main Board),0.168,0.175,0.178,0.166,1165000,0.2,0.175,0.155,-4.11,8.18,-4.0,-1.18,20.0,0.2,0.2,4.09,0.2,0.2,-11.0,-11.0,-95.65,16.0,16.0,False,False,False,False,False,False,False,False,False,2026-09-21
1345,1345.HK,SH PIONEER HLDG,上海先锋控股,27.66,"1,000",Equity,Equity Securities (Main Board),2.2,2.2,2.2,2.2,2000,0.0,2.196,2.196,0.18,0.18,0.23,0.23,0.23,2.4,2.45,3.3,2.4,2.45,-8.33,-10.2,-33.33,8.33,10.2,False,False,False,False,False,False,False,True,False,2026-09-21
1346,1346.HK,LEVER STYLE,利华控股集团,8.5,"4,000",Equity,Equity Securities (Main Board),1.33,1.33,1.33,1.33,24000,0.03,1.311,1.315,1.45,1.14,1.53,1.92,2.31,1.64,1.69,1.69,1.64,1.69,-18.9,-21.3,-21.3,18.9,21.3,False,False,False,False,False,False,False,False,False,2026-09-21
1347,1347.HK,HUA HONG GRACE,华虹宏力,1534.79,"1,000",Equity,Equity Securities (Main Board),115.4,116.9,119.8,112.5,19630547,2265.37,111.74,111.25,3.28,3.73,-0.09,3.13,8.36,219.6,219.6,219.6,219.6,219.6,-45.45,-45.45,-45.45,47.45,47.45,False,False,False,False,False,False,False,False,False,2026-09-21
1348,1348.HK,QUALI-SMART,滉达富控股,2.61,"2,000",Equity,Equity Securities (Main Board),0.177,0.18,0.182,0.175,128000,0.02,0.186,0.185,-4.84,-4.48,3.51,-7.81,-14.08,0.41,0.41,0.75,0.41,0.41,-56.14,-56.14,-75.73,57.35,57.35,False,False,False,False,False,False,False,False,False,2026-09-21
1349,1349.HK,FUDANZHANGJIANG,复旦张江,8.64,"1,000",Equity,Equity Securities (Main Board),2.65,2.605,2.675,2.565,2814000,7.46,2.552,2.532,3.84,4.64,1.53,6.43,6.21,3.69,5.29,9.26,3.69,5.29,-27.51,-49.43,-71.11,28.18,49.91,True,False,False,False,False,False,False,False,False,2026-09-21
1351,1351.HK,BRIGHT FUTURE,辉煌明天,1.37,"2,000",Equity,Equity Securities (Main Board),0.228,0.214,0.23,0.21,396000,0.09,0.206,0.185,10.89,23.24,6.54,8.57,39.88,0.44,0.88,4.6,0.44,0.88,-48.31,-73.86,-95.0,48.76,74.09,False,False,False,False,False,False,False,False,False,2026-09-21
1354,1354.HK,KINGFARPROPERTY,经发物业,0.46,300,Equity,Equity Securities (Main Board),2.75,2.74,2.75,2.74,28800,0.08,2.637,2.691,4.29,2.17,2.61,9.13,4.36,4.0,41.55,41.55,4.0,41.55,-31.25,-93.38,-93.38,31.25,93.38,True,False,False,False,False,False,False,False,False,2026-09-21
1355,1355.HK,BIOSYSEN,生物系统工程,3.7,"20,000",Equity,Equity Securities (Main Board),0.207,0.148,0.23,0.148,10460000,2.17,0.167,0.161,23.66,28.49,39.86,26.22,18.29,0.18,1.18,1.65,0.23,1.18,27.07,-80.51,-86.06,10.0,82.46,False,False,False,True,True,False,False,False,False,2026-09-21
1357,1357.HK,MEITU,美图公司,185.97,500,Equity,Equity Securities (Main Board),4.11,4.035,4.145,3.98,38566555,158.51,3.931,4.15,4.55,-0.96,1.86,7.73,-2.61,9.33,12.56,23.05,9.33,12.56,-55.57,-67.0,-82.02,55.95,67.28,False,False,False,False,False,False,False,False,False,2026-09-21
1358,1358.HK,PW MEDTECH,普华和顺,12.97,"1,000",Equity,Equity Securities (Main Board),0.905,0.89,0.905,0.885,626000,0.57,0.922,0.942,-1.84,-3.88,-0.55,-0.55,-2.69,1.41,1.63,2.66,1.41,1.63,-35.82,-44.48,-65.98,35.82,44.48,False,False,False,False,False,False,False,False,False,2026-09-21
1359,1359.HK,CHINA CINDA,中国信达,123.47,"1,000",Equity,Equity Securities (Main Board),0.91,0.89,0.91,0.885,33702000,30.67,0.89,0.894,2.25,1.79,2.25,2.25,2.82,1.38,2.1,3.52,1.38,2.1,-34.06,-56.67,-74.15,34.06,56.67,False,False,True,True,False,False,False,False,False,2026-09-21
1361,1361.HK,361 DEGREES,３６１度,96.35,"1,000",Equity,Equity Securities (Main Board),4.445,4.395,4.46,4.325,3429800,15.25,4.395,4.423,1.14,0.5,2.77,0.34,1.02,7.25,7.25,7.25,7.25,7.25,-38.48,-38.48,-38.48,38.69,38.69,False,False,False,True,False,False,False,False,False,2026-09-21
1362,1362.HK,SIS MOBILE,新龙移动,2.32,"4,000",Equity,Equity Securities (Main Board),0.83,0.83,0.83,0.83,16000,0.01,0.826,0.819,0.48,1.28,0.61,0.61,0.61,0.9,0.9,2.05,0.9,0.9,-7.78,-7.78,-59.51,7.78,7.78,False,False,False,False,False,False,False,True,True,2026-09-21
1364,1364.HK,GUMING,古茗,515.49,400,Equity,Equity Securities (Main Board),22.04,21.88,22.04,21.54,1757869,38.74,22.004,22.696,0.16,-2.89,0.73,0.46,-1.08,31.28,31.28,31.28,31.28,31.28,-29.54,-29.54,-29.54,29.54,29.54,False,False,False,False,False,False,False,False,False,2026-09-21
1368,1368.HK,XTEP INT'L,特步国际,101.06,500,Equity,Equity Securities (Main Board),3.595,3.5,3.6,3.5,8617087,30.98,3.521,3.467,2.1,3.68,2.86,1.99,5.27,5.54,7.5,16.32,5.54,7.5,-35.02,-52.0,-77.94,35.11,52.07,False,False,False,False,False,False,False,False,False,2026-09-21
1370,1370.HK,AOWEI HOLDING,奥威控股,1.7,"1,000",Equity,Equity Securities (Main Board),0.104,0.12,0.145,0.093,4527000,0.47,0.136,0.149,-23.42,-30.15,-13.33,-35.0,-30.2,0.41,1.19,2.95,0.41,1.19,-64.2,-87.82,-95.08,74.32,91.26,False,False,False,False,False,False,False,False,False,2026-09-21
1372,1372.HK,C CARBONNEUTRAL,中国碳中和,12.3,"1,000",Equity,Equity Securities (Main Board),1.26,1.23,1.28,1.18,2956000,3.72,1.231,1.267,2.36,-0.55,1.61,1.2,-1.56,1.68,2.02,9.65,1.68,2.02,-23.81,-36.63,-86.74,25.0,37.62,False,False,True,False,False,False,False,False,False,2026-09-21
1373,1373.HK,IH RETAIL,国际家居零售,4.78,"1,000",Equity,Equity Securities (Main Board),0.67,0.66,0.67,0.655,73000,0.05,0.655,0.658,2.29,1.9,1.52,3.08,2.29,0.85,2.3,3.4,0.85,2.3,-21.18,-70.87,-80.29,21.18,70.87,False,False,False,True,False,False,False,False,False,2026-09-21
1375,1375.HK,CC SECURITIES,中州证券,20.02,"1,000",Equity,Equity Securities (Main Board),1.67,1.63,1.675,1.63,6109000,10.2,1.636,1.676,2.08,-0.39,3.09,2.14,0.6,2.38,4.08,4.98,2.38,4.08,-29.62,-58.95,-66.37,29.83,59.07,False,False,False,False,False,False,False,False,False,2026-09-21
1377,1377.HK,DTECH,鼎泰高科,36.25,100,Equity,Equity Securities (Main Board),287.2,295.0,307.0,283.6,285500,82.0,290.6,304.5,-1.17,-5.68,-1.31,-2.25,-1.31,455.6,455.6,455.6,455.6,455.6,-32.62,-32.62,-32.62,36.96,36.96,False,False,False,False,False,False,False,False,False,2026-09-21
1378,1378.HK,CHINAHONGQIAO,中国宏桥,2124.92,500,Equity,Equity Securities (Main Board),21.64,21.9,22.1,21.52,20940796,453.16,21.82,22.522,-0.82,-3.92,-2.17,-1.73,-2.52,41.36,41.36,41.36,41.36,41.36,-46.57,-46.57,-46.57,47.68,47.68,False,False,False,False,False,False,False,False,False,2026-09-21
1380,1380.HK,CHI KINGSTONE,中国金石,1.86,"10,000",Equity,Equity Securities (Main Board),0.36,0.36,0.365,0.355,110000,0.04,0.369,0.381,-2.44,-5.39,-4.0,-2.7,-6.49,0.98,1.12,13.11,0.98,1.12,-62.76,-67.41,-97.22,63.27,67.86,False,False,False,False,False,False,False,False,False,2026-09-21
1382,1382.HK,PACIFICTEXTILES,互太纺织,12.1,"1,000",Equity,Equity Securities (Main Board),0.885,0.9,0.94,0.88,592554,0.52,0.902,0.923,-1.88,-4.12,2.91,-4.32,-6.35,1.37,1.85,10.2,1.37,1.85,-31.39,-49.19,-90.78,35.4,52.16,False,False,False,False,False,False,False,False,False,2026-09-21
1384,1384.HK,DEEPEXI TECH,滴普科技,108.43,200,Equity,Equity Securities (Main Board),31.08,31.5,31.68,30.82,911000,28.31,30.644,31.698,1.42,-1.95,-0.32,2.44,0.78,120.0,128.2,128.2,120.0,128.2,-73.6,-75.29,-75.29,74.1,75.76,False,False,False,False,False,False,False,False,False,2026-09-21
1385,1385.HK,SHANGHAI FUDAN,上海复旦,77.11,"1,000",Equity,Equity Securities (Main Board),27.14,27.0,27.58,26.82,2442598,66.29,25.928,25.566,4.67,6.16,0.74,4.38,12.8,57.0,57.0,57.0,57.0,57.0,-51.61,-51.61,-51.61,52.39,52.39,False,False,False,False,False,False,False,False,False,2026-09-21
1388,1388.HK,EMBRY HOLDINGS,安莉芳控股,1.06,"1,000",Equity,Equity Securities (Main Board),0.25,0.246,0.255,0.244,205000,0.05,0.258,0.263,-3.1,-5.12,-1.96,-3.85,-5.66,0.41,0.58,3.8,0.41,0.58,-37.8,-56.03,-93.29,39.02,56.9,False,False,False,False,False,False,False,False,False,2026-09-21
1389,1389.HK,MAJOR HLDGS,美捷汇控股,2.72,"12,000",Equity,Equity Securities (Main Board),0.49,0.49,0.49,0.49,24000,0.01,0.48,0.478,2.08,2.62,0.0,2.08,5.38,0.63,0.91,21.51,0.63,0.91,-22.22,-46.15,-97.72,22.22,46.15,False,False,False,False,False,False,False,False,False,2026-09-21
1392,1392.HK,HQVT,海清智元,257.85,500,Equity,Equity Securities (Main Board),34.16,37.68,38.3,33.3,5237000,178.9,34.724,27.907,-1.62,22.41,-8.22,-9.05,38.41,40.6,40.6,40.6,40.6,40.6,-5.67,-5.67,-5.67,15.86,15.86,False,False,False,False,False,False,False,False,False,2026-09-21
1393,1393.HK,HIDILI INDUSTRY,恒鼎实业,1.38,"1,000",Equity,Equity Securities (Main Board),0.03,0.031,0.038,0.03,14876000,0.45,0.028,0.028,7.14,7.14,3.45,15.38,20.0,0.07,0.15,0.75,0.07,0.15,-47.95,-75.32,-94.93,58.9,80.52,False,False,False,False,False,False,False,False,False,2026-09-21
1396,1396.HK,GBA AI COMP-500,粤港湾智算－五百,180.38,500,Equity,Equity Securities (Main Board),11.39,11.25,11.67,11.08,3194000,36.38,11.082,11.351,2.78,0.34,2.34,5.86,5.07,19.85,19.85,19.85,19.85,19.85,-41.21,-41.21,-41.21,42.62,42.62,False,False,False,True,False,False,False,False,False,2026-09-21
1398,1398.HK,ICBC,工商银行,6565.97,"1,000",Equity,Equity Securities (Main Board),7.56,7.5,7.585,7.45,85172444,643.9,7.521,7.553,0.52,0.09,0.8,0.33,-1.18,7.76,7.76,7.76,7.76,7.76,-2.32,-2.32,-2.32,2.64,2.64,False,False,False,True,False,False,False,True,True,2026-09-21
1399,1399.HK,VESON HLDG,锐信控股,3.65,"2,000",Equity,Equity Securities (Main Board),0.335,0.35,0.35,0.335,28000,0.01,0.34,0.345,-1.47,-3.04,-5.63,-5.63,6.35,0.6,0.6,1.04,0.6,0.6,-41.67,-41.67,-66.35,44.17,44.17,False,False,False,False,False,False,False,False,False,2026-09-21
1400,1400.HK,MOODY TECH HLDG,满地科技股份,1.48,"10,000",Equity,Equity Securities (Main Board),0.039,0.045,0.046,0.036,105750000,4.12,0.03,0.026,31.76,51.16,-2.5,69.57,77.27,0.05,1.24,61.43,0.05,1.24,2.22,-96.29,-99.93,15.22,96.85,False,False,False,False,True,False,False,False,False,2026-09-21
1401,1401.HK,FUTURE MACH LTD,未来机器有限公司,3.71,"2,000",Equity,Equity Securities (Main Board),0.247,0.255,0.27,0.24,10439000,2.58,0.246,0.243,0.57,1.69,-5.0,2.92,4.22,1.42,15.3,15.3,1.42,15.3,-80.99,-98.24,-98.24,82.61,98.39,False,False,True,True,False,False,False,False,False,2026-09-21
1402,1402.HK,I-CONTROL,超智能控股,5.78,"10,000",Equity,Equity Securities (Main Board),0.55,0.605,0.605,0.535,3220000,1.77,0.62,0.533,-11.29,3.29,-9.09,-12.0,7.84,0.74,0.74,0.86,0.74,0.74,-18.24,-18.24,-29.65,25.68,25.68,False,False,False,False,False,False,False,False,False,2026-09-21
1405,1405.HK,DPC DASH,达势股份,37.85,100,Equity,Equity Securities (Main Board),28.76,28.58,29.14,28.46,191400,5.5,29.292,29.83,-1.82,-3.59,0.63,-2.44,-4.96,74.5,125.2,125.2,74.5,125.2,-60.89,-76.73,-76.73,61.4,77.03,False,False,False,False,False,False,False,False,False,2026-09-21
1407,1407.HK,JY GAS,交运燃气,3.1,"2,000",Equity,Equity Securities (Main Board),0.7,0.725,0.725,0.7,110000,0.08,0.705,0.704,-0.71,-0.57,-3.45,2.94,0.0,0.83,0.83,1.6,0.83,0.83,-12.65,-12.65,-54.69,15.66,15.66,False,False,False,False,False,False,False,False,False,2026-09-21
1408,1408.HK,MACAU E&M,濠江机电,1.85,"2,000",Equity,Equity Securities (Main Board),0.37,0.38,0.39,0.37,360000,0.13,0.384,0.374,-3.65,-1.2,-2.63,-5.13,5.71,0.47,0.47,5.5,0.47,0.47,-17.02,-17.02,-92.91,21.28,21.28,False,False,False,False,False,False,False,False,False,2026-09-21
1410,1410.HK,EDVANCE INTL,安领国际,8.23,"10,000",Equity,Equity Securities (Main Board),0.815,0.8,0.82,0.79,1250000,1.02,0.795,0.803,2.52,1.49,3.82,1.87,1.24,0.95,1.25,1.85,0.95,1.25,-13.68,-34.4,-55.68,14.21,34.8,False,False,False,True,False,False,False,False,False,2026-09-21
1412,1412.HK,Q P GROUP,隽思集团,5.59,"2,000",Equity,Equity Securities (Main Board),1.05,1.05,1.05,1.05,92000,0.1,1.023,1.033,2.64,1.6,4.48,2.94,2.94,1.65,1.9,1.9,1.65,1.9,-36.36,-44.74,-44.74,36.36,44.74,False,False,False,False,False,False,False,False,False,2026-09-21
1413,1413.HK,FEG HOLDINGS,铸帝控股,0.7,"7,000",Equity,Equity Securities (Main Board),0.213,0.21,0.223,0.204,357000,0.08,0.223,0.231,-4.48,-7.75,-4.91,-7.39,-12.35,0.42,1.77,2.6,0.42,1.77,-46.9,-87.44,-91.42,49.29,88.0,False,False,False,False,False,False,False,False,False,2026-09-21
1415,1415.HK,COWELL,高伟电子,200.48,"1,000",Equity,Equity Securities (Main Board),23.1,23.52,23.54,23.0,1238313,28.61,23.14,23.526,-0.17,-1.81,-0.6,-0.6,-1.11,33.88,43.06,43.06,33.88,43.06,-30.52,-45.33,-45.33,31.82,46.35,False,False,False,False,False,False,False,False,False,2026-09-21
1416,1416.HK,CTR HOLDINGS,CTR HOLDINGS,2.96,"10,000",Equity,Equity Securities (Main Board),0.191,0.191,0.191,0.191,60000,0.01,0.188,0.189,1.49,1.17,0.0,2.69,-0.52,0.26,0.34,0.71,0.26,0.34,-27.92,-44.64,-73.1,27.92,44.64,False,False,False,False,False,False,False,False,False,2026-09-21
1417,1417.HK,RIVERINE CHINA,浦江中国,20.01,"2,000",Equity,Equity Securities (Main Board),4.94,4.68,5.07,4.43,1632000,8.06,4.651,4.717,6.21,4.72,5.44,7.39,6.35,9.78,9.78,9.78,9.78,9.78,-48.19,-48.19,-48.19,49.51,49.51,False,False,True,True,False,False,False,False,False,2026-09-21
1419,1419.HK,HUMAN HEALTH,盈健医疗,2.88,"2,000",Equity,Equity Securities (Main Board),0.76,0.78,0.8,0.76,22000,0.02,0.76,0.764,0.0,-0.59,0.0,0.0,-1.3,0.87,1.43,3.12,0.87,1.43,-8.05,-44.06,-74.36,12.64,46.85,False,False,False,False,False,False,False,False,False,2026-09-21
1420,1420.HK,CHUAN HOLDING,川控股,3.63,"4,000",Equity,Equity Securities (Main Board),0.27,0.27,0.27,0.27,4000,0.0,0.259,0.264,4.25,2.27,3.85,8.0,1.89,0.33,0.33,0.52,0.33,0.33,-18.18,-18.18,-48.08,18.18,18.18,False,False,False,False,False,False,False,False,False,2026-09-21
1421,1421.HK,PROSP GP INTL,恒昌集团国际,1.2,"5,000",Equity,Equity Securities (Main Board),0.6,0.645,0.645,0.57,460000,0.28,0.597,0.593,0.5,1.27,-1.64,0.0,0.0,0.92,0.92,10.2,0.92,0.92,-29.89,-29.89,-93.68,34.78,34.78,False,False,True,True,False,False,False,False,False,2026-09-21
1425,1425.HK,JUSTIN ALLEN H,捷隆控股,7.38,"5,000",Equity,Equity Securities (Main Board),0.59,0.595,0.595,0.59,1070000,0.63,0.591,0.595,-0.17,-0.92,-0.84,0.0,0.0,0.73,0.85,0.85,0.73,0.85,-18.49,-30.0,-30.0,19.18,30.59,False,False,False,False,False,False,False,False,False,2026-09-21
1427,1427.HK,CH TIANBAO GP,中国天保集团,1.95,"1,000",Equity,Equity Securities (Main Board),0.224,0.228,0.24,0.184,7000,0.0,0.206,0.196,8.84,14.52,1.82,14.87,23.08,0.29,0.35,4.44,0.29,0.35,-17.24,-31.43,-94.59,22.76,36.0,True,False,False,True,False,False,False,False,False,2026-09-21
1428,1428.HK,BRIGHT SMART,耀才证券金融,122.46,"2,000",Equity,Equity Securities (Main Board),7.21,7.16,7.3,7.09,4446000,32.06,7.054,7.124,2.21,1.21,1.41,2.41,1.62,16.88,17.68,17.68,16.88,17.68,-56.75,-58.71,-58.71,57.29,59.22,False,False,False,True,False,False,False,False,False,2026-09-21
1429,1429.HK,SKYMISSION GP,天任集团,4.15,"8,000",Equity,Equity Securities (Main Board),0.216,0.218,0.227,0.205,3864000,0.83,0.206,0.205,4.65,5.42,3.85,6.93,7.46,0.35,0.35,2.53,0.35,0.35,-36.06,-36.06,-91.03,39.15,39.15,True,False,False,False,False,False,False,False,False,2026-09-21
1431,1431.HK,YST DAIRY,原生态牧业,13.84,"1,000",Equity,Equity Securities (Main Board),0.295,0.29,0.3,0.29,406000,0.12,0.306,0.311,-3.59,-5.14,-1.67,-6.35,-3.28,0.38,0.44,0.95,0.38,0.44,-22.08,-31.03,-68.42,23.38,32.18,False,False,False,False,False,False,False,False,False,2026-09-21
1432,1432.HK,CHINASHENGMU-PF,中国圣牧－ＰＦ,29.33,"1,000",Equity,Equity Securities (Main Board),0.35,0.355,0.36,0.35,1093000,0.38,0.353,0.358,-0.85,-2.1,1.45,-1.41,-2.78,0.44,0.5,2.65,0.44,0.5,-17.24,-28.0,-86.42,19.54,30.0,False,False,False,False,False,False,False,False,False,2026-09-21
1440,1440.HK,STAR SHINE HLDG,应星控股,257.25,"2,500",Equity,Equity Securities (Main Board),20.42,19.1,20.98,19.1,960000,19.6,18.312,15.405,11.51,32.55,2.66,18.45,27.78,19.9,19.9,19.9,20.98,20.98,5.43,5.43,5.43,2.67,2.67,True,True,False,False,True,True,True,True,True,2026-09-21
1443,1443.HK,FULUM GP HLDG,富临集团控股,0.82,"2,000",Equity,Equity Securities (Main Board),0.063,0.067,0.068,0.062,1234000,0.08,0.063,0.064,0.64,-0.94,-3.08,-3.08,12.5,0.1,0.25,1.37,0.1,0.25,-31.31,-72.8,-95.04,36.36,74.8,False,False,True,False,False,False,False,False,False,2026-09-21
1449,1449.HK,LEADER EDU,立德教育,10.6,"1,000",Equity,Equity Securities (Main Board),1.315,1.35,1.385,1.28,1147000,1.51,1.436,1.48,-8.43,-11.15,-2.59,-16.51,-19.08,1.71,1.71,1.99,1.71,1.71,-19.01,-19.01,-30.4,23.1,23.1,False,False,False,False,False,False,False,False,False,2026-09-21
1450,1450.HK,BE FRIENDS HLDG,交个朋友控股,10.18,"2,000",Equity,Equity Securities (Main Board),0.725,0.74,0.74,0.73,4000,0.0,0.713,0.73,1.68,-0.68,1.4,-2.03,5.07,1.15,1.95,4.6,1.15,1.95,-35.65,-62.05,-83.91,36.96,62.82,False,False,False,False,False,False,False,False,False,2026-09-21
1451,1451.HK,MS GROUP HLDGS,万成集团股份,3.03,"2,000",Equity,Equity Securities (Main Board),1.48,1.57,1.57,1.45,136000,0.2,1.362,1.291,8.66,14.64,-1.33,24.37,23.33,2.35,2.35,2.35,2.35,2.35,-33.19,-33.19,-33.19,37.02,37.02,False,False,False,False,False,False,False,False,False,2026-09-21
1452,1452.HK,DENOX ENV,迪诺斯环保,1.46,"1,000",Equity,Equity Securities (Main Board),0.189,0.188,0.19,0.182,343000,0.06,0.203,0.205,-6.9,-7.71,-10.0,-9.13,-8.25,0.24,0.24,1.19,0.24,0.24,-20.83,-20.83,-84.03,21.25,21.25,False,False,False,False,False,False,False,False,False,2026-09-21
1455,1455.HK,FOURACE IND GP,科利实业控股,3.39,"5,000",Equity,Equity Securities (Main Board),0.265,0.26,0.27,0.25,300000,0.08,0.254,0.26,4.5,2.0,6.85,8.16,0.0,0.3,0.3,1.45,0.3,0.3,-10.0,-10.0,-81.38,11.67,11.67,False,False,False,True,False,False,False,False,False,2026-09-21
1456,1456.HK,GLMS SEC,国联民生,16.75,500,Equity,Equity Securities (Main Board),3.785,3.685,3.785,3.685,1742000,6.59,3.713,3.777,1.94,0.21,1.61,1.61,0.26,5.67,8.18,8.18,5.67,8.18,-33.25,-53.73,-53.73,33.25,53.73,False,False,True,True,False,False,False,False,False,2026-09-21
1458,1458.HK,ZHOU HEI YA,周黑鸭,22.89,500,Equity,Equity Securities (Main Board),1.1,1.105,1.125,1.08,2515000,2.77,1.157,1.204,-4.93,-8.6,-0.45,-9.09,-8.71,1.76,2.9,11.86,1.76,2.9,-36.08,-61.21,-90.51,37.5,62.07,False,False,False,False,False,False,False,False,False,2026-09-21
1463,1463.HK,C-LINK SQ,C-LINK SQ,10.63,"2,000",Equity,Equity Securities (Main Board),0.37,0.37,0.37,0.37,52000,0.02,0.389,0.382,-4.88,-3.01,-9.76,-7.5,0.0,0.44,1.85,1.85,0.44,1.85,-15.91,-80.0,-80.0,15.91,80.0,False,False,False,False,False,False,False,False,False,2026-09-21
1466,1466.HK,BAIJIN LIFE SCI,佰金生命科学,13.24,"8,000",Equity,Equity Securities (Main Board),1.42,1.4,1.495,1.38,4035000,5.73,1.353,1.28,4.95,10.94,6.37,5.97,27.93,1.7,1.7,14.26,1.7,1.7,-12.06,-12.06,-89.52,16.47,16.47,False,False,False,False,False,False,False,False,False,2026-09-21
1468,1468.HK,JAKOTA CAPITAL,嘉高达资本,0.77,"10,000",Equity,Equity Securities (Main Board),0.184,0.185,0.187,0.178,430000,0.08,0.191,0.191,-3.56,-3.41,-4.17,-5.15,-2.13,0.7,62.5,109.0,0.7,62.5,-73.29,-99.7,-99.83,73.71,99.71,False,False,False,False,False,False,False,False,False,2026-09-21
1470,1470.HK,PROSPER ONE,富一国际控股,1.03,"4,000",Equity,Equity Securities (Main Board),0.13,0.131,0.131,0.131,200000,0.03,0.127,0.117,2.04,10.64,0.0,0.0,16.07,0.21,0.34,1.42,0.21,0.34,-37.62,-61.47,-90.77,38.1,61.76,False,False,False,False,False,False,False,False,False,2026-09-21
1472,1472.HK,SANG HING HLDGS,生兴控股,0.97,"5,000",Equity,Equity Securities (Main Board),0.097,0.097,0.097,0.097,165000,0.02,0.097,0.099,-0.41,-1.52,0.0,-3.0,0.0,0.16,0.16,3.95,0.16,0.16,-37.42,-37.42,-97.54,37.42,37.42,False,False,False,False,False,False,False,False,False,2026-09-21
1473,1473.HK,PANGAEA CONNECT,环联连讯,15.08,"4,000",Equity,Equity Securities (Main Board),1.275,1.25,1.295,1.18,2800000,3.57,1.185,1.178,7.59,8.23,4.51,11.35,10.39,2.03,2.03,2.03,2.03,2.03,-36.21,-36.21,-36.21,37.19,37.19,False,False,True,False,False,False,False,False,False,2026-09-21
1475,1475.HK,NISSIN FOODS,日清食品,69.93,"1,000",Equity,Equity Securities (Main Board),6.7,6.78,6.78,6.615,22000,0.15,6.675,6.61,0.37,1.35,-0.3,0.07,2.06,9.69,9.69,9.69,9.69,9.69,-30.03,-30.03,-30.03,30.86,30.86,False,False,False,False,False,False,False,False,False,2026-09-21
1476,1476.HK,FIN STREET SEC,金融街证券,5.39,"1,000",Equity,Equity Securities (Main Board),1.195,1.195,1.195,1.195,1000,0.0,1.198,1.199,-0.25,-0.33,0.0,-0.42,-0.42,1.95,3.29,4.8,1.95,3.29,-38.72,-63.68,-75.1,38.72,63.68,False,False,False,False,False,False,False,False,False,2026-09-21
1477,1477.HK,OCUMENSION-B,欧康维视生物－Ｂ,42.28,500,Equity,Equity Securities (Main Board),5.185,5.25,5.4,5.175,625500,3.24,5.25,5.316,-1.24,-2.46,1.77,-1.8,-3.71,8.65,12.23,43.0,8.65,12.23,-37.57,-55.85,-87.44,40.06,57.6,False,False,False,False,False,False,False,False,False,2026-09-21
1478,1478.HK,Q TECH,丘钛科技,64.05,"1,000",Equity,Equity Securities (Main Board),5.36,5.41,5.465,5.32,2635000,14.12,5.318,5.443,0.79,-1.52,-1.2,0.75,0.19,10.5,16.99,23.25,10.5,16.99,-47.95,-67.83,-76.49,48.95,68.45,False,False,False,False,False,False,False,False,False,2026-09-21
1480,1480.HK,YAN TAT GROUP,恩达集团控股,2.41,"2,000",Equity,Equity Securities (Main Board),1.005,1.01,1.01,1.0,72000,0.07,1.016,1.021,-1.08,-1.62,-0.5,-2.43,0.0,2.95,2.95,2.95,2.95,2.95,-65.76,-65.76,-65.76,65.93,65.93,False,False,False,False,False,False,False,False,False,2026-09-21
1481,1481.HK,SMART GLOBE,竣球控股,14.28,"10,000",Equity,Equity Securities (Main Board),1.4,1.4,1.4,1.39,160000,0.22,1.421,1.441,-1.48,-2.81,-1.06,-1.06,-4.11,3.15,3.15,3.15,3.15,3.15,-55.56,-55.56,-55.56,55.56,55.56,False,False,False,False,False,False,False,False,False,2026-09-21
1483,1483.HK,NET-A-GO TECH,网誉科技,10.33,"2,000",Equity,Equity Securities (Main Board),1.26,1.19,1.275,1.19,352000,0.44,1.215,1.194,3.7,5.48,-1.18,9.57,-1.95,1.6,1.74,2.85,1.6,1.74,-20.31,-26.72,-55.26,21.25,27.59,False,False,True,True,False,False,False,False,False,2026-09-21
1489,1489.HK,GC CONSTRUCTION,GC CONSTRUCTION,44.2,"5,000",Equity,Equity Securities (Main Board),4.42,4.005,4.53,4.055,3515000,15.54,4.024,3.397,9.84,30.11,10.36,15.86,18.82,4.59,4.59,4.59,4.59,4.59,-1.41,-1.41,-1.41,3.81,3.81,False,False,False,False,False,False,False,True,True,2026-09-21
1498,1498.HK,PURAPHARM,培力农本方,1.32,500,Equity,Equity Securities (Main Board),0.247,0.255,0.28,0.247,290500,0.07,0.257,0.26,-3.97,-4.85,1.23,-10.18,-8.52,0.38,1.23,4.15,0.38,1.23,-25.33,-77.24,-93.25,34.13,79.92,False,False,False,False,False,False,False,False,False,2026-09-21
1499,1499.HK,OKG TECH,欧科云链,6.71,"10,000",Equity,Equity Securities (Main Board),0.126,0.12,0.128,0.12,270000,0.03,0.121,0.122,4.3,3.28,5.0,8.62,3.28,0.22,0.73,1.22,0.22,0.73,-43.11,-82.47,-89.51,44.0,82.74,False,False,False,True,False,False,False,False,False,2026-09-21
1500,1500.HK,INCON,现恒建筑,3.07,"5,000",Equity,Equity Securities (Main Board),0.37,0.35,0.38,0.345,470000,0.17,0.384,0.386,-3.65,-4.27,5.71,-9.76,-10.84,0.47,0.47,1.02,0.47,0.47,-20.0,-20.0,-62.75,22.11,22.11,False,False,False,False,False,False,False,False,False,2026-09-21
1501,1501.HK,INT MEDICAL,瑛泰医疗,71.89,200,Equity,Equity Securities (Main Board),34.24,34.5,34.5,33.14,147600,5.05,34.452,34.148,-0.62,0.27,1.18,-1.5,-3.17,41.4,41.4,73.7,41.4,41.4,-16.67,-16.67,-53.19,17.29,17.29,False,False,False,False,False,False,False,False,False,2026-09-21
1502,1502.HK,FIN STREET PPT,金融街物业,2.01,"1,000",Equity,Equity Securities (Main Board),1.94,1.955,1.955,1.94,3000,0.01,1.926,1.931,0.73,0.47,0.26,1.57,1.04,2.34,2.56,14.32,2.34,2.56,-16.45,-23.63,-86.35,17.09,24.22,False,False,False,False,False,False,False,False,False,2026-09-21
1508,1508.HK,CHINA RE,中国再保险,81.49,"1,000",Equity,Equity Securities (Main Board),1.225,1.225,1.23,1.21,7929800,9.71,1.216,1.235,0.74,-0.81,-0.41,1.24,-0.81,1.84,1.84,1.94,1.84,1.84,-33.15,-33.15,-36.6,33.42,33.42,False,False,True,False,False,False,False,False,False,2026-09-21
1511,1511.HK,UISEE TECH,驭势科技,74.51,50,Equity,Equity Securities (Main Board),58.8,59.1,60.95,57.85,352000,20.7,57.21,56.115,2.78,4.78,-0.51,4.35,7.59,102.3,102.3,102.3,102.3,102.3,-40.42,-40.42,-40.42,42.52,42.52,False,False,False,False,False,False,False,False,False,2026-09-21
1513,1513.HK,LIVZON PHARMA,丽珠医药,62.78,100,Equity,Equity Securities (Main Board),20.94,20.66,21.08,20.6,1655174,34.66,20.72,20.854,1.06,0.41,2.65,0.58,-0.66,30.88,41.85,42.6,30.88,41.85,-31.74,-49.63,-50.52,32.19,49.96,False,False,False,True,False,False,False,False,False,2026-09-21
1515,1515.HK,CR MEDICAL,华润医疗,31.31,500,Equity,Equity Securities (Main Board),2.415,2.37,2.45,2.37,830500,2.01,2.391,2.457,1.0,-1.71,1.9,1.47,-2.62,3.47,5.4,14.16,3.47,5.4,-29.39,-54.63,-82.7,30.4,55.28,False,False,False,False,False,False,False,False,False,2026-09-21
1516,1516.HK,SUNAC SERVICES,融创服务,23.32,"1,000",Equity,Equity Securities (Main Board),0.77,0.77,0.785,0.755,5304000,4.08,0.79,0.801,-2.53,-3.87,0.0,-5.52,-4.35,1.5,3.51,29.4,1.5,3.51,-47.67,-77.64,-97.33,48.67,78.06,False,False,False,False,False,False,False,False,False,2026-09-21
1519,1519.HK,J&T EXPRESS-W,极兔速递－Ｗ,789.7,200,Equity,Equity Securities (Main Board),9.14,8.975,9.14,8.805,32216543,294.46,9.067,9.268,0.81,-1.38,1.84,0.99,-1.72,12.2,16.54,16.54,12.2,16.54,-25.08,-44.74,-44.74,25.08,44.74,False,False,False,False,False,False,False,False,False,2026-09-21
1520,1520.HK,VIRTUAL MIND,天机控股,7.34,"6,000",Equity,Equity Securities (Main Board),0.7,0.705,0.705,0.705,66000,0.05,0.703,0.717,-0.43,-2.37,-1.41,0.72,0.0,1.21,1.95,5.36,1.21,1.95,-41.74,-63.85,-86.85,42.15,64.1,False,False,False,False,False,False,False,False,False,2026-09-21
1521,1521.HK,FRONTAGE,方达控股,22.16,"2,000",Equity,Equity Securities (Main Board),1.085,1.085,1.085,1.085,2000,0.0,1.071,1.127,1.31,-3.77,5.34,-0.46,-1.36,1.36,2.33,9.18,1.36,2.33,-20.22,-53.43,-88.18,20.22,53.43,False,False,False,False,False,False,False,False,False,2026-09-21
1522,1522.HK,BII TRANS TECH,京投交通科技,4.53,"4,000",Equity,Equity Securities (Main Board),0.215,0.211,0.215,0.207,424000,0.09,0.214,0.218,0.56,-1.24,1.9,1.9,-2.27,0.35,0.4,1.8,0.35,0.4,-39.44,-45.57,-88.06,39.44,45.57,False,False,False,False,False,False,False,False,False,2026-09-21
1523,1523.HK,PLOVER BAY TECH,珩湾科技,84.18,"1,000",Equity,Equity Securities (Main Board),7.6,7.32,7.68,7.32,417000,3.17,7.448,7.323,2.04,3.78,0.86,2.15,5.12,9.85,9.85,9.85,9.85,9.85,-22.03,-22.03,-22.03,22.84,22.84,False,False,False,True,False,False,False,False,False,2026-09-21
1525,1525.HK,GENCH EDU,建桥教育,9.38,500,Equity,Equity Securities (Main Board),2.26,2.25,2.25,2.25,20000,0.05,2.258,2.277,0.09,-0.75,-0.44,-0.44,0.0,2.77,4.36,8.98,2.77,4.36,-18.77,-48.39,-74.94,18.41,48.17,False,False,False,False,False,False,False,False,False,2026-09-21
1526,1526.HK,RICI HEALTH,瑞慈医疗,13.65,"1,000",Equity,Equity Securities (Main Board),0.86,0.865,0.87,0.825,80000,0.07,0.86,0.839,0.0,2.5,-2.27,1.18,5.52,1.24,1.45,2.66,1.24,1.45,-29.84,-40.0,-67.29,30.65,40.69,False,False,False,False,False,False,False,False,False,2026-09-21
1529,1529.HK,YUES INTL HLDG,乐氏国际控股,6.04,"2,000",Equity,Equity Securities (Main Board),0.905,0.93,0.93,0.905,68000,0.06,0.885,0.894,2.26,1.23,-3.21,7.1,3.43,0.94,2.95,7.1,0.94,2.95,-1.59,-68.47,-86.9,4.23,69.32,False,False,False,False,False,False,False,True,False,2026-09-21
1530,1530.HK,3SBIO,三生制药,432.62,500,Equity,Equity Securities (Main Board),17.16,16.0,17.24,15.94,32936807,565.2,16.12,16.038,6.45,7.0,8.95,9.44,5.8,29.3,36.8,36.8,29.3,36.8,-41.16,-53.15,-53.15,41.43,53.37,False,False,False,True,False,False,False,False,False,2026-09-21
1532,1532.HK,CHINA PARTYTIME,中国派对文化,2.58,"3,000",Equity,Equity Securities (Main Board),0.143,0.145,0.145,0.139,63000,0.01,0.149,0.15,-3.9,-4.54,2.14,-7.14,-6.54,0.17,0.18,1.4,0.17,0.18,-14.71,-19.44,-89.64,15.88,20.56,False,False,False,False,False,False,False,False,False,2026-09-21
1536,1536.HK,YUK WING GP,煜荣集团,10.12,"2,000",Equity,Equity Securities (Main Board),0.555,0.62,0.62,0.495,28584000,15.86,0.503,0.367,10.28,51.31,-10.48,9.9,86.13,0.72,0.72,3.34,0.72,0.72,-13.89,-13.89,-81.44,22.92,22.92,False,False,False,False,False,False,False,False,False,2026-09-21
1538,1538.HK,ZHONG AO HOME,中奥到家,7.35,"2,000",Equity,Equity Securities (Main Board),0.86,0.815,0.87,0.815,796000,0.68,0.842,0.827,2.14,3.99,1.78,4.88,-1.15,0.96,0.96,1.88,0.96,0.96,-9.37,-9.37,-53.72,10.42,10.42,False,False,False,True,False,False,False,False,False,2026-09-21
1539,1539.HK,UNITY GP HLDGS,知行集团控股,10.79,"2,000",Equity,Equity Securities (Main Board),0.305,0.31,0.31,0.3,1164000,0.36,0.305,0.31,0.0,-1.61,-3.17,0.0,0.0,0.41,0.71,2.3,0.41,0.71,-25.3,-56.34,-86.52,26.51,57.04,False,False,True,False,False,False,False,False,False,2026-09-21
1540,1540.HK,LEFTFIELD PRINT,澳狮环球,2.22,"3,000",Equity,Equity Securities (Main Board),0.445,0.435,0.515,0.425,6950000,3.09,0.663,0.676,-32.88,-34.17,-38.62,-36.43,-37.32,0.75,0.75,1.05,0.75,0.75,-31.33,-31.33,-50.95,40.67,40.67,False,False,False,False,False,False,False,False,False,2026-09-21
1541,1541.HK,IMMUNEONCO-B,宜明昂科－Ｂ,13.95,200,Equity,Equity Securities (Main Board),3.335,3.555,3.555,3.27,454400,1.52,3.206,3.263,4.02,2.22,5.87,4.71,5.21,7.12,32.15,32.15,7.12,32.15,-50.07,-88.94,-88.94,53.16,89.63,False,False,False,False,False,False,False,False,False,2026-09-21
1545,1545.HK,DESIGN CAPITAL,设计都会,3.28,"10,000",Equity,Equity Securities (Main Board),0.164,0.154,0.164,0.152,590000,0.1,0.156,0.158,4.99,3.99,5.81,7.89,1.23,0.17,0.17,0.33,0.17,0.17,-4.65,-4.65,-50.3,4.65,4.65,False,False,False,True,False,False,False,True,True,2026-09-21
1546,1546.HK,THELLOY DEV,德莱建业,1.0,"8,000",Equity,Equity Securities (Main Board),0.125,0.129,0.129,0.125,136000,0.02,0.12,0.12,3.82,4.52,0.0,4.17,4.17,0.44,0.44,0.88,0.44,0.44,-71.01,-71.01,-85.34,71.91,71.91,False,False,False,False,False,False,False,False,False,2026-09-21
1548,1548.HK,GENSCRIPT BIO,金斯瑞生物科技,942.76,"2,000",Equity,Equity Securities (Main Board),41.36,39.22,42.3,39.22,52228120,2160.16,36.572,34.958,13.09,18.31,5.13,27.03,21.65,40.34,40.34,43.4,42.3,42.3,4.86,4.86,-2.53,2.22,2.22,True,False,False,False,True,True,False,True,True,2026-09-21
1555,1555.HK,MIE HOLDINGS,ＭＩ能源,1.02,"2,000",Equity,Equity Securities (Main Board),0.03,0.033,0.033,0.029,6738000,0.2,0.029,0.029,2.74,3.45,-3.23,7.14,3.45,0.08,0.08,0.92,0.08,0.08,-56.58,-57.14,-96.41,60.53,61.04,False,False,True,True,False,False,False,False,False,2026-09-21
1557,1557.HK,K.H. GP HLDGS,剑虹集团控股,2.69,"4,000",Equity,Equity Securities (Main Board),0.56,0.56,0.56,0.56,60000,0.03,0.541,0.524,3.51,6.77,-2.61,16.67,12.0,1.0,1.0,3.38,1.0,1.0,-44.0,-44.0,-83.43,44.0,44.0,False,False,False,False,False,False,False,False,False,2026-09-21
1559,1559.HK,KWAN ON HLDGS,均安控股,1.24,"10,000",Equity,Equity Securities (Main Board),0.045,0.044,0.044,0.044,10000,0.0,0.047,0.048,-4.66,-7.22,-6.25,-6.25,-6.25,0.09,0.21,2.42,0.09,0.21,-53.68,-78.95,-98.18,52.63,78.47,False,False,False,False,False,False,False,False,False,2026-09-21
1560,1560.HK,STAR GROUP ASIA,星星集团,1.86,"2,000",Equity,Equity Securities (Main Board),0.29,0.26,0.35,0.26,508000,0.15,0.292,0.315,-0.68,-8.08,11.54,-4.92,-18.31,0.47,1.0,1.48,0.47,1.0,-26.32,-65.0,-76.37,38.95,71.0,False,False,False,False,False,False,False,False,False,2026-09-21
1563,1563.HK,ALLI INTL ED LE,友联国际教育租赁,2.28,"1,000",Equity,Equity Securities (Main Board),0.135,0.122,0.135,0.122,483000,0.07,0.133,0.13,1.5,4.09,0.75,1.5,3.05,0.18,2.44,19.62,0.18,2.44,-25.82,-94.47,-99.31,25.82,94.47,False,False,False,True,False,False,False,False,False,2026-09-21
1565,1565.HK,VIRSCEND EDU,成实外教育,4.86,"1,000",Equity,Equity Securities (Main Board),0.16,0.166,0.167,0.16,1258000,0.2,0.16,0.164,0.0,-2.32,0.0,0.0,-5.88,0.22,0.34,5.83,0.22,0.34,-24.09,-50.15,-97.14,27.27,52.24,False,False,False,False,False,False,False,False,False,2026-09-21
1566,1566.HK,CA CULTURAL,华夏文化科技,72.08,"5,000",Equity,Equity Securities (Main Board),4.475,3.8,4.54,3.8,8261400,36.97,4.146,4.133,7.94,8.27,16.23,7.57,12.3,4.8,4.8,4.8,4.8,4.8,-5.42,-5.42,-5.42,6.77,6.77,False,False,False,True,False,False,False,True,True,2026-09-21
1568,1568.HK,SUNDART HLDGS,承达集团,14.61,"2,000",Equity,Equity Securities (Main Board),0.67,0.65,0.67,0.65,532000,0.36,0.641,0.65,4.52,3.08,5.51,6.35,3.08,0.9,0.95,5.15,0.9,0.95,-25.56,-29.47,-86.99,25.56,29.47,False,False,False,True,False,False,False,False,False,2026-09-21
1570,1570.HK,WEIYE HOLDINGS,伟业控股,20.26,"1,000",Equity,Equity Securities (Main Board),10.33,11.5,11.5,10.33,980000,10.12,11.966,11.857,-13.67,-12.88,-10.17,-19.92,-19.23,16.0,16.0,16.0,16.0,16.0,-28.12,-28.12,-28.12,35.44,35.44,False,False,False,False,False,False,False,False,False,2026-09-21
1571,1571.HK,XIN POINT HOLD,信邦控股,37.1,"1,000",Equity,Equity Securities (Main Board),3.68,3.725,3.725,3.68,284000,1.05,3.685,3.71,-0.14,-0.8,-0.54,0.0,-2.39,4.64,4.75,7.01,4.64,4.75,-19.72,-21.58,-46.86,20.69,22.53,False,False,False,False,False,False,False,False,False,2026-09-21
1572,1572.HK,CHINA ART FIN,中国艺术金融,1.3,"4,000",Equity,Equity Securities (Main Board),0.077,0.077,0.077,0.077,132000,0.01,0.077,0.074,0.26,3.77,2.67,-2.53,1.32,0.11,0.24,1.76,0.11,0.24,-27.36,-67.92,-95.62,27.36,67.92,False,False,False,False,False,False,False,False,False,2026-09-21
1578,1578.HK,BANK OF TIANJIN,天津银行,36.88,500,Equity,Equity Securities (Main Board),2.1,2.145,2.145,2.065,43000,0.09,2.083,2.114,0.82,-0.69,1.94,-0.47,-0.24,2.88,2.88,7.0,2.88,2.88,-25.52,-25.52,-69.36,27.08,27.08,False,False,False,False,False,False,False,False,False,2026-09-21
1579,1579.HK,YIHAI INTL,颐海国际,142.03,"1,000",Equity,Equity Securities (Main Board),13.7,13.68,13.71,13.47,1915000,26.24,13.702,13.95,-0.01,-1.79,0.66,-0.87,-1.58,17.33,18.82,148.6,17.33,18.82,-20.89,-27.15,-90.77,20.95,27.21,False,False,False,False,False,False,False,False,False,2026-09-21
1580,1580.HK,DA SEN HLDGS,大森控股,4.22,"30,000",Equity,Equity Securities (Main Board),0.385,0.4,0.51,0.335,8700000,3.35,0.296,0.264,30.07,45.78,28.33,32.76,59.75,0.65,0.65,5.24,0.65,0.65,-21.54,-21.54,-90.27,40.77,40.77,False,False,False,False,False,False,False,False,False,2026-09-21
1581,1581.HK,PROGRESSIVE P,进升集团控股,1.39,"10,000",Equity,Equity Securities (Main Board),0.335,0.335,0.335,0.335,30000,0.01,0.328,0.308,2.13,8.94,-2.9,-2.9,21.82,0.59,0.59,3.57,0.59,0.59,-43.22,-43.22,-90.62,43.22,43.22,False,False,False,False,False,False,False,False,False,2026-09-21
1582,1582.HK,CR CONSTRUCTION,华营建筑,3.35,"2,500",Equity,Equity Securities (Main Board),0.67,0.605,0.695,0.605,1960000,1.31,0.594,0.527,12.79,27.13,13.56,9.84,45.65,0.69,0.69,2.78,0.69,0.69,0.0,0.0,-75.0,3.6,3.6,False,False,False,False,False,False,False,True,True,2026-09-21
1583,1583.HK,QINQIN FOODS,亲亲食品,6.41,"1,000",Equity,Equity Securities (Main Board),0.85,0.905,0.905,0.85,9000,0.01,0.926,0.949,-8.21,-10.43,-6.59,-10.99,-5.56,1.36,1.61,3.32,1.36,1.61,-33.46,-43.79,-72.74,37.5,47.2,False,False,False,False,False,False,False,False,False,2026-09-21
1585,1585.HK,YADEA,雅迪控股,262.4,"2,000",Equity,Equity Securities (Main Board),8.43,8.67,8.67,8.42,8337058,70.28,8.649,8.695,-2.53,-3.05,-2.49,-1.86,-3.05,13.46,17.28,24.0,13.46,17.28,-35.59,-49.83,-63.87,37.37,51.22,False,False,False,False,False,False,False,False,False,2026-09-21
1586,1586.HK,LEON INSPECTION,力鸿检验,8.18,"4,000",Equity,Equity Securities (Main Board),1.415,1.415,1.42,1.37,16000,0.02,1.435,1.415,-1.39,-0.04,-0.35,-2.41,-3.74,2.38,3.25,3.25,2.38,3.25,-40.34,-56.31,-56.31,40.55,56.46,False,False,False,False,False,False,False,False,False,2026-09-21
1587,1587.HK,SHINEROAD INTL,欣融国际,3.37,"4,000",Equity,Equity Securities (Main Board),0.495,0.475,0.495,0.45,72000,0.04,0.466,0.483,6.22,2.48,4.21,10.0,-1.0,0.65,0.66,1.06,0.65,0.66,-23.85,-25.0,-53.3,23.85,25.0,False,False,True,True,False,False,False,False,False,2026-09-21
1588,1588.HK,CHANJET,畅捷通,5.61,200,Equity,Equity Securities (Main Board),4.15,4.18,4.18,4.105,73800,0.31,4.261,4.38,-2.61,-5.25,-0.84,-3.6,-6.95,10.0,12.21,24.13,10.0,12.21,-58.2,-65.77,-82.68,58.5,66.01,False,False,False,False,False,False,False,False,False,2026-09-21
1591,1591.HK,SHUN WO GROUP,汛和集团,0.62,"20,000",Equity,Equity Securities (Main Board),0.117,0.117,0.117,0.117,20000,0.0,0.117,0.116,0.17,0.43,0.0,0.0,0.86,0.19,0.35,1.93,0.19,0.35,-36.76,-66.57,-93.94,36.76,66.57,False,False,False,False,False,False,False,False,False,2026-09-21
1592,1592.HK,ANCHORSTONE,基石控股,2.42,"10,000",Equity,Equity Securities (Main Board),0.167,0.16,0.167,0.16,680000,0.11,0.166,0.169,0.85,-1.42,0.6,1.83,1.21,0.45,0.82,28.7,0.45,0.82,-62.89,-79.63,-99.42,62.89,79.63,False,False,True,False,False,False,False,False,False,2026-09-21
1593,1593.HK,CHEN LIN EDU,辰林教育,11.42,"2,000",Equity,Equity Securities (Main Board),1.15,1.065,1.15,1.065,626000,0.72,1.14,1.121,0.88,2.63,7.48,-0.86,-0.86,1.43,3.0,3.44,1.43,3.0,-19.58,-61.67,-66.57,19.58,61.67,False,False,False,True,False,False,False,False,False,2026-09-21
1596,1596.HK,YICHEN IND,翼辰实业,0.65,"1,000",Equity,Equity Securities (Main Board),0.29,0.28,0.29,0.28,76000,0.02,0.298,0.283,-2.68,2.47,0.0,-7.94,-9.38,1.45,4.6,7.68,1.45,4.6,-80.0,-93.7,-96.22,80.0,93.7,False,False,False,False,False,False,False,False,False,2026-09-21
1599,1599.HK,UCD,城建设计,3.86,"1,000",Equity,Equity Securities (Main Board),0.995,1.0,1.0,0.995,119000,0.12,1.002,1.008,-0.7,-1.34,-0.5,-1.49,-1.49,1.4,2.24,5.53,1.4,2.24,-28.57,-55.36,-81.92,28.93,55.58,False,False,False,False,False,False,False,False,False,2026-09-21
1600,1600.HK,TIAN LUN GAS,天伦燃气,26.67,500,Equity,Equity Securities (Main Board),2.74,2.7,2.74,2.68,1441500,3.95,2.706,2.697,1.26,1.59,0.74,1.86,1.86,3.43,5.67,10.9,3.43,5.67,-20.12,-51.68,-74.86,20.12,51.68,False,False,True,True,False,False,False,False,False,2026-09-21
1601,1601.HK,ZGC TEC LEASING,中关村科技租赁,3.45,"2,000",Equity,Equity Securities (Main Board),0.7,0.7,0.7,0.7,4000,0.0,0.712,0.71,-1.69,-1.41,-2.1,-2.1,-1.41,0.87,0.99,2.67,0.87,0.99,-19.54,-29.29,-73.78,19.54,29.29,False,False,False,False,False,False,False,False,False,2026-09-21
1606,1606.HK,CDB LEASING,国银金租,41.68,"2,000",Equity,Equity Securities (Main Board),1.505,1.51,1.52,1.495,1066000,1.6,1.522,1.526,-1.12,-1.38,-0.33,-2.9,-3.53,1.78,2.49,2.49,1.78,2.49,-14.61,-38.96,-38.96,15.45,39.56,False,False,False,False,False,False,False,False,False,2026-09-21
1608,1608.HK,VPOWER GROUP,伟能集团,2.74,"1,000",Equity,Equity Securities (Main Board),0.041,0.039,0.043,0.039,2230000,0.09,0.042,0.044,-1.91,-5.96,-2.38,-2.38,2.5,0.21,0.69,5.65,0.21,0.69,-79.52,-93.77,-99.24,80.48,94.06,False,False,False,False,False,False,False,False,False,2026-09-21
1609,1609.HK,STAR SPORTS MED,天星医疗,60.28,50,Equity,Equity Securities (Main Board),110.0,105.5,121.9,102.6,787150,86.59,105.48,107.41,4.29,2.41,7.53,5.67,3.77,299.0,299.0,299.0,299.0,299.0,-59.23,-59.23,-59.23,63.21,63.21,False,False,False,True,False,False,False,False,False,2026-09-21
1610,1610.HK,COFCO JOYCOME,中粮家佳康,52.46,"1,000",Equity,Equity Securities (Main Board),1.145,1.13,1.16,1.125,11565000,13.24,1.137,1.182,0.7,-3.13,0.88,2.23,-3.38,1.72,2.1,6.38,1.72,2.1,-32.56,-44.76,-81.82,33.43,45.48,False,False,False,False,False,False,False,False,False,2026-09-21
1611,1611.HK,BITFIRE GROUP,新火集团,15.32,500,Equity,Equity Securities (Main Board),2.035,1.98,2.06,1.95,559500,1.14,1.957,1.988,3.99,2.39,3.56,1.75,2.01,3.3,8.17,29.55,3.3,8.17,-37.58,-74.79,-93.03,38.33,75.09,False,False,True,True,False,False,False,False,False,2026-09-21
1612,1612.HK,VINCENT MED,永胜医疗,4.39,"2,000",Equity,Equity Securities (Main Board),0.665,0.65,0.665,0.65,22000,0.01,0.666,0.668,-0.15,-0.37,0.0,0.0,-0.75,1.09,1.32,3.73,1.09,1.32,-38.99,-49.62,-82.17,38.99,49.62,False,False,False,False,False,False,False,False,False,2026-09-21
1613,1613.HK,SYNERTONE,协同通信,10.52,"6,400",Equity,Equity Securities (Main Board),0.685,0.85,0.85,0.67,9012700,6.17,0.872,0.875,-21.44,-21.67,-22.16,-26.74,-21.71,1.36,1.36,6.18,1.36,1.36,-37.27,-37.27,-86.23,49.45,49.45,False,False,False,False,False,False,False,False,False,2026-09-21
1615,1615.HK,AB BUILDERS,奥邦建筑,2.46,"5,000",Equity,Equity Securities (Main Board),0.41,0.4,0.415,0.4,725000,0.3,0.4,0.398,2.5,3.14,3.8,2.5,5.13,0.43,0.43,0.7,0.43,0.43,-3.49,-3.49,-40.71,4.65,4.65,False,False,False,False,False,False,False,True,True,2026-09-21
1617,1617.HK,NANFANG COMM,南方通信,4.23,"4,000",Equity,Equity Securities (Main Board),0.26,0.26,0.265,0.255,1540000,0.4,0.259,0.261,0.39,-0.38,0.0,0.0,1.96,0.92,0.92,5.82,0.92,0.92,-71.2,-71.2,-95.45,71.74,71.74,False,False,True,False,False,False,False,False,False,2026-09-21
1618,1618.HK,MCC,中国中冶,38.61,"1,000",Equity,Equity Securities (Main Board),1.36,1.345,1.365,1.34,9930000,13.5,1.357,1.377,0.22,-1.27,1.12,-0.37,-3.55,2.04,3.17,3.42,2.04,3.17,-33.09,-56.94,-60.09,33.33,57.1,False,False,False,False,False,False,False,False,False,2026-09-21
1620,1620.HK,CINESE INTL,富盈环球集团,2.12,"10,000",Equity,Equity Securities (Main Board),0.186,0.188,0.188,0.177,930000,0.17,0.186,0.193,0.22,-3.88,-1.06,-1.06,-7.92,0.21,0.23,0.45,0.21,0.23,-11.32,-17.54,-58.22,12.26,18.42,False,False,False,False,False,False,False,False,False,2026-09-21
1621,1621.HK,VICO INTL HLDGS,域高国际控股,2.26,"8,000",Equity,Equity Securities (Main Board),0.226,0.223,0.226,0.218,72000,0.02,0.22,0.213,2.54,6.05,1.35,3.67,5.12,0.22,0.22,0.47,0.23,0.23,0.44,0.44,-51.4,0.0,0.0,True,False,False,False,True,True,False,True,True,2026-09-21
1622,1622.HK,REDCO GROUP,力高集团,4.51,"2,000",Equity,Equity Securities (Main Board),0.127,0.131,0.135,0.125,174000,0.02,0.131,0.132,-2.91,-3.5,0.0,-5.22,-0.78,0.24,1.33,5.18,0.24,1.33,-44.21,-89.85,-97.39,47.52,90.45,False,False,False,False,False,False,False,False,False,2026-09-21
1623,1623.HK,HILONG,海隆控股,4.17,"1,000",Equity,Equity Securities (Main Board),0.246,0.247,0.249,0.24,343000,0.08,0.25,0.253,-1.68,-2.61,-0.81,-3.53,-1.6,0.31,0.4,2.58,0.31,0.4,-19.68,-36.96,-90.35,20.65,37.72,False,False,False,False,False,False,False,False,False,2026-09-21
1626,1626.HK,JIA YAO HLDGS,嘉耀控股,146.28,"1,000",Equity,Equity Securities (Main Board),24.38,24.1,24.48,20.26,715200,17.44,25.12,24.698,-2.95,-1.29,-0.08,-2.56,-3.86,29.1,29.1,29.1,29.1,29.1,-15.88,-15.88,-15.88,16.22,16.22,False,False,False,False,False,False,False,False,False,2026-09-21
1627,1627.HK,ABLE ENG HLDGS,安保工程控股,7.5,"4,000",Equity,Equity Securities (Main Board),0.375,0.38,0.38,0.375,128000,0.05,0.375,0.417,-0.0,-10.07,1.35,-5.06,-12.79,0.7,0.79,1.36,0.7,0.79,-45.71,-51.9,-72.06,46.43,52.53,False,False,False,False,False,False,False,False,False,2026-09-21
1628,1628.HK,YUZHOU GROUP,禹洲集团,1.58,"5,000",Equity,Equity Securities (Main Board),0.106,0.104,0.106,0.102,375168,0.04,0.103,0.106,3.11,0.19,0.95,4.95,3.92,0.26,3.32,48.16,0.26,3.32,-60.0,-96.81,-99.78,60.0,96.81,False,False,True,True,False,False,False,False,False,2026-09-21
1629,1629.HK,CHAMP ALLI INTL,冠均国际控股,1.12,"4,000",Equity,Equity Securities (Main Board),0.205,0.191,0.205,0.191,828000,0.17,0.194,0.192,5.78,6.55,7.33,7.33,7.33,0.19,0.23,7.49,0.2,0.23,7.33,-10.48,-97.26,0.0,10.48,False,False,False,True,True,False,False,True,False,2026-09-21
1630,1630.HK,KIN SHING HLDGS,建成控股,3.04,"6,000",Equity,Equity Securities (Main Board),0.203,0.22,0.226,0.196,1014000,0.21,0.228,0.268,-10.96,-24.25,-9.38,-13.62,-31.19,0.47,0.47,6.67,0.47,0.47,-51.91,-51.91,-96.61,56.81,56.81,False,False,False,False,False,False,False,False,False,2026-09-21
1631,1631.HK,REF HOLDINGS,REF HOLDINGS,3.99,"5,000",Equity,Equity Securities (Main Board),1.3,1.3,1.31,1.3,45000,0.06,1.306,1.307,-0.46,-0.54,0.0,-1.14,0.0,1.89,1.89,2.5,1.89,1.89,-30.69,-30.69,-47.6,31.22,31.22,False,False,False,False,False,False,False,False,False,2026-09-21
1633,1633.HK,SHEUNG YUE GP,上谕集团,3.22,"3,000",Equity,Equity Securities (Main Board),0.47,0.445,0.485,0.445,1035000,0.49,0.474,0.475,-0.84,-1.05,-1.05,-2.08,2.17,0.7,0.7,4.76,0.7,0.7,-30.71,-30.71,-89.81,32.86,32.86,False,False,False,False,False,False,False,False,False,2026-09-21
1635,1635.HK,DZUG,大众公用,12.09,"1,000",Equity,Equity Securities (Main Board),2.27,2.235,2.3,2.235,4618000,10.48,2.248,2.277,0.98,-0.31,1.57,-0.22,0.44,6.33,6.33,6.33,6.33,6.33,-63.67,-63.67,-63.67,64.14,64.14,False,False,False,False,False,False,False,False,False,2026-09-21
1638,1638.HK,KAISA GROUP,佳兆业集团,3.66,"1,000",Equity,Equity Securities (Main Board),0.032,0.031,0.033,0.03,22963000,0.73,0.032,0.033,0.0,-2.44,0.0,0.0,3.23,0.13,0.73,6.71,0.13,0.73,-74.62,-95.48,-99.51,75.38,95.62,False,False,False,False,False,False,False,False,False,2026-09-21
1640,1640.HK,QIAN XUN TECH,千循科技,2.67,"2,000",Equity,Equity Securities (Main Board),0.445,0.435,0.445,0.435,30000,0.01,0.448,0.45,-0.67,-1.0,1.14,-2.2,-1.11,3.94,6.4,6.4,3.94,6.4,-88.71,-93.05,-93.05,88.71,93.05,False,False,False,False,False,False,False,False,False,2026-09-21
1643,1643.HK,MODERN CHI MED,现代中药集团,6.01,"3,000",Equity,Equity Securities (Main Board),0.835,0.89,0.89,0.78,150000,0.13,0.796,0.802,4.9,4.11,4.37,7.05,8.44,3.26,3.26,3.26,3.26,3.26,-72.7,-72.7,-72.7,74.39,74.39,False,False,False,True,False,False,False,False,False,2026-09-21
1645,1645.HK,HAINA INTEL,海纳智能,14.95,"4,000",Equity,Equity Securities (Main Board),2.65,2.6,2.67,2.505,2788000,7.39,2.634,2.68,0.61,-1.14,2.12,1.34,-4.33,4.22,4.22,4.22,4.22,4.22,-36.73,-36.73,-36.73,37.2,37.2,False,False,False,False,False,False,False,False,False,2026-09-21
1647,1647.HK,GRANDSHORES,雄岸科技,0.76,"5,000",Equity,Equity Securities (Main Board),0.064,0.066,0.066,0.062,1965000,0.13,0.061,0.059,5.61,7.74,-1.54,10.34,16.36,0.09,0.15,3.7,0.09,0.15,-22.35,-55.41,-98.22,24.71,56.76,False,False,False,False,False,False,False,False,False,2026-09-21
1650,1650.HK,HYGIEIA GROUP,HYGIEIA GROUP,3.5,"8,000",Equity,Equity Securities (Main Board),0.176,0.163,0.184,0.163,8624000,1.52,0.158,0.154,11.39,14.66,7.98,17.33,17.33,0.16,0.18,0.26,0.18,0.18,12.88,1.1,-29.23,4.35,4.35,True,False,False,False,True,True,False,True,True,2026-09-21
1651,1651.HK,TSUGAMI CHINA,津上机床中国,178.19,500,Equity,Equity Securities (Main Board),48.4,48.82,51.5,47.88,2606379,126.15,47.248,48.705,2.44,-0.63,-1.55,5.26,1.09,74.15,74.15,74.15,74.15,74.15,-30.55,-30.55,-30.55,34.73,34.73,False,False,False,False,False,False,False,False,False,2026-09-21
1652,1652.HK,FUSEN PHARM,福森药业,5.84,"1,000",Equity,Equity Securities (Main Board),0.79,0.765,0.79,0.765,16000,0.01,0.83,0.814,-4.82,-2.95,-4.82,-5.95,-7.06,1.44,1.75,20.0,1.44,1.75,-45.14,-54.86,-96.05,45.14,54.86,False,False,False,False,False,False,False,False,False,2026-09-21
1653,1653.HK,MOS HOUSE,MOS HOUSE,3.93,"20,000",Equity,Equity Securities (Main Board),1.36,1.36,1.36,1.36,80000,0.11,1.363,1.365,-0.22,-0.33,-1.09,-1.45,1.49,3.82,5.02,6.7,3.82,5.02,-64.4,-72.91,-79.7,64.4,72.91,False,False,False,False,False,False,False,False,False,2026-09-21
1655,1655.HK,OKURA HOLDINGS,OKURA HOLDINGS,1.18,"5,000",Equity,Equity Securities (Main Board),0.164,0.166,0.166,0.161,7235000,1.19,0.166,0.164,-1.32,0.18,-0.61,-1.8,0.0,0.31,0.83,1.71,0.31,0.83,-46.45,-80.0,-90.29,47.1,80.24,False,False,False,False,False,False,False,False,False,2026-09-21
1657,1657.HK,SG GROUP HLDGS,桦欣控股,17.6,500,Equity,Equity Securities (Main Board),55.0,56.3,56.35,56.25,1500,0.08,50.404,49.596,9.12,10.9,7.42,16.77,8.91,80.0,80.0,80.0,80.0,80.0,-29.56,-29.56,-29.56,31.25,31.25,True,False,False,False,False,False,False,False,False,2026-09-21
1658,1658.HK,PSBC,邮储银行,1074.22,"1,000",Equity,Equity Securities (Main Board),5.41,5.31,5.435,5.31,22873688,123.75,5.391,5.382,0.35,0.52,0.19,0.28,0.46,5.57,5.95,6.82,5.57,5.95,-2.51,-8.66,-20.31,2.96,9.08,False,False,False,True,False,False,False,True,True,2026-09-21
1660,1660.HK,SEVEN ELEMENTS,七元投资,13.2,"8,000",Equity,Equity Securities (Main Board),0.213,0.214,0.215,0.214,48000,0.01,0.208,0.202,2.21,5.45,1.43,1.43,6.5,0.51,0.65,2.47,0.51,0.65,-57.84,-66.92,-91.3,58.24,67.23,False,False,False,False,False,False,False,False,False,2026-09-21
1661,1661.HK,CH FRONTIER TEC,中国前沿科技集团,3.52,"6,000",Equity,Equity Securities (Main Board),1.85,1.88,1.88,1.85,60200,0.11,1.842,1.898,0.43,-2.53,0.0,1.09,-2.89,3.73,3.73,28.6,3.73,3.73,-49.6,-49.6,-93.43,50.4,50.4,False,False,False,False,False,False,False,False,False,2026-09-21
1662,1662.HK,YEE HOP HLDGS,义合控股,3.22,"1,000",Equity,Equity Securities (Main Board),0.625,0.65,0.665,0.625,133000,0.08,0.608,0.559,2.8,11.71,6.84,-7.41,22.55,2.34,3.6,3.6,2.34,3.6,-71.58,-81.53,-81.53,73.29,82.64,False,False,False,False,False,False,False,False,False,2026-09-21
1663,1663.HK,S HARBOURHOLD,汉港控股,1.4,"2,000",Equity,Equity Securities (Main Board),0.057,0.053,0.058,0.053,1472000,0.08,0.056,0.058,1.42,-2.56,7.55,0.0,1.79,0.1,0.16,1.08,0.1,0.16,-41.41,-64.42,-94.63,42.42,65.03,False,False,False,False,False,False,False,False,False,2026-09-21
1666,1666.HK,TONG REN TANG,同仁堂科技,19.36,"1,000",Equity,Equity Securities (Main Board),3.085,3.09,3.145,3.05,3469000,10.7,3.138,3.147,-1.69,-1.95,0.0,-3.14,-2.06,4.56,7.03,16.0,4.56,7.03,-31.03,-55.26,-80.34,32.35,56.12,False,False,False,False,False,False,False,False,False,2026-09-21
1669,1669.HK,GIC GROUP,环球信贷集团,5.84,"2,000",Equity,Equity Securities (Main Board),1.46,1.46,1.46,1.46,2000,0.0,1.46,1.465,0.0,-0.31,0.0,0.69,0.0,1.56,1.56,1.65,1.56,1.56,-6.41,-6.41,-11.52,6.41,6.41,False,False,False,False,False,False,False,True,True,2026-09-21
1672,1672.HK,ASCLETIS-B,歌礼制药－Ｂ,96.68,"1,000",Equity,Equity Securities (Main Board),9.19,8.97,9.6,8.97,3092822,28.42,8.697,9.223,5.67,-0.35,2.45,11.53,2.11,19.86,19.86,19.86,19.86,19.86,-51.66,-51.66,-51.66,53.73,53.73,False,False,False,False,False,False,False,False,False,2026-09-21
1673,1673.HK,HUAZHANG TECH,华章科技,3.99,"2,000",Equity,Equity Securities (Main Board),0.25,0.275,0.28,0.25,172000,0.04,0.25,0.256,0.0,-2.34,0.0,0.0,0.0,0.38,0.45,5.08,0.38,0.45,-26.32,-37.78,-94.49,34.21,44.44,False,False,False,False,False,False,False,False,False,2026-09-21
1675,1675.HK,ASIAINFO TECH,亚信科技,38.92,400,Equity,Equity Securities (Main Board),4.14,4.075,4.165,4.04,2542000,10.52,3.952,3.94,4.76,5.06,1.6,7.67,5.88,10.06,13.44,15.68,10.06,13.44,-58.6,-69.01,-73.44,58.85,69.2,True,False,False,False,False,False,False,False,False,2026-09-21
1676,1676.HK,GAODI HOLDINGS,高地股份,1.93,"10,000",Equity,Equity Securities (Main Board),0.49,0.485,0.51,0.48,1240000,0.61,0.483,0.472,1.45,3.92,2.08,0.0,2.08,0.65,2.53,28.5,0.65,2.53,-21.54,-79.84,-98.21,24.62,80.63,False,False,False,False,False,False,False,False,False,2026-09-21
1679,1679.HK,RISECOMM GP,瑞斯康集团,2.72,"5,000",Equity,Equity Securities (Main Board),1.26,1.225,1.26,1.225,80000,0.1,1.264,1.292,-0.32,-2.48,1.61,-0.79,-3.08,2.16,2.16,97.46,2.16,2.16,-41.67,-41.67,-98.71,41.67,41.67,False,False,False,False,False,False,False,False,False,2026-09-21
1681,1681.HK,CONSUN PHARMA,康臣药业,116.29,"1,000",Equity,Equity Securities (Main Board),13.92,13.43,13.99,13.43,2051279,28.55,13.342,13.253,4.33,5.03,4.58,6.67,4.82,19.35,19.35,19.35,19.35,19.35,-27.7,-27.7,-27.7,28.06,28.06,True,False,False,False,False,False,False,False,False,2026-09-21
1682,1682.HK,HP LIVING TECH,杭品生活科技,2.28,"4,000",Equity,Equity Securities (Main Board),0.145,0.149,0.15,0.145,20000,0.0,0.148,0.15,-2.03,-3.4,-2.03,-5.84,-3.97,0.32,0.5,2.01,0.32,0.5,-53.12,-70.0,-92.54,54.69,71.0,False,False,False,False,False,False,False,False,False,2026-09-21
1683,1683.HK,HOPE LIFE INT,旷逸国际,2.28,"16,000",Equity,Equity Securities (Main Board),0.122,0.125,0.125,0.12,784000,0.1,0.125,0.132,-2.24,-7.29,-1.61,-3.17,-10.29,0.38,0.95,3.54,0.38,0.95,-66.67,-86.84,-96.47,67.47,87.16,False,False,False,False,False,False,False,False,False,2026-09-21
1685,1685.HK,BOER POWER,博耳电力,4.6,"1,000",Equity,Equity Securities (Main Board),0.595,0.645,0.645,0.585,195000,0.12,0.6,0.607,-0.83,-1.9,-3.25,0.85,-4.03,1.1,1.1,3.68,1.1,1.1,-41.36,-41.36,-82.47,45.91,45.91,False,False,False,False,False,False,False,False,False,2026-09-21
1686,1686.HK,SUNEVISION,新意网集团,134.35,"1,000",Equity,Equity Securities (Main Board),5.685,5.505,5.73,5.505,6639000,37.74,5.506,5.543,3.25,2.55,3.27,4.6,4.31,7.9,10.36,10.36,7.9,10.36,-27.47,-44.69,-44.69,28.04,45.13,True,False,False,True,False,False,False,False,False,2026-09-21
1688,1688.HK,LINGYI ITECH,领益智造,49.44,660,Equity,Equity Securities (Main Board),6.09,6.135,6.135,6.07,5083980,30.96,6.121,6.29,-0.51,-3.18,-0.16,-0.81,-4.99,11.8,11.8,11.8,11.8,11.8,-48.01,-48.01,-48.01,48.39,48.39,False,False,False,False,False,False,False,False,False,2026-09-21
1689,1689.HK,HUAXIHOLDINGS,华禧控股,2.14,"2,000",Equity,Equity Securities (Main Board),0.305,0.3,0.305,0.29,420000,0.13,0.295,0.292,3.39,4.27,3.39,5.17,5.17,0.47,1.37,3.86,0.47,1.37,-34.41,-77.74,-92.1,34.41,77.74,False,False,True,True,False,False,False,False,False,2026-09-21
1691,1691.HK,JS GLOBAL LIFE,ＪＳ环球生活,55.25,500,Equity,Equity Securities (Main Board),1.59,1.6,1.61,1.58,808500,1.29,1.588,1.554,0.13,2.32,-0.31,0.0,6.35,2.01,2.39,4.54,2.01,2.39,-19.9,-32.64,-64.52,20.9,33.47,False,False,False,False,False,False,False,False,False,2026-09-21
1692,1692.HK,TOWNRAY HLDGS,登辉控股,4.38,"2,000",Equity,Equity Securities (Main Board),1.22,1.22,1.22,1.22,86000,0.1,1.225,1.249,-0.41,-2.28,2.52,-3.17,-3.56,1.8,3.4,3.48,1.8,3.4,-32.22,-64.12,-64.94,32.22,64.12,False,False,False,False,False,False,False,False,False,2026-09-21
1693,1693.HK,BGMC,璋利国际,4.85,"2,000",Equity,Equity Securities (Main Board),6.045,6.045,6.045,6.045,36000,0.22,5.449,5.655,10.94,6.91,14.06,14.06,14.06,9.48,9.48,42.5,9.48,9.48,-36.23,-36.23,-85.78,36.23,36.23,False,False,False,False,False,False,False,False,False,2026-09-21
1695,1695.HK,S&P INTL HLDG,椰丰集团,0.83,"5,000",Equity,Equity Securities (Main Board),0.077,0.078,0.078,0.078,45000,0.0,0.078,0.077,-1.03,0.13,-1.28,-1.28,1.32,0.1,0.12,1.73,0.1,0.12,-25.71,-36.59,-95.49,26.67,37.4,False,False,False,False,False,False,False,False,False,2026-09-21
1696,1696.HK,SISRAM MED,复锐医疗科技,9.16,400,Equity,Equity Securities (Main Board),1.94,1.97,2.0,1.93,169600,0.33,1.994,1.991,-2.71,-2.56,-1.27,-3.72,0.26,4.91,8.07,35.0,4.91,8.07,-59.27,-75.22,-94.29,60.49,75.96,False,False,False,False,False,False,False,False,False,2026-09-21
1697,1697.HK,SDITC,山东国信,2.71,"1,800",Equity,Equity Securities (Main Board),0.233,0.233,0.233,0.233,46800,0.01,0.236,0.235,-1.27,-0.98,-2.51,-1.27,-0.43,0.39,0.52,2.54,0.39,0.52,-40.26,-55.19,-90.82,40.26,55.19,False,False,False,False,False,False,False,False,False,2026-09-21
1698,1698.HK,TME-SW,腾讯音乐－ＳＷ,500.49,100,Equity,Equity Securities (Main Board),30.58,31.0,31.22,30.56,1008400,30.84,31.068,31.326,-1.57,-2.38,-1.67,-1.67,-3.78,72.75,104.0,104.0,72.75,104.0,-57.09,-69.98,-69.98,57.97,70.6,False,False,False,False,False,False,False,False,False,2026-09-21
1703,1703.HK,EASYHOLD GROUP,谊和股份,0.43,"5,000",Equity,Equity Securities (Main Board),0.315,0.315,0.315,0.315,135000,0.04,0.313,0.312,0.64,0.8,0.0,1.61,0.0,2.3,2.3,10.7,2.3,2.3,-86.3,-86.3,-97.06,86.3,86.3,False,False,False,False,False,False,False,False,False,2026-09-21
1705,1705.HK,B & S INTL HLDG,宾仕国际,3.5,"4,000",Equity,Equity Securities (Main Board),0.875,0.89,0.89,0.87,384000,0.34,0.894,0.911,-2.13,-4.0,-2.78,-2.78,-1.13,1.0,1.0,7.9,1.0,1.0,-11.0,-11.0,-88.73,12.5,12.5,False,False,False,False,False,False,False,False,False,2026-09-21
1708,1708.HK,SAMPLE TECH,三宝科技,0.56,500,Equity,Equity Securities (Main Board),0.243,0.243,0.243,0.243,20000,0.0,0.243,0.238,0.0,2.27,0.0,0.0,0.0,0.53,3.28,15.54,0.53,3.28,-54.15,-92.59,-98.44,54.15,92.59,False,False,False,False,False,False,False,False,False,2026-09-21
1709,1709.HK,DL HOLDINGS GP,德林控股,17.67,"1,000",Equity,Equity Securities (Main Board),0.87,0.87,0.88,0.865,2879000,2.5,0.879,0.894,-1.02,-2.7,0.0,-1.69,-2.25,2.57,5.67,17.02,2.57,5.67,-65.74,-84.47,-94.83,66.13,84.65,False,False,False,False,False,False,False,False,False,2026-09-21
1710,1710.HK,TRIO IND ELEC,致丰工业电子,20.0,"4,000",Equity,Equity Securities (Main Board),2.0,2.08,2.115,1.91,4648000,9.3,2.012,1.88,-0.6,6.38,0.0,-7.62,10.19,2.3,2.3,2.3,2.3,2.3,-7.84,-7.84,-7.84,12.85,12.85,False,False,False,False,False,False,False,False,False,2026-09-21
1712,1712.HK,DRAGON MINING,龙资源,16.33,"1,000",Equity,Equity Securities (Main Board),8.605,8.71,8.85,8.51,374000,3.22,8.718,9.003,-1.3,-4.42,-2.33,-4.23,-0.17,12.96,12.96,12.96,12.96,12.96,-31.71,-31.71,-31.71,33.6,33.6,False,False,False,False,False,False,False,False,False,2026-09-21
1713,1713.HK,SICHUAN EN INV,四川能投发展,12.99,"2,000",Equity,Equity Securities (Main Board),1.65,1.66,1.66,1.65,12000,0.02,1.651,1.688,-0.06,-2.25,-0.3,0.61,-2.08,2.82,3.24,6.0,2.82,3.24,-41.13,-48.77,-72.33,41.49,49.07,False,False,False,False,False,False,False,False,False,2026-09-21
1715,1715.HK,AI HEALTH TECH,智慧健康科技,1.46,"10,000",Equity,Equity Securities (Main Board),0.405,0.385,0.47,0.38,4450000,1.8,0.406,0.409,-0.25,-1.1,0.0,-1.22,0.0,0.69,2.35,13.5,0.69,2.35,-31.88,-80.0,-96.52,41.3,82.77,False,False,False,False,False,False,False,False,False,2026-09-21
1716,1716.HK,MOST KWAI CHUNG,毛记葵涌,10.56,"2,000",Equity,Equity Securities (Main Board),3.91,3.9,4.005,3.9,340000,1.33,3.984,4.216,-1.86,-7.25,-2.37,-3.58,-8.32,9.71,9.71,11.76,9.71,9.71,-58.75,-58.75,-65.94,59.73,59.73,False,False,False,False,False,False,False,False,False,2026-09-21
1717,1717.HK,AUSNUTRIA,澳优,19.38,"1,000",Equity,Equity Securities (Main Board),1.09,1.11,1.115,1.09,25000,0.03,1.119,1.135,-2.59,-3.96,-3.54,-1.8,-5.63,2.12,3.2,17.78,2.12,3.2,-47.41,-65.16,-93.73,48.58,65.94,False,False,False,False,False,False,False,False,False,2026-09-21
1718,1718.HK,WAN KEI GROUP,宏基集团控股,1.67,"5,000",Equity,Equity Securities (Main Board),0.55,0.55,0.555,0.52,255000,0.14,0.577,0.591,-4.68,-6.86,-4.35,-8.33,-8.33,0.96,2.93,19.3,0.96,2.93,-42.19,-81.06,-97.12,42.71,81.23,False,False,False,False,False,False,False,False,False,2026-09-21
1722,1722.HK,KIN PANG HLDGS,建鹏控股,1.51,"10,000",Equity,Equity Securities (Main Board),0.137,0.135,0.145,0.133,2500000,0.34,0.128,0.119,6.7,15.13,5.38,5.38,20.18,0.15,0.49,0.59,0.15,0.49,-1.36,-70.1,-75.42,6.8,71.75,False,False,False,False,False,False,False,True,False,2026-09-21
1723,1723.HK,MOON INC,恒月控股,2.15,"2,000",Equity,Equity Securities (Main Board),0.45,0.405,0.49,0.405,702000,0.32,0.426,0.44,5.63,2.27,11.11,8.43,-2.17,1.99,7.17,7.17,1.99,7.17,-75.38,-93.17,-93.17,77.39,93.72,False,False,False,True,False,False,False,False,False,2026-09-21
1725,1725.HK,C STRATEGIC TEC,中国技术集团,2.17,200,Equity,Equity Securities (Main Board),0.26,0.27,0.27,0.26,3168800,0.82,0.27,0.279,-3.7,-6.98,-3.7,-5.45,-8.77,1.13,6.4,50.0,1.13,6.4,-76.11,-95.78,-99.46,76.99,95.94,False,False,False,False,False,False,False,False,False,2026-09-21
1727,1727.HK,HEBEI CONS,河北建设,1.06,500,Equity,Equity Securities (Main Board),0.23,0.212,0.231,0.212,57500,0.01,0.23,0.228,-0.17,0.97,0.0,-0.43,3.6,0.43,0.76,28.5,0.43,0.76,-46.28,-69.61,-99.19,46.51,69.74,False,False,False,False,False,False,False,False,False,2026-09-21
1729,1729.HK,TIME INTERCON,汇聚科技,414.99,"1,000",Equity,Equity Securities (Main Board),18.58,18.65,18.94,18.27,6579000,122.24,17.982,18.23,3.33,1.92,1.86,1.31,4.5,24.7,24.7,24.7,24.7,24.7,-23.32,-23.32,-23.32,24.78,24.78,False,False,False,False,False,False,False,False,False,2026-09-21
1733,1733.HK,E-COMMODITIES,易大宗,18.69,"2,000",Equity,Equity Securities (Main Board),0.7,0.695,0.72,0.675,1260000,0.88,0.712,0.726,-1.69,-3.51,0.72,-2.78,-6.04,0.96,1.93,2.68,0.96,1.93,-25.0,-62.69,-73.13,27.08,63.73,False,False,False,False,False,False,False,False,False,2026-09-21
1735,1735.HK,CENTRAL NEW EGY,中环新能源,355.45,"1,000",Equity,Equity Securities (Main Board),8.415,8.27,8.52,8.255,9619546,80.95,8.273,8.255,1.72,1.94,1.57,2.31,2.62,10.3,12.66,12.66,10.3,12.66,-17.28,-32.7,-32.7,18.3,33.53,True,True,False,False,False,False,False,False,False,2026-09-21
1736,1736.HK,PARENTING NET,中国育儿网络,0.19,"5,000",Equity,Equity Securities (Main Board),0.38,0.36,0.36,0.36,95000,0.04,0.413,0.43,-7.99,-11.53,-5.0,-11.63,-17.39,0.85,1.36,115.2,0.85,1.36,-57.65,-73.53,-99.69,55.29,72.06,False,False,False,False,False,False,False,False,False,2026-09-21
1737,1737.HK,A & S GROUP,亚洲实业集团,1.6,"10,000",Equity,Equity Securities (Main Board),0.16,0.161,0.161,0.159,200000,0.03,0.164,0.16,-2.2,-0.25,-3.03,-2.44,-1.23,0.18,0.18,0.7,0.18,0.18,-12.02,-12.02,-77.0,12.57,12.57,False,False,False,False,False,False,False,False,False,2026-09-21
1739,1739.HK,QEEKA HOME,齐屹科技,1.51,500,Equity,Equity Securities (Main Board),0.125,0.127,0.134,0.124,1336500,0.17,0.129,0.129,-3.1,-3.18,-10.07,-1.57,-3.1,0.25,0.44,4.9,0.25,0.44,-46.4,-69.89,-97.27,50.0,71.91,False,False,False,False,False,False,False,False,False,2026-09-21
1740,1740.HK,VALUES CULTURAL,新石文化,1.95,"5,000",Equity,Equity Securities (Main Board),0.188,0.196,0.196,0.183,1405000,0.26,0.189,0.176,-0.63,6.94,-4.08,4.44,15.34,0.22,0.22,1.02,0.22,0.22,-12.5,-12.5,-80.78,16.07,16.07,False,False,False,False,False,False,False,False,False,2026-09-21
1741,1741.HK,SHING CHI HLDGS,成志控股,1.14,"4,000",Equity,Equity Securities (Main Board),0.142,0.133,0.142,0.133,88000,0.01,0.143,0.143,-0.42,-0.63,0.0,-2.07,5.19,0.4,1.21,3.6,0.4,1.21,-64.05,-88.26,-96.06,64.05,88.26,False,False,False,False,False,False,False,False,False,2026-09-21
1742,1742.HK,HPC HOLDINGS,HPC HOLDINGS,2.18,"5,000",Equity,Equity Securities (Main Board),0.136,0.138,0.138,0.136,600000,0.08,0.136,0.135,0.0,0.52,0.74,-1.45,3.03,0.26,0.26,0.44,0.26,0.26,-47.92,-47.92,-68.99,48.68,48.68,False,False,False,False,False,False,False,False,False,2026-09-21
1745,1745.HK,LVJI TECH,驴迹科技,1.42,"2,000",Equity,Equity Securities (Main Board),2.8,2.93,2.93,2.8,39440,0.11,2.91,2.826,-3.78,-0.92,-4.44,-0.36,-3.45,9.5,34.21,103.13,9.5,34.21,-69.16,-91.44,-97.16,70.53,91.82,False,False,False,False,False,False,False,False,False,2026-09-21
1746,1746.HK,MAN SHUN GP,万顺集团控股,5.0,"4,000",Equity,Equity Securities (Main Board),0.5,0.5,0.5,0.475,1296000,0.65,0.506,0.511,-1.19,-2.25,-0.99,0.0,-2.91,0.75,0.88,1.15,0.75,0.88,-33.33,-43.18,-56.52,33.33,43.18,False,False,False,False,False,False,False,False,False,2026-09-21
1750,1750.HK,REM GROUP HLDGS,全达电器集团控股,2.48,"10,000",Equity,Equity Securities (Main Board),0.138,0.135,0.139,0.135,1520000,0.21,0.126,0.106,9.35,29.58,1.47,21.05,56.82,0.18,0.18,0.49,0.18,0.18,-21.91,-21.91,-71.34,22.47,22.47,False,False,False,False,False,False,False,False,False,2026-09-21
1751,1751.HK,AI ENERGY E-2K,智算能建（二千）,2.94,"2,000",Equity,Equity Securities (Main Board),0.72,0.765,0.785,0.72,804000,0.58,0.743,0.734,-3.1,-1.91,-5.26,-5.88,0.0,2.25,2.38,46.38,2.25,2.38,-65.11,-67.02,-98.31,68.0,69.75,False,False,False,False,False,False,False,False,False,2026-09-21
1752,1752.HK,TOP EDUCATION,澳洲成峰高教,1.96,"10,000",Equity,Equity Securities (Main Board),0.088,0.089,0.089,0.088,280000,0.02,0.089,0.09,-1.12,-2.0,-1.12,-2.22,-1.12,0.19,0.19,0.96,0.19,0.19,-53.16,-53.16,-90.73,53.68,53.68,False,False,False,False,False,False,False,False,False,2026-09-21
1753,1753.HK,DUIBA,兑吧,6.68,400,Equity,Equity Securities (Main Board),0.62,0.665,0.7,0.615,10001200,6.2,0.628,0.639,-1.27,-3.05,0.81,-5.34,-12.06,0.83,0.83,6.8,0.83,0.83,-16.17,-16.17,-89.71,25.75,25.75,False,False,False,False,False,False,False,False,False,2026-09-21
1757,1757.HK,GLOBAL CHI BC,环球华商俱乐部,60.0,"1,000",Equity,Equity Securities (Main Board),5.0,5.0,5.0,5.0,6000,0.03,5.05,5.114,-0.99,-2.23,2.46,-1.57,-3.66,22.66,22.66,22.66,22.66,22.66,-77.93,-77.93,-77.93,77.93,77.93,False,False,False,False,False,False,False,False,False,2026-09-21
1758,1758.HK,BOJUN EDU,博骏教育,0.81,"2,000",Equity,Equity Securities (Main Board),0.09,0.091,0.091,0.09,222000,0.02,0.093,0.094,-3.43,-4.05,-4.26,-4.26,-4.26,0.14,0.32,3.03,0.14,0.32,-34.53,-71.56,-97.0,35.25,71.87,False,False,False,False,False,False,False,False,False,2026-09-21
1759,1759.HK,SINO GAS HLDGS,中油洁能控股,1.68,"1,000",Equity,Equity Securities (Main Board),0.78,0.85,0.85,0.78,30000,0.02,0.726,0.701,7.44,11.27,4.0,13.87,13.87,1.49,3.0,4.9,1.49,3.0,-42.95,-71.67,-82.65,47.65,74.0,True,False,False,False,False,False,False,False,False,2026-09-21
1760,1760.HK,INTRON TECH,英恒科技,13.82,"1,000",Equity,Equity Securities (Main Board),1.27,1.33,1.34,1.27,898000,1.14,1.318,1.296,-3.64,-2.01,-4.51,-5.58,0.4,3.3,3.4,9.56,3.3,3.4,-59.39,-60.59,-85.98,61.52,62.65,False,False,False,False,False,False,False,False,False,2026-09-21
1762,1762.HK,WANKA ONLINE,万咖壹联,18.84,"1,000",Equity,Equity Securities (Main Board),0.97,0.95,0.975,0.94,3367000,3.27,0.961,1.011,0.94,-4.06,5.43,0.0,-10.6,2.31,2.31,5.86,2.31,2.31,-57.79,-57.79,-83.36,58.01,58.01,False,False,False,False,False,False,False,False,False,2026-09-21
1763,1763.HK,CIRC,中国同辐,11.36,200,Equity,Equity Securities (Main Board),14.21,13.64,14.31,13.64,36200,0.51,13.99,13.857,1.57,2.55,-1.32,3.27,5.34,24.28,25.0,35.4,24.28,25.0,-41.06,-42.76,-59.58,41.47,43.16,False,False,False,True,False,False,False,False,False,2026-09-21
1765,1765.HK,XJ INTL HLDGS,希教国际控股,11.8,"2,000",Equity,Equity Securities (Main Board),0.136,0.131,0.141,0.131,5106000,0.69,0.137,0.139,-0.87,-1.88,0.74,-2.16,-2.86,0.19,0.51,3.47,0.19,0.51,-26.18,-72.35,-95.94,28.8,73.33,False,False,False,False,False,False,False,False,False,2026-09-21
1766,1766.HK,CRRC,中国中车,229.04,"1,000",Equity,Equity Securities (Main Board),5.24,5.125,5.26,5.12,16230167,85.05,5.146,5.228,1.83,0.22,2.14,2.44,0.0,6.19,6.76,8.82,6.19,6.76,-15.02,-22.19,-40.36,15.35,22.49,False,False,False,True,False,False,False,False,False,2026-09-21
1767,1767.HK,TS WONDERS,TS WONDERS,3.4,"10,000",Equity,Equity Securities (Main Board),0.34,0.35,0.35,0.34,350000,0.12,0.35,0.345,-2.86,-1.59,-2.86,-4.23,-2.86,0.41,0.43,1.04,0.41,0.43,-14.63,-18.6,-66.35,17.07,20.93,False,False,False,False,False,False,False,False,False,2026-09-21
1768,1768.HK,BUSYMING,鸣鸣很忙,780.33,100,Equity,Equity Securities (Main Board),361.4,370.0,370.0,355.0,333302,120.46,363.64,369.04,-0.62,-2.07,-0.39,-0.11,-7.24,465.6,465.6,465.6,465.6,465.6,-20.53,-20.53,-20.53,22.38,22.38,False,False,False,False,False,False,False,False,False,2026-09-21
1769,1769.HK,SCHOLAR EDU,思考乐教育,5.66,"1,000",Equity,Equity Securities (Main Board),0.84,0.85,0.85,0.805,228000,0.19,0.838,0.85,0.24,-1.23,0.6,1.2,-0.59,2.32,7.57,26.85,2.32,7.57,-63.36,-88.77,-96.83,63.79,88.9,False,False,False,False,False,False,False,False,False,2026-09-21
1770,1770.HK,DKE,东方科脉,42.43,50,Equity,Equity Securities (Main Board),83.0,77.05,83.0,75.95,14800,1.23,81.46,77.505,1.89,7.09,7.72,0.0,7.37,119.5,119.5,119.5,119.5,119.5,-30.54,-30.54,-30.54,30.54,30.54,False,False,False,True,False,False,False,False,False,2026-09-21
1772,1772.HK,GANFENGLITHIUM,赣锋锂业,167.15,200,Equity,Equity Securities (Main Board),34.56,33.98,34.86,33.94,8726397,301.58,33.692,34.656,2.58,-0.28,2.07,2.61,1.17,91.2,91.2,132.14,91.2,91.2,-61.78,-61.78,-73.62,62.11,62.11,False,False,False,False,False,False,False,False,False,2026-09-21
1773,1773.HK,TIANLI INT HLDG,天立国际控股,16.19,"1,000",Equity,Equity Securities (Main Board),0.775,0.785,0.81,0.74,14216000,11.02,0.809,0.852,-4.2,-9.04,0.0,-6.63,-13.89,2.93,5.98,10.68,2.93,5.98,-72.35,-86.45,-92.42,73.55,87.04,False,False,False,False,False,False,False,False,False,2026-09-21
1775,1775.HK,BEXCELLENT GP,精英汇集团,1.84,"4,000",Equity,Equity Securities (Main Board),0.345,0.35,0.35,0.345,88000,0.03,0.345,0.339,0.0,1.77,0.0,0.0,0.0,0.69,0.69,1.45,0.69,0.69,-49.28,-49.28,-75.86,50.0,50.0,False,False,False,False,False,False,False,False,False,2026-09-21
1776,1776.HK,GF SEC,广发证券,337.29,200,Equity,Equity Securities (Main Board),17.56,17.12,17.87,17.12,3417200,60.01,17.332,17.623,1.32,-0.36,0.11,1.56,0.17,19.83,21.4,21.4,19.83,21.4,-9.88,-16.5,-16.5,11.45,17.94,False,False,True,False,False,False,False,False,False,2026-09-21
1777,1777.HK,FANTASIA,花样年控股,2.21,"5,000",Equity,Equity Securities (Main Board),0.061,0.064,0.064,0.058,1148300,0.07,0.064,0.067,-4.09,-8.41,0.0,-3.17,-8.96,0.5,1.5,9.6,0.5,1.5,-87.07,-95.73,-99.33,87.68,95.93,False,False,False,False,False,False,False,False,False,2026-09-21
1778,1778.HK,COLOUR LIFE,彩生活,2.77,"1,000",Equity,Equity Securities (Main Board),0.149,0.15,0.15,0.147,674000,0.1,0.15,0.15,-0.4,-0.67,0.0,-1.97,0.0,0.3,0.46,9.25,0.3,0.46,-50.0,-67.39,-98.38,50.33,67.61,False,False,False,False,False,False,False,False,False,2026-09-21
1779,1779.HK,LONGBIO-B,天辰生物－Ｂ,88.19,50,Equity,Equity Securities (Main Board),116.5,105.0,124.7,105.0,877050,102.18,102.68,104.85,13.46,11.11,10.95,19.61,21.23,165.9,165.9,165.9,165.9,165.9,-24.83,-24.83,-24.83,29.78,29.78,True,False,False,False,False,False,False,False,False,2026-09-21
1780,1780.HK,RONGZUN INT'L H,荣尊国际控股,30.69,"2,500",Equity,Equity Securities (Main Board),4.95,4.67,4.99,4.63,5775500,28.59,4.674,4.734,5.91,4.56,5.32,7.61,9.27,6.73,6.73,6.73,6.73,6.73,-25.85,-25.85,-25.85,26.45,26.45,False,False,True,True,False,False,False,False,False,2026-09-21
1782,1782.HK,IB DIGITAL TECH,国际商业数字技术,18.36,"5,000",Equity,Equity Securities (Main Board),2.295,2.155,2.295,2.155,35000,0.08,2.299,2.275,-0.17,0.86,-0.22,-0.22,-0.22,5.2,8.0,13.2,5.2,8.0,-55.87,-71.31,-82.61,55.87,71.31,False,False,False,False,False,False,False,False,False,2026-09-21
1783,1783.HK,ENVISION GREEN,晋景新能,130.21,"1,000",Equity,Equity Securities (Main Board),4.35,4.49,4.49,4.305,5767000,25.09,4.304,4.304,1.07,1.06,-3.12,3.69,2.35,6.42,8.51,8.51,6.42,8.51,-30.06,-47.24,-47.24,32.24,48.88,False,False,False,False,False,False,False,False,False,2026-09-21
1786,1786.HK,CRCCE,铁建装备,3.72,500,Equity,Equity Securities (Main Board),0.7,0.695,0.7,0.695,140000,0.1,0.693,0.699,1.01,0.07,0.72,1.45,2.19,0.95,1.05,3.91,0.95,1.05,-26.32,-33.33,-82.1,26.32,33.33,False,False,False,True,False,False,False,False,False,2026-09-21
1787,1787.HK,SD GOLD,山东黄金,222.79,250,Equity,Equity Securities (Main Board),22.36,22.96,22.96,22.06,23088415,516.26,23.316,24.136,-4.1,-7.36,-2.7,-9.03,-8.73,54.45,54.45,54.45,54.45,54.45,-57.83,-57.83,-57.83,58.93,58.93,False,False,False,False,False,False,False,False,False,2026-09-21
1788,1788.HK,GUOTAI JUNAN I,国泰君安国际,276.84,"1,000",Equity,Equity Securities (Main Board),2.905,2.895,2.905,2.895,10450000,30.36,2.898,2.891,0.24,0.48,0.35,0.17,0.69,3.59,7.07,7.07,3.59,7.07,-19.08,-58.91,-58.91,19.08,58.91,False,False,False,False,False,False,False,False,False,2026-09-21
1789,1789.HK,AK MEDICAL,爱康医疗,53.01,"2,000",Equity,Equity Securities (Main Board),4.92,4.79,4.955,4.79,1334800,6.57,4.872,4.893,0.99,0.54,1.13,1.34,0.2,7.15,7.99,27.65,7.15,7.99,-30.7,-37.98,-82.08,31.19,38.42,False,False,False,True,False,False,False,False,False,2026-09-21
1792,1792.HK,CMON,CMON,3.94,"2,000",Equity,Equity Securities (Main Board),1.59,1.56,1.615,1.45,483143,0.77,1.443,1.251,10.19,27.1,0.32,23.26,55.88,4.0,4.0,150.5,4.0,4.0,-59.62,-59.62,-98.93,60.25,60.25,False,False,False,False,False,False,False,False,False,2026-09-21
1793,1793.HK,WECON HOLDINGS,伟工控股,14.2,"4,000",Equity,Equity Securities (Main Board),1.765,1.8,1.93,1.76,2292000,4.05,1.805,1.486,-2.22,18.78,-4.59,-5.11,44.67,1.98,1.98,1.98,1.98,1.98,-2.28,-2.28,-2.28,10.63,10.63,False,False,False,False,False,False,False,False,False,2026-09-21
1795,1795.HK,YADONG GROUP,亚东集团,2.91,"3,000",Equity,Equity Securities (Main Board),0.48,0.48,0.48,0.48,39000,0.02,0.486,0.489,-1.23,-1.84,0.0,-2.04,-3.03,0.69,5.0,5.0,0.69,5.0,-30.43,-90.4,-90.4,30.43,90.4,False,False,False,False,False,False,False,False,False,2026-09-21
1796,1796.HK,METASPACEX,中国数智科技,1.27,"2,000",Equity,Equity Securities (Main Board),0.27,0.29,0.29,0.255,92000,0.02,0.284,0.319,-4.93,-15.23,-3.57,-3.57,-20.59,3.65,5.5,5.5,3.65,5.5,-92.05,-94.73,-94.73,92.6,95.09,False,False,False,False,False,False,False,False,False,2026-09-21
1797,1797.HK,EAST BUY,东方甄选,285.6,500,Equity,Equity Securities (Main Board),27.12,25.88,27.74,25.76,12276698,332.94,25.9,25.656,4.71,5.71,4.71,6.44,1.95,33.0,53.7,75.55,33.0,53.7,-15.94,-48.34,-63.28,17.82,49.5,False,False,True,False,False,False,False,False,False,2026-09-21
1798,1798.HK,DATANG RENEW,大唐新能源,26.26,"1,000",Equity,Equity Securities (Main Board),1.06,0.965,1.065,0.96,36298141,38.48,1.027,1.065,3.21,-0.52,10.99,0.47,-2.3,2.15,2.82,4.41,2.15,2.82,-50.47,-62.23,-75.85,50.7,62.41,False,False,False,False,False,False,False,False,False,2026-09-21
1799,1799.HK,XINTE ENERGY,新特能源,13.92,400,Equity,Equity Securities (Main Board),3.7,3.505,3.73,3.505,1640400,6.07,3.557,3.684,4.02,0.45,6.17,3.5,0.95,8.22,15.98,31.3,8.22,15.98,-54.62,-76.66,-88.08,54.99,76.85,False,False,False,True,False,False,False,False,False,2026-09-21
1800,1800.HK,CHINA COMM CONS,中国交通建设,150.45,"1,000",Equity,Equity Securities (Main Board),3.41,3.405,3.42,3.375,9617417,32.8,3.426,3.466,-0.47,-1.6,0.15,-0.87,-1.87,5.26,6.11,11.74,5.26,6.11,-34.98,-44.03,-70.87,35.17,44.19,False,False,False,False,False,False,False,False,False,2026-09-21
1801,1801.HK,INNOVENT BIO,信达生物,1786.72,500,Equity,Equity Securities (Main Board),102.3,98.5,103.8,98.45,20678473,2115.41,96.83,96.73,5.65,5.76,5.9,8.71,5.63,112.7,112.7,112.7,112.7,112.7,-7.9,-7.9,-7.9,9.23,9.23,True,False,False,False,False,False,False,True,True,2026-09-21
1808,1808.HK,ENTERPRISE DEV,企展控股,4.36,"2,000",Equity,Equity Securities (Main Board),1.78,1.78,1.78,1.78,2000,0.0,1.803,1.897,-1.28,-6.17,4.71,-3.78,-6.81,3.24,5.55,34.95,3.24,5.55,-45.06,-67.93,-94.91,45.06,67.93,False,False,False,False,False,False,False,False,False,2026-09-21
1809,1809.HK,PRINX CHENGSHAN,浦林成山,42.79,500,Equity,Equity Securities (Main Board),6.7,6.87,6.87,6.675,38500,0.26,6.776,6.837,-1.12,-2.01,-2.19,-2.19,-1.25,8.36,9.54,9.55,8.36,9.54,-17.82,-27.99,-28.06,19.86,29.77,False,False,False,False,False,False,False,False,False,2026-09-21
1810,1810.HK,XIAOMI-W,小米集团－Ｗ,5857.3,200,Equity,Equity Securities (Main Board),27.48,26.4,27.58,26.34,130106204,3575.32,26.54,26.544,3.54,3.53,4.09,4.97,1.18,40.6,61.45,61.45,40.6,61.45,-32.07,-55.12,-55.12,32.32,55.28,False,False,False,True,False,False,False,False,False,2026-09-21
1811,1811.HK,CGN NEW ENERGY,中广核新能源,89.87,"2,000",Equity,Equity Securities (Main Board),2.095,2.095,2.11,2.085,4728000,9.91,2.104,2.134,-0.43,-1.8,0.24,-1.18,-2.56,3.0,3.23,8.99,3.0,3.23,-29.67,-34.67,-76.53,30.17,35.14,False,False,False,False,False,False,False,False,False,2026-09-21
1812,1812.HK,CHENMING PAPER,晨鸣纸业,3.22,500,Equity,Equity Securities (Main Board),0.61,0.605,0.615,0.6,525500,0.32,0.603,0.619,1.16,-1.37,1.67,0.83,0.0,1.34,2.49,10.8,1.34,2.49,-54.1,-75.3,-94.31,54.48,75.5,False,False,False,False,False,False,False,False,False,2026-09-21
1813,1813.HK,KWG GROUP,合景泰富集团,3.21,500,Equity,Equity Securities (Main Board),0.094,0.093,0.094,0.093,128000,0.01,0.093,0.094,1.29,0.43,1.08,0.0,1.08,0.28,1.2,14.18,0.28,1.2,-66.43,-92.17,-99.34,66.43,92.17,False,False,False,True,False,False,False,False,False,2026-09-21
1815,1815.HK,EVEREST GOLD,珠峰黄金,26.35,"1,000",Equity,Equity Securities (Main Board),1.905,1.87,1.95,1.87,8334000,15.88,1.917,1.94,-0.63,-1.8,-0.78,-5.22,-1.8,2.89,3.06,3.06,2.89,3.06,-32.53,-36.27,-36.27,34.08,37.75,False,False,False,False,False,False,False,False,False,2026-09-21
1816,1816.HK,CGN POWER,中广核电力,328.77,"1,000",Equity,Equity Securities (Main Board),2.95,2.98,3.01,2.94,26318118,77.64,2.99,3.039,-1.34,-2.93,-0.84,-1.83,-3.91,3.77,3.77,3.77,3.77,3.77,-20.16,-20.16,-20.16,21.75,21.75,False,False,False,False,False,False,False,False,False,2026-09-21
1818,1818.HK,ZHAOJIN MINING,招金矿业,571.7,500,Equity,Equity Securities (Main Board),19.84,20.0,20.24,19.63,13370495,265.27,20.396,21.018,-2.73,-5.6,-1.59,-6.59,-6.59,42.36,42.36,42.36,42.36,42.36,-52.22,-52.22,-52.22,53.16,53.16,False,False,False,False,False,False,False,False,False,2026-09-21
1822,1822.HK,CHINA WOOD INT,中木国际,2.64,"30,000",Equity,Equity Securities (Main Board),0.134,0.114,0.14,0.114,3720000,0.5,0.118,0.129,13.56,4.12,17.54,25.23,-0.74,0.18,2.2,85.0,0.18,2.2,-22.65,-93.64,-99.84,25.97,93.91,False,False,False,True,False,False,False,False,False,2026-09-21
1823,1823.HK,HUAYUEXPRESSWAY,华昱高速,5.37,"2,000",Equity,Equity Securities (Main Board),1.14,1.13,1.145,1.13,18000,0.02,1.132,1.127,0.71,1.15,0.88,0.88,5.07,2.04,2.04,7.7,2.04,2.04,-43.87,-43.87,-85.13,44.12,44.12,False,False,False,False,False,False,False,False,False,2026-09-21
1825,1825.HK,STERLING GP,STERLING GP,0.83,"2,000",Equity,Equity Securities (Main Board),2.02,1.645,2.3,1.1,3766500,7.61,1.204,1.102,67.77,83.3,102.0,102.0,102.0,1.49,2.47,78.0,2.3,2.47,54.36,-6.88,-97.05,12.17,18.22,False,False,False,True,True,False,False,False,False,2026-09-21
1826,1826.HK,FDB HOLDINGS,丰展控股,14.63,"10,000",Equity,Equity Securities (Main Board),0.61,0.595,0.63,0.595,2600000,1.59,0.629,0.549,-3.02,11.21,4.27,-8.27,12.96,0.68,0.68,2.49,0.68,0.68,-6.67,-6.67,-74.7,9.63,9.63,False,False,False,False,False,False,False,True,True,2026-09-21
1827,1827.HK,MIRICOR,卓珈控股,3.84,"5,000",Equity,Equity Securities (Main Board),0.96,0.965,0.965,0.96,30000,0.03,0.934,0.897,2.78,7.02,0.0,6.67,18.52,0.98,1.52,5.05,0.98,1.52,-1.53,-36.51,-80.89,2.04,36.84,False,False,False,False,False,False,False,True,False,2026-09-21
1828,1828.HK,FWD,富卫集团,459.9,100,Equity,Equity Securities (Main Board),35.94,34.86,36.3,34.34,1123328,40.37,34.508,33.998,4.15,5.71,2.92,7.35,5.33,40.8,50.8,50.8,40.8,50.8,-11.03,-28.54,-28.54,11.91,29.25,True,False,True,False,False,False,False,False,False,2026-09-21
1830,1830.HK,PERFECT MEDICAL,完美医疗,16.02,"1,000",Equity,Equity Securities (Main Board),1.275,1.265,1.275,1.25,125145,0.16,1.265,1.277,0.79,-0.2,0.0,1.59,0.79,1.47,3.95,10.9,1.47,3.95,-13.27,-67.72,-88.3,13.27,67.72,False,False,False,False,False,False,False,False,False,2026-09-21
1832,1832.HK,SAI LEISURE,海天地悦旅,5.04,"1,000",Equity,Equity Securities (Main Board),1.4,1.38,1.4,1.38,7000,0.01,1.405,1.388,-0.36,0.86,-1.41,1.45,0.0,1.42,1.42,4.46,1.42,1.42,-1.41,-1.41,-68.61,1.41,1.41,False,False,False,False,False,False,False,True,True,2026-09-21
1833,1833.HK,PA GOODDOCTOR,平安好医生,132.28,100,Equity,Equity Securities (Main Board),6.115,6.18,6.26,6.055,10486964,64.13,6.051,6.13,1.06,-0.24,-1.05,2.6,-0.73,18.79,24.4,148.5,18.79,24.4,-66.68,-74.34,-95.78,67.46,74.94,False,False,False,False,False,False,False,False,False,2026-09-21
1835,1835.HK,REALWAY CAPITAL,瑞威资管,1.46,400,Equity,Equity Securities (Main Board),3.8,3.785,3.8,3.785,2800,0.01,3.8,3.869,-0.0,-1.78,0.0,-2.56,5.56,5.7,5.7,5.83,5.7,5.7,-33.33,-33.33,-34.82,33.33,33.33,False,False,False,False,False,False,False,False,False,2026-09-21
1836,1836.HK,STELLA HOLDINGS,九兴控股,97.96,500,Equity,Equity Securities (Main Board),11.6,11.49,11.64,11.34,545500,6.33,11.422,11.522,1.56,0.68,0.96,1.4,2.2,15.6,19.44,19.44,15.6,19.44,-25.38,-40.12,-40.12,25.64,40.33,False,False,True,True,False,False,False,False,False,2026-09-21
1837,1837.HK,NATURAL FOOD IH,五谷磨房,31.41,"2,000",Equity,Equity Securities (Main Board),1.42,1.41,1.44,1.41,1094000,1.55,1.399,1.408,1.5,0.82,0.35,2.16,1.07,1.83,1.83,2.45,1.83,1.83,-21.31,-21.31,-41.22,22.4,22.4,False,False,False,False,False,False,False,False,False,2026-09-21
1841,1841.HK,A.PLUS GROUP,优越集团控股,1.96,"10,000",Equity,Equity Securities (Main Board),0.49,0.49,0.49,0.48,180000,0.09,0.489,0.471,0.2,4.03,0.0,-1.01,8.89,0.57,0.57,1.07,0.57,0.57,-14.04,-14.04,-54.21,14.04,14.04,False,False,False,False,False,False,False,False,False,2026-09-21
1842,1842.HK,GROWN UP GROUP,植华集团,0.65,"4,000",Equity,Equity Securities (Main Board),0.045,0.045,0.05,0.045,1044000,0.05,0.046,0.046,-1.32,-1.75,0.0,0.0,0.0,0.07,0.14,2.28,0.07,0.14,-26.47,-64.54,-97.81,33.82,68.09,False,False,False,False,False,False,False,False,False,2026-09-21
1843,1843.HK,SNACK EMPIRE,快餐帝国,2.88,"4,000",Equity,Equity Securities (Main Board),0.36,0.35,0.365,0.35,288000,0.1,0.357,0.357,0.84,0.98,2.86,0.0,4.35,0.41,0.41,1.87,0.41,0.41,-10.98,-10.98,-80.48,12.2,12.2,False,False,False,True,False,False,False,False,False,2026-09-21
1845,1845.HK,WG ENV TECH,维港环保科技,2.75,"3,000",Equity,Equity Securities (Main Board),0.206,0.206,0.206,0.206,9000,0.0,0.233,0.214,-11.59,-3.74,0.0,-17.6,-19.22,0.37,0.44,2.0,0.37,0.44,-44.32,-52.64,-89.7,44.32,52.64,False,False,False,False,False,False,False,False,False,2026-09-21
1848,1848.HK,CALC,中国飞机租赁,27.49,500,Equity,Equity Securities (Main Board),3.62,3.645,3.645,3.515,100774,0.36,3.605,3.648,0.42,-0.77,-0.69,0.84,0.14,5.1,5.25,11.04,5.1,5.25,-28.53,-30.57,-66.98,29.02,31.05,False,False,True,False,False,False,False,False,False,2026-09-21
1850,1850.HK,BEAUTIFULLIFEGP,美好生活集团控股,0.68,"10,000",Equity,Equity Securities (Main Board),0.395,0.4,0.405,0.395,520000,0.21,0.399,0.403,-1.0,-1.99,-1.25,-1.25,-1.25,3.8,16.07,259.72,3.8,16.07,-89.34,-97.48,-99.84,89.61,97.54,False,False,False,False,False,False,False,False,False,2026-09-21
1851,1851.HK,GINGKO EDU,银杏教育,39.08,"2,000",Equity,Equity Securities (Main Board),7.815,7.6,8.37,7.3,508000,3.97,8.048,8.066,-2.9,-3.11,-0.64,-4.7,-8.17,10.2,10.2,10.2,10.2,10.2,-17.94,-17.94,-17.94,23.38,23.38,False,False,False,False,False,False,False,False,False,2026-09-21
1855,1855.HK,ZONQING LTD,中庆股份,1.22,"2,000",Equity,Equity Securities (Main Board),0.147,0.145,0.156,0.143,152000,0.02,0.154,0.158,-4.55,-6.79,-8.7,-4.55,-7.55,2.04,10.5,10.5,2.04,10.5,-92.35,-98.51,-98.51,92.79,98.6,False,False,False,False,False,False,False,False,False,2026-09-21
1856,1856.HK,ERNEST BOREL,依波路,6.11,"1,000",Equity,Equity Securities (Main Board),1.695,1.69,1.695,1.63,154000,0.26,1.685,1.68,0.59,0.86,-0.29,1.19,1.19,2.0,2.3,3.25,2.0,2.3,-15.25,-26.3,-47.85,15.25,26.3,False,False,True,True,False,False,False,False,False,2026-09-21
1857,1857.HK,CEB WATER,中国光大水务,38.05,"1,000",Equity,Equity Securities (Main Board),1.33,1.3,1.33,1.295,265000,0.35,1.303,1.306,2.07,1.84,2.7,3.1,3.5,1.71,1.73,3.0,1.71,1.73,-22.22,-23.12,-55.67,22.22,23.12,False,False,False,True,False,False,False,False,False,2026-09-21
1858,1858.HK,CHUNLI MEDICAL,春立医疗,7.46,250,Equity,Equity Securities (Main Board),7.84,7.65,7.91,7.65,976150,7.65,7.759,7.869,1.04,-0.37,4.67,-0.19,0.06,17.07,20.82,63.0,17.07,20.82,-53.66,-62.01,-87.44,54.07,62.34,False,False,False,False,False,False,False,False,False,2026-09-21
1860,1860.HK,MOBVISTA,汇量科技,210.47,"1,000",Equity,Equity Securities (Main Board),12.33,12.88,12.99,12.11,23837052,293.91,11.566,10.786,6.61,14.32,-3.07,13.85,19.13,20.64,21.62,21.62,20.64,21.62,-37.06,-39.92,-39.92,40.26,42.97,False,False,False,False,False,False,False,False,False,2026-09-21
1861,1861.HK,PRECIOUS DRAGON,保宝龙科技,5.38,"2,000",Equity,Equity Securities (Main Board),2.3,2.3,2.3,2.3,30000,0.07,2.33,2.29,-1.29,0.44,0.0,-2.13,-2.13,3.6,3.6,4.91,3.6,3.6,-36.11,-36.11,-53.16,36.11,36.11,False,False,False,False,False,False,False,False,False,2026-09-21
1865,1865.HK,PENGO HLDG GP,鹏高控股集团,6.53,"12,000",Equity,Equity Securities (Main Board),0.455,0.435,0.465,0.415,19404000,8.83,0.423,0.42,7.57,8.2,7.06,10.98,13.75,0.65,0.72,16.73,0.65,0.72,-28.46,-35.27,-97.22,30.0,36.66,True,True,False,True,False,False,False,False,False,2026-09-21
1866,1866.HK,CHINA XLX FERT,中国心连心化肥,126.45,"1,000",Equity,Equity Securities (Main Board),9.91,9.93,9.975,9.76,2437888,24.16,10.007,10.415,-0.97,-4.85,-0.45,-0.5,-4.34,12.98,12.98,12.98,12.98,12.98,-23.15,-23.15,-23.15,23.65,23.65,False,False,False,False,False,False,False,False,False,2026-09-21
1867,1867.HK,STD DEV GROUP,标准发展集团,2.99,"10,000",Equity,Equity Securities (Main Board),0.2,0.201,0.221,0.2,200000,0.04,0.221,0.225,-9.42,-10.95,-11.5,-11.5,-12.28,0.26,0.31,2.58,0.26,0.31,-16.6,-27.54,-91.42,24.53,34.43,False,False,False,False,False,False,False,False,False,2026-09-21
1868,1868.HK,NEO-NEON,同方友友,3.46,"2,000",Equity,Equity Securities (Main Board),0.165,0.165,0.165,0.165,20000,0.0,0.168,0.179,-1.67,-7.61,0.0,0.0,-8.33,0.42,0.67,1.56,0.42,0.67,-60.71,-75.37,-89.42,60.71,75.37,False,False,False,False,False,False,False,False,False,2026-09-21
1869,1869.HK,KAFELAKU COFFEE,猫屎咖啡控股,0.93,"10,000",Equity,Equity Securities (Main Board),0.055,0.057,0.057,0.054,3660000,0.2,0.058,0.057,-4.84,-3.68,-5.17,-9.84,0.0,0.17,0.32,8.12,0.17,0.32,-66.07,-82.19,-99.3,67.26,82.81,False,False,False,False,False,False,False,False,False,2026-09-21
1870,1870.HK,GREEN POWER GP,绿色电能集团,2.46,"2,500",Equity,Equity Securities (Main Board),0.242,0.265,0.265,0.241,1222500,0.3,0.246,0.219,-1.79,10.6,-8.68,-3.2,29.41,0.58,2.16,3.1,0.58,2.16,-54.31,-87.73,-91.45,58.28,88.8,False,False,False,False,False,False,False,False,False,2026-09-21
1871,1871.HK,CHINA ORIENTED,向中国际,1.61,"4,000",Equity,Equity Securities (Main Board),0.37,0.4,0.4,0.37,424000,0.16,0.355,0.327,4.23,13.15,-7.5,21.31,23.33,0.45,0.47,1.39,0.45,0.47,-11.11,-13.98,-71.18,17.78,20.43,False,False,False,False,False,False,False,False,False,2026-09-21
1872,1872.HK,GUAN CHAO HLDGS,冠轈控股,26.88,"5,000",Equity,Equity Securities (Main Board),4.125,4.395,4.4,4.1,385000,1.59,4.148,4.133,-0.55,-0.19,-5.82,0.86,0.61,9.23,9.23,50.0,9.23,9.23,-52.33,-52.33,-91.2,55.31,55.31,False,False,False,False,False,False,False,False,False,2026-09-21
1873,1873.HK,VIVA BIOTECH,维亚生物,31.51,500,Equity,Equity Securities (Main Board),1.505,1.475,1.555,1.47,5607500,8.44,1.399,1.362,7.58,10.5,2.73,11.9,14.89,2.86,3.27,11.64,2.86,3.27,-45.63,-52.45,-86.64,47.38,53.98,True,False,False,False,False,False,False,False,False,2026-09-21
1875,1875.HK,BIODLINK-B,东曜药业－Ｂ,30.56,400,Equity,Equity Securities (Main Board),3.96,3.82,4.05,3.82,1732400,6.86,3.836,3.789,3.23,4.5,3.66,4.35,5.6,5.87,5.87,6.43,5.87,5.87,-31.01,-31.01,-37.01,32.54,32.54,False,False,False,False,False,False,False,False,False,2026-09-21
1876,1876.HK,BUD APAC,百威亚太,799.24,100,Equity,Equity Securities (Main Board),6.035,5.92,6.04,5.88,13295781,80.24,5.894,5.904,2.39,2.21,1.86,3.43,3.87,8.3,16.78,32.65,8.3,16.78,-27.23,-64.0,-81.5,27.29,64.03,True,False,False,True,False,False,False,False,False,2026-09-21
1877,1877.HK,JUNSHI BIO,君实生物,50.45,200,Equity,Equity Securities (Main Board),19.34,17.77,19.48,17.77,7728000,149.46,17.62,17.46,9.76,10.77,11.73,13.9,12.05,30.8,38.64,94.0,30.8,38.64,-36.75,-49.59,-79.28,37.21,49.95,True,False,False,False,False,False,False,False,False,2026-09-21
1878,1878.HK,SOUTHGOBI,南戈壁,6.82,50,Equity,Equity Securities (Main Board),1.84,1.95,1.985,1.81,146350,0.27,1.827,1.812,0.71,1.52,-0.54,-0.54,2.22,2.3,6.58,6.58,2.3,6.58,-13.7,-69.83,-69.83,20.0,72.04,False,False,True,True,False,False,False,False,False,2026-09-21
1879,1879.HK,XIZHI TECH-P,曦智科技－Ｐ,241.77,15,Equity,Equity Securities (Main Board),314.8,333.0,337.0,306.0,515135,162.16,288.56,306.18,9.09,2.82,-2.6,17.2,13.65,1050.0,1050.0,1050.0,1050.0,1050.0,-67.9,-67.9,-67.9,70.02,70.02,False,False,False,True,False,False,False,False,False,2026-09-21
1880,1880.HK,CTG DUTY-FREE,中国中免,58.7,100,Equity,Equity Securities (Main Board),46.82,46.68,47.2,46.34,396500,18.56,46.332,47.12,1.05,-0.64,1.3,0.64,0.99,107.0,107.9,280.0,107.0,107.9,-55.89,-56.26,-83.14,56.24,56.61,False,False,False,False,False,False,False,False,False,2026-09-21
1882,1882.HK,HAITIAN INT'L,海天国际,280.74,"1,000",Equity,Equity Securities (Main Board),17.6,17.29,17.72,17.29,2175344,38.29,17.43,17.566,0.98,0.19,3.1,-0.45,1.73,26.2,28.9,32.55,26.2,28.9,-32.37,-38.69,-45.56,32.82,39.1,False,False,False,True,False,False,False,False,False,2026-09-21
1883,1883.HK,CITIC TELECOM,中信国际电讯,89.38,"1,000",Equity,Equity Securities (Main Board),2.415,2.4,2.415,2.395,1068754,2.58,2.41,2.405,0.21,0.44,0.62,-0.41,1.05,2.86,3.29,3.61,2.86,3.29,-15.56,-26.6,-33.1,15.56,26.6,False,False,False,True,False,False,False,False,False,2026-09-21
1884,1884.HK,EPRINT GROUP,ＥＰＲＩＮＴ集团,0.62,"4,000",Equity,Equity Securities (Main Board),0.113,0.112,0.113,0.112,24000,0.0,0.112,0.112,0.71,0.53,0.89,0.89,0.89,0.17,0.82,3.62,0.17,0.82,-31.52,-86.22,-96.88,31.52,86.22,False,False,False,True,False,False,False,False,False,2026-09-21
1888,1888.HK,KB LAMINATES,建滔积层板,1534.13,500,Equity,Equity Securities (Main Board),48.68,47.88,48.92,46.58,53120702,2585.92,47.5,47.4,2.48,2.7,3.35,2.48,5.46,107.2,107.2,107.2,107.2,107.2,-54.37,-54.37,-54.37,54.59,54.59,False,False,True,True,False,False,False,False,False,2026-09-21
1890,1890.HK,CHINA KEPEI,中国科培,17.12,"2,000",Equity,Equity Securities (Main Board),0.85,0.845,0.855,0.82,762000,0.65,0.829,0.834,2.53,1.92,3.66,3.66,1.8,1.38,2.2,7.32,1.38,2.2,-38.04,-61.14,-88.32,38.41,61.36,False,False,False,True,False,False,False,False,False,2026-09-21
1891,1891.HK,HENG HUP,兴合控股,1.98,"4,000",Equity,Equity Securities (Main Board),0.198,0.199,0.205,0.198,1044000,0.21,0.193,0.189,2.8,4.54,2.06,4.21,7.03,0.21,0.25,0.44,0.21,0.25,-0.97,-16.33,-53.41,4.35,19.18,True,True,False,False,False,False,False,True,False,2026-09-21
1894,1894.HK,HANG YICK HLDGS,恒益控股,1.39,"5,000",Equity,Equity Securities (Main Board),0.595,0.605,0.635,0.59,2943000,1.75,0.611,0.62,-2.62,-3.95,-3.25,-4.03,-4.03,0.77,10.91,111.79,0.77,10.91,-17.53,-94.18,-99.43,22.73,94.55,False,False,False,False,False,False,False,False,False,2026-09-21
1896,1896.HK,MAOYAN ENT,猫眼娱乐,47.32,200,Equity,Equity Securities (Main Board),4.03,3.975,4.065,3.975,3164400,12.75,4.005,4.123,0.62,-2.26,1.51,-0.25,-3.24,7.92,11.8,19.3,7.92,11.8,-48.67,-65.55,-78.94,49.12,65.85,False,False,False,False,False,False,False,False,False,2026-09-21
1898,1898.HK,CHINA COAL,中煤能源,445.98,"1,000",Equity,Equity Securities (Main Board),10.86,10.45,10.92,10.38,23700577,257.39,10.802,11.048,0.54,-1.7,3.53,-0.82,-1.0,15.24,15.24,15.24,15.24,15.24,-28.35,-28.35,-28.35,28.74,28.74,False,False,False,False,False,False,False,False,False,2026-09-21
1899,1899.HK,XINGDA INT'L,兴达国际,19.87,"1,000",Equity,Equity Securities (Main Board),1.035,1.035,1.085,1.035,138000,0.14,1.039,1.047,-0.38,-1.19,-0.96,0.49,-2.36,1.6,1.7,3.97,1.6,1.7,-32.19,-36.18,-72.67,35.31,39.12,False,False,False,False,False,False,False,False,False,2026-09-21
1900,1900.HK,CHINA ITS,中国智能交通,2.68,"1,000",Equity,Equity Securities (Main Board),0.156,0.156,0.156,0.156,3000,0.0,0.16,0.168,-2.62,-7.2,0.65,-2.5,-8.24,0.36,0.44,0.84,0.36,0.44,-56.67,-64.55,-81.43,56.67,64.55,False,False,False,False,False,False,False,False,False,2026-09-21
1901,1901.HK,FEIYANG GROUP,飞扬集团,1.28,"2,000",Equity,Equity Securities (Main Board),0.128,0.132,0.132,0.13,142000,0.02,0.135,0.142,-5.33,-9.92,-5.19,-6.57,-9.22,0.47,1.23,1.49,0.47,1.23,-72.21,-89.27,-91.14,73.05,89.59,False,False,False,False,False,False,False,False,False,2026-09-21
1903,1903.HK,JBB BUILDERS,JBB BUILDERS,11.3,"2,000",Equity,Equity Securities (Main Board),2.26,2.27,2.27,2.27,22000,0.05,2.28,2.28,-0.88,-0.88,-0.44,-1.53,0.44,3.8,3.8,3.8,3.8,3.8,-40.26,-40.26,-40.26,40.53,40.53,False,False,False,False,False,False,False,False,False,2026-09-21
1905,1905.HK,HAITONG UT,海通恒信,56.5,"2,000",Equity,Equity Securities (Main Board),0.975,0.955,0.975,0.955,1194000,1.16,0.964,0.993,1.14,-1.81,3.72,1.56,-8.02,1.18,1.19,1.95,1.18,1.19,-17.72,-18.07,-50.0,17.72,18.07,False,False,False,False,False,False,False,False,False,2026-09-21
1906,1906.HK,BONNY HLDG,博尼控股,13.09,"10,000",Equity,Equity Securities (Main Board),0.89,0.85,0.895,0.85,7740000,6.89,0.843,0.825,5.58,7.88,4.71,7.23,10.56,0.93,0.93,0.94,0.93,0.93,-3.76,-3.76,-4.79,4.3,4.3,False,False,False,False,False,False,False,True,True,2026-09-21
1907,1907.HK,CHINA RISUN GP,中国旭阳集团,74.84,"1,000",Equity,Equity Securities (Main Board),1.76,1.77,1.78,1.725,11874500,20.9,1.779,1.84,-1.07,-4.37,-0.85,-2.22,-2.22,4.24,4.24,6.48,4.24,4.24,-58.02,-58.02,-72.53,58.49,58.49,False,False,False,False,False,False,False,False,False,2026-09-21
1908,1908.HK,C&D INTL GROUP,建发国际集团,290.88,"1,000",Equity,Equity Securities (Main Board),12.56,12.23,12.7,11.59,12389215,155.61,12.092,12.22,3.87,2.78,3.12,4.15,5.72,18.47,20.5,27.8,18.47,20.5,-31.24,-38.05,-54.32,32.0,38.73,False,False,True,True,False,False,False,False,False,2026-09-21
1909,1909.HK,FIRE ROCK,火岩控股,4.37,"2,000",Equity,Equity Securities (Main Board),1.8,1.83,1.83,1.8,40600,0.07,1.761,1.799,2.21,0.03,0.28,8.43,1.12,3.7,11.2,72.8,3.7,11.2,-50.54,-83.66,-97.49,51.35,83.93,False,False,False,False,False,False,False,False,False,2026-09-21
1910,1910.HK,SAMSONITE,新秀丽,165.84,300,Equity,Equity Securities (Main Board),12.14,12.32,12.37,12.05,1758469,21.35,12.322,12.466,-1.48,-2.62,-0.9,-3.19,-3.5,21.98,31.6,38.6,21.98,31.6,-43.72,-60.85,-67.95,44.77,61.58,False,False,False,False,False,False,False,False,False,2026-09-21
1911,1911.HK,CR HOLDINGS,华兴资本控股,20.47,100,Equity,Equity Securities (Main Board),3.5,3.88,3.88,3.475,592600,2.07,3.643,3.799,-3.93,-7.87,-2.23,-7.77,-7.41,5.17,10.02,32.15,5.17,10.02,-24.95,-61.28,-87.93,32.3,65.07,False,False,False,False,False,False,False,False,False,2026-09-21
1912,1912.HK,CONTEL,康特隆,15.82,"5,000",Equity,Equity Securities (Main Board),3.43,3.305,3.675,3.3,730000,2.5,3.404,3.422,0.76,0.23,-2.56,2.24,-2.97,3.98,3.98,34.87,3.98,3.98,-7.78,-7.78,-89.46,13.93,13.93,False,False,True,True,False,False,False,False,False,2026-09-21
1913,1913.HK,PRADA,普拉达,951.88,100,Equity,Equity Securities (Main Board),37.18,38.02,39.4,37.1,4801309,178.51,38.64,38.906,-3.78,-4.44,-5.01,-3.98,-4.86,45.86,71.7,71.7,45.86,71.7,-14.09,-45.05,-45.05,18.93,48.15,False,False,False,False,False,False,False,False,False,2026-09-21
1916,1916.HK,JIANGXI BANK,江西银行,7.87,500,Equity,Equity Securities (Main Board),0.585,0.585,0.585,0.58,362000,0.21,0.577,0.583,1.39,0.34,2.63,0.86,0.86,0.72,1.25,7.27,0.72,1.25,-18.75,-53.2,-91.95,18.75,53.2,False,False,False,True,False,False,False,False,False,2026-09-21
1917,1917.HK,DOUMOB,豆盟科技,1.84,"10,000",Equity,Equity Securities (Main Board),0.08,0.077,0.08,0.077,340000,0.03,0.079,0.079,0.76,1.01,3.9,-2.44,3.9,0.14,0.18,0.96,0.14,0.18,-41.61,-55.06,-91.67,41.61,55.06,False,False,False,True,False,False,False,False,False,2026-09-21
1918,1918.HK,SUNAC,融创中国,137.76,"1,000",Equity,Equity Securities (Main Board),0.685,0.6,0.695,0.585,727172225,498.11,0.589,0.58,16.3,18.1,12.3,24.55,26.85,1.36,5.51,48.91,1.36,5.51,-48.9,-87.39,-98.58,49.63,87.57,True,True,False,False,False,False,False,False,False,2026-09-21
1919,1919.HK,COSCO SHIP HOLD,中远海控,469.92,500,Equity,Equity Securities (Main Board),17.33,16.6,17.4,16.57,24863117,430.88,16.738,16.662,3.54,4.01,4.52,3.9,5.48,18.04,18.04,18.04,18.04,18.04,-3.55,-3.55,-3.55,3.94,3.94,False,False,False,True,False,False,False,True,True,2026-09-21
1920,1920.HK,JUNWEA GROUP,巨美集团,2.17,"10,000",Equity,Equity Securities (Main Board),0.37,0.37,0.37,0.37,260000,0.1,0.376,0.389,-1.6,-4.88,-2.63,-1.33,-8.64,1.45,1.45,3.85,1.45,1.45,-74.48,-74.48,-90.39,74.48,74.48,False,False,False,False,False,False,False,False,False,2026-09-21
1921,1921.HK,DALIPAL HLDG,达力普控股,46.65,"2,000",Equity,Equity Securities (Main Board),2.99,3.165,3.165,2.895,1886000,5.64,3.101,3.237,-3.58,-7.62,-4.63,-5.08,-10.75,9.99,10.5,10.5,9.99,10.5,-68.32,-69.86,-69.86,70.07,71.52,False,False,False,False,False,False,False,False,False,2026-09-21
1925,1925.HK,KWUNGS AROMA,旷世芳香,4.96,"2,000",Equity,Equity Securities (Main Board),1.225,1.225,1.225,1.225,2000,0.0,1.233,1.239,-0.65,-1.13,-1.21,-1.21,-0.41,1.38,1.58,1.77,1.38,1.58,-11.55,-22.47,-30.79,11.55,22.47,False,False,False,False,False,False,False,False,False,2026-09-21
1927,1927.HK,JIUJIUWANG,久久王,2.49,"5,000",Equity,Equity Securities (Main Board),0.315,0.32,0.32,0.31,380000,0.12,0.315,0.304,0.0,3.45,1.61,0.0,0.0,0.32,0.32,0.82,0.32,0.32,-1.54,-1.54,-60.98,3.08,3.08,False,False,False,False,False,False,False,True,True,2026-09-21
1928,1928.HK,SANDS CHINA LTD,金沙中国有限公司,979.3,400,Equity,Equity Securities (Main Board),12.1,12.25,12.29,12.05,28588218,345.92,12.284,12.898,-1.5,-6.19,-1.14,0.17,-6.92,20.14,25.3,49.35,20.14,25.3,-38.98,-51.42,-75.1,39.92,52.17,False,False,False,False,False,False,False,False,False,2026-09-21
1929,1929.HK,CHOW TAI FOOK,周大福,1092.2,200,Equity,Equity Securities (Main Board),11.07,11.05,11.2,10.92,9786440,108.34,11.108,11.51,-0.34,-3.82,0.18,-1.95,-3.99,15.55,16.95,18.54,15.55,16.95,-27.97,-33.92,-39.59,28.81,34.69,False,False,False,False,False,False,False,False,False,2026-09-21
1930,1930.HK,SHINELONG,勋龙,2.01,"4,000",Equity,Equity Securities (Main Board),0.305,0.29,0.305,0.29,68000,0.02,0.304,0.314,0.33,-2.87,0.0,0.0,-14.08,0.46,0.51,1.82,0.46,0.51,-33.7,-40.2,-83.24,33.7,40.2,False,False,False,False,False,False,False,False,False,2026-09-21
1931,1931.HK,ETHK LABS INC.,华检医疗,7.62,"1,000",Equity,Equity Securities (Main Board),0.475,0.48,0.505,0.45,902000,0.43,0.482,0.495,-1.45,-4.04,-1.04,-2.06,-4.04,2.8,12.86,12.86,2.8,12.86,-81.96,-96.07,-96.07,83.04,96.31,False,False,False,False,False,False,False,False,False,2026-09-21
1932,1932.HK,CPM GROUP,中漆集团,1.54,"4,000",Equity,Equity Securities (Main Board),0.154,0.138,0.155,0.138,240000,0.04,0.141,0.137,9.38,12.33,10.0,10.0,20.31,0.8,0.8,0.9,0.8,0.8,-80.63,-80.63,-82.78,80.75,80.75,False,False,False,False,False,False,False,False,False,2026-09-21
1933,1933.HK,ONEFORCE HLDGS,元力控股,1.06,"4,000",Equity,Equity Securities (Main Board),0.21,0.212,0.219,0.21,280000,0.06,0.216,0.21,-2.78,0.14,-4.11,-2.78,-4.55,0.6,0.6,1.78,0.6,0.6,-63.5,-63.5,-87.7,65.0,65.0,False,False,False,False,False,False,False,False,False,2026-09-21
1935,1935.HK,JH EDUCATION,嘉宏教育,11.61,"2,000",Equity,Equity Securities (Main Board),0.725,0.72,0.725,0.72,38000,0.03,0.757,0.79,-4.23,-8.23,-4.61,-4.61,-11.59,1.65,1.65,5.21,1.65,1.65,-56.06,-56.06,-86.08,56.06,56.06,False,False,False,False,False,False,False,False,False,2026-09-21
1937,1937.HK,JIACHEN HOLDING,佳辰控股,1.43,"5,000",Equity,Equity Securities (Main Board),0.143,0.143,0.143,0.142,265000,0.04,0.143,0.148,0.28,-3.18,-0.69,2.14,2.14,0.25,1.81,1.9,0.25,1.81,-42.34,-92.1,-92.47,42.34,92.1,False,False,True,False,False,False,False,False,False,2026-09-21
1939,1939.HK,SHANGSHAN GOLD,上善黄金,2.51,"2,000",Equity,Equity Securities (Main Board),0.49,0.42,0.49,0.42,1252000,0.61,0.443,0.452,10.61,8.41,8.89,15.29,13.95,1.3,10.48,10.48,1.3,10.48,-62.31,-95.32,-95.32,62.31,95.32,False,False,True,True,False,False,False,False,False,2026-09-21
1941,1941.HK,YE XING GROUP,烨星集团,2.82,"2,000",Equity,Equity Securities (Main Board),0.695,0.695,0.695,0.685,82000,0.06,0.698,0.68,-0.43,2.21,-1.42,0.0,-0.71,0.71,0.71,1.88,0.71,0.71,-2.11,-2.11,-63.03,2.11,2.11,False,False,False,False,False,False,False,True,True,2026-09-21
1942,1942.HK,MOG DIGITECH,马可数字科技,1.46,"2,000",Equity,Equity Securities (Main Board),0.071,0.072,0.074,0.071,554000,0.04,0.072,0.073,-0.84,-2.2,-2.74,-1.39,0.0,0.33,78.75,104.3,0.33,78.75,-77.58,-99.91,-99.93,78.48,99.91,False,False,False,False,False,False,False,False,False,2026-09-21
1943,1943.HK,KING'S STONE,金石控股集团,14.9,"5,000",Equity,Equity Securities (Main Board),1.26,1.21,1.32,1.21,4595000,5.79,1.208,1.206,4.3,4.52,6.33,4.56,5.44,1.55,1.55,1.62,1.55,1.55,-14.84,-14.84,-18.52,18.71,18.71,False,False,False,False,False,False,False,False,False,2026-09-21
1945,1945.HK,ZERO2IPO,清科控股,3.56,400,Equity,Equity Securities (Main Board),1.21,1.25,1.25,1.2,112800,0.14,1.358,1.365,-10.9,-11.36,-12.95,-13.57,-10.37,2.09,2.09,15.82,2.09,2.09,-40.19,-40.19,-92.1,42.11,42.11,False,False,False,False,False,False,False,False,False,2026-09-21
1947,1947.HK,MEIHAO GROUP,美皓集团,3.27,"5,000",Equity,Equity Securities (Main Board),0.545,0.545,0.55,0.53,240000,0.13,0.554,0.565,-1.62,-3.45,0.0,-0.91,-6.84,0.61,0.61,0.82,0.61,0.61,-9.84,-9.84,-32.93,10.66,10.66,False,False,False,False,False,False,False,False,False,2026-09-21
1948,1948.HK,UJU HOLDING,优矩控股,24.42,"1,000",Equity,Equity Securities (Main Board),4.07,3.995,4.075,3.995,9000,0.04,3.86,3.932,5.44,3.52,0.12,8.82,2.01,5.8,7.7,7.7,5.8,7.7,-29.74,-47.08,-47.08,29.83,47.14,False,False,False,False,False,False,False,False,False,2026-09-21
1951,1951.HK,JXR,锦欣生殖,57.46,500,Equity,Equity Securities (Main Board),2.145,2.08,2.15,2.08,9120000,19.56,2.109,2.132,1.71,0.59,2.63,0.94,1.42,2.67,4.64,24.55,2.67,4.64,-19.48,-53.66,-91.24,19.66,53.77,False,False,False,True,False,False,False,False,False,2026-09-21
1952,1952.HK,EVEREST MED,云顶新耀,102.4,500,Equity,Equity Securities (Main Board),28.92,27.92,29.8,27.9,8211612,237.48,27.02,28.186,7.03,2.6,4.86,11.32,6.64,45.04,77.55,104.8,45.04,77.55,-33.84,-61.57,-71.56,35.79,62.71,True,False,False,True,False,False,False,False,False,2026-09-21
1953,1953.HK,SFQ GLOBAL,赛孚迅国际,15.18,"5,000",Equity,Equity Securities (Main Board),1.205,1.25,1.25,1.17,1870000,2.25,1.222,1.257,-1.39,-4.14,-2.43,0.42,-4.37,1.9,1.9,1.9,1.9,1.9,-34.21,-34.21,-34.21,36.58,36.58,False,False,False,False,False,False,False,False,False,2026-09-21
1955,1955.HK,JOHNSON HLDGS,庄臣控股,3.15,"2,000",Equity,Equity Securities (Main Board),0.63,0.63,0.63,0.595,136000,0.09,0.618,0.606,1.94,4.05,1.61,5.0,2.44,0.75,0.75,2.16,0.75,0.75,-16.0,-16.0,-70.83,16.0,16.0,False,False,False,True,False,False,False,False,False,2026-09-21
1956,1956.HK,WENGE AI,中科闻歌,135.45,200,Equity,Equity Securities (Main Board),77.5,82.7,82.7,76.8,279400,21.65,78.73,78.855,-1.56,-1.72,-2.76,-4.38,4.87,125.0,125.0,125.0,125.0,125.0,-33.84,-33.84,-33.84,38.0,38.0,False,False,False,False,False,False,False,False,False,2026-09-21
1957,1957.HK,MBV INTL,大人国际,1.76,"2,500",Equity,Equity Securities (Main Board),0.28,0.29,0.29,0.28,7500,0.0,0.279,0.283,0.36,-1.23,-1.75,0.0,0.0,0.32,1.14,2.11,0.32,1.14,-10.77,-74.56,-86.26,13.85,75.44,False,False,False,False,False,False,False,False,False,2026-09-21
1958,1958.HK,BAIC MOTOR,北京汽车,18.27,500,Equity,Equity Securities (Main Board),0.725,0.735,0.75,0.71,10843459,7.86,0.73,0.734,-0.68,-1.23,-1.36,0.69,-11.59,1.99,2.82,12.58,1.99,2.82,-62.31,-73.4,-94.04,63.57,74.29,False,False,False,False,False,False,False,False,False,2026-09-21
1960,1960.HK,TBKS HLDGS,TBKS HLDGS,3.75,"5,000",Equity,Equity Securities (Main Board),0.375,0.39,0.39,0.37,135000,0.05,0.38,0.374,-1.32,0.27,-1.32,-1.32,-1.32,0.68,0.68,0.97,0.68,0.68,-42.65,-42.65,-59.79,44.85,44.85,False,False,False,False,False,False,False,False,False,2026-09-21
1962,1962.HK,EVERGREEN PG,训修实业,2.93,"2,000",Equity,Equity Securities (Main Board),0.475,0.48,0.48,0.475,224000,0.11,0.474,0.475,0.21,-0.11,-1.04,1.06,1.06,0.57,0.7,4.0,0.57,0.7,-15.79,-31.43,-88.0,16.67,32.14,False,False,False,False,False,False,False,False,False,2026-09-21
1963,1963.HK,BCQ,重庆银行,134.45,500,Equity,Equity Securities (Main Board),8.515,8.33,8.52,8.26,787752,6.71,8.42,8.496,1.13,0.22,2.59,0.12,-1.62,8.81,8.92,8.92,8.81,8.92,-3.29,-4.48,-4.48,3.35,4.54,False,False,False,True,False,False,False,True,True,2026-09-21
1966,1966.HK,CHINA SCE GROUP,中骏集团控股,1.9,"1,000",Equity,Equity Securities (Main Board),0.045,0.044,0.045,0.044,438000,0.02,0.045,0.046,0.0,-1.96,2.27,0.0,0.0,0.09,0.4,4.9,0.09,0.4,-50.55,-88.75,-99.08,50.55,88.75,False,False,False,False,False,False,False,False,False,2026-09-21
1967,1967.HK,CONFIDENCE IN,信恳智能,0.85,200,Equity,Equity Securities (Main Board),0.285,0.285,0.29,0.285,1400,0.0,0.285,0.29,0.0,-1.72,7.55,-1.72,-3.39,0.5,0.84,48.5,0.5,0.84,-41.41,-65.48,-99.4,42.42,66.07,False,False,False,False,False,False,False,False,False,2026-09-21
1968,1968.HK,HINGTEX HLDGS,兴纺控股,1.09,"4,000",Equity,Equity Securities (Main Board),0.17,0.165,0.17,0.165,164000,0.03,0.162,0.164,4.81,3.85,6.25,6.25,6.92,0.25,0.25,3.55,0.25,0.25,-32.0,-32.0,-95.21,32.0,32.0,False,False,False,False,False,False,False,False,False,2026-09-21
1969,1969.HK,CHINA CHUNLAI,中国春来,11.76,"1,000",Equity,Equity Securities (Main Board),0.98,0.99,1.03,0.965,84000,0.08,0.924,0.944,6.06,3.87,6.52,8.89,4.81,5.59,427.0,427.0,5.59,427.0,-81.57,-99.76,-99.76,82.47,99.77,True,False,False,False,False,False,False,False,False,2026-09-21
1970,1970.HK,IMAX CHINA,IMAX CHINA,28.55,100,Equity,Equity Securities (Main Board),8.4,8.45,8.5,8.13,386800,3.25,8.368,8.426,0.38,-0.31,4.35,-0.83,-1.06,9.1,9.75,41.8,9.1,9.75,-6.59,-12.82,-79.67,7.69,13.85,False,False,False,False,False,False,False,True,False,2026-09-21
1972,1972.HK,SWIREPROPERTIES,太古地产,1404.83,200,Equity,Equity Securities (Main Board),24.4,24.32,24.48,24.02,1487733,36.3,24.128,24.358,1.13,0.17,0.33,1.67,0.41,27.18,27.18,34.65,27.18,27.18,-9.93,-9.93,-29.35,10.23,10.23,False,False,True,True,False,False,False,False,False,2026-09-21
1975,1975.HK,SUN HING PRINT,新兴印刷,2.5,"4,000",Equity,Equity Securities (Main Board),0.52,0.52,0.52,0.52,8000,0.0,0.504,0.497,3.17,4.52,1.96,6.12,4.0,0.54,0.8,1.45,0.54,0.8,-2.8,-35.0,-64.14,2.8,35.0,True,False,False,False,False,False,False,True,False,2026-09-21
1977,1977.HK,ANALOGUE HLDGS,安乐工程,12.88,"2,000",Equity,Equity Securities (Main Board),0.92,0.915,0.92,0.91,206000,0.19,0.922,0.942,-0.22,-2.28,0.55,-1.08,-1.08,1.09,1.39,2.19,1.09,1.39,-15.6,-33.81,-57.99,15.6,33.81,False,False,False,False,False,False,False,False,False,2026-09-21
1979,1979.HK,TEN PAO GROUP,天宝集团,15.84,"4,000",Equity,Equity Securities (Main Board),1.53,1.53,1.535,1.505,628000,0.96,1.527,1.563,0.2,-2.11,1.66,-0.65,-0.97,3.38,3.38,3.38,3.38,3.38,-54.59,-54.59,-54.59,54.73,54.73,False,False,False,False,False,False,False,False,False,2026-09-21
1980,1980.HK,TIANGE,天鸽互动,6.86,"1,000",Equity,Equity Securities (Main Board),0.62,0.605,0.62,0.59,44000,0.03,0.611,0.631,1.47,-1.74,1.64,1.64,5.08,0.85,0.85,7.9,0.85,0.85,-27.06,-27.06,-92.15,27.06,27.06,False,False,True,False,False,False,False,False,False,2026-09-21
1981,1981.HK,CATHAY GP HLDGS,华夏控股,11.17,"1,000",Equity,Equity Securities (Main Board),0.675,0.68,0.685,0.675,273000,0.18,0.678,0.68,-0.44,-0.74,0.0,-0.74,-0.74,1.11,1.99,8.96,1.11,1.99,-38.29,-65.58,-92.35,39.19,66.08,False,False,False,False,False,False,False,False,False,2026-09-21
1982,1982.HK,NAMESON HLDGS,南旋控股,17.32,"2,000",Equity,Equity Securities (Main Board),0.76,0.75,0.76,0.71,4050000,3.08,0.769,0.774,-1.17,-1.81,-0.65,-1.3,-2.56,1.22,1.22,3.53,1.22,1.22,-37.7,-37.7,-78.47,37.7,37.7,False,False,False,False,False,False,False,False,False,2026-09-21
1983,1983.HK,LUZHOU BANK,泸州银行,15.66,"1,000",Equity,Equity Securities (Main Board),2.09,2.09,2.09,2.09,1000,0.0,2.09,2.063,0.0,1.31,0.0,0.0,1.95,2.58,3.96,3.96,2.58,3.96,-18.99,-47.22,-47.22,18.99,47.22,False,False,False,False,False,False,False,False,False,2026-09-21
1986,1986.HK,TSAKER NE,彩客新能源,9.24,500,Equity,Equity Securities (Main Board),0.955,0.965,0.97,0.935,181000,0.17,0.95,0.962,0.53,-0.73,-1.55,0.0,0.53,1.24,1.24,6.5,1.24,1.24,-21.77,-21.77,-85.08,22.98,22.98,False,False,False,False,False,False,False,False,False,2026-09-21
1987,1987.HK,BENG SOON MACH,BENG SOON MACH,2.18,"4,000",Equity,Equity Securities (Main Board),0.218,0.22,0.22,0.218,40000,0.01,0.221,0.221,-1.45,-1.4,-0.91,-2.68,1.4,0.28,0.32,5.07,0.28,0.32,-21.43,-31.25,-95.66,22.14,31.88,False,False,False,False,False,False,False,False,False,2026-09-21
1988,1988.HK,MINSHENG BANK,民生银行,294.54,500,Equity,Equity Securities (Main Board),3.535,3.43,3.54,3.4,41012384,144.98,3.541,3.537,-0.17,-0.04,3.06,-1.39,-1.81,4.27,5.55,7.9,4.27,5.55,-17.1,-36.22,-55.19,17.21,36.31,False,False,False,False,False,False,False,False,False,2026-09-21
1989,1989.HK,DELTON,广合科技,56.26,100,Equity,Equity Securities (Main Board),122.2,110.0,128.6,110.0,9009500,1100.96,118.0,121.52,3.56,0.56,13.57,-0.16,2.95,222.0,222.0,222.0,222.0,222.0,-42.07,-42.07,-42.07,44.95,44.95,False,False,False,True,False,False,False,False,False,2026-09-21
1991,1991.HK,TA YANG GROUP,大洋集团,1.16,"10,000",Equity,Equity Securities (Main Board),0.675,0.69,0.705,0.64,250000,0.17,0.677,0.688,-0.3,-1.96,-0.74,-1.46,0.75,1.02,2.49,10.27,1.02,2.49,-30.88,-71.69,-93.13,33.82,72.89,False,False,False,False,False,False,False,False,False,2026-09-21
1995,1995.HK,ES SERVICES,永升服务,29.2,"2,000",Equity,Equity Securities (Main Board),1.71,1.73,1.73,1.685,2246000,3.84,1.726,1.75,-0.93,-2.29,-1.44,-1.44,-3.12,2.08,3.06,26.05,2.08,3.06,-16.83,-43.46,-93.36,17.79,44.12,False,False,False,False,False,False,False,False,False,2026-09-21
1996,1996.HK,RSUN PPT,弘阳地产,0.87,"1,000",Equity,Equity Securities (Main Board),0.026,0.027,0.027,0.023,948000,0.02,0.029,0.029,-9.72,-10.65,-3.7,-16.13,-10.34,0.05,0.32,3.62,0.05,0.32,-46.0,-91.56,-99.25,48.0,91.87,False,False,False,False,False,False,False,False,False,2026-09-21
1997,1997.HK,WHARF REIC,九龙仓置业,940.62,"1,000",Equity,Equity Securities (Main Board),30.98,30.5,31.02,30.3,2006357,62.16,30.3,30.728,2.24,0.82,1.64,3.27,1.84,34.82,34.82,65.15,34.82,34.82,-10.91,-10.91,-52.39,11.03,11.03,True,False,True,True,False,False,False,False,False,2026-09-21
1999,1999.HK,MAN WAH HLDGS,敏华控股,109.17,400,Equity,Equity Securities (Main Board),2.845,2.83,2.865,2.79,7630706,21.71,2.858,2.896,-0.45,-1.76,0.89,-0.7,-0.52,5.2,7.84,22.75,5.2,7.84,-44.9,-63.46,-87.41,45.29,63.71,False,False,False,False,False,False,False,False,False,2026-09-21
2000,2000.HK,SIM TECH,晨讯科技,6.46,"2,000",Equity,Equity Securities (Main Board),0.305,0.3,0.31,0.28,474000,0.14,0.3,0.282,1.67,8.16,1.67,0.0,10.91,0.37,0.5,0.62,0.37,0.5,-15.07,-38.0,-50.0,16.44,39.0,False,False,False,True,False,False,False,False,False,2026-09-21
2001,2001.HK,NEW HIGHER EDU,新高教集团,9.47,"1,000",Equity,Equity Securities (Main Board),0.48,0.49,0.505,0.48,1428000,0.69,0.494,0.497,-2.83,-3.42,-4.95,-4.0,-3.03,0.97,2.8,8.52,0.97,2.8,-47.94,-81.96,-94.07,50.52,82.86,False,False,False,False,False,False,False,False,False,2026-09-21
2002,2002.HK,SUNSHINE PAPER,阳光纸业,13.69,"2,000",Equity,Equity Securities (Main Board),1.285,1.265,1.29,1.265,382000,0.49,1.236,1.178,3.96,9.08,1.58,7.08,10.78,1.45,3.33,3.63,1.45,3.33,-11.03,-61.26,-64.46,11.38,61.41,True,True,False,False,False,False,False,False,False,2026-09-21
2003,2003.HK,VCREDIT,维信金科,5.87,200,Equity,Equity Securities (Main Board),1.2,1.18,1.22,1.18,22000,0.03,1.074,1.003,11.73,19.64,1.69,30.43,27.66,2.64,4.72,22.65,2.64,4.72,-53.79,-74.15,-94.61,54.55,74.58,True,False,False,False,False,False,False,False,False,2026-09-21
2005,2005.HK,SSY GROUP,石四药集团,79.55,"2,000",Equity,Equity Securities (Main Board),2.745,2.745,2.765,2.715,2624000,7.2,2.725,2.693,0.73,1.91,1.67,0.73,3.78,3.15,5.2,9.46,3.15,5.2,-12.22,-46.83,-70.77,12.86,47.21,False,False,False,False,False,False,False,False,False,2026-09-21
2007,2007.HK,COUNTRY GARDEN,碧桂园,85.04,"1,000",Equity,Equity Securities (Main Board),0.182,0.176,0.187,0.173,788543601,143.51,0.174,0.178,4.72,2.3,4.6,5.81,6.43,0.43,1.07,17.88,0.43,1.07,-56.51,-82.52,-98.95,57.67,82.99,False,False,True,True,False,False,False,False,False,2026-09-21
2008,2008.HK,PHOENIX TV,凤凰卫视,6.39,"1,000",Equity,Equity Securities (Main Board),1.28,1.28,1.28,1.28,54200,0.07,1.319,1.342,-2.96,-4.66,0.0,-4.48,-8.57,2.02,2.9,18.0,2.02,2.9,-36.63,-55.86,-92.89,36.63,55.86,False,False,False,False,False,False,False,False,False,2026-09-21
2009,2009.HK,BBMG,金隅集团,14.5,"1,000",Equity,Equity Securities (Main Board),0.62,0.615,0.625,0.605,9168000,5.68,0.61,0.607,1.64,2.23,0.81,1.64,4.2,0.96,1.1,5.25,0.96,1.1,-34.9,-43.18,-88.1,35.42,43.64,False,False,False,True,False,False,False,False,False,2026-09-21
2012,2012.HK,SUNSHINE OIL,阳光油砂,1.12,"1,000",Equity,Equity Securities (Main Board),0.157,0.16,0.17,0.156,1980000,0.31,0.161,0.165,-2.48,-4.91,-1.87,-6.55,-7.65,0.51,1.48,31.5,0.51,1.48,-66.67,-88.51,-99.46,69.22,89.39,False,False,False,False,False,False,False,False,False,2026-09-21
2013,2013.HK,WEIMOB INC,微盟集团,34.3,"1,000",Equity,Equity Securities (Main Board),0.83,0.815,0.835,0.81,16611783,13.79,0.812,0.832,2.22,-0.3,2.47,3.11,1.22,2.62,3.87,33.5,2.62,3.87,-68.13,-78.42,-97.51,68.32,78.55,False,False,False,False,False,False,False,False,False,2026-09-21
2015,2015.HK,LI AUTO-W,理想汽车－Ｗ,740.11,100,Equity,Equity Securities (Main Board),45.44,47.54,47.54,44.82,16745199,760.9,46.496,46.976,-2.27,-3.27,-4.46,-2.24,-4.38,78.9,182.9,185.5,78.9,182.9,-39.75,-74.01,-74.37,42.41,75.16,False,False,False,False,False,False,False,False,False,2026-09-21
2016,2016.HK,CZBANK,浙商银行,144.16,"1,000",Equity,Equity Securities (Main Board),2.435,2.395,2.435,2.375,6403840,15.59,2.407,2.42,1.16,0.62,1.46,1.46,0.83,2.69,3.14,4.85,2.69,3.14,-9.48,-22.45,-49.75,9.48,22.45,False,False,False,True,False,False,False,True,False,2026-09-21
2017,2017.HK,CHANHIGH,沧海控股,3.31,"2,000",Equity,Equity Securities (Main Board),0.535,0.51,0.585,0.51,138000,0.07,0.536,0.566,-0.19,-5.48,-2.73,-0.93,-4.46,0.75,0.75,2.28,0.75,0.75,-22.0,-22.0,-74.34,28.67,28.67,False,False,False,False,False,False,False,False,False,2026-09-21
2018,2018.HK,AAC TECH,瑞声科技,463.96,500,Equity,Equity Securities (Main Board),40.22,41.0,41.1,39.42,2891389,116.29,40.472,41.048,-0.62,-2.02,-0.98,-1.03,-2.47,50.35,54.8,185.0,50.35,54.8,-18.37,-25.0,-77.78,20.12,26.61,False,False,False,False,False,False,False,False,False,2026-09-21
2020,2020.HK,ANTA SPORTS,安踏体育,2012.19,200,Equity,Equity Securities (Main Board),72.0,71.85,72.25,71.05,4324005,311.33,72.26,72.89,-0.36,-1.22,0.42,-0.48,-2.24,88.8,107.5,191.9,88.8,107.5,-18.64,-32.79,-62.35,18.92,33.02,False,False,False,False,False,False,False,False,False,2026-09-21
2022,2022.HK,DIGIT HOLLYWOOD,游莱互动,0.94,"4,000",Equity,Equity Securities (Main Board),0.046,0.044,0.045,0.044,36000,0.0,0.047,0.048,-2.95,-3.77,-4.17,0.0,-6.12,0.08,0.17,1.51,0.08,0.17,-40.0,-73.68,-97.02,38.67,73.1,False,False,False,False,False,False,False,False,False,2026-09-21
2023,2023.HK,CHINA LUDAO,中国绿岛科技,3.84,"4,000",Equity,Equity Securities (Main Board),0.78,0.8,0.8,0.8,4000,0.0,0.774,0.764,0.78,2.09,1.3,2.63,4.0,0.82,1.18,2.1,0.82,1.18,-2.44,-32.2,-61.9,4.88,33.9,False,False,False,False,False,False,False,True,False,2026-09-21
2025,2025.HK,RUIFENG POWER,瑞丰动力,101.36,"2,000",Equity,Equity Securities (Main Board),12.74,12.7,12.8,12.68,394000,5.02,12.368,12.263,3.01,3.89,0.31,4.94,4.43,23.78,23.78,23.78,23.78,23.78,-46.17,-46.17,-46.17,46.43,46.43,False,False,False,False,False,False,False,False,False,2026-09-21
2026,2026.HK,PONY-W,小马智行－Ｗ,184.61,100,Equity,Equity Securities (Main Board),52.0,53.8,54.45,51.0,577520,30.03,52.09,52.715,-0.17,-1.36,-2.44,1.46,0.39,136.9,136.9,136.9,136.9,136.9,-60.23,-60.23,-60.23,62.02,62.02,False,False,False,False,False,False,False,False,False,2026-09-21
2028,2028.HK,JOLIMARK,映美控股,39.4,"2,000",Equity,Equity Securities (Main Board),4.585,4.305,4.66,3.8,16089000,73.77,3.985,3.613,15.06,26.9,9.04,23.92,45.56,4.4,4.4,4.4,4.66,4.66,5.91,5.91,5.91,1.61,1.61,True,True,False,False,True,True,True,True,True,2026-09-21
2030,2030.HK,CABBEEN,卡宾,8.62,"1,000",Equity,Equity Securities (Main Board),1.29,1.295,1.295,1.29,51000,0.07,1.286,1.286,0.31,0.31,0.0,0.78,-0.77,1.55,1.95,4.32,1.55,1.95,-16.45,-33.59,-70.02,16.77,33.85,False,False,False,False,False,False,False,False,False,2026-09-21
2038,2038.HK,FIH,富智康集团,125.77,"1,000",Equity,Equity Securities (Main Board),16.05,16.44,16.6,16.0,472000,7.58,16.036,16.292,0.09,-1.49,-2.25,0.63,-1.17,31.46,31.46,33.4,31.46,31.46,-47.23,-47.23,-50.3,48.98,48.98,False,False,True,False,False,False,False,False,False,2026-09-21
2039,2039.HK,CIMC,中集集团,236.63,100,Equity,Equity Securities (Main Board),7.89,7.45,7.915,7.45,3742584,29.53,7.609,7.79,3.69,1.28,1.87,6.05,2.94,12.8,12.8,12.8,12.8,12.8,-38.16,-38.16,-38.16,38.36,38.36,True,False,True,True,False,False,False,False,False,2026-09-21
2048,2048.HK,E-HOUSE ENT,易居企业控股,1.14,300,Equity,Equity Securities (Main Board),0.065,0.065,0.072,0.063,5794800,0.38,0.065,0.071,0.62,-8.32,-4.41,8.33,-2.99,0.13,0.6,15.34,0.13,0.6,-46.27,-88.0,-99.53,51.49,89.17,False,False,True,False,False,False,False,False,False,2026-09-21
2050,2050.HK,SANHUA,三花智控,119.13,100,Equity,Equity Securities (Main Board),24.98,25.02,25.64,24.86,5753600,143.72,24.276,24.522,2.9,1.87,0.32,5.05,3.39,41.36,46.48,46.48,41.36,46.48,-38.01,-44.84,-44.84,39.6,46.26,True,False,False,False,False,False,False,False,False,2026-09-21
2051,2051.HK,VALA,VALA,6.19,"10,000",Equity,Equity Securities (Main Board),0.38,0.405,0.405,0.38,2800000,1.06,0.409,0.396,-7.09,-4.16,-8.43,-7.32,-3.8,0.73,0.87,9.55,0.73,0.87,-44.52,-53.45,-95.76,47.95,56.32,False,False,False,False,False,False,False,False,False,2026-09-21
2057,2057.HK,ZTO EXPRESS-W,中通快递－Ｗ,899.96,50,Equity,Equity Securities (Main Board),164.2,163.6,166.4,163.4,1949701,320.14,162.2,162.68,1.23,0.93,0.74,2.5,0.55,205.6,219.0,299.0,205.6,219.0,-19.07,-24.02,-44.35,20.14,25.02,True,False,False,False,False,False,False,False,False,2026-09-21
2068,2068.HK,CHALIECO,中铝国际,6.93,"1,000",Equity,Equity Securities (Main Board),1.735,1.705,1.735,1.705,343000,0.6,1.706,1.746,1.7,-0.63,2.06,1.76,-0.29,3.43,3.5,4.34,3.43,3.5,-49.42,-50.43,-60.02,49.42,50.43,False,False,False,False,False,False,False,False,False,2026-09-21
2076,2076.HK,BOSS ZHIPIN-W,ＢＯＳＳ直聘－Ｗ,477.87,100,Equity,Equity Securities (Main Board),58.5,57.45,58.5,57.15,74700,4.37,58.97,61.53,-0.8,-4.92,1.04,-1.93,-7.29,83.15,97.8,98.95,83.15,97.8,-29.65,-40.18,-40.88,29.65,40.18,False,False,False,False,False,False,False,False,False,2026-09-21
2078,2078.HK,PANASIALUM,荣阳实业,1.57,"1,000",Equity,Equity Securities (Main Board),0.131,0.131,0.131,0.131,1000,0.0,0.132,0.134,-0.91,-1.95,-0.76,-1.5,-3.68,0.16,0.24,1.2,0.16,0.24,-18.12,-45.42,-89.08,18.12,45.42,False,False,False,False,False,False,False,False,False,2026-09-21
2080,2080.HK,AUX INTL,奥克斯国际,1.68,"2,000",Equity,Equity Securities (Main Board),0.34,0.35,0.35,0.34,140000,0.05,0.333,0.326,2.1,4.45,-1.45,3.03,9.68,0.43,0.78,2.45,0.43,0.78,-18.6,-55.13,-85.71,20.93,56.41,False,False,False,False,False,False,False,False,False,2026-09-21
2086,2086.HK,LEADWAY TECH,高维科技,1.68,"1,000",Equity,Equity Securities (Main Board),0.525,0.52,0.525,0.52,11000,0.01,0.532,0.534,-1.32,-1.59,-0.94,-1.87,-1.87,0.6,1.0,5.34,0.6,1.0,-12.5,-47.5,-90.17,12.5,47.5,False,False,False,False,False,False,False,False,False,2026-09-21
2096,2096.HK,SIMCERE PHARMA,先声药业,298.17,"1,000",Equity,Equity Securities (Main Board),11.63,11.3,11.82,11.27,5613000,65.28,11.298,11.335,2.94,2.6,4.12,4.12,2.11,14.28,15.08,15.08,14.28,15.08,-17.23,-21.62,-21.62,18.56,22.88,False,False,False,True,False,False,False,False,False,2026-09-21
2097,2097.HK,MIXUE GROUP,蜜雪集团,292.11,100,Equity,Equity Securities (Main Board),193.7,194.3,194.6,190.5,73108,14.16,190.98,193.91,1.42,-0.11,-0.36,2.92,0.68,464.0,618.5,618.5,464.0,618.5,-58.06,-68.54,-68.54,58.25,68.68,False,False,True,False,False,False,False,False,False,2026-09-21
2098,2098.HK,ZALL SMARTCOM,卓尔智联,9.18,"1,000",Equity,Equity Securities (Main Board),0.074,0.076,0.076,0.07,591000,0.04,0.074,0.075,-0.27,-1.07,-2.63,0.0,-1.33,0.12,0.47,11.76,0.12,0.47,-35.04,-84.0,-99.35,36.75,84.42,False,False,False,False,False,False,False,False,False,2026-09-21
2099,2099.HK,CHINAGOLDINTL,中国黄金国际,924.44,100,Equity,Equity Securities (Main Board),232.8,248.6,250.6,230.2,4723890,1099.72,246.88,257.26,-5.7,-9.51,-7.18,-9.28,-9.84,280.6,280.6,280.6,280.6,280.6,-10.69,-10.69,-10.69,17.03,17.03,False,False,False,False,False,False,False,False,False,2026-09-21
2100,2100.HK,BAIOO,百奥家庭互动,7.57,"2,000",Equity,Equity Securities (Main Board),0.265,0.26,0.265,0.26,8000,0.0,0.267,0.273,-0.75,-2.93,1.92,-1.85,-3.64,0.57,0.84,3.25,0.57,0.84,-53.51,-68.45,-91.85,53.51,68.45,False,False,False,False,False,False,False,False,False,2026-09-21
2101,2101.HK,FULU HOLDINGS,福禄控股,4.18,500,Equity,Equity Securities (Main Board),1.03,1.01,1.045,1.01,145000,0.15,0.973,0.957,5.86,7.63,1.98,10.75,9.57,1.53,3.89,12.44,1.53,3.89,-31.7,-73.14,-91.6,32.68,73.52,True,False,False,False,False,False,False,False,False,2026-09-21
2102,2102.HK,TAK LEE MACH,德利机械,3.15,"10,000",Equity,Equity Securities (Main Board),0.315,0.32,0.32,0.315,80000,0.03,0.322,0.321,-2.17,-1.87,-1.56,-3.08,3.28,0.38,0.38,0.51,0.38,0.38,-14.67,-14.67,-37.25,16.0,16.0,False,False,False,False,False,False,False,False,False,2026-09-21
2105,2105.HK,LAEKNA-B,来凯医药－Ｂ,33.16,500,Equity,Equity Securities (Main Board),7.31,7.2,7.49,7.12,770500,5.63,6.9,6.687,5.94,9.32,0.69,10.67,10.17,19.36,26.45,26.45,19.36,26.45,-61.31,-71.68,-71.68,62.24,72.36,True,False,False,False,False,False,False,False,False,2026-09-21
2107,2107.HK,FIRST SERVICE,第一服务控股,4.99,"2,500",Equity,Equity Securities (Main Board),0.395,0.39,0.4,0.39,1620000,0.64,0.387,0.39,2.07,1.41,3.95,3.95,-1.25,0.47,0.47,2.21,0.47,0.47,-15.79,-15.79,-81.9,16.84,16.84,False,False,False,False,False,False,False,False,False,2026-09-21
2108,2108.HK,K2 F&B,K2 F&B,3.2,"4,000",Equity,Equity Securities (Main Board),0.4,0.405,0.405,0.4,124000,0.05,0.4,0.402,0.0,-0.37,0.0,0.0,-2.44,0.54,0.54,0.9,0.54,0.54,-25.0,-25.0,-55.0,25.93,25.93,False,False,False,False,False,False,False,False,False,2026-09-21
2110,2110.HK,TIAN CHENG-NEW,天成控股（新）,0.29,"2,000",Equity,Equity Securities (Main Board),0.66,0.63,0.66,0.63,7000,0.0,0.67,0.635,-1.49,3.94,0.0,-5.71,10.0,1.85,7.4,50.0,1.85,7.4,-64.32,-91.08,-98.68,64.32,91.08,False,False,False,False,False,False,False,False,False,2026-09-21
2111,2111.HK,BEST PACIFIC,超盈国际控股,27.19,"2,000",Equity,Equity Securities (Main Board),2.615,2.65,2.65,2.6,84000,0.22,2.64,2.668,-0.95,-1.99,0.97,-0.57,-4.21,3.48,3.74,7.47,3.48,3.74,-23.85,-29.14,-64.52,24.86,30.08,False,False,False,False,False,False,False,False,False,2026-09-21
2116,2116.HK,JS INNOV,江苏创新,3.41,"2,000",Equity,Equity Securities (Main Board),0.71,0.71,0.71,0.71,2000,0.0,0.697,0.701,1.87,1.21,0.0,3.65,0.0,0.88,0.88,1.29,0.88,0.88,-19.32,-19.32,-44.96,19.32,19.32,False,False,False,False,False,False,False,False,False,2026-09-21
2121,2121.HK,AINNOVATION,创新奇智,16.91,100,Equity,Equity Securities (Main Board),3.065,3.31,3.31,2.96,2241500,6.87,3.346,3.531,-8.4,-13.2,-9.59,-9.85,1.49,7.33,14.6,27.5,7.33,14.6,-54.84,-77.33,-87.96,58.19,79.01,False,False,False,False,False,False,False,False,False,2026-09-21
2125,2125.HK,STRAWBEAR ENT,稻草熊娱乐,2.05,"1,000",Equity,Equity Securities (Main Board),0.29,0.29,0.29,0.29,1000,0.0,0.291,0.294,-0.34,-1.36,0.0,-3.33,-4.92,0.5,0.82,15.3,0.5,0.82,-42.0,-64.63,-98.1,42.0,64.63,False,False,False,False,False,False,False,False,False,2026-09-21
2126,2126.HK,JW THERAP-B,药明巨诺－Ｂ,9.88,500,Equity,Equity Securities (Main Board),2.37,2.365,2.45,2.285,2618500,6.21,2.158,2.083,9.82,13.81,7.73,16.46,19.7,3.18,6.44,52.8,3.18,6.44,-22.96,-61.96,-95.36,25.47,63.2,True,True,False,False,False,False,False,False,False,2026-09-21
2128,2128.HK,CHINA LESSO,中国联塑,100.52,"1,000",Equity,Equity Securities (Main Board),3.24,3.15,3.255,3.14,12236253,39.65,3.147,3.212,2.96,0.87,2.37,3.68,2.37,7.14,7.14,21.6,7.14,7.14,-54.41,-54.41,-84.93,54.62,54.62,False,False,True,True,False,False,False,False,False,2026-09-21
2129,2129.HK,LEGION CONSO,LEGION CONSO,3.44,"5,000",Equity,Equity Securities (Main Board),0.28,0.29,0.29,0.27,2010000,0.56,0.271,0.251,3.24,11.64,-3.45,9.8,16.18,0.31,0.31,0.49,0.31,0.31,-7.94,-7.94,-40.21,11.11,11.11,False,False,False,False,False,False,False,False,False,2026-09-21
2132,2132.HK,LANDRICH HLDG,誉燊丰控股,2.4,"8,000",Equity,Equity Securities (Main Board),0.15,0.155,0.155,0.15,400000,0.06,0.153,0.154,-1.83,-2.72,-3.23,-1.96,-3.23,0.18,0.42,0.48,0.18,0.42,-15.76,-63.1,-67.71,18.48,64.29,False,False,False,False,False,False,False,False,False,2026-09-21
2135,2135.HK,RAILY AESMED,瑞丽医美,0.67,"10,000",Equity,Equity Securities (Main Board),0.12,0.111,0.122,0.111,100000,0.01,0.113,0.114,6.57,4.99,9.09,9.09,6.19,0.18,0.54,4.56,0.18,0.54,-33.7,-77.55,-97.33,34.78,77.91,False,False,False,True,False,False,False,False,False,2026-09-21
2136,2136.HK,LIFESTYLE CHI,利福中国,8.57,500,Equity,Equity Securities (Main Board),0.585,0.58,0.59,0.565,145000,0.08,0.586,0.588,-0.17,-0.51,0.0,0.0,-0.85,1.13,1.16,4.07,1.13,1.16,-47.79,-49.14,-85.5,48.23,49.57,False,False,False,False,False,False,False,False,False,2026-09-21
2137,2137.HK,BRII-B,腾盛博药－Ｂ,6.24,500,Equity,Equity Securities (Main Board),0.865,0.85,0.89,0.83,1200500,1.04,0.873,0.887,-0.92,-2.54,-2.26,0.58,-1.7,1.7,3.5,52.6,1.7,3.5,-47.65,-74.57,-98.31,49.12,75.29,False,False,False,False,False,False,False,False,False,2026-09-21
2138,2138.HK,EC HEALTHCARE,医思健康,6.16,"1,000",Equity,Equity Securities (Main Board),0.52,0.5,0.52,0.5,117000,0.06,0.517,0.492,0.58,5.69,0.97,0.0,1.96,0.72,3.65,16.26,0.72,3.65,-27.78,-85.75,-96.8,27.78,85.75,False,False,False,False,False,False,False,False,False,2026-09-21
2139,2139.HK,BANK OF GANSU,甘肃银行,9.48,"1,000",Equity,Equity Securities (Main Board),0.25,0.25,0.25,0.25,217000,0.05,0.25,0.252,0.0,-0.79,0.0,0.0,0.0,0.42,0.64,3.34,0.42,0.64,-40.48,-60.94,-92.51,40.48,60.94,False,False,False,False,False,False,False,False,False,2026-09-21
2142,2142.HK,HBM HOLDINGS-B,和铂医药－Ｂ,132.56,"1,000",Equity,Equity Securities (Main Board),15.25,14.08,15.37,14.08,26984546,411.51,13.434,13.662,13.52,11.62,8.54,22.59,13.98,17.07,17.98,17.98,17.07,17.98,-9.96,-14.52,-14.52,10.66,15.18,True,False,False,False,False,False,False,False,False,2026-09-21
2145,2145.HK,CHICMAX,上美股份,44.8,100,Equity,Equity Securities (Main Board),22.18,21.5,22.58,21.02,1628136,36.11,21.684,22.194,2.29,-0.06,4.52,2.02,0.27,81.1,104.8,104.8,81.1,104.8,-72.16,-78.45,-78.45,72.65,78.84,False,False,False,False,False,False,False,False,False,2026-09-21
2147,2147.HK,ZHENGWEI GROUP,正味集团,2.7,"4,000",Equity,Equity Securities (Main Board),0.575,0.57,0.595,0.54,709000,0.41,0.635,0.61,-9.45,-5.68,1.77,-16.06,-20.14,1.0,58.0,58.0,1.0,58.0,-40.5,-98.97,-98.97,42.5,99.01,False,False,False,False,False,False,False,False,False,2026-09-21
2149,2149.HK,BATELAB,贝克微,6.03,100,Equity,Equity Securities (Main Board),33.5,33.5,33.54,33.5,4500,0.15,33.124,32.946,1.14,1.68,-0.89,1.58,3.78,49.6,80.0,80.0,49.6,80.0,-32.38,-58.07,-58.07,32.46,58.13,False,False,False,False,False,False,False,False,False,2026-09-21
2150,2150.HK,NAYUKI,奈雪的茶,12.21,500,Equity,Equity Securities (Main Board),0.735,0.73,0.735,0.72,2110000,1.55,0.714,0.698,2.94,5.38,0.68,5.76,6.52,1.21,4.36,18.98,1.21,4.36,-39.26,-83.14,-96.13,39.26,83.14,True,False,False,False,False,False,False,False,False,2026-09-21
2153,2153.HK,TAT HONG EQUIP,达丰设备,10.85,"2,000",Equity,Equity Securities (Main Board),0.93,0.92,0.945,0.91,751000,0.7,0.914,0.926,1.75,0.43,0.54,5.08,-4.62,1.02,1.44,1.92,1.02,1.44,-7.35,-34.38,-50.78,8.82,35.42,False,False,True,True,False,False,False,True,False,2026-09-21
2155,2155.HK,MORIMATSU INTL,森松国际,92.23,"1,000",Equity,Equity Securities (Main Board),7.255,7.26,7.475,7.145,1710926,12.41,7.14,7.084,1.61,2.42,0.76,3.5,1.11,12.08,12.08,15.64,12.08,12.08,-38.12,-38.12,-52.21,39.94,39.94,True,False,False,False,False,False,False,False,False,2026-09-21
2156,2156.HK,C&D PROPERTY,建发物业,35.98,"1,000",Equity,Equity Securities (Main Board),2.555,2.55,2.58,2.545,156000,0.4,2.562,2.621,-0.27,-2.52,0.99,-1.35,-4.49,3.15,4.19,5.44,3.15,4.19,-18.1,-38.42,-52.57,18.89,39.02,False,False,False,False,False,False,False,False,False,2026-09-21
2157,2157.HK,LEPU BIO,乐普生物,76.42,"1,000",Equity,Equity Securities (Main Board),4.235,4.12,4.43,4.1,20564000,87.09,4.024,4.014,5.24,5.49,4.31,8.17,6.27,6.65,10.5,31.8,6.65,10.5,-33.38,-57.81,-86.07,36.32,59.67,True,False,False,False,False,False,False,False,False,2026-09-21
2158,2158.HK,YIDU TECH,医渡科技,35.5,100,Equity,Equity Securities (Main Board),3.48,3.45,3.52,3.42,2005400,6.98,3.44,3.516,1.16,-1.02,2.96,1.46,-1.42,7.05,9.13,69.8,7.05,9.13,-50.07,-61.45,-94.96,50.64,61.88,False,False,False,False,False,False,False,False,False,2026-09-21
2159,2159.HK,MEDIWELCOME,麦迪卫康,5.72,"8,000",Equity,Equity Securities (Main Board),1.7,1.7,1.7,1.7,44800,0.08,1.702,1.709,-0.12,-0.5,0.0,0.0,0.0,2.27,2.27,4.81,2.27,2.27,-25.11,-25.11,-64.66,25.11,25.11,False,False,False,False,False,False,False,False,False,2026-09-21
2161,2161.HK,JBM HEALTHCARE,健倍苗苗,13.52,"2,000",Equity,Equity Securities (Main Board),1.645,1.64,1.645,1.635,122000,0.2,1.648,1.679,-0.18,-2.03,0.3,-1.2,-0.3,2.83,3.43,3.43,2.83,3.43,-41.87,-52.04,-52.04,41.87,52.04,False,False,False,False,False,False,False,False,False,2026-09-21
2162,2162.HK,KEYMED BIO-B,康诺亚－Ｂ,236.6,500,Equity,Equity Securities (Main Board),79.15,73.9,79.95,72.75,2719199,215.22,74.4,74.945,6.38,5.61,9.85,8.05,5.6,89.75,89.75,89.75,89.75,89.75,-10.92,-10.92,-10.92,11.81,11.81,False,False,False,True,False,False,False,False,False,2026-09-21
2166,2166.HK,SMART-CORE,芯智控股,23.81,"2,000",Equity,Equity Securities (Main Board),4.06,4.12,4.225,4.03,416000,1.69,3.996,4.053,1.6,0.19,1.0,1.5,3.57,6.95,6.95,6.95,6.95,6.95,-39.21,-39.21,-39.21,41.58,41.58,False,False,False,True,False,False,False,False,False,2026-09-21
2169,2169.HK,CANGGANGRAILWAY,沧港铁路,21.6,"2,000",Equity,Equity Securities (Main Board),0.54,0.515,0.54,0.51,88000,0.05,0.539,0.539,0.19,0.28,0.0,0.0,1.89,0.82,3.28,3.28,0.82,3.28,-34.15,-83.51,-83.51,34.15,83.51,False,False,False,True,False,False,False,False,False,2026-09-21
2170,2170.HK,BASECARE-B,贝康医疗－Ｂ,1.08,500,Equity,Equity Securities (Main Board),1.31,1.35,1.35,1.3,44500,0.06,1.351,1.353,-3.03,-3.21,-5.07,-2.96,0.77,2.27,4.45,34.85,2.27,4.45,-40.53,-69.66,-96.13,42.29,70.56,False,False,False,False,False,False,False,False,False,2026-09-21
2171,2171.HK,CARSGEN-B,科济药业－Ｂ,79.21,500,Equity,Equity Securities (Main Board),13.36,12.7,13.6,12.62,3819500,51.03,12.684,12.801,5.33,4.37,4.78,6.62,4.87,28.6,28.6,57.25,28.6,28.6,-52.45,-52.45,-76.24,53.29,53.29,False,False,True,True,False,False,False,False,False,2026-09-21
2175,2175.HK,CH GENERAL EDU,中国通才教育,11.48,"1,000",Equity,Equity Securities (Main Board),2.27,2.285,2.295,2.12,175000,0.4,2.301,2.318,-1.35,-2.05,-1.09,-1.73,0.67,3.9,5.18,5.18,3.9,5.18,-41.15,-55.69,-55.69,41.79,56.18,False,False,False,False,False,False,False,False,False,2026-09-21
2177,2177.HK,UNQ HOLDINGS,优趣汇控股,3.65,200,Equity,Equity Securities (Main Board),2.2,2.18,2.2,2.17,23000,0.05,2.216,2.24,-0.72,-1.81,0.92,-1.35,-1.57,3.0,3.86,12.5,3.0,3.86,-26.67,-43.01,-82.4,26.67,43.01,False,False,False,False,False,False,False,False,False,2026-09-21
2178,2178.HK,PETRO-KING,百勤油服,3.85,"1,000",Equity,Equity Securities (Main Board),0.223,0.23,0.236,0.223,1582000,0.35,0.235,0.246,-4.94,-9.46,-5.91,-5.91,-14.23,0.39,0.39,0.68,0.39,0.39,-39.49,-39.49,-65.29,42.82,42.82,False,False,False,False,False,False,False,False,False,2026-09-21
2180,2180.HK,MANPOWER GRC,万宝盛华,9.86,250,Equity,Equity Securities (Main Board),4.75,4.845,4.845,4.75,4750,0.02,4.823,4.87,-1.51,-2.46,-1.96,-0.63,-2.96,6.7,7.88,14.66,6.7,7.88,-27.69,-38.52,-66.95,29.1,39.72,False,False,False,False,False,False,False,False,False,2026-09-21
2181,2181.HK,MABPHARM-B,迈博药业－Ｂ,16.5,"2,000",Equity,Equity Securities (Main Board),0.4,0.385,0.4,0.385,192000,0.08,0.41,0.429,-2.44,-6.76,2.56,-4.76,-8.05,0.81,0.94,1.8,0.81,0.94,-50.62,-57.45,-77.78,50.62,57.45,False,False,False,False,False,False,False,False,False,2026-09-21
2182,2182.HK,TIAN CHANG GP,天长集团,2.79,"4,000",Equity,Equity Securities (Main Board),0.455,0.44,0.48,0.44,48000,0.02,0.409,0.388,11.25,17.27,16.67,13.75,13.75,0.4,0.48,1.01,0.48,0.48,20.0,0.0,-52.48,5.21,5.21,False,False,False,False,True,False,False,True,True,2026-09-21
2185,2185.HK,BIOHEART-B,百心安－Ｂ,3.51,100,Equity,Equity Securities (Main Board),1.5,1.54,1.755,1.43,140300,0.21,1.563,1.652,-4.03,-9.17,1.69,-8.26,-9.64,6.46,10.77,75.55,6.46,10.77,-72.83,-83.7,-97.68,76.78,86.07,False,False,False,False,False,False,False,False,False,2026-09-21
2186,2186.HK,LUYE PHARMA,绿叶制药,74.5,500,Equity,Equity Securities (Main Board),1.865,1.775,1.925,1.755,80233923,149.64,1.775,1.808,5.07,3.15,6.57,5.67,4.19,3.06,4.49,9.86,3.06,4.49,-37.09,-57.13,-80.48,39.05,58.46,False,False,False,True,False,False,False,False,False,2026-09-21
2187,2187.HK,ZHIXIN GP HLDG,智欣集团控股,4.04,"2,000",Equity,Equity Securities (Main Board),0.45,0.44,0.47,0.44,84000,0.04,0.444,0.435,1.35,3.33,2.27,-2.17,0.0,0.99,4.31,10.2,0.99,4.31,-52.53,-89.1,-95.39,54.55,89.56,False,False,False,False,False,False,False,False,False,2026-09-21
2188,2188.HK,TITANS ENERGY,泰坦能源技术,1.09,"2,000",Equity,Equity Securities (Main Board),0.073,0.072,0.073,0.072,160000,0.01,0.073,0.071,0.0,2.24,0.0,0.0,0.0,0.19,0.33,1.48,0.19,0.33,-62.56,-77.88,-95.07,62.56,77.88,False,False,False,False,False,False,False,False,False,2026-09-21
2189,2189.HK,KATO (HK) HLDGS,嘉涛（香港）控股,4.6,"4,000",Equity,Equity Securities (Main Board),0.46,0.46,0.46,0.46,8000,0.0,0.464,0.476,-0.86,-3.26,0.0,-1.08,-1.08,0.51,0.62,0.7,0.51,0.62,-10.68,-25.81,-34.29,10.68,25.81,False,False,False,False,False,False,False,False,False,2026-09-21
2190,2190.HK,ZYLOXTB,归创通桥,66.27,500,Equity,Equity Securities (Main Board),20.54,20.28,21.02,20.28,563812,11.58,20.588,20.662,-0.23,-0.59,-0.48,-0.68,-0.87,27.62,28.0,60.8,27.62,28.0,-23.9,-24.93,-65.43,25.63,26.64,False,False,False,False,False,False,False,False,False,2026-09-21
2192,2192.HK,MEDLIVE,医脉通,51.78,500,Equity,Equity Securities (Main Board),7.0,6.82,7.11,6.82,1347500,9.43,6.947,6.954,0.76,0.66,-2.1,1.89,0.94,15.01,17.18,47.0,15.01,17.18,-52.63,-58.61,-84.87,53.36,59.25,False,False,True,True,False,False,False,False,False,2026-09-21
2193,2193.HK,MAN KING HOLD,万景控股,1.78,"4,000",Equity,Equity Securities (Main Board),0.425,0.425,0.425,0.425,8000,0.0,0.407,0.404,4.42,5.33,6.25,3.66,6.25,0.44,0.44,1.53,0.44,0.44,-3.41,-3.41,-72.22,3.41,3.41,False,False,False,False,False,False,False,True,True,2026-09-21
2195,2195.HK,UNITY ENT,盈汇企业控股,0.51,"10,000",Equity,Equity Securities (Main Board),0.3,0.242,0.305,0.242,126000,0.04,0.268,0.264,11.94,13.64,15.38,15.38,15.38,0.47,6.4,12.7,0.47,6.4,-35.79,-95.23,-97.6,36.84,95.31,False,False,False,True,False,False,False,False,False,2026-09-21
2196,2196.HK,FOSUN PHARMA,复星医药,96.84,500,Equity,Equity Securities (Main Board),18.22,17.32,18.35,17.32,6730693,122.63,17.352,17.127,5.0,6.38,5.2,6.3,6.43,22.18,29.0,82.0,22.18,29.0,-17.27,-36.72,-77.62,17.85,37.17,True,False,False,False,False,False,False,False,False,2026-09-21
2197,2197.HK,CLOVER BIO-B,三叶草生物－Ｂ,27.92,500,Equity,Equity Securities (Main Board),2.15,2.115,2.185,2.09,2654500,5.71,2.028,2.027,6.02,6.07,1.65,9.69,8.31,3.2,3.2,14.8,3.2,3.2,-31.72,-31.72,-85.24,32.81,32.81,True,False,False,False,False,False,False,False,False,2026-09-21
2198,2198.HK,CHINA SANJIANG,中国三江化工,45.28,"1,000",Equity,Equity Securities (Main Board),3.805,3.94,3.94,3.8,1278000,4.86,3.927,4.043,-3.11,-5.89,-4.4,-6.51,-7.31,5.9,5.9,5.9,5.9,5.9,-33.22,-33.22,-33.22,35.51,35.51,False,False,False,False,False,False,False,False,False,2026-09-21
2199,2199.HK,REGINA MIRACLE,维珍妮,29.5,"1,000",Equity,Equity Securities (Main Board),2.405,2.455,2.46,2.355,255833,0.62,2.44,2.498,-1.43,-3.72,-1.43,0.0,-5.69,2.75,3.0,10.82,2.75,3.0,-10.55,-18.0,-77.26,12.55,19.83,False,False,False,False,False,False,False,False,False,2026-09-21
2202,2202.HK,CHINA VANKE,万科企业,54.72,100,Equity,Equity Securities (Main Board),2.48,2.325,2.55,2.285,103354306,256.32,2.284,2.308,8.58,7.48,5.53,12.22,11.71,4.14,14.08,42.85,4.14,14.08,-38.41,-81.89,-94.05,40.1,82.39,False,False,False,True,False,False,False,False,False,2026-09-21
2203,2203.HK,BRAINHOLE TECH,脑洞科技,1.1,"10,000",Equity,Equity Securities (Main Board),0.138,0.108,0.138,0.108,1580000,0.22,0.118,0.119,16.95,15.67,21.05,26.61,20.0,0.27,0.93,1.29,0.27,0.93,-48.89,-85.16,-89.3,48.89,85.16,False,False,True,True,False,False,False,False,False,2026-09-21
2208,2208.HK,GOLDWIND,金风科技,69.0,200,Equity,Equity Securities (Main Board),8.96,8.97,9.025,8.9,6929700,62.09,8.958,9.075,0.02,-1.27,-0.44,1.82,-2.87,18.49,18.49,19.82,18.49,18.49,-51.19,-51.19,-54.47,51.54,51.54,False,False,False,False,False,False,False,False,False,2026-09-21
2209,2209.HK,YESASIA HLDGS,喆丽控股,14.39,"1,000",Equity,Equity Securities (Main Board),3.435,3.49,3.57,3.375,133000,0.46,3.557,3.541,-3.43,-3.01,-1.58,-5.11,-5.76,4.19,7.45,7.45,4.19,7.45,-14.8,-52.08,-52.08,18.02,53.89,False,False,False,False,False,False,False,False,False,2026-09-21
2211,2211.HK,UNI HEALTH,大健康国际,0.68,"5,000",Equity,Equity Securities (Main Board),0.615,0.58,0.7,0.58,1240000,0.76,0.66,0.676,-6.82,-9.02,-0.81,-13.38,-16.89,5.36,5.36,40.5,5.36,5.36,-86.94,-86.94,-98.27,88.53,88.53,False,False,False,False,False,False,False,False,False,2026-09-21
2215,2215.HK,DEXIN SER GROUP,德信服务集团,2.02,"1,000",Equity,Equity Securities (Main Board),0.22,0.205,0.22,0.205,83000,0.02,0.198,0.2,10.89,10.06,11.11,13.99,12.82,0.67,2.6,3.82,0.67,2.6,-66.92,-91.54,-94.24,66.92,91.54,False,False,False,False,False,False,False,False,False,2026-09-21
2216,2216.HK,BRONCUS-B,堃博医疗－Ｂ,3.58,500,Equity,Equity Securities (Main Board),0.68,0.7,0.71,0.655,329500,0.22,0.667,0.638,1.95,6.58,-2.86,4.62,14.29,2.7,3.72,18.0,2.7,3.72,-73.7,-80.91,-96.06,74.81,81.72,False,False,False,False,False,False,False,False,False,2026-09-21
2218,2218.HK,ANDRE JUICE,安德利果汁,11.56,500,Equity,Equity Securities (Main Board),20.16,27.1,27.1,19.91,4670000,94.15,23.204,24.298,-13.12,-17.03,-17.17,-16.9,-24.44,41.14,41.14,41.14,41.14,41.14,-34.13,-34.13,-34.13,51.0,51.0,False,False,False,False,False,False,False,False,False,2026-09-21
2219,2219.HK,CHAOJU EYE CARE,朝聚眼科,17.54,500,Equity,Equity Securities (Main Board),2.5,2.43,2.525,2.43,261500,0.65,2.465,2.49,1.42,0.42,1.01,2.04,1.21,3.14,4.73,17.8,3.14,4.73,-19.59,-46.62,-85.81,20.38,47.15,False,False,True,True,False,False,False,False,False,2026-09-21
2221,2221.HK,NEW CONCEPTS,创业集团控股,1.52,"4,000",Equity,Equity Securities (Main Board),0.65,0.645,0.66,0.59,74400,0.05,0.655,0.613,-0.76,6.04,0.0,-1.52,-1.52,1.11,7.7,53.9,1.11,7.7,-40.54,-91.43,-98.78,41.44,91.56,False,False,False,False,False,False,False,False,False,2026-09-21
2222,2222.HK,NVC INTL,雷士国际,2.94,"10,000",Equity,Equity Securities (Main Board),0.58,0.58,0.58,0.58,38300,0.02,0.6,0.61,-3.33,-4.92,-4.13,-4.13,-6.45,0.89,1.1,12.7,0.89,1.1,-34.83,-47.27,-95.43,34.83,47.27,False,False,False,False,False,False,False,False,False,2026-09-21
2225,2225.HK,JINHAI MED TECH,今海医疗科技,330.39,"5,000",Equity,Equity Securities (Main Board),6.215,5.7,6.265,5.7,5380000,33.44,6.087,6.132,2.1,1.35,9.13,0.4,5.88,6.99,6.99,6.99,6.99,6.99,-10.37,-10.37,-10.37,11.09,11.09,False,False,False,True,False,False,False,False,False,2026-09-21
2226,2226.HK,HONWORLD GP,老恒和酿造,3.91,500,Equity,Equity Securities (Main Board),0.675,0.65,0.675,0.64,20500,0.01,0.678,0.67,-0.44,0.75,-1.46,0.75,-0.74,0.84,1.1,5.75,0.84,1.1,-19.64,-38.64,-88.26,19.64,38.64,False,False,False,False,False,False,False,False,False,2026-09-21
2227,2227.HK,SOLIS HOLDINGS,守益控股,3.3,"4,000",Equity,Equity Securities (Main Board),0.36,0.37,0.375,0.36,106000,0.04,0.365,0.369,-1.37,-2.44,0.0,-2.7,-1.37,0.45,0.45,1.1,0.45,0.45,-16.67,-16.67,-65.91,20.0,20.0,False,False,False,False,False,False,False,False,False,2026-09-21
2228,2228.HK,XTALPI,晶泰控股,365.3,"1,000",Equity,Equity Securities (Main Board),8.5,8.275,8.725,8.15,191168932,1624.94,7.443,7.259,14.2,17.1,5.99,23.64,24.36,14.28,16.2,16.2,14.28,16.2,-38.9,-46.14,-46.14,40.48,47.53,True,False,False,False,False,False,False,False,False,2026-09-21
2230,2230.HK,MEDIALINK GROUP,羚邦集团,4.02,"5,000",Equity,Equity Securities (Main Board),0.202,0.197,0.202,0.195,270000,0.05,0.2,0.2,0.8,1.2,1.0,1.0,1.51,0.26,0.37,0.41,0.26,0.37,-23.77,-45.41,-50.12,23.77,45.41,False,False,False,True,False,False,False,False,False,2026-09-21
2231,2231.HK,JY GRANDMARK,景业名邦集团,0.3,"1,000",Equity,Equity Securities (Main Board),0.018,0.019,0.019,0.017,12141000,0.22,0.018,0.018,1.12,0.56,-10.0,5.88,0.0,0.11,1.3,3.54,0.11,1.3,-82.73,-98.54,-99.46,83.64,98.62,False,False,True,True,False,False,False,False,False,2026-09-21
2232,2232.HK,CRYSTAL INTL,晶苑国际,189.0,500,Equity,Equity Securities (Main Board),6.635,6.49,6.68,6.46,2295500,15.23,6.563,6.665,1.1,-0.44,0.68,1.07,0.0,7.85,7.85,9.79,7.85,7.85,-14.9,-14.9,-31.77,15.48,15.48,False,False,True,False,False,False,False,False,False,2026-09-21
2233,2233.HK,WESTCHINACEMENT,西部水泥,100.24,"2,000",Equity,Equity Securities (Main Board),1.825,1.815,1.835,1.78,13518000,24.67,1.803,1.858,1.22,-1.78,2.24,0.83,-1.88,3.83,3.83,3.83,3.83,3.83,-52.09,-52.09,-52.09,52.35,52.35,False,False,False,False,False,False,False,False,False,2026-09-21
2235,2235.HK,MICROTECH MED-B,微泰医疗－Ｂ,11.17,100,Equity,Equity Securities (Main Board),6.855,6.995,7.0,6.835,34400,0.24,6.808,6.737,0.69,1.74,-2.0,2.24,0.59,8.28,9.17,31.7,8.28,9.17,-15.46,-23.66,-77.92,17.21,25.25,False,False,False,False,False,False,False,False,False,2026-09-21
2236,2236.HK,WISON ENGRG,惠生工程,19.99,"1,000",Equity,Equity Securities (Main Board),0.49,0.5,0.51,0.49,941000,0.46,0.495,0.492,-1.01,-0.41,-2.0,0.0,-2.97,0.77,0.77,1.85,0.77,0.77,-33.77,-33.77,-72.43,36.36,36.36,False,False,False,False,False,False,False,False,False,2026-09-21
2237,2237.HK,CHINA GRAPHITE,中国石墨,3.09,"10,000",Equity,Equity Securities (Main Board),0.193,0.179,0.197,0.179,200000,0.04,0.186,0.191,3.76,1.31,7.82,4.32,0.52,0.37,36.0,36.0,0.37,36.0,-46.76,-99.45,-99.45,47.84,99.46,False,False,False,True,False,False,False,False,False,2026-09-21
2238,2238.HK,GAC GROUP,广汽集团,70.19,"2,000",Equity,Equity Securities (Main Board),2.505,2.485,2.51,2.395,17657686,44.23,2.41,2.301,3.94,8.89,2.24,10.11,7.74,4.21,4.38,15.75,4.21,4.38,-40.38,-42.69,-84.06,40.5,42.81,True,False,False,False,False,False,False,False,False,2026-09-21
2239,2239.HK,SMIT,国微控股,4.06,"1,000",Equity,Equity Securities (Main Board),1.25,1.3,1.3,1.3,2000,0.0,1.311,1.278,-4.65,-2.15,-3.85,-6.02,1.63,2.4,2.4,9.79,2.4,2.4,-45.83,-45.83,-86.72,47.92,47.92,False,False,False,False,False,False,False,False,False,2026-09-21
2245,2245.HK,LYGEND RESOURCE,力勤资源,93.73,200,Equity,Equity Securities (Main Board),17.0,17.56,17.56,16.88,1079275,18.35,16.958,17.267,0.25,-1.55,-2.47,-0.82,-3.85,30.82,30.82,30.82,30.82,30.82,-43.02,-43.02,-43.02,44.84,44.84,False,False,True,False,False,False,False,False,False,2026-09-21
2246,2246.HK,GOGOX,快狗打车,0.78,"2,000",Equity,Equity Securities (Main Board),1.185,1.145,1.185,1.145,10000,0.01,1.175,1.177,0.85,0.64,3.04,2.16,0.42,2.49,9.8,231.5,2.49,9.8,-52.41,-87.91,-99.49,52.41,87.91,False,False,False,True,False,False,False,False,False,2026-09-21
2249,2249.HK,NEXCHIP,晶合集成,64.17,100,Equity,Equity Securities (Main Board),28.26,29.28,29.5,27.92,1033500,29.21,27.532,27.5,2.64,2.76,-1.67,3.74,8.69,37.0,37.0,37.0,37.0,37.0,-20.27,-20.27,-20.27,23.62,23.62,False,False,False,False,False,False,False,False,False,2026-09-21
2251,2251.HK,AIRDOC-B,鹰瞳科技－Ｂ,9.92,100,Equity,Equity Securities (Main Board),9.85,9.1,9.85,9.1,80100,0.79,9.522,8.954,3.44,10.01,-1.3,9.44,23.28,13.77,18.38,74.95,13.77,18.38,-28.47,-46.41,-86.86,28.47,46.41,False,False,False,False,False,False,False,False,False,2026-09-21
2255,2255.HK,HAICHANG HLDG,海昌海洋公园,23.26,"1,000",Equity,Equity Securities (Main Board),0.177,0.171,0.182,0.164,17078000,3.02,0.184,0.193,-3.91,-8.24,3.51,-11.06,-6.35,0.65,1.22,4.28,0.65,1.22,-72.0,-85.08,-95.75,72.77,85.49,False,False,False,False,False,False,False,False,False,2026-09-21
2256,2256.HK,ABBISKO-B,和誉－Ｂ,64.1,"1,000",Equity,Equity Securities (Main Board),8.94,8.4,8.975,8.4,1893000,16.92,8.448,8.559,5.82,4.45,7.78,8.56,2.7,14.99,19.78,19.78,14.99,19.78,-40.13,-54.63,-54.63,40.36,54.8,True,False,False,True,False,False,False,False,False,2026-09-21
2257,2257.HK,SIRNAOMICS-B,圣诺医药－Ｂ,4.12,50,Equity,Equity Securities (Main Board),3.675,3.55,3.815,3.55,49300,0.18,3.823,3.854,-3.87,-4.64,-3.03,-5.28,-6.73,10.72,52.05,101.0,10.72,52.05,-64.41,-92.67,-96.22,65.72,92.94,False,False,False,False,False,False,False,False,False,2026-09-21
2258,2258.HK,WATTS INT'L,华滋国际海洋,2.81,"2,000",Equity,Equity Securities (Main Board),0.34,0.33,0.38,0.33,130000,0.04,0.331,0.314,2.72,8.11,-2.86,9.68,15.25,0.7,0.7,3.9,0.7,0.7,-45.71,-45.71,-90.26,51.43,51.43,False,False,False,False,False,False,False,False,False,2026-09-21
2259,2259.HK,ZIJIN GOLD INTL,紫金黄金国际,4137.62,100,Equity,Equity Securities (Main Board),154.7,159.1,160.5,152.9,4929797,762.64,157.24,159.45,-1.62,-2.98,-2.77,-4.27,-3.73,268.0,268.0,268.0,268.0,268.0,-40.11,-40.11,-40.11,42.28,42.28,False,False,False,False,False,False,False,False,False,2026-09-21
2260,2260.HK,VANOV HOLDINGS,环龙控股,5.8,"2,000",Equity,Equity Securities (Main Board),1.2,1.2,1.2,1.2,4000,0.0,1.208,1.222,-0.66,-1.76,0.0,0.0,-2.83,2.18,2.92,2.92,2.18,2.92,-44.95,-58.9,-58.9,44.95,58.9,False,False,False,False,False,False,False,False,False,2026-09-21
2261,2261.HK,NASN TECH,拿森科技,100.55,100,Equity,Equity Securities (Main Board),16.93,16.4,16.93,16.4,339800,5.75,16.666,16.464,1.58,2.83,1.74,1.5,2.67,20.3,20.3,20.3,20.3,20.3,-16.6,-16.6,-16.6,16.6,16.6,False,False,False,True,False,False,False,False,False,2026-09-21
2263,2263.HK,FU SHEK FIN,富石金融,3.25,"10,000",Equity,Equity Securities (Main Board),0.325,0.33,0.33,0.325,330000,0.11,0.323,0.321,0.62,1.25,0.0,0.0,3.17,0.44,0.44,0.57,0.44,0.44,-24.14,-24.14,-42.11,25.29,25.29,False,False,False,False,False,False,False,False,False,2026-09-21
2265,2265.HK,HC ENV TECH,鸿承环保科技,11.35,"5,000",Equity,Equity Securities (Main Board),1.135,1.105,1.15,1.105,645000,0.73,1.146,1.145,-0.96,-0.92,1.34,-3.81,-1.3,1.9,1.9,1.9,1.9,1.9,-39.47,-39.47,-39.47,40.26,40.26,False,False,False,False,False,False,False,False,False,2026-09-21
2268,2268.HK,WUXI XDC,药明合联,1020.34,500,Equity,Equity Securities (Main Board),80.5,77.4,81.0,76.8,6866035,552.72,76.8,75.405,4.82,6.76,4.55,7.55,6.2,81.55,85.5,85.5,81.55,85.5,-0.67,-5.26,-5.26,1.29,5.85,True,False,False,False,False,False,False,True,True,2026-09-21
2269,2269.HK,WUXI BIO,药明生物,2181.66,500,Equity,Equity Securities (Main Board),53.0,50.95,53.55,50.8,37276422,1975.65,50.522,49.439,4.9,7.2,5.26,6.13,7.86,54.45,54.45,148.0,54.45,54.45,-1.65,-1.65,-63.82,2.66,2.66,True,True,False,False,False,False,False,True,True,2026-09-21
2271,2271.HK,ZHONGAN SERVICE,众安智慧生活,16.96,"2,000",Equity,Equity Securities (Main Board),3.125,2.97,3.205,2.97,1146000,3.58,3.008,2.966,3.89,5.36,5.22,4.87,4.34,3.99,6.23,6.23,3.99,6.23,-19.67,-48.56,-48.56,21.68,49.84,False,False,False,False,False,False,False,False,False,2026-09-21
2272,2272.HK,KEYTOP PARKING,科拓股份,80.23,60,Equity,Equity Securities (Main Board),81.7,77.85,83.0,77.8,99780,8.15,77.05,81.035,6.04,0.82,5.01,7.29,10.63,127.5,127.5,127.5,127.5,127.5,-34.9,-34.9,-34.9,35.92,35.92,True,False,False,True,False,False,False,False,False,2026-09-21
2273,2273.HK,GUSHENGTANG,固生堂,61.19,100,Equity,Equity Securities (Main Board),27.58,27.3,27.8,27.06,495300,13.66,27.172,27.016,1.5,2.09,1.92,1.85,1.92,32.28,52.4,60.25,32.28,52.4,-13.88,-46.95,-53.86,14.56,47.37,False,False,False,False,False,False,False,False,False,2026-09-21
2276,2276.HK,CONANT OPTICAL,康耐特光学,217.35,100,Equity,Equity Securities (Main Board),43.72,40.58,44.0,40.58,1971740,86.2,41.156,42.01,6.23,4.07,7.74,7.68,6.12,66.5,66.5,66.5,66.5,66.5,-33.83,-33.83,-33.83,34.26,34.26,False,False,False,True,False,False,False,False,False,2026-09-21
2279,2279.HK,YONGHE MEDICAL,雍禾医疗,10.43,500,Equity,Equity Securities (Main Board),1.985,2.015,2.04,1.965,51500,0.1,1.948,1.971,1.9,0.74,-1.0,5.03,0.51,2.74,4.15,19.0,2.74,4.15,-25.55,-50.84,-89.26,27.55,52.17,False,False,False,True,False,False,False,False,False,2026-09-21
2281,2281.HK,XINGLU WATER,兴泸水务,1.28,"1,000",Equity,Equity Securities (Main Board),0.595,0.59,0.595,0.59,35000,0.02,0.591,0.596,0.68,-0.17,2.59,-0.83,-0.83,0.88,0.88,2.41,0.88,0.88,-32.39,-32.39,-75.31,32.39,32.39,False,False,False,False,False,False,False,False,False,2026-09-21
2282,2282.HK,MGM CHINA,美高梅中国,358.96,400,Equity,Equity Securities (Main Board),9.435,9.58,9.66,9.43,4111736,38.79,9.64,9.963,-2.13,-5.3,-0.68,-2.88,-6.31,13.9,17.37,25.5,13.9,17.37,-30.5,-44.39,-62.12,32.12,45.68,False,False,False,False,False,False,False,False,False,2026-09-21
2283,2283.HK,TK GROUP HLDG,东江集团控股,13.08,"2,000",Equity,Equity Securities (Main Board),1.57,1.6,1.6,1.54,224000,0.35,1.531,1.553,2.55,1.09,2.61,4.32,1.62,2.6,2.78,7.45,2.6,2.78,-38.46,-42.45,-78.52,39.62,43.53,True,False,False,True,False,False,False,False,False,2026-09-21
2285,2285.HK,CHERVON,泉峰控股,128.62,100,Equity,Equity Securities (Main Board),25.32,24.96,25.56,24.0,3040500,76.99,25.844,23.928,-2.03,5.82,1.44,-6.29,0.56,27.8,30.0,71.0,27.8,30.0,-8.06,-14.8,-64.0,8.92,15.6,False,False,False,False,False,False,False,True,False,2026-09-21
2288,2288.HK,RYKADAN CAPITAL,宏基资本,0.58,"1,000",Equity,Equity Securities (Main Board),0.155,0.143,0.155,0.143,23000,0.0,0.15,0.151,3.33,2.92,1.31,6.16,3.33,0.17,0.34,1.47,0.17,0.34,-9.36,-55.07,-89.46,9.36,55.07,True,False,False,True,False,False,False,True,False,2026-09-21
2290,2290.HK,LUNG FUNG GROUP,龙丰集团,22.18,500,Equity,Equity Securities (Main Board),4.435,4.125,4.53,4.08,5184000,22.99,4.183,4.034,6.02,9.94,7.52,9.24,15.8,4.61,4.61,4.61,4.61,4.61,-1.74,-1.74,-1.74,3.8,3.8,False,False,False,False,False,False,False,True,True,2026-09-21
2291,2291.HK,SCIENTECH,心泰医疗,38.33,"1,000",Equity,Equity Securities (Main Board),11.12,11.11,11.23,10.76,181000,2.01,10.802,10.865,2.94,2.35,5.2,3.54,1.55,19.49,32.5,43.0,19.49,32.5,-42.38,-65.45,-73.88,42.95,65.78,False,False,False,True,False,False,False,False,False,2026-09-21
2295,2295.HK,MAXICITY,丰城控股,23.6,"5,000",Equity,Equity Securities (Main Board),5.9,6.36,6.36,5.9,140000,0.83,6.202,5.567,-4.87,5.98,-7.23,-6.35,13.46,9.2,9.2,9.2,9.2,9.2,-30.87,-30.87,-30.87,35.87,35.87,False,False,False,False,False,False,False,False,False,2026-09-21
2297,2297.HK,RAINMED-B,润迈德－Ｂ,2.1,"1,000",Equity,Equity Securities (Main Board),0.15,0.172,0.172,0.146,532000,0.08,0.159,0.161,-5.54,-6.6,-9.09,-10.18,-5.06,0.31,0.92,6.1,0.31,0.92,-45.4,-81.3,-97.18,52.38,83.7,False,False,False,False,False,False,False,False,False,2026-09-21
2298,2298.HK,COSMO LADY,都市丽人,6.07,"1,000",Equity,Equity Securities (Main Board),0.27,0.265,0.27,0.26,258000,0.07,0.276,0.28,-2.17,-3.74,1.89,-5.26,-5.26,0.5,0.5,5.25,0.5,0.5,-46.0,-46.0,-94.86,46.0,46.0,False,False,False,False,False,False,False,False,False,2026-09-21
2302,2302.HK,CNNC INT'L,中核国际,17.56,"1,000",Equity,Equity Securities (Main Board),3.59,3.58,3.61,3.58,279000,1.0,3.536,3.628,1.53,-1.06,-0.28,3.76,-0.28,8.8,8.8,8.8,8.8,8.8,-58.98,-58.98,-58.98,59.2,59.2,False,False,False,False,False,False,False,False,False,2026-09-21
2306,2306.HK,YH ENT,乐华娱乐,16.45,"3,000",Equity,Equity Securities (Main Board),1.98,1.9,1.98,1.9,102000,0.2,1.938,1.934,2.17,2.35,3.94,1.02,3.13,2.81,8.25,8.25,2.81,8.25,-29.54,-76.0,-76.0,29.54,76.0,False,False,False,True,False,False,False,False,False,2026-09-21
2307,2307.HK,KAM HING INT'L,锦兴国际控股,1.44,"2,000",Equity,Equity Securities (Main Board),0.165,0.17,0.17,0.147,246000,0.04,0.161,0.161,2.74,2.61,-1.2,5.77,6.45,0.34,0.85,0.85,0.34,0.85,-50.72,-80.0,-80.0,52.17,80.59,False,False,False,True,False,False,False,False,False,2026-09-21
2309,2309.HK,ZO FUTURE GROUP,大象未来集团,19.33,"2,000",Equity,Equity Securities (Main Board),2.095,2.02,2.13,1.955,4808000,10.07,2.043,1.986,2.55,5.49,3.46,1.7,-1.64,4.58,4.58,20.66,4.58,4.58,-53.49,-53.49,-89.69,54.26,54.26,False,False,False,True,False,False,False,False,False,2026-09-21
2310,2310.HK,TIMES UNI GP,时代环球集团,1.97,"2,000",Equity,Equity Securities (Main Board),0.18,0.18,0.18,0.18,4000,0.0,0.181,0.183,-0.66,-1.53,0.0,-1.1,-0.55,0.26,0.26,1.31,0.26,0.26,-30.77,-30.77,-86.26,30.77,30.77,False,False,False,False,False,False,False,False,False,2026-09-21
2313,2313.HK,SHENZHOU INTL,申洲国际,520.88,100,Equity,Equity Securities (Main Board),34.68,35.1,35.1,34.44,4854523,168.35,34.892,35.348,-0.61,-1.89,-1.03,0.58,-2.2,66.3,87.25,207.6,66.3,87.25,-47.06,-59.77,-83.09,47.69,60.25,False,False,False,False,False,False,False,False,False,2026-09-21
2314,2314.HK,LEE & MAN PAPER,理文造纸,152.04,"1,000",Equity,Equity Securities (Main Board),3.54,3.49,3.555,3.475,1658084,5.87,3.524,3.588,0.45,-1.34,1.87,0.43,0.28,4.55,4.55,10.94,4.55,4.55,-21.78,-21.78,-67.5,22.11,22.11,False,False,False,False,False,False,False,False,False,2026-09-21
2315,2315.HK,BIOCYTOGEN-B,百奥赛图－Ｂ,75.61,500,Equity,Equity Securities (Main Board),68.45,61.6,68.75,61.5,3487046,238.69,61.28,60.275,11.7,13.56,11.76,16.81,15.14,75.3,75.3,75.3,75.3,75.3,-8.7,-8.7,-8.7,9.1,9.1,True,False,False,False,False,False,False,True,True,2026-09-21
2318,2318.HK,PING AN,中国平安,4003.07,500,Equity,Equity Securities (Main Board),53.7,53.1,53.85,52.65,18235091,979.22,53.12,53.875,1.09,-0.32,0.94,1.7,0.19,74.7,74.7,103.6,74.7,74.7,-27.91,-27.91,-48.02,28.11,28.11,True,False,True,False,False,False,False,False,False,2026-09-21
2319,2319.HK,MENGNIU DAIRY,蒙牛乳业,695.27,"1,000",Equity,Equity Securities (Main Board),17.96,17.52,18.05,17.52,4729319,84.94,17.954,18.105,0.03,-0.8,1.07,-0.11,-0.88,19.67,27.2,53.85,19.67,27.2,-8.24,-33.64,-66.48,8.69,33.97,False,False,False,False,False,False,False,True,False,2026-09-21
2320,2320.HK,HOP FUNG GROUP,合丰集团,1.89,"2,000",Equity,Equity Securities (Main Board),0.231,0.218,0.235,0.218,1822000,0.42,0.248,0.243,-6.78,-5.02,-1.7,-9.41,-9.41,0.31,0.31,1.52,0.31,0.31,-24.19,-24.19,-84.54,25.48,25.48,False,False,False,False,False,False,False,False,False,2026-09-21
2321,2321.HK,SWANGCHAICHUAN,双财庄,5.15,"5,000",Equity,Equity Securities (Main Board),0.515,0.515,0.515,0.515,155000,0.08,0.506,0.503,1.78,2.39,0.0,3.0,3.0,0.56,0.56,2.44,0.56,0.56,-8.04,-8.04,-78.89,8.04,8.04,False,False,False,False,False,False,False,True,True,2026-09-21
2322,2322.HK,MODERN INNO DT,新质数字,2.39,"8,000",Equity,Equity Securities (Main Board),0.054,0.062,0.062,0.052,4112000,0.22,0.058,0.059,-6.57,-9.09,1.89,-11.48,-11.48,0.16,1.2,1.31,0.16,1.2,-60.76,-94.83,-95.27,65.82,95.5,False,False,False,False,False,False,False,False,False,2026-09-21
2324,2324.HK,CAPITAL VC,首都创投,0.99,"10,000",Equity,Investment Companies,0.11,0.11,0.11,0.11,10000,0.0,0.105,0.106,4.36,3.97,0.0,8.91,4.76,0.17,1.86,11.8,0.17,1.86,-33.33,-94.09,-99.07,33.33,94.09,False,False,False,False,False,False,False,False,False,2026-09-21
2325,2325.HK,YUNKANG GROUP,云康集团,2.89,"3,000",Equity,Equity Securities (Main Board),0.485,0.465,0.5,0.465,321000,0.16,0.472,0.489,2.75,-0.72,4.3,6.59,0.0,1.09,12.3,19.18,1.09,12.3,-54.13,-95.93,-97.39,55.5,96.06,False,False,False,False,False,False,False,False,False,2026-09-21
2326,2326.HK,NPE HOLDINGS,新源万恒控股,2.11,"10,000",Equity,Equity Securities (Main Board),0.01,0.011,0.011,0.01,24830000,0.25,0.01,0.01,0.0,0.0,0.0,0.0,0.0,0.01,0.02,0.65,0.01,0.02,0.0,-42.11,-98.31,9.09,47.37,False,False,False,False,False,False,False,True,False,2026-09-21
2327,2327.HK,MEILLEUREHEALTH,美瑞健康国际,9.33,"6,000",Equity,Equity Securities (Main Board),0.23,0.229,0.23,0.229,774000,0.18,0.227,0.229,1.32,0.31,0.44,1.77,1.77,0.3,0.31,1.64,0.3,0.31,-23.33,-26.98,-85.98,23.33,26.98,True,False,False,True,False,False,False,False,False,2026-09-21
2328,2328.HK,PICC P&C,中国财险,1174.95,"2,000",Equity,Equity Securities (Main Board),17.04,16.74,17.06,16.68,28226001,480.97,16.844,16.906,1.16,0.79,1.79,1.37,0.06,17.89,19.81,19.81,17.89,19.81,-4.64,-13.88,-13.88,4.75,13.98,False,False,False,True,False,False,False,True,False,2026-09-21
2329,2329.HK,GLORY HEALTH,国瑞健康,4.22,"1,000",Equity,Equity Securities (Main Board),0.095,0.096,0.101,0.095,300000,0.03,0.09,0.098,5.09,-2.66,2.15,6.74,-4.04,0.15,0.25,2.84,0.15,0.25,-32.67,-59.6,-96.44,36.67,62.0,True,False,False,False,False,False,False,False,False,2026-09-21
2330,2330.HK,CHINA UPTOWN,中国上城,1.15,"8,000",Equity,Equity Securities (Main Board),0.255,0.242,0.242,0.242,15600,0.0,0.253,0.248,0.79,2.91,-5.56,-1.92,10.87,0.47,0.59,3.5,0.47,0.59,-47.96,-58.98,-93.09,45.16,56.78,False,False,False,True,False,False,False,False,False,2026-09-21
2331,2331.HK,LI NING,李宁,332.41,500,Equity,Equity Securities (Main Board),12.85,12.55,12.89,12.41,25871237,332.45,12.69,13.005,1.26,-1.19,2.23,1.58,-0.62,23.42,35.6,108.2,23.42,35.6,-44.96,-63.79,-88.09,45.13,63.9,False,False,False,False,False,False,False,False,False,2026-09-21
2333,2333.HK,GWMOTOR,长城汽车,170.86,500,Equity,Equity Securities (Main Board),7.445,7.48,7.545,7.405,11553046,86.01,7.471,7.553,-0.35,-1.43,-0.47,1.22,-3.81,15.27,19.86,39.0,15.27,19.86,-50.59,-62.01,-80.65,51.24,62.51,False,False,False,False,False,False,False,False,False,2026-09-21
2335,2335.HK,MICOT PHARMA-B,麦科医药－Ｂ,63.24,200,Equity,Equity Securities (Main Board),22.56,22.02,22.66,21.68,583600,13.17,21.632,22.72,4.29,-0.7,2.45,7.33,8.36,45.04,45.04,45.04,45.04,45.04,-49.69,-49.69,-49.69,49.91,49.91,True,True,False,False,False,False,False,False,False,2026-09-21
2336,2336.HK,SHUOAO INTL,硕奥国际,3.72,"10,000",Equity,Equity Securities (Main Board),0.204,0.185,0.205,0.185,70000,0.01,0.206,0.222,-1.16,-8.23,6.25,4.62,-10.53,0.3,0.37,0.61,0.3,0.37,-31.67,-44.59,-66.39,32.0,44.86,False,False,False,False,False,False,False,False,False,2026-09-21
2337,2337.HK,UNITED STRENGTH,众诚能源,5.24,"1,000",Equity,Equity Securities (Main Board),1.4,1.395,1.4,1.385,142000,0.2,1.385,1.389,1.08,0.79,0.36,0.0,3.32,1.78,6.47,16.16,1.78,6.47,-21.35,-78.36,-91.34,21.35,78.36,False,False,False,True,False,False,False,False,False,2026-09-21
2338,2338.HK,WEICHAI POWER,潍柴动力,607.01,"1,000",Equity,Equity Securities (Main Board),31.2,31.94,31.94,30.82,6427671,200.54,30.796,31.36,1.31,-0.51,-1.58,5.55,1.69,45.44,45.44,45.44,45.44,45.44,-29.71,-29.71,-29.71,31.34,31.34,False,False,False,False,False,False,False,False,False,2026-09-21
2339,2339.HK,BWI INT'L,京西国际,81.93,"2,000",Equity,Equity Securities (Main Board),6.315,6.5,6.785,6.005,3562800,22.5,5.911,5.248,6.83,20.33,-2.85,15.03,21.91,9.3,9.3,9.3,9.3,9.3,-27.04,-27.04,-27.04,32.1,32.1,False,False,False,False,False,False,False,False,False,2026-09-21
2342,2342.HK,COMBA,京信通信,30.95,"2,000",Equity,Equity Securities (Main Board),0.99,0.845,1.01,0.835,62012333,61.39,0.782,0.747,26.6,32.53,20.0,40.43,42.45,2.55,3.55,3.9,2.55,3.55,-60.39,-71.55,-74.1,61.18,72.11,False,False,False,False,False,False,False,False,False,2026-09-21
2343,2343.HK,PACIFIC BASIN,太平洋航运,221.76,"1,000",Equity,Equity Securities (Main Board),4.3,4.17,4.375,4.14,12162047,52.3,4.189,4.243,2.65,1.34,3.49,3.74,2.38,4.45,4.45,4.9,4.45,4.45,-1.69,-1.69,-10.71,3.37,3.37,False,False,False,True,False,False,False,True,True,2026-09-21
2347,2347.HK,YOHO GROUP,友和集团,3.68,"2,000",Equity,Equity Securities (Main Board),0.76,0.745,0.77,0.745,212000,0.16,0.741,0.742,2.56,2.49,3.4,2.7,1.33,0.94,0.94,2.45,0.94,0.94,-18.09,-18.09,-68.57,19.15,19.15,False,False,False,False,False,False,False,False,False,2026-09-21
2348,2348.HK,DAWNRAYS PHARMA,东瑞制药,14.77,"4,000",Equity,Equity Securities (Main Board),0.98,0.975,0.98,0.975,147000,0.14,0.981,0.987,-0.1,-0.71,0.0,-0.51,-0.51,1.22,1.47,2.75,1.22,1.47,-19.67,-33.33,-64.36,19.67,33.33,False,False,False,False,False,False,False,False,False,2026-09-21
2350,2350.HK,MTT GROUP,数科集团,6.3,"5,000",Equity,Equity Securities (Main Board),0.72,0.7,0.75,0.7,285000,0.21,0.709,0.73,1.55,-1.44,1.41,2.13,-2.7,1.25,1.25,1.25,1.25,1.25,-40.0,-40.0,-40.0,42.4,42.4,False,False,False,False,False,False,False,False,False,2026-09-21
2352,2352.HK,DOWELL SERVICE,东原仁知服务,2.68,200,Equity,Equity Securities (Main Board),4.0,3.52,4.0,3.52,800,0.0,3.918,3.869,2.09,3.39,2.83,2.56,2.56,6.49,10.41,12.2,6.49,10.41,-38.37,-61.58,-67.21,38.37,61.58,False,False,False,True,False,False,False,False,False,2026-09-21
2355,2355.HK,BAOYE GROUP,宝业集团,4.84,"2,000",Equity,Equity Securities (Main Board),2.85,2.8,2.85,2.8,88000,0.25,2.836,2.897,0.49,-1.62,1.06,0.0,-0.18,6.0,6.0,7.2,6.0,6.0,-52.5,-52.5,-60.42,52.5,52.5,False,False,False,False,False,False,False,False,False,2026-09-21
2356,2356.HK,DAHSING BANKING,大新银行集团,210.86,400,Equity,Equity Securities (Main Board),15.0,14.68,15.06,14.55,1233166,18.5,14.66,14.578,2.32,2.89,2.11,3.81,1.97,15.45,15.45,19.4,15.45,15.45,-2.52,-2.52,-22.37,2.91,2.91,False,False,False,True,False,False,False,True,True,2026-09-21
2357,2357.HK,AVICHINA,中航科工,181.97,"1,000",Equity,Equity Securities (Main Board),2.93,2.84,2.94,2.83,29136000,85.37,2.846,2.901,2.95,1.0,3.9,2.99,2.09,4.66,5.33,8.13,4.66,5.33,-36.91,-44.84,-63.84,37.12,45.03,False,False,False,True,False,False,False,False,False,2026-09-21
2358,2358.HK,JIU RONG HOLD,久融控股,0.82,"10,000",Equity,Equity Securities (Main Board),0.015,0.014,0.015,0.014,1540000,0.02,0.015,0.015,0.0,2.74,0.0,0.0,7.14,0.04,0.04,0.33,0.04,0.04,-65.91,-65.91,-95.45,65.91,65.91,False,False,False,False,False,False,False,False,False,2026-09-21
2359,2359.HK,WUXI APPTEC,药明康德,1123.76,100,Equity,Equity Securities (Main Board),207.8,200.0,208.8,200.0,4547600,944.99,198.98,196.12,4.43,5.96,3.9,6.51,5.0,212.8,212.8,212.8,212.8,212.8,-1.88,-1.88,-1.88,2.35,2.35,True,False,False,False,False,False,False,True,True,2026-09-21
2360,2360.HK,BEST MART 360,优品３６０,16.75,"2,000",Equity,Equity Securities (Main Board),1.675,1.675,1.675,1.67,124297,0.21,1.672,1.727,0.18,-3.01,0.0,-0.3,-6.94,2.07,2.42,4.61,2.07,2.42,-19.08,-30.79,-63.67,19.08,30.79,False,False,False,False,False,False,False,False,False,2026-09-21
2361,2361.HK,SINOHEALTH TECH,中康科技控股,18.07,500,Equity,Equity Securities (Main Board),4.015,4.18,4.18,4.18,500,0.0,3.981,4.166,0.85,-3.62,1.13,-0.5,-0.5,5.6,6.0,7.11,5.6,6.0,-25.36,-30.33,-41.21,28.3,33.08,False,False,False,False,False,False,False,False,False,2026-09-21
2367,2367.HK,GIANT BIOGENE,巨子生物,261.82,200,Equity,Equity Securities (Main Board),24.66,24.26,24.88,24.2,1920436,47.36,24.42,25.166,0.98,-2.01,1.65,2.07,-2.76,38.0,87.1,87.1,38.0,87.1,-34.53,-71.44,-71.44,35.11,71.69,False,False,False,False,False,False,False,False,False,2026-09-21
2369,2369.HK,COOLPAD GROUP,酷派集团,1.99,"4,000",Equity,Equity Securities (Main Board),0.5,0.48,0.515,0.48,341900,0.17,0.505,0.5,-0.99,0.0,-2.91,-1.96,0.0,1.11,3.48,59.91,1.11,3.48,-53.6,-85.2,-99.14,54.95,85.63,False,False,False,False,False,False,False,False,False,2026-09-21
2370,2370.HK,REDCO HEALTHY,力高健康生活,2.42,500,Equity,Equity Securities (Main Board),1.21,1.205,1.21,1.205,30000,0.04,1.209,1.227,0.08,-1.35,7.56,-3.59,-3.2,1.76,1.76,19.48,1.76,1.76,-31.25,-31.25,-93.79,31.25,31.25,False,False,False,False,False,False,False,False,False,2026-09-21
2372,2372.HK,WEILI HOLDINGS,伟立控股,7.48,"4,000",Equity,Equity Securities (Main Board),0.935,0.935,0.935,0.93,24000,0.02,0.956,0.988,-2.2,-5.41,1.63,-4.1,-4.1,1.45,1.45,1.45,1.45,1.45,-35.52,-35.52,-35.52,35.52,35.52,False,False,False,False,False,False,False,False,False,2026-09-21
2373,2373.HK,BEAUTYFARM MED,美丽田园医疗健康,47.59,500,Equity,Equity Securities (Main Board),19.2,19.0,19.79,18.93,724000,13.9,18.57,18.33,3.39,4.75,-2.39,6.14,4.4,29.2,41.6,41.6,29.2,41.6,-32.23,-52.43,-52.43,34.25,53.85,False,False,False,False,False,False,False,False,False,2026-09-21
2376,2376.HK,LUSHANGSERVICES,鲁商服务,0.77,500,Equity,Equity Securities (Main Board),2.3,2.3,2.3,2.3,1000,0.0,2.3,2.302,0.0,-0.09,0.0,0.0,0.0,3.3,3.99,5.33,3.3,3.99,-30.3,-42.36,-56.85,30.3,42.36,False,False,False,False,False,False,False,False,False,2026-09-21
2377,2377.HK,BOQI ENV,博奇环保,6.67,"1,000",Equity,Equity Securities (Main Board),0.78,0.775,0.78,0.775,66000,0.05,0.784,0.787,-0.51,-0.83,0.65,-1.27,-1.27,1.09,1.28,2.8,1.09,1.28,-28.44,-39.06,-72.14,28.44,39.06,False,False,False,False,False,False,False,False,False,2026-09-21
2378,2378.HK,PRU,保诚,2545.09,50,Equity,Equity Securities (Main Board),102.3,102.1,102.4,101.5,118351,12.11,102.76,103.86,-0.45,-1.5,0.1,-1.73,-1.06,131.2,131.2,209.45,131.2,131.2,-21.95,-21.95,-51.11,22.03,22.03,False,False,False,False,False,False,False,False,False,2026-09-21
2380,2380.HK,CHINA POWER,中国电力,325.95,"1,000",Equity,Equity Securities (Main Board),2.63,2.62,2.64,2.61,12026580,31.63,2.647,2.716,-0.64,-3.15,0.38,-2.23,-3.31,3.85,4.27,5.67,3.85,4.27,-31.43,-38.17,-53.44,31.69,38.41,False,False,False,False,False,False,False,False,False,2026-09-21
2381,2381.HK,SMC ELECTRIC,蚬壳电业,7.8,"10,000",Equity,Equity Securities (Main Board),0.39,0.375,0.415,0.375,5560000,2.17,0.384,0.376,1.56,3.72,4.0,2.63,-13.33,0.46,0.46,0.46,0.46,0.46,-8.79,-8.79,-8.79,14.29,14.29,False,False,False,True,False,False,False,False,False,2026-09-21
2382,2382.HK,SUNNY OPTICAL,舜宇光学科技,726.68,100,Equity,Equity Securities (Main Board),67.35,66.35,67.75,66.2,2799447,188.54,67.51,67.93,-0.24,-0.85,0.45,-1.68,0.6,87.6,96.15,259.4,87.6,96.15,-22.66,-29.54,-73.88,23.12,29.95,False,False,False,False,False,False,False,False,False,2026-09-21
2385,2385.HK,READBOY,读书郎,18.32,400,Equity,Equity Securities (Main Board),5.205,5.18,5.295,5.1,260000,1.35,5.259,5.241,-1.03,-0.69,0.48,-3.52,-0.48,6.95,15.0,15.0,6.95,15.0,-23.81,-64.7,-64.7,25.11,65.3,False,False,False,False,False,False,False,False,False,2026-09-21
2386,2386.HK,SINOPEC SEG,中石化炼化工程,88.43,500,Equity,Equity Securities (Main Board),5.38,5.345,5.435,5.24,8669704,46.64,5.385,5.539,-0.09,-2.87,2.38,-0.55,-0.46,8.25,8.25,9.18,8.25,8.25,-34.12,-34.12,-40.8,34.79,34.79,False,False,False,False,False,False,False,False,False,2026-09-21
2388,2388.HK,BOC HONG KONG,中银香港,5518.99,500,Equity,Equity Securities (Main Board),52.25,51.9,52.25,51.55,7748924,404.88,51.76,52.005,0.95,0.47,0.38,1.75,-2.61,53.85,53.85,53.85,53.85,53.85,-2.97,-2.97,-2.97,2.97,2.97,True,False,True,True,False,False,False,True,True,2026-09-21
2389,2389.HK,BJ HEALTH,北京健康,4.85,"6,000",Equity,Equity Securities (Main Board),0.08,0.078,0.08,0.078,102000,0.01,0.081,0.08,-0.99,-0.5,-3.61,0.0,0.0,0.09,0.11,0.6,0.09,0.11,-10.11,-27.27,-86.67,10.11,27.27,False,False,False,False,False,False,False,False,False,2026-09-21
2390,2390.HK,ZHIHU-W,知乎－Ｗ,19.95,100,Equity,Equity Securities (Main Board),8.3,8.4,8.405,8.235,93900,0.78,7.988,7.623,3.91,8.88,-0.48,6.41,13.39,11.6,16.96,36.6,11.6,16.96,-27.54,-50.44,-77.04,28.45,51.06,False,False,False,False,False,False,False,False,False,2026-09-21
2391,2391.HK,TUYA-W,涂鸦智能－Ｗ,70.71,200,Equity,Equity Securities (Main Board),13.02,13.67,13.67,13.0,5400,0.07,13.448,13.631,-3.18,-4.48,-4.82,-2.11,-2.11,19.96,69.5,69.5,19.96,69.5,-31.51,-80.33,-80.33,34.77,81.27,False,False,False,False,False,False,False,False,False,2026-09-21
2392,2392.HK,XUANWU CLOUD,玄武云,5.58,500,Equity,Equity Securities (Main Board),1.005,0.99,1.025,0.98,182500,0.18,0.998,1.011,0.7,-0.59,-0.99,3.08,0.5,1.6,2.6,8.17,1.6,2.6,-35.94,-60.58,-87.45,37.19,61.35,False,False,False,False,False,False,False,False,False,2026-09-21
2393,2393.HK,YESTAR HEALTH,巨星医疗控股,1.61,"2,500",Equity,Equity Securities (Main Board),0.069,0.07,0.07,0.07,40000,0.0,0.063,0.061,9.18,12.38,4.55,11.29,11.29,0.13,0.22,4.6,0.13,0.22,-46.97,-68.89,-98.48,47.73,69.33,False,False,False,False,False,False,False,False,False,2026-09-21
2396,2396.HK,B&K CORP-B,青城新药－Ｂ,3.34,200,Equity,Equity Securities (Main Board),4.02,4.12,4.12,3.8,248200,1.0,3.844,4.094,4.58,-1.81,0.5,8.65,-8.01,17.47,37.2,37.2,17.47,37.2,-76.42,-88.92,-88.92,76.99,89.19,False,False,True,False,False,False,False,False,False,2026-09-21
2399,2399.HK,CN ANCHU ENERGY,中国安储能源,11.25,"1,000",Equity,Equity Securities (Main Board),0.315,0.305,0.32,0.3,13926000,4.39,0.313,0.317,0.64,-0.63,3.28,0.0,0.0,0.78,1.07,6.58,0.78,1.07,-58.97,-70.09,-95.14,59.62,70.56,False,False,False,False,False,False,False,False,False,2026-09-21
2400,2400.HK,XD INC,心动公司,190.26,200,Equity,Equity Securities (Main Board),39.32,38.38,39.84,38.28,2257400,88.76,38.228,39.33,2.86,-0.03,1.92,3.42,3.47,92.45,92.45,114.5,92.45,92.45,-56.91,-56.91,-65.21,57.47,57.47,False,False,False,False,False,False,False,False,False,2026-09-21
2402,2402.HK,SINOHYTEC,亿华通,4.63,50,Equity,Equity Securities (Main Board),10.31,10.3,10.55,10.25,304785,3.14,10.39,11.083,-0.77,-6.97,0.68,-1.81,-8.76,31.98,50.0,50.0,31.98,50.0,-67.01,-78.9,-78.9,67.76,79.38,False,False,False,False,False,False,False,False,False,2026-09-21
2407,2407.HK,GAUSH MEDITECH,高视医疗,6.64,100,Equity,Equity Securities (Main Board),4.535,4.4,4.535,4.39,30500,0.14,4.597,4.593,-1.35,-1.25,-1.41,-5.52,-2.47,8.24,42.05,56.1,8.24,42.05,-44.96,-89.22,-91.92,44.96,89.22,False,False,False,False,False,False,False,False,False,2026-09-21
2408,2408.HK,XIAO NOODLES,遇见小面,29.49,500,Equity,Equity Securities (Main Board),4.12,4.035,4.15,4.03,166500,0.69,3.987,4.014,3.34,2.64,3.52,4.83,4.3,6.07,6.07,6.07,6.07,6.07,-31.63,-31.63,-31.63,32.13,32.13,True,False,False,False,False,False,False,False,False,2026-09-21
2409,2409.HK,SEACON,洲际船务,22.75,"1,000",Equity,Equity Securities (Main Board),4.55,4.565,4.575,4.55,127000,0.58,4.567,4.451,-0.37,2.24,-0.33,-1.19,4.48,4.9,5.0,5.0,4.9,5.0,-6.63,-8.5,-8.5,7.14,9.0,False,False,False,False,False,False,False,True,True,2026-09-21
2410,2410.HK,TYK MEDICINES-B,同源康医药－Ｂ,14.16,500,Equity,Equity Securities (Main Board),3.73,3.255,3.78,3.01,2249500,8.39,3.507,3.342,6.36,11.61,14.59,6.12,21.5,14.89,56.55,56.55,14.89,56.55,-74.61,-93.32,-93.32,74.95,93.4,False,False,False,True,False,False,False,False,False,2026-09-21
2411,2411.HK,PAGODA GP,百果园集团,29.32,500,Equity,Equity Securities (Main Board),1.49,1.49,1.49,1.46,4091000,6.1,1.461,1.438,1.98,3.65,0.34,2.76,5.3,1.97,6.68,7.12,1.97,6.68,-24.37,-77.69,-79.07,24.37,77.69,True,True,False,False,False,False,False,False,False,2026-09-21
2415,2415.HK,MEDSCI,梅斯健康,4.86,250,Equity,Equity Securities (Main Board),0.8,0.8,0.83,0.8,1250,0.0,0.792,0.784,1.01,2.04,0.0,0.0,5.26,1.4,7.55,13.46,1.4,7.55,-40.71,-89.01,-93.83,42.86,89.4,False,False,False,False,False,False,False,False,False,2026-09-21
2416,2416.HK,EDIANYUN,易点云,14.6,500,Equity,Equity Securities (Main Board),3.0,3.015,3.09,2.99,145000,0.43,3.035,3.095,-1.15,-3.07,-0.33,-0.33,-4.46,5.8,10.72,15.78,5.8,10.72,-46.72,-71.18,-80.42,48.28,72.01,False,False,False,False,False,False,False,False,False,2026-09-21
2418,2418.HK,DEEWIN,德银天下,14.92,"1,500",Equity,Equity Securities (Main Board),2.85,2.85,2.85,2.85,3000,0.01,2.829,2.907,0.74,-1.96,0.0,2.52,0.53,9.61,11.4,11.4,9.61,11.4,-70.34,-75.0,-75.0,70.34,75.0,False,False,False,False,False,False,False,False,False,2026-09-21
2419,2419.HK,DEKON AGR,德康农牧,90.52,100,Equity,Equity Securities (Main Board),58.8,58.0,59.8,56.9,560900,32.98,57.65,58.685,1.99,0.2,0.6,4.53,0.34,87.0,110.0,110.0,87.0,110.0,-31.26,-45.64,-45.64,32.41,46.55,True,False,True,True,False,False,False,False,False,2026-09-21
2420,2420.HK,ZIBUYU,子不语,27.9,500,Equity,Equity Securities (Main Board),5.8,6.1,6.19,5.41,246500,1.43,5.85,5.589,-0.85,3.78,-2.52,-1.69,2.65,6.15,7.0,9.4,6.19,7.0,0.65,-11.57,-34.15,6.3,17.14,False,False,False,False,True,False,False,True,False,2026-09-21
2421,2421.HK,KRP DEVELOPMENT,嘉创地产,2.8,"2,000",Equity,Equity Securities (Main Board),0.555,0.565,0.565,0.55,170000,0.09,0.555,0.56,0.0,-0.8,0.0,-0.89,-0.89,0.66,1.01,2.0,0.66,1.01,-14.39,-44.06,-71.75,15.91,45.05,False,False,False,False,False,False,False,False,False,2026-09-21
2422,2422.HK,REGO INTERACT,润歌互动,36.19,"4,000",Equity,Equity Securities (Main Board),2.18,2.1,2.205,2.1,704000,1.53,2.046,2.027,6.55,7.55,3.81,9.82,9.82,3.48,3.48,3.48,3.48,3.48,-36.64,-36.64,-36.64,37.36,37.36,True,False,False,False,False,False,False,False,False,2026-09-21
2423,2423.HK,BEKE-W,贝壳－Ｗ,1378.69,100,Equity,Equity Securities (Main Board),43.24,42.32,44.02,42.18,15686144,678.27,42.696,43.74,1.27,-1.14,0.37,2.61,-2.79,52.6,73.5,73.5,52.6,73.5,-16.31,-40.11,-40.11,17.79,41.17,True,False,True,False,False,False,False,False,False,2026-09-21
2425,2425.HK,AUSTASIA GROUP,澳亚集团,17.26,"1,000",Equity,Equity Securities (Main Board),1.76,1.76,1.76,1.76,200000,0.35,1.76,1.756,0.0,0.2,0.0,0.0,0.0,2.8,2.8,6.38,2.8,2.8,-37.14,-37.14,-72.41,37.14,37.14,False,False,False,False,False,False,False,False,False,2026-09-21
2427,2427.HK,GUANZE MEDICAL,GUANZE MEDICAL,26.98,"5,000",Equity,Equity Securities (Main Board),2.84,2.89,2.98,2.78,225000,0.64,2.908,2.716,-2.34,4.58,-2.07,-2.57,0.35,7.78,7.78,7.78,7.78,7.78,-61.7,-61.7,-61.7,63.5,63.5,False,False,False,False,False,False,False,False,False,2026-09-21
2429,2429.HK,UBOX ONLINE,友宝在线,17.89,500,Equity,Equity Securities (Main Board),1.83,1.985,1.985,1.795,141500,0.26,1.937,1.965,-5.52,-6.87,-7.81,-5.43,-9.85,3.37,29.4,29.4,3.37,29.4,-41.1,-93.25,-93.25,45.7,93.78,False,False,False,False,False,False,False,False,False,2026-09-21
2431,2431.HK,MINIEYE,佑驾创新,7.89,200,Equity,Equity Securities (Main Board),2.285,2.03,2.465,2.03,2325800,5.31,2.111,2.25,8.24,1.53,10.65,8.29,0.66,17.69,39.5,39.5,17.69,39.5,-86.07,-93.76,-93.76,87.08,94.22,False,False,False,True,False,False,False,False,False,2026-09-21
2432,2432.HK,DOBOT,越疆,83.33,200,Equity,Equity Securities (Main Board),21.18,21.78,21.8,20.98,1019632,21.6,20.908,21.354,1.3,-0.81,-2.84,3.32,3.12,50.0,83.8,83.8,50.0,83.8,-56.4,-73.99,-73.99,57.64,74.73,False,False,False,False,False,False,False,False,False,2026-09-21
2433,2433.HK,ZT HN GROUP,中天湖南集团,0.39,"2,000",Equity,Equity Securities (Main Board),0.067,0.067,0.067,0.067,16000,0.0,0.066,0.066,0.9,0.9,-1.47,-1.47,1.52,0.12,0.39,3.2,0.12,0.39,-45.53,-82.82,-97.91,45.53,82.82,False,False,False,False,False,False,False,False,False,2026-09-21
2436,2436.HK,LX TECHNOLOGY,凌雄科技,68.76,300,Equity,Equity Securities (Main Board),19.97,20.7,20.88,19.51,617700,12.34,19.664,19.108,1.56,4.51,-3.71,2.41,6.79,26.3,26.3,26.3,26.3,26.3,-20.61,-20.61,-20.61,24.07,24.07,False,False,False,False,False,False,False,False,False,2026-09-21
2438,2438.HK,MOBVOI,出门问问,4.72,"1,000",Equity,Equity Securities (Main Board),0.305,0.315,0.315,0.305,422000,0.13,0.309,0.308,-1.29,-0.97,-3.17,0.0,1.67,0.74,4.38,4.38,0.74,4.38,-57.43,-92.81,-92.81,58.78,93.04,False,False,False,False,False,False,False,False,False,2026-09-21
2439,2439.HK,CH TREASURES NM,中宝新材,2.64,"2,000",Equity,Equity Securities (Main Board),0.22,0.223,0.223,0.217,758000,0.17,0.219,0.243,0.36,-9.54,-0.9,0.0,-0.9,0.48,2.93,2.93,0.48,2.93,-53.54,-92.39,-92.39,54.17,92.49,False,False,True,False,False,False,False,False,False,2026-09-21
2440,2440.HK,MEMESTRATEGY,迷策略,3.69,"1,000",Equity,Equity Securities (Main Board),0.885,0.835,0.9,0.83,97271,0.09,0.833,0.842,6.24,5.11,7.27,5.36,9.26,2.34,6.98,6.98,2.34,6.98,-61.54,-87.11,-87.11,62.18,87.32,False,False,True,True,False,False,False,False,False,2026-09-21
2442,2442.HK,EASY SMART GP,怡俊集团控股,265.0,"2,000",Equity,Equity Securities (Main Board),66.95,115.3,115.3,62.7,734000,49.14,120.31,132.525,-44.35,-49.48,-40.8,-53.89,-52.18,159.5,159.5,159.5,159.5,159.5,-27.71,-27.71,-27.71,58.03,58.03,False,False,False,False,False,False,False,False,False,2026-09-21
2443,2443.HK,AUTOSTREETS,汽车街,8.83,200,Equity,Equity Securities (Main Board),1.06,1.045,1.19,1.025,429200,0.45,1.121,1.148,-5.44,-7.63,1.44,-8.62,-12.76,3.57,117.1,117.1,3.57,117.1,-66.67,-98.98,-98.98,70.31,99.09,False,False,False,False,False,False,False,False,False,2026-09-21
2450,2450.HK,HUAIBEI GD CO,淮北绿金股份,5.61,"1,500",Equity,Equity Securities (Main Board),8.505,8.0,8.75,7.8,177000,1.51,8.118,8.2,4.77,3.73,9.04,0.12,-1.1,16.68,16.68,16.68,16.68,16.68,-47.54,-47.54,-47.54,49.01,49.01,False,False,False,True,False,False,False,False,False,2026-09-21
2451,2451.HK,LUYUAN GP HLDG,绿源集团控股,72.17,500,Equity,Equity Securities (Main Board),17.71,18.96,19.01,17.21,1861500,32.97,16.886,14.935,4.88,18.58,-6.59,7.46,31.38,19.19,19.19,19.19,19.19,19.19,-0.94,-0.94,-0.94,7.71,7.71,False,False,False,False,False,False,False,True,True,2026-09-21
2453,2453.HK,CONCORD HC GP,美中嘉和,2.32,200,Equity,Equity Securities (Main Board),0.74,0.74,0.74,0.73,80000,0.06,0.722,0.729,2.49,1.51,2.78,1.37,-1.33,1.98,55.0,55.0,1.98,55.0,-62.63,-98.65,-98.65,62.63,98.65,False,False,False,False,False,False,False,False,False,2026-09-21
2455,2455.HK,RUNHUA SERVICE,润华服务,2.16,"2,000",Equity,Equity Securities (Main Board),0.72,0.71,0.74,0.705,280000,0.2,0.712,0.701,1.12,2.71,1.41,1.41,3.6,0.87,1.34,1.6,0.87,1.34,-14.94,-44.78,-53.75,17.24,46.27,False,False,False,False,False,False,False,False,False,2026-09-21
2457,2457.HK,BUYANG INTL,步阳国际,4.4,"5,000",Equity,Equity Securities (Main Board),0.44,0.41,0.47,0.41,580000,0.26,0.408,0.399,7.84,10.41,10.0,10.0,11.39,0.41,0.55,0.62,0.47,0.55,14.63,-14.55,-24.19,6.38,20.0,False,False,False,False,True,False,False,True,False,2026-09-21
2459,2459.HK,SANERGY GROUP,升能集团,1.25,"10,000",Equity,Equity Securities (Main Board),0.645,0.61,0.675,0.61,237000,0.15,0.635,0.668,1.57,-3.44,4.88,1.57,-1.53,1.58,193.24,193.24,1.58,193.24,-57.28,-99.65,-99.65,59.18,99.67,False,False,False,False,False,False,False,False,False,2026-09-21
2460,2460.HK,CR BEVERAGE,华润饮料,174.59,200,Equity,Equity Securities (Main Board),7.28,7.1,7.32,7.1,920000,6.7,7.208,7.244,1.0,0.5,1.61,0.69,1.53,10.72,16.78,16.78,10.72,16.78,-31.72,-56.38,-56.38,32.09,56.62,False,False,False,True,False,False,False,False,False,2026-09-21
2465,2465.HK,LOPAL TECH,龙蟠科技,12.15,500,Equity,Equity Securities (Main Board),9.0,8.845,9.06,8.845,1742000,15.68,8.901,8.964,1.11,0.4,0.33,0.9,1.18,23.5,23.5,23.5,23.5,23.5,-61.45,-61.45,-61.45,61.7,61.7,False,False,True,True,False,False,False,False,False,2026-09-21
2469,2469.HK,FENBI,粉笔,6.96,500,Equity,Equity Securities (Main Board),0.315,0.295,0.34,0.295,5861000,1.85,0.3,0.295,5.0,6.6,8.62,10.53,10.53,2.54,5.91,15.04,2.54,5.91,-86.61,-94.25,-97.74,87.6,94.67,False,False,False,True,False,False,False,False,False,2026-09-21
2473,2473.HK,XXF,喜相逢集团,7.8,"2,500",Equity,Equity Securities (Main Board),0.415,0.415,0.43,0.415,40775000,16.92,0.425,0.44,-2.35,-5.68,0.0,-4.6,-9.78,15.96,15.96,15.96,15.96,15.96,-97.31,-97.31,-97.31,97.4,97.4,False,False,False,False,False,False,False,False,False,2026-09-21
2475,2475.HK,LUXSHARE ICT,立讯精密,233.65,100,Equity,Equity Securities (Main Board),59.0,58.8,60.1,58.6,2085189,123.03,57.87,58.525,1.95,0.81,0.34,0.85,3.51,66.2,66.2,66.2,66.2,66.2,-9.21,-9.21,-9.21,10.88,10.88,False,False,False,False,False,False,False,False,False,2026-09-21
2476,2476.HK,VGT,胜宏科技,250.0,100,Equity,Equity Securities (Main Board),227.0,204.6,227.4,203.2,7444428,1689.89,202.4,202.63,12.15,12.03,13.84,14.99,18.54,475.0,475.0,475.0,475.0,475.0,-52.13,-52.13,-52.13,52.21,52.21,False,False,False,False,False,False,False,False,False,2026-09-21
2477,2477.HK,WELLCELL HOLD,经纬天地,9.88,800,Equity,Equity Securities (Main Board),0.205,0.205,0.212,0.205,150965600,30.95,0.206,0.21,-0.39,-2.57,0.0,-0.49,-4.65,13.63,13.63,13.63,13.63,13.63,-98.44,-98.44,-98.44,98.5,98.5,False,False,False,False,False,False,False,False,False,2026-09-21
2480,2480.HK,LUZHU BIOTECH-B,绿竹生物－Ｂ,26.85,200,Equity,Equity Securities (Main Board),13.5,13.7,13.7,13.5,400,0.01,13.628,13.597,-0.94,-0.71,-2.88,-0.59,-2.17,25.96,40.0,42.0,25.96,40.0,-47.23,-65.75,-67.38,48.0,66.25,False,False,False,False,False,False,False,False,False,2026-09-21
2486,2486.HK,PLUS GP HOLDING,普乐师集团控股,3.92,200,Equity,Equity Securities (Main Board),3.465,3.32,3.465,3.32,21600,0.07,3.368,3.416,2.88,1.45,6.45,2.36,2.97,7.8,13.0,13.0,7.8,13.0,-55.58,-73.35,-73.35,55.58,73.35,False,False,False,True,False,False,False,False,False,2026-09-21
2487,2487.HK,CUTIA-B,科笛－Ｂ,4.44,200,Equity,Equity Securities (Main Board),1.19,1.2,1.265,1.155,62600,0.07,1.303,1.445,-8.67,-17.62,-0.83,-15.0,-15.0,5.51,24.0,32.6,5.51,24.0,-77.04,-94.73,-96.12,78.4,95.04,False,False,False,False,False,False,False,False,False,2026-09-21
2488,2488.HK,LAUNCH TECH,元征科技,24.7,500,Equity,Equity Securities (Main Board),7.04,7.02,7.14,6.92,353500,2.49,6.998,6.97,0.6,1.0,-1.4,1.15,1.29,9.28,15.34,15.34,9.28,15.34,-23.06,-53.46,-53.46,24.14,54.11,False,False,False,True,False,False,False,False,False,2026-09-21
2489,2489.HK,PERSISTENCEGOLD,集海黄金,19.8,"5,000",Equity,Equity Securities (Main Board),0.825,0.84,0.85,0.82,315000,0.26,0.816,0.831,1.1,-0.78,0.61,-0.6,-0.6,1.53,2.17,2.17,1.53,2.17,-44.44,-60.83,-60.83,46.08,61.98,False,False,False,False,False,False,False,False,False,2026-09-21
2490,2490.HK,LC HOLDING,乐舱控股,26.19,300,Equity,Equity Securities (Main Board),4.26,4.55,4.6,4.23,597000,2.54,4.33,4.233,-1.62,0.64,-6.06,-3.62,3.4,7.13,17.73,17.73,7.13,17.73,-35.48,-74.05,-74.05,40.25,75.97,False,False,False,False,False,False,False,False,False,2026-09-21
2493,2493.HK,MABWELL-B,迈威生物－Ｂ,10.0,200,Equity,Equity Securities (Main Board),21.24,20.88,21.86,20.8,605000,12.85,20.784,20.686,2.19,2.68,2.21,3.01,3.01,29.18,29.18,29.18,29.18,29.18,-25.09,-25.09,-25.09,27.21,27.21,True,False,False,False,False,False,False,False,False,2026-09-21
2495,2495.HK,VOICECOMM,声通科技,9.15,20,Equity,Equity Securities (Main Board),28.0,27.24,28.0,27.04,15660,0.44,27.624,28.004,1.36,-0.01,-0.21,3.78,2.94,77.15,650.0,650.0,77.15,650.0,-63.71,-95.69,-95.69,63.71,95.69,False,False,False,False,False,False,False,False,False,2026-09-21
2497,2497.HK,FUJING HOLDINGS,富景中国控股,2.45,"2,000",Equity,Equity Securities (Main Board),0.49,0.51,0.525,0.485,262000,0.13,0.508,0.509,-3.54,-3.73,-3.92,-6.67,-5.77,0.96,2.4,2.4,0.96,2.4,-45.31,-78.13,-78.13,48.96,79.58,False,False,False,False,False,False,False,False,False,2026-09-21
2498,2498.HK,ROBOSENSE,速腾聚创,79.58,100,Equity,Equity Securities (Main Board),16.9,17.15,17.15,16.66,2009332,33.96,16.472,16.828,2.6,0.43,-1.46,5.03,2.67,41.46,137.5,137.5,41.46,137.5,-58.63,-87.53,-87.53,59.24,87.71,False,False,False,True,False,False,False,False,False,2026-09-21
2499,2499.HK,FOLANGSI,佛朗斯股份,14.86,200,Equity,Equity Securities (Main Board),5.625,5.65,5.65,5.565,4600,0.03,5.647,5.669,-0.39,-0.78,0.45,-0.53,-2.17,6.23,15.62,15.62,6.23,15.62,-9.31,-63.83,-63.83,9.71,63.99,False,False,False,False,False,False,False,True,False,2026-09-21
2500,2500.HK,VENUS MEDTECH-B,启明医疗－Ｂ,5.47,500,Equity,Equity Securities (Main Board),1.24,1.07,1.265,1.07,1019500,1.26,1.132,1.166,9.54,6.39,15.89,8.77,7.83,3.86,5.94,97.0,3.86,5.94,-67.23,-78.7,-98.7,67.88,79.12,False,False,False,True,False,False,False,False,False,2026-09-21
2501,2501.HK,MAIYUE TECH,迈越科技,11.18,"2,000",Equity,Equity Securities (Main Board),2.0,2.07,2.49,1.94,13546000,27.09,1.848,1.858,8.23,7.61,-3.38,13.31,12.36,2.16,2.16,2.16,2.49,2.49,15.28,15.28,15.28,19.68,19.68,False,False,False,False,True,True,True,False,False,2026-09-21
2502,2502.HK,JINYUAN HCHEM,金源氢化,5.59,"2,000",Equity,Equity Securities (Main Board),0.585,0.585,0.585,0.585,88000,0.05,0.587,0.594,-0.34,-1.43,0.0,-0.85,-2.5,0.84,1.09,1.09,0.84,1.09,-30.36,-46.33,-46.33,30.36,46.33,False,False,False,False,False,False,False,False,False,2026-09-21
2503,2503.HK,ZHONGSHENJIANYE,中深建业,9.27,"4,000",Equity,Equity Securities (Main Board),0.27,0.26,0.275,0.25,25932000,7.0,0.254,0.254,6.13,6.34,1.89,9.76,8.43,0.58,2.06,2.06,0.58,2.06,-52.59,-86.65,-86.65,53.45,86.89,False,False,True,True,False,False,False,False,False,2026-09-21
2505,2505.HK,EDA GROUP HLDGS,ＥＤＡ集团控股,3.08,"1,000",Equity,Equity Securities (Main Board),0.665,0.665,0.665,0.66,17000,0.01,0.673,0.626,-1.19,6.15,-6.34,-2.21,9.02,1.8,8.47,8.47,1.8,8.47,-63.06,-92.15,-92.15,63.06,92.15,False,False,False,False,False,False,False,False,False,2026-09-21
2506,2506.HK,XUNFEIHEALTH,讯飞医疗科技,52.48,50,Equity,Equity Securities (Main Board),67.9,66.7,69.8,66.7,18038,1.22,66.78,67.5,1.68,0.59,1.8,2.26,1.65,114.7,181.7,181.7,114.7,181.7,-39.15,-61.59,-61.59,40.8,62.63,False,False,True,True,False,False,False,False,False,2026-09-21
2507,2507.HK,CIRRUS,西锐,156.86,100,Equity,Equity Securities (Main Board),42.9,44.7,44.78,42.86,473427,20.31,43.488,44.246,-1.35,-3.04,-0.79,-1.92,-4.28,69.5,76.5,76.5,69.5,76.5,-35.57,-41.46,-41.46,38.27,43.92,False,False,False,False,False,False,False,False,False,2026-09-21
2508,2508.HK,SAINT BELLA GP,圣贝拉集团,18.44,500,Equity,Equity Securities (Main Board),2.955,2.9,2.99,2.9,130000,0.38,2.942,2.991,0.44,-1.2,-0.17,0.17,-4.37,5.9,11.0,11.0,5.9,11.0,-49.32,-72.82,-72.82,49.92,73.14,False,False,False,False,False,False,False,False,False,2026-09-21
2509,2509.HK,QYUNS-B,荃信生物－Ｂ,37.53,200,Equity,Equity Securities (Main Board),16.8,17.24,17.5,16.66,46600,0.78,16.636,16.521,0.99,1.69,0.3,2.13,1.63,24.5,36.5,36.5,24.5,36.5,-28.57,-52.05,-52.05,31.43,53.97,True,False,False,False,False,False,False,False,False,2026-09-21
2510,2510.HK,TS LINES,德翔海运,243.09,"1,000",Equity,Equity Securities (Main Board),14.63,14.19,14.96,14.05,2954025,43.22,13.974,13.946,4.69,4.9,4.2,8.45,6.09,14.3,14.3,14.3,14.96,14.96,4.62,4.62,4.62,2.21,2.21,False,False,False,False,True,True,True,True,True,2026-09-21
2511,2511.HK,HIGHTIDE-B,君圣泰医药－Ｂ,22.81,500,Equity,Equity Securities (Main Board),3.395,3.18,3.435,3.18,242000,0.82,3.237,3.369,4.88,0.77,2.88,6.59,1.95,4.72,13.18,13.18,4.72,13.18,-27.22,-73.94,-73.94,28.07,74.24,False,False,True,True,False,False,False,False,False,2026-09-21
2513,2513.HK,Z.AI,智谱,2090.01,100,Equity,Equity Securities (Main Board),793.5,751.5,803.5,733.5,8775857,6963.64,742.7,787.6,6.84,0.75,1.73,10.21,10.06,2980.0,2980.0,2980.0,2980.0,2980.0,-73.04,-73.04,-73.04,73.37,73.37,True,False,False,True,False,False,False,False,False,2026-09-21
2515,2515.HK,TJCD,天津建发,15.43,"2,000",Equity,Equity Securities (Main Board),4.965,5.2,5.2,4.725,184000,0.91,5.28,4.717,-5.97,5.27,-4.52,-5.07,-4.61,5.95,5.95,5.95,5.95,5.95,-12.61,-12.61,-12.61,16.55,16.55,False,False,False,False,False,False,False,False,False,2026-09-21
2516,2516.HK,FAR INTL,泛远国际,6.27,"4,000",Equity,Equity Securities (Main Board),0.67,0.67,0.67,0.67,100000,0.07,0.676,0.697,-0.89,-3.87,0.0,-1.47,-4.96,1.44,1.68,1.68,1.44,1.68,-53.47,-60.12,-60.12,53.47,60.12,False,False,False,False,False,False,False,False,False,2026-09-21
2517,2517.HK,GUOQUAN,锅圈,39.34,400,Equity,Equity Securities (Main Board),1.535,1.5,1.545,1.49,7674800,11.78,1.5,1.575,2.33,-2.54,2.33,1.99,0.33,4.8,12.34,12.34,4.8,12.34,-67.81,-87.48,-87.48,68.02,87.56,False,False,True,False,False,False,False,False,False,2026-09-21
2519,2519.HK,AUGROUP,傲基股份,16.18,300,Equity,Equity Securities (Main Board),3.9,3.9,3.9,3.9,300,0.0,3.98,3.987,-2.01,-2.19,-2.5,-2.5,-2.5,6.75,14.96,14.96,6.75,14.96,-42.22,-73.93,-73.93,42.22,73.93,False,False,False,False,False,False,False,False,False,2026-09-21
2521,2521.HK,SHENGHUI CLEAN,升辉清洁,17.65,"7,500",Equity,Equity Securities (Main Board),0.905,0.89,0.915,0.89,1410000,1.28,0.916,0.928,-1.2,-2.53,1.69,-1.63,-3.21,1.26,1.26,1.26,1.26,1.26,-27.38,-27.38,-27.38,28.17,28.17,False,False,False,False,False,False,False,False,False,2026-09-21
2522,2522.HK,RIMAG GROUP,一脉阳光,18.43,500,Equity,Equity Securities (Main Board),5.365,5.195,5.59,5.195,1023000,5.49,5.158,5.124,4.01,4.69,3.27,5.09,8.27,10.54,71.95,71.95,10.54,71.95,-46.96,-92.23,-92.23,49.1,92.54,True,True,False,False,False,False,False,False,False,2026-09-21
2525,2525.HK,HESAI-W,禾赛－Ｗ,172.41,100,Equity,Equity Securities (Main Board),16.58,16.32,16.58,15.99,5338866,88.52,16.676,16.514,-0.58,0.4,0.79,-1.6,-1.6,28.85,30.5,30.5,28.85,30.5,-42.53,-45.64,-45.64,42.53,45.64,False,False,False,False,False,False,False,False,False,2026-09-21
2526,2526.HK,DIAGENS-B,德适－Ｂ,382.18,50,Equity,Equity Securities (Main Board),430.0,432.0,450.0,424.0,64300,27.65,423.68,441.22,1.49,-2.54,-0.46,5.29,-15.19,765.5,765.5,765.5,765.5,765.5,-41.21,-41.21,-41.21,43.83,43.83,False,False,False,False,False,False,False,False,False,2026-09-21
2528,2528.HK,FW FASHION INT,尚晋国际控股,3.54,"2,000",Equity,Equity Securities (Main Board),0.885,0.885,0.885,0.855,20000,0.02,0.862,0.871,2.67,1.61,0.0,5.36,4.12,1.02,1.02,1.67,1.02,1.02,-13.24,-13.24,-47.01,13.24,13.24,False,False,True,True,False,False,False,False,False,2026-09-21
2530,2530.HK,NUMANS,纽曼思,7.15,"8,000",Equity,Equity Securities (Main Board),0.725,0.725,0.725,0.715,544000,0.39,0.721,0.723,0.55,0.35,-0.68,2.11,0.0,0.83,0.96,0.96,0.83,0.96,-12.65,-24.48,-24.48,12.65,24.48,False,False,True,True,False,False,False,False,False,2026-09-21
2531,2531.HK,CARLINK TECH,广联科技控股,13.86,500,Equity,Equity Securities (Main Board),3.775,4.5,4.6,3.775,4000,0.02,4.525,4.638,-16.57,-18.6,-17.93,-20.53,-20.53,8.0,51.6,51.6,8.0,51.6,-42.5,-91.09,-91.09,52.81,92.68,False,False,False,False,False,False,False,False,False,2026-09-21
2533,2533.HK,BLACK SESAME,黑芝麻智能,76.1,100,Equity,Equity Securities (Main Board),10.63,10.0,10.95,10.0,9007096,95.75,9.871,9.877,7.69,7.62,6.3,12.13,14.36,23.36,43.85,43.85,23.36,43.85,-53.13,-75.03,-75.03,54.49,75.76,True,False,False,False,False,False,False,False,False,2026-09-21
2535,2535.HK,WK GROUP,泓基集团,13.2,"10,000",Equity,Equity Securities (Main Board),0.66,0.66,0.69,0.63,3130000,2.07,0.668,0.674,-1.2,-2.08,0.0,-5.71,0.76,1.15,1.15,1.15,1.15,1.15,-40.0,-40.0,-40.0,42.61,42.61,False,False,False,False,False,False,False,False,False,2026-09-21
2536,2536.HK,PALASINO,百乐皇宫,4.96,"1,000",Equity,Equity Securities (Main Board),0.6,0.6,0.615,0.59,289000,0.17,0.596,0.599,0.67,0.17,-2.44,5.26,1.69,2.49,7.19,7.19,2.49,7.19,-75.3,-91.45,-91.45,75.9,91.66,False,False,False,True,False,False,False,False,False,2026-09-21
2539,2539.HK,LEMO SERVICES,乐摩科技,2.0,100,Equity,Equity Securities (Main Board),8.62,8.625,8.625,8.62,6100,0.05,8.704,8.719,-0.97,-1.13,-4.22,-2.05,0.64,51.95,85.0,85.0,51.95,85.0,-83.4,-89.85,-89.85,83.41,89.86,False,False,False,False,False,False,False,False,False,2026-09-21
2540,2540.HK,LESI GROUP,乐思集团,4.89,"2,500",Equity,Equity Securities (Main Board),0.815,0.815,0.815,0.815,20000,0.02,0.805,0.804,1.24,1.37,0.62,1.87,1.87,1.44,7.28,7.28,1.44,7.28,-43.4,-88.8,-88.8,43.4,88.8,False,False,False,False,False,False,False,False,False,2026-09-21
2543,2543.HK,DAHON TECH,大行科工,3.01,100,Equity,Equity Securities (Main Board),33.32,33.26,33.48,33.26,4400,0.15,33.968,34.824,-1.91,-4.32,0.18,-3.92,-4.25,39.68,69.0,69.0,39.68,69.0,-15.63,-51.48,-51.48,16.03,51.71,False,False,False,False,False,False,False,False,False,2026-09-21
2545,2545.HK,ZHONGGAN COMM,中赣通信,2.66,"2,000",Equity,Equity Securities (Main Board),0.415,0.41,0.42,0.41,60000,0.02,0.415,0.415,0.0,0.0,-1.19,0.0,1.22,0.55,0.83,0.83,0.55,0.83,-23.64,-49.4,-49.4,24.55,50.0,False,False,False,False,False,False,False,False,False,2026-09-21
2546,2546.HK,ZHIHUI MINING,智汇矿业,116.49,"1,000",Equity,Equity Securities (Main Board),23.88,22.04,24.6,21.78,2175000,51.94,20.93,20.027,14.09,19.24,8.35,20.73,26.02,23.34,23.34,23.34,24.6,24.6,5.4,5.4,5.4,2.93,2.93,True,False,False,False,True,True,True,True,True,2026-09-21
2550,2550.HK,EASOU TECH,宜搜科技,8.74,500,Equity,Equity Securities (Main Board),1.945,1.955,2.0,1.93,778000,1.51,1.963,1.98,-0.92,-1.79,1.3,-2.75,-2.02,3.23,67.25,67.25,3.23,67.25,-38.08,-97.03,-97.03,39.78,97.11,False,False,False,False,False,False,False,False,False,2026-09-21
2552,2552.HK,HUA MEDICINE-B,华领医药－Ｂ,26.26,500,Equity,Equity Securities (Main Board),2.485,2.4,2.535,2.4,2620500,6.51,2.376,2.415,4.59,2.9,7.81,5.52,3.54,3.94,4.95,9.0,3.94,4.95,-35.66,-48.79,-71.83,36.93,49.8,False,False,False,True,False,False,False,False,False,2026-09-21
2553,2553.HK,SHOUGANG LANZA,首钢朗泽,50.19,200,Equity,Equity Securities (Main Board),19.1,20.78,20.78,18.77,471800,9.01,18.172,18.569,5.11,2.86,-2.05,9.64,11.7,54.4,54.4,54.4,54.4,54.4,-61.8,-61.8,-61.8,64.89,64.89,False,False,False,False,False,False,False,False,False,2026-09-21
2555,2555.HK,CHABAIDAO,茶百道,62.06,200,Equity,Equity Securities (Main Board),4.185,4.15,4.205,4.15,759800,3.18,4.102,4.135,2.02,1.21,1.21,2.57,3.21,7.03,16.0,16.0,7.03,16.0,-40.18,-73.72,-73.72,40.47,73.84,False,False,False,False,False,False,False,False,False,2026-09-21
2556,2556.HK,MARKETINGFORCE,迈富时,157.3,100,Equity,Equity Securities (Main Board),58.7,56.55,59.2,54.15,5969659,350.42,53.082,54.981,10.58,6.76,3.8,16.58,12.45,68.3,144.0,144.0,68.3,144.0,-13.32,-58.89,-58.89,14.06,59.24,True,False,False,True,False,False,False,False,False,2026-09-21
2559,2559.HK,DIDA INC-PF,嘀嗒出行－ＰＦ,12.11,500,Equity,Equity Securities (Main Board),1.18,1.215,1.215,1.17,670000,0.79,1.209,1.143,-2.4,3.28,-2.88,-0.84,4.42,2.9,5.9,5.9,2.9,5.9,-58.1,-79.41,-79.41,59.31,80.0,False,False,False,False,False,False,False,False,False,2026-09-21
2560,2560.HK,CONCH MAT TECH,海螺材料科技,2.53,"1,000",Equity,Equity Securities (Main Board),1.365,1.39,1.39,1.36,15000,0.02,1.359,1.373,0.44,-0.58,-1.8,1.87,-0.36,1.87,2.3,2.3,1.87,2.3,-25.67,-39.57,-39.57,27.01,40.65,False,False,False,False,False,False,False,False,False,2026-09-21
2561,2561.HK,VISEN PHARMA-B,维昇药业－Ｂ,21.56,100,Equity,Equity Securities (Main Board),18.95,18.88,18.96,18.88,6700,0.13,19.12,19.291,-0.89,-1.77,-0.47,-1.71,-1.92,43.3,69.15,69.15,43.3,69.15,-56.21,-72.58,-72.58,56.24,72.6,False,False,False,False,False,False,False,False,False,2026-09-21
2562,2562.HK,SYNAGISTICS,狮腾控股,2.71,500,Equity,Equity Securities (Main Board),0.58,0.555,0.61,0.55,4312500,2.5,0.578,0.616,0.35,-5.77,4.5,0.87,-4.13,5.27,50.05,50.05,5.27,50.05,-88.43,-98.78,-98.78,88.99,98.84,False,False,False,False,False,False,False,False,False,2026-09-21
2563,2563.HK,BIOSTAR PHARM-B,华昊中天医药－Ｂ,15.78,200,Equity,Equity Securities (Main Board),4.05,3.8,4.1,3.8,37600,0.15,4.088,4.116,-0.93,-1.6,-1.22,0.25,-5.81,5.25,39.5,39.5,5.25,39.5,-21.9,-89.62,-89.62,22.86,89.75,False,False,False,False,False,False,False,False,False,2026-09-21
2565,2565.HK,PEGBIO CO-B,派格生物医药－Ｂ,22.74,50,Equity,Equity Securities (Main Board),5.89,5.805,6.08,5.785,12092700,71.23,5.693,5.69,3.46,3.51,1.64,6.13,1.73,76.25,77.0,77.0,76.25,77.0,-92.03,-92.1,-92.1,92.28,92.35,True,False,False,False,False,False,False,False,False,2026-09-21
2566,2566.HK,JIUYUAN GENE,九源基因,13.18,200,Equity,Equity Securities (Main Board),5.495,5.41,5.5,5.41,21200,0.12,5.481,5.367,0.26,2.38,1.48,-0.09,1.85,10.84,16.29,16.29,10.84,16.29,-49.26,-66.24,-66.24,49.31,66.27,False,False,False,False,False,False,False,False,False,2026-09-21
2567,2567.HK,QINIU,七牛智能,6.81,"1,000",Equity,Equity Securities (Main Board),0.34,0.33,0.35,0.325,803000,0.27,0.329,0.334,3.34,1.64,1.49,4.62,3.03,0.76,1.68,1.68,0.76,1.68,-53.95,-79.17,-79.17,55.26,79.76,False,False,True,True,False,False,False,False,False,2026-09-21
2569,2569.HK,SOFT INTL,舒宝国际,14.1,"5,000",Equity,Equity Securities (Main Board),1.41,1.395,1.45,1.37,960000,1.35,1.385,1.381,1.81,2.1,1.81,2.55,0.71,1.43,1.68,1.68,1.45,1.68,1.4,-13.69,-13.69,2.76,16.07,False,False,True,True,True,False,False,True,False,2026-09-21
2570,2570.HK,REFIRE,重塑能源,7.78,20,Equity,Equity Securities (Main Board),8.605,8.33,9.58,7.605,597560,5.14,8.041,8.408,7.01,2.34,5.39,10.39,7.23,75.3,316.2,316.2,75.3,316.2,-87.28,-96.97,-96.97,88.57,97.28,False,False,False,True,False,False,False,False,False,2026-09-21
2571,2571.HK,SAIMO,赛目科技,5.33,200,Equity,Equity Securities (Main Board),15.99,15.99,15.99,15.99,2000,0.03,15.278,15.461,4.66,3.42,5.89,5.89,5.61,18.0,18.0,18.0,18.0,18.0,-11.17,-11.17,-11.17,11.17,11.17,False,False,False,False,False,False,False,False,False,2026-09-21
2575,2575.HK,XUANZHUBIO-B,轩竹生物－Ｂ,47.65,500,Equity,Equity Securities (Main Board),9.18,9.255,9.695,9.125,3448000,31.65,8.791,8.972,4.42,2.32,-0.81,12.92,8.25,79.1,96.9,96.9,79.1,96.9,-87.74,-89.99,-89.99,88.39,90.53,False,False,False,False,False,False,False,False,False,2026-09-21
2576,2576.HK,TAIMEI TECH,太美医疗科技,9.41,200,Equity,Equity Securities (Main Board),4.865,4.81,4.995,4.72,28800,0.14,4.837,4.866,0.58,-0.02,1.04,1.35,-0.71,7.5,11.68,11.68,7.5,11.68,-33.4,-57.23,-57.23,35.13,58.35,True,False,False,False,False,False,False,False,False,2026-09-21
2577,2577.HK,INNOSCIENCE,英诺赛科,403.28,100,Equity,Equity Securities (Main Board),44.84,45.0,45.16,42.98,3033694,136.03,42.652,42.796,5.13,4.78,1.45,5.9,10.23,89.8,106.1,106.1,89.8,106.1,-49.71,-57.44,-57.44,50.07,57.74,False,False,False,False,False,False,False,False,False,2026-09-21
2579,2579.HK,CNGR,中伟新材,23.51,200,Equity,Equity Securities (Main Board),22.54,21.86,22.58,21.86,422800,9.53,22.172,22.954,1.66,-1.8,2.73,1.99,-0.97,46.44,46.44,46.44,46.44,46.44,-51.38,-51.38,-51.38,51.46,51.46,False,False,False,False,False,False,False,False,False,2026-09-21
2580,2580.HK,AUX ELECTRIC,奥克斯电气,144.85,200,Equity,Equity Securities (Main Board),9.085,9.2,9.295,8.995,775200,7.04,9.202,9.447,-1.27,-3.83,-2.26,-1.52,-4.57,13.79,16.79,16.79,13.79,16.79,-32.6,-44.64,-44.64,34.12,45.89,False,False,False,False,False,False,False,False,False,2026-09-21
2581,2581.HK,BENQ HOLDING,明基医院,8.58,500,Equity,Equity Securities (Main Board),2.75,2.8,2.8,2.75,1500,0.0,2.782,2.78,-1.15,-1.1,-2.83,-1.08,-1.61,4.49,6.5,6.5,4.49,6.5,-37.64,-56.92,-56.92,38.75,57.69,False,False,False,False,False,False,False,False,False,2026-09-21
2582,2582.HK,GUOFUHEE,国富氢能,5.37,50,Equity,Equity Securities (Main Board),4.48,4.665,4.795,4.45,719750,3.22,4.764,4.998,-5.96,-10.36,-3.86,-6.76,-10.85,49.5,157.2,157.2,49.5,157.2,-90.31,-96.95,-96.95,90.95,97.15,False,False,False,False,False,False,False,False,False,2026-09-21
2583,2583.HK,HIPINE,西普尼,32.59,100,Equity,Equity Securities (Main Board),55.4,59.0,59.0,54.85,336700,18.65,57.3,66.705,-3.32,-16.95,-3.48,-3.99,-20.0,216.0,216.0,216.0,216.0,216.0,-72.69,-72.69,-72.69,74.35,74.35,False,False,False,False,False,False,False,False,False,2026-09-21
2585,2585.HK,MOKINGRAN,梦金园,74.15,200,Equity,Equity Securities (Main Board),27.16,26.08,27.16,25.0,649000,17.63,26.12,26.84,3.98,1.19,5.68,4.22,1.19,34.88,34.88,34.88,34.88,34.88,-22.13,-22.13,-22.13,22.13,22.13,False,False,False,True,False,False,False,False,False,2026-09-21
2586,2586.HK,DMALL,多点数智,47.32,100,Equity,Equity Securities (Main Board),5.47,5.27,5.54,5.215,4309900,23.58,5.114,4.667,6.96,17.21,4.89,9.84,16.01,9.68,21.75,21.75,9.68,21.75,-42.77,-74.53,-74.53,43.49,74.85,True,True,False,False,False,False,False,False,False,2026-09-21
2587,2587.HK,HEALTHYWAY INC,健康之路,6.95,500,Equity,Equity Securities (Main Board),0.795,0.82,0.84,0.765,3529000,2.81,0.837,0.918,-5.02,-13.45,1.27,-11.17,-10.17,6.56,62.7,62.7,6.56,62.7,-87.2,-98.66,-98.66,87.88,98.73,False,False,False,False,False,False,False,False,False,2026-09-21
2588,2588.HK,BOC AVIATION,中银航空租赁,492.4,100,Equity,Equity Securities (Main Board),70.95,70.2,71.3,70.2,326536,23.17,71.33,72.7,-0.53,-2.41,-0.91,-0.49,-2.41,91.95,91.95,91.95,91.95,91.95,-22.46,-22.46,-22.46,22.84,22.84,False,False,False,False,False,False,False,False,False,2026-09-21
2589,2589.HK,AUNTEA JENNY,沪上阿姨,67.46,30,Equity,Equity Securities (Main Board),71.25,72.7,72.7,70.8,82700,5.89,72.93,76.21,-2.3,-6.51,-2.2,-2.6,-7.53,176.9,197.6,197.6,176.9,197.6,-58.9,-63.21,-63.21,59.72,63.94,False,False,False,False,False,False,False,False,False,2026-09-21
2590,2590.HK,GEEKPLUS-W,极智嘉－Ｗ,80.16,200,Equity,Equity Securities (Main Board),8.15,8.39,8.42,8.125,6019024,49.06,8.197,8.563,-0.57,-4.82,-1.93,-0.37,-2.63,33.5,33.9,33.9,33.5,33.9,-74.87,-75.16,-75.16,75.67,75.96,False,False,False,False,False,False,False,False,False,2026-09-21
2591,2591.HK,INNOGEN-B,银诺医药－Ｂ,17.42,200,Equity,Equity Securities (Main Board),4.145,3.905,4.465,3.89,32810000,136.0,3.94,3.92,5.2,5.73,7.66,9.51,2.47,48.36,74.0,74.0,48.36,74.0,-90.77,-93.97,-93.97,91.43,94.4,True,False,False,True,False,False,False,False,False,2026-09-21
2593,2593.HK,HERBS GROUP,草姬集团,1.29,800,Equity,Equity Securities (Main Board),0.965,0.965,0.965,0.965,4000,0.0,0.963,0.952,0.21,1.31,0.0,0.52,2.66,1.22,5.05,5.05,1.22,5.05,-20.9,-80.89,-80.89,20.9,80.89,False,False,False,False,False,False,False,False,False,2026-09-21
2595,2595.HK,GENFLEET-B,劲方医药－Ｂ,105.09,200,Equity,Equity Securities (Main Board),29.92,26.98,30.0,23.74,37111220,1110.37,26.204,26.162,14.18,14.36,15.52,21.13,15.97,52.9,52.9,52.9,52.9,52.9,-43.29,-43.29,-43.29,43.44,43.44,True,False,True,True,False,False,False,False,False,2026-09-21
2597,2597.HK,XUNZHONG,讯众通信,15.4,500,Equity,Equity Securities (Main Board),37.0,39.12,39.12,37.0,40000,1.48,40.056,39.142,-7.63,-5.47,-7.5,-5.8,-5.9,49.08,49.08,49.08,49.08,49.08,-20.29,-20.29,-20.29,24.61,24.61,False,False,False,False,False,False,False,False,False,2026-09-21
2598,2598.HK,LIANLIAN,连连数字,14.25,500,Equity,Equity Securities (Main Board),3.32,3.5,3.54,3.3,550000,1.83,3.426,3.546,-3.09,-6.37,-0.9,-3.21,-8.03,7.8,18.0,18.0,7.8,18.0,-54.62,-80.33,-80.33,57.44,81.56,False,False,False,False,False,False,False,False,False,2026-09-21
2600,2600.HK,CHALCO,中国铝业,311.97,"2,000",Equity,Equity Securities (Main Board),7.91,8.08,8.12,7.83,31255807,247.23,8.032,8.334,-1.52,-5.08,-2.59,-2.65,-2.89,15.55,15.55,15.55,15.55,15.55,-47.78,-47.78,-47.78,49.13,49.13,False,False,False,False,False,False,False,False,False,2026-09-21
2601,2601.HK,CPIC,中国太保,797.07,200,Equity,Equity Securities (Main Board),28.76,28.5,28.76,28.18,7614442,218.99,28.672,29.034,0.31,-0.94,0.98,0.07,-1.44,40.46,40.46,42.75,40.46,40.46,-28.92,-28.92,-32.73,28.92,28.92,False,False,False,False,False,False,False,False,False,2026-09-21
2602,2602.HK,ONEWO,万物云,215.78,100,Equity,Equity Securities (Main Board),18.81,18.88,18.88,18.21,752200,14.15,19.028,19.302,-1.15,-2.55,-0.32,-2.34,-3.44,21.3,28.25,57.1,21.3,28.25,-11.36,-33.17,-66.94,11.69,33.42,False,False,False,False,False,False,False,False,False,2026-09-21
2603,2603.HK,JIHONG CO,吉宏股份,9.98,500,Equity,Equity Securities (Main Board),12.92,12.75,13.16,12.73,2402500,31.04,12.648,12.742,2.15,1.4,1.33,2.78,2.13,18.68,20.4,20.4,18.68,20.4,-29.55,-35.49,-35.49,30.84,36.67,False,False,False,True,False,False,False,False,False,2026-09-21
2605,2605.HK,METALIGHT,METALIGHT,1.73,400,Equity,Equity Securities (Main Board),1.115,1.135,1.135,1.08,24000,0.03,1.133,1.129,-1.59,-1.24,-2.19,-5.91,1.36,2.87,8.31,8.31,2.87,8.31,-60.45,-86.34,-86.34,61.15,86.58,False,False,False,False,False,False,False,False,False,2026-09-21
2607,2607.HK,SH PHARMA,上海医药,100.64,100,Equity,Equity Securities (Main Board),10.94,10.76,11.02,10.76,2017640,22.07,10.886,11.08,0.5,-1.26,1.58,0.74,-1.8,12.32,14.7,24.55,12.32,14.7,-10.55,-25.03,-55.11,11.2,25.58,False,False,False,False,False,False,False,False,False,2026-09-21
2608,2608.HK,SUNSHINE 100,阳光１００中国,0.26,"1,000",Equity,Equity Securities (Main Board),0.01,0.01,0.01,0.01,376000,0.0,0.01,0.01,0.0,-4.76,0.0,0.0,-9.09,0.01,0.37,4.21,0.01,0.37,-33.33,-97.3,-99.76,33.33,97.3,False,False,False,False,False,False,False,False,False,2026-09-21
2609,2609.HK,BAYZED HEALTH,佰泽医疗,38.83,600,Equity,Equity Securities (Main Board),2.945,3.01,3.045,2.945,2046600,6.03,2.941,2.889,0.14,1.92,-1.51,0.0,2.08,5.82,19.88,19.88,5.82,19.88,-47.68,-84.68,-84.68,49.4,85.19,False,False,False,False,False,False,False,False,False,2026-09-21
2610,2610.HK,NANSHAN AL INTL,南山铝业国际,155.11,100,Equity,Equity Securities (Main Board),24.98,25.92,25.92,24.52,805100,20.11,25.108,25.396,-0.51,-1.64,-2.8,-0.32,1.71,74.8,74.8,74.8,74.8,74.8,-65.35,-65.35,-65.35,66.6,66.6,False,False,False,False,False,False,False,False,False,2026-09-21
2611,2611.HK,GTHT,国泰海通,519.9,200,Equity,Equity Securities (Main Board),14.81,15.23,15.39,14.66,12977363,192.19,15.012,14.962,-1.35,-1.02,-3.46,-1.46,-0.34,18.53,18.56,21.35,18.53,18.56,-16.95,-17.08,-27.92,20.08,20.2,False,False,False,False,False,False,False,False,False,2026-09-21
2616,2616.HK,CSTONE PHARMA-B,基石药业－Ｂ,90.03,500,Equity,Equity Securities (Main Board),5.645,5.38,5.82,5.38,11465374,64.72,5.5,5.768,2.64,-2.13,5.81,8.66,-5.52,10.41,13.15,19.12,10.41,13.15,-44.09,-55.74,-69.56,45.77,57.07,False,False,False,False,False,False,False,False,False,2026-09-21
2617,2617.HK,TRANSTHERA-B,药捷安康－Ｂ,34.75,500,Equity,Equity Securities (Main Board),11.12,10.38,11.73,10.24,35404000,393.69,9.892,9.695,12.41,14.7,10.87,18.8,16.2,120.4,679.5,679.5,120.4,679.5,-90.26,-98.27,-98.27,90.76,98.36,True,False,False,False,False,False,False,False,False,2026-09-21
2618,2618.HK,JD LOGISTICS,京东物流,693.36,100,Equity,Equity Securities (Main Board),10.46,10.47,10.49,10.36,7835131,81.96,10.462,10.666,-0.02,-1.93,-0.1,0.87,-4.12,16.76,16.84,48.15,16.76,16.84,-37.41,-37.71,-78.21,37.59,37.89,False,False,False,False,False,False,False,False,False,2026-09-21
2619,2619.HK,XJ ELECTRICS,香江电器,0.82,"1,000",Equity,Equity Securities (Main Board),1.2,1.13,1.27,1.13,158000,0.19,1.147,1.187,4.62,1.14,6.19,6.19,8.6,2.61,2.61,2.61,2.61,2.61,-51.34,-51.34,-51.34,54.02,54.02,False,False,True,True,False,False,False,False,False,2026-09-21
2621,2621.HK,SHOUHUI GROUP,手回集团,6.54,400,Equity,Equity Securities (Main Board),2.89,2.72,2.89,2.72,27600,0.08,2.791,2.804,3.55,3.09,6.25,2.85,2.66,3.79,7.5,7.5,3.79,7.5,-23.75,-61.47,-61.47,23.75,61.47,False,False,False,True,False,False,False,False,False,2026-09-21
2623,2623.HK,HK GOLD IND GP,香港黄金产业集团,18.82,500,Equity,Equity Securities (Main Board),3.455,3.285,3.5,3.285,650000,2.25,3.427,3.491,0.82,-1.05,1.17,0.58,0.73,6.77,6.77,7.57,6.77,6.77,-48.3,-48.3,-53.75,48.97,48.97,False,False,False,False,False,False,False,False,False,2026-09-21
2625,2625.HK,JIANGSU HORIZON,江苏宏信,1.92,"1,000",Equity,Equity Securities (Main Board),0.795,0.835,0.885,0.79,1408000,1.12,0.928,1.256,-14.33,-36.7,-4.79,-20.1,-42.39,5.4,8.86,8.86,5.4,8.86,-83.61,-90.01,-90.01,85.28,91.03,False,False,False,False,False,False,False,False,False,2026-09-21
2628,2628.HK,CHINA LIFE,中国人寿,2157.94,"1,000",Equity,Equity Securities (Main Board),29.02,29.38,29.48,28.54,44485828,1290.98,28.908,29.318,0.39,-1.02,-1.23,1.68,-2.62,36.16,36.16,36.16,36.16,36.16,-18.47,-18.47,-18.47,19.75,19.75,False,False,True,False,False,False,False,False,False,2026-09-21
2630,2630.HK,VIGONVITA-B,旺山旺水－Ｂ,136.02,200,Equity,Equity Securities (Main Board),81.5,83.0,83.85,77.65,90400,7.37,80.16,80.945,1.67,0.69,-2.98,3.16,-1.09,134.9,134.9,134.9,134.9,134.9,-37.84,-37.84,-37.84,39.58,39.58,False,False,True,True,False,False,False,False,False,2026-09-21
2631,2631.HK,SICC,天岳先进,37.42,100,Equity,Equity Securities (Main Board),68.15,71.2,71.55,67.55,1350000,92.0,64.99,63.445,4.86,7.42,-1.52,6.82,15.7,138.7,138.7,138.7,138.7,138.7,-48.41,-48.41,-48.41,50.87,50.87,False,False,False,False,False,False,False,False,False,2026-09-21
2632,2632.HK,NEW VISION CO,泽景股份,68.8,50,Equity,Equity Securities (Main Board),63.1,62.2,67.5,61.7,39450,2.49,62.23,62.315,1.4,1.26,0.0,1.45,2.1,137.5,137.5,137.5,137.5,137.5,-50.91,-50.91,-50.91,54.11,54.11,False,False,True,True,False,False,False,False,False,2026-09-21
2633,2633.HK,JACOBSON PHARMA,雅各臣科研制药,19.3,"2,000",Equity,Equity Securities (Main Board),0.965,0.97,0.97,0.965,198306,0.19,0.968,0.968,-0.31,-0.31,0.0,-1.53,-0.52,1.31,1.78,1.78,1.31,1.78,-25.95,-45.51,-45.51,26.34,45.79,False,False,False,False,False,False,False,False,False,2026-09-21
2635,2635.HK,NUOBIKAN,诺比侃,31.65,100,Equity,Equity Securities (Main Board),10.4,10.7,10.77,10.37,1282100,13.33,10.371,10.296,0.28,1.01,-1.52,-2.07,2.06,83.2,83.2,83.2,83.2,83.2,-87.06,-87.06,-87.06,87.5,87.5,False,False,True,False,False,False,False,False,False,2026-09-21
2637,2637.HK,HAIXI PHARMA,海西新药,145.29,50,Equity,Equity Securities (Main Board),184.4,192.7,194.7,183.9,42000,7.74,191.5,191.92,-3.71,-3.92,-4.31,-7.06,-2.95,302.4,302.4,302.4,302.4,302.4,-35.62,-35.62,-35.62,39.02,39.02,False,False,False,False,False,False,False,False,False,2026-09-21
2638,2638.HK,HKELECTRIC-SS,港灯－ＳＳ,553.59,500,Equity,Equity Securities (Main Board),6.265,6.21,6.28,6.2,2837256,17.78,6.249,6.286,0.26,-0.33,0.89,-0.24,-0.08,7.1,7.1,8.32,7.1,7.1,-11.55,-11.55,-24.52,11.76,11.76,False,False,False,False,False,False,False,False,False,2026-09-21
2643,2643.HK,CAOCAO INC,曹操出行,74.07,100,Equity,Equity Securities (Main Board),12.81,13.09,13.6,12.76,1894100,24.26,12.672,12.554,1.09,2.04,-2.06,0.0,12.27,39.34,92.5,92.5,39.34,92.5,-65.43,-85.3,-85.3,67.44,86.15,False,False,False,False,False,False,False,False,False,2026-09-21
2648,2648.HK,ANJOY FOOD,安井食品,26.1,100,Equity,Equity Securities (Main Board),65.25,65.0,65.7,64.05,355200,23.18,62.35,61.835,4.65,5.52,0.69,6.97,7.58,94.1,94.1,94.1,94.1,94.1,-30.18,-30.18,-30.18,30.66,30.66,False,False,False,False,False,False,False,False,False,2026-09-21
2650,2650.HK,ZHIDA TECH,挚达科技,31.84,50,Equity,Equity Securities (Main Board),10.02,10.28,10.53,9.98,9102800,91.21,9.87,9.799,1.52,2.26,-3.09,1.21,5.14,65.28,65.28,65.28,65.28,65.28,-83.87,-83.87,-83.87,84.65,84.65,False,False,False,False,False,False,False,False,False,2026-09-21
2651,2651.HK,DAZHONG DENTAL,大众口腔,5.11,100,Equity,Equity Securities (Main Board),28.06,28.0,28.5,28.0,8300,0.23,28.484,28.622,-1.49,-1.96,4.47,-3.84,-3.24,31.3,31.3,31.3,31.3,31.3,-8.95,-8.95,-8.95,10.35,10.35,False,False,False,False,False,False,False,False,False,2026-09-21
2652,2652.HK,CF PHARMTECH,长风药业,35.48,100,Equity,Equity Securities (Main Board),11.0,10.77,11.28,10.68,1852900,20.38,10.614,10.241,3.64,7.42,0.0,5.97,8.7,39.5,48.8,48.8,39.5,48.8,-71.44,-76.89,-76.89,72.15,77.46,False,False,False,False,False,False,False,False,False,2026-09-21
2655,2655.HK,GUOXIA TECH,果下科技,60.51,100,Equity,Equity Securities (Main Board),15.34,15.15,15.76,15.15,1207500,18.52,14.824,15.194,3.48,0.96,2.82,4.64,1.12,76.8,76.8,76.8,76.8,76.8,-79.48,-79.48,-79.48,80.03,80.03,False,False,False,True,False,False,False,False,False,2026-09-21
2656,2656.HK,160 HEALTH,健康１６０,16.81,250,Equity,Equity Securities (Main Board),4.84,5.505,5.505,4.705,33245750,160.91,6.604,7.815,-26.71,-38.06,-13.18,-35.29,-44.24,158.4,158.4,158.4,158.4,158.4,-96.52,-96.52,-96.52,96.94,96.94,False,False,False,False,False,False,False,False,False,2026-09-21
2657,2657.HK,FOREST CABIN,林清轩,54.55,50,Equity,Equity Securities (Main Board),51.4,50.2,51.4,48.54,72350,3.72,50.576,51.786,1.63,-0.75,1.18,3.67,3.88,96.0,96.0,96.0,96.0,96.0,-46.46,-46.46,-46.46,46.46,46.46,True,False,True,False,False,False,False,False,False,2026-09-21
2658,2658.HK,TIANYU SEMI,天域半导体,24.55,50,Equity,Equity Securities (Main Board),41.56,40.86,43.48,39.86,133000,5.53,39.748,37.958,4.56,9.49,-0.05,2.92,26.71,63.5,63.5,63.5,63.5,63.5,-31.53,-31.53,-31.53,34.55,34.55,False,False,False,False,False,False,False,False,False,2026-09-21
2659,2659.HK,BAO PHARMA-B,宝济药业－Ｂ,21.5,100,Equity,Equity Securities (Main Board),14.19,14.45,15.28,13.86,1100100,15.61,13.55,14.301,4.72,-0.78,2.38,8.65,-0.42,206.0,206.0,206.0,206.0,206.0,-92.58,-92.58,-92.58,93.11,93.11,True,False,False,False,False,False,False,False,False,2026-09-21
2660,2660.HK,ZENGAME,禅游科技,24.48,"2,000",Equity,Equity Securities (Main Board),2.34,2.27,2.345,2.27,376000,0.88,2.318,2.331,0.95,0.39,1.74,1.74,-0.43,2.88,5.88,5.88,2.88,5.88,-18.58,-60.12,-60.12,18.75,60.2,False,False,False,True,False,False,False,False,False,2026-09-21
2661,2661.HK,QINGSONG HEALTH,轻松健康,9.82,200,Equity,Equity Securities (Main Board),4.755,4.505,5.255,4.505,79340600,377.26,4.381,4.476,8.54,6.23,7.82,9.69,7.46,162.7,162.7,162.7,162.7,162.7,-96.77,-96.77,-96.77,97.08,97.08,False,False,False,False,False,False,False,False,False,2026-09-21
2663,2663.HK,KPA-BM HLDGS,应力控股,2.09,"10,000",Equity,Equity Securities (Main Board),0.38,0.395,0.395,0.375,700000,0.27,0.383,0.417,-0.78,-8.98,-3.8,1.33,-14.61,0.52,0.52,0.86,0.52,0.52,-24.76,-24.76,-54.07,27.62,27.62,False,False,False,False,False,False,False,False,False,2026-09-21
2665,2665.HK,SEYOND,图达通,25.79,500,Equity,Equity Securities (Main Board),1.97,2.03,2.03,1.955,4376000,8.62,1.942,2.003,1.44,-1.65,-1.25,2.87,-2.48,13.98,17.88,17.88,13.98,17.88,-85.48,-88.65,-88.65,85.91,88.98,False,False,False,False,False,False,False,False,False,2026-09-21
2666,2666.HK,UNI MEDICAL,环球医疗,90.84,500,Equity,Equity Securities (Main Board),4.51,4.46,4.52,4.46,5328440,24.03,4.524,4.578,-0.31,-1.49,0.33,-1.96,-1.1,6.39,6.71,8.47,6.39,6.71,-29.26,-32.64,-46.64,29.42,32.79,False,False,False,False,False,False,False,False,False,2026-09-21
2667,2667.HK,TONGRENTANGCARE,同仁堂医养,4.99,500,Equity,Equity Securities (Main Board),2.285,2.35,2.35,2.285,26500,0.06,2.303,2.338,-0.78,-2.27,-3.18,-0.65,-4.19,4.79,4.79,4.79,4.79,4.79,-50.94,-50.94,-50.94,52.3,52.3,False,False,False,False,False,False,False,False,False,2026-09-21
2668,2668.HK,PAK TAK INT'L,百德国际,30.96,"10,000",Equity,Equity Securities (Main Board),0.55,0.56,0.59,0.535,20480000,11.26,0.58,0.547,-5.17,0.46,-5.17,-5.17,10.0,0.69,1.4,1.4,0.69,1.4,-13.87,-57.86,-57.86,19.71,60.71,False,False,False,False,False,False,False,False,False,2026-09-21
2669,2669.HK,CHINA OVS PPT,中海物业,108.21,"5,000",Equity,Equity Securities (Main Board),3.295,3.34,3.34,3.27,7497572,24.7,3.31,3.37,-0.45,-2.23,-0.3,-1.49,-0.3,4.95,9.13,11.04,4.95,9.13,-32.53,-63.42,-69.75,33.43,63.91,False,False,False,False,False,False,False,False,False,2026-09-21
2670,2670.HK,YUNJI,云迹,65.67,50,Equity,Equity Securities (Main Board),94.75,99.35,102.2,92.6,938950,88.97,89.07,91.485,6.38,3.57,-4.0,10.56,3.5,358.4,358.4,358.4,358.4,358.4,-71.48,-71.48,-71.48,73.56,73.56,False,False,False,False,False,False,False,False,False,2026-09-21
2671,2671.HK,USAS BUILDING,美联股份,7.11,300,Equity,Equity Securities (Main Board),5.9,5.9,5.9,5.9,9000,0.05,5.598,5.331,5.39,10.67,0.0,9.36,9.26,9.0,12.0,12.0,9.0,12.0,-34.44,-50.83,-50.83,34.44,50.83,False,False,False,False,False,False,False,False,False,2026-09-21
2672,2672.HK,BAIGE DIGITAL,白鸽在线,78.05,200,Equity,Equity Securities (Main Board),52.25,47.22,55.9,46.34,1534976,80.2,46.038,40.017,13.49,30.57,10.65,11.17,41.22,79.0,79.0,79.0,79.0,79.0,-29.24,-29.24,-29.24,33.86,33.86,False,False,False,False,False,False,False,False,False,2026-09-21
2675,2675.HK,EDGE MEDICAL-B,精锋医疗－Ｂ,115.81,100,Equity,Equity Securities (Main Board),35.66,34.0,36.92,34.0,231000,8.24,34.696,35.484,2.78,0.5,3.36,3.9,4.15,73.7,73.7,73.7,73.7,73.7,-49.91,-49.91,-49.91,51.61,51.61,False,False,True,True,False,False,False,False,False,2026-09-21
2676,2676.HK,NOVOSENSE,纳芯微,34.12,100,Equity,Equity Securities (Main Board),169.7,172.0,174.9,168.0,76300,12.95,163.32,160.44,3.91,5.77,-1.05,7.13,7.2,252.0,252.0,252.0,252.0,252.0,-30.6,-30.6,-30.6,32.66,32.66,False,False,False,False,False,False,False,False,False,2026-09-21
2677,2677.HK,DISTINCT HEALTH,卓正医疗,14.83,50,Equity,Equity Securities (Main Board),22.96,23.88,23.88,21.6,6200,0.14,23.276,23.388,-1.36,-1.83,-3.29,3.24,-5.67,90.85,90.85,90.85,90.85,90.85,-73.71,-73.71,-73.71,74.73,74.73,False,False,False,False,False,False,False,False,False,2026-09-21
2678,2678.HK,TEXHONG INTL GP,天虹国际集团,52.12,500,Equity,Equity Securities (Main Board),5.685,5.915,5.915,5.485,79000,0.45,5.501,5.636,3.34,0.88,4.22,2.16,0.62,7.64,7.64,14.56,7.64,7.64,-22.58,-22.58,-59.38,25.59,25.59,False,False,False,True,False,False,False,False,False,2026-09-21
2680,2680.HK,AUSTRAX HLDGS,南强控股,3.54,"2,000",Equity,Equity Securities (Main Board),5.9,5.9,5.9,5.9,14000,0.08,6.04,6.22,-2.32,-5.14,-1.67,-3.28,-4.84,16.5,16.5,45.85,16.5,16.5,-64.24,-64.24,-87.13,64.24,64.24,False,False,False,False,False,False,False,False,False,2026-09-21
2682,2682.HK,YUN LEE MARINE,润利海事,1.25,"4,000",Equity,Equity Securities (Main Board),0.125,0.127,0.127,0.125,344000,0.04,0.128,0.126,-2.65,-0.95,-3.85,-0.79,-0.79,0.17,0.23,0.5,0.17,0.23,-27.01,-44.05,-74.6,28.16,44.93,False,False,False,False,False,False,False,False,False,2026-09-21
2683,2683.HK,WAHSUN HANDBAGS,华新手袋国际控股,4.47,"2,000",Equity,Equity Securities (Main Board),1.095,1.1,1.1,1.09,18000,0.02,1.097,1.093,-0.18,0.18,-0.9,0.0,0.0,1.32,1.32,2.08,1.32,1.32,-16.67,-16.67,-47.12,17.05,17.05,False,False,False,False,False,False,False,False,False,2026-09-21
2685,2685.HK,QUANTGROUP,量化派,20.29,500,Equity,Equity Securities (Main Board),3.905,3.96,4.065,3.88,13842500,54.05,3.917,3.977,-0.31,-1.81,-1.51,-2.74,-2.98,43.36,43.36,43.36,43.36,43.36,-90.62,-90.62,-90.62,90.99,90.99,False,False,False,False,False,False,False,False,False,2026-09-21
2687,2687.HK,ABLE DIGI-50,卓越睿新（五十）,193.54,50,Equity,Equity Securities (Main Board),310.6,365.6,366.4,298.4,209700,65.13,349.6,343.2,-11.16,-9.5,-14.95,-14.9,-10.18,374.6,374.6,374.6,374.6,374.6,-2.19,-2.19,-2.19,17.08,17.08,False,False,False,False,False,False,False,False,False,2026-09-21
2688,2688.HK,ENN ENERGY,新奥能源,560.49,100,Equity,Equity Securities (Main Board),49.5,49.68,49.98,49.16,1897510,93.93,49.618,49.872,-0.24,-0.75,-0.36,-1.69,0.73,72.0,79.55,178.8,72.0,79.55,-30.58,-37.17,-72.05,31.25,37.77,False,False,False,False,False,False,False,False,False,2026-09-21
2689,2689.HK,ND PAPER,玖龙纸业,289.98,"1,000",Equity,Equity Securities (Main Board),6.19,6.235,6.255,6.13,6173231,38.21,6.164,6.269,0.42,-1.25,-0.16,1.64,0.9,9.97,9.97,17.42,9.97,9.97,-37.26,-37.26,-64.09,37.91,37.91,False,False,False,False,False,False,False,False,False,2026-09-21
2692,2692.HK,ZHAOWEI,兆威机电,10.08,100,Equity,Equity Securities (Main Board),38.72,38.54,39.68,38.22,285800,11.07,37.684,37.858,2.75,2.28,1.26,3.86,3.81,94.8,94.8,94.8,94.8,94.8,-58.14,-58.14,-58.14,59.16,59.16,False,False,False,False,False,False,False,False,False,2026-09-21
2693,2693.HK,JINYAN KAOLIN,金岩高岭新材,0.7,500,Equity,Equity Securities (Main Board),2.875,2.83,2.9,2.81,28000,0.08,2.959,2.965,-2.84,-3.04,-3.36,-3.52,-4.01,5.74,9.8,9.8,5.74,9.8,-49.48,-70.41,-70.41,49.91,70.66,False,False,False,False,False,False,False,False,False,2026-09-21
2695,2695.HK,IMPRESSION DHP,印象大红袍,0.42,"1,000",Equity,Equity Securities (Main Board),1.15,1.12,1.15,1.12,43000,0.05,1.154,1.158,-0.35,-0.69,-0.43,-1.29,1.32,2.51,3.4,3.4,2.51,3.4,-54.18,-66.18,-66.18,54.18,66.18,False,False,False,False,False,False,False,False,False,2026-09-21
2696,2696.HK,HENLIUS,复宏汉霖,224.02,100,Equity,Equity Securities (Main Board),64.65,61.0,66.0,60.9,1844200,119.23,59.87,62.45,7.98,3.52,8.29,12.73,0.15,87.1,92.0,92.0,87.1,92.0,-24.23,-28.26,-28.26,25.77,29.73,True,False,False,True,False,False,False,False,False,2026-09-21
2697,2697.HK,TH MEDICAL-B,真健康医疗－Ｂ,103.16,20,Equity,Equity Securities (Main Board),291.0,293.0,303.4,284.0,166007,48.31,301.76,300.3,-3.57,-3.1,2.32,-6.85,11.49,886.0,886.0,886.0,886.0,886.0,-65.76,-65.76,-65.76,67.16,67.16,False,False,False,False,False,False,False,False,False,2026-09-21
2698,2698.HK,SOFTCARE,乐舒适,180.66,200,Equity,Equity Securities (Main Board),29.1,28.94,29.48,28.78,496033,14.43,28.904,29.244,0.68,-0.49,0.07,0.48,-0.14,35.9,36.8,36.8,35.9,36.8,-17.88,-19.89,-19.89,18.94,20.92,False,False,True,False,False,False,False,False,False,2026-09-21
2699,2699.HK,XINMING CHINA,新明中国,1.51,"2,000",Equity,Equity Securities (Main Board),5.75,5.955,5.96,5.665,80000,0.46,5.819,5.703,-1.19,0.82,-5.74,-0.86,3.32,8.12,108.0,3159.85,8.12,108.0,-26.65,-94.48,-99.81,29.23,94.68,False,False,False,False,False,False,False,False,False,2026-09-21
2700,2700.HK,GREEN INTL HLDG,格林国际控股,3.96,"20,000",Equity,Equity Securities (Main Board),0.6,0.54,0.6,0.54,80015,0.05,0.593,0.592,1.18,1.35,0.84,1.69,0.0,0.72,0.72,6.01,0.72,0.72,-16.67,-16.67,-90.01,16.67,16.67,False,False,False,True,False,False,False,False,False,2026-09-21
2701,2701.HK,NSING TECH,国民技术,8.41,200,Equity,Equity Securities (Main Board),8.88,8.75,8.925,8.6,3605600,32.02,8.306,8.348,6.91,6.37,1.37,10.59,11.42,17.14,17.14,17.14,17.14,17.14,-47.93,-47.93,-47.93,48.19,48.19,False,False,False,False,False,False,False,False,False,2026-09-21
2706,2706.HK,HAIZHI TECH GP,海致科技集团,172.6,200,Equity,Equity Securities (Main Board),42.78,42.12,43.2,40.88,1077600,46.1,41.98,44.086,1.91,-2.96,1.23,5.32,6.21,161.6,161.6,161.6,161.6,161.6,-73.27,-73.27,-73.27,73.53,73.53,True,False,False,False,False,False,False,False,False,2026-09-21
2714,2714.HK,MUYUAN,牧原股份,118.43,100,Equity,Equity Securities (Main Board),38.42,37.2,38.46,37.06,1487000,57.13,37.764,38.198,1.74,0.58,3.28,3.06,0.58,50.7,50.7,50.7,50.7,50.7,-24.14,-24.14,-24.14,24.22,24.22,False,False,False,True,False,False,False,False,False,2026-09-21
2715,2715.HK,ESTUN,埃斯顿,14.48,200,Equity,Equity Securities (Main Board),14.96,15.3,15.32,14.9,2411400,36.07,14.74,14.848,1.49,0.75,-0.47,2.4,3.74,26.18,26.18,26.18,26.18,26.18,-41.48,-41.48,-41.48,42.86,42.86,False,False,False,False,False,False,False,False,False,2026-09-21
2718,2718.HK,MININGLAMP-W,明略科技－Ｗ,60.44,40,Equity,Equity Securities (Main Board),43.72,43.42,44.5,42.8,1422900,62.21,41.704,43.65,4.83,0.16,2.05,6.58,3.45,357.0,357.0,357.0,357.0,357.0,-87.54,-87.54,-87.54,87.75,87.75,False,False,False,True,False,False,False,False,False,2026-09-21
2720,2720.HK,RIDGE OUTDOOR,乐欣户外,34.59,500,Equity,Equity Securities (Main Board),26.98,27.46,27.5,26.48,8500,0.23,27.664,27.724,-2.47,-2.68,-2.18,-5.0,-2.74,39.5,39.5,39.5,39.5,39.5,-30.38,-30.38,-30.38,31.7,31.7,False,False,False,False,False,False,False,False,False,2026-09-21
2722,2722.HK,CHONGQING M&E,重庆机电,19.14,"2,000",Equity,Equity Securities (Main Board),1.74,1.735,1.765,1.715,4732556,8.23,1.719,1.767,1.22,-1.5,0.29,1.16,-1.42,3.82,3.82,3.82,3.82,3.82,-53.8,-53.8,-53.8,54.45,54.45,False,False,True,False,False,False,False,False,False,2026-09-21
2723,2723.HK,DEEPZERO,深演智能,410.78,100,Equity,Equity Securities (Main Board),452.2,483.0,483.0,451.0,120084,54.3,469.28,541.64,-3.64,-16.51,-0.4,-12.87,-6.76,1006.0,1006.0,1006.0,1006.0,1006.0,-51.99,-51.99,-51.99,55.05,55.05,False,False,False,False,False,False,False,False,False,2026-09-21
2726,2726.HK,EPIWORLD,瀚天天成,99.12,50,Equity,Equity Securities (Main Board),83.9,82.05,84.55,80.85,225950,18.96,82.96,92.5,1.13,-9.3,2.76,2.25,-13.24,141.0,141.0,141.0,141.0,141.0,-40.04,-40.04,-40.04,40.5,40.5,False,False,False,False,False,False,False,False,False,2026-09-21
2727,2727.HK,SH ELECTRIC,上海电气,86.27,"2,000",Equity,Equity Securities (Main Board),2.945,2.965,3.01,2.935,11784000,34.7,2.917,2.971,0.96,-0.89,-2.48,2.26,0.68,5.33,5.71,5.71,5.33,5.71,-43.53,-47.29,-47.29,44.75,48.42,False,False,False,False,False,False,False,False,False,2026-09-21
2729,2729.HK,GALAXIS TECH,凯乐士科技,123.4,200,Equity,Equity Securities (Main Board),28.56,30.02,31.6,27.74,199200,5.69,32.916,35.44,-13.23,-19.41,-7.09,-19.55,-27.33,47.0,47.0,47.0,47.0,47.0,-32.77,-32.77,-32.77,39.23,39.23,False,False,False,False,False,False,False,False,False,2026-09-21
2738,2738.HK,HUAJIN INTL,华津国际控股,0.96,"2,000",Equity,Equity Securities (Main Board),0.16,0.177,0.177,0.153,748000,0.12,0.178,0.226,-10.01,-29.11,-2.44,-7.51,-28.25,0.54,1.99,3.25,0.54,1.99,-66.92,-91.11,-94.55,70.09,91.96,False,False,False,False,False,False,False,False,False,2026-09-21
2768,2768.HK,GON TECHNOLOGY,国恩科技,19.45,200,Equity,Equity Securities (Main Board),43.8,41.62,45.52,41.62,1232432,53.98,40.22,38.612,8.9,13.44,5.29,12.31,16.92,59.3,59.3,59.3,59.3,59.3,-23.24,-23.24,-23.24,26.14,26.14,True,False,False,False,False,False,False,False,False,2026-09-21
2772,2772.HK,ZHONGLIANG HLDG,中梁控股,1.39,500,Equity,Equity Securities (Main Board),0.031,0.031,0.035,0.031,34513000,1.07,0.03,0.034,2.65,-8.01,3.33,3.33,-8.82,0.07,0.56,6.56,0.07,0.56,-52.7,-93.75,-99.47,58.11,94.46,False,False,False,False,False,False,False,False,False,2026-09-21
2777,2777.HK,R&F PROPERTIES,富力地产,4.8,400,Equity,Equity Securities (Main Board),0.128,0.11,0.134,0.11,4946800,0.63,0.122,0.128,4.58,-0.16,11.3,4.07,2.4,0.65,3.45,23.85,0.65,3.45,-79.38,-96.12,-99.44,80.31,96.29,False,False,False,False,False,False,False,False,False,2026-09-21
2788,2788.HK,CHUANGXIN IND,创新实业,352.96,500,Equity,Equity Securities (Main Board),17.01,16.47,17.19,16.26,3182568,54.14,16.44,16.843,3.47,0.99,3.09,4.68,4.29,33.96,33.96,33.96,33.96,33.96,-49.38,-49.38,-49.38,49.91,49.91,True,False,False,True,False,False,False,False,False,2026-09-21
2789,2789.HK,YUANDA CHINA,远大中国,10.62,"2,000",Equity,Equity Securities (Main Board),0.171,0.168,0.175,0.165,438000,0.07,0.174,0.174,-1.84,-1.84,-2.29,-2.84,-1.16,0.25,0.25,0.28,0.25,0.25,-31.37,-31.37,-37.5,32.94,32.94,False,False,False,False,False,False,False,False,False,2026-09-21
2797,2797.HK,QIYUNSHAN FOOD,齐云山食品,18.07,500,Equity,Equity Securities (Main Board),72.3,67.45,79.5,67.45,24500,1.77,73.84,81.82,-2.09,-11.64,7.19,-9.62,-14.94,118.7,118.7,118.7,118.7,118.7,-33.02,-33.02,-33.02,39.09,39.09,False,False,False,False,False,False,False,False,False,2026-09-21
2798,2798.HK,PER ENERGY,久泰邦达能源,14.4,"5,000",Equity,Equity Securities (Main Board),0.9,0.87,0.91,0.87,515000,0.46,0.898,0.89,0.22,1.12,0.56,0.0,1.69,1.27,1.33,16.7,1.27,1.33,-28.35,-31.58,-94.55,29.13,32.33,False,False,False,True,False,False,False,False,False,2026-09-21
2799,2799.HK,CITIC FAMC,中信金融资产,228.09,"1,000",Equity,Equity Securities (Main Board),0.645,0.635,0.645,0.625,32825240,21.17,0.626,0.631,3.04,2.22,1.57,4.88,4.03,0.92,1.41,4.13,0.92,1.41,-29.89,-54.26,-84.38,29.89,54.26,True,False,False,True,False,False,False,False,False,2026-09-21
2858,2858.HK,YIXIN,易鑫集团,75.11,500,Equity,Equity Securities (Main Board),1.105,1.095,1.115,1.075,13556000,14.98,1.092,1.118,1.19,-1.16,0.0,2.31,-3.07,2.94,3.3,10.18,2.94,3.3,-62.07,-66.21,-89.05,62.41,66.52,False,False,True,False,False,False,False,False,False,2026-09-21
2863,2863.HK,GOLDEN FAITH GP,高丰集团控股,5.52,"3,000",Equity,Equity Securities (Main Board),0.8,0.76,0.8,0.75,249000,0.2,0.797,0.789,0.38,1.33,2.56,-1.23,3.23,1.11,1.11,1.14,1.11,1.11,-27.93,-27.93,-29.82,27.93,27.93,False,False,False,True,False,False,False,False,False,2026-09-21
2865,2865.HK,DRINDA,钧达股份,10.18,100,Equity,Equity Securities (Main Board),12.42,12.44,12.67,12.26,2541600,31.57,11.988,12.407,3.6,0.1,0.98,3.76,5.43,52.6,52.6,52.6,52.6,52.6,-75.91,-75.91,-75.91,76.39,76.39,False,False,False,True,False,False,False,False,False,2026-09-21
2866,2866.HK,COSCO SHIP DEV,中远海发,31.99,"1,000",Equity,Equity Securities (Main Board),0.93,0.92,0.935,0.92,5500000,5.12,0.926,0.938,0.43,-0.85,1.09,0.54,-0.53,1.71,1.71,2.04,1.71,1.71,-45.32,-45.32,-54.17,45.61,45.61,False,False,False,False,False,False,False,False,False,2026-09-21
2869,2869.HK,GREENTOWN SER,绿城服务,128.12,"2,000",Equity,Equity Securities (Main Board),4.115,4.11,4.17,4.025,6264000,25.78,4.129,4.171,-0.34,-1.33,0.61,-1.32,-0.72,4.91,5.63,13.76,4.91,5.63,-15.07,-25.93,-69.69,16.19,26.91,False,False,False,False,False,False,False,False,False,2026-09-21
2877,2877.HK,SHINEWAY PHARM,神威药业,67.07,"1,000",Equity,Equity Securities (Main Board),8.11,8.125,8.245,8.025,1933000,15.68,8.105,8.154,0.06,-0.54,-0.18,0.87,0.5,10.47,10.76,18.54,10.47,10.76,-21.25,-23.37,-55.53,22.54,24.63,False,False,False,False,False,False,False,False,False,2026-09-21
2878,2878.HK,SOLOMON SYSTECH,晶门半导体,6.04,"2,000",Equity,Equity Securities (Main Board),0.243,0.243,0.247,0.239,432000,0.1,0.243,0.245,-0.16,-0.86,-0.41,-0.82,0.0,0.49,0.96,1.45,0.49,0.96,-49.59,-74.27,-82.97,50.41,74.69,False,False,False,False,False,False,False,False,False,2026-09-21
2880,2880.HK,LIAONING PORT,辽港股份,35.08,"2,000",Equity,Equity Securities (Main Board),0.68,0.675,0.68,0.675,702000,0.48,0.677,0.678,0.44,0.29,0.0,0.0,0.74,1.08,1.12,1.63,1.08,1.12,-37.04,-39.29,-58.28,37.04,39.29,False,False,False,True,False,False,False,False,False,2026-09-21
2881,2881.HK,WUHAN YOUJI,武汉有机,9.33,500,Equity,Equity Securities (Main Board),9.995,10.3,10.3,9.1,24000,0.24,9.951,10.014,0.44,-0.19,0.55,0.55,-0.05,13.0,13.0,13.0,13.0,13.0,-20.77,-20.77,-20.77,23.12,23.12,False,False,False,False,False,False,False,False,False,2026-09-21
2883,2883.HK,CHINA OILFIELD,中海油田服务,139.55,"2,000",Equity,Equity Securities (Main Board),7.715,7.455,7.755,7.45,9307290,71.81,7.716,7.703,-0.01,0.16,2.32,-1.84,0.72,11.74,11.74,13.26,11.74,11.74,-33.94,-33.94,-41.52,34.28,34.28,False,False,False,False,False,False,False,False,False,2026-09-21
2885,2885.HK,PEIPORT HOLD,彼岸控股,3.64,"2,000",Equity,Equity Securities (Main Board),0.91,0.92,0.92,0.91,78000,0.07,0.921,0.923,-1.19,-1.36,-1.09,-1.09,-0.55,0.96,0.99,1.2,0.96,0.99,-4.17,-7.07,-23.33,5.21,8.08,False,False,False,False,False,False,False,True,True,2026-09-21
2886,2886.HK,BINHAI INV,滨海投资,16.23,"2,000",Equity,Equity Securities (Main Board),1.19,1.17,1.19,1.17,10000,0.01,1.187,1.183,0.25,0.59,-0.42,0.85,2.15,1.27,1.76,2.25,1.27,1.76,-6.3,-32.39,-47.11,6.3,32.39,False,False,False,True,False,False,False,True,False,2026-09-21
2888,2888.HK,STANCHART,渣打集团,5361.91,50,Equity,Equity Securities (Main Board),246.0,240.4,246.0,240.4,532678,131.04,243.28,242.86,1.12,1.29,0.41,0.82,-0.24,248.8,248.8,248.8,248.8,248.8,-1.13,-1.13,-1.13,1.13,1.13,False,False,False,True,False,False,False,True,True,2026-09-21
2889,2889.HK,PATEO,博泰车联,77.23,20,Equity,Equity Securities (Main Board),88.4,93.75,95.2,88.0,516488,45.66,86.72,93.105,1.94,-5.05,-4.48,5.74,4.99,288.8,288.8,288.8,288.8,288.8,-67.04,-67.04,-67.04,69.39,69.39,False,False,False,False,False,False,False,False,False,2026-09-21
2892,2892.HK,MILLION CITIES,万城控股,4.58,"2,000",Equity,Equity Securities (Main Board),0.61,0.615,0.615,0.61,22000,0.01,0.614,0.615,-0.65,-0.73,-0.81,-0.81,-0.81,0.93,0.93,2.19,0.93,0.93,-33.87,-33.87,-71.92,34.41,34.41,False,False,False,False,False,False,False,False,False,2026-09-21
2899,2899.HK,ZIJIN MINING,紫金矿业,2050.61,"2,000",Equity,Equity Securities (Main Board),34.22,34.0,34.4,33.8,23821000,815.15,33.988,35.128,0.68,-2.58,0.23,-0.58,-1.16,46.98,46.98,46.98,46.98,46.98,-26.78,-26.78,-26.78,27.16,27.16,False,False,True,False,False,False,False,False,False,2026-09-21
2913,2913.HK,TIAN CHENG-OLD,天成控股（旧）,0.25,"1,000",Equity,Equity Securities (Main Board),0.56,0.6,0.6,0.56,4000,0.0,0.663,0.632,-15.54,-11.32,-16.42,-20.0,-6.67,0.7,0.7,0.7,0.7,0.7,-14.89,-14.89,-14.89,20.57,20.57,False,False,False,False,False,False,False,False,False,2026-09-21
3200,3200.HK,HANS CNC,大族数控,64.75,100,Equity,Equity Securities (Main Board),111.6,115.2,119.7,109.4,1869100,208.59,109.34,106.835,2.07,4.46,-1.93,1.45,12.33,205.8,205.8,205.8,205.8,205.8,-41.84,-41.84,-41.84,45.77,45.77,False,False,False,False,False,False,False,False,False,2026-09-21
3223,3223.HK,INGENIC,君正股份,32.66,100,Equity,Equity Securities (Main Board),104.3,104.5,108.5,102.4,2100100,219.04,98.78,98.48,5.59,5.91,3.78,5.57,10.72,102.6,102.6,102.6,108.5,108.5,5.75,5.75,5.75,3.87,3.87,False,False,False,False,True,True,True,True,True,2026-09-21
3268,3268.HK,MEIG,美格智能,7.99,100,Equity,Equity Securities (Main Board),19.88,19.89,20.52,19.66,716500,14.24,19.13,19.615,3.92,1.35,1.48,6.54,5.07,34.3,34.3,34.3,34.3,34.3,-40.17,-40.17,-40.17,42.04,42.04,True,False,False,False,False,False,False,False,False,2026-09-21
3277,3277.HK,GPIXEL,长光辰芯,249.47,100,Equity,Equity Securities (Main Board),82.9,84.6,86.5,81.4,1425615,118.18,80.32,80.615,3.21,2.83,-0.12,2.98,6.28,117.0,117.0,117.0,117.0,117.0,-26.07,-26.07,-26.07,29.15,29.15,False,False,False,False,False,False,False,False,False,2026-09-21
3288,3288.HK,HAITIAN FLAV,海天味业,79.1,100,Equity,Equity Securities (Main Board),27.16,26.7,27.26,26.48,1964390,53.35,26.876,27.198,1.06,-0.14,1.34,0.97,0.22,38.38,38.38,38.38,38.38,38.38,-28.97,-28.97,-28.97,29.23,29.23,False,False,False,False,False,False,False,False,False,2026-09-21
3296,3296.HK,HUAQIN,华勤技术,69.05,100,Equity,Equity Securities (Main Board),73.3,73.45,73.8,71.7,591780,43.38,70.94,71.295,3.33,2.81,2.45,3.39,8.59,101.0,101.0,101.0,101.0,101.0,-26.93,-26.93,-26.93,27.43,27.43,False,False,False,False,False,False,False,False,False,2026-09-21
3300,3300.HK,CHINA GLASS,中国玻璃,5.6,"2,000",Equity,Equity Securities (Main Board),0.305,0.32,0.345,0.3,6574000,2.01,0.297,0.303,2.69,0.66,1.67,3.39,0.0,0.69,0.95,4.5,0.69,0.95,-50.0,-63.68,-92.33,55.8,67.89,False,False,False,True,False,False,False,False,False,2026-09-21
3301,3301.HK,RONSHINECHINA,融信中国,1.18,500,Equity,Equity Securities (Main Board),0.07,0.07,0.07,0.063,1410000,0.1,0.067,0.072,4.17,-2.37,7.69,11.11,-5.41,0.19,2.19,14.64,0.19,2.19,-63.54,-96.8,-99.52,63.54,96.8,True,False,False,False,False,False,False,False,False,2026-09-21
3302,3302.HK,KINERGY,精技集团,2.95,"2,000",Equity,Equity Securities (Main Board),0.32,0.315,0.32,0.315,110000,0.04,0.304,0.302,5.26,5.96,6.67,6.67,6.67,0.68,0.68,1.31,0.68,0.68,-52.94,-52.94,-75.57,52.94,52.94,False,False,False,False,False,False,False,False,False,2026-09-21
3303,3303.HK,JUTAL OIL SER,巨涛海洋石油服务,9.71,"2,000",Equity,Equity Securities (Main Board),0.39,0.39,0.39,0.39,30000,0.01,0.387,0.391,0.78,-0.26,0.0,1.3,1.3,0.61,0.95,3.39,0.61,0.95,-36.07,-58.95,-88.5,36.07,58.95,False,False,False,False,False,False,False,False,False,2026-09-21
3306,3306.HK,JNBY,江南布衣,115.08,500,Equity,Equity Securities (Main Board),21.62,21.9,21.9,21.3,1567500,33.89,21.704,21.239,-0.39,1.79,-1.1,0.56,1.5,22.96,22.96,22.96,22.96,22.96,-4.62,-4.62,-4.62,5.84,5.84,False,False,False,False,False,False,False,True,True,2026-09-21
3308,3308.HK,ZJ INNOLIGHT,中际旭创,781.56,50,Equity,Equity Securities (Main Board),1243.0,1212.0,1255.0,1198.0,1306068,1623.44,1164.0,1151.5,6.79,7.95,3.15,9.32,16.17,1319.0,1319.0,1319.0,1319.0,1319.0,-4.85,-4.85,-4.85,5.76,5.76,True,True,False,False,False,False,False,True,True,2026-09-21
3309,3309.HK,C-MER MEDICAL,希玛医疗,10.15,"2,000",Equity,Equity Securities (Main Board),0.83,0.835,0.84,0.815,244723,0.2,0.828,0.831,0.24,-0.18,2.47,1.22,-2.92,1.71,3.98,19.9,1.71,3.98,-50.88,-78.89,-95.78,51.46,79.15,False,False,False,False,False,False,False,False,False,2026-09-21
3310,3310.HK,VIEWTRIX TECH,云英谷科技,123.13,200,Equity,Equity Securities (Main Board),28.24,29.0,29.38,27.24,1240800,35.04,26.812,25.878,5.33,9.13,-1.12,6.73,21.2,44.38,44.38,44.38,44.38,44.38,-33.8,-33.8,-33.8,36.37,36.37,False,False,False,False,False,False,False,False,False,2026-09-21
3311,3311.HK,CHINA STATE CON,中国建筑国际,441.59,"2,000",Equity,Equity Securities (Main Board),8.355,8.31,8.41,8.26,4111340,34.35,8.172,8.294,2.24,0.73,-0.12,6.77,1.27,9.87,13.18,14.47,9.87,13.18,-14.79,-36.19,-41.89,15.35,36.61,False,False,False,True,False,False,False,False,False,2026-09-21
3313,3313.HK,ARTGO HOLDINGS,雅高控股,1.03,"5,000",Equity,Equity Securities (Main Board),0.725,0.73,0.73,0.72,67000,0.05,0.703,0.687,3.13,5.53,-1.36,8.21,8.21,1.87,4.95,2943.35,1.87,4.95,-60.96,-85.25,-99.98,61.23,85.35,False,False,False,False,False,False,False,False,False,2026-09-21
3315,3315.HK,GOLDPAC GROUP,金邦达宝嘉,4.88,"1,000",Equity,Equity Securities (Main Board),0.605,0.605,0.615,0.6,250000,0.15,0.611,0.612,-0.98,-1.06,0.0,-2.42,0.0,0.89,1.53,3.05,0.89,1.53,-30.9,-59.8,-79.84,32.02,60.46,False,False,False,False,False,False,False,False,False,2026-09-21
3316,3316.HK,BINJIANG SER,滨江服务,57.22,500,Equity,Equity Securities (Main Board),20.74,20.64,20.8,20.42,156000,3.24,20.772,21.042,-0.15,-1.44,0.29,-1.14,-1.24,26.94,27.6,37.3,26.94,27.6,-22.79,-24.64,-44.24,23.01,24.86,False,False,False,False,False,False,False,False,False,2026-09-21
3317,3317.HK,XUNCE,迅策,295.39,100,Equity,Equity Securities (Main Board),107.0,104.7,107.5,101.4,1134742,121.42,100.49,103.605,6.48,3.28,4.39,9.46,14.19,382.8,382.8,382.8,382.8,382.8,-71.92,-71.92,-71.92,72.05,72.05,True,True,False,True,False,False,False,False,False,2026-09-21
3318,3318.HK,CHINA BOTON,中国波顿,32.8,"2,000",Equity,Equity Securities (Main Board),3.12,3.21,3.22,3.06,554000,1.73,3.181,3.142,-1.92,-0.7,0.48,-2.95,-1.89,3.35,3.35,13.4,3.35,3.35,-3.74,-3.74,-75.97,6.73,6.73,False,False,False,False,False,False,False,True,True,2026-09-21
3319,3319.HK,A-LIVING,雅生活服务,23.48,250,Equity,Equity Securities (Main Board),1.655,1.54,1.665,1.54,2087980,3.46,1.6,1.636,3.44,1.16,7.47,2.48,0.91,2.93,4.84,48.55,2.93,4.84,-43.17,-65.6,-96.57,43.52,65.81,False,False,False,True,False,False,False,False,False,2026-09-21
3320,3320.HK,CHINARES PHARMA,华润医药,275.49,500,Equity,Equity Securities (Main Board),4.385,4.335,4.395,4.31,10471187,45.92,4.308,4.336,1.79,1.14,0.8,2.69,1.74,6.53,7.11,13.16,6.53,7.11,-32.7,-38.19,-66.6,32.85,38.33,True,False,False,True,False,False,False,False,False,2026-09-21
3321,3321.HK,ZHONGKE GROUP,中科集团控股,0.75,"10,000",Equity,Equity Securities (Main Board),0.97,0.99,0.99,0.95,470000,0.46,0.984,0.981,-1.42,-1.12,-0.51,-3.48,0.0,2.2,12.8,79.9,2.2,12.8,-55.0,-92.27,-98.76,55.91,92.42,False,False,False,False,False,False,False,False,False,2026-09-21
3323,3323.HK,CNBM,中国建材,123.38,"2,000",Equity,Equity Securities (Main Board),3.32,3.25,3.34,3.25,33143863,110.04,3.308,3.377,0.36,-1.67,2.47,-0.15,-2.92,7.26,7.26,14.08,7.26,7.26,-53.99,-53.99,-76.28,54.27,54.27,False,False,False,False,False,False,False,False,False,2026-09-21
3328,3328.HK,BANKCOMM,交通银行,2891.98,"1,000",Equity,Equity Securities (Main Board),8.265,8.05,8.265,8.05,26908507,222.4,8.147,8.08,1.45,2.3,1.54,1.72,1.29,8.2,8.2,8.2,8.27,8.27,0.79,0.79,0.79,0.0,0.0,False,False,False,True,True,True,True,True,True,2026-09-21
3329,3329.HK,BOCOM INTL,交银国际,13.26,"1,000",Equity,Equity Securities (Main Board),0.485,0.48,0.485,0.47,215859,0.1,0.475,0.468,2.11,3.74,1.04,3.19,5.43,0.8,1.08,2.77,0.8,1.08,-39.37,-55.09,-82.49,39.37,55.09,False,False,False,False,False,False,False,False,False,2026-09-21
3330,3330.HK,LINGBAO GOLD,灵宝黄金,278.01,100,Equity,Equity Securities (Main Board),23.24,24.5,24.5,23.0,14375554,334.09,23.832,23.706,-2.48,-1.97,-5.37,-5.91,-0.17,31.2,31.2,31.2,31.2,31.2,-21.47,-21.47,-21.47,25.51,25.51,False,False,False,False,False,False,False,False,False,2026-09-21
3332,3332.HK,SINOLIFE UTD,中生联合,1.54,"2,000",Equity,Equity Securities (Main Board),0.163,0.173,0.173,0.163,8000,0.0,0.164,0.157,-0.61,3.82,-4.12,-1.21,9.4,0.46,0.93,2.12,0.46,0.93,-62.39,-81.4,-91.84,64.57,82.47,False,False,False,False,False,False,False,False,False,2026-09-21
3336,3336.HK,JU TENG INTL,巨腾国际,29.28,"2,000",Equity,Equity Securities (Main Board),2.44,2.49,2.535,2.415,672000,1.64,2.412,2.42,1.16,0.85,-2.01,2.09,5.4,5.52,5.52,5.52,5.52,5.52,-54.08,-54.08,-54.08,55.8,55.8,False,False,False,True,False,False,False,False,False,2026-09-21
3337,3337.HK,ANTON OILFIELD,安东油田服务,26.57,"2,000",Equity,Equity Securities (Main Board),0.89,0.88,0.895,0.87,1718000,1.53,0.901,0.919,-1.22,-3.1,1.14,-0.56,-4.3,1.37,1.62,1.66,1.37,1.62,-34.67,-44.75,-46.08,35.04,45.06,False,False,False,False,False,False,False,False,False,2026-09-21
3339,3339.HK,LONKING,中国龙工,139.32,"1,000",Equity,Equity Securities (Main Board),3.265,3.3,3.3,3.235,3990000,13.03,3.304,3.376,-1.18,-3.29,-0.91,-1.21,-2.97,3.62,3.62,4.46,3.62,3.62,-8.84,-8.84,-26.01,9.81,9.81,False,False,False,False,False,False,False,True,True,2026-09-21
3347,3347.HK,TIGERMED,泰格医药,56.96,100,Equity,Equity Securities (Main Board),46.34,45.0,47.0,45.0,2108700,97.72,45.008,43.768,2.96,5.88,2.3,5.17,3.95,57.0,60.6,199.9,57.0,60.6,-17.54,-22.44,-76.49,18.7,23.53,False,False,False,False,False,False,False,False,False,2026-09-21
3348,3348.HK,CHINA PENGFEI,中国鹏飞集团,6.55,"2,000",Equity,Equity Securities (Main Board),1.31,1.355,1.355,1.3,66000,0.09,1.35,1.355,-2.96,-3.32,-3.68,-3.68,-3.68,1.5,1.5,1.6,1.5,1.5,-9.67,-9.67,-15.31,12.67,12.67,False,False,False,False,False,False,False,False,False,2026-09-21
3355,3355.HK,FS.COM,飞速创新,161.59,100,Equity,Equity Securities (Main Board),40.22,42.08,42.48,38.0,943400,37.94,40.968,40.628,-1.83,-1.0,-2.9,-4.15,9.29,57.0,57.0,57.0,57.0,57.0,-25.47,-25.47,-25.47,29.44,29.44,False,False,False,False,False,False,False,False,False,2026-09-21
3360,3360.HK,FE HORIZON,远东宏信,312.26,"1,000",Equity,Equity Securities (Main Board),6.48,6.44,6.51,6.325,5216566,33.8,6.478,6.656,0.03,-2.64,0.93,-0.77,-1.67,8.28,8.54,9.33,8.28,8.54,-21.38,-23.77,-30.22,21.74,24.12,False,False,False,False,False,False,False,False,False,2026-09-21
3363,3363.HK,ZHENGYE INT'L,正业国际,1.68,"2,000",Equity,Equity Securities (Main Board),0.335,0.32,0.325,0.32,234000,0.08,0.341,0.351,-1.76,-4.42,1.52,-5.63,-6.94,0.41,0.52,2.5,0.41,0.52,-21.69,-37.5,-87.0,19.28,35.58,False,False,False,False,False,False,False,False,False,2026-09-21
3368,3368.HK,PARKSON GROUP,百盛集团,3.69,500,Equity,Equity Securities (Main Board),0.14,0.14,0.148,0.14,53500,0.01,0.136,0.136,2.94,2.87,0.0,5.26,7.69,0.21,0.22,1.51,0.21,0.22,-29.19,-32.73,-90.2,33.01,36.36,False,False,False,False,False,False,False,False,False,2026-09-21
3369,3369.HK,QHD PORT,秦港股份,19.46,500,Equity,Equity Securities (Main Board),2.345,2.395,2.42,2.335,2413000,5.66,2.403,2.42,-2.41,-3.08,-3.1,-3.5,-3.5,3.16,4.04,4.04,3.16,4.04,-23.42,-40.1,-40.1,25.79,41.96,False,False,False,False,False,False,False,False,False,2026-09-21
3377,3377.HK,SINO-OCEAN GP,远洋集团,5.19,500,Equity,Equity Securities (Main Board),0.041,0.04,0.041,0.038,28060000,1.15,0.04,0.042,1.99,-1.91,5.13,0.0,-4.65,0.11,0.75,6.77,0.11,0.75,-62.73,-94.53,-99.39,62.73,94.53,False,False,False,False,False,False,False,False,False,2026-09-21
3378,3378.HK,HANXBIO-B,翰思艾泰－Ｂ,39.74,100,Equity,Equity Securities (Main Board),29.64,30.0,30.62,28.0,50200,1.49,29.164,28.8,1.63,2.92,5.26,1.44,3.64,33.8,33.8,33.8,33.8,33.8,-9.41,-9.41,-9.41,12.31,12.31,False,False,False,True,False,False,False,False,False,2026-09-21
3380,3380.HK,LOGAN GROUP,龙光集团,71.35,"1,000",Equity,Equity Securities (Main Board),1.255,1.24,1.265,1.225,8303000,10.42,1.259,1.29,-0.32,-2.75,0.4,-1.18,-1.95,1.93,1.93,15.42,1.93,1.93,-34.46,-34.46,-91.8,34.97,34.97,False,False,False,False,False,False,False,False,False,2026-09-21
3382,3382.HK,TIANJINPORT DEV,天津港发展,37.87,"2,000",Equity,Equity Securities (Main Board),0.615,0.615,0.62,0.61,736000,0.45,0.617,0.621,-0.32,-0.97,0.0,-0.81,0.0,0.73,0.77,1.68,0.73,0.77,-15.07,-19.48,-63.1,15.75,20.13,False,False,False,False,False,False,False,False,False,2026-09-21
3383,3383.HK,AGILE GROUP,雅居乐集团,7.32,"2,000",Equity,Equity Securities (Main Board),0.145,0.135,0.15,0.135,4291716,0.62,0.143,0.149,1.12,-2.95,7.41,0.0,-0.68,0.32,2.39,17.84,0.32,2.39,-53.85,-93.72,-99.16,55.38,93.93,False,False,False,False,False,False,False,False,False,2026-09-21
3388,3388.HK,CREALITY,创想三维,114.69,150,Equity,Equity Securities (Main Board),24.12,22.0,25.06,22.0,2276700,54.91,21.764,21.858,10.83,10.35,9.74,13.45,15.19,34.0,34.0,34.0,34.0,34.0,-26.29,-26.29,-26.29,29.06,29.06,False,False,False,False,False,False,False,False,False,2026-09-21
3389,3389.HK,HENGDELI,亨得利,14.53,"4,000",Equity,Equity Securities (Main Board),0.33,0.33,0.33,0.33,8000,0.0,0.315,0.314,4.76,5.1,3.13,3.13,15.79,0.44,0.44,1.29,0.44,0.44,-24.14,-24.14,-74.42,24.14,24.14,False,False,False,False,False,False,False,False,False,2026-09-21
3390,3390.HK,TYCOON GROUP,满贯集团,2.23,"2,000",Equity,Equity Securities (Main Board),0.249,0.25,0.25,0.25,4000,0.0,0.249,0.25,-0.08,-0.24,0.4,-0.4,-0.4,0.38,5.95,6.25,0.38,5.95,-35.06,-95.8,-96.0,35.32,95.82,False,False,False,False,False,False,False,False,False,2026-09-21
3393,3393.HK,WASION HOLDINGS,威胜控股,142.31,"2,000",Equity,Equity Securities (Main Board),13.74,13.69,14.16,13.65,1454000,19.98,13.866,14.087,-0.91,-2.46,-1.36,-2.41,-0.65,33.8,33.8,33.8,33.8,33.8,-58.11,-58.11,-58.11,59.35,59.35,False,False,False,False,False,False,False,False,False,2026-09-21
3395,3395.HK,JX ENERGY,吉星新能源,1.96,"1,000",Equity,Equity Securities (Main Board),0.226,0.22,0.226,0.22,9000,0.0,0.213,0.201,6.1,12.49,13.0,1.35,15.31,0.61,1.68,3.29,0.61,1.68,-62.95,-86.55,-93.13,62.95,86.55,False,False,False,False,False,False,False,False,False,2026-09-21
3396,3396.HK,LEGENDHOLDING,联想控股,296.34,100,Equity,Equity Securities (Main Board),23.3,22.08,23.86,21.88,20775739,484.07,20.724,19.641,12.43,18.63,5.43,17.14,21.61,22.16,22.16,36.6,23.86,23.86,7.67,7.67,-34.81,2.35,2.35,False,False,False,False,True,True,False,True,True,2026-09-21
3398,3398.HK,CHINA TING,华鼎控股,1.64,"2,000",Equity,Equity Securities (Main Board),0.078,0.069,0.079,0.058,672000,0.05,0.064,0.062,21.5,25.2,23.81,30.0,30.0,0.16,0.34,0.63,0.16,0.34,-51.53,-76.76,-87.46,52.15,77.06,False,False,False,True,False,False,False,False,False,2026-09-21
3399,3399.HK,YUEYUN TRANS,粤运交通,2.49,"1,000",Equity,Equity Securities (Main Board),1.205,1.205,1.205,1.2,61000,0.07,1.191,1.226,1.18,-1.71,2.99,2.12,-3.6,1.73,2.06,6.57,1.73,2.06,-30.35,-41.5,-81.66,30.35,41.5,False,False,False,False,False,False,False,False,False,2026-09-21
3600,3600.HK,MODERN DENTAL,现代牙科,75.39,"1,000",Equity,Equity Securities (Main Board),8.07,7.905,8.37,7.895,550000,4.44,7.84,7.695,2.93,4.87,1.96,2.93,8.61,8.55,8.55,11.0,8.55,8.55,-2.05,-2.05,-23.91,5.56,5.56,False,False,False,False,False,False,False,True,True,2026-09-21
3601,3601.HK,LUDASHI,鲁大师,1.51,"1,000",Equity,Equity Securities (Main Board),0.56,0.555,0.56,0.555,35000,0.02,0.554,0.576,1.08,-2.69,0.0,1.82,1.82,0.98,1.37,11.16,0.98,1.37,-42.86,-59.12,-94.98,42.86,59.12,False,False,False,False,False,False,False,False,False,2026-09-21
3603,3603.HK,XINJI SHAXI,信基沙溪,1.3,"3,000",Equity,Equity Securities (Main Board),0.086,0.083,0.087,0.083,882000,0.08,0.084,0.084,2.38,2.87,3.61,3.61,1.18,0.12,0.24,3.5,0.12,0.24,-28.1,-63.14,-97.51,28.93,63.56,False,False,False,True,False,False,False,False,False,2026-09-21
3606,3606.HK,FUYAO GLASS,福耀玻璃,337.96,400,Equity,Equity Securities (Main Board),55.7,55.1,55.9,54.6,2112120,117.65,55.38,55.29,0.58,0.74,1.09,1.64,1.0,68.95,86.0,86.0,68.95,86.0,-18.93,-35.0,-35.0,19.22,35.23,False,False,False,True,False,False,False,False,False,2026-09-21
3613,3613.HK,TONGRENTANGCM,同仁堂国药,46.71,"1,000",Equity,Equity Securities (Main Board),5.58,5.555,5.68,5.555,2665000,14.87,5.699,5.816,-2.09,-4.07,-1.15,-4.45,-5.5,9.38,13.44,17.94,9.38,13.44,-39.45,-57.74,-68.34,40.51,58.48,False,False,False,False,False,False,False,False,False,2026-09-21
3616,3616.HK,EVER REACH GP,恒达集团控股,2.54,"2,000",Equity,Equity Securities (Main Board),0.212,0.189,0.212,0.185,524000,0.11,0.198,0.199,7.07,6.64,12.17,7.61,11.58,0.28,0.88,1.73,0.28,0.88,-24.29,-75.91,-87.75,24.29,75.91,False,False,False,True,False,False,False,False,False,2026-09-21
3618,3618.HK,CQRC BANK,重庆农村商业银行,159.6,"1,000",Equity,Equity Securities (Main Board),6.345,6.19,6.385,6.185,13415918,85.12,6.263,6.321,1.31,0.37,1.52,0.55,0.71,7.3,7.3,7.49,7.3,7.3,-12.53,-12.53,-14.75,13.08,13.08,False,False,False,True,False,False,False,False,False,2026-09-21
3625,3625.HK,FOURSEMI,傅里叶,77.4,100,Equity,Equity Securities (Main Board),69.7,73.0,75.4,67.9,400500,27.91,69.4,66.795,0.43,4.35,-3.6,-2.52,13.43,153.0,153.0,153.0,153.0,153.0,-50.72,-50.72,-50.72,54.44,54.44,False,False,False,False,False,False,False,False,False,2026-09-21
3626,3626.HK,EAST NOVA HLDGS,启明东方控股,3.72,"2,000",Equity,Equity Securities (Main Board),2.02,2.02,2.095,2.0,234000,0.47,1.906,1.909,5.98,5.79,0.0,11.6,8.02,3.6,21.0,21.0,3.6,21.0,-41.81,-90.02,-90.02,43.89,90.38,False,False,False,False,False,False,False,False,False,2026-09-21
3628,3628.HK,RENHENG ENT,仁恒实业控股,1.87,"4,000",Equity,Equity Securities (Main Board),0.232,0.235,0.235,0.232,164000,0.04,0.226,0.217,2.75,6.72,4.98,4.04,9.95,0.25,0.3,0.97,0.25,0.3,-6.0,-21.67,-75.77,7.2,22.67,False,False,False,False,False,False,False,True,False,2026-09-21
3633,3633.HK,ZHONGYU ENERGY,中裕能源,71.13,"1,000",Equity,Equity Securities (Main Board),2.645,2.65,2.68,2.57,2043000,5.4,2.665,2.714,-0.75,-2.54,0.76,-1.86,-0.75,4.2,6.85,10.28,4.2,6.85,-36.19,-60.88,-73.93,37.02,61.39,False,False,False,False,False,False,False,False,False,2026-09-21
3636,3636.HK,JINXUN RESOURCE,金浔资源,6.86,200,Equity,Equity Securities (Main Board),16.32,15.89,16.45,15.89,552400,9.02,16.114,16.658,1.28,-2.03,2.77,-1.92,2.0,51.8,51.8,51.8,51.8,51.8,-68.24,-68.24,-68.24,68.49,68.49,False,False,False,False,False,False,False,False,False,2026-09-21
3638,3638.HK,HUNLICAR GROUP,亨利加集团,2.07,"1,000",Equity,Equity Securities (Main Board),2.695,2.87,2.87,2.65,61000,0.16,2.836,2.997,-4.97,-10.06,-3.58,-8.33,-9.11,14.0,19.3,148.16,14.0,19.3,-79.5,-85.13,-98.06,80.75,86.04,False,False,False,False,False,False,False,False,False,2026-09-21
3639,3639.HK,YIDA CHINA,亿达中国,0.93,"2,000",Equity,Equity Securities (Main Board),0.036,0.038,0.038,0.034,940000,0.03,0.037,0.039,-2.17,-8.86,0.0,-2.7,0.0,0.09,0.33,7.01,0.09,0.33,-55.29,-88.48,-99.46,57.65,89.09,False,False,False,False,False,False,False,False,False,2026-09-21
3650,3650.HK,KEEP,KEEP,6.79,100,Equity,Equity Securities (Main Board),1.37,1.34,1.385,1.31,425900,0.58,1.321,1.376,3.71,-0.47,2.62,5.38,1.48,4.15,38.65,42.4,4.15,38.65,-66.63,-96.42,-96.73,66.99,96.46,False,False,True,False,False,False,False,False,False,2026-09-21
3658,3658.HK,NEW HOPE SERV,新希望服务,13.6,"1,000",Equity,Equity Securities (Main Board),1.67,1.67,1.67,1.67,1000,0.0,1.662,1.677,0.48,-0.42,1.83,0.6,-1.76,2.07,2.25,4.2,2.07,2.25,-19.32,-25.78,-60.24,19.32,25.78,False,False,False,False,False,False,False,False,False,2026-09-21
3660,3660.HK,QFIN-S,奇富科技－Ｓ,77.62,50,Equity,Equity Securities (Main Board),31.92,32.26,32.26,31.3,11650,0.37,32.08,32.824,-0.5,-2.75,-0.87,0.95,-3.97,77.95,204.0,204.0,77.95,204.0,-58.61,-84.19,-84.19,59.05,84.35,False,False,False,False,False,False,False,False,False,2026-09-21
3661,3661.HK,SG MICRO,圣邦股份,60.24,100,Equity,Equity Securities (Main Board),96.95,99.9,102.0,96.05,519700,50.38,95.2,92.34,1.84,4.99,-2.95,4.92,8.26,142.3,142.3,142.3,142.3,142.3,-28.32,-28.32,-28.32,31.87,31.87,False,False,False,False,False,False,False,False,False,2026-09-21
3662,3662.HK,STARJOY W&T,星悦康旅,2.72,"1,000",Equity,Equity Securities (Main Board),0.375,0.35,0.38,0.35,1334400,0.5,0.357,0.359,5.04,4.46,10.29,2.74,5.63,0.44,0.79,9.73,0.44,0.79,-12.64,-51.9,-96.09,13.79,52.53,False,False,False,True,False,False,False,False,False,2026-09-21
3668,3668.HK,YANCOAL AUS,兖煤澳大利亚,425.97,100,Equity,Equity Securities (Main Board),32.26,31.78,32.44,31.28,639300,20.62,33.348,34.574,-3.26,-6.69,-0.55,-5.67,-5.4,49.08,49.08,49.4,49.08,49.08,-33.9,-33.9,-34.33,34.27,34.27,False,False,False,False,False,False,False,False,False,2026-09-21
3669,3669.HK,YONGDA AUTO,永达汽车,15.41,500,Equity,Equity Securities (Main Board),0.805,0.775,0.82,0.77,5150500,4.15,0.815,0.816,-1.23,-1.41,4.55,-5.29,-4.17,1.75,3.28,17.14,1.75,3.28,-53.14,-75.0,-95.22,54.0,75.46,False,False,False,False,False,False,False,False,False,2026-09-21
3677,3677.HK,ZENERGY,正力新能,69.66,300,Equity,Equity Securities (Main Board),4.7,4.78,4.92,4.64,1609200,7.56,4.558,4.525,3.12,3.87,-4.18,7.43,8.17,9.84,13.01,13.01,9.84,13.01,-50.0,-62.18,-62.18,52.24,63.87,False,False,False,False,False,False,False,False,False,2026-09-21
3680,3680.HK,RUIHE DATA,瑞和数智,22.92,"2,000",Equity,Equity Securities (Main Board),2.49,2.51,2.545,2.48,1634000,4.07,2.37,2.375,5.06,4.84,-0.8,7.79,9.21,2.72,2.72,10.16,2.72,2.72,-6.43,-6.43,-74.95,8.46,8.46,False,False,False,False,False,False,False,True,True,2026-09-21
3681,3681.HK,SINOMAB BIO-B,中国抗体－Ｂ,15.46,300,Equity,Equity Securities (Main Board),1.115,1.145,1.145,1.1,515700,0.58,1.125,1.115,-0.89,0.04,-0.89,-1.33,1.36,2.19,3.76,7.3,2.19,3.76,-47.72,-69.55,-84.32,49.09,70.35,False,False,False,False,False,False,False,False,False,2026-09-21
3683,3683.HK,GREAT HARVEST,荣丰亿控股,0.31,"2,500",Equity,Equity Securities (Main Board),0.033,0.038,0.038,0.033,990000,0.03,0.036,0.036,-7.3,-7.82,-10.81,-8.33,-5.71,0.09,0.35,2.39,0.09,0.35,-60.0,-89.14,-98.41,65.26,90.57,False,False,False,False,False,False,False,False,False,2026-09-21
3686,3686.HK,CLIFFORDML,祈福生活服务,4.77,"10,000",Equity,Equity Securities (Main Board),0.47,0.465,0.48,0.465,170000,0.08,0.463,0.473,1.51,-0.53,1.08,3.3,-3.09,0.94,0.94,1.04,0.94,0.94,-48.94,-48.94,-53.85,50.0,50.0,True,False,False,False,False,False,False,False,False,2026-09-21
3688,3688.HK,TOP SPRING,莱蒙国际,2.47,500,Equity,Equity Securities (Main Board),0.175,0.183,0.183,0.175,33000,0.01,0.184,0.185,-4.89,-5.56,-5.41,-5.41,-8.38,0.98,0.98,5.3,0.98,0.98,-81.33,-81.33,-96.55,82.14,82.14,False,False,False,False,False,False,False,False,False,2026-09-21
3689,3689.HK,KANGHUA HEALTH,康华医疗,1.49,200,Equity,Equity Securities (Main Board),1.77,1.93,1.93,1.77,15600,0.03,1.882,1.891,-5.95,-6.4,-7.81,-6.84,-6.84,2.19,2.85,14.2,2.19,2.85,-11.87,-32.28,-86.41,19.18,37.89,False,False,False,False,False,False,False,False,False,2026-09-21
3690,3690.HK,MEITUAN-W,美团－Ｗ,4138.49,100,Equity,Equity Securities (Main Board),73.9,72.8,74.25,72.5,16160240,1194.24,73.84,75.25,0.08,-1.79,0.96,-0.74,-1.53,108.0,217.0,460.0,108.0,217.0,-31.25,-65.78,-83.86,31.57,65.94,False,False,False,False,False,False,False,False,False,2026-09-21
3692,3692.HK,HANSOH PHARMA,翰森制药,2153.99,"2,000",Equity,Equity Securities (Main Board),35.46,34.02,35.78,34.02,11272635,399.73,34.404,34.336,3.07,3.27,3.38,4.29,3.08,44.22,44.22,46.7,44.22,44.22,-19.09,-19.09,-23.38,19.81,19.81,False,False,False,True,False,False,False,False,False,2026-09-21
3696,3696.HK,INSILICO,英矽智能,371.75,500,Equity,Equity Securities (Main Board),63.8,63.0,65.2,60.8,24936083,1590.92,55.86,53.945,14.21,18.27,4.93,26.84,22.93,80.9,80.9,80.9,80.9,80.9,-19.41,-19.41,-19.41,21.14,21.14,True,False,False,False,False,False,False,False,False,2026-09-21
3698,3698.HK,HUISHANG BANK,徽商银行,169.07,"1,000",Equity,Equity Securities (Main Board),4.855,4.785,4.91,4.74,5204731,25.27,4.801,4.84,1.12,0.3,1.46,0.62,0.1,5.49,5.49,5.49,5.49,5.49,-10.56,-10.56,-10.56,11.57,11.57,False,False,False,True,False,False,False,False,False,2026-09-21
3699,3699.HK,EB GRAND CHINA,光大永年,2.03,"2,000",Equity,Equity Securities (Main Board),0.46,0.46,0.46,0.445,82000,0.04,0.46,0.451,0.0,2.0,0.0,0.0,0.0,0.5,0.52,1.53,0.5,0.52,-8.0,-11.54,-69.93,8.0,11.54,False,False,False,False,False,False,False,True,False,2026-09-21
3700,3700.HK,INKEVERSE,映宇宙,18.72,"1,000",Equity,Equity Securities (Main Board),0.805,0.805,0.805,0.79,63000,0.05,0.803,0.814,0.25,-1.04,0.0,2.55,0.62,1.61,2.38,5.48,1.61,2.38,-50.0,-66.18,-85.31,50.0,66.18,False,False,True,False,False,False,False,False,False,2026-09-21
3708,3708.HK,WORLD DIGI ECON,世界数字经济产业,1.89,"10,000",Equity,Equity Securities (Main Board),0.26,0.275,0.295,0.26,2030000,0.53,0.248,0.217,4.92,19.93,-8.77,23.81,41.3,0.47,1.35,12.6,0.47,1.35,-37.89,-78.15,-97.66,45.26,80.74,False,False,False,False,False,False,False,False,False,2026-09-21
3709,3709.HK,EEKA FASHION,赢家时尚,31.64,500,Equity,Equity Securities (Main Board),4.465,4.42,4.485,4.395,266000,1.19,4.502,4.588,-0.82,-2.67,1.48,0.11,-1.98,7.76,15.48,19.66,7.76,15.48,-42.2,-71.03,-77.19,42.46,71.16,False,False,False,False,False,False,False,False,False,2026-09-21
3718,3718.HK,BJ ENT URBAN,北控城市资源,13.52,"4,000",Equity,Equity Securities (Main Board),0.38,0.375,0.38,0.375,1108000,0.42,0.384,0.384,-1.04,-1.17,-1.3,-1.3,-1.3,0.45,0.61,2.54,0.45,0.61,-15.56,-37.7,-85.04,15.56,37.7,False,False,False,False,False,False,False,False,False,2026-09-21
3737,3737.HK,ZHONGZHIPHARM,中智药业,6.39,"1,000",Equity,Equity Securities (Main Board),0.74,0.705,0.74,0.705,457000,0.34,0.717,0.711,3.21,4.01,2.78,4.96,8.03,0.98,1.56,2.05,0.98,1.56,-24.49,-52.56,-63.9,24.49,52.56,False,False,False,True,False,False,False,False,False,2026-09-21
3738,3738.HK,VOBILE GROUP,阜博集团,90.75,"1,000",Equity,Equity Securities (Main Board),3.51,3.335,3.58,3.25,48444500,170.04,3.109,3.139,12.9,11.82,5.25,20.83,18.38,6.3,7.1,12.11,6.3,7.1,-43.17,-49.58,-70.44,44.29,50.56,True,False,False,False,False,False,False,False,False,2026-09-21
3750,3750.HK,CATL,宁德时代,1098.05,100,Equity,Equity Securities (Main Board),502.5,507.0,517.5,496.4,2482773,1247.59,506.7,531.55,-0.83,-5.47,-0.89,0.3,-8.47,794.5,794.5,794.5,794.5,794.5,-34.86,-34.86,-34.86,36.75,36.75,False,False,False,False,False,False,False,False,False,2026-09-21
3752,3752.HK,ROKAE ROBOTICS,珞石机器人,119.18,100,Equity,Equity Securities (Main Board),47.02,48.64,49.5,46.5,57600,2.71,48.85,49.73,-3.75,-5.45,-3.33,-7.35,-5.58,76.0,76.0,76.0,76.0,76.0,-34.87,-34.87,-34.87,38.13,38.13,False,False,False,False,False,False,False,False,False,2026-09-21
3759,3759.HK,PHARMARON,康龙化成,109.3,100,Equity,Equity Securities (Main Board),30.48,29.7,30.84,29.66,10638410,324.26,29.464,29.036,3.45,4.97,3.25,4.74,3.6,34.86,34.86,94.22,34.86,34.86,-11.53,-11.53,-67.27,12.56,12.56,True,False,False,False,False,False,False,False,False,2026-09-21
3773,3773.HK,YS DIGIFAVOR,银盛数惠,10.06,"2,000",Equity,Equity Securities (Main Board),2.425,2.36,2.425,2.35,74000,0.18,2.417,2.439,0.33,-0.57,1.04,0.21,0.21,2.79,3.49,3.49,2.79,3.49,-13.08,-30.52,-30.52,13.08,30.52,False,False,False,False,False,False,False,False,False,2026-09-21
3774,3774.HK,FAMEGLOW,亮晴控股,179.34,"1,000",Equity,Equity Securities (Main Board),21.9,21.02,23.0,21.02,564200,12.36,20.258,19.581,8.11,11.84,4.48,9.17,4.29,33.98,33.98,33.98,33.98,33.98,-32.31,-32.31,-32.31,35.55,35.55,False,False,False,False,False,False,False,False,False,2026-09-21
3788,3788.HK,HANKING GOLD,罕王黄金,79.08,"1,000",Equity,Equity Securities (Main Board),3.245,3.24,3.25,3.165,1170000,3.8,3.227,3.247,0.56,-0.08,-0.15,-1.67,0.31,5.6,5.6,5.6,5.6,5.6,-41.96,-41.96,-41.96,42.05,42.05,False,False,True,False,False,False,False,False,False,2026-09-21
3789,3789.HK,ROYAL DELUXE,御佳控股,3.0,"4,000",Equity,Equity Securities (Main Board),0.25,0.24,0.25,0.238,772000,0.19,0.238,0.239,4.95,4.6,2.04,7.76,7.3,0.26,0.26,0.62,0.26,0.26,-3.85,-3.85,-59.68,3.85,3.85,False,False,True,True,False,False,False,True,True,2026-09-21
3798,3798.HK,HOMELAND ITL,家乡互动,15.89,"2,000",Equity,Equity Securities (Main Board),1.34,1.35,1.35,1.26,78000,0.1,1.304,1.263,2.76,6.14,1.52,3.88,9.39,1.48,2.86,7.41,1.48,2.86,-8.78,-52.8,-81.78,9.46,53.15,True,True,False,True,False,False,False,True,False,2026-09-21
3800,3800.HK,GCL TECH,协鑫科技,242.79,"1,000",Equity,Equity Securities (Main Board),0.75,0.735,0.76,0.735,169042275,126.78,0.724,0.72,3.59,4.09,2.04,4.17,5.63,1.28,1.99,3.96,1.28,1.99,-40.62,-61.81,-80.8,41.41,62.31,False,False,False,False,False,False,False,False,False,2026-09-21
3808,3808.HK,SINOTRUK,中国重汽,1029.3,500,Equity,Equity Securities (Main Board),37.28,38.06,38.62,37.08,6074766,226.47,38.572,40.48,-3.35,-7.91,-2.05,-3.72,-9.86,48.4,48.4,48.4,48.4,48.4,-20.21,-20.21,-20.21,22.98,22.98,False,False,False,False,False,False,False,False,False,2026-09-21
3813,3813.HK,POU SHENG INT'L,宝胜国际,19.53,"1,000",Equity,Equity Securities (Main Board),0.37,0.375,0.375,0.37,1253000,0.46,0.36,0.372,2.78,-0.54,0.0,4.23,2.78,0.5,0.72,2.97,0.5,0.72,-25.0,-47.92,-87.37,26.0,48.61,False,False,False,False,False,False,False,False,False,2026-09-21
3818,3818.HK,CHINA DONGXIANG,中国动向,16.21,"1,000",Equity,Equity Securities (Main Board),0.275,0.26,0.275,0.26,1755000,0.48,0.265,0.264,3.77,3.97,5.77,3.77,5.77,0.49,0.56,1.77,0.49,0.56,-43.3,-50.89,-84.46,43.3,50.89,False,False,False,True,False,False,False,False,False,2026-09-21
3828,3828.HK,MING FAI INT'L,明辉国际,5.43,"1,000",Equity,Equity Securities (Main Board),0.74,0.77,0.77,0.73,418000,0.31,0.737,0.728,0.41,1.72,-1.99,-1.33,4.23,1.01,1.06,1.38,1.01,1.06,-23.76,-27.36,-44.2,26.73,30.19,False,False,False,False,False,False,False,False,False,2026-09-21
3830,3830.HK,KIDDIELAND,童园国际,2.0,"5,000",Equity,Equity Securities (Main Board),0.2,0.199,0.21,0.199,965000,0.19,0.199,0.2,0.6,-0.2,0.5,1.52,0.0,0.23,0.23,0.82,0.23,0.23,-8.7,-8.7,-74.39,13.04,13.04,True,False,False,False,False,False,False,False,False,2026-09-21
3833,3833.HK,XINXIN MINING,新疆新鑫矿业,18.49,"1,000",Equity,Equity Securities (Main Board),1.945,1.98,1.99,1.94,656000,1.28,1.954,2.009,-0.46,-3.19,-2.26,-2.26,-3.23,3.27,3.9,3.9,3.27,3.9,-39.14,-48.97,-48.97,40.52,50.13,False,False,False,False,False,False,False,False,False,2026-09-21
3836,3836.HK,HARMONY AUTO,和谐汽车,7.54,500,Equity,Equity Securities (Main Board),0.495,0.495,0.5,0.49,193500,0.1,0.512,0.516,-3.32,-4.16,-1.98,-8.33,-4.81,1.46,2.72,6.8,1.46,2.72,-65.75,-81.62,-92.65,66.1,81.8,False,False,False,False,False,False,False,False,False,2026-09-21
3838,3838.HK,CHINA STARCH,中国淀粉,10.25,"5,000",Equity,Equity Securities (Main Board),0.181,0.178,0.181,0.178,7460000,1.35,0.179,0.177,1.23,2.26,1.69,1.69,2.26,0.19,0.28,0.38,0.19,0.28,-6.22,-34.18,-52.37,6.22,34.18,False,False,False,False,False,False,False,True,False,2026-09-21
3839,3839.HK,CPBIO,正大生物,19.84,500,Equity,Equity Securities (Main Board),8.23,8.3,8.3,8.2,52500,0.43,8.406,8.472,-2.09,-2.86,-1.67,-3.18,-3.52,9.89,10.15,10.15,9.89,10.15,-16.08,-18.23,-18.23,16.78,18.92,False,False,False,False,False,False,False,False,False,2026-09-21
3848,3848.HK,HAOSEN FINTECH,浩森金融科技,16.11,"1,000",Equity,Equity Securities (Main Board),2.06,2.12,2.12,2.06,382000,0.79,2.054,2.057,0.29,0.15,0.49,0.0,0.49,2.38,2.66,2.66,2.38,2.66,-10.92,-20.3,-20.3,13.45,22.56,False,False,False,False,False,False,False,False,False,2026-09-21
3858,3858.HK,JIAXIN INTL RES,佳鑫国际资源,251.69,400,Equity,Equity Securities (Main Board),55.3,54.05,56.2,53.9,1659227,91.76,54.85,55.3,0.82,-0.0,-1.25,0.09,4.24,176.2,176.2,176.2,176.2,176.2,-68.1,-68.1,-68.1,68.62,68.62,False,False,True,False,False,False,False,False,False,2026-09-21
3866,3866.HK,BQD,青岛银行,117.12,500,Equity,Equity Securities (Main Board),5.105,5.06,5.125,4.98,2383000,12.17,5.052,5.112,1.05,-0.15,1.69,0.89,-0.68,5.41,5.41,7.99,5.41,5.41,-5.18,-5.18,-35.89,5.55,5.55,False,False,False,False,False,False,False,True,True,2026-09-21
3868,3868.HK,XINYI ENERGY,信义能源,68.59,"2,000",Equity,Equity Securities (Main Board),0.805,0.795,0.805,0.79,3814000,3.07,0.788,0.79,2.16,1.96,1.26,2.55,1.9,1.38,1.98,6.28,1.38,1.98,-41.67,-59.34,-87.19,41.67,59.34,False,False,False,False,False,False,False,False,False,2026-09-21
3869,3869.HK,HOSPITAL CORP,弘和仁爱医疗,4.7,200,Equity,Equity Securities (Main Board),3.4,3.4,3.4,3.4,400,0.0,3.4,3.4,0.0,0.0,0.0,0.0,0.0,5.9,8.8,20.5,5.9,8.8,-42.37,-61.36,-83.41,42.37,61.36,False,False,False,False,False,False,False,False,False,2026-09-21
3877,3877.HK,CSSC SHIPPING,中国船舶租赁,152.01,"2,000",Equity,Equity Securities (Main Board),2.455,2.43,2.465,2.41,11760154,28.87,2.452,2.438,0.12,0.7,0.41,-0.41,-0.2,2.61,2.61,2.61,2.61,2.61,-5.56,-5.56,-5.56,5.94,5.94,False,False,False,True,False,False,False,True,True,2026-09-21
3878,3878.HK,VICON HOLDINGS,VICON HOLDINGS,0.94,"2,000",Equity,Equity Securities (Main Board),0.195,0.196,0.196,0.195,1004000,0.2,0.193,0.194,0.83,0.52,1.56,1.56,1.56,0.29,0.29,6.14,0.29,0.29,-33.56,-33.56,-96.81,33.9,33.9,False,False,False,False,False,False,False,False,False,2026-09-21
3880,3880.HK,MEDTIDE,泰德医药,28.32,100,Equity,Equity Securities (Main Board),19.97,20.5,20.58,19.92,91400,1.83,19.612,19.532,1.83,2.24,-3.15,4.12,5.89,30.46,41.72,41.72,30.46,41.72,-32.44,-50.67,-50.67,34.44,52.13,False,False,False,False,False,False,False,False,False,2026-09-21
3881,3881.HK,CIDI,希迪智驾,91.08,100,Equity,Equity Securities (Main Board),21.46,22.12,22.12,21.28,154100,3.31,21.872,21.254,-1.88,0.97,-2.98,-0.28,1.23,40.88,40.88,40.88,40.88,40.88,-45.89,-45.89,-45.89,47.5,47.5,False,False,False,False,False,False,False,False,False,2026-09-21
3883,3883.HK,CHINA AOYUAN,中国奥园,1.7,"1,000",Equity,Equity Securities (Main Board),0.036,0.035,0.037,0.033,3654158,0.13,0.037,0.037,-2.7,-2.96,0.0,-5.26,0.0,0.11,1.18,13.12,0.11,1.18,-65.42,-96.86,-99.72,66.36,96.95,False,False,False,False,False,False,False,False,False,2026-09-21
3886,3886.HK,TOWN HEALTH,康健国际医疗,11.24,"2,000",Equity,Equity Securities (Main Board),0.16,0.163,0.17,0.16,2051000,0.33,0.165,0.17,-2.79,-6.05,0.63,-2.44,-8.05,0.28,0.37,1.42,0.28,0.37,-39.29,-54.05,-88.03,42.86,56.76,False,False,False,False,False,False,False,False,False,2026-09-21
3887,3887.HK,HASHKEY HLDGS,HASHKEY HLDGS,70.09,400,Equity,Equity Securities (Main Board),2.545,2.875,2.895,2.54,6516400,16.58,2.538,2.603,0.28,-2.23,-11.48,7.61,6.04,7.98,7.98,7.98,7.98,7.98,-63.72,-63.72,-63.72,68.11,68.11,False,False,False,False,False,False,False,False,False,2026-09-21
3888,3888.HK,KINGSOFT,金山软件,343.61,200,Equity,Equity Securities (Main Board),24.96,24.78,25.1,24.42,7038518,175.68,24.596,24.46,1.48,2.04,-0.48,3.06,2.89,33.68,47.5,79.5,33.68,47.5,-25.48,-47.16,-68.43,25.89,47.45,False,False,True,True,False,False,False,False,False,2026-09-21
3889,3889.HK,GLOBAL CORN GP,大成玉米集团,1.35,"2,000",Equity,Equity Securities (Main Board),0.07,0.046,0.084,0.046,3714000,0.26,0.055,0.061,26.35,14.94,55.56,25.0,7.69,0.1,0.25,0.29,0.1,0.25,-16.0,-66.4,-71.53,30.0,72.0,False,False,False,True,False,False,False,False,False,2026-09-21
3896,3896.HK,KINGSOFT CLOUD,金山云,237.24,"2,000",Equity,Equity Securities (Main Board),5.24,5.17,5.255,5.12,32542000,170.52,5.03,5.143,4.17,1.88,1.95,5.54,3.46,9.75,11.4,11.4,9.75,11.4,-46.1,-53.9,-53.9,46.26,54.04,False,False,False,True,False,False,False,False,False,2026-09-21
3898,3898.HK,TIMES ELECTRIC,时代电气,132.44,100,Equity,Equity Securities (Main Board),28.76,29.0,29.26,28.52,2336277,67.19,28.82,29.382,-0.21,-2.12,0.0,-0.96,-1.91,45.64,46.88,65.3,45.64,46.88,-35.89,-37.59,-55.19,36.99,38.65,False,False,False,False,False,False,False,False,False,2026-09-21
3899,3899.HK,CIMC ENRIC,中集安瑞科,159.75,"2,000",Equity,Equity Securities (Main Board),7.57,7.705,7.705,7.52,3716230,28.13,7.675,7.871,-1.37,-3.83,-2.32,-1.3,-5.32,13.88,13.88,13.88,13.88,13.88,-44.49,-44.49,-44.49,45.46,45.46,False,False,False,False,False,False,False,False,False,2026-09-21
3900,3900.HK,GREENTOWN CHINA,绿城中国,154.15,500,Equity,Equity Securities (Main Board),6.06,5.83,6.205,5.625,15018189,91.01,5.798,5.793,4.52,4.6,3.95,2.54,8.21,11.98,13.78,18.5,11.98,13.78,-48.21,-54.97,-66.46,49.42,56.02,False,False,True,True,False,False,False,False,False,2026-09-21
3908,3908.HK,CICC,中金公司,389.5,400,Equity,Equity Securities (Main Board),20.42,20.3,20.78,20.14,45382021,926.7,20.032,20.088,1.94,1.65,0.59,2.25,2.72,23.1,24.65,25.75,23.1,24.65,-10.04,-15.7,-19.3,11.6,17.16,False,False,False,False,False,False,False,False,False,2026-09-21
3913,3913.HK,KWG LIVING,合景悠活,2.51,"1,000",Equity,Equity Securities (Main Board),0.124,0.118,0.135,0.118,3217250,0.4,0.125,0.134,-0.8,-7.12,4.2,-6.06,-12.06,0.25,0.67,10.5,0.25,0.67,-45.56,-79.85,-98.71,50.0,81.49,False,False,False,False,False,False,False,False,False,2026-09-21
3918,3918.HK,NAGACORP,金界控股,138.44,"2,000",Equity,Equity Securities (Main Board),3.13,3.185,3.19,3.13,1750255,5.48,3.154,3.156,-0.76,-0.81,-1.57,-0.95,0.0,4.89,6.98,14.74,4.89,6.98,-34.76,-54.3,-78.36,35.99,55.16,False,False,False,False,False,False,False,False,False,2026-09-21
3919,3919.HK,GOLDENPOWER,金力集团,0.71,"4,000",Equity,Equity Securities (Main Board),1.56,1.7,1.7,1.5,108000,0.17,1.44,1.259,8.33,23.86,1.3,18.18,7.96,3.08,3.08,30.33,3.08,3.08,-44.81,-44.81,-94.39,49.35,49.35,True,False,False,False,False,False,False,False,False,2026-09-21
3928,3928.HK,CHINA NEXT-GEN,中国新零售供应链,132.93,500,Equity,Equity Securities (Main Board),26.8,28.22,28.22,26.7,254000,6.81,27.236,27.188,-1.6,-1.43,-3.53,-0.74,-1.33,29.56,29.56,29.56,29.56,29.56,-4.53,-4.53,-4.53,9.34,9.34,False,False,False,False,False,False,False,True,True,2026-09-21
3931,3931.HK,CALB,中创新航,144.53,100,Equity,Equity Securities (Main Board),19.01,19.21,19.6,18.65,7210750,137.08,17.906,17.487,6.17,8.71,-1.04,8.5,12.82,39.3,39.3,39.3,39.3,39.3,-50.13,-50.13,-50.13,51.63,51.63,False,False,False,False,False,False,False,False,False,2026-09-21
3933,3933.HK,UNITED LAB,联邦制药,160.48,"2,000",Equity,Equity Securities (Main Board),8.16,7.82,8.245,7.82,5878000,47.96,7.889,8.057,3.44,1.28,3.03,6.32,0.43,13.72,17.98,17.98,13.72,17.98,-39.91,-54.14,-54.14,40.52,54.62,True,False,True,True,False,False,False,False,False,2026-09-21
3938,3938.HK,LFG INV HLDGS,ＬＦＧ投资控股,14.42,"2,000",Equity,Equity Securities (Main Board),2.94,3.025,3.04,2.93,118000,0.35,2.997,3.027,-1.9,-2.87,-2.81,-2.49,-3.13,4.0,4.0,4.0,4.0,4.0,-24.0,-24.0,-24.0,26.5,26.5,False,False,False,False,False,False,False,False,False,2026-09-21
3939,3939.HK,WANGUO GOLD GP,万国黄金集团,653.9,500,Equity,Equity Securities (Main Board),14.91,15.48,15.79,14.69,40955676,610.65,15.298,15.329,-2.54,-2.73,-5.99,-5.63,-1.91,18.69,18.69,18.69,18.69,18.69,-15.52,-15.52,-15.52,20.22,20.22,False,False,False,False,False,False,False,False,False,2026-09-21
3952,3952.HK,LAIFUAL,来福谐波,52.22,100,Equity,Equity Securities (Main Board),50.25,53.45,53.45,48.2,42700,2.15,48.18,50.89,4.3,-1.26,-0.4,8.72,-0.69,119.6,119.6,119.6,119.6,119.6,-55.31,-55.31,-55.31,57.98,57.98,False,False,False,False,False,False,False,False,False,2026-09-21
3958,3958.HK,DFZQ,东方证券,59.78,400,Equity,Equity Securities (Main Board),5.82,5.7,5.825,5.69,6433200,37.44,5.712,5.767,1.89,0.91,1.75,2.11,0.87,7.63,8.96,9.2,7.63,8.96,-23.66,-34.99,-36.68,23.72,35.04,False,False,True,True,False,False,False,False,False,2026-09-21
3968,3968.HK,CM BANK,招商银行,2389.56,500,Equity,Equity Securities (Main Board),52.1,51.0,52.15,51.0,4769791,248.51,51.43,51.775,1.3,0.63,1.76,1.46,-1.23,53.6,56.75,72.45,53.6,56.75,-2.71,-8.11,-28.02,2.8,8.19,False,False,False,True,False,False,False,True,True,2026-09-21
3969,3969.HK,CHINA CRSC,中国通号,59.56,"1,000",Equity,Equity Securities (Main Board),3.025,3.0,3.03,2.985,2210000,6.69,3.039,3.082,-0.46,-1.85,1.34,-1.94,-2.26,3.95,4.28,7.5,3.95,4.28,-23.29,-29.21,-59.6,23.42,29.32,False,False,False,False,False,False,False,False,False,2026-09-21
3978,3978.HK,BESTSTUDY EDU,卓越教育集团,21.14,"1,000",Equity,Equity Securities (Main Board),2.49,2.365,2.5,2.365,842000,2.1,2.397,2.52,3.88,-1.19,0.2,8.26,-7.26,4.09,5.99,5.99,4.09,5.99,-38.88,-58.26,-58.26,39.12,58.43,True,False,True,False,False,False,False,False,False,2026-09-21
3983,3983.HK,CHINA BLUECHEM,中海石油化学,34.39,"2,000",Equity,Equity Securities (Main Board),1.915,1.92,1.92,1.895,2400000,4.6,1.93,1.965,-0.78,-2.52,-0.26,-1.79,-2.3,3.69,3.69,3.69,3.69,3.69,-47.97,-47.97,-47.97,48.1,48.1,False,False,False,False,False,False,False,False,False,2026-09-21
3986,3986.HK,GIGADEVICE,兆易创新,170.75,100,Equity,Equity Securities (Main Board),512.5,524.5,529.5,501.5,2225051,1140.34,475.58,469.25,7.76,9.22,0.1,13.89,22.02,1248.0,1248.0,1248.0,1248.0,1248.0,-57.57,-57.57,-57.57,58.93,58.93,True,True,False,False,False,False,False,False,False,2026-09-21
3988,3988.HK,BANK OF CHINA,中国银行,5059.15,"1,000",Equity,Equity Securities (Main Board),6.045,5.985,6.065,5.95,122837470,742.55,5.991,5.984,0.9,1.01,1.0,1.09,-0.66,6.14,6.14,6.14,6.14,6.14,-1.22,-1.22,-1.22,1.55,1.55,False,False,False,True,False,False,False,True,True,2026-09-21
3989,3989.HK,CAPITAL ENV,首创环境,12.01,"2,000",Equity,Equity Securities (Main Board),0.084,0.085,0.087,0.082,1740000,0.15,0.085,0.083,-0.71,0.72,-4.55,0.0,3.7,0.15,0.15,0.39,0.15,0.15,-40.41,-40.41,-77.69,42.47,42.47,False,False,False,False,False,False,False,False,False,2026-09-21
3990,3990.HK,MIDEA REAL EST,美的置业,33.88,200,Equity,Equity Securities (Main Board),2.36,2.305,2.365,2.28,456800,1.08,2.323,2.362,1.59,-0.08,2.39,1.72,0.43,4.69,7.92,25.3,4.69,7.92,-49.57,-70.14,-90.65,49.68,70.2,False,False,False,False,False,False,False,False,False,2026-09-21
3991,3991.HK,CHANGHONG JH,长虹佳华,8.66,"2,000",Equity,Equity Securities (Main Board),0.595,0.555,0.615,0.545,3826000,2.28,0.587,0.593,1.36,0.34,4.39,0.85,-0.83,1.16,1.16,1.31,1.16,1.16,-46.98,-46.98,-53.05,48.71,48.71,False,False,False,True,False,False,False,False,False,2026-09-21
3993,3993.HK,CMOC,洛阳钼业,617.95,"3,000",Equity,Equity Securities (Main Board),15.71,15.6,15.81,15.29,47945935,753.23,15.556,16.215,0.99,-3.11,0.13,0.26,0.58,25.24,25.24,25.24,25.24,25.24,-37.36,-37.36,-37.36,37.76,37.76,False,False,True,False,False,False,False,False,False,2026-09-21
3996,3996.HK,CH ENERGY ENG,中国能源建设,96.33,"2,000",Equity,Equity Securities (Main Board),1.04,1.04,1.045,1.035,6876000,7.15,1.039,1.041,0.1,-0.14,-0.48,0.0,0.48,1.55,1.96,1.96,1.55,1.96,-32.58,-46.68,-46.68,32.9,46.94,False,False,True,False,False,False,False,False,False,2026-09-21
3998,3998.HK,BOSIDENG,波司登,473.69,"2,000",Equity,Equity Securities (Main Board),4.04,4.08,4.085,3.98,45094451,182.18,4.15,4.262,-2.65,-5.22,-1.46,-4.38,-7.45,4.99,5.37,6.93,4.99,5.37,-18.05,-23.93,-41.05,18.96,24.77,False,False,False,False,False,False,False,False,False,2026-09-21
6030,6030.HK,CITIC SEC,中信证券,862.8,500,Equity,Equity Securities (Main Board),25.22,24.56,25.36,24.56,5768987,145.49,24.688,25.098,2.15,0.49,1.78,2.35,1.37,30.8,32.9,32.9,30.8,32.9,-17.66,-22.92,-22.92,18.12,23.34,False,False,True,True,False,False,False,False,False,2026-09-21
6031,6031.HK,SANY HEAVY IND,三一重工,128.63,200,Equity,Equity Securities (Main Board),17.86,18.15,18.15,17.72,3536800,63.17,18.384,19.142,-2.85,-6.7,-1.6,-3.25,-10.39,27.16,27.16,27.16,27.16,27.16,-33.17,-33.17,-33.17,34.24,34.24,False,False,False,False,False,False,False,False,False,2026-09-21
6036,6036.HK,APEX ACE HLDG,光丽科技,12.26,"5,000",Equity,Equity Securities (Main Board),1.14,1.15,1.155,1.14,305000,0.35,1.166,1.173,-2.23,-2.85,-2.98,-5.79,-6.56,2.0,2.0,2.0,2.0,2.0,-42.25,-42.25,-42.25,43.0,43.0,False,False,False,False,False,False,False,False,False,2026-09-21
6038,6038.HK,G & M HLDGS,信越控股,3.96,"10,000",Equity,Equity Securities (Main Board),0.395,0.4,0.4,0.395,200000,0.08,0.399,0.389,-1.0,1.54,-1.25,-1.25,2.6,0.47,0.47,0.61,0.47,0.47,-14.89,-14.89,-34.43,15.96,15.96,False,False,False,False,False,False,False,False,False,2026-09-21
6049,6049.HK,POLY PPT SER,保利物业,93.55,200,Equity,Equity Securities (Main Board),26.96,26.86,27.06,26.48,1110600,29.94,26.92,27.318,0.15,-1.31,1.66,-0.81,-1.25,35.06,40.65,92.85,35.06,40.65,-22.82,-33.43,-70.86,23.1,33.68,False,False,False,False,False,False,False,False,False,2026-09-21
6051,6051.HK,YOUZAN,有赞,19.52,"5,000",Equity,Equity Securities (Main Board),1.21,1.165,1.245,1.145,5045950,6.11,1.181,1.192,2.46,1.47,3.86,2.11,4.31,3.44,4.88,90.4,3.44,4.88,-63.81,-74.49,-98.62,64.83,75.2,False,False,False,True,False,False,False,False,False,2026-09-21
6055,6055.HK,CTIHK,中烟香港,169.18,"1,000",Equity,Equity Securities (Main Board),24.46,23.64,24.46,23.16,2395000,58.58,23.168,23.216,5.58,5.36,4.44,8.71,5.34,46.5,48.1,48.1,46.5,48.1,-47.4,-49.15,-49.15,47.4,49.15,True,False,True,True,False,False,False,False,False,2026-09-21
6058,6058.HK,CISI FIN,兴证国际,23.4,"2,000",Equity,Equity Securities (Main Board),0.585,0.58,0.585,0.57,448000,0.26,0.584,0.59,0.17,-0.85,1.74,-3.31,-2.5,0.69,0.86,1.45,0.69,0.86,-15.22,-31.98,-59.66,15.22,31.98,False,False,False,False,False,False,False,False,False,2026-09-21
6060,6060.HK,ZA ONLINE,众安在线,168.71,100,Equity,Equity Securities (Main Board),10.31,10.13,10.37,10.05,6580849,67.85,10.072,10.284,2.36,0.25,2.18,2.28,1.98,18.0,23.9,97.8,18.0,23.9,-42.39,-56.61,-89.4,42.72,56.86,False,False,True,True,False,False,False,False,False,2026-09-21
6063,6063.HK,LOTUS HORIZON,智中国际,21.2,"8,000",Equity,Equity Securities (Main Board),1.06,1.13,1.16,1.06,3608000,3.82,1.067,1.146,-0.66,-7.54,-6.19,8.72,0.95,1.49,1.49,1.7,1.49,1.49,-21.89,-21.89,-31.76,28.62,28.62,False,False,False,False,False,False,False,False,False,2026-09-21
6066,6066.HK,CSC,中信建投证券,145.9,500,Equity,Equity Securities (Main Board),11.58,11.43,11.68,11.39,3259000,37.74,11.406,11.564,1.53,0.14,0.52,1.58,1.14,13.95,17.48,17.48,13.95,17.48,-16.27,-33.18,-33.18,16.99,33.75,False,False,True,True,False,False,False,False,False,2026-09-21
6067,6067.HK,SENIOR MATERIAL,星源材质,11.88,500,Equity,Equity Securities (Main Board),7.92,7.88,8.065,7.72,1471500,11.65,7.769,7.615,1.94,4.0,0.89,0.76,1.21,13.41,13.41,13.41,13.41,13.41,-39.86,-39.86,-39.86,40.94,40.94,False,False,True,False,False,False,False,False,False,2026-09-21
6068,6068.HK,WISDOM EDU INTL,光正教育,1.29,"2,000",Equity,Equity Securities (Main Board),0.059,0.06,0.06,0.054,34000,0.0,0.059,0.059,-0.34,-0.34,0.0,0.0,0.0,0.09,0.43,7.5,0.09,0.43,-31.82,-85.88,-99.2,32.95,86.12,False,False,False,False,False,False,False,False,False,2026-09-21
6069,6069.HK,SY HOLDINGS,盛业,64.65,500,Equity,Equity Securities (Main Board),6.07,5.965,6.095,5.915,2894000,17.57,5.994,6.082,1.27,-0.2,1.76,-0.16,-2.41,12.36,15.24,15.24,12.36,15.24,-50.69,-60.01,-60.01,50.89,60.17,False,False,False,False,False,False,False,False,False,2026-09-21
6078,6078.HK,HYGEIA HEALTH,海吉亚医疗,60.15,200,Equity,Equity Securities (Main Board),9.965,9.64,10.0,9.59,1758950,17.53,9.766,9.944,2.04,0.21,4.62,2.94,-0.35,14.55,51.75,110.0,14.55,51.75,-31.27,-80.68,-90.91,31.51,80.74,False,False,False,True,False,False,False,False,False,2026-09-21
6082,6082.HK,BIREN TECH,壁仞科技,579.45,200,Equity,Equity Securities (Main Board),42.74,38.38,44.1,37.44,32560023,1391.62,35.896,36.194,19.07,18.09,12.65,29.99,29.12,70.75,70.75,70.75,70.75,70.75,-37.67,-37.67,-37.67,39.59,39.59,True,False,False,False,False,False,False,False,False,2026-09-21
6083,6083.HK,WORLD-LINK LOG,环宇物流（亚洲）,3.46,"4,000",Equity,Equity Securities (Main Board),0.69,0.71,0.73,0.68,752000,0.52,0.73,0.774,-5.48,-10.85,-3.5,-10.97,-11.54,1.2,1.2,3.0,1.2,1.2,-39.17,-39.17,-75.67,42.5,42.5,False,False,False,False,False,False,False,False,False,2026-09-21
6086,6086.HK,FANGZHOU JIANKE,方舟健客,9.98,500,Equity,Equity Securities (Main Board),0.73,0.71,0.74,0.7,301000,0.22,0.71,0.721,2.82,1.32,1.39,4.29,3.55,4.33,8.18,8.18,4.33,8.18,-82.91,-90.95,-90.95,83.14,91.08,False,False,True,True,False,False,False,False,False,2026-09-21
6088,6088.HK,FIT HON TENG,FIT HON TENG,395.13,"1,000",Equity,Equity Securities (Main Board),5.41,5.43,5.505,5.285,15381000,83.21,5.281,5.337,2.44,1.38,-0.09,3.15,2.56,10.89,10.89,10.89,10.89,10.89,-49.45,-49.45,-49.45,50.32,50.32,False,False,False,True,False,False,False,False,False,2026-09-21
6090,6090.HK,BUTONG GROUP,不同集团,36.42,100,Equity,Equity Securities (Main Board),41.04,42.08,42.52,40.48,700700,28.76,41.1,41.268,-0.15,-0.55,-2.52,-0.63,2.09,143.0,143.0,143.0,143.0,143.0,-70.27,-70.27,-70.27,71.3,71.3,False,False,False,False,False,False,False,False,False,2026-09-21
6098,6098.HK,CG SERVICES,碧桂园服务,173.28,"1,000",Equity,Equity Securities (Main Board),5.21,5.18,5.215,5.115,9895803,51.56,5.194,5.325,0.31,-2.17,1.36,-0.29,-3.07,6.61,8.83,85.2,6.61,8.83,-21.1,-40.94,-93.88,21.18,41.0,False,False,False,False,False,False,False,False,False,2026-09-21
6099,6099.HK,CMSC,招商证券,189.78,200,Equity,Equity Securities (Main Board),14.89,14.68,15.03,14.67,3601000,53.62,14.624,14.757,1.82,0.9,0.47,2.55,1.57,18.65,26.05,26.05,18.65,26.05,-19.41,-42.3,-42.3,20.16,42.84,False,False,False,True,False,False,False,False,False,2026-09-21
6100,6100.HK,TONGDAO LIEPIN,同道猎聘,10.63,200,Equity,Equity Securities (Main Board),2.105,2.36,2.36,2.085,342000,0.72,2.155,2.254,-2.32,-6.59,-1.86,-4.1,-4.75,4.8,7.5,36.0,4.8,7.5,-50.83,-68.53,-93.44,56.15,71.93,False,False,False,False,False,False,False,False,False,2026-09-21
6106,6106.HK,SEER TECH,仙工智能,80.0,50,Equity,Equity Securities (Main Board),72.55,70.3,75.4,69.35,542550,39.36,69.9,71.965,3.79,0.81,3.2,7.01,3.79,140.5,140.5,140.5,140.5,140.5,-46.33,-46.33,-46.33,48.36,48.36,False,False,True,True,False,False,False,False,False,2026-09-21
6108,6108.HK,NEW RAY MEDIC,新锐医药,0.44,"8,000",Equity,Equity Securities (Main Board),0.22,0.215,0.22,0.215,24000,0.01,0.223,0.224,-1.26,-1.74,-1.35,-3.93,-4.35,0.29,0.84,27.6,0.29,0.84,-25.42,-73.81,-99.2,25.42,73.81,False,False,False,False,False,False,False,False,False,2026-09-21
6110,6110.HK,TOPSPORTS,滔搏,62.32,"1,000",Equity,Equity Securities (Main Board),1.015,0.97,1.02,0.97,33445190,33.95,0.983,1.016,3.26,-0.15,3.57,5.18,1.5,3.19,6.96,13.78,3.19,6.96,-68.03,-85.34,-92.6,68.18,85.42,False,False,True,False,False,False,False,False,False,2026-09-21
6113,6113.HK,BITSTRAT HLDGS,比特策略,4.98,"2,000",Equity,Equity Securities (Main Board),1.245,1.195,1.28,1.195,20000,0.02,1.257,1.291,-0.95,-3.56,0.81,-0.4,-3.11,3.5,7.8,7.8,3.5,7.8,-63.43,-83.59,-83.59,64.43,84.04,False,False,False,False,False,False,False,False,False,2026-09-21
6118,6118.HK,AUSTAR,奥星生命科技,3.64,"1,000",Equity,Equity Securities (Main Board),0.71,0.695,0.72,0.69,38000,0.03,0.718,0.721,-1.11,-1.53,0.0,-2.74,-2.74,1.08,2.84,30.9,1.08,2.84,-33.33,-74.65,-97.67,34.26,75.0,False,False,False,False,False,False,False,False,False,2026-09-21
6123,6123.HK,YTO INTL EXP,圆通国际快递,4.85,"2,000",Equity,Equity Securities (Main Board),1.155,1.115,1.155,1.115,30000,0.03,1.148,1.141,0.61,1.23,-0.43,-2.94,4.05,1.6,1.75,12.3,1.6,1.75,-27.81,-34.0,-90.61,27.81,34.0,False,False,True,True,False,False,False,False,False,2026-09-21
6127,6127.HK,JOINN,昭衍新药,31.53,100,Equity,Equity Securities (Main Board),26.5,26.26,27.16,25.5,5123848,135.78,23.844,22.972,11.14,15.36,4.33,19.58,18.62,29.98,29.98,70.41,29.98,29.98,-9.41,-9.41,-61.42,11.61,11.61,True,False,False,False,False,False,False,False,False,2026-09-21
6128,6128.HK,GRAPHEX GROUP,烯石电车新材料,0.52,"10,000",Equity,Equity Securities (Main Board),0.055,0.053,0.055,0.053,5180000,0.28,0.053,0.054,3.38,2.23,3.77,3.77,3.77,0.32,1.32,13.72,0.32,1.32,-82.81,-95.83,-99.6,82.81,95.83,False,False,True,True,False,False,False,False,False,2026-09-21
6132,6132.HK,HJ SCIENCE-B,华健未来－Ｂ,31.72,100,Equity,Equity Securities (Main Board),43.1,42.08,43.58,41.86,42300,1.82,42.468,42.254,1.49,2.0,2.42,2.13,3.36,82.0,82.0,82.0,82.0,82.0,-46.85,-46.85,-46.85,47.44,47.44,False,False,False,True,False,False,False,False,False,2026-09-21
6136,6136.HK,KANGDA ENV,康达环保,16.73,"1,000",Equity,Equity Securities (Main Board),0.73,0.785,0.79,0.71,2306000,1.68,0.763,0.772,-4.33,-5.44,-6.41,-6.41,-7.59,0.92,0.92,2.3,0.92,0.92,-14.13,-14.13,-65.65,20.65,20.65,False,False,False,False,False,False,False,False,False,2026-09-21
6138,6138.HK,HARBIN BANK,哈尔滨银行,9.07,"1,000",Equity,Equity Securities (Main Board),0.3,0.305,0.305,0.3,582000,0.17,0.306,0.311,-1.96,-3.38,-3.23,-3.23,-1.64,0.4,0.57,2.8,0.4,0.57,-22.78,-46.49,-89.11,24.05,47.37,False,False,False,False,False,False,False,False,False,2026-09-21
6158,6158.HK,ZHENRO PPT,正荣地产,1.18,"1,000",Equity,Equity Securities (Main Board),0.027,0.027,0.029,0.025,4427000,0.12,0.024,0.025,11.57,9.31,3.85,22.73,22.73,0.12,0.28,6.64,0.12,0.28,-74.78,-89.64,-99.56,76.52,90.36,True,False,False,False,False,False,False,False,False,2026-09-21
6160,6160.HK,BEONE MEDICINES,百济神州,3094.23,100,Equity,Equity Securities (Main Board),216.6,213.6,219.0,213.0,3873635,839.03,211.84,210.66,2.25,2.82,1.88,4.84,1.79,235.6,235.6,278.6,235.6,235.6,-7.05,-7.05,-21.39,8.06,8.06,True,False,False,False,False,False,False,True,True,2026-09-21
6162,6162.HK,TR INTERIORS,天瑞汽车内饰,1.7,"8,000",Equity,Equity Securities (Main Board),0.071,0.075,0.079,0.07,38656000,2.74,0.065,0.067,9.91,5.65,-5.33,20.34,14.52,0.6,0.66,0.66,0.6,0.66,-86.83,-88.03,-88.03,88.17,89.24,False,False,False,False,False,False,False,False,False,2026-09-21
6166,6166.HK,CIG,剑桥科技,117.22,50,Equity,Equity Securities (Main Board),126.4,127.6,130.1,124.0,6315860,798.32,121.32,120.03,4.19,5.31,1.04,4.38,14.91,173.0,173.0,173.0,173.0,173.0,-24.8,-24.8,-24.8,26.94,26.94,True,False,False,False,False,False,False,False,False,2026-09-21
6168,6168.HK,ZHOU LIU FU,周六福,34.13,100,Equity,Equity Securities (Main Board),13.12,12.91,13.32,12.91,216600,2.84,12.722,12.833,3.13,2.24,1.63,3.96,4.79,31.3,57.55,57.55,31.3,57.55,-57.44,-76.85,-76.85,58.08,77.2,True,False,False,False,False,False,False,False,False,2026-09-21
6169,6169.HK,YUHUA EDU,宇华教育,15.3,"2,000",Equity,Equity Securities (Main Board),0.355,0.355,0.36,0.355,2168000,0.77,0.358,0.36,-0.84,-1.39,0.0,-1.39,-2.74,0.58,0.93,8.54,0.58,0.93,-37.93,-61.29,-95.78,38.79,61.83,False,False,False,False,False,False,False,False,False,2026-09-21
6178,6178.HK,EB SECURITIES,光大证券,50.41,200,Equity,Equity Securities (Main Board),7.16,7.135,7.195,7.065,1050200,7.52,7.107,7.216,0.75,-0.78,0.35,1.06,0.42,9.74,13.52,13.52,9.74,13.52,-26.13,-46.78,-46.78,26.49,47.04,False,False,True,False,False,False,False,False,False,2026-09-21
6181,6181.HK,LAOPU GOLD,老铺黄金,529.67,100,Equity,Equity Securities (Main Board),368.8,383.0,383.8,367.6,499030,184.04,369.0,376.58,-0.05,-2.07,-3.71,-1.5,-0.05,898.0,1108.0,1108.0,898.0,1108.0,-57.26,-65.36,-65.36,58.93,66.71,False,False,False,False,False,False,False,False,False,2026-09-21
6182,6182.HK,TWINTEK,乙德投资控股,6.6,"8,000",Equity,Equity Securities (Main Board),0.825,0.82,0.85,0.815,1280000,1.06,0.822,0.738,0.36,11.71,-1.79,-4.62,16.2,1.28,1.35,1.35,1.28,1.35,-33.59,-37.04,-37.04,35.55,38.89,False,False,False,False,False,False,False,False,False,2026-09-21
6185,6185.HK,CANSINOBIO,康希诺生物,37.44,200,Equity,Equity Securities (Main Board),28.22,26.36,28.32,26.36,7254099,204.71,26.288,26.868,7.35,5.03,7.06,11.37,6.65,41.64,56.55,449.6,41.64,56.55,-31.99,-49.92,-93.7,32.23,50.1,True,False,False,True,False,False,False,False,False,2026-09-21
6186,6186.HK,CHINA FEIHE,中国飞鹤,223.71,"1,000",Equity,Equity Securities (Main Board),2.54,2.51,2.54,2.485,11110883,28.22,2.506,2.545,1.36,-0.22,0.79,1.8,0.59,4.1,7.38,25.7,4.1,7.38,-38.05,-65.58,-90.12,38.05,65.58,True,False,True,False,False,False,False,False,False,2026-09-21
6188,6188.HK,BJ DIGITAL,迪信通,1.73,500,Equity,Equity Securities (Main Board),0.315,0.32,0.32,0.315,30500,0.01,0.351,0.369,-10.26,-14.75,-4.55,-19.23,-19.23,0.82,3.83,3.84,0.82,3.83,-60.98,-91.64,-91.67,61.59,91.78,False,False,False,False,False,False,False,False,False,2026-09-21
6193,6193.HK,TAILAM TECHCON,泰林科建,1.66,"2,000",Equity,Equity Securities (Main Board),0.415,0.415,0.415,0.415,12000,0.0,0.405,0.397,2.47,4.53,0.0,3.75,5.06,0.52,0.52,3.0,0.52,0.52,-20.19,-20.19,-86.17,20.19,20.19,False,False,False,False,False,False,False,False,False,2026-09-21
6196,6196.HK,BANKOFZHENGZHOU,郑州银行,18.08,"1,000",Equity,Equity Securities (Main Board),0.89,0.885,0.895,0.88,5103000,4.54,0.891,0.903,-0.11,-1.39,0.56,-0.56,-2.2,1.19,1.48,4.23,1.19,1.48,-24.79,-39.53,-78.87,25.21,39.86,False,False,False,False,False,False,False,False,False,2026-09-21
6198,6198.HK,QINGDAO PORT,青岛港,83.97,"1,000",Equity,Equity Securities (Main Board),7.64,7.525,7.66,7.49,6921112,52.88,7.618,7.597,0.29,0.57,0.79,-0.33,1.87,7.95,7.95,7.95,7.95,7.95,-3.65,-3.65,-3.65,3.9,3.9,False,False,False,True,False,False,False,True,True,2026-09-21
6199,6199.HK,BANK OF GUIZHOU,贵州银行,20.02,"1,000",Equity,Equity Securities (Main Board),0.91,0.91,0.91,0.91,9000,0.01,0.913,0.916,-0.33,-0.6,0.0,-0.55,-0.55,1.18,1.98,2.92,1.18,1.98,-22.88,-54.04,-68.84,22.88,54.04,False,False,False,False,False,False,False,False,False,2026-09-21
6228,6228.HK,MERDEKAGOLD-DRS,自由黄金－ＤＲＳ,5041.07,100,Equity,Depositary Receipts,34.2,34.54,34.56,33.9,268400,9.18,33.756,35.758,1.32,-4.36,-0.98,1.0,0.88,41.58,41.58,41.58,41.58,41.58,-16.88,-16.88,-16.88,17.75,17.75,False,False,False,False,False,False,False,False,False,2026-09-21
6600,6600.HK,ONEROBOTICS,卧安机器人,98.89,100,Equity,Equity Securities (Main Board),43.7,43.8,45.4,42.8,271900,11.88,42.632,43.952,2.51,-0.57,0.23,6.22,-2.19,201.6,201.6,201.6,201.6,201.6,-77.48,-77.48,-77.48,78.32,78.32,True,False,False,False,False,False,False,False,False,2026-09-21
6601,6601.HK,CHEERWIN GP,朝云集团,31.6,500,Equity,Equity Securities (Main Board),2.37,2.33,2.395,2.325,2165840,5.13,2.245,2.213,5.57,7.12,1.5,9.22,8.72,2.52,3.21,9.36,2.52,3.21,-4.96,-25.39,-74.41,5.95,26.17,True,False,False,False,False,False,False,True,False,2026-09-21
6603,6603.HK,IFBH,IFBH,10.47,200,Equity,Equity Securities (Main Board),3.955,4.17,4.17,3.9,434000,1.72,4.1,4.156,-3.54,-4.84,-5.16,-6.28,-6.83,21.56,48.8,48.8,21.56,48.8,-80.66,-91.45,-91.45,81.66,91.9,False,False,False,False,False,False,False,False,False,2026-09-21
6608,6608.HK,BAIRONG AI-W,百融智能－Ｗ,16.04,500,Equity,Equity Securities (Main Board),4.32,4.35,4.51,4.295,1081500,4.67,4.404,4.61,-1.91,-6.28,0.0,-4.0,-7.3,13.64,14.8,29.45,13.64,14.8,-66.94,-69.53,-84.69,68.33,70.81,False,False,False,False,False,False,False,False,False,2026-09-21
6609,6609.HK,HEARTCARE-B,心玮医疗－Ｂ,16.89,50,Equity,Equity Securities (Main Board),55.2,53.6,56.3,52.75,46850,2.59,53.81,51.354,2.58,7.49,2.99,2.32,10.89,66.9,71.25,147.5,66.9,71.25,-15.84,-20.98,-61.83,17.49,22.53,False,False,False,False,False,False,False,False,False,2026-09-21
6610,6610.HK,FLOWING CLOUD,飞天云动,1.05,"1,000",Equity,Equity Securities (Main Board),0.81,0.8,0.82,0.79,206700,0.17,0.808,0.856,0.25,-5.43,5.19,-3.57,-2.99,2.29,42.4,104.2,2.29,42.4,-64.19,-98.07,-99.21,64.63,98.09,False,False,False,False,False,False,False,False,False,2026-09-21
6613,6613.HK,LENS,蓝思科技,67.68,200,Equity,Equity Securities (Main Board),22.48,21.6,22.74,21.48,12847604,288.81,21.468,22.114,4.71,1.66,5.94,4.66,2.46,32.58,33.94,33.94,32.58,33.94,-30.2,-33.0,-33.0,31.0,33.77,False,False,False,True,False,False,False,False,False,2026-09-21
6616,6616.HK,GLOBAL NEW MAT,环球新材国际,118.23,"1,000",Equity,Equity Securities (Main Board),9.485,10.2,10.2,9.44,919000,8.72,9.665,9.793,-1.86,-3.15,0.37,-4.82,-2.17,11.18,11.18,11.36,11.18,11.18,-8.77,-8.77,-10.21,15.16,15.16,False,False,False,False,False,False,False,False,False,2026-09-21
6618,6618.HK,JD HEALTH,京东健康,1158.14,50,Equity,Equity Securities (Main Board),36.26,35.98,37.58,35.58,8176687,296.49,35.268,35.238,2.81,2.9,-0.06,5.71,4.2,71.7,71.7,198.5,71.7,71.7,-47.59,-47.59,-81.07,49.43,49.43,False,False,False,False,False,False,False,False,False,2026-09-21
6622,6622.HK,ZHAOKE OPHTH-B,兆科眼科－Ｂ,13.78,500,Equity,Equity Securities (Main Board),2.51,2.5,2.545,2.49,223000,0.56,2.494,2.498,0.64,0.48,0.4,1.21,0.4,3.79,4.6,15.6,3.79,4.6,-32.85,-44.67,-83.69,33.77,45.43,True,False,True,True,False,False,False,False,False,2026-09-21
6626,6626.HK,YUEXIU SERVICES,越秀服务,26.51,500,Equity,Equity Securities (Main Board),1.765,1.83,1.83,1.745,329281,0.58,1.767,1.79,-0.11,-1.4,0.86,-0.84,-2.49,2.56,3.94,5.73,2.56,3.94,-28.52,-53.55,-68.06,31.05,55.2,False,False,False,False,False,False,False,False,False,2026-09-21
6628,6628.HK,TRANSCENTA-B,创胜集团医药－Ｂ,5.12,500,Equity,Equity Securities (Main Board),1.115,0.975,1.265,0.975,5963000,6.65,0.934,0.919,19.38,21.33,14.36,20.54,39.37,3.06,5.8,16.18,3.06,5.8,-58.66,-78.19,-92.18,63.56,80.78,False,False,False,False,False,False,False,False,False,2026-09-21
6633,6633.HK,QINGCI GAMES,青瓷游戏,21.78,500,Equity,Equity Securities (Main Board),3.15,3.15,3.15,3.15,19500,0.06,3.168,3.167,-0.57,-0.54,0.0,-0.94,-0.94,3.48,6.48,11.84,3.48,6.48,-9.48,-51.39,-73.4,9.48,51.39,False,False,False,False,False,False,False,True,False,2026-09-21
6636,6636.HK,EXTREME VISION,极视角,88.59,50,Equity,Equity Securities (Main Board),78.9,76.05,80.5,73.45,351900,27.76,73.4,73.14,7.49,7.88,3.88,11.13,15.44,131.1,131.1,131.1,131.1,131.1,-38.6,-38.6,-38.6,39.82,39.82,False,False,False,False,False,False,False,False,False,2026-09-21
6651,6651.HK,51WORLD,五一视界,231.42,200,Equity,Equity Securities (Main Board),57.8,57.5,59.35,56.05,1769400,102.27,55.61,57.54,3.94,0.45,2.12,3.58,2.48,147.0,147.0,147.0,147.0,147.0,-59.63,-59.63,-59.63,60.68,60.68,False,False,False,True,False,False,False,False,False,2026-09-21
6655,6655.HK,HX BLDG MAT,华新建材,119.61,100,Equity,Equity Securities (Main Board),16.27,16.49,16.49,16.17,1232000,20.04,16.172,16.464,0.61,-1.18,-0.37,0.81,-0.91,20.2,20.2,20.2,20.2,20.2,-18.37,-18.37,-18.37,19.46,19.46,False,False,True,False,False,False,False,False,False,2026-09-21
6656,6656.HK,SIGENERGY,思格新能,466.42,100,Equity,Equity Securities (Main Board),328.4,337.0,346.6,328.4,542126,178.03,319.92,319.34,2.65,2.84,-2.55,8.38,2.31,669.0,669.0,669.0,669.0,669.0,-48.19,-48.19,-48.19,50.91,50.91,False,False,False,False,False,False,False,False,False,2026-09-21
6657,6657.HK,BAIWANG CO,百望股份,31.94,100,Equity,Equity Securities (Main Board),14.14,14.7,15.0,13.22,4654100,65.81,12.962,12.766,9.09,10.76,-2.82,20.03,21.27,20.0,51.5,51.5,20.0,51.5,-25.0,-70.87,-70.87,29.3,72.54,False,False,False,False,False,False,False,False,False,2026-09-21
6658,6658.HK,LIULIUMEI,溜溜梅,155.81,100,Equity,Equity Securities (Main Board),199.7,197.1,204.8,173.5,411000,82.08,181.02,169.14,10.32,18.07,1.32,20.96,12.32,210.0,210.0,210.0,210.0,210.0,-2.48,-2.48,-2.48,4.9,4.9,True,False,True,False,False,False,False,True,True,2026-09-21
6660,6660.HK,AIM VACCINE,艾美疫苗,8.43,200,Equity,Equity Securities (Main Board),1.66,1.615,1.705,1.615,128800,0.21,1.611,1.661,3.04,-0.06,2.79,3.75,-0.6,3.78,41.35,100.0,3.78,41.35,-54.89,-95.88,-98.29,56.08,95.99,False,False,False,False,False,False,False,False,False,2026-09-21
6663,6663.HK,IWS GROUP,国际永胜集团,2.4,"10,000",Equity,Equity Securities (Main Board),0.3,0.305,0.305,0.3,180000,0.05,0.303,0.288,-0.99,4.17,-1.64,3.45,7.14,0.42,0.7,1.49,0.42,0.7,-27.38,-56.43,-79.53,28.57,57.14,False,False,False,False,False,False,False,False,False,2026-09-21
6666,6666.HK,EVERG SERVICES,恒大物业,130.27,500,Equity,Equity Securities (Main Board),1.205,1.185,1.27,1.185,75524803,91.01,1.176,1.175,2.47,2.55,2.12,2.99,0.84,1.7,1.7,19.74,1.7,1.7,-25.29,-25.29,-93.57,29.12,29.12,False,False,False,False,False,False,False,False,False,2026-09-21
6667,6667.HK,MEGA GENOMICS,美因基因,15.5,200,Equity,Equity Securities (Main Board),6.955,7.01,7.01,6.94,120000,0.83,6.93,7.039,0.36,-1.19,-0.86,-1.35,-2.66,7.53,12.4,21.0,7.53,12.4,-6.91,-43.47,-66.62,7.64,43.91,False,False,False,False,False,False,False,True,False,2026-09-21
6668,6668.HK,E-STAR CM,星盛商业,14.2,"1,000",Equity,Equity Securities (Main Board),1.4,1.4,1.41,1.39,207000,0.29,1.398,1.393,0.14,0.5,0.0,-0.36,-0.71,1.43,1.56,6.15,1.43,1.56,-1.4,-9.62,-77.07,2.1,10.26,False,False,False,True,False,False,False,True,False,2026-09-21
6669,6669.HK,ACOTEC-B,先瑞达医疗－Ｂ,19.29,"1,000",Equity,Equity Securities (Main Board),6.16,5.95,6.195,5.92,427000,2.63,6.022,5.931,2.29,3.86,4.41,1.65,5.84,15.32,15.47,19.88,15.32,15.47,-59.56,-59.95,-68.84,59.79,60.18,False,False,False,True,False,False,False,False,False,2026-09-21
6675,6675.HK,SENASIC,SENASIC,108.15,200,Equity,Equity Securities (Main Board),28.32,30.96,30.96,28.06,313400,8.88,28.936,28.888,-2.13,-1.97,-8.41,-0.14,1.29,45.48,45.48,45.48,45.48,45.48,-31.93,-31.93,-31.93,37.73,37.73,False,False,False,False,False,False,False,False,False,2026-09-21
6676,6676.HK,ZG GROUP-W,找钢网－Ｗ,5.99,500,Equity,Equity Securities (Main Board),0.68,0.66,0.7,0.65,22000,0.01,0.68,0.694,0.0,-2.02,3.82,2.26,-3.55,2.19,8.21,8.21,2.19,8.21,-68.04,-91.47,-91.47,68.95,91.72,False,False,False,False,False,False,False,False,False,2026-09-21
6677,6677.HK,SINO-OCEAN SERV,远洋服务,3.55,500,Equity,Equity Securities (Main Board),0.3,0.305,0.305,0.3,1500,0.0,0.308,0.307,-2.6,-2.12,-3.23,-3.23,0.0,0.46,0.99,6.88,0.46,0.99,-33.7,-69.19,-95.57,34.78,69.7,False,False,False,False,False,False,False,False,False,2026-09-21
6680,6680.HK,JLMAG,金力永磁,38.53,200,Equity,Equity Securities (Main Board),15.92,15.58,16.01,15.42,2122160,33.78,15.664,15.928,1.63,-0.05,1.47,1.86,0.89,25.94,29.3,29.3,25.94,29.3,-38.28,-45.36,-45.36,38.63,45.67,False,False,True,False,False,False,False,False,False,2026-09-21
6681,6681.HK,BRAINAURORA-B,脑动极光－Ｂ,17.93,"1,000",Equity,Equity Securities (Main Board),1.315,1.295,1.38,1.28,24761510,32.56,1.272,1.284,3.38,2.37,3.14,4.37,3.54,8.48,17.79,17.79,8.48,17.79,-83.73,-92.24,-92.24,84.49,92.61,False,False,False,True,False,False,False,False,False,2026-09-21
6682,6682.HK,PHANCY,范式智能,100.72,100,Equity,Equity Securities (Main Board),28.12,28.42,28.7,27.6,3879900,109.1,26.52,26.96,6.03,4.3,-1.06,12.12,10.27,61.95,115.0,115.0,61.95,115.0,-53.67,-75.04,-75.04,54.61,75.55,False,False,False,False,False,False,False,False,False,2026-09-21
6683,6683.HK,STARPLUS LEGEND,巨星传奇,37.9,500,Equity,Equity Securities (Main Board),3.94,3.885,4.02,3.88,5696500,22.44,3.762,3.743,4.73,5.28,1.68,10.36,7.21,11.15,17.64,17.64,11.15,17.64,-63.95,-77.21,-77.21,64.66,77.66,False,False,False,False,False,False,False,False,False,2026-09-21
6687,6687.HK,JST GROUP,聚水潭,54.2,100,Equity,Equity Securities (Main Board),12.81,13.2,13.22,12.74,343700,4.4,12.768,12.729,0.33,0.64,-3.9,2.48,-0.39,33.66,41.72,41.72,33.66,41.72,-60.72,-68.31,-68.31,61.94,69.3,False,False,False,False,False,False,False,False,False,2026-09-21
6690,6690.HK,HAIER SMARTHOME,海尔智家,563.58,200,Equity,Equity Securities (Main Board),19.75,20.62,20.66,19.56,21837196,431.28,20.53,20.731,-3.8,-4.73,-4.03,-4.59,-5.86,28.2,36.45,38.45,28.2,36.45,-26.74,-43.32,-46.27,29.96,45.82,False,False,False,False,False,False,False,False,False,2026-09-21
6693,6693.HK,CHIFENG GOLD,赤峰黄金,90.11,200,Equity,Equity Securities (Main Board),38.1,38.04,38.8,37.76,2639237,100.55,38.032,38.76,0.18,-1.7,-1.35,-3.25,-1.4,49.9,49.9,49.9,49.9,49.9,-22.24,-22.24,-22.24,23.65,23.65,False,False,True,False,False,False,False,False,False,2026-09-21
6698,6698.HK,STAR CM,星空华文,3.34,100,Equity,Equity Securities (Main Board),0.84,0.81,0.84,0.81,45300,0.04,0.838,0.838,0.24,0.18,0.0,-0.59,-0.59,1.19,30.4,132.0,1.19,30.4,-29.41,-97.24,-99.36,29.41,97.24,False,False,True,True,False,False,False,False,False,2026-09-21
6699,6699.HK,ANGELALIGN,时代天使,149.62,200,Equity,Equity Securities (Main Board),86.95,86.6,88.7,86.05,302600,26.31,87.47,89.465,-0.59,-2.81,0.46,-0.51,-1.42,100.0,100.0,490.0,100.0,100.0,-11.3,-11.3,-81.9,13.05,13.05,False,False,False,False,False,False,False,False,False,2026-09-21
6715,6715.HK,XUNLONG SCITECH,鲟龙科技,70.88,100,Equity,Equity Securities (Main Board),64.5,69.1,69.75,63.95,371600,23.97,64.77,67.595,-0.42,-4.58,-4.87,1.57,-1.3,120.2,120.2,120.2,120.2,120.2,-41.97,-41.97,-41.97,46.34,46.34,False,False,False,False,False,False,False,False,False,2026-09-21
6745,6745.HK,BEFAR GROUP,滨化股份,10.88,"1,000",Equity,Equity Securities (Main Board),3.09,3.1,3.11,3.07,1805000,5.58,3.058,3.087,1.05,0.1,0.49,0.32,0.82,4.19,4.19,4.19,4.19,4.19,-25.78,-25.78,-25.78,26.25,26.25,False,False,False,True,False,False,False,False,False,2026-09-21
6805,6805.HK,KIMOU ENVIRON,金茂源环保,32.62,"2,000",Equity,Equity Securities (Main Board),2.95,2.91,2.95,2.91,94000,0.28,2.917,2.957,1.13,-0.22,2.08,0.0,0.68,3.99,3.99,3.99,3.99,3.99,-26.07,-26.07,-26.07,26.07,26.07,False,False,False,False,False,False,False,False,False,2026-09-21
6806,6806.HK,SWHY,申万宏源,62.22,800,Equity,Equity Securities (Main Board),2.485,2.46,2.49,2.44,5731200,14.24,2.452,2.483,1.35,0.08,0.81,1.43,1.02,3.4,4.65,4.65,3.4,4.65,-26.76,-46.45,-46.45,26.91,46.56,False,False,True,True,False,False,False,False,False,2026-09-21
6808,6808.HK,SUNART RETAIL,高鑫零售,101.13,500,Equity,Equity Securities (Main Board),1.05,1.03,1.075,1.025,13690182,14.37,1.052,1.059,-0.19,-0.8,1.94,-3.23,-2.33,1.94,2.8,13.4,1.94,2.8,-44.59,-61.61,-91.98,45.88,62.5,False,False,False,False,False,False,False,False,False,2026-09-21
6809,6809.HK,MONTAGE TECH,澜起科技,217.92,100,Equity,Equity Securities (Main Board),287.4,290.0,297.8,283.0,2700419,776.1,272.88,268.32,5.32,7.11,1.55,6.37,18.27,543.0,543.0,543.0,543.0,543.0,-45.16,-45.16,-45.16,47.07,47.07,False,False,False,False,False,False,False,False,False,2026-09-21
6810,6810.HK,SUNMI TECH-W,商米科技－Ｗ,172.09,100,Equity,Equity Securities (Main Board),56.15,54.5,56.85,54.1,1132400,63.58,54.56,54.35,2.91,3.31,3.03,1.54,7.67,99.8,99.8,99.8,99.8,99.8,-43.04,-43.04,-43.04,43.74,43.74,False,False,True,True,False,False,False,False,False,2026-09-21
6811,6811.HK,TAI HING GROUP,太兴集团,14.09,"1,000",Equity,Equity Securities (Main Board),1.45,1.41,1.48,1.41,2004000,2.91,1.433,1.46,1.19,-0.68,2.11,0.0,-0.34,1.56,1.56,3.01,1.56,1.56,-5.13,-5.13,-50.83,7.05,7.05,False,False,False,False,False,False,False,True,True,2026-09-21
6812,6812.HK,WINSON HLDGS HK,永顺控股香港,1.5,"5,000",Equity,Equity Securities (Main Board),0.25,0.25,0.25,0.25,95000,0.02,0.25,0.253,0.0,-1.19,0.0,0.0,0.0,0.34,0.34,0.8,0.34,0.34,-27.54,-27.54,-68.75,27.54,27.54,False,False,False,False,False,False,False,False,False,2026-09-21
6818,6818.HK,CEB BANK,中国光大银行,357.54,"1,000",Equity,Equity Securities (Main Board),2.815,2.77,2.82,2.76,18621747,52.42,2.794,2.814,0.75,0.04,1.62,0.54,-0.53,3.66,4.13,4.76,3.66,4.13,-22.95,-31.72,-40.76,23.09,31.84,False,False,False,True,False,False,False,False,False,2026-09-21
6820,6820.HK,FRIENDTIMES,友谊时光,7.74,"2,000",Equity,Equity Securities (Main Board),0.355,0.37,0.37,0.345,70000,0.02,0.359,0.359,-1.11,-0.98,-2.74,-1.39,-1.39,0.67,1.65,4.08,0.67,1.65,-44.78,-77.58,-90.93,47.01,78.48,False,False,False,False,False,False,False,False,False,2026-09-21
6821,6821.HK,ASYMCHEM,凯莱英,44.42,100,Equity,Equity Securities (Main Board),159.8,163.0,163.0,150.2,2029188,324.26,160.1,150.68,-0.19,6.05,1.4,-2.86,4.24,178.0,178.0,277.14,178.0,178.0,-8.43,-8.43,-41.19,10.22,10.22,False,False,False,False,False,False,False,False,False,2026-09-21
6823,6823.HK,HKT-SS,香港电讯－ＳＳ,946.28,"1,000",Equity,Equity Securities (Main Board),12.48,12.45,12.5,12.42,2308914,28.82,12.438,12.401,0.34,0.64,0.24,0.65,0.89,13.58,13.58,13.58,13.58,13.58,-7.95,-7.95,-7.95,8.1,8.1,False,False,False,False,False,False,False,True,True,2026-09-21
6826,6826.HK,HAOHAI BIOTEC,昊海生物科技,5.56,100,Equity,Equity Securities (Main Board),15.96,15.8,16.1,15.5,292280,4.66,15.98,16.32,-0.13,-2.21,5.0,-2.68,-3.1,27.06,48.9,150.0,27.06,48.9,-40.5,-67.08,-89.27,41.02,67.36,False,False,False,False,False,False,False,False,False,2026-09-21
6828,6828.HK,BG BLUE SKY,北京燃气蓝天,7.96,"8,000",Equity,Equity Securities (Main Board),0.035,0.035,0.035,0.034,2088000,0.07,0.035,0.036,-1.13,-2.78,2.94,-2.78,-2.78,0.05,0.07,0.7,0.05,0.07,-32.69,-52.7,-95.0,32.69,52.7,False,False,False,False,False,False,False,False,False,2026-09-21
6829,6829.HK,DRAGON RISE GP,龙升集团控股,8.05,"1,000",Equity,Equity Securities (Main Board),2.795,2.62,2.795,2.51,401000,1.12,2.694,2.655,3.75,5.29,3.52,2.01,5.47,2.98,3.1,4.65,2.98,3.1,-6.21,-9.84,-39.89,6.21,9.84,False,False,True,True,False,False,False,True,True,2026-09-21
6830,6830.HK,HUAZHONG IN-V,华众车载,3.36,"2,000",Equity,Equity Securities (Main Board),0.192,0.188,0.193,0.187,138000,0.03,0.198,0.198,-2.93,-2.93,-3.52,-3.52,-3.52,0.26,2.71,5.09,0.26,2.71,-25.77,-92.88,-96.21,26.15,92.92,False,False,False,False,False,False,False,False,False,2026-09-21
6831,6831.HK,GREEN TEA GROUP,绿茶集团,32.3,400,Equity,Equity Securities (Main Board),4.905,4.88,4.95,4.88,1972800,9.68,4.977,5.062,-1.45,-3.11,-2.49,-0.91,-4.57,9.5,9.81,9.81,9.5,9.81,-47.89,-49.54,-49.54,48.37,50.0,False,False,False,False,False,False,False,False,False,2026-09-21
6833,6833.HK,SINCO PHARMA,兴科蓉医药,2.81,"4,000",Equity,Equity Securities (Main Board),0.138,0.135,0.138,0.135,156000,0.02,0.142,0.145,-2.54,-5.09,2.22,-8.0,-7.38,0.23,0.32,2.32,0.23,0.32,-39.47,-56.88,-94.05,39.47,56.88,False,False,False,False,False,False,False,False,False,2026-09-21
6838,6838.HK,WINOX,盈利时,1.74,"2,000",Equity,Equity Securities (Main Board),0.29,0.285,0.29,0.242,678000,0.2,0.262,0.247,10.52,17.31,1.75,18.37,23.4,0.28,0.87,2.4,0.29,0.87,1.75,-66.67,-87.92,0.0,66.67,True,False,False,True,True,False,False,True,False,2026-09-21
6839,6839.HK,YUNNAN WATER,云南水务,0.3,"1,000",Equity,Equity Securities (Main Board),0.081,0.081,0.081,0.081,6000,0.0,0.083,0.084,-2.88,-3.34,-3.57,-3.57,-3.57,0.16,0.35,4.5,0.16,0.35,-48.08,-76.86,-98.2,48.08,76.86,False,False,False,False,False,False,False,False,False,2026-09-21
6855,6855.HK,ASCENTAGE,亚盛医药,118.51,100,Equity,Equity Securities (Main Board),31.68,29.8,31.88,29.8,4239044,134.29,30.46,31.674,4.01,0.02,7.17,5.67,-1.19,57.6,95.35,95.35,57.6,95.35,-44.65,-66.57,-66.57,45.0,66.78,False,False,False,True,False,False,False,False,False,2026-09-21
6860,6860.HK,FINGERTANGO,指尖悦动,2.13,"1,000",Equity,Equity Securities (Main Board),0.111,0.119,0.122,0.111,267000,0.03,0.111,0.112,0.36,-0.63,-0.89,0.91,0.91,0.23,0.25,2.77,0.23,0.25,-46.96,-50.41,-95.6,51.74,54.88,False,False,False,False,False,False,False,False,False,2026-09-21
6862,6862.HK,HAIDILAO,海底捞,538.17,"1,000",Equity,Equity Securities (Main Board),9.66,9.505,9.66,9.4,21256435,205.34,9.567,9.949,0.97,-2.9,1.63,1.52,-3.01,17.86,22.0,85.8,17.86,22.0,-45.91,-56.09,-88.74,45.91,56.09,False,False,False,False,False,False,False,False,False,2026-09-21
6865,6865.HK,FLAT GLASS,福莱特玻璃,25.84,"1,000",Equity,Equity Securities (Main Board),6.015,5.92,6.19,5.92,2572287,15.47,5.916,6.119,1.67,-1.71,1.6,1.95,-1.39,12.18,21.4,45.4,12.18,21.4,-49.18,-71.07,-86.37,50.62,71.89,False,False,False,False,False,False,False,False,False,2026-09-21
6866,6866.HK,ZUOLI KECHUANG,佐力科创,0.77,"2,000",Equity,Equity Securities (Main Board),0.255,0.275,0.275,0.25,42000,0.01,0.269,0.277,-5.2,-7.94,-5.56,-8.93,-10.53,0.42,0.44,1.27,0.42,0.44,-34.52,-37.5,-78.35,39.29,42.05,False,False,False,False,False,False,False,False,False,2026-09-21
6868,6868.HK,TENFU,天福,28.26,"1,000",Equity,Equity Securities (Main Board),2.61,2.64,2.64,2.61,4000,0.01,2.621,2.616,-0.42,-0.23,0.0,-0.19,-0.76,3.0,5.1,6.2,3.0,5.1,-12.0,-48.24,-57.42,13.0,48.82,False,False,False,False,False,False,False,False,False,2026-09-21
6869,6869.HK,YOFC,长飞光纤光缆,782.01,500,Equity,Equity Securities (Main Board),185.5,188.0,194.0,183.0,18306754,3395.9,180.64,179.49,2.69,3.35,1.31,4.8,5.4,305.0,305.0,305.0,305.0,305.0,-36.39,-36.39,-36.39,39.18,39.18,False,False,False,False,False,False,False,False,False,2026-09-21
6871,6871.HK,ROBOTPHOENIX,翼菲科技,80.88,100,Equity,Equity Securities (Main Board),33.16,33.9,34.8,31.3,651200,21.59,31.268,28.586,6.05,16.0,-2.01,8.44,21.64,59.65,59.65,59.65,59.65,59.65,-41.66,-41.66,-41.66,44.41,44.41,False,False,False,False,False,False,False,False,False,2026-09-21
6872,6872.HK,TENNOR THERAP-B,丹诺医药－Ｂ,66.51,50,Equity,Equity Securities (Main Board),126.6,123.4,127.7,113.6,312700,39.59,122.8,131.72,3.09,-3.89,3.18,5.68,1.28,287.0,287.0,287.0,287.0,287.0,-55.51,-55.51,-55.51,55.89,55.89,True,False,True,False,False,False,False,False,False,2026-09-21
6877,6877.HK,TE HEALTHCARE,TE HEALTHCARE,1.83,"5,000",Equity,Equity Securities (Main Board),0.09,0.088,0.09,0.088,65000,0.01,0.089,0.091,0.9,-1.32,0.0,2.27,2.27,0.24,0.56,1.03,0.24,0.56,-62.81,-83.93,-91.26,62.81,83.93,False,False,False,False,False,False,False,False,False,2026-09-21
6880,6880.HK,MOMENTA-W,MOMENTA-W,388.28,20,Equity,Equity Securities (Main Board),187.8,191.0,189.5,178.0,165360,31.05,178.02,180.58,5.49,4.0,-1.83,9.95,8.93,314.8,314.8,314.8,314.8,314.8,-39.8,-39.8,-39.8,40.34,40.34,False,False,True,True,False,False,False,False,False,2026-09-21
6881,6881.HK,CGS,中国银河,282.91,500,Equity,Equity Securities (Main Board),7.675,7.6,7.69,7.56,5419946,41.6,7.597,7.644,1.03,0.41,1.25,0.59,0.26,11.44,12.99,12.99,11.44,12.99,-32.78,-40.8,-40.8,32.91,40.92,False,False,False,True,False,False,False,False,False,2026-09-21
6882,6882.HK,EGL HOLDINGS,东瀛游,2.49,"2,000",Equity,Equity Securities (Main Board),0.495,0.49,0.495,0.49,68000,0.03,0.488,0.485,1.43,2.06,2.06,1.02,3.13,0.55,0.73,1.82,0.55,0.73,-9.17,-32.19,-72.8,9.17,32.19,False,False,False,False,False,False,False,True,False,2026-09-21
6885,6885.HK,JINMA ENERGY,金马能源,3.35,"1,000",Equity,Equity Securities (Main Board),0.625,0.64,0.64,0.59,121000,0.08,0.61,0.61,2.46,2.46,0.81,2.46,1.63,1.41,1.91,5.6,1.41,1.91,-54.61,-66.49,-88.57,55.67,67.28,False,False,True,True,False,False,False,False,False,2026-09-21
6886,6886.HK,HTSC,HTSC,289.83,200,Equity,Equity Securities (Main Board),16.88,16.83,17.02,16.72,5139256,86.75,16.862,17.129,0.11,-1.45,0.12,-0.12,-1.23,21.58,21.94,21.94,21.58,21.94,-21.13,-22.42,-22.42,21.78,23.06,False,False,False,False,False,False,False,False,False,2026-09-21
6887,6887.HK,SUNSHINE PHARMA,东阳光药,124.4,100,Equity,Equity Securities (Main Board),39.02,36.96,40.2,36.94,1594444,62.22,37.164,37.038,4.99,5.35,7.2,5.63,4.67,48.12,62.3,62.3,48.12,62.3,-16.46,-35.47,-35.47,18.91,37.37,False,False,False,True,False,False,False,False,False,2026-09-21
6888,6888.HK,FREETECH,英达公路再生科技,0.86,"1,000",Equity,Equity Securities (Main Board),0.08,0.08,0.08,0.08,52000,0.0,0.084,0.086,-4.99,-7.19,-2.44,-9.09,-3.61,0.17,0.25,1.06,0.17,0.25,-51.52,-68.0,-92.45,51.52,68.0,False,False,False,False,False,False,False,False,False,2026-09-21
6889,6889.HK,DYNAM JAPAN,DYNAM JAPAN,20.98,200,Equity,Equity Securities (Main Board),3.065,3.0,3.065,3.0,27200,0.08,3.094,3.065,-0.94,0.0,-2.85,-1.13,0.49,3.58,5.49,16.38,3.58,5.49,-14.39,-44.17,-81.29,14.39,44.17,False,False,False,False,False,False,False,False,False,2026-09-21
6893,6893.HK,HINSANG GROUP,衍生集团,2.78,"2,000",Equity,Equity Securities (Main Board),0.255,0.26,0.26,0.245,396000,0.1,0.259,0.255,-1.54,-0.08,-1.92,-1.92,-1.92,0.41,0.46,2.38,0.41,0.46,-37.35,-42.86,-89.08,38.55,43.96,False,False,False,False,False,False,False,False,False,2026-09-21
6896,6896.HK,GOLDEN THROAT,金嗓子,14.38,500,Equity,Equity Securities (Main Board),1.945,1.96,1.975,1.94,312500,0.61,1.933,2.001,0.62,-2.8,0.26,2.1,-2.02,3.8,5.65,5.65,3.8,5.65,-48.03,-65.04,-65.04,48.82,65.58,False,False,False,False,False,False,False,False,False,2026-09-21
6898,6898.HK,CHINA ALUMCAN,中国铝罐,7.48,"2,000",Equity,Equity Securities (Main Board),0.79,0.75,0.81,0.71,14474000,11.43,0.786,0.727,0.51,8.67,-0.63,-1.25,5.33,0.99,1.5,1.8,0.99,1.5,-18.18,-46.0,-55.0,20.2,47.33,False,False,False,True,False,False,False,False,False,2026-09-21
6908,6908.HK,HG SEMI,宏光半导体,3.4,"5,000",Equity,Equity Securities (Main Board),0.29,0.285,0.295,0.285,3950000,1.15,0.265,0.266,9.35,8.82,3.57,13.73,13.73,0.56,2.8,8.99,0.56,2.8,-47.32,-89.46,-96.72,48.21,89.64,False,False,False,False,False,False,False,False,False,2026-09-21
6915,6915.HK,JIANGXI BIO,江西生物,46.52,500,Equity,Equity Securities (Main Board),15.15,16.3,16.9,14.88,804001,12.18,14.902,15.434,1.66,-1.84,-7.06,3.2,2.57,21.1,21.1,21.1,21.1,21.1,-19.91,-19.91,-19.91,28.2,28.2,False,False,True,False,False,False,False,False,False,2026-09-21
6918,6918.HK,JIUTAI DIGITAL,九泰数智,1.14,"2,000",Equity,Equity Securities (Main Board),0.13,0.125,0.13,0.122,1198000,0.16,0.122,0.125,6.56,3.92,7.44,8.33,10.17,0.17,2.63,4.6,0.17,2.63,-25.71,-95.06,-97.17,25.71,95.06,False,False,False,True,False,False,False,False,False,2026-09-21
6919,6919.HK,RENRUI HR,人瑞人才,5.3,100,Equity,Equity Securities (Main Board),3.34,3.3,3.3,3.25,2300,0.01,3.31,3.356,0.91,-0.49,1.21,2.45,0.0,4.7,5.59,55.2,4.7,5.59,-29.79,-40.97,-94.02,28.94,40.25,False,False,False,False,False,False,False,False,False,2026-09-21
6922,6922.HK,CRYOFOCUS-B,康沣生物－Ｂ,3.85,200,Equity,Equity Securities (Main Board),2.585,2.42,2.595,2.42,46000,0.12,2.602,2.655,-0.65,-2.62,-3.72,1.57,-2.27,6.92,19.5,19.5,6.92,19.5,-62.5,-86.69,-86.69,62.64,86.74,False,False,False,False,False,False,False,False,False,2026-09-21
6928,6928.HK,TOMO HOLDINGS,万马控股,1.27,"4,000",Equity,Equity Securities (Main Board),0.166,0.174,0.174,0.165,284000,0.05,0.17,0.174,-2.58,-4.71,3.11,-8.29,-1.78,0.31,0.63,6.38,0.31,0.63,-43.87,-72.38,-97.27,46.45,73.65,False,False,False,False,False,False,False,False,False,2026-09-21
6929,6929.HK,ORBUSNEICH,业聚医疗,31.84,500,Equity,Equity Securities (Main Board),3.845,3.605,3.845,3.605,24500,0.09,3.79,3.775,1.45,1.84,3.22,0.92,4.34,4.56,9.52,16.86,4.56,9.52,-15.68,-59.61,-77.19,15.68,59.61,False,False,False,True,False,False,False,False,False,2026-09-21
6933,6933.HK,SINO-ENTERTAIN,新娱科控股,4.92,"2,000",Equity,Equity Securities (Main Board),1.15,1.2,1.28,1.15,158000,0.18,1.169,1.177,-1.63,-2.25,-4.17,0.44,-2.95,1.94,1.94,7.88,1.94,1.94,-34.02,-34.02,-83.76,40.72,40.72,False,False,False,False,False,False,False,False,False,2026-09-21
6936,6936.HK,SF HOLDING,顺丰控股,131.02,200,Equity,Equity Securities (Main Board),29.02,28.98,29.1,28.68,616053,17.88,28.92,29.452,0.35,-1.47,0.14,1.04,-0.48,37.62,48.8,48.8,37.62,48.8,-22.65,-40.37,-40.37,22.86,40.53,False,False,False,False,False,False,False,False,False,2026-09-21
6938,6938.HK,RIBOLIFE-B,瑞博生物－Ｂ,96.41,200,Equity,Equity Securities (Main Board),56.75,53.4,57.95,53.4,873400,49.57,52.55,54.23,7.99,4.65,6.57,10.62,6.77,95.8,95.8,95.8,95.8,95.8,-39.51,-39.51,-39.51,40.76,40.76,True,False,False,True,False,False,False,False,False,2026-09-21
6939,6939.HK,MEGAIN,美佳音控股,7.07,"2,000",Equity,Equity Securities (Main Board),1.135,1.125,1.13,1.125,34000,0.04,1.14,1.163,-0.44,-2.41,0.89,-1.3,-3.81,2.67,2.67,2.67,2.67,2.67,-57.68,-57.68,-57.68,57.49,57.49,False,False,False,False,False,False,False,False,False,2026-09-21
6951,6951.HK,CCTC,三环集团,107.58,100,Equity,Equity Securities (Main Board),134.6,144.6,152.7,133.4,2642400,355.67,130.26,125.58,3.33,7.18,-3.3,5.16,6.4,139.2,139.2,139.2,152.7,152.7,9.7,9.7,9.7,11.85,11.85,False,False,False,False,True,True,True,False,False,2026-09-21
6955,6955.HK,BOAN BIOTECH,博安生物,15.37,200,Equity,Equity Securities (Main Board),2.5,2.495,2.54,2.425,1138600,2.85,2.53,2.702,-1.19,-7.49,2.67,-4.76,-10.07,10.22,25.0,40.0,10.22,25.0,-75.15,-89.84,-93.65,75.54,90.0,False,False,False,False,False,False,False,False,False,2026-09-21
6958,6958.HK,ZHENRO SERVICES,正荣服务,0.89,"1,000",Equity,Equity Securities (Main Board),0.086,0.086,0.086,0.086,101000,0.01,0.089,0.092,-3.8,-6.22,-5.49,-3.37,-3.37,0.13,0.4,7.28,0.13,0.4,-35.34,-78.5,-98.82,35.34,78.5,False,False,False,False,False,False,False,False,False,2026-09-21
6960,6960.HK,SHUANGDENG,双登股份,20.88,500,Equity,Equity Securities (Main Board),6.095,6.05,6.295,6.01,76000,0.46,6.139,6.201,-0.72,-1.7,0.74,-3.18,1.25,19.27,27.1,27.1,19.27,27.1,-67.33,-76.77,-76.77,68.37,77.51,False,False,False,False,False,False,False,False,False,2026-09-21
6963,6963.HK,SUNSHINE INS,阳光保险,129.58,500,Equity,Equity Securities (Main Board),3.725,3.69,3.73,3.67,4304750,16.04,3.715,3.745,0.27,-0.55,1.09,-0.53,0.13,4.54,4.64,5.83,4.54,4.64,-17.84,-19.61,-36.02,17.95,19.72,False,False,False,False,False,False,False,False,False,2026-09-21
6968,6968.HK,GANGLONG CHINA,港龙中国地产,1.57,"1,000",Equity,Equity Securities (Main Board),0.097,0.084,0.098,0.084,102000,0.01,0.096,0.096,0.83,0.62,-2.02,2.11,6.59,0.28,0.42,6.06,0.28,0.42,-65.61,-76.67,-98.38,65.96,76.9,False,False,False,True,False,False,False,False,False,2026-09-21
6969,6969.HK,SMOORE INTL,思摩尔国际,582.44,"1,000",Equity,Equity Securities (Main Board),9.39,9.8,9.81,9.385,6035070,56.67,9.504,9.554,-1.2,-1.72,-3.05,0.86,-2.14,13.47,24.12,90.0,13.47,24.12,-27.17,-59.33,-89.1,30.29,61.07,False,False,False,False,False,False,False,False,False,2026-09-21
6979,6979.HK,ZJLD,珍酒李渡,260.25,200,Equity,Equity Securities (Main Board),7.68,7.9,7.9,7.395,3338400,25.64,7.593,7.635,1.15,0.58,-0.97,2.54,1.19,9.84,13.1,13.18,9.84,13.1,-19.72,-39.69,-40.06,21.95,41.37,False,False,True,True,False,False,False,False,False,2026-09-21
6980,6980.HK,BAMA TEA,八马茶业,24.58,100,Equity,Equity Securities (Main Board),29.34,29.5,30.42,28.7,136100,3.99,30.66,31.98,-4.31,-8.26,-3.1,-6.56,-7.79,40.08,115.0,115.0,40.08,115.0,-24.1,-73.55,-73.55,26.8,74.49,False,False,False,False,False,False,False,False,False,2026-09-21
6988,6988.HK,JOY SPREADER,乐享集团,1.49,"1,000",Equity,Equity Securities (Main Board),0.064,0.058,0.066,0.058,419000,0.03,0.059,0.064,7.74,-0.16,10.34,12.28,0.0,0.18,0.39,5.05,0.18,0.39,-62.92,-83.08,-98.69,64.04,83.59,False,False,False,False,False,False,False,False,False,2026-09-21
6989,6989.HK,EXCELLENCE CM,卓越商企服务,6.22,"1,000",Equity,Equity Securities (Main Board),0.51,0.5,0.51,0.5,19000,0.01,0.519,0.536,-1.73,-4.85,0.99,-1.92,-4.67,0.88,2.06,12.04,0.88,2.06,-42.05,-75.24,-95.76,42.05,75.24,False,False,False,False,False,False,False,False,False,2026-09-21
6990,6990.HK,SKB BIO,科伦博泰生物,871.73,100,Equity,Equity Securities (Main Board),493.4,475.4,502.0,472.2,1541761,760.7,467.88,472.92,5.45,4.33,6.89,7.12,2.54,562.5,581.0,581.0,562.5,581.0,-10.76,-13.6,-13.6,12.28,15.08,True,False,False,True,False,False,False,False,False,2026-09-21
6993,6993.HK,BLUE MOON GROUP,蓝月亮集团,166.72,500,Equity,Equity Securities (Main Board),2.865,3.18,3.2,2.725,8323709,23.85,3.434,3.602,-16.57,-20.46,-9.76,-22.78,-20.64,3.97,4.44,19.16,3.97,4.44,-19.5,-27.93,-83.3,27.92,35.47,False,False,False,False,False,False,False,False,False,2026-09-21
6996,6996.HK,ANTENGENE-B,德琪医药－Ｂ,24.78,500,Equity,Equity Securities (Main Board),3.585,3.31,3.645,3.3,1228000,4.4,3.355,3.394,6.86,5.63,8.31,9.3,4.67,6.28,8.16,22.5,6.28,8.16,-41.96,-55.33,-83.8,42.91,56.07,False,False,False,True,False,False,False,False,False,2026-09-21
6998,6998.HK,EDDING GENOR,亿腾嘉和,33.26,500,Equity,Equity Securities (Main Board),1.675,1.62,1.715,1.605,508000,0.85,1.647,1.69,1.7,-0.92,0.9,4.69,-4.83,3.64,3.64,3.64,3.64,3.64,-52.88,-52.88,-52.88,53.98,53.98,True,False,False,False,False,False,False,False,False,2026-09-21
7489,7489.HK,VOYAH AUTO,岚图汽车,17.53,"1,000",Equity,Equity Securities (Main Board),1.985,1.96,2.105,1.96,11602338,23.03,1.935,2.104,2.58,-5.68,1.28,5.03,-3.64,7.5,7.5,7.5,7.5,7.5,-71.93,-71.93,-71.93,73.53,73.53,False,False,False,False,False,False,False,False,False,2026-09-21
7618,7618.HK,JD INDUSTRIALS,京东工业,376.29,200,Equity,Equity Securities (Main Board),13.94,14.0,14.0,13.51,2054994,28.65,13.756,13.45,1.34,3.64,-0.43,3.8,4.65,17.17,17.17,17.17,17.17,17.17,-18.46,-18.46,-18.46,18.81,18.81,False,False,False,False,False,False,False,False,False,2026-09-21
7630,7630.HK,IMPACT THERAP-B,英派药业－Ｂ,47.45,200,Equity,Equity Securities (Main Board),16.74,14.0,20.56,13.7,43702000,731.57,12.808,12.663,30.7,32.2,28.47,48.54,40.08,47.98,47.98,47.98,47.98,47.98,-57.15,-57.15,-57.15,65.11,65.11,True,False,False,False,False,False,False,False,False,2026-09-21
7656,7656.HK,RECONOVA,瑞为技术,47.63,200,Equity,Equity Securities (Main Board),17.4,17.2,17.98,16.5,232600,4.05,16.466,16.219,5.67,7.28,3.39,6.81,10.9,35.3,35.3,35.3,35.3,35.3,-49.07,-49.07,-49.07,50.71,50.71,True,False,False,False,False,False,False,False,False,2026-09-21
7666,7666.HK,METIS TECHBIO-P,剂泰科技－Ｐ,183.37,500,Equity,Equity Securities (Main Board),16.9,17.1,19.14,16.84,17674658,298.7,15.522,16.153,8.88,4.62,-2.87,22.64,11.48,29.98,29.98,29.98,29.98,29.98,-36.16,-36.16,-36.16,43.63,43.63,False,False,False,False,False,False,False,False,False,2026-09-21
7687,7687.HK,EACON,易控智驾,111.93,50,Equity,Equity Securities (Main Board),74.1,79.1,79.1,72.55,75578,5.6,70.8,69.195,4.66,7.09,-6.56,10.1,10.6,101.2,101.2,101.2,101.2,101.2,-21.84,-21.84,-21.84,26.78,26.78,False,False,False,False,False,False,False,False,False,2026-09-21
7688,7688.HK,TOPNC,拓璞数控,78.31,100,Equity,Equity Securities (Main Board),20.4,21.22,22.08,20.16,1182800,24.13,19.956,19.454,2.22,4.86,-3.86,3.08,13.65,49.98,49.98,49.98,49.98,49.98,-55.82,-55.82,-55.82,59.18,59.18,False,False,False,False,False,False,False,False,False,2026-09-21
8003,8003.HK,GREAT WORLD,世大控股,0.32,"6,000",Equity,Equity Securities (GEM),0.097,0.08,0.11,0.08,3975200,0.39,0.082,0.076,18.87,26.96,11.49,29.33,29.33,0.19,0.7,5.0,0.19,0.7,-40.86,-84.29,-97.8,47.85,86.14,False,False,True,False,False,False,False,False,False,2026-09-21
8005,8005.HK,YUXING INFOTECH,裕兴科技,1.62,"2,000",Equity,Equity Securities (GEM),0.065,0.064,0.065,0.064,202000,0.01,0.061,0.06,6.91,8.7,0.0,12.07,22.64,0.1,0.23,2.46,0.1,0.23,-34.34,-71.86,-97.36,34.34,71.86,False,False,False,False,False,False,False,False,False,2026-09-21
8006,8006.HK,SINO SPLENDID,华泰瑞银,0.46,"10,000",Equity,Equity Securities (GEM),0.126,0.14,0.195,0.109,249112,0.03,0.105,0.104,19.77,20.69,26.0,26.0,26.0,0.16,0.29,1.78,0.19,0.29,21.87,-32.76,-89.04,35.38,56.55,False,False,False,False,True,False,False,False,False,2026-09-21
8007,8007.HK,GLOBALSTRAT,环球战略集团,1.15,"10,000",Equity,Equity Securities (GEM),0.51,0.51,0.51,0.505,990000,0.5,0.499,0.487,2.2,4.62,8.51,0.99,0.99,0.83,10.81,188.27,0.83,10.81,-38.55,-95.28,-99.73,38.55,95.28,False,False,False,False,False,False,False,False,False,2026-09-21
8017,8017.HK,TRADEGO,捷利交易宝,8.33,"4,000",Equity,Equity Securities (GEM),1.19,1.18,1.205,1.18,628000,0.75,1.169,1.168,1.8,1.88,2.15,0.85,1.71,1.77,2.5,2.83,1.77,2.5,-31.92,-51.8,-57.42,32.77,52.4,False,False,False,False,False,False,False,False,False,2026-09-21
8019,8019.HK,HAO WEN HLDGS,皓文控股,0.25,"20,000",Equity,Equity Securities (GEM),0.068,0.07,0.07,0.068,80000,0.01,0.068,0.07,-0.29,-2.58,3.03,0.0,-4.23,0.95,0.95,2.65,0.95,0.95,-92.63,-92.63,-97.36,92.84,92.84,False,False,False,False,False,False,False,False,False,2026-09-21
8020,8020.HK,UNITAS HOLD,宏海控股集团,0.47,"10,000",Equity,Equity Securities (GEM),0.018,0.018,0.018,0.018,360000,0.01,0.02,0.02,-8.16,-9.09,-10.0,-10.0,-10.0,0.04,0.4,0.44,0.04,0.4,-50.0,-95.5,-95.91,50.0,95.5,False,False,False,False,False,False,False,False,False,2026-09-21
8021,8021.HK,WLS HOLDINGS,汇隆控股,1.29,"10,000",Equity,Equity Securities (GEM),0.179,0.179,0.179,0.179,10000,0.0,0.176,0.17,1.7,5.54,0.0,0.56,9.15,0.48,1.84,12.4,0.48,1.84,-62.71,-90.27,-98.56,62.71,90.27,False,False,False,False,False,False,False,False,False,2026-09-21
8023,8023.HK,KWONG MAN KEE,邝文记,2.03,"6,000",Equity,Equity Securities (GEM),0.34,0.35,0.35,0.33,216000,0.07,0.34,0.338,0.0,0.74,0.0,0.0,1.49,0.44,0.51,0.7,0.44,0.51,-20.45,-31.37,-50.0,22.73,33.33,False,False,False,False,False,False,False,False,False,2026-09-21
8026,8026.HK,CB GLOBAL,朗华国际集团,5.08,"1,000",Equity,Equity Securities (GEM),0.33,0.4,0.425,0.315,290000,0.1,0.362,0.333,-8.84,-0.9,-17.5,-9.59,13.79,0.57,0.59,0.85,0.57,0.59,-25.44,-27.97,-50.0,42.11,44.07,False,False,False,False,False,False,False,False,False,2026-09-21
8027,8027.HK,KPM HOLDING,吉辉控股,0.82,"10,000",Equity,Equity Securities (GEM),0.115,0.1,0.115,0.1,430000,0.05,0.1,0.113,15.0,1.5,16.16,22.34,-17.86,0.16,1.0,24.0,0.16,1.0,-28.12,-88.5,-99.52,28.12,88.5,True,False,False,True,False,False,False,False,False,2026-09-21
8030,8030.HK,FENGYINHE,丰银禾控股,4.89,"1,000",Equity,Equity Securities (GEM),1.4,1.37,1.43,1.3,232000,0.32,1.306,1.397,7.2,0.18,7.69,11.11,-9.97,11.49,14.01,56.0,11.49,14.01,-87.55,-89.79,-97.45,87.82,90.01,False,False,False,True,False,False,False,False,False,2026-09-21
8031,8031.HK,ETS GROUP,易通讯集团,1.1,"2,000",Equity,Equity Securities (GEM),0.31,0.31,0.31,0.31,4000,0.0,0.3,0.295,3.33,5.08,0.0,6.9,6.9,0.77,0.9,1.68,0.77,0.9,-59.74,-65.56,-81.55,59.74,65.56,False,False,False,False,False,False,False,False,False,2026-09-21
8035,8035.HK,JANCO HOLDINGS,骏高控股,0.38,"10,000",Equity,Equity Securities (GEM),0.064,0.06,0.064,0.06,480000,0.03,0.062,0.061,3.9,4.23,6.67,1.59,1.59,0.08,0.16,4.8,0.08,0.16,-14.67,-60.25,-98.67,14.67,60.25,False,False,False,True,False,False,False,False,False,2026-09-21
8036,8036.HK,EBROKER GROUP,电子交易集团,0.55,"10,000",Equity,Equity Securities (GEM),0.045,0.045,0.045,0.045,10000,0.0,0.045,0.046,0.0,-2.6,0.0,-2.17,-4.26,0.05,0.09,0.36,0.05,0.09,-16.67,-49.44,-87.5,16.67,49.44,False,False,False,False,False,False,False,False,False,2026-09-21
8037,8037.HK,CH BIOTECH SER,中国生物科技服务,5.76,"5,000",Equity,Equity Securities (GEM),0.59,0.59,0.59,0.55,200000,0.12,0.596,0.608,-1.01,-2.96,-0.84,-1.67,-6.35,0.92,1.33,2.64,0.92,1.33,-35.87,-55.64,-77.65,35.87,55.64,False,False,False,False,False,False,False,False,False,2026-09-21
8041,8041.HK,INTELLIMARK AI,中微智码,5.04,"5,000",Equity,Equity Securities (GEM),0.62,0.58,0.625,0.58,535000,0.33,0.619,0.603,0.16,2.82,0.0,0.0,-0.8,0.82,0.91,1.5,0.82,0.91,-23.78,-31.32,-58.37,24.39,31.87,False,False,False,True,False,False,False,False,False,2026-09-21
8042,8042.HK,KOS TALENT GP,高奥士人才集团,0.63,"10,000",Equity,Equity Securities (GEM),0.079,0.076,0.08,0.08,30000,0.0,0.076,0.077,3.4,3.13,3.95,6.76,3.95,0.1,0.1,0.85,0.1,0.1,-17.53,-17.53,-90.59,18.56,18.56,False,False,False,False,False,False,False,False,False,2026-09-21
8043,8043.HK,ATLINKS,ATLINKS,0.86,"5,000",Equity,Equity Securities (GEM),0.214,0.214,0.214,0.214,85000,0.02,0.214,0.214,0.0,-0.19,0.0,0.0,0.0,0.24,0.56,4.8,0.24,0.56,-11.57,-61.79,-95.54,11.57,61.79,False,False,False,False,False,False,False,False,False,2026-09-21
8049,8049.HK,JILIN CHANGLONG,吉林长龙药业,3.98,"4,000",Equity,Equity Securities (GEM),2.31,2.37,2.37,2.29,8000,0.02,2.328,2.319,-0.77,-0.41,-2.53,-0.43,-0.43,3.0,3.0,3.0,3.0,3.0,-21.0,-21.0,-21.0,23.0,23.0,False,False,False,False,False,False,False,False,False,2026-09-21
8056,8056.HK,LIFE CONCEPTS,生活概念,0.27,"10,000",Equity,Equity Securities (GEM),0.234,0.19,0.234,0.19,100000,0.02,0.185,0.177,26.76,32.28,35.26,35.26,37.65,0.58,1.68,12.02,0.58,1.68,-59.66,-86.07,-98.05,59.66,86.07,False,False,False,False,False,False,False,False,False,2026-09-21
8057,8057.HK,MADISON HLDG,麦迪森控股,0.5,"4,000",Equity,Equity Securities (GEM),0.32,0.3,0.325,0.27,124000,0.04,0.496,0.518,-35.48,-38.22,-40.74,-40.74,-40.74,1.13,1.6,175.94,1.13,1.6,-71.14,-79.75,-99.82,71.58,80.06,False,False,False,False,False,False,False,False,False,2026-09-21
8059,8059.HK,GLORY FLAME,朝威控股,0.24,"5,000",Equity,Equity Securities (GEM),0.024,0.024,0.024,0.024,70000,0.0,0.026,0.024,-6.25,-1.23,-4.0,-11.11,-11.11,0.07,0.07,1.06,0.07,0.07,-64.71,-64.71,-97.74,64.71,64.71,False,False,False,False,False,False,False,False,False,2026-09-21
8062,8062.HK,EFT SOLUTIONS,俊盟国际,1.25,"5,000",Equity,Equity Securities (GEM),0.26,0.26,0.26,0.26,30000,0.01,0.25,0.249,4.17,4.33,4.0,6.12,4.84,0.31,0.39,0.7,0.31,0.39,-16.13,-33.33,-62.86,16.13,33.33,False,False,False,False,False,False,False,False,False,2026-09-21
8065,8065.HK,KML TECH,高萌科技,0.64,"5,000",Equity,Equity Securities (GEM),0.159,0.159,0.159,0.159,55000,0.01,0.151,0.145,5.16,9.28,0.0,6.71,13.57,0.16,0.16,1.02,0.16,0.16,0.0,0.0,-84.41,0.0,0.0,False,False,False,False,False,False,False,True,True,2026-09-21
8066,8066.HK,PHOENITRON HOLD,品创控股,1.73,"5,000",Equity,Equity Securities (GEM),0.26,0.265,0.265,0.26,35000,0.01,0.286,0.275,-9.09,-5.45,-10.34,-14.75,-10.34,0.72,0.85,0.85,0.72,0.85,-63.19,-68.82,-68.82,63.89,69.41,False,False,False,False,False,False,False,False,False,2026-09-21
8067,8067.HK,OUC HOLDINGS,东方大学城控股,0.74,"1,000",Equity,Equity Securities (GEM),0.41,0.475,0.475,0.41,37000,0.02,0.465,0.458,-11.83,-10.48,-1.2,-18.0,-18.0,0.5,0.71,4.4,0.5,0.71,-5.0,-33.1,-89.2,18.0,42.25,False,False,False,False,False,False,False,False,False,2026-09-21
8069,8069.HK,FLYDOO TECH,飞道旅游科技,0.14,"5,000",Equity,Equity Securities (GEM),0.35,0.35,0.35,0.35,25000,0.01,0.345,0.352,1.45,-0.43,0.0,2.94,-1.41,1.22,1.74,82.0,1.22,1.74,-71.31,-79.89,-99.57,71.31,79.89,False,False,False,False,False,False,False,False,False,2026-09-21
8071,8071.HK,CH NETCOMTECH,中彩网通控股,0.62,"5,000",Equity,Equity Securities (GEM),0.66,0.68,0.72,0.66,77290,0.05,0.613,0.617,7.67,6.97,-8.33,48.31,6.45,1.6,3.5,36.5,1.6,3.5,-55.0,-79.43,-98.03,58.75,81.14,False,False,False,False,False,False,False,False,False,2026-09-21
8073,8073.HK,SFSY NEW MAT,水发兴业新材料,1.43,"4,000",Equity,Equity Securities (GEM),0.275,0.285,0.285,0.27,60000,0.02,0.286,0.283,-3.85,-3.0,-5.17,-5.17,-3.51,0.42,0.42,1.83,0.42,0.42,-32.14,-32.14,-84.43,34.52,34.52,False,False,False,False,False,False,False,False,False,2026-09-21
8076,8076.HK,SING LEE,新利软件,0.21,"5,000",Equity,Equity Securities (GEM),0.016,0.017,0.017,0.016,900000,0.01,0.018,0.018,-9.09,-12.09,-11.11,-11.11,-15.79,0.06,0.06,0.28,0.06,0.06,-70.69,-70.69,-93.93,72.41,72.41,False,False,False,False,False,False,False,False,False,2026-09-21
8079,8079.HK,LIT LIFE,曌生命,0.2,"5,000",Equity,Equity Securities (GEM),0.53,0.53,0.53,0.53,10000,0.01,0.573,0.575,-7.5,-7.83,-5.36,-10.17,-10.92,0.98,2.66,15.78,0.98,2.66,-45.92,-80.08,-96.64,45.92,80.08,False,False,False,False,False,False,False,False,False,2026-09-21
8081,8081.HK,BAIJUYI HOLD,白居易控股,0.72,"10,000",Equity,Equity Securities (GEM),0.014,0.014,0.014,0.013,560000,0.01,0.014,0.014,2.94,-0.71,0.0,0.0,0.0,0.02,0.13,0.18,0.02,0.13,-41.67,-89.15,-92.13,41.67,89.15,False,False,True,False,False,False,False,False,False,2026-09-21
8082,8082.HK,QINGHUA HOLD,擎华控股,0.56,"10,000",Equity,Equity Securities (GEM),0.021,0.02,0.021,0.02,1360000,0.03,0.022,0.021,-2.78,-1.87,-4.55,-4.55,0.0,0.07,0.21,0.68,0.07,0.21,-71.23,-89.9,-96.93,71.23,89.9,False,False,False,False,False,False,False,False,False,2026-09-21
8087,8087.HK,CHINA 33 GROUP,中国三三集团,13.38,"2,000",Equity,Equity Securities (GEM),2.065,2.06,2.065,2.06,212000,0.44,2.048,2.054,0.83,0.54,0.24,0.0,0.73,11.48,11.48,25.6,11.48,11.48,-82.01,-82.01,-91.93,82.01,82.01,False,False,False,False,False,False,False,False,False,2026-09-21
8090,8090.HK,BAOGAI,宝盖新材,0.69,500,Equity,Equity Securities (GEM),4.8,4.905,4.905,4.8,8000,0.04,5.038,5.241,-4.72,-8.41,-3.9,-7.69,-9.43,7.0,7.0,7.0,7.0,7.0,-29.93,-29.93,-29.93,31.43,31.43,False,False,False,False,False,False,False,False,False,2026-09-21
8091,8091.HK,OOH HOLDINGS,奥传思维控股,0.3,"10,000",Equity,Equity Securities (GEM),0.042,0.042,0.042,0.042,20000,0.0,0.044,0.045,-4.11,-6.04,-8.7,-4.55,-8.7,0.05,0.05,9.8,0.05,0.05,-12.5,-23.64,-99.57,12.5,23.64,False,False,False,False,False,False,False,False,False,2026-09-21
8092,8092.HK,ITE HOLDINGS,ITE HOLDINGS,0.39,"4,000",Equity,Equity Securities (GEM),0.042,0.042,0.042,0.042,128000,0.01,0.041,0.04,1.94,4.48,-2.33,5.0,5.0,0.06,0.06,0.17,0.06,0.06,-27.59,-34.38,-75.0,27.59,34.38,False,False,False,False,False,False,False,False,False,2026-09-21
8095,8095.HK,BEIDA JADE BIRD,北大青鸟环宇,4.6,"1,000",Equity,Equity Securities (GEM),0.565,0.58,0.6,0.56,295000,0.17,0.578,0.583,-2.25,-3.0,-2.59,-0.88,-5.04,1.65,1.65,2.52,1.65,1.65,-63.64,-63.64,-76.19,65.76,65.76,False,False,False,False,False,False,False,False,False,2026-09-21
8098,8098.HK,CL GROUP,昌利控股,2.42,"10,000",Equity,Equity Securities (GEM),0.11,0.105,0.11,0.1,2720000,0.3,0.098,0.086,12.47,27.91,3.77,22.22,37.5,0.11,0.11,0.32,0.11,0.11,1.85,0.0,-65.62,0.0,0.0,True,True,False,False,True,False,False,True,True,2026-09-21
8100,8100.HK,FAMOUS TECH INT,名科国际,1.87,"6,000",Equity,Equity Securities (GEM),0.44,0.255,0.45,0.255,85800,0.04,0.427,0.43,3.04,2.33,7.32,1.15,3.53,0.46,0.46,0.8,0.46,0.46,-1.1,-1.1,-43.75,3.3,3.3,False,False,False,True,False,False,False,True,True,2026-09-21
8112,8112.HK,CORNERSTONE FIN,基石金融,0.28,"24,000",Equity,Equity Securities (GEM),0.12,0.119,0.12,0.119,648000,0.08,0.111,0.112,7.91,7.53,13.21,7.14,7.14,0.16,0.64,12.45,0.16,0.64,-25.0,-81.25,-99.04,25.0,81.25,False,False,False,False,False,False,False,False,False,2026-09-21
8113,8113.HK,V&V TECH,时腾科技,1.0,"5,000",Equity,Equity Securities (GEM),0.51,0.51,0.51,0.51,35000,0.02,0.524,0.537,-2.67,-5.12,0.0,-1.92,-13.56,0.6,1.24,7.34,0.6,1.24,-15.0,-58.78,-93.05,15.0,58.78,False,False,False,False,False,False,False,False,False,2026-09-21
8115,8115.HK,QINGDA ORIENTAL,清大东方,4.18,"4,000",Equity,Equity Securities (GEM),5.0,5.0,5.0,4.995,120000,0.6,5.108,5.078,-2.11,-1.54,-0.6,-8.93,-0.4,15.85,15.85,15.85,15.85,15.85,-68.45,-68.45,-68.45,68.45,68.45,False,False,False,False,False,False,False,False,False,2026-09-21
8117,8117.HK,CHI P ENERGY,中国基础能源,0.53,"10,000",Equity,Equity Securities (GEM),0.052,0.053,0.056,0.052,1030000,0.05,0.049,0.046,6.12,13.04,6.12,8.33,8.33,0.13,0.4,1.08,0.13,0.4,-56.92,-86.0,-94.81,60.0,87.0,False,False,False,False,False,False,False,False,False,2026-09-21
8118,8118.HK,ZHONGZI INTL H,中资国际控股,0.55,"8,000",Equity,Equity Securities (GEM),0.109,0.111,0.139,0.093,5312000,0.58,0.102,0.083,6.45,31.48,12.37,-6.03,31.33,0.19,0.35,1.07,0.19,0.35,-28.72,-60.29,-87.01,44.1,68.86,False,False,False,False,False,False,False,False,False,2026-09-21
8120,8120.HK,CH DEMETER FIN,国农金融投资,2.75,"5,000",Equity,Equity Securities (GEM),1.69,1.74,1.885,1.6,400000,0.68,1.832,1.935,-7.75,-12.64,-10.58,-6.11,-9.63,2.89,2.89,7.78,2.89,2.89,-34.78,-34.78,-75.78,41.52,41.52,False,False,False,False,False,False,False,False,False,2026-09-21
8123,8123.HK,SINOFORTUNE FIN,华亿金控,1.57,"5,000",Equity,Equity Securities (GEM),0.455,0.48,0.48,0.455,140000,0.06,0.434,0.342,4.84,32.85,-5.21,22.97,68.52,0.6,1.2,11.04,0.6,1.2,-20.0,-60.0,-95.65,24.17,62.08,False,False,False,False,False,False,False,False,False,2026-09-21
8125,8125.HK,RJVAN,荣记万通,1.3,"8,000",Equity,Equity Securities (GEM),0.6,0.6,0.6,0.6,48000,0.03,0.601,0.609,-0.17,-1.4,0.0,-1.64,0.0,0.9,3.56,581.15,0.9,3.56,-33.33,-83.16,-99.9,33.33,83.16,False,False,False,False,False,False,False,False,False,2026-09-21
8131,8131.HK,NOVATECH INTEL,诺亚智能,1.91,"10,000",Equity,Equity Securities (GEM),0.26,0.26,0.265,0.255,300000,0.08,0.264,0.257,-1.52,1.17,-1.89,-7.14,4.0,0.33,0.33,0.53,0.33,0.33,-19.7,-19.7,-50.43,21.21,21.21,False,False,False,False,False,False,False,False,False,2026-09-21
8136,8136.HK,IMS GROUP,英马斯集团,0.36,"10,000",Equity,Equity Securities (GEM),0.036,0.036,0.036,0.036,10000,0.0,0.035,0.036,2.86,-0.83,2.86,2.86,-2.7,0.06,0.06,0.83,0.06,0.06,-41.94,-41.94,-95.66,41.94,41.94,False,False,False,False,False,False,False,False,False,2026-09-21
8137,8137.HK,HONBRIDGE,洪桥集团,80.05,"2,000",Equity,Equity Securities (GEM),0.55,0.55,0.555,0.525,3814000,2.1,0.56,0.566,-1.79,-2.91,-1.79,-3.51,0.92,0.73,0.78,1.96,0.73,0.78,-23.97,-28.85,-71.68,24.66,29.49,False,False,False,False,False,False,False,False,False,2026-09-21
8143,8143.HK,GF HEALTHCARE,金威医疗,0.96,"10,000",Equity,Equity Securities (GEM),0.071,0.066,0.071,0.066,121666,0.01,0.063,0.061,11.99,15.82,7.58,18.33,18.33,0.2,0.28,1.28,0.2,0.28,-64.68,-74.64,-94.46,64.68,74.64,False,False,False,False,False,False,False,False,False,2026-09-21
8146,8146.HK,GRACEWINE,怡园酒业,3.05,"10,000",Equity,Equity Securities (GEM),0.375,0.32,0.5,0.32,2120000,0.8,0.331,0.313,13.29,19.62,17.19,17.19,31.58,1.21,1.21,1.85,1.21,1.21,-58.68,-58.68,-72.97,69.01,69.01,False,False,False,False,False,False,False,False,False,2026-09-21
8147,8147.HK,YUNJING DIGITEC,云晶数智,0.91,"8,000",Equity,Equity Securities (GEM),0.44,0.44,0.44,0.44,264000,0.12,0.426,0.406,3.29,8.37,0.0,6.02,10.0,0.89,1.04,24.4,0.89,1.04,-50.56,-57.69,-98.2,50.56,57.69,False,False,False,False,False,False,False,False,False,2026-09-21
8149,8149.HK,ALTUS HLDGS,浩德控股,0.99,"10,000",Equity,Equity Securities (GEM),0.119,0.12,0.126,0.119,240000,0.03,0.12,0.119,-1.0,-0.34,-4.8,0.0,-0.83,0.14,0.15,8.1,0.14,0.15,-10.0,-15.44,-98.44,15.0,20.13,False,False,False,False,False,False,False,False,False,2026-09-21
8152,8152.HK,M&L HOLDINGS,明梁控股,0.52,"10,000",Equity,Equity Securities (GEM),0.087,0.087,0.087,0.087,30000,0.0,0.086,0.085,0.93,2.59,2.35,0.0,2.35,0.1,0.1,1.3,0.1,0.1,-11.22,-11.22,-93.31,11.22,11.22,False,False,False,False,False,False,False,False,False,2026-09-21
8153,8153.HK,JIADING INTL GP,嘉鼎国际集团,0.24,"5,000",Equity,Equity Securities (GEM),0.58,0.635,0.64,0.58,351630,0.2,0.587,0.576,-1.19,0.61,-4.92,0.0,-0.85,1.56,68.25,8900.98,1.56,68.25,-58.97,-99.06,-99.99,62.82,99.15,False,False,False,False,False,False,False,False,False,2026-09-21
8158,8158.HK,CRMI,中国再生医学,0.76,"5,000",Equity,Equity Securities (GEM),0.249,0.226,0.25,0.221,149750,0.04,0.236,0.21,5.42,18.35,-0.4,9.69,37.57,0.44,1.27,62.0,0.44,1.27,-43.82,-80.31,-99.6,44.04,80.39,False,False,False,False,False,False,False,False,False,2026-09-21
8159,8159.HK,CU VENTURE INV,新华联合投资,0.43,"5,000",Equity,Equity Securities (GEM),0.054,0.059,0.059,0.054,90000,0.0,0.055,0.055,-1.46,-2.7,-5.26,-1.82,-6.9,0.14,0.29,0.94,0.14,0.29,-59.31,-79.66,-93.72,62.76,81.38,False,False,False,False,False,False,False,False,False,2026-09-21
8160,8160.HK,GOLDWAY EDU,GOLDWAY EDU,1.1,"12,000",Equity,Equity Securities (GEM),0.525,0.525,0.525,0.525,36000,0.02,0.526,0.551,-0.19,-4.72,-4.55,-0.94,-2.78,0.74,0.81,28.79,0.74,0.81,-29.05,-34.88,-98.18,29.05,34.88,False,False,False,False,False,False,False,False,False,2026-09-21
8162,8162.HK,LOCO HK,港银控股,6.17,"10,000",Equity,Equity Securities (GEM),0.62,0.585,0.625,0.585,7060000,4.38,0.603,0.595,2.82,4.2,0.81,1.64,5.98,0.74,0.75,0.95,0.74,0.75,-15.54,-16.67,-34.21,16.22,17.33,False,False,True,True,False,False,False,False,False,2026-09-21
8176,8176.HK,SUPERROBOTICS,超人智能,0.16,"5,000",Equity,Equity Securities (GEM),0.023,0.024,0.024,0.024,30000,0.0,0.024,0.024,-5.74,-3.77,-8.0,-8.0,-8.0,0.09,0.9,14.0,0.09,0.9,-71.76,-97.33,-99.83,72.94,97.44,False,False,False,False,False,False,False,False,False,2026-09-21
8178,8178.HK,CHINA INFO TECH,中国信息科技,0.35,"2,000",Equity,Equity Securities (GEM),0.209,0.201,0.213,0.196,1274000,0.27,0.204,0.202,2.45,3.31,7.18,1.46,2.96,0.57,4.95,39.34,0.57,4.95,-62.63,-95.7,-99.46,63.33,95.78,False,False,False,True,False,False,False,False,False,2026-09-21
8186,8186.HK,HONOR MATRIX,浩盟控股,1.24,"5,000",Equity,Equity Securities (GEM),1.09,1.1,1.1,1.06,45000,0.05,1.084,1.09,0.55,0.05,0.93,1.87,-2.24,2.0,4.39,28.42,2.0,4.39,-45.0,-74.94,-96.13,45.5,75.17,False,False,False,True,False,False,False,False,False,2026-09-21
8187,8187.HK,JIMU GROUP,积木集团,0.89,"5,000",Equity,Equity Securities (GEM),0.59,0.615,0.615,0.59,770000,0.45,0.567,0.542,4.06,8.76,-4.07,9.26,11.32,0.85,1.68,40.28,0.85,1.68,-27.65,-63.39,-98.47,30.59,64.88,False,False,False,False,False,False,False,False,False,2026-09-21
8188,8188.HK,GME GROUP,骏杰集团控股,5.41,"4,000",Equity,Equity Securities (GEM),1.135,1.17,1.17,1.135,344000,0.39,1.162,1.17,-2.32,-3.03,-5.02,-2.16,-2.16,1.43,1.43,3.47,1.43,1.43,-18.18,-18.18,-66.28,20.63,20.63,False,False,False,False,False,False,False,False,False,2026-09-21
8189,8189.HK,TEDA BIOMEDICAL,泰达生物,3.59,"5,000",Equity,Equity Securities (GEM),0.246,0.29,0.29,0.246,740000,0.18,0.251,0.254,-2.07,-3.19,-1.6,-3.53,-5.38,0.37,0.65,1.48,0.37,0.65,-21.62,-55.38,-80.41,33.51,62.15,False,False,False,False,False,False,False,False,False,2026-09-21
8191,8191.HK,HONG WEI ASIA,鸿伟亚洲,0.38,"6,000",Equity,Equity Securities (GEM),0.106,0.106,0.106,0.104,264000,0.03,0.106,0.124,-0.0,-14.86,-7.02,2.91,-19.7,0.28,0.46,9.0,0.28,0.46,-62.81,-76.96,-98.82,62.81,76.96,False,False,False,False,False,False,False,False,False,2026-09-21
8193,8193.HK,ASIAPAC FIN INV,亚太金融投资,0.33,"10,000",Equity,Equity Securities (GEM),0.122,0.118,0.118,0.118,70000,0.01,0.122,0.118,-0.33,3.57,-2.4,0.83,5.17,0.69,0.7,72.17,0.69,0.7,-82.9,-83.14,-99.84,82.32,82.57,False,False,False,False,False,False,False,False,False,2026-09-21
8195,8195.HK,LEGENDARY EDU,传承教育集团,3.44,"2,000",Equity,Equity Securities (GEM),0.75,0.75,0.75,0.74,186000,0.14,0.751,0.782,-0.13,-4.15,0.0,1.35,-9.64,1.54,2.23,4.36,1.54,2.23,-51.3,-66.37,-82.81,51.3,66.37,False,False,False,False,False,False,False,False,False,2026-09-21
8196,8196.HK,FUTIAN HOLDINGS,福田股份,0.5,"8,000",Equity,Equity Securities (GEM),0.79,0.78,0.815,0.77,1680000,1.33,0.806,0.8,-1.99,-1.25,0.64,-3.66,-1.25,1.02,4.1,69.6,1.02,4.1,-20.1,-80.12,-98.83,22.55,80.73,False,False,False,False,False,False,False,False,False,2026-09-21
8198,8198.HK,CRYPTO FLOW,加幂科技,7.21,"4,000",Equity,Equity Securities (GEM),0.92,0.935,0.965,0.85,128000,0.12,0.981,1.056,-6.22,-12.88,-5.64,-9.36,-9.8,2.61,5.42,5.42,2.61,5.42,-63.03,-82.2,-82.2,64.75,83.03,False,False,False,False,False,False,False,False,False,2026-09-21
8213,8213.HK,STARGLORY HLDGS,荣晖控股,0.85,"10,000",Equity,Equity Securities (GEM),0.153,0.154,0.154,0.148,220000,0.03,0.173,0.192,-11.46,-20.15,-8.93,-16.39,-22.73,0.35,0.99,1.33,0.35,0.99,-56.62,-84.44,-88.4,56.9,84.55,False,False,False,False,False,False,False,False,False,2026-09-21
8217,8217.HK,JU FU TANG BIOT,菊福堂生物,0.29,"10,000",Equity,Equity Securities (GEM),0.092,0.094,0.097,0.088,1790000,0.16,0.091,0.1,1.1,-7.82,3.37,5.75,-6.12,0.41,0.9,364.0,0.41,0.9,-76.05,-89.22,-99.97,77.28,89.78,False,False,False,False,False,False,False,False,False,2026-09-21
8219,8219.HK,HANVEY GROUP,恒伟集团控股,1.39,"10,000",Equity,Equity Securities (GEM),0.56,0.555,0.62,0.535,1310000,0.73,0.564,0.576,-0.71,-2.78,0.9,5.66,-10.4,0.7,0.7,9.97,0.7,0.7,-11.43,-11.43,-93.78,20.0,20.0,False,False,False,False,False,False,False,False,False,2026-09-21
8220,8220.HK,BINGO GROUP,比高集团,8.69,"1,000",Equity,Equity Securities (GEM),4.8,4.89,4.89,4.69,158000,0.76,4.812,4.748,-0.25,1.1,-0.83,-1.44,2.13,6.0,6.0,7.36,6.0,6.0,-18.5,-18.5,-33.56,20.0,20.0,False,False,False,False,False,False,False,False,False,2026-09-21
8221,8221.HK,GAOYU FINANCE,高裕金融,0.74,"5,000",Equity,Equity Securities (GEM),1.56,1.56,1.56,1.56,5000,0.01,1.732,1.844,-9.93,-15.42,0.0,-21.61,-21.61,2.84,4.9,385.0,2.84,4.9,-45.07,-68.16,-99.59,45.07,68.16,False,False,False,False,False,False,False,False,False,2026-09-21
8223,8223.HK,ZYY,紫元元,0.58,"4,000",Equity,Equity Securities (GEM),0.113,0.12,0.12,0.113,196000,0.02,0.124,0.136,-8.58,-17.16,-11.02,-4.24,-13.74,0.91,3.3,3.3,0.91,3.3,-86.81,-96.36,-96.36,87.58,96.58,False,False,False,False,False,False,False,False,False,2026-09-21
8226,8226.HK,KOALA FIN GP,树熊金融集团,0.45,"5,000",Equity,Equity Securities (GEM),0.106,0.107,0.109,0.103,9049400,0.96,0.108,0.105,-1.49,1.34,-0.93,-2.75,7.07,0.13,0.24,8.58,0.13,0.24,-18.66,-54.2,-98.73,20.9,55.46,False,False,False,False,False,False,False,False,False,2026-09-21
8227,8227.HK,HAITIAN ANTENNA,海天天线,1.65,"1,000",Equity,Equity Securities (GEM),0.255,0.26,0.26,0.255,80000,0.02,0.255,0.255,0.0,-0.2,0.0,-1.92,2.0,0.41,1.5,8.49,0.41,1.5,-37.35,-82.67,-96.94,38.55,83.0,False,False,True,False,False,False,False,False,False,2026-09-21
8229,8229.HK,FUTURE DATA,未来数据集团,4.42,"5,000",Equity,Equity Securities (GEM),0.795,0.83,0.83,0.785,515000,0.41,0.829,0.836,-4.1,-4.96,-4.22,-5.36,-5.36,0.96,0.96,1.18,0.96,0.96,-13.54,-13.54,-29.66,17.19,17.19,False,False,False,False,False,False,False,False,False,2026-09-21
8232,8232.HK,THAC GROUP,一木集团,0.45,"5,000",Equity,Equity Securities (GEM),0.81,0.805,0.81,0.805,95000,0.08,0.813,0.821,-0.37,-1.4,0.0,-2.41,-2.41,2.51,5.18,205.27,2.51,5.18,-67.73,-84.36,-99.61,67.73,84.36,False,False,False,False,False,False,False,False,False,2026-09-21
8237,8237.HK,LINK HOLDINGS,华星控股,1.53,"6,000",Equity,Equity Securities (GEM),0.76,0.88,0.88,0.76,84000,0.06,0.849,0.806,-10.48,-5.77,-14.12,-14.12,-12.14,1.33,1.5,30.25,1.33,1.5,-33.83,-41.33,-97.09,42.86,49.33,False,False,False,False,False,False,False,False,False,2026-09-21
8238,8238.HK,JIUFANG DIGITAL,玖方数智,0.43,"8,000",Equity,Equity Securities (GEM),0.123,0.112,0.123,0.112,432000,0.05,0.114,0.112,7.71,10.12,6.03,10.81,16.04,0.34,1.55,38.6,0.34,1.55,-63.82,-92.06,-99.68,63.82,92.06,True,False,False,False,False,False,False,False,False,2026-09-21
8239,8239.HK,CAPITAL FIN,首都金融控股,21.45,500,Equity,Equity Securities (GEM),21.9,21.92,25.5,21.9,204780,4.48,21.712,21.602,0.87,1.38,0.46,1.77,2.05,24.28,24.28,26.61,25.5,25.5,5.02,5.02,-4.19,14.12,14.12,True,False,False,False,True,True,False,False,False,2026-09-21
8245,8245.HK,CANOPY SKYFIRE,烽翼集团,0.49,"20,000",Equity,Equity Securities (GEM),0.169,0.16,0.169,0.148,1880000,0.32,0.156,0.147,8.19,14.81,5.63,11.18,18.18,0.18,1.0,38.89,0.18,1.0,-8.15,-83.1,-99.57,8.15,83.1,False,False,False,False,False,False,False,True,False,2026-09-21
8246,8246.HK,ZHONGHUA GAS,中华燃气,4.12,"5,000",Equity,Equity Securities (GEM),0.695,0.65,0.695,0.63,25000,0.02,0.682,0.676,1.91,2.73,-0.71,2.21,8.59,1.0,2.4,3.92,1.0,2.4,-30.5,-71.04,-82.27,30.5,71.04,False,False,False,True,False,False,False,False,False,2026-09-21
8247,8247.HK,BIOSINO BIO-TEC,中生北控生物科技,2.05,"2,000",Equity,Equity Securities (GEM),3.185,3.25,3.25,3.08,10000,0.03,3.187,3.208,-0.06,-0.73,0.0,0.47,-0.78,7.0,7.0,7.0,7.0,7.0,-53.57,-53.57,-53.57,54.5,54.5,False,False,False,False,False,False,False,False,False,2026-09-21
8250,8250.HK,DU DU HLDGS,都都控股,0.31,"10,000",Equity,Equity Securities (GEM),0.089,0.088,0.089,0.087,260000,0.02,0.089,0.089,-0.22,-0.34,-10.1,3.49,7.23,0.16,0.24,8.0,0.16,0.24,-44.37,-62.92,-98.89,44.37,62.92,False,False,False,False,False,False,False,False,False,2026-09-21
8267,8267.HK,LINEKONG,蓝港互动,0.66,500,Equity,Equity Securities (GEM),0.179,0.19,0.19,0.178,86500,0.02,0.176,0.178,1.7,0.45,0.56,2.29,4.68,0.46,1.18,4.5,0.46,1.18,-58.7,-83.9,-95.78,61.09,84.83,False,False,False,True,False,False,False,False,False,2026-09-21
8268,8268.HK,SMART CITY DEV,智城发展控股,0.39,"8,000",Equity,Equity Securities (GEM),0.135,0.136,0.136,0.135,808000,0.11,0.133,0.148,1.66,-8.54,0.0,5.47,9.76,0.42,1.62,1.83,0.42,1.62,-67.62,-91.6,-92.55,67.86,91.67,False,False,False,False,False,False,False,False,False,2026-09-21
8269,8269.HK,GO UP EDU TECH,倍升教育科技,2.21,"30,000",Equity,Equity Securities (GEM),0.248,0.248,0.249,0.248,96666,0.02,0.251,0.256,-1.12,-3.28,0.0,-0.8,-4.62,0.52,0.65,1.32,0.52,0.65,-52.12,-61.69,-81.11,52.31,61.85,False,False,False,False,False,False,False,False,False,2026-09-21
8270,8270.HK,CHINA CBM,中国煤层气,1.87,"10,000",Equity,Equity Securities (GEM),0.48,0.49,0.49,0.49,10000,0.0,0.43,0.437,11.63,9.84,15.66,14.29,10.34,0.54,1.0,1.93,0.54,1.0,-9.26,-51.0,-74.61,11.11,52.0,False,False,False,False,False,False,False,False,False,2026-09-21
8275,8275.HK,CHINA NEW CONS,中国新消费集团,0.85,"20,000",Equity,Equity Securities (GEM),0.089,0.091,0.091,0.089,1770000,0.16,0.096,0.101,-7.29,-11.53,-3.26,-11.0,-13.59,0.13,0.35,61.33,0.13,0.35,-30.53,-74.0,-99.85,32.06,74.57,False,False,False,False,False,False,False,False,False,2026-09-21
8279,8279.HK,AGTECH HOLDINGS,亚博科技控股,152.32,"4,000",Equity,Equity Securities (GEM),1.305,1.4,1.41,1.255,24608000,32.11,1.369,1.355,-4.67,-3.73,-7.77,-5.43,-5.43,1.68,1.68,1.71,1.68,1.68,-16.07,-16.07,-17.54,22.32,22.32,False,False,False,False,False,False,False,False,False,2026-09-21
8280,8280.HK,CDV HOLDINGS,中国数字视频,0.35,"2,000",Equity,Equity Securities (GEM),0.058,0.055,0.058,0.055,48000,0.0,0.054,0.055,6.62,5.65,5.45,11.54,9.43,0.12,0.12,1.52,0.12,0.12,-51.26,-51.26,-96.18,51.26,51.26,False,False,False,False,False,False,False,False,False,2026-09-21
8282,8282.HK,GAMEONE,智傲控股,0.34,"12,000",Equity,Equity Securities (GEM),0.6,0.6,0.6,0.6,36000,0.02,0.576,0.573,4.17,4.71,5.26,5.26,5.26,0.76,1.47,20.9,0.76,1.47,-21.05,-59.18,-97.13,21.05,59.18,False,False,False,False,False,False,False,False,False,2026-09-21
8285,8285.HK,SLING GROUP,森浩集团,0.72,"5,000",Equity,Equity Securities (GEM),0.129,0.125,0.13,0.125,405000,0.05,0.111,0.093,16.01,39.01,12.17,22.86,76.71,0.12,0.12,0.7,0.13,0.13,4.0,4.0,-81.43,0.77,0.77,True,True,False,False,True,True,False,True,True,2026-09-21
8290,8290.HK,AHSAY BACKUP,亚势备份,0.74,"10,000",Equity,Equity Securities (GEM),0.037,0.037,0.037,0.034,1040000,0.04,0.035,0.032,6.32,15.26,0.0,12.12,27.59,0.06,0.06,0.18,0.06,0.06,-37.29,-37.29,-79.56,37.29,37.29,False,False,False,False,False,False,False,False,False,2026-09-21
8291,8291.HK,HK ENT INTL,港娱国际,0.45,"10,000",Equity,Equity Securities (GEM),0.209,0.213,0.213,0.209,1045833,0.22,0.208,0.211,0.38,-0.81,1.46,1.95,-1.88,0.56,0.75,202.13,0.56,0.75,-61.96,-71.6,-99.89,62.68,72.13,False,False,False,False,False,False,False,False,False,2026-09-21
8292,8292.HK,VSING,VSING,1.41,"10,000",Equity,Equity Securities (GEM),0.131,0.131,0.131,0.131,10000,0.0,0.132,0.133,-1.06,-1.73,0.0,0.0,0.77,0.42,0.67,38.61,0.42,0.67,-68.81,-80.45,-99.66,68.81,80.45,False,False,False,False,False,False,False,False,False,2026-09-21
8293,8293.HK,SINGASIA HLDG,星亚控股,0.28,"20,000",Equity,Equity Securities (GEM),0.129,0.128,0.129,0.128,240000,0.03,0.114,0.109,12.76,18.89,14.16,17.27,17.27,0.86,0.86,175.75,0.86,0.86,-85.0,-85.0,-99.93,85.0,85.0,False,False,False,False,False,False,False,False,False,2026-09-21
8295,8295.HK,KINGWISOFT TECH,金慧科技,1.34,"20,000",Equity,Equity Securities (GEM),0.028,0.027,0.029,0.026,540000,0.02,0.026,0.025,8.53,10.24,7.69,12.0,12.0,0.04,0.09,1.24,0.04,0.09,-19.44,-67.78,-97.66,22.22,68.89,False,False,False,False,False,False,False,False,False,2026-09-21
8297,8297.HK,OCEAN STAR TECH,海纳星空科技,0.69,"2,500",Equity,Equity Securities (GEM),0.053,0.057,0.061,0.053,7667500,0.41,0.049,0.048,7.29,11.58,6.0,43.24,-10.17,0.1,0.37,1.92,0.1,0.37,-39.0,-83.51,-96.82,47.0,85.68,False,False,False,False,False,False,False,False,False,2026-09-21
8299,8299.HK,GT GOLD,大唐黄金,26.71,"24,000",Equity,Equity Securities (GEM),0.28,0.285,0.285,0.27,26295600,7.36,0.275,0.287,1.82,-2.44,0.0,1.82,1.82,0.85,0.85,1.02,0.85,0.85,-66.47,-66.47,-71.95,67.06,67.06,False,False,False,False,False,False,False,False,False,2026-09-21
8300,8300.HK,JIN MI FANG GP,今米房集团,0.79,"20,000",Equity,Equity Securities (GEM),0.03,0.026,0.03,0.025,2060000,0.06,0.028,0.028,5.63,7.14,7.14,7.14,7.14,0.09,0.4,0.4,0.09,0.4,-66.67,-92.5,-92.5,66.67,92.5,False,False,False,True,False,False,False,False,False,2026-09-21
8305,8305.HK,ST HLDGS,圣唐控股,3.42,"10,000",Equity,Equity Securities (GEM),0.211,0.202,0.212,0.165,63580000,13.42,0.155,0.109,35.78,93.05,14.05,61.07,193.06,0.33,0.73,0.73,0.33,0.73,-35.76,-70.96,-70.96,36.06,71.1,True,True,False,False,False,False,False,False,False,2026-09-21
8307,8307.HK,MEDICSKIN,密迪斯肌,0.47,"4,000",Equity,Equity Securities (GEM),0.119,0.112,0.2,0.112,528000,0.06,0.109,0.114,8.97,4.75,6.25,13.33,11.21,0.2,0.24,1.17,0.2,0.24,0.0,-16.67,-82.91,40.5,50.42,False,False,False,True,False,False,False,False,False,2026-09-21
8308,8308.HK,GUDOU HLDGS,古兜控股,0.33,"4,000",Equity,Equity Securities (GEM),0.024,0.025,0.027,0.023,20032000,0.48,0.025,0.028,-3.23,-14.29,-7.69,-11.11,-7.69,0.08,0.6,2.43,0.08,0.6,-67.86,-95.5,-98.89,71.43,96.0,False,False,False,False,False,False,False,False,False,2026-09-21
8309,8309.HK,MANSHING GLOBAL,万成环球控股,0.43,"10,000",Equity,Equity Securities (GEM),0.072,0.071,0.072,0.071,30000,0.0,0.073,0.073,-1.37,-1.23,-2.7,-2.7,2.86,0.1,0.1,0.53,0.1,0.1,-26.53,-26.53,-86.42,26.53,26.53,False,False,False,False,False,False,False,False,False,2026-09-21
8311,8311.HK,PERFECT OPT,圆美光电,0.92,"10,000",Equity,Equity Securities (GEM),0.062,0.062,0.062,0.062,40000,0.0,0.059,0.058,5.44,7.64,-3.13,10.71,10.71,0.17,0.19,1.2,0.17,0.19,-63.31,-66.49,-94.83,63.31,66.49,False,False,False,False,False,False,False,False,False,2026-09-21
8313,8313.HK,ZACD,杰地集团,0.52,"10,000",Equity,Equity Securities (GEM),0.026,0.03,0.03,0.026,970000,0.03,0.028,0.027,-7.14,-3.35,-10.34,-10.34,0.0,0.04,0.07,0.38,0.04,0.07,-21.05,-55.88,-92.0,31.58,61.76,False,False,False,False,False,False,False,False,False,2026-09-21
8316,8316.HK,CHINA HONGBAO,中国红包,2.29,"2,000",Equity,Equity Securities (GEM),0.24,0.23,0.24,0.23,244000,0.06,0.225,0.216,6.67,11.06,3.45,7.62,13.21,0.31,1.38,2.79,0.31,1.38,-22.58,-82.61,-91.4,22.58,82.61,False,False,False,False,False,False,False,False,False,2026-09-21
8317,8317.HK,FINET GROUP,财华社集团,0.8,"2,000",Equity,Equity Securities (GEM),0.08,0.08,0.08,0.08,4000,0.0,0.083,0.084,-3.85,-4.42,-1.23,-5.88,-5.88,0.14,0.16,0.96,0.14,0.16,-40.74,-48.39,-91.68,40.74,48.39,False,False,False,False,False,False,False,False,False,2026-09-21
8320,8320.HK,AEC GROUP,沛然环保,0.57,"20,000",Equity,Equity Securities (GEM),0.078,0.078,0.078,0.078,360000,0.03,0.083,0.084,-5.8,-7.03,-4.88,-9.3,-3.7,0.14,0.14,5.3,0.14,0.14,-42.22,-42.22,-98.53,42.22,42.22,False,False,False,False,False,False,False,False,False,2026-09-21
8321,8321.HK,TAI KAM HLDGS,泰锦控股,6.97,"10,000",Equity,Equity Securities (GEM),1.3,1.65,1.65,1.3,320000,0.42,1.624,1.685,-19.95,-22.85,-21.21,-24.86,-24.86,2.5,2.5,71.2,2.5,2.5,-34.0,-34.0,-97.68,48.0,48.0,False,False,False,False,False,False,False,False,False,2026-09-21
8326,8326.HK,TK NEW ENERGY,同景新能源,1.6,"25,000",Equity,Equity Securities (GEM),0.13,0.128,0.147,0.128,225000,0.03,0.14,0.151,-7.14,-13.68,-1.52,-7.8,-17.72,0.25,0.34,2.85,0.25,0.34,-41.2,-57.39,-94.84,48.0,62.32,False,False,False,False,False,False,False,False,False,2026-09-21
8329,8329.HK,NEP INTERLONG,海王英特龙,0.42,"10,000",Equity,Equity Securities (GEM),0.099,0.098,0.1,0.093,110000,0.01,0.1,0.101,-1.39,-1.88,-1.0,0.0,-7.48,0.18,0.38,1.29,0.18,0.38,-43.5,-73.68,-92.25,44.07,73.95,False,False,False,False,False,False,False,False,False,2026-09-21
8331,8331.HK,P.B. GROUP,倍搏集团,0.34,"10,000",Equity,Equity Securities (GEM),0.211,0.211,0.211,0.211,10000,0.0,0.211,0.219,0.0,-3.65,0.0,0.0,0.0,0.49,0.49,17.25,0.49,0.49,-56.94,-56.94,-98.78,56.94,56.94,False,False,False,False,False,False,False,False,False,2026-09-21
8333,8333.HK,ASTRUM FIN,阿仕特朗金融,0.6,"5,000",Equity,Equity Securities (GEM),0.62,0.59,0.62,0.575,45000,0.03,0.664,0.663,-6.63,-6.42,-8.15,-8.15,-8.15,0.72,1.06,5.4,0.72,1.06,-13.89,-41.51,-88.52,13.89,41.51,False,False,False,False,False,False,False,False,False,2026-09-21
8340,8340.HK,ZIJING INTL FIN,紫荆国际金融,0.68,"5,000",Equity,Equity Securities (GEM),0.825,0.845,0.845,0.825,15000,0.01,0.859,0.845,-3.96,-2.37,-2.37,-4.07,-7.3,0.95,2.96,100.67,0.95,2.96,-11.05,-71.46,-99.16,13.16,72.14,False,False,False,False,False,False,False,False,False,2026-09-21
8341,8341.HK,AESO HOLDING,艾硕控股,0.35,"5,000",Equity,Equity Securities (GEM),0.145,0.145,0.145,0.145,5000,0.0,0.14,0.139,3.28,4.02,-3.33,6.62,7.41,0.32,0.4,28.18,0.32,0.4,-54.69,-63.75,-99.49,54.69,63.75,False,False,False,False,False,False,False,False,False,2026-09-21
8348,8348.HK,BINHAI TEDA,滨海泰达物流,1.13,"2,000",Equity,Equity Securities (GEM),0.32,0.32,0.32,0.32,4000,0.0,0.304,0.302,5.26,5.96,6.67,6.67,6.67,0.46,0.84,1.87,0.46,0.84,-30.43,-61.9,-82.89,30.43,61.9,False,False,False,False,False,False,False,False,False,2026-09-21
8357,8357.HK,REPUBLIC HC,REPUBLIC HC,0.53,"5,000",Equity,Equity Securities (GEM),0.085,0.085,0.085,0.083,155000,0.01,0.088,0.097,-3.19,-12.55,2.41,-6.59,-34.11,0.24,0.24,0.93,0.24,0.24,-64.58,-64.58,-90.86,64.58,64.58,False,False,False,False,False,False,False,False,False,2026-09-21
8360,8360.HK,BASIC H NEWLIFE,简朴新生活,1.16,"6,000",Equity,Equity Securities (GEM),0.32,0.32,0.32,0.32,60000,0.02,0.307,0.303,4.23,5.61,0.0,12.28,6.67,0.64,1.59,4.99,0.64,1.59,-50.0,-79.87,-93.59,50.0,79.87,False,False,False,False,False,False,False,False,False,2026-09-21
8365,8365.HK,HATCHER GROUP,亦辰集团,1.75,"10,000",Equity,Equity Securities (GEM),0.895,0.83,0.9,0.83,1650000,1.48,0.857,0.823,4.43,8.75,4.68,0.56,15.48,3.16,3.16,40.5,3.16,3.16,-71.52,-71.52,-97.78,71.68,71.68,False,False,False,False,False,False,False,False,False,2026-09-21
8366,8366.HK,ZJ UNITED INV,浙江联合投资,0.38,"10,000",Equity,Equity Securities (GEM),0.024,0.024,0.024,0.024,620000,0.01,0.024,0.024,0.0,0.42,0.0,0.0,0.0,0.04,0.06,0.84,0.04,0.06,-40.0,-61.29,-97.14,40.0,61.29,False,False,False,False,False,False,False,False,False,2026-09-21
8368,8368.HK,CREATIVE CHINA,中国创意控股,1.7,"10,000",Equity,Equity Securities (GEM),0.245,0.24,0.255,0.24,100000,0.02,0.238,0.245,2.94,0.08,2.08,2.08,-1.61,0.98,1.1,11.0,0.98,1.1,-73.98,-76.82,-97.68,75.0,77.73,False,False,False,True,False,False,False,False,False,2026-09-21
8370,8370.HK,ZHI SHENG GP,智升集团控股,13.42,800,Equity,Equity Securities (GEM),7.3,6.98,7.3,6.9,30400,0.22,6.966,6.896,4.79,5.85,6.88,5.04,7.04,7.25,7.25,58.5,7.3,7.3,0.69,0.69,-87.52,0.0,0.0,False,False,False,False,True,True,False,True,True,2026-09-21
8371,8371.HK,TASTEGOURMET GP,尝高美集团,8.27,"4,000",Equity,Equity Securities (GEM),2.16,2.18,2.18,2.16,180000,0.39,2.132,2.062,1.31,4.78,-1.82,2.86,6.14,2.21,2.21,2.21,2.21,2.21,-1.58,-1.58,-1.58,2.48,2.48,False,False,False,False,False,False,False,True,True,2026-09-21
8373,8373.HK,INDIGO STAR,靛蓝星,0.42,"5,000",Equity,Equity Securities (GEM),1.03,1.055,1.055,1.005,90500,0.09,0.98,0.95,5.1,8.36,-1.9,9.57,8.42,1.1,1.75,44.0,1.1,1.75,-4.09,-39.71,-97.6,6.36,41.14,False,False,False,False,False,False,False,True,False,2026-09-21
8375,8375.HK,DATA UNION CAP,数盟资本,3.33,"10,000",Equity,Equity Securities (GEM),0.965,0.86,0.965,0.86,30000,0.03,0.967,0.948,-0.21,1.74,1.58,-1.53,-1.53,2.99,8.2,8.2,2.99,8.2,-67.73,-88.23,-88.23,67.73,88.23,False,False,False,False,False,False,False,False,False,2026-09-21
8377,8377.HK,HARBOUR EQUINE,维港育马,0.82,"10,000",Equity,Equity Securities (GEM),0.153,0.156,0.156,0.153,4870000,0.75,0.163,0.149,-6.13,2.68,-1.92,-17.3,13.33,0.22,0.22,2.75,0.22,0.22,-27.44,-27.44,-94.34,28.84,28.84,False,False,False,False,False,False,False,False,False,2026-09-21
8379,8379.HK,PRIME INTEL,盈证国际,1.0,"10,000",Equity,Equity Securities (GEM),0.125,0.127,0.127,0.127,30000,0.0,0.113,0.106,10.82,18.04,-1.57,17.92,26.26,0.22,0.25,0.56,0.22,0.25,-42.27,-49.2,-77.32,43.18,50.0,False,False,False,False,False,False,False,False,False,2026-09-21
8385,8385.HK,PROSPEROUSPRINT,万里印刷,0.12,"10,000",Equity,Equity Securities (GEM),0.118,0.395,0.395,0.112,40476000,4.78,0.138,0.128,-14.37,-7.88,-21.33,-13.87,-11.94,0.2,0.35,9.5,0.4,0.4,94.58,12.86,-95.84,70.13,70.13,False,False,False,False,True,True,False,False,False,2026-09-21
8391,8391.HK,CORNERSTONE TEC,基石科技控股,3.2,"4,000",Equity,Equity Securities (GEM),0.305,0.305,0.31,0.305,1300000,0.4,0.308,0.305,-0.97,0.0,-1.61,-1.61,1.67,0.65,0.89,3.59,0.65,0.89,-52.31,-65.17,-91.36,53.08,65.73,False,False,False,False,False,False,False,False,False,2026-09-21
8392,8392.HK,SATU HOLDINGS,舍图控股,0.43,"10,000",Equity,Equity Securities (GEM),0.041,0.046,0.046,0.04,870000,0.04,0.044,0.042,-5.96,-2.84,-8.89,-8.89,-2.38,0.06,0.08,2.28,0.06,0.08,-23.33,-44.58,-97.98,31.67,50.6,False,False,False,False,False,False,False,False,False,2026-09-21
8395,8395.HK,ZXZN QI-HOUSE,中显智能齐家控股,32.24,"20,000",Equity,Equity Securities (GEM),1.815,1.82,1.9,1.785,1000000,1.82,1.78,1.774,1.97,2.34,4.91,0.28,11.01,2.6,2.6,2.6,2.6,2.6,-26.92,-26.92,-26.92,30.19,30.19,False,False,False,False,False,False,False,False,False,2026-09-21
8400,8400.HK,ASIA PIONEER,亚洲先锋娱乐,0.87,"10,000",Equity,Equity Securities (GEM),0.087,0.09,0.09,0.084,300000,0.03,0.088,0.083,-0.91,4.82,-3.33,-1.14,11.54,0.16,0.16,0.55,0.16,0.16,-44.79,-44.79,-83.64,46.63,46.63,False,False,False,False,False,False,False,False,False,2026-09-21
8401,8401.HK,HUA XIA WATER,华夏水务集团,0.28,"2,000",Equity,Equity Securities (GEM),0.035,0.035,0.035,0.035,250000,0.01,0.034,0.034,4.17,3.86,0.0,2.94,6.06,0.11,0.44,4.41,0.11,0.44,-67.59,-92.05,-99.21,67.59,92.05,False,False,False,False,False,False,False,False,False,2026-09-21
8403,8403.HK,DEFENG SOLIFE,德丰宿来,5.16,"4,000",Equity,Equity Securities (GEM),3.05,3.09,3.09,3.05,20000,0.06,3.058,3.009,-0.26,1.38,-1.29,0.66,1.67,3.76,3.76,3.76,3.76,3.76,-17.82,-17.82,-17.82,18.88,18.88,False,False,False,False,False,False,False,False,False,2026-09-21
8412,8412.HK,NEW AMANTE,新爱德集团,0.4,"10,000",Equity,Equity Securities (GEM),0.27,0.27,0.27,0.27,60000,0.02,0.275,0.273,-1.82,-0.92,1.89,-3.57,0.0,0.5,2.0,14.03,0.5,2.0,-46.0,-86.5,-98.08,46.0,86.5,False,False,False,False,False,False,False,False,False,2026-09-21
8413,8413.HK,ASIA GROCERY,亚洲富思,0.71,"10,000",Equity,Equity Securities (GEM),0.061,0.061,0.061,0.061,10000,0.0,0.062,0.064,-1.93,-4.69,3.39,-10.29,-6.15,0.2,0.32,1.81,0.2,0.32,-70.24,-80.94,-96.63,70.24,80.94,False,False,False,False,False,False,False,False,False,2026-09-21
8417,8417.HK,DADI EDU,大地教育,0.4,"10,000",Equity,Equity Securities (GEM),0.023,0.025,0.026,0.023,2390000,0.05,0.023,0.022,0.88,2.68,4.55,0.0,0.0,0.03,0.03,1.98,0.03,0.03,-18.75,-18.75,-98.69,28.13,28.13,False,False,False,False,False,False,False,False,False,2026-09-21
8418,8418.HK,OPTIMA AUTO,傲迪玛汽车,4.55,"2,000",Equity,Equity Securities (GEM),0.535,0.53,0.585,0.525,62000,0.03,0.54,0.536,-0.93,-0.19,0.94,-5.31,-2.73,2.5,2.5,2.79,2.5,2.5,-76.6,-76.6,-79.03,78.6,78.6,False,False,False,False,False,False,False,False,False,2026-09-21
8419,8419.HK,AV PROMOTIONS,ＡＶ策划推广,0.29,"5,000",Equity,Equity Securities (GEM),0.072,0.078,0.078,0.072,45000,0.0,0.072,0.073,0.0,-0.96,0.0,0.0,0.0,0.19,0.19,5.2,0.19,0.19,-58.95,-58.95,-98.5,62.11,62.11,False,False,False,False,False,False,False,False,False,2026-09-21
8420,8420.HK,NEXION TECH,NEXION TECH,0.26,"5,000",Equity,Equity Securities (GEM),0.029,0.03,0.03,0.029,190000,0.01,0.029,0.028,0.69,2.11,0.0,0.0,3.57,0.05,0.09,1.6,0.05,0.09,-44.44,-65.12,-98.13,46.3,66.28,False,False,False,False,False,False,False,False,False,2026-09-21
8426,8426.HK,MODERN LIVING,雅居投资控股,2.16,"10,000",Equity,Equity Securities (GEM),0.27,0.26,0.275,0.26,670000,0.18,0.257,0.249,5.06,8.43,12.5,-5.26,8.43,0.43,0.86,0.86,0.43,0.86,-35.29,-68.02,-68.02,36.47,68.6,False,False,False,False,False,False,False,False,False,2026-09-21
8427,8427.HK,WS-SK TARGET,万顺瑞强集团,0.59,400,Equity,Equity Securities (GEM),3.555,3.52,3.555,3.52,3300,0.01,3.465,3.49,2.6,1.88,1.57,3.64,3.04,26.46,38.0,87.2,26.46,38.0,-86.56,-90.64,-95.92,86.56,90.64,False,False,False,False,False,False,False,False,False,2026-09-21
8430,8430.HK,C&N HOLDINGS,春能控股,0.13,"10,000",Equity,Equity Securities (GEM),0.079,0.078,0.079,0.078,80000,0.01,0.076,0.076,4.22,4.36,5.33,5.33,5.33,0.29,0.41,9.69,0.29,0.41,-73.22,-80.49,-99.18,73.22,80.49,False,False,False,False,False,False,False,False,False,2026-09-21
8431,8431.HK,HAO BAI INTL,浩柏国际,3.21,"10,000",Equity,Equity Securities (GEM),1.36,1.375,1.375,1.34,2020000,2.75,1.368,1.358,-0.58,0.18,-1.45,1.87,-0.73,2.0,3.3,53.49,2.0,3.3,-31.25,-58.33,-97.43,32.0,58.79,False,False,False,False,False,False,False,False,False,2026-09-21
8432,8432.HK,BAR PACIFIC,太平洋酒吧,0.4,"10,000",Equity,Equity Securities (GEM),0.045,0.045,0.045,0.045,10000,0.0,0.042,0.04,8.17,11.39,4.65,12.5,15.38,0.05,0.08,6.06,0.05,0.08,-16.67,-44.44,-99.26,16.67,44.44,False,False,False,False,False,False,False,False,False,2026-09-21
8439,8439.HK,SOMERLEY CAP,新百利融资,1.67,"2,000",Equity,Equity Securities (GEM),1.105,1.105,1.105,1.1,14000,0.02,1.126,1.114,-1.87,-0.81,0.45,-3.91,-5.15,4.85,4.85,4.85,4.85,4.85,-77.22,-77.22,-77.22,77.22,77.22,False,False,False,False,False,False,False,False,False,2026-09-21
8445,8445.HK,NOBLE ENG GP,怡康泰工程集团,0.98,"10,000",Equity,Equity Securities (GEM),0.355,0.375,0.43,0.35,300000,0.11,0.39,0.349,-8.97,1.72,1.43,-11.25,-17.44,0.49,0.49,5.13,0.49,0.49,-12.24,-12.24,-91.62,27.55,27.55,False,False,False,False,False,False,False,False,False,2026-09-21
8447,8447.HK,MS CONCEPT,MS CONCEPT,0.64,"10,000",Equity,Equity Securities (GEM),0.063,0.067,0.068,0.063,410000,0.03,0.065,0.064,-3.08,-1.72,-5.97,-1.56,-5.97,0.1,0.1,0.36,0.1,0.1,-30.61,-30.61,-81.11,35.71,35.71,False,False,False,False,False,False,False,False,False,2026-09-21
8448,8448.HK,UNI PRINTSHOP,环球印馆,1.43,"20,000",Equity,Equity Securities (GEM),1.43,1.43,1.43,1.43,20000,0.03,1.43,1.442,0.0,-0.83,0.0,0.0,0.0,1.99,1.99,9.06,1.99,1.99,-28.14,-28.14,-84.22,28.14,28.14,False,False,False,False,False,False,False,False,False,2026-09-21
8450,8450.HK,EDICO HOLDINGS,钜京控股,7.65,"10,000",Equity,Equity Securities (GEM),0.77,0.675,0.77,0.675,2160000,1.66,0.738,0.77,4.34,-0.0,14.93,7.69,-3.75,0.88,0.88,0.88,0.88,0.88,-12.5,-12.5,-12.5,12.5,12.5,False,False,False,False,False,False,False,False,False,2026-09-21
8455,8455.HK,LAI GROUP,礼建德集团,0.26,"10,000",Equity,Equity Securities (GEM),0.025,0.023,0.027,0.023,3950000,0.1,0.024,0.026,2.46,-1.96,0.0,0.0,4.17,0.16,0.16,3.5,0.16,0.16,-83.02,-83.02,-99.23,84.28,84.28,False,False,True,False,False,False,False,False,False,2026-09-21
8456,8456.HK,MANSION INTL,民信国际控股,0.4,"10,000",Equity,Equity Securities (GEM),0.305,0.305,0.305,0.305,100000,0.03,0.313,0.331,-2.56,-7.85,0.0,-6.15,-6.15,0.45,2.24,159.84,0.45,2.24,-32.22,-86.38,-99.81,32.22,86.38,False,False,False,False,False,False,False,False,False,2026-09-21
8460,8460.HK,BASETROPHY GP,基地锦标集团,1.02,"5,000",Equity,Equity Securities (GEM),0.385,0.39,0.39,0.385,270000,0.1,0.384,0.389,0.26,-1.03,-1.28,1.32,-1.28,3.39,3.39,21.9,3.39,3.39,-88.5,-88.5,-98.22,88.64,88.64,False,False,False,False,False,False,False,False,False,2026-09-21
8462,8462.HK,OMNIBRIDGE HLDG,中安控股集团,0.43,"5,000",Equity,Equity Securities (GEM),0.072,0.068,0.068,0.068,50000,0.0,0.074,0.075,-3.23,-3.61,-4.0,-4.0,-4.0,0.16,0.39,3.96,0.16,0.39,-56.96,-82.56,-98.28,54.43,81.54,False,False,False,False,False,False,False,False,False,2026-09-21
8471,8471.HK,REACH NEW HLDGS,新达控股,0.24,"10,000",Equity,Equity Securities (GEM),0.32,0.325,0.325,0.32,40000,0.01,0.331,0.343,-3.32,-6.57,-1.54,-5.88,-5.88,2.3,9.3,35.8,2.3,9.3,-85.87,-96.51,-99.09,86.09,96.56,False,False,False,False,False,False,False,False,False,2026-09-21
8473,8473.HK,MI MING MART,弥明生活百货,1.1,"10,000",Equity,Equity Securities (GEM),0.098,0.097,0.098,0.096,60000,0.01,0.1,0.1,-2.2,-2.2,-5.77,-2.0,-2.0,0.13,0.18,0.91,0.13,0.18,-23.44,-44.94,-89.23,23.44,44.94,False,False,False,False,False,False,False,False,False,2026-09-21
8480,8480.HK,FURNIWEB,飞霓控股,1.48,"4,000",Equity,Equity Securities (GEM),0.16,0.155,0.169,0.155,2220000,0.36,0.15,0.148,6.67,8.25,8.84,12.68,6.67,0.3,0.38,3.34,0.3,0.38,-43.67,-54.93,-94.94,46.67,57.33,False,False,False,False,False,False,False,False,False,2026-09-21
8482,8482.HK,WAN LEADER,万励达,0.25,"10,000",Equity,Equity Securities (GEM),0.138,0.15,0.155,0.138,230000,0.03,0.141,0.125,-2.13,9.96,-10.97,-6.12,25.45,0.17,2.5,6.5,0.17,2.5,-6.06,-93.8,-97.62,16.36,94.48,False,False,False,False,False,False,False,False,False,2026-09-21
8483,8483.HK,MAX SIGHT GROUP,名仕快相,2.52,"8,000",Equity,Equity Securities (GEM),0.315,0.255,0.32,0.25,10192000,3.21,0.247,0.216,27.63,45.97,12.5,53.66,70.27,0.28,0.3,1.3,0.32,0.32,12.28,6.67,-75.38,1.56,1.56,True,False,False,False,True,True,False,True,True,2026-09-21
8487,8487.HK,ISP GLOBAL,ISP GLOBAL,0.83,"2,000",Equity,Equity Securities (GEM),0.079,0.08,0.08,0.08,20000,0.0,0.079,0.077,-0.5,1.94,-1.25,1.28,-1.25,0.09,0.28,3.92,0.09,0.28,-14.89,-71.93,-97.96,15.96,72.28,False,False,False,False,False,False,False,False,False,2026-09-21
8489,8489.HK,GP LOGISTICS,裕程物流,0.76,"5,000",Equity,Equity Securities (GEM),0.246,0.246,0.246,0.246,35000,0.01,0.231,0.23,6.49,7.05,8.37,7.89,8.85,0.49,0.49,1.43,0.49,0.49,-49.8,-49.8,-82.8,49.8,49.8,False,False,False,False,False,False,False,False,False,2026-09-21
8490,8490.HK,NICHE-TECH SEMI,骏码半导体,0.66,"5,000",Equity,Equity Securities (GEM),0.094,0.1,0.1,0.094,125000,0.01,0.099,0.107,-5.43,-11.82,-6.0,-2.08,-23.58,0.25,0.55,0.74,0.25,0.55,-60.78,-81.82,-86.49,63.14,82.91,False,False,False,False,False,False,False,False,False,2026-09-21
8491,8491.HK,COOL LINK,COOL LINK,0.82,"5,000",Equity,Equity Securities (GEM),0.206,0.206,0.206,0.206,152500,0.03,0.202,0.198,1.78,4.04,0.49,3.0,4.57,0.51,3.37,60.0,0.51,3.37,-59.61,-93.89,-99.66,59.61,93.89,True,False,False,False,False,False,False,False,False,2026-09-21
8501,8501.HK,SANBASE CORP,庄皇集团公司,1.88,"2,000",Equity,Equity Securities (GEM),0.94,0.94,0.94,0.94,2000,0.0,0.898,0.869,4.68,8.17,0.0,8.05,8.05,0.94,0.94,2.12,0.94,0.94,0.0,0.0,-55.66,0.0,0.0,False,False,False,False,False,False,False,True,True,2026-09-21
8502,8502.HK,OCEAN LINE PORT,远航港口,2.72,"8,000",Equity,Equity Securities (GEM),0.34,0.345,0.345,0.33,48000,0.02,0.346,0.344,-1.73,-1.31,-1.45,-1.45,-4.23,0.38,0.43,2.34,0.38,0.43,-9.21,-19.77,-85.26,10.53,20.93,False,False,False,False,False,False,False,False,False,2026-09-21
8507,8507.HK,I.CENTURY HLDG,爱世纪集团,5.32,"4,000",Equity,Equity Securities (GEM),0.665,0.67,0.685,0.66,644000,0.43,0.65,0.655,2.31,1.53,0.76,3.91,0.76,1.25,1.25,1.25,1.25,1.25,-45.2,-45.2,-45.2,46.8,46.8,False,False,False,False,False,False,False,False,False,2026-09-21
8510,8510.HK,TOPSTANDARDCORP,TOPSTANDARDCORP,0.5,"20,000",Equity,Equity Securities (GEM),0.21,0.2,0.211,0.2,80000,0.02,0.219,0.24,-4.28,-12.39,8.25,-8.7,-25.0,0.3,0.49,3.65,0.3,0.49,-29.67,-56.94,-94.22,30.0,57.14,False,False,False,False,False,False,False,False,False,2026-09-21
8512,8512.HK,HYFUSIN GROUP,凯富善集团控股,3.35,"10,000",Equity,Equity Securities (GEM),0.365,0.37,0.37,0.365,160000,0.06,0.369,0.371,-1.08,-1.48,-1.35,-1.35,-2.67,0.43,0.43,1.14,0.43,0.43,-12.94,-12.94,-67.54,14.12,14.12,False,False,False,False,False,False,False,False,False,2026-09-21
8513,8513.HK,MAXWIN INT HLDG,加和国际控股,0.27,"5,000",Equity,Equity Securities (GEM),0.335,0.325,0.335,0.325,60000,0.02,0.33,0.339,1.52,-1.03,-9.46,6.35,4.69,1.15,3.3,31.6,1.15,3.3,-70.87,-89.85,-98.94,70.87,89.85,False,False,True,False,False,False,False,False,False,2026-09-21
8516,8516.HK,ZY INTL,中盈国际,0.89,"5,000",Equity,Equity Securities (GEM),1.55,1.57,1.575,1.505,180000,0.28,1.608,1.623,-3.61,-4.5,-7.19,-2.82,-6.06,1.93,1.98,642.0,1.93,1.98,-18.39,-20.45,-99.75,19.69,21.72,False,False,False,False,False,False,False,False,False,2026-09-21
8521,8521.HK,WEBX INTL HLDGS,智云国际控股,4.38,"5,000",Equity,Equity Securities (GEM),0.685,0.69,0.69,0.685,35000,0.02,0.692,0.673,-1.01,1.78,-1.44,-0.72,3.79,1.26,1.7,1.7,1.26,1.7,-45.24,-59.41,-59.41,45.63,59.71,False,False,False,False,False,False,False,False,False,2026-09-21
8525,8525.HK,BAIYING HOLDING,百应控股,2.16,"2,000",Equity,Equity Securities (GEM),0.8,0.8,0.8,0.67,108000,0.09,0.8,0.802,0.0,-0.19,0.0,0.0,41.59,0.9,1.0,2.88,0.9,1.0,-11.11,-20.0,-72.22,11.11,20.0,False,False,False,False,False,False,False,False,False,2026-09-21
8526,8526.HK,WING FUNG GROUP,荣丰集团亚洲,0.71,"10,000",Equity,Equity Securities (GEM),0.44,0.435,0.44,0.435,260000,0.11,0.434,0.369,1.38,19.08,-1.12,3.53,14.29,0.45,0.45,4.84,0.45,0.45,-2.22,-2.22,-90.91,2.22,2.22,False,False,False,False,False,False,False,True,True,2026-09-21
8527,8527.HK,JLOGO HLDGS,聚利宝控股,1.4,"5,000",Equity,Equity Securities (GEM),0.28,0.265,0.3,0.265,2425000,0.68,0.265,0.239,5.66,17.3,5.66,9.8,1.82,0.5,0.58,3.79,0.5,0.58,-40.0,-48.28,-92.08,44.0,51.72,True,False,False,False,False,False,False,False,False,2026-09-21
8532,8532.HK,POLYFAIR HLDGS,宝发控股,0.06,"16,000",Equity,Equity Securities (GEM),0.073,0.069,0.075,0.066,704000,0.05,0.068,0.068,6.73,7.83,5.8,8.96,7.35,0.1,0.71,4.5,0.1,0.71,-25.0,-89.44,-98.33,27.0,89.72,False,False,True,True,False,False,False,False,False,2026-09-21
8535,8535.HK,VISTAR HOLDINGS,荧德控股,2.51,"20,000",Equity,Equity Securities (GEM),0.218,0.146,0.218,0.146,1340000,0.29,0.152,0.144,43.8,51.18,48.3,67.69,55.71,0.28,0.28,0.49,0.28,0.28,-22.14,-22.14,-55.51,22.14,22.14,False,False,True,False,False,False,False,False,False,2026-09-21
8537,8537.HK,CHONG FAI JEWEL,创辉珠宝,0.77,"10,000",Equity,Equity Securities (GEM),0.215,0.21,0.21,0.21,60000,0.01,0.221,0.214,-2.54,0.37,-1.83,-4.44,-1.83,0.34,0.55,12.5,0.34,0.55,-39.13,-61.82,-98.32,37.68,60.91,False,False,False,False,False,False,False,False,False,2026-09-21
8540,8540.HK,VICTORY SEC,胜利证券,9.29,"1,000",Equity,Equity Securities (GEM),4.36,4.375,4.39,4.36,282000,1.23,4.372,4.375,-0.27,-0.34,-0.11,-0.46,-0.34,5.93,12.0,12.0,5.93,12.0,-25.97,-63.42,-63.42,26.48,63.67,False,False,False,False,False,False,False,False,False,2026-09-21
8547,8547.HK,PACIFIC LEGEND,PACIFIC LEGEND,0.71,"10,000",Equity,Equity Securities (GEM),0.08,0.073,0.081,0.072,28960000,2.32,0.076,0.075,5.82,5.96,0.0,15.94,5.26,0.17,0.96,6.4,0.17,0.96,-51.79,-91.56,-98.73,52.38,91.67,False,False,False,True,False,False,False,False,False,2026-09-21
8549,8549.HK,GOLDEN LEAF INT,金叶国际集团,0.8,"5,000",Equity,Equity Securities (GEM),0.2,0.2,0.2,0.2,150000,0.03,0.2,0.201,-0.2,-0.6,0.0,1.01,-1.96,0.38,3.32,3.32,0.38,3.32,-47.37,-93.98,-93.98,47.37,93.98,False,False,False,False,False,False,False,False,False,2026-09-21
8601,8601.HK,BOLTEK,宝燵控股,2.24,"10,000",Equity,Equity Securities (GEM),0.28,0.245,0.28,0.245,160000,0.04,0.247,0.243,13.27,15.08,14.29,19.15,19.15,0.26,0.38,0.95,0.28,0.38,5.66,-26.32,-70.53,0.0,26.32,True,False,False,False,True,False,False,True,False,2026-09-21
8610,8610.HK,BBSB INTL,BBSB INTL,3.0,"4,000",Equity,Equity Securities (GEM),0.6,0.585,0.6,0.585,132000,0.08,0.58,0.582,3.45,3.09,2.56,5.26,3.45,3.11,3.11,3.11,3.11,3.11,-80.71,-80.71,-80.71,80.71,80.71,False,False,False,False,False,False,False,False,False,2026-09-21
8611,8611.HK,JUFEEL,九福来,4.62,"5,000",Equity,Equity Securities (GEM),0.78,0.77,0.78,0.77,65000,0.05,0.772,0.789,1.04,-1.2,1.3,1.96,-0.64,1.6,1.86,3.8,1.6,1.86,-51.25,-58.06,-79.47,51.25,58.06,False,False,False,False,False,False,False,False,False,2026-09-21
8613,8613.HK,ORIENTAL PAY,东方支付集团控股,0.62,"10,000",Equity,Equity Securities (GEM),0.032,0.031,0.032,0.031,160000,0.01,0.031,0.032,1.91,1.27,3.23,3.23,0.0,0.06,0.19,0.4,0.06,0.19,-43.86,-83.07,-91.9,43.86,83.07,False,False,False,True,False,False,False,False,False,2026-09-21
8616,8616.HK,SUNRAY ENG GP,新威工程集团,1.02,"10,000",Equity,Equity Securities (GEM),0.102,0.1,0.102,0.097,120000,0.01,0.097,0.092,4.94,10.63,-2.86,15.91,20.0,0.11,0.11,0.9,0.11,0.11,-8.11,-8.11,-88.67,8.11,8.11,False,False,False,False,False,False,False,True,True,2026-09-21
8620,8620.HK,AE LOGISTICS,亚洲速运,0.88,"5,000",Equity,Equity Securities (GEM),0.14,0.132,0.14,0.132,585000,0.08,0.14,0.145,0.14,-3.51,2.19,0.72,1.45,0.25,0.5,0.7,0.25,0.5,-45.1,-72.0,-80.0,45.1,72.0,False,False,False,False,False,False,False,False,False,2026-09-21
8621,8621.HK,METROPOLIS CAP,METROPOLIS CAP,0.45,"8,000",Equity,Equity Securities (GEM),0.047,0.044,0.049,0.043,688000,0.03,0.045,0.04,4.44,16.05,0.0,2.17,17.5,0.1,0.1,1.2,0.1,0.1,-48.96,-48.96,-95.92,51.04,51.04,False,False,False,False,False,False,False,False,False,2026-09-21
8622,8622.HK,JOYZYME GROUP,愉悦集团,1.01,"8,000",Equity,Equity Securities (GEM),0.196,0.197,0.197,0.196,168000,0.03,0.186,0.177,5.6,10.48,1.03,8.89,10.11,0.44,0.75,0.75,0.44,0.75,-54.71,-73.73,-73.73,54.94,73.87,False,False,False,False,False,False,False,False,False,2026-09-21
8627,8627.HK,ORANGE TOUR,旅橙文化,0.51,"8,000",Equity,Equity Securities (GEM),0.064,0.063,0.064,0.06,104000,0.01,0.064,0.064,0.63,0.79,1.59,0.0,0.0,0.17,0.17,1.62,0.17,0.17,-62.35,-62.35,-96.05,62.35,62.35,False,False,False,True,False,False,False,False,False,2026-09-21
8635,8635.HK,ELEPHANT HLDGS,大象控股集团,2.17,"4,000",Equity,Equity Securities (GEM),0.39,0.365,0.405,0.365,356000,0.14,0.412,0.387,-5.34,0.78,-2.5,-8.24,-15.22,0.79,1.84,1.84,0.79,1.84,-48.73,-77.99,-77.99,50.63,78.8,False,False,False,False,False,False,False,False,False,2026-09-21
8637,8637.HK,METASURFACE,元续科技,5.35,"1,000",Equity,Equity Securities (GEM),3.6,3.65,3.66,3.57,95000,0.34,3.642,3.626,-1.15,-0.7,-1.5,-2.04,-1.91,4.3,4.3,4.3,4.3,4.3,-14.88,-14.88,-14.88,16.28,16.28,False,False,False,False,False,False,False,False,False,2026-09-21
8646,8646.HK,CHINA HONGGUANG,中国宏光,2.74,"3,000",Equity,Equity Securities (GEM),0.35,0.4,0.4,0.34,12909000,4.52,0.314,0.289,11.46,21.19,0.0,27.27,25.0,0.44,0.63,4.12,0.44,0.63,-9.09,-36.51,-90.29,20.45,44.44,False,False,False,False,False,False,False,False,False,2026-09-21
8659,8659.HK,YIK WO INTL,易和国际控股,0.81,"5,000",Equity,Equity Securities (GEM),0.1,0.101,0.101,0.098,990000,0.1,0.104,0.109,-3.66,-8.68,-1.96,-2.91,-9.09,0.17,0.82,1.42,0.17,0.82,-39.16,-87.68,-92.89,39.76,87.8,False,False,False,False,False,False,False,False,False,2026-09-21
8668,8668.HK,YING HAI GROUP,瀛海集团,1.48,"10,000",Equity,Equity Securities (GEM),0.123,0.123,0.123,0.123,10000,0.0,0.118,0.12,4.06,2.76,0.0,6.96,-1.6,0.14,0.2,0.26,0.14,0.2,-10.22,-37.56,-52.69,10.22,37.56,False,False,False,False,False,False,False,False,False,2026-09-21
9600,9600.HK,NEWLINK TECH,新纽科技,1.25,800,Equity,Equity Securities (Main Board),0.125,0.123,0.125,0.123,239200,0.03,0.128,0.133,-2.04,-6.23,0.0,-3.1,-5.3,0.34,2.72,4.76,0.34,2.72,-63.77,-95.4,-97.37,63.77,95.4,False,False,False,False,False,False,False,False,False,2026-09-21
9606,9606.HK,DUALITYBIO-B,映恩生物－Ｂ,191.84,100,Equity,Equity Securities (Main Board),211.4,202.0,218.6,199.2,1523706,322.11,190.16,184.62,11.17,14.51,7.04,18.63,13.72,376.8,563.5,563.5,376.8,563.5,-41.99,-61.21,-61.21,43.9,62.48,True,False,False,False,False,False,False,False,False,2026-09-21
9608,9608.HK,SUNDY SERVICE,宋都服务,1.88,"10,000",Equity,Equity Securities (Main Board),0.049,0.05,0.054,0.049,540000,0.03,0.05,0.051,-2.78,-3.16,-2.0,-3.92,-2.0,0.07,0.62,0.62,0.07,0.62,-26.03,-91.29,-91.29,32.88,92.1,False,False,False,False,False,False,False,False,False,2026-09-21
9611,9611.HK,LONGCHEER,龙旗科技,11.06,100,Equity,Equity Securities (Main Board),21.3,20.72,21.4,20.66,279900,5.96,20.66,20.922,3.1,1.81,2.6,3.7,4.62,36.86,36.86,36.86,36.86,36.86,-41.94,-41.94,-41.94,42.21,42.21,False,False,True,True,False,False,False,False,False,2026-09-21
9615,9615.HK,MECH-MIND ROBOT,梅卡曼德机器人,90.73,30,Equity,Equity Securities (Main Board),80.3,81.6,83.1,78.0,87090,6.99,81.03,83.595,-0.9,-3.94,-1.47,-0.31,-4.12,102.0,102.0,102.0,102.0,102.0,-18.53,-18.53,-18.53,21.27,21.27,False,False,False,False,False,False,False,False,False,2026-09-21
9616,9616.HK,NEUTECH GROUP,东软睿新集团,11.76,800,Equity,Equity Securities (Main Board),1.82,1.84,1.84,1.8,118400,0.22,1.832,1.828,-0.66,-0.44,-1.09,-1.09,-1.09,2.6,3.98,7.94,2.6,3.98,-29.23,-53.77,-76.83,30.0,54.27,False,False,False,False,False,False,False,False,False,2026-09-21
9618,9618.HK,JD-SW,京东集团－ＳＷ,2494.01,50,Equity,Equity Securities (Main Board),105.4,104.5,106.1,104.5,3574255,376.73,105.52,106.02,-0.11,-0.58,0.38,-0.47,-0.57,132.5,192.3,422.8,132.5,192.3,-19.92,-44.83,-74.91,20.45,45.19,False,False,False,False,False,False,False,False,False,2026-09-21
9626,9626.HK,BILIBILI-W,哔哩哔哩－Ｗ,399.03,20,Equity,Equity Securities (Main Board),117.7,116.9,119.2,116.9,3311457,389.76,117.72,120.31,-0.02,-2.17,0.77,-0.34,-3.37,285.6,285.6,1052.0,285.6,285.6,-58.26,-58.26,-88.67,58.79,58.79,False,False,False,False,False,False,False,False,False,2026-09-21
9630,9630.HK,CFMEE,芯碁微装,53.8,50,Equity,Equity Securities (Main Board),364.0,388.0,388.0,360.2,443850,161.56,363.48,353.92,0.14,2.85,-4.11,0.83,5.63,555.0,555.0,555.0,555.0,555.0,-30.09,-30.09,-30.09,34.41,34.41,False,False,False,False,False,False,False,False,False,2026-09-21
9633,9633.HK,NONGFU SPRING,农夫山泉,1972.58,200,Equity,Equity Securities (Main Board),39.18,38.64,39.24,38.4,5226029,204.76,39.112,39.606,0.17,-1.08,1.5,-0.51,-1.41,51.85,56.25,68.75,51.85,56.25,-24.32,-30.24,-42.92,24.44,30.35,False,False,False,False,False,False,False,False,False,2026-09-21
9636,9636.HK,JF SMARTINVEST,九方智投控股,127.57,100,Equity,Equity Securities (Main Board),27.52,27.2,27.96,27.08,601100,16.54,27.604,28.344,-0.3,-2.91,1.93,-1.36,-2.2,67.45,84.05,84.05,67.45,84.05,-58.55,-66.73,-66.73,59.2,67.26,False,False,False,False,False,False,False,False,False,2026-09-21
9637,9637.HK,ALEBUND-B,礼邦医药－Ｂ,62.91,100,Equity,Equity Securities (Main Board),26.72,26.36,27.7,25.7,1039100,27.76,25.18,25.164,6.12,6.18,5.11,10.78,16.17,46.82,46.82,46.82,46.82,46.82,-40.84,-40.84,-40.84,42.93,42.93,False,False,False,False,False,False,False,False,False,2026-09-21
9639,9639.HK,WING LEE DEV,荣利营造,9.3,"5,000",Equity,Equity Securities (Main Board),0.93,0.92,0.95,0.915,90000,0.08,0.936,0.936,-0.64,-0.59,0.0,-1.59,-0.53,1.25,1.82,1.82,1.25,1.82,-24.0,-47.8,-47.8,25.6,48.9,False,False,False,False,False,False,False,False,False,2026-09-21
9658,9658.HK,SUPER HI,特海国际,61.36,"1,000",Equity,Equity Securities (Main Board),9.44,9.5,9.535,9.225,186793,1.76,9.358,9.4,0.88,0.43,2.94,0.43,0.64,13.99,24.1,24.3,13.99,24.1,-31.84,-60.44,-60.76,32.52,60.83,False,False,False,True,False,False,False,False,False,2026-09-21
9660,9660.HK,HORIZONROBOT-W,地平线机器人－Ｗ,584.83,600,Equity,Equity Securities (Main Board),4.255,4.215,4.26,4.195,42499998,180.84,4.148,4.22,2.58,0.84,1.43,5.06,1.67,9.8,11.32,11.32,9.8,11.32,-56.53,-62.37,-62.37,56.58,62.41,True,False,False,True,False,False,False,False,False,2026-09-21
9668,9668.HK,CBHB,渤海银行,49.6,500,Equity,Equity Securities (Main Board),0.805,0.815,0.815,0.8,961500,0.77,0.804,0.829,0.12,-2.9,0.0,0.0,-3.59,1.02,1.31,5.82,1.02,1.31,-20.1,-37.79,-86.0,21.08,38.55,False,False,False,False,False,False,False,False,False,2026-09-21
9669,9669.HK,BEISEN HOLDING,北森控股,21.64,200,Equity,Equity Securities (Main Board),3.015,3.045,3.055,2.995,1217600,3.67,3.002,3.023,0.43,-0.26,0.5,0.5,0.5,7.59,9.72,29.8,7.59,9.72,-59.75,-68.57,-89.75,60.28,68.98,False,False,False,False,False,False,False,False,False,2026-09-21
9676,9676.HK,SHIYUE DAOTIAN,十月稻田,44.96,300,Equity,Equity Securities (Main Board),4.255,3.965,4.26,3.965,373500,1.59,4.059,4.235,4.83,0.47,7.31,6.38,-1.5,9.77,100.0,100.0,9.77,100.0,-56.4,-95.74,-95.74,56.45,95.74,False,False,False,True,False,False,False,False,False,2026-09-21
9678,9678.HK,UNISOUND,云知声,32.25,20,Equity,Equity Securities (Main Board),71.45,74.2,74.2,69.7,2217360,158.43,69.94,74.925,2.16,-4.64,-1.58,5.07,1.93,443.8,879.0,879.0,443.8,879.0,-83.28,-91.56,-91.56,83.9,91.87,False,False,True,False,False,False,False,False,False,2026-09-21
9680,9680.HK,CHENQI TECH,如祺出行,16.08,100,Equity,Equity Securities (Main Board),7.88,6.54,8.01,6.54,600,0.0,7.266,7.27,8.45,8.4,5.07,9.44,21.14,9.96,40.05,40.05,9.96,40.05,-19.58,-80.0,-80.0,20.88,80.32,False,False,True,True,False,False,False,False,False,2026-09-21
9688,9688.HK,ZAI LAB,再鼎医药,237.12,100,Equity,Equity Securities (Main Board),20.9,20.54,21.1,19.89,8587400,179.48,19.918,19.626,4.93,6.49,1.55,7.9,10.23,21.42,35.5,151.2,21.42,35.5,-1.49,-40.56,-86.04,2.43,41.13,True,True,False,False,False,False,False,True,False,2026-09-21
9690,9690.HK,TUHU-W,途虎－Ｗ,80.12,100,Equity,Equity Securities (Main Board),10.6,11.05,11.17,10.5,1723400,18.27,11.634,12.092,-8.89,-12.34,-3.9,-13.26,-15.34,16.74,37.7,37.7,16.74,37.7,-33.27,-70.37,-70.37,36.68,71.88,False,False,False,False,False,False,False,False,False,2026-09-21
9696,9696.HK,TIANQI LITHIUM,天齐锂业,74.72,200,Equity,Equity Securities (Main Board),31.66,31.3,31.82,30.96,4229400,133.9,30.884,32.136,2.51,-1.48,1.41,3.13,-0.38,69.15,69.15,88.75,69.15,69.15,-53.98,-53.98,-64.15,54.22,54.22,False,False,False,False,False,False,False,False,False,2026-09-21
9698,9698.HK,GDS-SW,万国数据－ＳＷ,493.7,100,Equity,Equity Securities (Main Board),32.74,32.02,32.9,32.0,4126413,135.1,30.756,30.782,6.45,6.36,5.14,9.87,7.7,46.94,48.9,118.7,46.94,48.9,-29.91,-32.72,-72.28,30.25,33.05,True,False,False,False,False,False,False,False,False,2026-09-21
9699,9699.HK,SF INTRA-CITY,顺丰同城,67.31,200,Equity,Equity Securities (Main Board),9.085,9.49,9.49,8.905,3942200,35.81,8.913,8.866,1.93,2.46,-4.27,5.15,0.83,16.27,19.26,19.26,16.27,19.26,-41.67,-50.73,-50.73,44.16,52.83,False,False,True,False,False,False,False,False,False,2026-09-21
9858,9858.HK,YOURAN DAIRY,优然牧业,192.45,"1,000",Equity,Equity Securities (Main Board),4.29,4.24,4.3,4.15,8397000,36.02,4.187,4.29,2.46,-0.01,0.82,5.02,0.35,5.29,5.29,6.49,5.29,5.29,-18.71,-18.71,-33.74,18.9,18.9,True,False,True,False,False,False,False,False,False,2026-09-21
9860,9860.HK,ADICON HOLDINGS,艾迪康控股,26.52,500,Equity,Equity Securities (Main Board),3.655,3.655,3.665,3.65,25500,0.09,3.871,3.925,-5.58,-6.88,-3.82,-7.47,-8.63,7.4,16.9,19.18,7.4,16.9,-50.47,-78.31,-80.89,50.61,78.37,False,False,False,False,False,False,False,False,False,2026-09-21
9863,9863.HK,LEAPMOTOR,零跑汽车,420.98,100,Equity,Equity Securities (Main Board),37.18,37.26,37.48,36.44,8031458,298.61,36.06,35.844,3.11,3.73,-0.21,6.05,0.81,57.8,76.3,76.3,57.8,76.3,-35.16,-50.88,-50.88,35.67,51.27,False,False,False,False,False,False,False,False,False,2026-09-21
9866,9866.HK,NIO-SW,蔚来－ＳＷ,669.21,10,Equity,Equity Securities (Main Board),28.34,28.7,28.88,28.04,4090537,115.93,28.508,28.738,-0.59,-1.38,-2.61,-0.28,-3.41,54.95,74.2,199.2,54.95,74.2,-47.44,-61.08,-85.5,48.43,61.81,False,False,False,False,False,False,False,False,False,2026-09-21
9868,9868.HK,XPENG-W,小鹏集团－Ｗ,636.78,100,Equity,Equity Securities (Main Board),40.54,42.0,42.0,40.28,8651366,350.73,40.912,41.42,-0.91,-2.12,-3.57,0.3,-3.52,84.6,110.8,220.0,84.6,110.8,-50.35,-62.09,-80.91,52.08,63.41,False,False,False,False,False,False,False,False,False,2026-09-21
9869,9869.HK,HELENS,海伦司,12.4,500,Equity,Equity Securities (Main Board),0.98,1.06,1.06,0.955,583500,0.57,1.056,1.174,-7.2,-16.52,-8.41,-7.55,-20.97,2.12,6.62,25.75,2.12,6.62,-50.0,-83.99,-95.88,53.77,85.2,False,False,False,False,False,False,False,False,False,2026-09-21
9876,9876.HK,OCEAN ONE HLDG,大洋环球控股,8.81,"2,000",Equity,Equity Securities (Main Board),3.145,3.205,3.205,3.145,76000,0.24,3.112,3.012,1.06,4.42,-1.56,3.8,4.49,3.9,5.29,5.29,3.9,5.29,-17.82,-39.41,-39.41,19.36,40.55,False,False,False,False,False,False,False,False,False,2026-09-21
9877,9877.HK,JENSCARE-B,健世科技－Ｂ,21.99,200,Equity,Equity Securities (Main Board),7.085,6.97,7.495,6.88,10351,0.07,7.249,7.243,-2.26,-2.17,-1.39,-0.56,-0.91,10.02,37.75,94.7,10.02,37.75,-25.2,-80.15,-92.09,29.29,81.23,False,False,False,False,False,False,False,False,False,2026-09-21
9878,9878.HK,HUITONGDA NET,汇通达网络,39.16,100,Equity,Equity Securities (Main Board),7.385,7.755,7.755,7.325,171431,1.27,7.152,7.237,3.26,2.04,-5.62,4.75,9.08,11.86,33.45,64.7,11.86,33.45,-34.61,-76.82,-88.01,37.73,77.92,False,False,False,False,False,False,False,False,False,2026-09-21
9879,9879.HK,MIGAO GROUP,米高集团,82.9,"1,000",Equity,Equity Securities (Main Board),9.12,9.2,9.2,9.015,461000,4.2,9.123,9.136,-0.03,-0.18,-1.03,-0.05,-0.76,9.77,9.77,9.77,9.77,9.77,-5.83,-5.83,-5.83,6.65,6.65,False,False,False,False,False,False,False,True,True,2026-09-21
9880,9880.HK,UBTECH ROBOTICS,优必选,351.65,50,Equity,Equity Securities (Main Board),80.2,81.25,81.9,78.85,2782914,223.19,78.89,80.205,1.66,-0.01,-0.8,3.62,1.65,156.4,328.0,328.0,156.4,328.0,-47.63,-75.03,-75.03,48.72,75.55,False,False,False,False,False,False,False,False,False,2026-09-21
9885,9885.HK,YSB,药师帮,23.65,200,Equity,Equity Securities (Main Board),3.415,3.405,3.465,3.395,283690,0.97,3.353,3.439,1.85,-0.7,4.75,1.34,-2.43,6.67,58.35,64.5,6.67,58.35,-48.05,-94.06,-94.63,48.8,94.15,False,False,False,False,False,False,False,False,False,2026-09-21
9886,9886.HK,DINGDANG HEALTH,叮当健康,10.07,500,Equity,Equity Securities (Main Board),0.815,0.79,0.845,0.79,551500,0.45,0.819,0.809,-0.49,0.8,-2.4,1.87,1.87,1.26,2.5,20.2,1.26,2.5,-32.94,-66.2,-95.82,35.32,67.4,False,False,False,False,False,False,False,False,False,2026-09-21
9887,9887.HK,LEADS BIOLABS-B,维立志博－Ｂ,112.77,100,Equity,Equity Securities (Main Board),57.1,57.05,59.15,55.4,1962200,112.04,55.96,59.0,2.04,-3.22,2.42,5.55,-7.15,97.5,97.5,97.5,97.5,97.5,-39.33,-39.33,-39.33,41.44,41.44,False,False,False,False,False,False,False,False,False,2026-09-21
9888,9888.HK,BIDU-W,百度集团－Ｗ,1953.27,50,Equity,Equity Securities (Main Board),88.9,87.35,90.45,87.35,12458211,1107.53,88.08,88.97,0.93,-0.08,1.95,0.97,-0.45,161.2,161.2,256.6,161.2,161.2,-43.89,-43.89,-64.75,44.85,44.85,False,False,False,False,False,False,False,False,False,2026-09-21
9889,9889.HK,DRCB,东莞农商银行,35.82,"1,000",Equity,Equity Securities (Main Board),3.12,3.13,3.13,3.12,119010,0.37,3.132,3.156,-0.38,-1.14,-0.48,-0.48,-1.11,3.85,7.3,8.4,3.85,7.3,-18.7,-57.12,-62.74,18.96,57.26,False,False,False,False,False,False,False,False,False,2026-09-21
9890,9890.HK,TANWAN,贪玩,50.19,200,Equity,Equity Securities (Main Board),9.685,9.055,9.72,9.055,536400,5.2,9.295,9.452,4.2,2.47,3.97,5.04,6.55,21.72,72.45,72.45,21.72,72.45,-55.25,-86.58,-86.58,55.41,86.63,False,False,True,True,False,False,False,False,False,2026-09-21
9893,9893.HK,PIZU GROUP,比优集团,52.14,"20,000",Equity,Equity Securities (Main Board),1.465,1.48,1.48,1.465,160000,0.23,1.512,1.545,-3.11,-5.18,0.69,-6.39,-8.44,2.19,2.19,2.19,2.19,2.19,-32.42,-32.42,-32.42,33.11,33.11,False,False,False,False,False,False,False,False,False,2026-09-21
9896,9896.HK,MNSO,名创优品,206.48,200,Equity,Equity Securities (Main Board),17.28,16.98,17.35,16.84,6486432,112.09,17.32,17.692,-0.23,-2.33,1.89,-0.86,-2.76,40.3,56.9,59.85,40.3,56.9,-56.95,-69.51,-71.01,57.12,69.63,False,False,False,False,False,False,False,False,False,2026-09-21
9898,9898.HK,WB-SW,微博－ＳＷ,81.21,20,Equity,Equity Securities (Main Board),51.5,51.15,51.9,51.15,71598,3.69,51.7,51.965,-0.39,-0.89,-0.1,-0.39,-1.53,88.5,103.7,275.0,88.5,103.7,-41.36,-49.95,-81.13,41.81,50.34,False,False,False,False,False,False,False,False,False,2026-09-21
9899,9899.HK,NETEASE MUSIC,网易云音乐,181.94,50,Equity,Equity Securities (Main Board),86.5,85.0,87.7,85.0,351414,30.4,86.23,86.865,0.31,-0.42,-0.63,-0.12,-0.97,201.8,303.4,303.4,201.8,303.4,-56.54,-71.09,-71.09,57.14,71.49,False,False,True,False,False,False,False,False,False,2026-09-21
9900,9900.HK,ZCLOUD TECH CON,智云科技建设,155.94,"4,000",Equity,Equity Securities (Main Board),5.27,4.78,5.4,4.78,2800000,14.76,5.061,5.163,4.13,2.07,9.34,3.84,1.35,7.72,7.72,7.72,7.72,7.72,-30.05,-30.05,-30.05,31.74,31.74,False,False,False,True,False,False,False,False,False,2026-09-21
9901,9901.HK,NEW ORIENTAL-S,新东方－Ｓ,692.6,100,Equity,Equity Securities (Main Board),43.54,43.04,43.76,42.84,3447368,150.1,43.66,43.862,-0.27,-0.73,0.69,-0.87,-1.89,51.05,77.05,158.8,51.05,77.05,-14.28,-43.21,-72.44,14.71,43.49,False,False,False,False,False,False,False,False,False,2026-09-21
9903,9903.HK,ILUVATAR COREX,天数智芯,1052.05,100,Equity,Equity Securities (Main Board),134.9,143.0,143.1,127.6,5714500,770.89,125.84,117.027,7.2,15.27,-3.99,14.71,26.94,295.83,295.83,295.83,295.83,295.83,-51.63,-51.63,-51.63,54.4,54.4,False,False,False,False,False,False,False,False,False,2026-09-21
9909,9909.HK,POWERLONG CM,宝龙商业,12.02,500,Equity,Equity Securities (Main Board),1.87,2.0,2.0,1.845,111500,0.21,1.919,1.892,-2.55,-1.16,-5.79,-1.06,0.54,2.84,3.85,31.65,2.84,3.85,-29.58,-48.05,-93.68,34.15,51.43,False,False,False,False,False,False,False,False,False,2026-09-21
9911,9911.HK,NEWBORNTOWN,赤子城科技,134.57,"2,000",Equity,Equity Securities (Main Board),9.565,9.75,9.82,9.565,9230008,88.29,9.57,9.38,-0.05,1.98,-1.9,0.53,1.92,14.09,14.09,14.09,14.09,14.09,-30.31,-30.31,-30.31,32.11,32.11,False,False,False,False,False,False,False,False,False,2026-09-21
9913,9913.HK,CHI KAN HLDGS,智勤控股,23.7,"4,000",Equity,Equity Securities (Main Board),2.37,2.4,2.42,2.37,276480,0.66,2.306,2.237,2.78,5.92,-1.25,5.8,8.47,2.6,3.5,4.05,2.6,3.5,-6.92,-30.86,-40.25,8.85,32.29,False,False,False,False,False,False,False,True,False,2026-09-21
9916,9916.HK,XINGYE WULIAN,兴业物联,1.5,"2,000",Equity,Equity Securities (Main Board),0.375,0.355,0.375,0.355,270000,0.1,0.355,0.362,5.63,3.73,7.14,7.14,2.74,0.42,0.85,2.31,0.42,0.85,-10.71,-55.88,-83.77,10.71,55.88,False,False,False,True,False,False,False,False,False,2026-09-21
9918,9918.HK,WISE ALLY INTL,丽年国际,0.94,"2,000",Equity,Equity Securities (Main Board),0.935,0.925,0.925,0.91,38800,0.04,0.983,0.979,-4.88,-4.49,-4.59,-6.03,-4.1,1.16,1.97,5.7,1.16,1.97,-20.26,-53.05,-83.77,19.4,52.54,False,False,False,False,False,False,False,False,False,2026-09-21
9922,9922.HK,JIUMAOJIU,九毛九,13.78,"1,000",Equity,Equity Securities (Main Board),1.03,1.035,1.05,1.02,918000,0.95,1.023,1.042,0.68,-1.2,1.98,1.98,-0.48,2.33,11.3,38.7,2.33,11.3,-54.94,-90.71,-97.29,55.79,90.88,False,False,False,False,False,False,False,False,False,2026-09-21
9923,9923.HK,YEAHKA,移卡,17.56,400,Equity,Equity Securities (Main Board),3.83,3.895,3.9,3.7,905490,3.47,3.977,4.103,-3.7,-6.65,-1.54,-4.73,-8.81,9.06,16.58,122.7,9.06,16.58,-56.95,-76.48,-96.82,57.73,76.9,False,False,False,False,False,False,False,False,False,2026-09-21
9926,9926.HK,AKESO,康方生物,914.23,"1,000",Equity,Equity Securities (Main Board),99.35,91.65,99.45,91.5,20616555,2048.25,93.25,93.71,6.54,6.02,9.78,9.9,3.81,156.0,179.0,179.0,156.0,179.0,-36.25,-44.44,-44.44,36.31,44.5,False,False,False,True,False,False,False,False,False,2026-09-21
9927,9927.HK,SERES,赛力斯,37.69,100,Equity,Equity Securities (Main Board),34.74,34.82,35.82,34.38,1392900,48.39,34.544,35.554,0.57,-2.29,-0.17,3.7,-5.96,113.3,131.5,131.5,113.3,131.5,-68.38,-72.76,-72.76,69.34,73.58,False,False,False,False,False,False,False,False,False,2026-09-21
9928,9928.HK,TIMES NEIGHBOR,时代邻里,4.78,"1,000",Equity,Equity Securities (Main Board),0.485,0.485,0.485,0.485,408000,0.2,0.49,0.49,-1.02,-0.92,-2.02,-1.02,0.0,0.61,0.86,13.74,0.61,0.86,-20.49,-43.6,-96.47,20.49,43.6,False,False,False,False,False,False,False,False,False,2026-09-21
9929,9929.HK,SEM HLDGS,澳达控股,29.1,"10,000",Equity,Equity Securities (Main Board),1.455,1.41,1.47,1.41,570000,0.83,1.443,1.481,0.83,-1.79,3.19,-1.02,2.83,2.42,2.42,2.42,2.42,2.42,-39.26,-39.26,-39.26,39.88,39.88,False,False,False,False,False,False,False,False,False,2026-09-21
9930,9930.HK,HORIZON CD,宏信建发,23.02,"1,000",Equity,Equity Securities (Main Board),0.72,0.67,0.72,0.67,3639,0.0,0.704,0.713,2.27,0.98,4.35,1.41,4.35,1.1,4.8,4.93,1.1,4.8,-34.55,-85.0,-85.4,34.55,85.0,False,False,False,True,False,False,False,False,False,2026-09-21
9933,9933.HK,GHW INTL,GHW INTL,16.81,"4,000",Equity,Equity Securities (Main Board),1.665,1.665,1.665,1.665,64000,0.11,1.65,1.653,0.91,0.7,-0.3,2.78,-0.6,1.82,5.79,5.79,1.82,5.79,-8.52,-71.24,-71.24,8.52,71.24,False,False,False,False,False,False,False,True,False,2026-09-21
9936,9936.HK,XIMEI RESOURCES,稀美资源,60.91,500,Equity,Equity Securities (Main Board),14.71,15.04,15.1,14.55,1081500,15.91,14.332,14.27,2.64,3.08,-1.14,0.62,7.37,24.2,24.2,24.2,24.2,24.2,-37.6,-37.6,-37.6,39.21,39.21,False,False,False,False,False,False,False,False,False,2026-09-21
9939,9939.HK,KINTOR PHARMA-B,开拓药业－Ｂ,9.7,500,Equity,Equity Securities (Main Board),1.945,1.86,1.98,1.86,521500,1.01,1.883,1.882,3.29,3.37,6.87,3.46,1.3,4.7,4.7,89.0,4.7,4.7,-57.87,-57.87,-97.78,58.62,58.62,False,False,False,True,False,False,False,False,False,2026-09-21
9955,9955.HK,CLOUDR,智云健康,3.1,100,Equity,Equity Securities (Main Board),0.48,0.49,0.55,0.46,201200,0.1,0.499,0.503,-3.81,-4.57,-2.04,-4.0,-5.88,1.08,7.53,30.7,1.08,7.53,-49.07,-92.7,-98.21,55.56,93.63,False,False,False,False,False,False,False,False,False,2026-09-21
9958,9958.HK,LITIAN PICTURES,力天影业,0.68,"1,000",Equity,Equity Securities (Main Board),0.135,0.135,0.135,0.135,105000,0.01,0.13,0.129,3.69,4.98,3.85,4.65,4.65,0.25,5.31,5.31,0.25,5.31,-45.78,-97.46,-97.46,45.78,97.46,False,False,False,False,False,False,False,False,False,2026-09-21
9959,9959.HK,LINKLOGIS-W,联易融科技－Ｗ,43.1,500,Equity,Equity Securities (Main Board),2.285,2.235,2.32,2.235,4411000,10.08,2.304,2.259,-0.82,1.15,0.66,-2.56,1.78,2.69,3.64,25.1,2.69,3.64,-13.75,-36.26,-90.76,15.06,37.23,False,False,False,False,False,False,False,False,False,2026-09-21
9960,9960.HK,KINDSTAR GLOBAL,康圣环球,9.75,500,Equity,Equity Securities (Main Board),0.945,0.915,0.945,0.9,379804,0.36,0.928,0.93,1.83,1.61,3.28,1.61,1.61,1.3,1.79,9.78,1.3,1.79,-27.31,-47.21,-90.34,27.31,47.21,False,False,False,True,False,False,False,False,False,2026-09-21
9961,9961.HK,TRIP.COM-S,携程集团－Ｓ,2033.95,50,Equity,Equity Securities (Main Board),323.0,314.4,325.6,314.4,3447107,1113.42,318.72,315.96,1.34,2.23,1.13,-0.06,3.99,613.0,613.0,613.0,613.0,613.0,-46.88,-46.88,-46.88,47.31,47.31,False,False,False,True,False,False,False,False,False,2026-09-21
9963,9963.HK,TRANSTECH OPTEL,高科桥光导,35.46,"2,000",Equity,Equity Securities (Main Board),9.16,9.5,9.5,9.0,154000,1.41,9.559,9.859,-4.17,-7.09,-4.63,-6.58,-7.99,13.48,13.48,13.48,13.48,13.48,-29.53,-29.53,-29.53,32.05,32.05,False,False,False,False,False,False,False,False,False,2026-09-21
9966,9966.HK,ALPHAMAB-B,康宁杰瑞制药－Ｂ,77.63,"1,000",Equity,Equity Securities (Main Board),8.025,7.775,8.23,7.575,1813000,14.55,7.811,8.014,2.74,0.13,3.55,3.88,-0.06,12.2,15.75,28.7,12.2,15.75,-32.54,-47.75,-71.32,34.22,49.05,False,False,False,True,False,False,False,False,False,2026-09-21
9968,9968.HK,HUIJING HLDGS,汇景控股,5.04,"2,000",Equity,Equity Securities (Main Board),0.097,0.104,0.104,0.088,8956000,0.87,0.091,0.078,7.06,24.52,6.59,8.99,2.11,0.1,0.1,2.89,0.1,0.1,0.0,0.0,-96.4,6.73,6.73,False,False,False,False,False,False,False,True,True,2026-09-21
9969,9969.HK,INNOCARE,诺诚健华,227.8,"1,000",Equity,Equity Securities (Main Board),15.24,14.71,16.04,14.71,14147140,215.6,15.062,14.729,1.18,3.47,3.6,1.74,-1.74,16.04,20.62,32.05,16.04,20.62,0.0,-22.21,-49.95,4.99,26.09,False,False,False,True,False,False,False,True,False,2026-09-21
9971,9971.HK,BASICSEMI,基本半导体,119.67,200,Equity,Equity Securities (Main Board),41.1,42.98,43.0,40.44,89600,3.68,41.444,42.378,-0.83,-3.02,0.54,-3.93,-3.97,73.5,73.5,73.5,73.5,73.5,-41.5,-41.5,-41.5,44.08,44.08,False,False,False,False,False,False,False,False,False,2026-09-21
9973,9973.HK,CHERY AUTO,奇瑞汽车,614.6,100,Equity,Equity Securities (Main Board),26.1,26.0,26.16,25.54,1372431,35.82,25.64,25.4,1.79,2.76,-0.99,3.82,1.48,34.06,34.98,34.98,34.06,34.98,-23.19,-25.21,-25.21,23.37,25.39,False,False,False,False,False,False,False,False,False,2026-09-21
9978,9978.HK,FINELAND LIVING,方圆生活服务,12.36,"4,000",Equity,Equity Securities (Main Board),3.085,3.055,3.2,3.04,1132000,3.49,3.003,2.75,2.73,12.2,1.65,6.75,-5.22,3.38,3.38,3.38,3.38,3.38,-5.47,-5.47,-5.47,8.86,8.86,False,False,False,False,False,False,False,True,True,2026-09-21
9979,9979.HK,GREENTOWN MGMT,绿城管理控股,34.6,"1,000",Equity,Equity Securities (Main Board),1.73,1.78,1.78,1.72,3393000,5.87,1.795,1.85,-3.62,-6.46,0.29,-6.99,-5.72,3.39,7.98,7.98,3.39,7.98,-47.49,-77.69,-77.69,48.97,78.32,False,False,False,False,False,False,False,False,False,2026-09-21
9980,9980.HK,EASTROC,东鹏饮料,55.74,100,Equity,Equity Securities (Main Board),96.0,95.3,96.45,93.4,594415,57.06,97.47,99.275,-1.51,-3.3,1.05,-3.66,-4.0,227.69,227.69,227.69,227.69,227.69,-57.64,-57.64,-57.64,57.84,57.84,False,False,False,False,False,False,False,False,False,2026-09-21
9981,9981.HK,WOER,沃尔核材,12.59,200,Equity,Equity Securities (Main Board),8.99,8.88,9.025,8.85,1662800,14.95,8.941,9.439,0.55,-4.76,0.95,0.11,-5.37,23.48,23.48,23.48,23.48,23.48,-61.56,-61.56,-61.56,61.71,61.71,False,False,False,False,False,False,False,False,False,2026-09-21
9982,9982.HK,CENTRALCHINA MT,中原建业,4.55,"2,000",Equity,Equity Securities (Main Board),0.098,0.092,0.104,0.092,5098000,0.5,0.098,0.098,-0.2,0.41,3.16,1.03,-3.92,0.17,0.37,2.95,0.17,0.37,-36.97,-71.89,-96.47,40.61,73.51,False,False,False,False,False,False,False,False,False,2026-09-21
9983,9983.HK,CC NEW LIFE,建业新生活,3.77,"1,000",Equity,Equity Securities (Main Board),0.29,0.29,0.3,0.29,44000,0.01,0.282,0.285,2.84,1.58,1.75,5.45,1.75,0.63,2.4,11.88,0.63,2.4,-52.38,-87.5,-97.47,53.97,87.92,False,False,False,False,False,False,False,False,False,2026-09-21
9985,9985.HK,WL DELICIOUS,卫龙美味,170.49,200,Equity,Equity Securities (Main Board),7.035,6.99,7.08,6.925,3309800,23.28,6.963,7.12,1.03,-1.2,0.64,1.59,-0.57,13.46,18.1,18.1,13.46,18.1,-47.4,-60.88,-60.88,47.73,61.13,True,False,True,False,False,False,False,False,False,2026-09-21
9987,9987.HK,YUM CHINA,百胜中国,1111.37,50,Equity,Equity Securities (Main Board),326.2,324.2,327.4,322.6,587320,191.58,327.56,331.78,-0.42,-1.68,0.62,-0.73,-1.98,451.2,451.2,544.0,451.2,451.2,-27.44,-27.44,-39.82,27.7,27.7,False,False,False,False,False,False,False,False,False,2026-09-21
9988,9988.HK,BABA-W,阿里巴巴－Ｗ,22350.73,100,Equity,Equity Securities (Main Board),112.4,110.7,112.7,110.1,49308372,5542.26,108.04,107.98,4.04,4.09,2.84,5.84,6.14,174.2,186.2,309.4,174.2,186.2,-35.3,-39.47,-63.57,35.48,39.63,False,False,False,False,False,False,False,False,False,2026-09-21
9989,9989.HK,HEPALINK,海普瑞,8.47,500,Equity,Equity Securities (Main Board),3.855,3.87,3.945,3.84,2145000,8.27,4.008,4.127,-3.82,-6.59,2.53,-6.32,-8.1,5.67,7.26,19.48,5.67,7.26,-30.42,-45.66,-79.75,32.01,46.9,False,False,False,False,False,False,False,False,False,2026-09-21
9990,9990.HK,ARCHOSAUR GAMES,祖龙娱乐,12.65,"1,000",Equity,Equity Securities (Main Board),1.58,1.56,1.63,1.535,850000,1.34,1.632,1.674,-3.19,-5.59,-3.07,-5.95,-7.06,2.88,2.88,28.4,2.88,2.88,-43.4,-43.4,-94.26,45.14,45.14,False,False,False,False,False,False,False,False,False,2026-09-21
9991,9991.HK,BAOZUN-W,宝尊电商－Ｗ,11.72,100,Equity,Equity Securities (Main Board),7.275,7.29,7.29,7.245,8400,0.06,7.133,7.221,1.99,0.75,1.04,3.19,0.83,8.2,12.96,145.4,8.2,12.96,-11.1,-43.75,-94.99,11.28,43.87,True,False,False,False,False,False,False,False,False,2026-09-21
9992,9992.HK,POP MART,泡泡玛特,2057.6,200,Equity,Equity Securities (Main Board),154.4,155.0,156.7,154.0,4158408,642.06,153.5,153.79,0.59,0.4,-0.45,1.18,0.98,274.2,339.8,339.8,274.2,339.8,-42.85,-53.88,-53.88,43.69,54.56,False,False,False,False,False,False,False,False,False,2026-09-21
9993,9993.HK,RADIANCE HLDGS,金辉控股,45.31,"1,000",Equity,Equity Securities (Main Board),1.115,1.085,1.175,1.07,144881000,161.54,1.055,1.055,5.69,5.69,3.72,9.31,10.4,5.26,5.64,5.64,5.26,5.64,-77.66,-79.17,-79.17,78.8,80.23,True,True,False,False,False,False,False,False,False,2026-09-21
9995,9995.HK,REMEGEN,荣昌生物,166.45,500,Equity,Equity Securities (Main Board),79.8,75.4,80.35,75.3,4746674,378.78,75.58,75.73,5.58,5.37,6.83,8.06,5.0,123.1,126.6,149.8,123.1,126.6,-34.73,-36.53,-46.36,35.17,36.97,True,False,False,True,False,False,False,False,False,2026-09-21
9996,9996.HK,PEIJIA-B,沛嘉医疗－Ｂ,33.85,"1,000",Equity,Equity Securities (Main Board),5.03,4.84,5.09,4.84,322000,1.62,4.892,4.887,2.82,2.94,4.68,4.36,1.72,7.37,9.36,39.1,7.37,9.36,-30.94,-45.62,-86.98,31.75,46.26,False,False,False,True,False,False,False,False,False,2026-09-21
9998,9998.HK,KWAN YONG,光荣控股,4.04,"5,000",Equity,Equity Securities (Main Board),0.505,0.51,0.515,0.5,350000,0.18,0.524,0.477,-3.63,5.98,0.0,0.0,14.77,0.6,0.6,1.23,0.6,0.6,-14.17,-14.17,-58.13,15.83,15.83,False,False,False,False,False,False,False,False,False,2026-09-21
9999,9999.HK,NTES,网易,5896.3,100,Equity,Equity Securities (Main Board),185.0,183.6,186.8,181.7,3042285,562.82,185.52,184.63,-0.28,0.2,0.76,-0.96,1.59,232.6,248.0,248.0,232.6,248.0,-19.69,-24.68,-24.68,20.46,25.4,False,False,False,False,False,False,False,False,False,2026-09-21
