code,yahoo,name_en,name_zh,market_cap_100m_hkd,board_lot,category,sub_category,price,open,high,low,volume,turnover_proxy,ma5,ma10,dev5,dev10,gain1,gain3,gain5,year_prev_high,three_year_prev_high,history_prev_high,year_high,three_year_high,year_high_breakout,three_year_high_breakout,all_time_high_breakout,year_high_distance,three_year_high_distance,consecutive_3d_gain,consecutive_5d_gain,break_pullback_ma5,break_ma5_pullback_ma10,new_year_high,new_3y_high,new_all_time_high,near_year_high_10pct,near_3y_high_10pct,base_date
0001,0001.HK,CKH HOLDINGS,长和,2636.99,500,Equity,Equity Securities (Main Board),68.85,69.35,69.8,68.5,6789680,467.47,69.54,69.525,-0.99,-0.97,-1.5,-0.72,-1.43,74.4,74.4,108.9,74.4,74.4,-6.18,-6.18,-35.9,7.46,7.46,False,False,False,False,False,False,False,True,True,2026-09-11
0002,0002.HK,CLP HOLDINGS,中电控股,1983.26,500,Equity,Equity Securities (Main Board),78.5,78.55,79.3,78.05,2830093,222.16,78.26,77.83,0.31,0.86,-1.07,1.62,1.62,79.8,79.8,97.4,79.8,79.8,-0.63,-0.63,-18.58,1.63,1.63,False,False,False,False,False,False,False,True,True,2026-09-11
0003,0003.HK,HK & CHINA GAS,香港中华煤气,1339.78,"1,000",Equity,Equity Securities (Main Board),7.18,7.23,7.28,7.15,22430804,161.05,7.258,7.191,-1.07,-0.15,-1.64,-1.64,1.13,7.76,7.76,16.36,7.76,7.76,-6.19,-6.19,-55.5,7.47,7.47,False,False,False,False,False,False,False,True,True,2026-09-11
0004,0004.HK,WHARF HOLDINGS,九龙仓集团,567.81,"1,000",Equity,Equity Securities (Main Board),18.58,19.02,19.02,18.33,1153933,21.44,18.928,18.851,-1.84,-1.44,-1.59,-2.31,-2.88,30.6,30.6,34.0,30.6,30.6,-37.84,-37.84,-44.06,39.28,39.28,False,False,False,False,False,False,False,False,False,2026-09-11
0005,0005.HK,HSBC HOLDINGS,汇丰控股,28022.35,400,Equity,Equity Securities (Main Board),163.3,163.3,163.6,161.5,9766166,1594.81,165.3,164.09,-1.21,-0.48,-0.85,-0.97,-2.04,169.7,169.7,169.7,169.7,169.7,-3.59,-3.59,-3.59,3.77,3.77,False,False,False,False,False,False,False,True,True,2026-09-11
0006,0006.HK,POWER ASSETS,电能实业,1304.24,500,Equity,Equity Securities (Main Board),61.2,61.15,61.55,60.4,5259931,321.91,60.94,60.415,0.43,1.3,0.08,0.91,1.49,67.05,67.05,78.8,67.05,67.05,-8.2,-8.2,-21.89,8.72,8.72,False,False,False,True,False,False,False,True,True,2026-09-11
0008,0008.HK,PCCW,电讯盈科,419.54,"1,000",Equity,Equity Securities (Main Board),5.415,5.43,5.45,5.39,11977680,64.86,5.406,5.379,0.17,0.67,-0.37,0.65,1.5,6.37,6.37,6.37,6.37,6.37,-14.44,-14.44,-14.44,14.99,14.99,False,False,False,False,False,False,False,False,False,2026-09-11
0010,0010.HK,HANG LUNG GROUP,恒隆集团,165.85,"1,000",Equity,Equity Securities (Main Board),12.18,12.33,12.33,12.1,665000,8.1,12.434,12.419,-2.04,-1.92,-1.3,-3.03,-3.18,17.54,17.54,35.9,17.54,17.54,-29.7,-29.7,-65.65,30.56,30.56,False,False,False,False,False,False,False,False,False,2026-09-11
0012,0012.HK,HENDERSON LAND,恒基地产,1262.63,"1,000",Equity,Equity Securities (Main Board),26.08,26.64,26.64,26.06,7998215,208.59,26.508,26.498,-1.61,-1.58,-2.54,-2.18,-2.4,35.66,35.66,46.41,35.66,35.66,-25.29,-25.29,-42.6,26.86,26.86,False,False,False,False,False,False,False,False,False,2026-09-11
0013,0013.HK,HUTCHMED,和黄医药,178.48,500,Equity,Equity Securities (Main Board),20.46,20.94,20.94,20.12,11178896,228.72,21.552,20.966,-5.07,-2.41,-2.76,-7.42,-9.23,25.58,35.9,85.8,25.58,35.9,-18.14,-41.67,-75.59,20.02,43.01,False,False,False,False,False,False,False,False,False,2026-09-11
0014,0014.HK,HYSAN DEV,希慎兴业,161.75,"1,000",Equity,Equity Securities (Main Board),15.75,15.83,15.88,15.61,1180662,18.6,16.092,16.072,-2.13,-2.0,-1.13,-3.55,-3.85,23.3,23.3,46.9,23.3,23.3,-31.85,-31.85,-66.14,32.4,32.4,False,False,False,False,False,False,False,False,False,2026-09-11
0016,0016.HK,SHK PPT,新鸿基地产,3135.4,500,Equity,Equity Securities (Main Board),108.2,113.2,113.8,106.2,15932969,1723.95,116.44,116.16,-7.08,-6.85,-7.28,-9.68,-9.46,148.8,148.8,148.8,148.8,148.8,-23.52,-23.52,-23.52,27.28,27.28,False,False,False,False,False,False,False,False,False,2026-09-11
0017,0017.HK,NEW WORLD DEV,新世界发展,148.23,"1,000",Equity,Equity Securities (Main Board),5.89,6.2,6.2,5.845,11315905,66.65,6.266,6.407,-6.0,-8.07,-5.0,-9.38,-12.68,12.45,16.7,55.52,12.45,16.7,-50.2,-62.87,-88.83,52.69,64.73,False,False,False,False,False,False,False,False,False,2026-09-11
0018,0018.HK,ORIENTAL M G,东方传媒集团,5.13,"2,000",Equity,Equity Securities (Main Board),0.214,0.211,0.22,0.211,80000,0.02,0.214,0.216,0.19,-1.11,1.42,-1.38,-2.73,0.33,0.59,1.25,0.33,0.59,-33.33,-62.71,-82.4,35.15,63.73,False,False,False,False,False,False,False,False,False,2026-09-11
0019,0019.HK,SWIRE PACIFIC A,太古股份公司Ａ,809.37,500,Equity,Equity Securities (Main Board),103.9,105.4,106.7,103.1,1216760,126.42,106.42,106.06,-2.37,-2.04,-2.62,-3.53,-2.26,108.6,108.6,108.6,108.6,108.6,-1.75,-1.75,-1.75,4.33,4.33,False,False,False,False,False,False,False,True,True,2026-09-11
0020,0020.HK,SENSETIME-W,商汤－Ｗ,546.36,"1,000",Equity,Equity Securities (Main Board),1.31,1.29,1.315,1.27,292706985,383.45,1.342,1.378,-2.38,-4.93,0.38,-4.03,-9.34,2.8,2.94,9.7,2.8,2.94,-53.04,-55.27,-86.44,53.21,55.44,False,False,False,False,False,False,False,False,False,2026-09-11
0021,0021.HK,GREAT CHI HLDGS,大中华控股,2.74,"5,000",Equity,Equity Securities (Main Board),0.069,0.077,0.077,0.069,770000,0.05,0.075,0.08,-7.75,-13.43,-6.76,-10.39,-11.54,0.15,0.18,0.35,0.15,0.18,-47.26,-57.22,-78.0,52.74,61.67,False,False,False,False,False,False,False,False,False,2026-09-11
0022,0022.HK,MEXAN,茂盛控股,0.71,"2,000",Equity,Equity Securities (Main Board),1.8,1.79,1.84,1.745,70800,0.13,1.759,1.75,2.33,2.89,2.56,2.86,2.56,18.5,18.5,19.25,18.5,18.5,-90.05,-90.05,-90.44,90.27,90.27,False,False,False,True,False,False,False,False,False,2026-09-11
0023,0023.HK,BANK OF E ASIA,东亚银行,492.3,200,Equity,Equity Securities (Main Board),18.6,18.28,18.73,18.16,2085378,38.79,18.316,18.443,1.55,0.85,1.92,1.36,-0.37,18.97,18.97,36.0,18.97,18.97,-1.27,-1.27,-47.97,1.95,1.95,False,False,False,True,False,False,False,True,True,2026-09-11
0025,0025.HK,CHEVALIER INT'L,CHEVALIER INT'L,14.46,"2,000",Equity,Equity Securities (Main Board),4.8,4.8,4.8,4.8,4000,0.02,4.842,4.848,-0.87,-0.99,0.42,-4.0,-0.21,5.3,6.12,15.5,5.3,6.12,-9.43,-21.57,-69.03,9.43,21.57,False,False,False,False,False,False,False,True,False,2026-09-11
0026,0026.HK,CHINA MOTOR BUS,中华汽车,26.59,200,Equity,Equity Securities (Main Board),58.8,58.3,58.3,58.3,2000,0.12,58.77,58.93,0.05,-0.22,0.0,-0.25,-0.34,62.0,66.0,134.6,62.0,66.0,-5.97,-11.67,-56.69,5.16,10.91,False,False,False,False,False,False,False,True,False,2026-09-11
0027,0027.HK,GALAXY ENT,银河娱乐,1435.52,"1,000",Equity,Equity Securities (Main Board),32.78,32.08,32.8,32.0,9290036,304.53,33.1,33.354,-0.97,-1.72,2.18,-2.79,-3.3,44.22,51.95,80.3,44.22,51.95,-25.83,-36.86,-59.15,25.87,36.9,False,False,False,False,False,False,False,False,False,2026-09-11
0028,0028.HK,TIAN AN,天安,49.26,"1,000",Equity,Equity Securities (Main Board),3.36,3.31,3.37,3.3,317211,1.07,3.318,3.347,1.27,0.39,1.51,3.07,0.0,4.95,5.55,6.78,4.95,5.55,-31.92,-39.28,-50.33,32.12,39.46,False,False,False,True,False,False,False,False,False,2026-09-11
0029,0029.HK,DYNAMIC HOLD,达力集团,21.87,"2,000",Equity,Equity Securities (Main Board),9.2,9.22,9.38,9.005,126000,1.16,9.302,9.312,-1.1,-1.21,-1.18,-1.13,-0.38,13.1,14.6,16.56,13.1,14.6,-28.4,-35.75,-43.36,29.77,36.99,False,False,False,False,False,False,False,False,False,2026-09-11
0031,0031.HK,CHINA AEROSPACE,航天控股,14.35,"2,000",Equity,Equity Securities (Main Board),0.465,0.47,0.475,0.455,7816000,3.63,0.481,0.484,-3.33,-4.02,-2.11,-4.12,-7.0,0.78,0.85,1.14,0.78,0.85,-39.1,-44.12,-58.33,40.38,45.29,False,False,False,False,False,False,False,False,False,2026-09-11
0032,0032.HK,CROSS-HAR(HOLD),港通控股,26.5,"1,000",Equity,Equity Securities (Main Board),7.11,7.46,7.46,7.1,45000,0.32,7.41,7.472,-4.05,-4.84,-4.82,-5.33,-4.82,8.79,9.05,15.5,8.79,9.05,-15.13,-17.57,-51.87,19.11,21.44,False,False,False,False,False,False,False,False,False,2026-09-11
0034,0034.HK,KOWLOON DEV,九龙建业,56.1,"1,000",Equity,Equity Securities (Main Board),4.295,4.3,4.3,4.1,506000,2.17,4.376,4.447,-1.85,-3.42,-1.83,-1.94,-4.56,5.45,7.1,11.06,5.45,7.1,-21.1,-39.44,-61.12,21.19,39.51,False,False,False,False,False,False,False,False,False,2026-09-11
0035,0035.HK,FE CONSORT INTL,远东发展,21.41,"1,000",Equity,Equity Securities (Main Board),0.7,0.695,0.7,0.69,1407000,0.98,0.683,0.672,2.49,4.17,0.0,3.7,6.06,0.93,1.7,4.51,0.93,1.7,-24.73,-58.82,-84.48,24.73,58.82,False,False,False,False,False,False,False,False,False,2026-09-11
0037,0037.HK,FE HOTELS,远东酒店实业,3.65,"2,000",Equity,Equity Securities (Main Board),0.485,0.48,0.49,0.48,406000,0.2,0.49,0.496,-1.02,-2.12,-1.02,-1.02,-3.0,0.68,1.12,2.04,0.68,1.12,-27.94,-56.25,-75.98,28.68,56.7,False,False,False,False,False,False,False,False,False,2026-09-11
0038,0038.HK,FIRST TRACTOR,第一拖拉机股份,36.8,"2,000",Equity,Equity Securities (Main Board),9.39,9.54,9.54,9.055,3570000,33.52,9.618,9.623,-2.37,-2.42,-0.69,-3.35,-2.19,10.6,10.6,10.6,10.6,10.6,-10.0,-10.0,-10.0,11.42,11.42,False,False,False,False,False,False,False,False,False,2026-09-11
0040,0040.HK,GOLD PEAK,金山科技工业,6.09,"1,000",Equity,Equity Securities (Main Board),0.675,0.67,0.67,0.67,101000,0.07,0.681,0.685,-0.82,-1.43,-1.46,-0.44,-1.46,0.78,0.8,0.99,0.78,0.8,-14.1,-16.25,-32.02,13.46,15.62,False,False,False,False,False,False,False,False,False,2026-09-11
0041,0041.HK,GREAT EAGLE H,鹰君,111.26,"1,000",Equity,Equity Securities (Main Board),14.84,15.07,15.07,14.84,289165,4.29,15.042,14.977,-1.34,-0.91,-1.53,-1.92,-0.4,19.2,19.2,45.0,19.2,19.2,-21.51,-21.51,-66.51,22.71,22.71,False,False,False,False,False,False,False,False,False,2026-09-11
0042,0042.HK,NE ELECTRIC,东北电气,0.62,"2,000",Equity,Equity Securities (Main Board),0.239,0.238,0.239,0.221,24000,0.01,0.229,0.236,4.28,1.27,0.0,4.82,-3.24,0.71,0.71,3.27,0.71,0.71,-66.34,-66.34,-92.69,66.34,66.34,False,False,True,True,False,False,False,False,False,2026-09-11
0045,0045.HK,HK&S HOTELS,大酒店,91.01,500,Equity,Equity Securities (Main Board),5.46,5.56,5.56,5.395,403500,2.2,5.566,5.599,-1.9,-2.47,-1.09,-2.24,-3.45,7.26,7.26,17.12,7.26,7.26,-23.42,-23.42,-67.52,24.79,24.79,False,False,False,False,False,False,False,False,False,2026-09-11
0048,0048.HK,C AUTO INT DECO,中国汽车内饰,1.62,"10,000",Equity,Equity Securities (Main Board),0.37,0.37,0.37,0.37,10000,0.0,0.378,0.379,-2.12,-2.5,-2.63,-2.63,-2.63,0.47,0.66,6.62,0.47,0.66,-21.28,-43.94,-94.42,21.28,43.94,False,False,False,False,False,False,False,False,False,2026-09-11
0050,0050.HK,HK FERRY (HOLD),香港小轮（集团）,17.35,"1,000",Equity,Equity Securities (Main Board),4.87,4.91,4.91,4.865,229000,1.12,4.938,4.968,-1.38,-1.98,-1.02,-1.62,-2.6,5.55,5.55,9.37,5.55,5.55,-11.53,-11.53,-47.6,12.25,12.25,False,False,False,False,False,False,False,False,False,2026-09-11
0051,0051.HK,HARBOUR CENTRE,海港企业,29.77,"1,000",Equity,Equity Securities (Main Board),4.2,4.3,4.3,4.2,73000,0.31,4.343,4.408,-3.29,-4.71,-2.67,-4.55,-4.55,5.09,7.3,16.36,5.09,7.3,-15.52,-41.1,-73.72,17.49,42.47,False,False,False,False,False,False,False,False,False,2026-09-11
0052,0052.HK,FAIRWOOD HOLD,大快活集团,5.64,500,Equity,Equity Securities (Main Board),4.35,4.42,4.42,4.35,109000,0.47,4.588,4.643,-5.19,-6.32,-2.47,-9.75,-7.45,4.84,11.28,38.8,4.84,11.28,-8.58,-60.82,-88.61,10.03,61.44,False,False,False,False,False,False,False,False,False,2026-09-11
0053,0053.HK,GUOCO GROUP,国浩集团,233.63,"1,000",Equity,Equity Securities (Main Board),71.0,71.5,71.5,70.55,16000,1.14,71.52,71.52,-0.73,-0.73,0.0,-0.84,-1.39,76.7,97.0,133.8,76.7,97.0,-6.78,-26.29,-46.56,7.43,26.8,False,False,False,False,False,False,False,True,False,2026-09-11
0055,0055.HK,NEWAY GROUP,中星集团控股,0.35,"10,000",Equity,Equity Securities (Main Board),0.138,0.138,0.138,0.138,34000,0.0,0.143,0.142,-3.77,-2.75,0.0,-6.76,-1.43,0.19,0.31,0.75,0.19,0.31,-29.23,-54.75,-81.6,29.23,54.75,False,False,False,False,False,False,False,False,False,2026-09-11
0062,0062.HK,TRANSPORT INT'L,载通,46.4,400,Equity,Equity Securities (Main Board),8.65,8.91,8.915,8.65,289000,2.5,8.873,8.947,-2.51,-3.32,-2.92,-3.35,-3.89,12.2,12.2,26.75,12.2,12.2,-26.93,-26.93,-66.67,29.1,29.1,False,False,False,False,False,False,False,False,False,2026-09-11
0064,0064.HK,GET NICE,结好控股,23.52,"2,000",Equity,Equity Securities (Main Board),3.805,3.815,3.815,3.805,156000,0.59,3.807,3.808,-0.05,-0.07,0.0,-0.13,-0.13,3.86,3.86,7.5,3.86,3.86,-1.17,-1.17,-49.13,1.42,1.42,False,False,False,False,False,False,False,True,True,2026-09-11
0065,0065.HK,GRAND OCEAN AR,弘海高新资源,0.64,"4,000",Equity,Equity Securities (Main Board),0.26,0.28,0.28,0.26,32000,0.01,0.272,0.268,-4.41,-3.17,-7.14,-3.7,-1.89,0.36,8.0,8.1,0.36,8.0,-22.22,-96.5,-96.54,27.78,96.75,False,False,False,False,False,False,False,False,False,2026-09-11
0066,0066.HK,MTR CORPORATION,港铁公司,2050.46,500,Equity,Equity Securities (Main Board),32.94,33.5,33.5,32.84,5754845,189.56,33.136,32.7,-0.59,0.73,-1.85,-0.06,0.0,37.88,37.88,55.75,37.88,37.88,-11.56,-11.56,-39.91,13.04,13.04,False,False,False,False,False,False,False,False,False,2026-09-11
0068,0068.HK,MANYCORE TECH,MANYCORE TECH,157.0,500,Equity,Equity Securities (Main Board),9.095,9.81,9.83,8.8,18103500,164.65,11.01,10.015,-17.39,-9.19,-8.82,-26.12,-5.26,48.5,48.5,48.5,48.5,48.5,-79.73,-79.73,-79.73,81.25,81.25,False,False,False,False,False,False,False,False,False,2026-09-11
0069,0069.HK,SHANGRI-LA ASIA,香格里拉（亚洲）,143.64,"2,000",Equity,Equity Securities (Main Board),4.0,4.045,4.075,4.0,234000,0.94,4.048,4.064,-1.19,-1.57,-1.23,-2.08,-3.5,5.39,6.27,19.9,5.39,6.27,-24.4,-35.01,-79.52,25.79,36.2,False,False,False,False,False,False,False,False,False,2026-09-11
0070,0070.HK,RICH GOLDMAN,金粤控股,1.34,"10,000",Equity,Equity Securities (Main Board),0.069,0.067,0.069,0.067,45000,0.0,0.068,0.067,0.88,3.14,0.0,1.47,1.47,0.07,0.09,0.48,0.07,0.09,-5.48,-18.82,-85.6,5.48,18.82,False,False,False,False,False,False,False,True,False,2026-09-11
0071,0071.HK,MIRAMAR HOTEL,美丽华酒店,69.3,"1,000",Equity,Equity Securities (Main Board),10.03,10.03,10.03,10.03,2000,0.02,10.11,10.09,-0.79,-0.59,-0.4,-0.79,-1.08,11.27,11.27,19.3,11.27,11.27,-11.0,-11.0,-48.03,11.0,11.0,False,False,False,False,False,False,False,False,False,2026-09-11
0072,0072.HK,META MEDIA,超媒体控股,0.99,"2,000",Equity,Equity Securities (Main Board),0.225,0.229,0.229,0.226,124000,0.03,0.216,0.224,4.36,0.67,11.39,4.65,2.74,0.31,0.36,1.97,0.31,0.36,-27.3,-36.39,-88.38,28.57,37.5,False,False,False,False,False,False,False,False,False,2026-09-11
0076,0076.HK,ELATE HOLDINGS,谊砾控股,0.68,"4,000",Equity,Equity Securities (Main Board),0.153,0.156,0.157,0.151,266626,0.04,0.161,0.163,-4.85,-6.19,-5.56,-6.13,-6.71,0.2,0.5,2.54,0.2,0.5,-20.71,-68.6,-93.82,22.73,69.4,False,False,False,False,False,False,False,False,False,2026-09-11
0078,0078.HK,REGAL INT'L,REGAL INT'L,4.0,"2,000",Equity,Equity Securities (Main Board),0.445,0.45,0.46,0.445,122000,0.05,0.448,0.455,-0.67,-2.31,-3.26,0.0,-1.11,0.59,3.15,7.16,0.59,3.15,-22.03,-85.4,-93.58,24.58,85.87,False,False,False,False,False,False,False,False,False,2026-09-11
0079,0079.HK,CENTURY LEGEND,世纪建业,0.36,"4,000",Equity,Equity Securities (Main Board),0.11,0.11,0.11,0.11,20000,0.0,0.102,0.114,7.42,-3.34,7.84,10.0,-12.7,0.16,0.17,0.96,0.16,0.17,-32.93,-33.33,-88.54,32.93,33.33,False,False,False,False,False,False,False,False,False,2026-09-11
0080,0080.HK,CAI CORP,ＣＡＩ控股,6.78,"10,000",Equity,Investment Companies,0.26,0.26,0.26,0.25,1960000,0.51,0.264,0.265,-1.52,-1.89,-1.89,-3.7,-3.7,0.47,0.7,1.63,0.47,0.7,-44.68,-62.86,-84.03,44.68,62.86,False,False,False,False,False,False,False,False,False,2026-09-11
0081,0081.HK,CH OVS G OCEANS,中国海外宏洋集团,99.13,"1,000",Equity,Equity Securities (Main Board),2.785,2.89,2.89,2.78,6370000,17.74,2.874,2.791,-3.1,-0.21,-5.91,-4.46,-2.11,3.35,3.38,6.12,3.35,3.38,-13.73,-14.5,-52.78,16.87,17.6,False,False,False,False,False,False,False,False,False,2026-09-11
0082,0082.HK,CRAZY SPORTS,疯狂体育,3.26,"2,000",Equity,Equity Securities (Main Board),0.072,0.072,0.073,0.069,4474000,0.32,0.073,0.074,-1.37,-2.17,1.41,-2.7,-4.0,0.1,0.18,1.0,0.1,0.18,-24.74,-59.22,-92.7,25.77,59.78,False,False,False,False,False,False,False,False,False,2026-09-11
0083,0083.HK,SINO LAND,信和置业,972.03,"2,000",Equity,Equity Securities (Main Board),10.14,10.29,10.29,10.13,6815731,69.11,10.39,10.382,-2.41,-2.33,-1.65,-3.15,-3.8,13.3,13.3,15.48,13.3,13.3,-22.63,-22.63,-33.53,23.76,23.76,False,False,False,False,False,False,False,False,False,2026-09-11
0085,0085.HK,CE HUADA TECH,中电华大科技,16.44,"2,000",Equity,Equity Securities (Main Board),0.81,0.8,0.82,0.8,386000,0.31,0.811,0.827,-0.12,-2.06,-2.41,3.85,-1.22,1.54,2.09,2.09,1.54,2.09,-46.75,-60.77,-60.77,47.4,61.24,False,False,False,False,False,False,False,False,False,2026-09-11
0086,0086.HK,SUN HUNG KAI CO,新鸿基公司,78.56,"1,000",Equity,Equity Securities (Main Board),4.01,3.96,4.01,3.96,605000,2.43,4.009,4.056,0.02,-1.12,0.5,-0.25,-0.12,4.5,4.5,5.9,4.5,4.5,-10.89,-10.89,-32.03,10.89,10.89,False,False,False,False,False,False,False,False,False,2026-09-11
0087,0087.HK,SWIRE PACIFIC B,太古股份公司Ｂ,424.49,"2,500",Equity,Equity Securities (Main Board),14.9,15.21,15.44,14.82,1046037,15.59,15.342,15.291,-2.88,-2.56,-2.49,-4.18,-2.8,15.8,15.8,16.34,15.8,15.8,-2.28,-2.28,-5.51,5.7,5.7,False,False,False,False,False,False,False,True,True,2026-09-11
0088,0088.HK,TAI CHEUNG HOLD,TAI CHEUNG HOLD,19.7,"1,000",Equity,Equity Securities (Main Board),3.19,3.21,3.22,3.16,107000,0.34,3.234,3.267,-1.36,-2.36,-0.62,-2.15,-2.89,4.18,4.18,10.0,4.18,4.18,-22.97,-22.97,-67.8,23.68,23.68,False,False,False,False,False,False,False,False,False,2026-09-11
0092,0092.HK,CHAMPION TECH,冠军科技集团,2.05,"12,000",Equity,Equity Securities (Main Board),0.187,0.187,0.187,0.187,13263,0.0,0.188,0.18,-0.43,3.72,0.0,-1.06,12.65,0.26,0.57,13.64,0.26,0.57,-29.43,-67.08,-98.63,29.43,67.08,False,False,False,False,False,False,False,False,False,2026-09-11
0093,0093.HK,ZERO FINTECH,零在科技金融,11.47,"2,000",Equity,Equity Securities (Main Board),0.43,0.35,0.45,0.35,40000,0.02,0.371,0.356,15.9,20.96,10.26,26.47,26.47,0.55,0.7,0.88,0.55,0.7,-18.18,-35.71,-48.86,21.82,38.57,True,False,False,True,False,False,False,False,False,2026-09-11
0095,0095.HK,LVGEM CHINA,绿景中国地产,12.6,"2,000",Equity,Equity Securities (Main Board),0.198,0.198,0.198,0.198,4000,0.0,0.198,0.198,-0.2,0.2,2.59,-1.49,-3.41,0.32,1.82,3.84,0.32,1.82,-38.12,-89.12,-94.84,38.12,89.12,False,False,False,False,False,False,False,False,False,2026-09-11
0097,0097.HK,HENDERSON INV,恒基发展,4.24,"1,000",Equity,Equity Securities (Main Board),0.139,0.141,0.143,0.136,336378,0.05,0.138,0.139,0.43,-0.22,-1.42,0.72,0.72,0.21,0.37,0.71,0.21,0.37,-31.9,-61.35,-79.86,33.81,62.43,False,False,True,False,False,False,False,False,False,2026-09-11
0100,0100.HK,MINIMAX-W,MINIMAX-W,723.96,20,Equity,Equity Securities (Main Board),270.0,285.0,296.8,263.4,17235735,4653.65,312.96,330.96,-13.73,-18.42,-7.53,-18.48,-25.29,1330.0,1330.0,1330.0,1330.0,1330.0,-77.68,-77.68,-77.68,79.7,79.7,False,False,False,False,False,False,False,False,False,2026-09-11
0101,0101.HK,HANG LUNG PPT,恒隆地产,354.07,"1,000",Equity,Equity Securities (Main Board),6.805,6.92,6.95,6.725,7379645,50.22,6.972,7.015,-2.4,-2.99,-1.59,-3.68,-4.49,10.3,11.68,22.6,10.3,11.68,-32.52,-40.5,-69.25,33.93,41.74,False,False,False,False,False,False,False,False,False,2026-09-11
0103,0103.HK,SHOUGANG CENT,首佳科技,10.93,"1,000",Equity,Equity Securities (Main Board),2.11,2.035,2.11,2.035,161000,0.34,2.094,2.064,0.76,2.23,0.48,1.69,0.96,3.2,4.3,4.3,3.2,4.3,-34.06,-50.93,-50.93,34.06,50.93,True,False,False,True,False,False,False,False,False,2026-09-11
0104,0104.HK,ASIA COMM HOLD,ASIA COMM HOLD,1.7,"5,000",Equity,Equity Securities (Main Board),0.227,0.223,0.227,0.218,60000,0.01,0.225,0.228,0.71,-0.44,0.89,0.89,-0.44,0.26,0.34,0.93,0.26,0.34,-14.34,-33.24,-75.59,14.34,33.24,False,False,False,False,False,False,False,False,False,2026-09-11
0105,0105.HK,ASSO INT HOTELS,凯联国际酒店,18.72,"2,000",Equity,Equity Securities (Main Board),5.2,5.2,5.2,5.2,4000,0.02,5.2,5.2,0.0,0.0,0.0,0.0,0.0,5.64,8.0,25.6,5.64,8.0,-7.8,-35.0,-79.69,7.8,35.0,False,False,False,False,False,False,False,True,False,2026-09-11
0107,0107.HK,SICHUAN EXPRESS,四川成渝高速公路,42.35,"2,000",Equity,Equity Securities (Main Board),4.73,4.9,4.9,4.705,1210000,5.72,4.827,4.789,-2.01,-1.23,-2.37,-2.87,-1.25,6.1,6.1,6.1,6.1,6.1,-19.67,-19.67,-19.67,22.46,22.46,False,False,False,False,False,False,False,False,False,2026-09-11
0108,0108.HK,SR MEDICAL,春雨医疗,67.76,"2,000",Equity,Equity Securities (Main Board),2.04,2.01,2.05,1.9,628000,1.28,2.03,1.86,0.49,9.71,0.25,1.24,17.58,3.71,4.28,4.28,3.71,4.28,-44.74,-52.1,-52.1,45.01,52.34,False,False,False,False,False,False,False,False,False,2026-09-11
0110,0110.HK,CHINA FORTUNE,中国长远,1.84,"4,000",Equity,Equity Securities (Main Board),0.66,0.675,0.68,0.66,32000,0.02,0.669,0.694,-1.35,-4.83,-3.65,6.45,-5.04,0.85,0.85,4.05,0.85,0.85,-19.53,-19.53,-83.21,21.89,21.89,False,False,False,False,False,False,False,False,False,2026-09-11
0111,0111.HK,CINDA INTL HLDG,信达国际控股,4.36,"2,000",Equity,Equity Securities (Main Board),0.68,0.67,0.685,0.67,388000,0.26,0.694,0.671,-2.02,1.42,-1.45,-5.56,-2.86,1.27,1.27,1.27,1.27,1.27,-46.06,-46.06,-46.06,46.46,46.46,False,False,False,False,False,False,False,False,False,2026-09-11
0113,0113.HK,DICKSON CONCEPT,迪生创建,22.97,500,Equity,Equity Securities (Main Board),5.95,5.97,5.97,5.86,53500,0.32,6.015,5.997,-1.08,-0.78,-0.34,-2.7,-0.83,6.7,7.07,7.07,6.7,7.07,-10.9,-15.56,-15.56,11.19,15.84,False,False,False,False,False,False,False,False,False,2026-09-11
0114,0114.HK,HERALD HOLD,HERALD HOLD,3.96,"5,000",Equity,Equity Securities (Main Board),0.655,0.66,0.66,0.655,70000,0.05,0.664,0.663,-1.36,-1.13,-2.24,-0.76,-0.76,0.9,0.9,1.22,0.9,0.9,-26.67,-26.67,-45.9,27.22,27.22,False,False,False,False,False,False,False,False,False,2026-09-11
0115,0115.HK,GRAND FIELD GP,钧濠集团,0.77,"2,000",Equity,Equity Securities (Main Board),3.7,3.695,3.695,3.695,2000,0.01,4.104,4.362,-9.84,-15.18,-5.13,-10.84,-19.91,9.0,9.0,90.31,9.0,9.0,-58.94,-58.94,-95.91,58.89,58.89,False,False,False,False,False,False,False,False,False,2026-09-11
0116,0116.HK,CHOW SANG SANG,周生生,86.92,"1,000",Equity,Equity Securities (Main Board),12.94,13.1,13.1,12.8,927101,12.0,13.658,13.899,-5.26,-6.9,-1.67,-8.29,-9.89,16.69,16.69,20.85,16.69,16.69,-21.51,-21.51,-37.17,22.47,22.47,False,False,False,False,False,False,False,False,False,2026-09-11
0117,0117.HK,TIANLI HOLDINGS,天利控股集团,26.22,"2,000",Equity,Equity Securities (Main Board),3.52,3.1,3.63,3.1,11068800,38.96,2.915,2.769,20.75,27.1,8.31,41.08,45.45,8.39,8.39,8.39,8.39,8.39,-56.73,-56.73,-56.73,58.05,58.05,True,False,False,False,False,False,False,False,False,2026-09-11
0118,0118.HK,COSMOS MACH,大同机械,1.71,"2,000",Equity,Equity Securities (Main Board),0.198,0.196,0.198,0.195,662000,0.13,0.199,0.198,-0.5,-0.05,-0.5,-0.5,0.0,0.52,0.52,0.86,0.52,0.52,-61.92,-61.92,-76.98,61.92,61.92,False,False,False,False,False,False,False,False,False,2026-09-11
0119,0119.HK,POLY PROPERTY,保利置业集团,46.43,"1,000",Equity,Equity Securities (Main Board),1.215,1.25,1.25,1.215,11068977,13.45,1.262,1.292,-3.72,-6.0,-2.8,-5.81,-10.0,2.55,2.55,4.7,2.55,2.55,-50.98,-50.98,-73.4,52.35,52.35,False,False,False,False,False,False,False,False,False,2026-09-11
0120,0120.HK,COSMOPOL INT'L,COSMOPOL INT'L,0.89,600,Equity,Equity Securities (Main Board),0.054,0.05,0.055,0.05,3000,0.0,0.053,0.053,1.12,2.08,-1.82,8.0,8.0,0.11,7.7,10.0,0.11,7.7,-49.07,-99.29,-99.45,50.0,99.3,False,False,False,True,False,False,False,False,False,2026-09-11
0122,0122.HK,CROCODILE,鳄鱼恤,1.38,"2,000",Equity,Equity Securities (Main Board),1.33,1.255,1.32,1.255,5900,0.01,1.386,1.396,-4.04,-4.73,-5.0,-5.0,-5.0,1.8,3.38,21.17,1.8,3.38,-26.67,-60.95,-93.76,26.11,60.65,False,False,False,False,False,False,False,False,False,2026-09-11
0123,0123.HK,YUEXIU PROPERTY,越秀地产,125.79,"1,000",Equity,Equity Securities (Main Board),3.125,3.165,3.165,3.07,3719008,11.62,3.216,3.183,-2.83,-1.84,-0.64,-5.73,-5.3,4.98,9.95,12.63,4.98,9.95,-36.45,-68.19,-74.94,37.25,68.59,False,False,False,False,False,False,False,False,False,2026-09-11
0124,0124.HK,GD LAND,粤海置地,3.35,"2,000",Equity,Equity Securities (Main Board),0.196,0.192,0.193,0.19,210546,0.04,0.195,0.2,0.41,-1.8,-1.01,2.62,-2.97,0.25,0.68,2.21,0.25,0.68,-24.31,-71.62,-91.27,23.14,71.18,False,False,True,False,False,False,False,False,False,2026-09-11
0127,0127.HK,CHINESE EST H,华人置业,20.03,500,Equity,Equity Securities (Main Board),1.05,1.04,1.05,1.03,179000,0.19,1.058,1.066,-0.76,-1.45,0.0,-1.87,-1.87,1.34,1.86,15.8,1.34,1.86,-21.64,-43.55,-93.35,21.64,43.55,False,False,False,False,False,False,False,False,False,2026-09-11
0130,0130.HK,MOISELLE INT'L,慕诗国际,0.52,"2,000",Equity,Equity Securities (Main Board),0.18,0.18,0.18,0.18,28000,0.01,0.181,0.175,-0.33,3.03,0.0,0.0,-1.64,0.3,0.3,1.61,0.3,0.3,-40.0,-40.0,-88.82,40.0,40.0,False,False,False,False,False,False,False,False,False,2026-09-11
0131,0131.HK,CHEUK NANG HOLD,卓能（集团）,8.52,"1,000",Equity,Equity Securities (Main Board),1.305,1.29,1.305,1.29,12000,0.02,1.319,1.325,-1.06,-1.47,0.38,-1.88,-1.88,1.42,2.05,6.3,1.42,2.05,-8.1,-36.34,-79.29,8.1,36.34,False,False,False,False,False,False,False,True,False,2026-09-11
0133,0133.HK,CHINA MERCHANTS,招商局中国基金,38.27,"2,000",Equity,Investment Companies,25.12,25.14,25.68,24.82,418000,10.5,25.484,25.07,-1.43,0.2,-2.41,-1.49,-1.87,28.78,28.78,28.78,28.78,28.78,-10.77,-10.77,-10.77,12.72,12.72,False,False,False,False,False,False,False,False,False,2026-09-11
0135,0135.HK,KUNLUN ENERGY,昆仑能源,641.78,"2,000",Equity,Equity Securities (Main Board),7.43,7.555,7.59,7.39,12610982,93.7,7.523,7.537,-1.24,-1.43,-1.65,-3.19,0.0,8.83,9.23,9.98,8.83,9.23,-14.04,-17.77,-23.95,15.86,19.5,False,False,False,False,False,False,False,False,False,2026-09-11
0136,0136.HK,CHINA RUYI,中国儒意,247.81,"4,000",Equity,Equity Securities (Main Board),1.475,1.5,1.51,1.47,79403556,117.12,1.479,1.379,-0.27,6.96,-1.34,0.34,8.06,2.46,3.47,17.8,2.46,3.47,-38.62,-56.48,-91.52,40.04,57.49,False,False,False,False,False,False,False,False,False,2026-09-11
0138,0138.HK,CCT FORTIS,中建富通,0.47,"5,000",Equity,Equity Securities (Main Board),0.295,0.295,0.295,0.295,7160,0.0,0.299,0.286,-1.34,3.33,-1.67,-1.67,5.36,0.92,3.5,12.4,0.92,3.5,-67.93,-91.57,-97.62,67.93,91.57,False,False,False,False,False,False,False,False,False,2026-09-11
0139,0139.HK,SMART FISH,小鱼盈通,1.43,"10,000",Equity,Equity Securities (Main Board),0.097,0.103,0.105,0.097,11359605,1.1,0.104,0.108,-6.55,-10.35,-5.83,-10.19,-9.35,0.23,1.22,7.4,0.23,1.22,-53.54,-91.39,-98.58,57.08,92.05,False,False,False,False,False,False,False,False,False,2026-09-11
0142,0142.HK,FIRST PACIFIC,第一太平,211.83,"2,000",Equity,Equity Securities (Main Board),4.97,5.035,5.035,4.9,3226858,16.04,5.029,5.024,-1.17,-1.08,-0.9,-1.0,-2.45,6.59,6.99,6.99,6.59,6.99,-23.6,-27.97,-27.97,24.58,28.9,False,False,False,False,False,False,False,False,False,2026-09-11
0144,0144.HK,CHINA MER PORT,招商局港口,696.45,"2,000",Equity,Equity Securities (Main Board),16.59,16.5,16.59,16.17,6255837,103.78,16.516,16.388,0.45,1.23,0.06,0.12,1.16,17.85,17.85,27.4,17.85,17.85,-7.06,-7.06,-39.45,7.06,7.06,False,False,False,True,False,False,False,True,True,2026-09-11
0145,0145.HK,CCIAM FUTURE EN,信能低碳,0.87,"8,000",Equity,Equity Securities (Main Board),0.238,0.232,0.239,0.232,504016,0.12,0.242,0.231,-1.73,3.12,-0.42,-3.25,6.25,0.28,0.84,36.42,0.28,0.84,-14.64,-71.55,-99.34,15.0,71.67,False,False,False,False,False,False,False,False,False,2026-09-11
0147,0147.HK,IB SETTLEMENT,国际商业结算,42.74,"5,000",Equity,Equity Securities (Main Board),0.185,0.178,0.193,0.167,22880000,4.23,0.196,0.211,-5.52,-12.32,2.78,-5.13,-18.5,0.29,0.67,1.79,0.29,0.67,-33.45,-71.19,-89.22,36.21,72.39,False,False,False,False,False,False,False,False,False,2026-09-11
0148,0148.HK,KINGBOARD HLDG,建滔集团,591.74,500,Equity,Equity Securities (Main Board),52.75,52.05,53.15,50.05,20133975,1062.07,52.5,52.32,0.48,0.82,-1.22,3.53,4.98,151.8,151.8,151.8,151.8,151.8,-64.99,-64.99,-64.99,65.25,65.25,False,False,False,True,False,False,False,False,False,2026-09-11
0149,0149.HK,CH AGRI-PROD EX,中国农产品交易,6.37,"5,000",Equity,Equity Securities (Main Board),0.064,0.062,0.064,0.062,123143,0.01,0.067,0.065,-3.9,-1.54,0.0,-5.88,0.0,0.08,0.11,1.1,0.08,0.11,-17.95,-41.82,-94.17,17.95,41.82,False,False,False,False,False,False,False,False,False,2026-09-11
0151,0151.HK,WANT WANT CHINA,中国旺旺,332.65,"1,000",Equity,Equity Securities (Main Board),2.835,2.84,2.84,2.785,19362209,54.89,2.914,2.985,-2.71,-5.01,-0.53,-4.87,-8.1,5.1,5.97,8.44,5.1,5.97,-44.31,-52.43,-66.35,44.41,52.51,False,False,False,False,False,False,False,False,False,2026-09-11
0152,0152.HK,SHENZHEN INT'L,深圳国际,123.66,500,Equity,Equity Securities (Main Board),5.045,5.35,5.35,5.02,19402585,97.89,5.329,5.257,-5.33,-4.03,-5.79,-7.35,-3.54,9.3,9.3,18.6,9.3,9.3,-42.47,-42.47,-71.24,45.75,45.75,False,False,False,False,False,False,False,False,False,2026-09-11
0154,0154.HK,BE ENVIRONMENT,北京控股环境集团,6.75,"1,000",Equity,Equity Securities (Main Board),0.45,0.45,0.455,0.45,157000,0.07,0.448,0.441,0.45,1.93,0.0,1.12,0.0,0.69,0.71,1.66,0.69,0.71,-34.06,-35.92,-72.59,34.78,36.62,False,False,False,False,False,False,False,False,False,2026-09-11
0156,0156.HK,LIPPO CHINA RES,力宝华润,9.1,"2,000",Equity,Equity Securities (Main Board),0.99,0.995,1.0,0.99,68000,0.07,0.996,1.003,-0.6,-1.3,-0.5,-0.5,-0.5,1.13,1.23,2.9,1.13,1.23,-11.5,-18.7,-65.52,12.39,19.51,False,False,False,False,False,False,False,False,False,2026-09-11
0159,0159.HK,BROCKMAN MINING,布莱克万矿业,4.45,"4,000",Equity,Equity Securities (Main Board),0.048,0.048,0.048,0.046,404800,0.02,0.05,0.049,-3.61,-1.44,-2.04,-15.79,2.13,0.1,0.29,0.44,0.1,0.29,-52.0,-83.45,-88.97,52.0,83.45,False,False,False,False,False,False,False,False,False,2026-09-11
0160,0160.HK,HON KWOK LAND,汉国置业,4.68,"2,000",Equity,Equity Securities (Main Board),0.65,0.65,0.65,0.65,123000,0.08,0.663,0.675,-1.96,-3.63,-1.52,-2.26,-2.99,1.03,1.79,5.46,1.03,1.79,-36.89,-63.69,-88.1,36.89,63.69,False,False,False,False,False,False,False,False,False,2026-09-11
0163,0163.HK,EMPEROR INT'L,英皇国际,6.51,"10,000",Equity,Equity Securities (Main Board),0.118,0.126,0.128,0.118,90000,0.01,0.123,0.127,-4.07,-7.16,-7.09,-2.48,-7.81,0.23,0.48,3.19,0.23,0.48,-45.53,-73.33,-95.99,49.79,75.42,False,False,False,False,False,False,False,False,False,2026-09-11
0165,0165.HK,CHINA EB LTD,中国光大控股,106.0,"2,000",Equity,Equity Securities (Main Board),6.29,6.49,6.49,6.205,5439554,34.21,6.414,6.323,-1.93,-0.52,-3.08,-2.33,-2.18,11.26,13.24,20.85,11.26,13.24,-42.36,-50.98,-68.87,44.14,52.49,False,False,False,False,False,False,False,False,False,2026-09-11
0166,0166.HK,NEW TIMES CORP,新时代集团控股,3.06,"2,000",Equity,Equity Securities (Main Board),0.035,0.032,0.038,0.032,3520000,0.12,0.033,0.033,5.42,6.06,9.37,6.06,6.06,0.05,0.14,0.34,0.05,0.14,-30.91,-72.86,-88.99,36.36,75.0,False,False,False,True,False,False,False,False,False,2026-09-11
0167,0167.HK,IDT INT'L,IDT INT'L,31.12,"18,000",Equity,Equity Securities (Main Board),5.985,5.95,6.0,5.89,216100,1.29,5.345,5.395,11.97,10.94,12.61,12.92,24.69,10.2,10.2,18.9,10.2,10.2,-41.18,-41.18,-68.25,41.32,41.32,False,False,False,False,False,False,False,False,False,2026-09-11
0168,0168.HK,TSINGTAO BREW,青岛啤酒股份,259.67,"2,000",Equity,Equity Securities (Main Board),39.64,39.96,40.2,39.34,2881645,114.23,40.472,40.36,-2.06,-1.78,-0.6,-4.39,-2.12,54.25,67.0,93.55,54.25,67.0,-25.9,-40.0,-57.03,26.93,40.84,False,False,False,False,False,False,False,False,False,2026-09-11
0169,0169.HK,WANDA HOTEL DEV,万达酒店发展,4.04,"1,000",Equity,Equity Securities (Main Board),0.086,0.087,0.087,0.086,318000,0.03,0.089,0.09,-2.93,-4.23,-3.37,-5.49,-5.49,0.21,0.8,2.39,0.21,0.8,-58.17,-89.13,-96.36,58.65,89.25,False,False,False,False,False,False,False,False,False,2026-09-11
0171,0171.HK,SILVER GRANT,银建国际,1.13,"2,000",Equity,Equity Securities (Main Board),0.049,0.05,0.05,0.046,186000,0.01,0.054,0.05,-8.58,-2.0,-2.0,-15.52,-3.92,0.09,0.36,2.36,0.09,0.36,-46.24,-86.11,-97.88,47.31,86.39,False,False,False,False,False,False,False,False,False,2026-09-11
0173,0173.HK,K. WAH INT'L,嘉华国际,64.32,"1,000",Equity,Equity Securities (Main Board),2.04,2.035,2.04,2.02,637571,1.3,2.049,2.049,-0.44,-0.46,0.0,-0.49,-1.21,2.87,2.92,5.82,2.87,2.92,-28.92,-30.14,-64.95,28.92,30.14,False,False,False,False,False,False,False,False,False,2026-09-11
0175,0175.HK,GEELY AUTO,吉利汽车,1738.63,"1,000",Equity,Equity Securities (Main Board),16.12,15.93,16.15,15.82,32057360,516.76,16.512,16.929,-2.37,-4.78,-0.06,-4.73,-6.71,25.62,25.62,36.45,25.62,25.62,-36.96,-36.96,-55.69,37.08,37.08,False,False,False,False,False,False,False,False,False,2026-09-11
0177,0177.HK,JIANGSU EXPRESS,江苏宁沪高速公路,122.69,"2,000",Equity,Equity Securities (Main Board),10.04,10.18,10.18,9.965,6143195,61.68,10.033,9.903,0.07,1.39,-1.08,0.75,1.47,11.25,11.66,12.9,11.25,11.66,-9.51,-12.69,-21.09,10.76,13.89,False,False,False,False,False,False,False,False,False,2026-09-11
0178,0178.HK,SA SA INT'L,莎莎国际,31.96,"2,000",Equity,Equity Securities (Main Board),1.03,0.985,1.03,0.945,9506000,9.79,1.011,0.995,1.88,3.52,4.57,1.98,0.0,1.07,1.2,5.92,1.07,1.2,-3.29,-14.17,-82.6,3.29,14.17,False,False,False,True,False,False,False,True,False,2026-09-11
0179,0179.HK,JOHNSON ELEC H,德昌电机控股,168.66,500,Equity,Equity Securities (Main Board),18.05,18.74,18.74,17.98,2508647,45.28,18.808,18.935,-4.03,-4.67,-3.68,-2.85,-5.3,32.24,45.78,45.78,32.24,45.78,-41.87,-59.07,-59.07,44.01,60.57,False,False,False,False,False,False,False,False,False,2026-09-11
0180,0180.HK,KADER HOLDINGS,开达集团,1.85,"2,000",Equity,Equity Securities (Main Board),0.195,0.213,0.213,0.195,12000,0.0,0.199,0.197,-2.01,-1.27,-8.45,-0.51,-0.51,0.23,0.5,2.29,0.23,0.5,-7.39,-57.4,-90.7,15.22,61.0,False,False,False,False,False,False,False,False,False,2026-09-11
0181,0181.HK,FUJIAN HOLDINGS,闽港控股,1.03,"20,000",Equity,Equity Securities (Main Board),0.09,0.075,0.095,0.075,340000,0.03,0.084,0.084,6.64,6.64,9.76,5.88,2.27,0.13,0.16,0.56,0.13,0.16,-28.03,-38.71,-83.04,31.82,41.94,False,False,False,True,False,False,False,False,False,2026-09-11
0182,0182.HK,CONCORD NE,协合新能源,25.95,"10,000",Equity,Equity Securities (Main Board),0.33,0.34,0.34,0.325,7420000,2.45,0.342,0.336,-3.51,-1.79,-5.71,0.0,-5.71,0.49,0.73,1.01,0.49,0.73,-30.61,-53.42,-66.34,32.65,54.79,False,False,False,False,False,False,False,False,False,2026-09-11
0183,0183.HK,WINFULL GP,宏辉集团,0.82,"8,000",Equity,Equity Securities (Main Board),0.145,0.145,0.145,0.145,24000,0.0,0.145,0.143,0.0,1.54,0.0,0.0,0.0,0.23,0.37,2.32,0.23,0.37,-36.68,-60.81,-93.75,36.68,60.81,False,False,False,False,False,False,False,False,False,2026-09-11
0184,0184.HK,KECK SENG INV,激成投资,8.1,"2,000",Equity,Equity Securities (Main Board),2.38,2.38,2.38,2.38,10000,0.02,2.398,2.398,-0.75,-0.73,0.0,-0.83,-2.06,2.49,2.94,7.6,2.49,2.94,-4.42,-19.05,-68.68,4.42,19.05,False,False,False,False,False,False,False,True,False,2026-09-11
0185,0185.HK,ZENSUN ENT,正商实业,1.21,"1,000",Equity,Equity Securities (Main Board),0.063,0.063,0.063,0.063,2000,0.0,0.074,0.077,-14.63,-18.29,-8.7,-20.25,-20.25,0.17,0.5,6.9,0.17,0.5,-62.72,-87.4,-99.09,62.72,87.4,False,False,False,False,False,False,False,False,False,2026-09-11
0187,0187.HK,JINGCHENG MAC,京城机电股份,2.74,"2,000",Equity,Equity Securities (Main Board),2.74,2.85,2.85,2.69,710000,1.95,2.81,2.822,-2.49,-2.92,-1.97,-4.03,-3.52,7.5,7.5,7.5,7.5,7.5,-62.0,-62.0,-62.0,63.47,63.47,False,False,False,False,False,False,False,False,False,2026-09-11
0189,0189.HK,DONGYUE GROUP,东岳集团,216.76,"1,000",Equity,Equity Securities (Main Board),12.51,12.58,12.6,12.11,24104672,301.55,12.938,13.16,-3.31,-4.94,-1.88,-5.3,-3.92,23.74,23.74,28.5,23.74,23.74,-46.93,-46.93,-55.79,47.3,47.3,False,False,False,False,False,False,False,False,False,2026-09-11
0196,0196.HK,HONGHUA GROUP,宏华集团,9.85,"1,000",Equity,Equity Securities (Main Board),0.109,0.108,0.113,0.106,335000,0.04,0.105,0.105,4.21,3.71,4.81,2.83,-0.91,0.25,0.26,1.19,0.25,0.26,-55.69,-56.54,-90.5,57.25,58.08,False,False,False,False,False,False,False,False,False,2026-09-11
0199,0199.HK,ITC PROPERTIES,德祥地产,25.58,"1,000",Equity,Equity Securities (Main Board),2.35,2.3,2.35,2.26,2464000,5.79,2.354,2.442,-0.17,-3.79,2.62,-1.05,-6.75,2.94,2.94,3.53,2.94,2.94,-20.07,-20.07,-33.43,20.07,20.07,False,False,False,False,False,False,False,False,False,2026-09-11
0200,0200.HK,MELCO INT'L DEV,新濠国际发展,69.73,"1,000",Equity,Equity Securities (Main Board),3.065,3.1,3.1,3.01,2740594,8.4,3.186,3.144,-3.8,-2.53,-2.54,-7.26,-4.96,4.9,6.95,30.5,4.9,6.95,-36.73,-55.4,-89.84,37.45,55.9,False,False,False,False,False,False,False,False,False,2026-09-11
0201,0201.HK,MAGNIFICENT,华大酒店,5.37,"2,000",Equity,Equity Securities (Main Board),0.06,0.063,0.063,0.06,160000,0.01,0.061,0.062,-1.32,-3.85,-1.64,-1.64,-3.23,0.09,0.11,0.27,0.09,0.11,-33.68,-41.67,-76.67,36.84,44.44,False,False,False,False,False,False,False,False,False,2026-09-11
0202,0202.HK,EVERCHINA INT'L,润中国际控股,4.38,"5,000",Equity,Equity Securities (Main Board),0.06,0.055,0.06,0.055,80000,0.0,0.053,0.052,12.36,14.5,13.21,17.65,11.11,0.18,0.27,0.42,0.18,0.27,-66.67,-77.78,-85.71,66.67,77.78,False,False,False,False,False,False,False,False,False,2026-09-11
0205,0205.HK,BFB HEALTH,BFB HEALTH,7.26,"10,000",Equity,Equity Securities (Main Board),0.58,0.585,0.59,0.585,80000,0.05,0.575,0.556,0.87,4.32,-1.69,-1.69,6.42,1.01,1.01,3.12,1.01,1.01,-41.58,-41.58,-81.09,42.57,42.57,False,False,False,False,False,False,False,False,False,2026-09-11
0206,0206.HK,CM-ENERGY,华商能源,6.49,"1,000",Equity,Equity Securities (Main Board),0.2,0.222,0.222,0.19,1397000,0.28,0.22,0.227,-9.17,-11.97,-10.71,-11.11,-12.66,0.66,0.66,1.45,0.66,0.66,-66.36,-66.36,-84.72,69.7,69.7,False,False,False,False,False,False,False,False,False,2026-09-11
0209,0209.HK,POLY XVERSE IT,万维智能科技,0.59,"1,000",Equity,Equity Securities (Main Board),0.4,0.41,0.41,0.395,3118000,1.25,0.403,0.405,-0.74,-1.23,-2.44,-1.23,-1.23,6.66,7.45,110.62,6.66,7.45,-93.85,-94.5,-99.63,94.0,94.63,False,False,False,False,False,False,False,False,False,2026-09-11
0211,0211.HK,STYLAND HOLD,STYLAND HOLD,1.87,"10,000",Equity,Equity Securities (Main Board),0.255,0.255,0.255,0.255,10000,0.0,0.256,0.258,-0.23,-1.09,-1.92,-1.92,-1.92,0.3,0.3,2.55,0.3,0.3,-15.0,-15.0,-90.0,15.0,15.0,False,False,False,False,False,False,False,False,False,2026-09-11
0214,0214.HK,ASIA ORIENT,汇汉控股,1.93,"2,000",Equity,Equity Securities (Main Board),0.23,0.23,0.23,0.23,2000,0.0,0.221,0.219,3.88,4.78,4.55,5.02,4.55,0.31,0.55,2.92,0.31,0.55,-26.98,-58.18,-92.12,26.98,58.18,False,False,False,False,False,False,False,False,False,2026-09-11
0215,0215.HK,HUTCHTEL HK,和记电讯香港,54.94,"2,000",Equity,Equity Securities (Main Board),1.14,1.135,1.145,1.135,656000,0.75,1.139,1.147,0.09,-0.61,0.0,0.0,-0.44,1.22,1.23,3.5,1.22,1.23,-6.15,-6.91,-67.29,6.56,7.32,False,False,False,False,False,False,False,True,True,2026-09-11
0217,0217.HK,CHINA CHENGTONG,中国诚通发展集团,6.74,"2,000",Equity,Equity Securities (Main Board),0.113,0.108,0.114,0.108,200000,0.02,0.114,0.114,-0.53,-1.05,0.0,-0.88,-4.24,0.2,0.25,0.77,0.2,0.25,-42.13,-55.29,-85.19,42.64,55.69,False,False,False,False,False,False,False,False,False,2026-09-11
0218,0218.HK,SWHYHK,申万宏源香港,14.36,"5,000",Equity,Equity Securities (Main Board),0.92,0.925,0.925,0.915,105000,0.1,0.949,0.963,-3.06,-4.42,-3.66,-2.65,-8.91,1.55,4.25,4.48,1.55,4.25,-40.32,-78.24,-79.35,40.65,78.35,False,False,False,False,False,False,False,False,False,2026-09-11
0219,0219.HK,SHUNHO PROPERTY,顺豪物业,4.03,"2,000",Equity,Equity Securities (Main Board),0.695,0.695,0.695,0.695,14000,0.01,0.695,0.7,0.0,-0.71,0.0,0.0,0.0,0.76,1.0,3.28,0.76,1.0,-8.55,-30.5,-78.81,8.55,30.5,False,False,False,False,False,False,False,True,False,2026-09-11
0220,0220.HK,U-PRESID CHINA,统一企业中国,321.57,"1,000",Equity,Equity Securities (Main Board),7.445,7.18,7.445,7.035,18666169,138.97,7.372,7.402,0.99,0.58,3.69,0.0,-0.07,8.74,10.82,10.82,8.74,10.82,-14.82,-31.19,-31.19,14.82,31.19,False,False,False,True,False,False,False,False,False,2026-09-11
0222,0222.HK,MIN XIN HOLD,闽信集团,16.07,"2,000",Equity,Equity Securities (Main Board),2.69,2.68,2.7,2.68,22000,0.06,2.746,2.767,-2.04,-2.78,0.0,-3.93,-3.58,3.63,3.75,8.38,3.63,3.75,-25.62,-28.0,-67.79,25.9,28.27,False,False,False,False,False,False,False,False,False,2026-09-11
0223,0223.HK,ELIFE HLDGS,易生活控股,1.48,"20,000",Equity,Equity Securities (Main Board),0.091,0.085,0.091,0.084,1900000,0.17,0.079,0.076,15.19,19.89,7.06,28.17,24.66,0.19,0.5,3.4,0.19,0.5,-52.36,-81.8,-97.32,52.36,81.8,True,False,False,False,False,False,False,False,False,2026-09-11
0227,0227.HK,FIRST SHANGHAI,第一上海,3.24,"8,000",Equity,Equity Securities (Main Board),0.148,0.148,0.148,0.148,120000,0.02,0.151,0.155,-1.73,-4.52,0.0,-3.9,-3.27,0.28,0.87,1.46,0.28,0.87,-48.07,-82.99,-89.87,48.07,82.99,False,False,False,False,False,False,False,False,False,2026-09-11
0228,0228.HK,CHINA ENERGY,中能控股,3.44,"2,000",Equity,Equity Securities (Main Board),0.755,0.76,0.76,0.75,64000,0.05,0.777,0.812,-2.83,-7.02,-1.95,-5.03,-11.18,2.1,5.44,10.2,2.1,5.44,-63.81,-86.03,-92.55,64.05,86.12,False,False,False,False,False,False,False,False,False,2026-09-11
0229,0229.HK,RAYMOND IND,利民实业,4.11,"5,000",Equity,Equity Securities (Main Board),0.82,0.815,0.82,0.815,55000,0.05,0.812,0.791,0.99,3.67,0.61,-0.61,6.49,0.97,1.09,1.3,0.97,1.09,-15.46,-24.77,-36.92,15.46,24.77,False,False,False,False,False,False,False,False,False,2026-09-11
0232,0232.HK,CON AERO TECH,大陆航空科技控股,44.19,"2,000",Equity,Equity Securities (Main Board),0.475,0.475,0.48,0.47,23156000,11.0,0.475,0.474,0.0,0.21,0.0,0.0,1.06,0.48,0.48,0.72,0.48,0.48,0.0,0.0,-33.27,1.04,1.04,False,False,False,False,False,False,False,True,True,2026-09-11
0235,0235.HK,CSC HOLDINGS,中策资本控股,3.87,"5,000",Equity,Equity Securities (Main Board),0.019,0.019,0.02,0.018,3860000,0.07,0.02,0.02,-3.06,-4.04,-5.0,-5.0,-5.0,0.04,0.04,0.29,0.04,0.04,-42.86,-53.49,-93.22,45.71,55.81,False,False,False,False,False,False,False,False,False,2026-09-11
0237,0237.HK,SAFETY GODOWN,安全货仓,8.26,"2,000",Equity,Equity Securities (Main Board),2.04,2.1,2.1,2.04,38000,0.08,2.04,2.083,0.0,-2.06,0.49,1.49,-2.39,2.45,2.45,6.87,2.45,2.45,-14.29,-14.29,-69.42,16.73,16.73,False,False,False,False,False,False,False,False,False,2026-09-11
0239,0239.HK,PAK FAH YEOW,白花油,7.64,"2,500",Equity,Equity Securities (Main Board),2.45,2.45,2.45,2.45,45000,0.11,2.482,2.524,-1.29,-2.93,-1.21,-2.0,-2.0,2.73,2.73,3.8,2.73,2.73,-10.26,-10.26,-35.53,10.26,10.26,False,False,False,False,False,False,False,False,False,2026-09-11
0240,0240.HK,BUILD KING HOLD,利基控股,16.83,"10,000",Equity,Equity Securities (Main Board),1.355,1.4,1.4,1.345,1480000,2.01,1.406,1.43,-3.63,-5.24,-2.87,-5.57,-6.23,1.89,1.89,1.89,1.89,1.89,-25.93,-25.93,-25.93,28.31,28.31,False,False,False,False,False,False,False,False,False,2026-09-11
0241,0241.HK,ALI HEALTH,阿里健康,488.49,"2,000",Equity,Equity Securities (Main Board),3.02,2.975,3.03,2.955,45209596,136.53,3.076,3.078,-1.82,-1.87,0.5,-3.82,-3.82,7.91,7.91,30.15,7.91,7.91,-61.69,-61.69,-89.95,61.82,61.82,False,False,False,False,False,False,False,False,False,2026-09-11
0242,0242.HK,SHUN TAK HOLD,信德集团,14.94,"2,000",Equity,Equity Securities (Main Board),0.495,0.5,0.5,0.49,2710000,1.34,0.502,0.497,-1.39,-0.5,-1.98,-1.98,-1.98,0.69,1.19,4.3,0.69,1.19,-27.54,-57.98,-88.37,28.26,58.4,False,False,False,False,False,False,False,False,False,2026-09-11
0243,0243.HK,QPL INT'L,QPL INT'L,1.54,"9,000",Equity,Equity Securities (Main Board),0.445,0.445,0.445,0.44,72000,0.03,0.454,0.461,-1.98,-3.47,-3.26,0.0,0.0,0.95,0.95,11.64,0.95,0.95,-53.16,-53.16,-96.18,53.16,53.16,False,False,False,False,False,False,False,False,False,2026-09-11
0244,0244.HK,SINCERE,先施,4.2,"1,000",Equity,Equity Securities (Main Board),0.32,0.325,0.345,0.32,2258000,0.72,0.318,0.315,0.63,1.59,0.0,0.0,3.23,0.43,0.43,0.79,0.43,0.43,-19.77,-19.77,-56.33,25.58,25.58,False,False,False,False,False,False,False,False,False,2026-09-11
0245,0245.HK,CHINA VERED FIN,中薇金融,18.31,"5,000",Equity,Equity Securities (Main Board),0.985,0.985,0.985,0.985,2000000,1.97,0.99,1.0,-0.51,-1.45,-0.51,-1.01,-1.5,1.2,1.58,19.0,1.2,1.58,-17.92,-37.66,-94.82,17.92,37.66,False,False,False,False,False,False,False,False,False,2026-09-11
0248,0248.HK,HKC INT'L HOLD,香港通讯国际控股,0.51,"10,000",Equity,Equity Securities (Main Board),0.219,0.219,0.219,0.219,20000,0.0,0.213,0.213,2.62,2.96,3.3,3.3,3.3,0.38,0.39,2.43,0.38,0.39,-43.12,-44.26,-91.0,43.12,44.26,False,False,False,False,False,False,False,False,False,2026-09-11
0251,0251.HK,SEA HOLDINGS,爪哇控股,7.35,"2,000",Equity,Equity Securities (Main Board),1.22,1.22,1.22,1.22,24000,0.03,1.22,1.226,0.0,-0.49,0.0,0.0,0.0,1.6,2.0,21.0,1.6,2.0,-23.75,-39.0,-94.19,23.75,39.0,False,False,False,False,False,False,False,False,False,2026-09-11
0254,0254.HK,NUR HOLDINGS,国家联合资源,1.48,"20,000",Equity,Equity Securities (Main Board),0.219,0.218,0.223,0.212,720000,0.16,0.215,0.22,1.96,-0.59,0.46,6.83,0.0,1.2,1.2,7.65,1.2,1.2,-81.42,-81.42,-97.08,81.75,81.75,True,False,True,False,False,False,False,False,False,2026-09-11
0256,0256.HK,CITYCHAMP,冠城钟表珠宝,5.66,"2,000",Equity,Equity Securities (Main Board),0.109,0.101,0.133,0.101,9142000,1.0,0.1,0.097,9.0,12.14,6.86,14.74,11.22,0.21,1.5,2.2,0.21,1.5,-35.44,-91.13,-93.95,47.09,92.73,True,False,False,False,False,False,False,False,False,2026-09-11
0257,0257.HK,EB ENVIRONMENT,光大环境,310.53,"1,000",Equity,Equity Securities (Main Board),5.055,5.0,5.065,4.95,9777948,49.43,5.036,5.004,0.38,1.02,1.1,0.1,1.4,5.9,5.9,12.49,5.9,5.9,-14.15,-14.15,-59.45,14.32,14.32,False,False,False,True,False,False,False,False,False,2026-09-11
0258,0258.HK,TOMSON GROUP,汤臣集团,49.7,"2,000",Equity,Equity Securities (Main Board),2.2,2.15,2.24,2.15,312000,0.69,2.175,2.17,1.15,1.38,1.62,2.33,0.92,2.82,3.63,4.26,2.82,3.63,-20.57,-38.29,-47.42,21.99,39.39,False,False,False,True,False,False,False,False,False,2026-09-11
0259,0259.HK,YEEBO (INT'L H),亿都（国际控股）,26.05,"2,000",Equity,Equity Securities (Main Board),2.79,2.825,2.83,2.67,698000,1.95,2.868,2.974,-2.72,-6.19,-1.24,-4.12,-7.92,5.72,5.89,5.89,5.72,5.89,-50.52,-51.95,-51.95,51.22,52.63,False,False,False,False,False,False,False,False,False,2026-09-11
0261,0261.HK,GBA HOLDINGS,ＧＢＡ集团,0.83,"16,000",Equity,Equity Securities (Main Board),0.25,0.25,0.25,0.25,401880,0.1,0.257,0.261,-2.72,-4.21,-1.96,-3.85,-5.66,0.39,2.6,31.43,0.39,2.6,-35.9,-90.38,-99.2,35.9,90.38,False,False,False,False,False,False,False,False,False,2026-09-11
0262,0262.HK,DESON DEV INT'L,迪臣发展国际,1.2,"5,000",Equity,Equity Securities (Main Board),0.082,0.081,0.081,0.081,140000,0.01,0.08,0.08,1.99,2.37,0.0,5.13,5.13,0.12,0.12,0.36,0.12,0.12,-32.5,-32.5,-77.3,31.67,31.67,False,False,False,False,False,False,False,False,False,2026-09-11
0264,0264.HK,CN INT DEV CORP,中联发展控股,8.95,"4,000",Equity,Equity Securities (Main Board),1.885,1.835,1.895,1.825,4012000,7.56,1.897,1.891,-0.63,-0.34,2.72,0.0,0.27,2.68,3.35,3.35,2.68,3.35,-29.29,-43.43,-43.43,29.66,43.73,False,False,False,False,False,False,False,False,False,2026-09-11
0267,0267.HK,CITIC,中信股份,3994.09,"1,000",Equity,Equity Securities (Main Board),13.73,13.7,13.73,13.47,20490456,281.33,13.67,13.549,0.44,1.34,0.07,1.55,-1.29,13.95,13.95,13.95,13.95,13.95,-1.58,-1.58,-1.58,1.58,1.58,False,False,False,True,False,False,False,True,True,2026-09-11
0268,0268.HK,KINGDEE INT'L,金蝶国际,266.05,"1,000",Equity,Equity Securities (Main Board),7.57,7.45,7.62,7.315,32926756,249.26,7.894,8.226,-4.1,-7.97,0.66,-7.12,-14.9,17.07,19.0,39.5,17.07,19.0,-55.36,-59.89,-80.71,55.65,60.16,False,False,False,False,False,False,False,False,False,2026-09-11
0269,0269.HK,CRTG,中国资源交通,1.06,"5,000",Equity,Equity Securities (Main Board),0.01,0.01,0.01,0.01,4875000,0.05,0.01,0.01,0.0,0.0,0.0,0.0,0.0,0.01,0.03,0.34,0.01,0.03,-9.09,-62.96,-97.1,9.09,62.96,False,False,False,False,False,False,False,True,False,2026-09-11
0270,0270.HK,GUANGDONG INV,粤海投资,558.66,"2,000",Equity,Equity Securities (Main Board),8.545,8.65,8.73,8.53,36315169,310.31,8.839,8.826,-3.33,-3.18,-4.74,-4.15,-3.06,9.03,9.03,17.34,9.03,9.03,-3.32,-3.32,-49.65,5.37,5.37,False,False,False,False,False,False,False,True,True,2026-09-11
0272,0272.HK,SHUI ON LAND,瑞安房地产,36.93,500,Equity,Equity Securities (Main Board),0.46,0.455,0.46,0.45,2944550,1.35,0.477,0.481,-3.56,-4.27,0.0,-9.8,-8.91,0.74,0.95,2.8,0.74,0.95,-37.84,-51.58,-83.57,37.84,51.58,False,False,False,False,False,False,False,False,False,2026-09-11
0276,0276.HK,MONGOLIA ENERGY,蒙古能源,1.02,"6,000",Equity,Equity Securities (Main Board),0.54,0.535,0.54,0.535,90000,0.05,0.539,0.541,0.19,-0.09,0.93,0.0,-3.57,0.78,1.1,6.5,0.78,1.1,-30.77,-50.91,-91.69,30.77,50.91,False,False,False,False,False,False,False,False,False,2026-09-11
0279,0279.HK,ARTA TECHFIN,裕承科金,5.23,"6,000",Equity,Equity Securities (Main Board),0.375,0.37,0.375,0.365,120000,0.04,0.375,0.377,0.0,-0.66,0.0,0.0,0.0,0.7,1.74,414.0,0.7,1.74,-46.43,-78.45,-99.91,46.43,78.45,False,False,False,False,False,False,False,False,False,2026-09-11
0280,0280.HK,KING FOOK HOLD,景福集团,5.64,"2,000",Equity,Equity Securities (Main Board),0.62,0.62,0.625,0.62,194000,0.12,0.623,0.622,-0.48,-0.24,-0.8,0.0,1.64,0.66,0.66,0.7,0.66,0.66,-5.3,-5.3,-10.71,6.06,6.06,False,False,False,False,False,False,False,True,True,2026-09-11
0285,0285.HK,BYD ELECTRONIC,比亚迪电子,537.61,500,Equity,Equity Securities (Main Board),23.86,23.88,24.18,23.32,6862879,163.75,25.052,25.504,-4.76,-6.45,-1.0,-6.5,-5.17,36.6,61.55,63.1,36.6,61.55,-33.93,-60.71,-61.68,34.81,61.23,False,False,False,False,False,False,False,False,False,2026-09-11
0288,0288.HK,WH GROUP,万洲国际,829.47,500,Equity,Equity Securities (Main Board),6.465,6.635,6.705,6.465,81781696,528.72,7.05,7.224,-8.3,-10.5,-5.41,-12.93,-11.01,10.84,10.84,10.84,10.84,10.84,-38.15,-38.15,-38.15,40.36,40.36,False,False,False,False,False,False,False,False,False,2026-09-11
0289,0289.HK,WING ON CO,WING ON CO,37.76,"1,000",Equity,Equity Securities (Main Board),13.1,13.1,13.1,13.1,5000,0.07,13.122,13.093,-0.17,0.05,0.0,-0.46,0.15,15.6,15.6,30.8,15.6,15.6,-16.03,-16.03,-57.47,16.03,16.03,False,False,False,False,False,False,False,False,False,2026-09-11
0290,0290.HK,GOFINTECH QUANT,国富量子,173.1,500,Equity,Equity Securities (Main Board),1.68,1.71,1.805,1.65,71886000,120.77,1.69,1.705,-0.59,-1.47,-2.33,0.6,-4.27,10.14,10.14,10.14,10.14,10.14,-82.2,-82.2,-82.2,83.43,83.43,False,False,False,False,False,False,False,False,False,2026-09-11
0291,0291.HK,CHINA RES BEER,华润啤酒,594.98,500,Equity,Equity Securities (Main Board),18.34,18.62,18.67,18.33,10815969,198.36,18.85,18.843,-2.71,-2.67,-1.82,-5.02,-2.86,27.86,46.0,78.6,27.86,46.0,-32.99,-59.41,-76.25,34.17,60.13,False,False,False,False,False,False,False,False,False,2026-09-11
0293,0293.HK,CATHAY PAC AIR,国泰航空,844.06,"1,000",Equity,Equity Securities (Main Board),13.88,14.09,14.24,13.86,29058955,403.34,14.348,14.308,-3.26,-2.99,-2.8,-4.28,-3.74,15.22,15.22,15.22,15.22,15.22,-6.44,-6.44,-6.44,8.8,8.8,False,False,False,False,False,False,False,True,True,2026-09-11
0294,0294.HK,YANGTZEKIANG,长江制衣,2.11,"1,000",Equity,Equity Securities (Main Board),1.02,1.02,1.02,1.02,3000,0.0,0.995,0.996,2.51,2.41,2.0,4.62,1.49,1.06,1.48,3.83,1.06,1.48,-3.77,-31.08,-73.37,3.77,31.08,False,False,False,False,False,False,False,True,False,2026-09-11
0295,0295.HK,KONG SUN HOLD,江山控股,2.84,"25,000",Equity,Equity Securities (Main Board),0.019,0.018,0.02,0.018,900000,0.02,0.018,0.017,5.56,10.47,5.56,11.76,18.75,0.04,0.05,0.46,0.04,0.05,-47.37,-62.96,-95.65,50.0,64.81,False,False,False,False,False,False,False,False,False,2026-09-11
0297,0297.HK,SINOFERT,中化化肥,91.67,"2,000",Equity,Equity Securities (Main Board),1.305,1.35,1.35,1.295,18611506,24.29,1.357,1.35,-3.83,-3.3,-2.97,-6.45,-2.97,2.07,2.07,2.07,2.07,2.07,-34.78,-34.78,-34.78,36.96,36.96,False,False,False,False,False,False,False,False,False,2026-09-11
0300,0300.HK,MIDEA GROUP,美的集团,645.64,100,Equity,Equity Securities (Main Board),99.2,98.2,99.6,98.2,3868254,383.73,99.03,99.82,0.17,-0.62,-0.1,0.86,-1.59,101.7,101.7,101.7,101.7,101.7,-2.06,-2.06,-2.06,2.46,2.46,False,False,False,False,False,False,False,True,True,2026-09-11
0301,0301.HK,SANVO CHEMICALS,三和精化,32.93,"2,000",Equity,Equity Securities (Main Board),7.0,7.095,7.095,6.845,156000,1.09,7.01,7.042,-0.14,-0.6,-1.34,0.72,-0.21,7.4,7.4,7.4,7.4,7.4,-4.12,-4.12,-4.12,5.41,5.41,False,False,False,False,False,False,False,True,True,2026-09-11
0302,0302.HK,CMGE,中手游,5.86,"2,000",Equity,Equity Securities (Main Board),0.188,0.198,0.198,0.184,296000,0.06,0.193,0.195,-2.49,-3.49,0.0,-3.59,-2.59,0.44,1.63,5.09,0.44,1.63,-55.0,-87.85,-96.11,57.27,88.47,False,False,False,False,False,False,False,False,False,2026-09-11
0303,0303.HK,VTECH HOLDINGS,VTECH HOLDINGS,128.3,100,Equity,Equity Securities (Main Board),50.6,49.8,50.65,48.9,6382231,322.94,50.264,50.304,0.67,0.59,1.36,0.8,0.8,66.6,67.9,128.0,66.6,67.9,-23.95,-25.41,-60.43,24.02,25.48,False,False,False,True,False,False,False,False,False,2026-09-11
0305,0305.HK,WULING MOTORS,五菱汽车,11.21,"10,000",Equity,Equity Securities (Main Board),0.34,0.365,0.37,0.33,8600000,2.92,0.368,0.377,-7.61,-9.81,-8.11,-10.53,-10.53,0.57,0.86,4.43,0.57,0.86,-35.09,-56.98,-91.65,40.35,60.47,False,False,False,False,False,False,False,False,False,2026-09-11
0306,0306.HK,KWOON CHUNG BUS,冠忠巴士集团,12.92,"2,000",Equity,Equity Securities (Main Board),2.71,2.71,2.71,2.71,12000,0.03,2.717,2.714,-0.26,-0.13,-1.45,1.69,0.37,2.94,3.05,5.85,2.94,3.05,-7.82,-11.15,-53.68,7.82,11.15,False,False,False,False,False,False,False,True,False,2026-09-11
0308,0308.HK,CHINA TRAVEL HK,香港中旅,65.06,"2,000",Equity,Equity Securities (Main Board),1.175,1.19,1.19,1.17,3062000,3.6,1.202,1.187,-2.25,-1.05,-0.84,-3.69,-4.47,1.65,2.99,3.61,1.65,2.99,-27.88,-60.2,-67.04,28.79,60.7,False,False,False,False,False,False,False,False,False,2026-09-11
0310,0310.HK,PROSP INV HOLD,嘉进投资国际,0.68,"15,000",Equity,Investment Companies,0.11,0.108,0.11,0.108,375000,0.04,0.112,0.112,-1.43,-1.61,-1.79,-1.79,-1.79,0.28,0.4,1.26,0.28,0.4,-61.4,-72.5,-91.27,61.4,72.5,False,False,False,False,False,False,False,False,False,2026-09-11
0314,0314.HK,SIPAI HEALTH,思派健康,11.53,200,Equity,Equity Securities (Main Board),1.59,1.59,1.62,1.55,729400,1.16,1.58,1.566,0.63,1.56,0.0,0.63,1.6,3.03,8.98,44.6,3.03,8.98,-46.53,-81.96,-96.37,47.52,82.29,False,False,False,True,False,False,False,False,False,2026-09-11
0315,0315.HK,SMARTONE TELE,数码通电讯,53.12,500,Equity,Equity Securities (Main Board),4.825,4.85,4.85,4.8,369000,1.78,4.847,4.834,-0.45,-0.2,-0.52,-0.82,-0.52,5.3,5.3,13.04,5.3,5.3,-8.49,-8.49,-62.81,8.96,8.96,False,False,False,False,False,False,False,True,True,2026-09-11
0316,0316.HK,OOIL,东方海外国际,983.3,500,Equity,Equity Securities (Main Board),148.9,144.7,149.4,144.7,3019765,449.64,150.1,151.29,-0.8,-1.58,2.27,-2.74,-0.47,178.9,178.9,284.8,178.9,178.9,-16.49,-16.49,-47.54,16.77,16.77,False,False,False,False,False,False,False,False,False,2026-09-11
0317,0317.HK,COMEC,中船防务,88.93,"2,000",Equity,Equity Securities (Main Board),15.02,14.71,15.3,14.7,7740397,116.26,14.48,13.552,3.73,10.83,-0.66,7.82,12.51,18.0,18.68,18.68,18.0,18.68,-15.0,-18.09,-18.09,16.56,19.59,False,False,False,False,False,False,False,False,False,2026-09-11
0320,0320.HK,CTGL,金宝通,3.79,"2,000",Equity,Equity Securities (Main Board),0.45,0.48,0.48,0.45,268000,0.12,0.451,0.451,-0.22,-0.22,0.0,0.0,-1.1,0.53,0.69,1.72,0.53,0.69,-9.43,-30.43,-72.09,15.09,34.78,False,False,False,False,False,False,False,False,False,2026-09-11
0321,0321.HK,TEXWINCA HOLD,德永佳集团,12.85,"2,000",Equity,Equity Securities (Main Board),0.93,0.93,0.94,0.92,539099,0.5,0.936,0.961,-0.64,-3.23,-0.53,-1.59,-6.06,1.37,1.37,5.88,1.37,1.37,-31.39,-31.39,-84.01,32.12,32.12,False,False,False,False,False,False,False,False,False,2026-09-11
0322,0322.HK,TINGYI,康师傅控股,680.43,"2,000",Equity,Equity Securities (Main Board),12.07,11.85,12.18,11.85,39717670,479.39,12.246,12.408,-1.44,-2.72,0.08,-2.82,-3.82,14.14,14.24,19.5,14.14,14.24,-13.86,-14.47,-37.54,14.64,15.24,False,False,False,False,False,False,False,False,False,2026-09-11
0323,0323.HK,MAANSHAN IRON,马鞍山钢铁股份,30.5,"2,000",Equity,Equity Securities (Main Board),1.76,1.765,1.775,1.705,5750892,10.12,1.769,1.751,-0.51,0.51,-0.85,-0.56,2.03,3.07,3.07,4.8,3.07,3.07,-42.18,-42.18,-63.02,42.67,42.67,False,False,False,False,False,False,False,False,False,2026-09-11
0325,0325.HK,BLOKS,布鲁可,167.76,300,Equity,Equity Securities (Main Board),68.1,67.0,68.4,65.25,511346,34.82,70.37,72.105,-3.23,-5.55,1.64,-5.35,-11.1,80.6,198.0,198.0,80.6,198.0,-15.14,-65.45,-65.45,15.51,65.61,False,False,False,False,False,False,False,False,False,2026-09-11
0326,0326.HK,CHINA STAR ENT,中国星集团,140.88,"2,000",Equity,Equity Securities (Main Board),5.8,5.6,5.92,5.495,2618000,15.18,5.912,6.119,-1.89,-5.22,1.4,-4.45,-6.75,9.98,9.98,9.98,9.98,9.98,-40.68,-40.68,-40.68,41.88,41.88,False,False,False,False,False,False,False,False,False,2026-09-11
0327,0327.HK,PAX GLOBAL,百富环球,41.68,"1,000",Equity,Equity Securities (Main Board),3.925,3.92,3.935,3.885,2454321,9.63,3.976,4.011,-1.28,-2.14,0.13,-3.21,-2.73,5.15,7.12,11.0,5.15,7.12,-23.59,-44.73,-64.23,23.79,44.87,False,False,False,False,False,False,False,False,False,2026-09-11
0328,0328.HK,ALCO HOLDINGS,ALCO HOLDINGS,1.55,"2,000",Equity,Equity Securities (Main Board),0.54,0.525,0.54,0.5,2004000,1.08,0.58,0.543,-6.9,-0.55,2.86,-14.29,-12.2,5.22,62.42,743.98,5.22,62.42,-89.66,-99.13,-99.93,89.66,99.13,False,False,False,False,False,False,False,False,False,2026-09-11
0329,0329.HK,OCI INTL,东建国际,1.96,"4,000",Equity,Equity Securities (Main Board),0.131,0.13,0.143,0.13,84000,0.01,0.143,0.147,-8.39,-11.07,-5.07,-9.03,-13.82,0.41,1.02,4.74,0.41,1.02,-64.69,-85.98,-96.98,67.65,87.16,False,False,False,False,False,False,False,False,False,2026-09-11
0330,0330.HK,ESPRIT HOLDINGS,思捷环球,1.43,"10,000",Equity,Equity Securities (Main Board),0.505,0.5,0.51,0.5,49803,0.03,0.51,0.512,-0.98,-1.37,0.0,-0.98,-2.88,1.2,4.25,72.45,1.2,4.25,-57.5,-88.0,-99.3,57.92,88.12,False,False,False,False,False,False,False,False,False,2026-09-11
0331,0331.HK,FSE LIFESTYLE,丰盛生活服务,22.95,"1,000",Equity,Equity Securities (Main Board),5.1,5.09,5.1,5.09,43000,0.22,5.101,5.099,-0.02,0.03,-0.97,0.59,0.0,5.85,6.07,8.85,5.85,6.07,-12.82,-15.98,-42.37,12.82,15.98,False,False,False,False,False,False,False,False,False,2026-09-11
0334,0334.HK,CH DISPLAY OPT,华显光电,6.34,"8,000",Equity,Equity Securities (Main Board),0.3,0.29,0.3,0.29,234000,0.07,0.302,0.299,-0.66,0.33,0.0,-3.23,3.45,0.52,0.55,1.4,0.52,0.55,-42.31,-45.45,-78.57,42.31,45.45,False,False,False,False,False,False,False,False,False,2026-09-11
0335,0335.HK,UPBEST GROUP,美建集团,17.7,"2,000",Equity,Equity Securities (Main Board),0.66,0.665,0.665,0.66,32000,0.02,0.663,0.666,-0.45,-0.83,-0.75,-0.75,-1.49,0.71,1.09,1.56,0.71,1.09,-6.34,-38.99,-57.37,7.04,39.45,False,False,False,False,False,False,False,True,False,2026-09-11
0336,0336.HK,HUABAO INTL,华宝国际,99.39,"1,000",Equity,Equity Securities (Main Board),3.085,3.105,3.125,3.035,2037000,6.28,3.175,3.122,-2.83,-1.2,-2.99,-2.68,0.49,5.2,5.2,26.15,5.2,5.2,-39.9,-39.9,-88.05,40.67,40.67,False,False,False,False,False,False,False,False,False,2026-09-11
0337,0337.HK,GREENLAND HK,绿地香港,3.1,"1,000",Equity,Equity Securities (Main Board),0.111,0.114,0.115,0.11,3527000,0.39,0.123,0.123,-9.46,-9.9,-5.93,-13.28,-15.27,0.28,0.99,4.8,0.28,0.99,-59.65,-88.38,-97.6,61.05,88.79,False,False,False,False,False,False,False,False,False,2026-09-11
0338,0338.HK,SHANGHAI PECHEM,上海石油化工股份,37.28,"2,000",Equity,Equity Securities (Main Board),1.16,1.185,1.185,1.155,7584069,8.8,1.179,1.178,-1.61,-1.57,-1.69,-2.93,-2.93,1.82,1.82,5.8,1.82,1.82,-34.89,-34.89,-79.57,36.26,36.26,False,False,False,False,False,False,False,False,False,2026-09-11
0339,0339.HK,WEBX HOLDING,全球数字控股,2.96,"10,000",Equity,Investment Companies,0.685,0.67,0.685,0.67,380000,0.26,0.683,0.696,0.29,-1.58,1.48,-0.72,-2.84,0.99,0.99,1.05,0.99,0.99,-30.81,-30.81,-34.76,30.81,30.81,False,False,False,False,False,False,False,False,False,2026-09-11
0340,0340.HK,TONGGUAN GOLD,潼关黄金,156.69,"2,000",Equity,Equity Securities (Main Board),2.955,2.855,2.97,2.825,21229000,62.73,3.088,3.227,-4.31,-8.43,-0.51,-6.04,-16.76,4.14,4.14,4.14,4.14,4.14,-28.26,-28.26,-28.26,28.62,28.62,False,False,False,False,False,False,False,False,False,2026-09-11
0341,0341.HK,CAFE DE CORAL H,大家乐集团,30.58,"2,000",Equity,Equity Securities (Main Board),5.33,5.28,5.355,5.265,536000,2.86,5.334,5.312,-0.07,0.33,1.72,0.19,-0.56,5.91,10.6,28.15,5.91,10.6,-9.39,-49.48,-80.98,9.81,49.72,False,False,False,False,False,False,False,True,False,2026-09-11
0343,0343.HK,CULTURECOM HOLD,文化传信,1.77,"5,000",Equity,Equity Securities (Main Board),0.102,0.104,0.104,0.101,108500,0.01,0.105,0.106,-2.67,-3.41,-2.86,-3.77,-7.27,0.21,0.36,1.5,0.21,0.36,-49.51,-71.11,-93.07,50.49,71.67,False,False,False,False,False,False,False,False,False,2026-09-11
0345,0345.HK,VITASOY INT'L,VITASOY INT'L,65.12,"2,000",Equity,Equity Securities (Main Board),6.4,6.265,6.425,6.215,828337,5.3,6.407,6.449,-0.11,-0.75,1.35,-0.31,-0.93,7.36,12.88,47.25,7.36,12.88,-12.7,-50.12,-86.4,13.04,50.31,False,False,False,False,False,False,False,False,False,2026-09-11
0346,0346.HK,YANCHANG PETRO,延长石油国际,2.7,"5,000",Equity,Equity Securities (Main Board),0.245,0.245,0.245,0.245,130000,0.03,0.244,0.238,0.25,2.77,0.0,2.94,7.46,0.78,0.78,4.96,0.78,0.78,-68.59,-68.59,-95.06,68.59,68.59,False,False,False,False,False,False,False,False,False,2026-09-11
0347,0347.HK,ANGANG STEEL,鞍钢股份,16.23,"2,000",Equity,Equity Securities (Main Board),1.15,1.145,1.15,1.125,3948819,4.54,1.161,1.163,-0.95,-1.12,-0.86,-2.13,-1.29,2.19,2.62,7.27,2.19,2.62,-47.49,-56.11,-84.18,47.49,56.11,False,False,False,False,False,False,False,False,False,2026-09-11
0348,0348.HK,CHINAHEALTHWISE,中国智能健康,0.65,"10,000",Equity,Equity Securities (Main Board),0.07,0.068,0.07,0.067,450000,0.03,0.069,0.071,1.16,-0.85,1.45,0.0,0.0,0.19,0.22,2.9,0.19,0.22,-63.35,-68.18,-97.59,63.35,68.18,False,False,False,False,False,False,False,False,False,2026-09-11
0351,0351.HK,ASIA ENERGY LOG,亚洲能源物流,6.98,"10,000",Equity,Equity Securities (Main Board),0.35,0.34,0.365,0.34,1140000,0.4,0.338,0.339,3.55,3.24,9.38,2.94,2.94,0.41,0.48,3.0,0.41,0.48,-10.98,-23.96,-87.83,14.63,27.08,False,False,False,False,False,False,False,False,False,2026-09-11
0353,0353.HK,ENERGY INTINV,能源国际投资,7.93,"4,000",Equity,Equity Securities (Main Board),0.375,0.385,0.39,0.36,2072000,0.78,0.382,0.379,-1.83,-1.19,-1.32,-2.6,0.0,0.44,1.5,3.0,0.44,1.5,-12.36,-74.0,-87.0,15.73,75.0,False,False,False,False,False,False,False,False,False,2026-09-11
0354,0354.HK,CHINASOFT INT'L,中国软件国际,100.95,"2,000",Equity,Equity Securities (Main Board),3.695,3.78,3.78,3.65,19624000,72.51,3.815,3.873,-3.15,-4.58,-2.25,-3.15,-9.44,5.71,9.32,16.28,5.71,9.32,-33.8,-59.44,-76.78,35.29,60.35,False,False,False,False,False,False,False,False,False,2026-09-11
0355,0355.HK,CENTURY C INT'L,世纪城市国际,2.26,"4,000",Equity,Equity Securities (Main Board),0.073,0.075,0.075,0.072,1024605,0.07,0.074,0.076,-1.88,-3.44,-2.67,-1.35,-5.19,0.11,0.28,0.84,0.11,0.28,-31.19,-73.21,-91.07,33.03,73.93,False,False,False,False,False,False,False,False,False,2026-09-11
0356,0356.HK,DT CAPITAL,鼎立资本,0.95,"5,000",Equity,Investment Companies,0.47,0.48,0.485,0.47,251000,0.12,0.503,0.515,-6.56,-8.83,-6.0,-9.62,-9.62,1.48,1.63,2.2,1.48,1.63,-67.34,-70.34,-78.0,68.35,71.25,False,False,False,False,False,False,False,False,False,2026-09-11
0357,0357.HK,MEILAN AIRPORT,美兰空港,11.9,"1,000",Equity,Equity Securities (Main Board),5.245,5.265,5.265,5.065,47000,0.25,5.229,5.195,0.31,0.96,1.55,-0.29,1.06,10.75,12.18,60.0,10.75,12.18,-51.02,-56.77,-91.23,51.21,56.94,False,False,False,True,False,False,False,False,False,2026-09-11
0358,0358.HK,JIANGXI COPPER,江西铜业股份,485.06,"1,000",Equity,Equity Securities (Main Board),34.96,36.0,36.2,33.62,36503370,1276.16,37.548,37.256,-6.89,-6.16,-9.19,-8.96,-4.43,53.75,53.75,53.75,53.75,53.75,-32.65,-32.65,-32.65,34.96,34.96,False,False,False,False,False,False,False,False,False,2026-09-11
0360,0360.HK,NEW FOCUS AUTO,新焦点,7.23,"4,000",Equity,Equity Securities (Main Board),0.042,0.044,0.047,0.042,10184000,0.43,0.044,0.036,-3.67,18.31,-6.67,-6.67,50.0,0.06,0.34,0.96,0.06,0.34,-17.54,-86.38,-95.1,26.32,87.83,False,False,False,False,False,False,False,False,False,2026-09-11
0361,0361.HK,HANFORT DEV H,汉成发展控股,2.28,"20,000",Equity,Equity Securities (Main Board),0.039,0.039,0.04,0.039,5400000,0.21,0.039,0.039,0.0,-0.26,0.0,0.0,0.0,0.1,0.18,0.44,0.1,0.18,-60.78,-77.53,-91.01,61.76,78.09,False,False,False,False,False,False,False,False,False,2026-09-11
0363,0363.HK,SHANGHAI IND H,上海实业控股,148.4,"1,000",Equity,Equity Securities (Main Board),13.65,13.8,13.84,13.65,645416,8.81,13.842,13.756,-1.39,-0.77,-1.37,-1.94,-1.09,16.19,16.19,25.44,16.19,16.19,-14.52,-14.52,-45.59,15.69,15.69,False,False,False,False,False,False,False,False,False,2026-09-11
0365,0365.HK,SINO ICT,芯成科技,4.66,"2,000",Equity,Equity Securities (Main Board),0.32,0.33,0.33,0.305,510000,0.16,0.348,0.366,-8.05,-12.57,-4.48,-12.33,-15.79,1.59,1.59,6.6,1.59,1.59,-79.25,-79.25,-95.0,79.87,79.87,False,False,False,False,False,False,False,False,False,2026-09-11
0368,0368.HK,SUPERLAND GROUP,德合集团,35.6,"4,000",Equity,Equity Securities (Main Board),4.45,4.43,4.56,4.26,248000,1.1,4.384,4.226,1.51,5.3,1.14,2.53,7.23,6.82,6.82,6.82,6.82,6.82,-33.14,-33.14,-33.14,34.75,34.75,False,False,False,False,False,False,False,False,False,2026-09-11
0369,0369.HK,WING TAI PPT,永泰地产,26.12,"2,000",Equity,Equity Securities (Main Board),1.9,1.9,1.9,1.9,8000,0.02,1.936,1.947,-1.86,-2.41,1.06,-3.55,-5.0,2.71,3.21,6.99,2.71,3.21,-29.89,-40.81,-72.82,29.89,40.81,False,False,False,False,False,False,False,False,False,2026-09-11
0370,0370.HK,HK ROBOTICS,港仔机器人,8.5,"6,000",Equity,Equity Securities (Main Board),0.27,0.275,0.29,0.27,5292000,1.43,0.286,0.275,-5.59,-1.82,-1.82,-10.0,-5.26,1.07,1.92,1.93,1.07,1.92,-72.9,-84.9,-84.96,74.77,85.94,False,False,False,False,False,False,False,False,False,2026-09-11
0371,0371.HK,BJ ENT WATER,北控水务集团,167.28,"2,000",Equity,Equity Securities (Main Board),1.665,1.67,1.67,1.62,115478826,192.27,1.679,1.691,-0.83,-1.54,-0.3,-2.06,-4.03,2.98,2.98,6.75,2.98,2.98,-43.96,-43.96,-75.26,44.13,44.13,False,False,False,False,False,False,False,False,False,2026-09-11
0373,0373.HK,ALLIED GROUP,联合集团,74.31,"2,000",Equity,Equity Securities (Main Board),2.115,2.13,2.16,2.1,44000,0.09,2.163,2.204,-2.22,-4.02,-2.08,-3.86,-8.04,3.7,3.7,3.8,3.7,3.7,-41.62,-41.62,-43.08,42.84,42.84,False,False,False,False,False,False,False,False,False,2026-09-11
0375,0375.HK,YGM TRADING,YGM TRADING,1.59,"1,000",Equity,Equity Securities (Main Board),0.96,0.965,0.965,0.96,61000,0.06,0.953,0.958,0.73,0.16,1.05,1.59,-0.52,1.24,1.4,13.2,1.24,1.4,-22.18,-31.07,-92.69,22.58,31.43,False,False,False,False,False,False,False,False,False,2026-09-11
0376,0376.HK,YUNFENG FIN,云锋金融,90.93,"2,000",Equity,Equity Securities (Main Board),2.24,2.225,2.385,2.21,25564232,57.26,2.176,2.094,2.94,7.0,-4.07,7.95,3.94,3.84,7.36,8.2,3.84,7.36,-37.89,-67.6,-70.91,41.67,69.57,False,False,False,False,False,False,False,False,False,2026-09-11
0377,0377.HK,CHINA HUAJUN GP,中国华君,9.71,80,Equity,Equity Securities (Main Board),5.18,4.97,5.18,4.9,747000,3.87,4.63,4.544,11.88,14.0,4.02,15.37,15.11,5.63,5.63,84.0,5.63,5.63,-7.99,-7.99,-93.83,7.99,7.99,False,False,False,False,False,False,False,True,True,2026-09-11
0379,0379.HK,EG LEASING,恒嘉融资租赁,1.06,"10,000",Equity,Equity Securities (Main Board),0.063,0.064,0.066,0.061,2320000,0.15,0.069,0.069,-8.16,-8.56,-5.97,-11.27,-7.35,0.19,0.2,1.25,0.19,0.2,-65.8,-66.83,-94.72,67.36,68.34,False,False,False,False,False,False,False,False,False,2026-09-11
0380,0380.HK,CHINA PIPE,中国管业,1.72,"4,000",Equity,Equity Securities (Main Board),0.129,0.137,0.137,0.129,12000,0.0,0.133,0.133,-3.3,-3.3,-3.01,-6.52,-0.77,0.15,0.23,0.9,0.15,0.23,-11.04,-39.65,-84.78,16.23,43.17,False,False,False,False,False,False,False,False,False,2026-09-11
0381,0381.HK,AOM INT'L,权识国际,1.0,"20,000",Equity,Equity Securities (Main Board),0.075,0.079,0.08,0.075,5860000,0.44,0.079,0.079,-4.58,-5.06,-5.06,-1.32,-6.25,0.52,3.9,138.05,0.52,3.9,-84.62,-97.95,-99.94,85.58,98.08,False,False,False,False,False,False,False,False,False,2026-09-11
0382,0382.HK,EDVANTAGE GROUP,中汇集团,5.64,"2,000",Equity,Equity Securities (Main Board),0.47,0.47,0.47,0.47,208538,0.1,0.47,0.469,0.0,0.21,0.0,1.08,-1.05,1.56,2.83,10.31,1.56,2.83,-69.87,-83.39,-95.44,69.87,83.39,False,False,False,False,False,False,False,False,False,2026-09-11
0384,0384.HK,CHINA GAS HOLD,中国燃气,292.29,200,Equity,Equity Securities (Main Board),5.365,5.54,5.54,5.32,27273873,146.32,5.579,5.61,-3.84,-4.38,-3.16,-6.61,-5.21,8.37,8.85,36.7,8.37,8.85,-33.81,-37.4,-84.9,35.9,39.38,False,False,False,False,False,False,False,False,False,2026-09-11
0386,0386.HK,SINOPEC CORP,中国石油化工股份,1135.62,"2,000",Equity,Equity Securities (Main Board),4.775,4.845,4.855,4.76,92453506,441.47,4.836,4.799,-1.26,-0.51,-1.44,-2.85,-0.31,5.7,5.7,8.35,5.7,5.7,-14.82,-14.82,-41.86,16.23,16.23,False,False,False,False,False,False,False,False,False,2026-09-11
0387,0387.HK,LEEPORT(HOLD),力丰（集团）,1.52,"4,000",Equity,Equity Securities (Main Board),0.66,0.66,0.66,0.66,8000,0.01,0.688,0.727,-4.07,-9.22,-4.35,0.76,-13.73,1.0,1.1,1.9,1.0,1.1,-34.0,-40.0,-65.26,34.0,40.0,False,False,False,False,False,False,False,False,False,2026-09-11
0388,0388.HK,HKEX,香港交易所,4977.53,100,Equity,Equity Securities (Main Board),392.6,391.0,394.2,389.0,3730707,1464.68,399.2,404.34,-1.65,-2.9,-1.11,-2.34,-3.96,444.8,466.0,587.0,444.8,466.0,-11.38,-15.41,-32.84,11.74,15.75,False,False,False,False,False,False,False,False,False,2026-09-11
0389,0389.HK,TONTINE WINES,通天酒业,1.06,"2,000",Equity,Equity Securities (Main Board),0.35,0.36,0.365,0.345,43644,0.02,0.365,0.396,-4.11,-11.62,-2.78,-6.67,-10.26,0.64,1.17,2.75,0.64,1.17,-42.97,-68.8,-86.73,45.31,70.09,False,False,False,False,False,False,False,False,False,2026-09-11
0390,0390.HK,CHINA RAILWAY,中国中铁,140.11,"1,000",Equity,Equity Securities (Main Board),3.33,3.395,3.395,3.315,41011612,136.57,3.378,3.38,-1.42,-1.46,-2.35,-1.48,-1.04,5.28,5.28,8.21,5.28,5.28,-35.7,-35.7,-58.65,36.93,36.93,False,False,False,False,False,False,False,False,False,2026-09-11
0391,0391.HK,MEI AH ENTER,美亚娱乐资讯,18.66,"20,000",Equity,Equity Securities (Main Board),0.315,0.315,0.32,0.315,2000000,0.63,0.316,0.302,-0.32,4.13,0.0,0.0,0.0,0.34,0.34,0.69,0.34,0.34,-5.88,-5.88,-53.62,7.35,7.35,False,False,False,False,False,False,False,True,True,2026-09-11
0392,0392.HK,BEIJING ENT,北京控股,366.33,500,Equity,Equity Securities (Main Board),29.12,29.98,29.98,29.08,3804915,110.8,30.7,31.038,-5.15,-6.18,-2.8,-8.43,-6.25,36.56,36.88,50.5,36.56,36.88,-18.0,-18.71,-40.63,20.35,21.04,False,False,False,False,False,False,False,False,False,2026-09-11
0393,0393.HK,GLORIOUS SUN,旭日企业,19.43,"4,000",Equity,Equity Securities (Main Board),1.295,1.3,1.3,1.29,88000,0.11,1.3,1.299,-0.38,-0.31,-0.38,-0.77,-0.77,1.43,1.43,1.43,1.43,1.43,-9.09,-9.09,-9.09,9.44,9.44,False,False,False,False,False,False,False,True,True,2026-09-11
0396,0396.HK,HING LEE (HK),兴利（香港）控股,2.3,"2,000",Equity,Equity Securities (Main Board),0.285,0.275,0.285,0.25,1620000,0.46,0.289,0.331,-1.38,-14.03,3.64,-9.52,-18.57,0.75,0.75,0.76,0.75,0.75,-62.0,-62.0,-62.5,62.0,62.0,False,False,False,False,False,False,False,False,False,2026-09-11
0397,0397.HK,MINERVA GROUP,嬴集团,1.47,"10,000",Equity,Equity Securities (Main Board),0.043,0.044,0.045,0.04,4990000,0.21,0.041,0.04,5.91,8.59,2.38,13.16,13.16,0.06,0.2,0.45,0.06,0.2,-22.41,-77.27,-90.0,25.86,78.28,True,False,False,False,False,False,False,False,False,2026-09-11
0398,0398.HK,ORIENTAL WATCH,东方表行集团,16.62,"2,000",Equity,Equity Securities (Main Board),3.41,3.36,3.41,3.36,710000,2.42,3.364,3.352,1.37,1.73,0.59,2.71,1.19,3.69,4.28,5.42,3.69,4.28,-7.59,-20.33,-37.08,7.59,20.33,True,False,True,False,False,False,False,True,False,2026-09-11
0400,0400.HK,INGDAN,硬蛋创新,79.91,"1,000",Equity,Equity Securities (Main Board),4.86,4.85,4.885,4.695,4502000,21.88,4.794,4.504,1.38,7.89,0.21,0.73,12.24,5.57,5.57,13.16,5.57,5.57,-12.3,-12.3,-62.88,12.75,12.75,False,False,False,False,False,False,False,False,False,2026-09-11
0403,0403.HK,STARLITE HOLD,星光集团,1.1,"2,000",Equity,Equity Securities (Main Board),0.22,0.186,0.22,0.186,288000,0.06,0.192,0.194,14.82,13.29,22.91,15.79,16.4,0.22,0.25,0.88,0.22,0.25,0.0,-11.29,-75.0,0.0,11.29,False,False,False,True,False,False,False,True,False,2026-09-11
0406,0406.HK,YAU LEE HOLD,有利集团,2.19,"2,000",Equity,Equity Securities (Main Board),0.5,0.5,0.5,0.485,102000,0.05,0.504,0.504,-0.79,-0.89,-0.99,-0.99,-0.99,0.8,1.59,1.6,0.8,1.59,-37.5,-68.55,-68.75,37.5,68.55,False,False,False,False,False,False,False,False,False,2026-09-11
0408,0408.HK,YIP'S CHEMICAL,叶氏化工集团,14.91,"2,000",Equity,Equity Securities (Main Board),2.67,2.67,2.68,2.635,106000,0.28,2.656,2.624,0.53,1.73,-0.19,0.38,1.71,2.7,2.7,5.76,2.7,2.7,-0.74,-0.74,-53.47,1.11,1.11,False,False,False,False,False,False,False,True,True,2026-09-11
0410,0410.HK,SOHO CHINA,ＳＯＨＯ中国,16.38,500,Equity,Equity Securities (Main Board),0.315,0.32,0.32,0.315,762000,0.24,0.318,0.318,-0.94,-0.94,-1.56,-1.56,-1.56,0.55,1.04,5.22,0.55,1.04,-41.82,-69.23,-93.87,42.73,69.71,False,False,False,False,False,False,False,False,False,2026-09-11
0412,0412.HK,SDHG,山高控股,37.0,"1,000",Equity,Equity Securities (Main Board),0.615,0.62,0.625,0.585,4314000,2.65,0.628,0.634,-2.07,-3.0,-0.81,-3.91,-5.38,2.06,18.95,18.95,2.06,18.95,-69.66,-96.7,-96.7,70.15,96.75,False,False,False,False,False,False,False,False,False,2026-09-11
0413,0413.HK,SC HOLDINGS,南华集团控股,3.04,"8,000",Equity,Equity Securities (Main Board),0.023,0.023,0.023,0.022,1144000,0.03,0.023,0.023,-0.86,-0.43,-4.17,0.0,0.0,0.04,0.05,0.42,0.04,0.05,-46.51,-58.18,-94.58,46.51,58.18,False,False,False,False,False,False,False,False,False,2026-09-11
0417,0417.HK,TSE SUI LUEN,谢瑞麟,1.82,"2,000",Equity,Equity Securities (Main Board),0.73,0.7,0.73,0.7,26000,0.02,0.717,0.719,1.81,1.6,4.29,1.39,0.0,1.05,2.45,2.96,1.05,2.45,-30.48,-70.2,-75.31,30.48,70.2,False,False,False,True,False,False,False,False,False,2026-09-11
0418,0418.HK,FOUNDER HOLD,方正控股,7.21,"2,000",Equity,Equity Securities (Main Board),0.625,0.6,0.625,0.57,356000,0.22,0.613,0.6,1.96,4.17,4.17,0.81,5.93,0.85,1.28,1.28,0.85,1.28,-26.47,-51.17,-51.17,26.47,51.17,False,False,False,True,False,False,False,False,False,2026-09-11
0419,0419.HK,HONY MEDIA,弘毅文化集团,8.61,"10,000",Equity,Equity Securities (Main Board),0.49,0.495,0.505,0.49,2930000,1.44,0.508,0.53,-3.54,-7.46,-1.01,-2.97,-11.71,0.83,1.31,7.3,0.83,1.31,-39.16,-61.45,-93.08,40.96,62.6,False,False,False,False,False,False,False,False,False,2026-09-11
0420,0420.HK,FOUNTAIN SET,福田实业,8.02,"2,000",Equity,Equity Securities (Main Board),0.655,0.655,0.66,0.64,2714000,1.78,0.66,0.662,-0.76,-1.06,-1.5,-1.5,-1.5,0.76,0.83,1.48,0.76,0.83,-13.73,-20.48,-55.41,14.38,21.08,False,False,False,False,False,False,False,False,False,2026-09-11
0423,0423.HK,HKET HOLDINGS,经济日报集团,2.81,"2,000",Equity,Equity Securities (Main Board),0.65,0.65,0.67,0.65,534000,0.35,0.648,0.643,0.31,1.01,1.56,0.0,0.78,0.82,1.07,1.75,0.82,1.07,-18.29,-37.38,-61.71,20.73,39.25,False,False,False,False,False,False,False,False,False,2026-09-11
0425,0425.HK,MINTH GROUP,敏实集团,279.99,100,Equity,Equity Securities (Main Board),23.9,23.6,24.2,23.34,4488397,107.27,24.624,24.94,-2.94,-4.17,0.42,-4.55,-3.86,46.76,46.76,49.5,46.76,46.76,-48.25,-48.25,-51.11,48.89,48.89,False,False,False,False,False,False,False,False,False,2026-09-11
0426,0426.HK,ONE MEDIA GROUP,万华媒体,0.57,"2,000",Equity,Equity Securities (Main Board),0.142,0.135,0.142,0.135,124000,0.02,0.132,0.124,7.74,14.89,8.4,8.4,6.77,0.26,0.26,1.74,0.26,0.26,-46.42,-46.42,-91.84,46.42,46.42,False,False,False,False,False,False,False,False,False,2026-09-11
0428,0428.HK,COCOON HOLDINGS,中国天弓控股,0.31,"4,000",Equity,Investment Companies,0.198,0.199,0.199,0.198,200000,0.04,0.193,0.191,2.59,3.45,-0.5,5.32,3.12,0.4,2.7,18.44,0.4,2.7,-50.25,-92.63,-98.92,50.5,92.67,False,False,False,False,False,False,False,False,False,2026-09-11
0432,0432.HK,PCPD,盈大地产,4.34,"1,000",Equity,Equity Securities (Main Board),0.213,0.215,0.22,0.207,73791,0.02,0.212,0.211,0.57,0.76,-0.93,1.91,-0.93,0.38,0.38,4.02,0.38,0.38,-41.33,-41.33,-94.53,43.2,43.2,False,False,False,True,False,False,False,False,False,2026-09-11
0433,0433.HK,NORTH MINING,北方矿业,6.75,"10,000",Equity,Equity Securities (Main Board),0.045,0.048,0.048,0.044,14690000,0.66,0.047,0.049,-5.06,-8.91,-6.25,-6.25,-6.25,0.11,0.26,3.78,0.11,0.26,-56.36,-81.54,-98.73,59.09,82.69,False,False,False,False,False,False,False,False,False,2026-09-11
0434,0434.HK,BOYAA,博雅互动,22.5,"1,000",Equity,Equity Securities (Main Board),2.97,2.91,3.045,2.87,2281772,6.78,2.996,2.953,-0.87,0.59,1.37,-0.17,-5.11,4.13,9.36,9.36,4.13,9.36,-26.27,-67.47,-67.47,28.09,68.27,False,False,False,False,False,False,False,False,False,2026-09-11
0439,0439.HK,GENESIS SCALE,瀚源控股,3.26,"2,000",Equity,Equity Securities (Main Board),0.53,0.525,0.53,0.49,730000,0.39,0.557,0.593,-4.85,-10.62,-4.5,-6.19,-11.67,1.21,2.33,36.4,1.21,2.33,-56.2,-77.25,-98.54,56.2,77.25,False,False,False,False,False,False,False,False,False,2026-09-11
0440,0440.HK,DAH SING,大新金融,142.79,400,Equity,Equity Securities (Main Board),44.68,44.3,44.82,44.2,147713,6.6,45.764,46.004,-2.37,-2.88,-0.04,-4.08,-5.74,51.2,51.2,66.0,51.2,51.2,-12.46,-12.46,-32.09,12.73,12.73,False,False,False,False,False,False,False,False,False,2026-09-11
0450,0450.HK,HUNG HING PRINT,鸿兴印刷集团,6.26,"2,000",Equity,Equity Securities (Main Board),0.69,0.685,0.69,0.68,52000,0.04,0.688,0.686,0.29,0.66,0.73,0.0,0.73,0.97,1.23,2.43,0.97,1.23,-28.87,-43.9,-71.6,28.87,43.9,False,False,False,True,False,False,False,False,False,2026-09-11
0451,0451.HK,DYNASTY DIGITAL,时代数字,9.66,"2,000",Equity,Equity Securities (Main Board),0.545,0.535,0.575,0.535,1941741,1.06,0.545,0.541,0.0,0.83,-2.68,0.93,-1.8,1.8,1.8,15.6,1.8,1.8,-68.06,-68.06,-96.31,69.72,69.72,False,False,True,False,False,False,False,False,False,2026-09-11
0455,0455.HK,TIANDA PHARMA,天大药业,2.21,"2,000",Equity,Equity Securities (Main Board),0.103,0.1,0.1,0.1,22000,0.0,0.102,0.104,0.78,-0.77,3.0,0.0,0.98,0.14,0.28,0.55,0.14,0.28,-28.06,-64.29,-81.82,25.9,63.21,False,False,False,False,False,False,False,False,False,2026-09-11
0456,0456.HK,NEW CITY DEV,新城市建设发展,1.18,"2,000",Equity,Equity Securities (Main Board),0.55,0.485,0.56,0.48,188000,0.1,0.464,0.474,18.53,16.16,23.6,25.0,25.0,0.8,1.74,62.0,0.8,1.74,-30.0,-67.82,-99.1,31.25,68.39,False,False,False,False,False,False,False,False,False,2026-09-11
0460,0460.HK,SIHUAN PHARM,四环医药,65.64,"1,000",Equity,Equity Securities (Main Board),0.72,0.73,0.73,0.71,18985000,13.67,0.765,0.764,-5.88,-5.7,-2.7,-9.43,-8.28,1.79,1.92,3.95,1.79,1.92,-59.22,-61.98,-81.52,59.78,62.5,False,False,False,False,False,False,False,False,False,2026-09-11
0464,0464.HK,CHINA IN-TECH,中国智能科技,5.37,"4,000",Equity,Equity Securities (Main Board),0.71,0.71,0.71,0.685,48000,0.03,0.72,0.706,-1.39,0.5,-0.7,-2.07,-3.4,9.0,9.0,9.0,9.0,9.0,-92.11,-92.11,-92.11,92.11,92.11,False,False,False,False,False,False,False,False,False,2026-09-11
0465,0465.HK,FUTONG TECH,富通科技,12.43,"2,000",Equity,Equity Securities (Main Board),3.945,4.01,4.01,4.01,2000,0.01,3.894,3.847,1.31,2.56,1.28,1.15,3.41,6.77,6.77,6.77,6.77,6.77,-40.77,-40.77,-40.77,41.73,41.73,False,False,False,False,False,False,False,False,False,2026-09-11
0467,0467.HK,UNITEDENERGY GP,联合能源集团,104.69,"2,000",Equity,Equity Securities (Main Board),0.405,0.43,0.435,0.405,67540552,27.35,0.421,0.416,-3.8,-2.64,-3.57,-6.9,-4.71,1.1,1.28,1.8,1.1,1.28,-60.45,-66.02,-75.83,63.18,68.36,False,False,False,False,False,False,False,False,False,2026-09-11
0470,0470.HK,WUXI LEAD,先导智能,28.47,100,Equity,Equity Securities (Main Board),26.48,26.28,26.58,25.56,1172500,31.05,27.412,28.442,-3.4,-6.9,-0.45,-4.27,-7.09,61.85,61.85,61.85,61.85,61.85,-57.03,-57.03,-57.03,57.19,57.19,False,False,False,False,False,False,False,False,False,2026-09-11
0471,0471.HK,SILKWAVE INC,中播数据,0.59,"4,000",Equity,Equity Securities (Main Board),0.122,0.121,0.122,0.121,228000,0.03,0.121,0.121,0.83,0.91,0.83,5.17,-0.81,1.03,9.1,276.0,1.03,9.1,-88.16,-98.66,-99.96,88.16,98.66,False,False,False,False,False,False,False,False,False,2026-09-11
0472,0472.HK,NEW SILKROAD,新丝路控股集团,8.43,"10,000",Equity,Equity Securities (Main Board),0.219,0.205,0.22,0.201,150000,0.03,0.219,0.225,0.09,-2.49,-2.67,4.29,-4.78,0.45,0.5,1.88,0.45,0.5,-51.11,-56.0,-88.3,51.33,56.2,False,False,True,False,False,False,False,False,False,2026-09-11
0474,0474.HK,ACESO LIFE SCI,信铭生命科技,13.29,"6,000",Equity,Equity Securities (Main Board),0.15,0.146,0.15,0.145,264000,0.04,0.151,0.152,-0.92,-1.19,-1.32,-1.32,-0.66,0.16,0.21,0.48,0.16,0.21,-7.98,-28.57,-68.75,7.98,28.57,False,False,False,False,False,False,False,True,False,2026-09-11
0475,0475.HK,CENTRAL DEV H,中发展控股,1.6,"2,000",Equity,Equity Securities (Main Board),0.32,0.32,0.32,0.32,6000,0.0,0.297,0.284,7.74,12.48,0.0,20.75,14.29,0.7,0.79,1.85,0.7,0.79,-54.29,-59.49,-82.7,54.29,59.49,False,False,False,False,False,False,False,False,False,2026-09-11
0476,0476.HK,EV DYNAMICS,科轩动力控股,2.28,"10,000",Equity,Equity Securities (Main Board),0.64,0.68,0.68,0.64,284200,0.18,0.68,0.671,-5.88,-4.62,-5.88,-5.88,-5.88,1.0,1.44,17.0,1.0,1.44,-32.0,-52.78,-96.0,36.0,55.56,False,False,False,False,False,False,False,False,False,2026-09-11
0480,0480.HK,HKR INT'L,香港兴业国际,14.85,800,Equity,Equity Securities (Main Board),1.0,0.985,1.01,0.985,168800,0.17,0.997,1.004,0.3,-0.45,1.52,0.0,0.0,1.27,1.69,5.09,1.27,1.69,-20.47,-40.24,-80.16,21.26,40.83,False,False,False,False,False,False,False,False,False,2026-09-11
0484,0484.HK,FORGAME,云游控股,1.2,"3,000",Equity,Equity Securities (Main Board),0.7,0.7,0.7,0.7,19000,0.01,0.703,0.714,-0.43,-1.89,2.19,-2.78,-0.71,1.19,1.29,17.8,1.19,1.29,-41.18,-45.74,-96.07,41.18,45.74,False,False,False,False,False,False,False,False,False,2026-09-11
0486,0486.HK,RUSAL,俄铝,452.75,"1,000",Equity,Equity Securities (Main Board),2.98,2.96,3.005,2.915,351000,1.05,3.003,2.953,-0.77,0.93,0.17,0.34,0.85,7.0,7.0,9.2,7.0,7.0,-57.07,-57.07,-67.34,57.43,57.43,False,False,False,False,False,False,False,False,False,2026-09-11
0487,0487.HK,SUCCESSUNIVERSE,实德环球,2.07,"4,000",Equity,Equity Securities (Main Board),0.042,0.039,0.042,0.039,2360000,0.1,0.04,0.04,5.0,5.79,7.69,5.0,5.0,0.06,0.18,0.4,0.06,0.18,-35.38,-77.17,-89.5,35.38,77.17,False,False,False,True,False,False,False,False,False,2026-09-11
0488,0488.HK,LAI SUN DEV,丽新发展,10.17,300,Equity,Equity Securities (Main Board),0.7,0.67,0.7,0.66,9733,0.01,0.722,0.699,-3.05,0.14,-4.11,-6.04,0.0,1.08,1.26,13.26,1.08,1.26,-35.19,-44.44,-94.72,35.19,44.44,False,False,False,False,False,False,False,False,False,2026-09-11
0491,0491.HK,EMPEROR CULTURE,英皇文化产业,1.09,"20,000",Equity,Equity Securities (Main Board),0.034,0.028,0.038,0.028,54246006,1.84,0.027,0.026,25.0,29.28,30.77,36.0,36.0,0.04,0.1,0.37,0.04,0.1,2.7,-61.22,-89.73,10.53,65.31,False,False,False,False,True,False,False,False,False,2026-09-11
0493,0493.HK,GOME RETAIL,国美零售,7.64,"1,000",Equity,Equity Securities (Main Board),0.01,0.01,0.01,0.01,2377000,0.02,0.01,0.01,0.0,0.0,0.0,0.0,0.0,0.02,0.08,2.55,0.02,0.08,-50.0,-88.1,-99.61,50.0,88.1,False,False,False,False,False,False,False,False,False,2026-09-11
0497,0497.HK,CSI PROPERTIES,资本策略地产,21.02,"20,000",Equity,Equity Securities (Main Board),0.163,0.165,0.167,0.163,317000,0.05,0.162,0.164,0.74,-0.49,5.84,1.88,-1.21,0.23,0.26,1.14,0.23,0.26,-28.63,-35.77,-85.35,30.34,37.31,False,False,False,False,False,False,False,False,False,2026-09-11
0500,0500.HK,FRONTIER SER,先丰服务集团,1.63,"1,000",Equity,Equity Securities (Main Board),0.068,0.064,0.068,0.063,118000,0.01,0.068,0.068,0.0,0.15,6.25,1.49,-4.23,0.09,0.43,2.1,0.09,0.43,-24.44,-84.19,-96.76,24.44,84.19,False,False,False,True,False,False,False,False,False,2026-09-11
0505,0505.HK,XINGYE ALLOY,兴业合金,8.68,"1,000",Equity,Equity Securities (Main Board),0.965,1.05,1.05,0.95,26000,0.03,1.02,1.003,-5.39,-3.84,-8.53,-7.21,-3.02,1.06,1.17,1.39,1.06,1.17,-0.94,-10.26,-24.46,8.96,17.52,False,False,False,False,False,False,False,True,False,2026-09-11
0506,0506.HK,CHINA FOODS,中国食品,105.18,"2,000",Equity,Equity Securities (Main Board),3.76,3.83,3.845,3.745,3734919,14.04,3.901,3.913,-3.61,-3.91,-2.46,-4.33,-6.7,4.53,5.2,5.42,4.53,5.2,-15.12,-26.06,-29.06,17.0,27.69,False,False,False,False,False,False,False,False,False,2026-09-11
0508,0508.HK,DINGYI GP INV,鼎亿集团投资,2.68,"5,000",Equity,Equity Securities (Main Board),0.31,0.29,0.31,0.27,975000,0.3,0.31,0.31,0.0,0.0,0.0,0.0,0.0,0.8,0.83,15.0,0.8,0.83,-61.25,-62.65,-97.93,61.25,62.65,False,False,False,False,False,False,False,False,False,2026-09-11
0510,0510.HK,CASH FIN SER GP,时富金融服务集团,1.94,"6,000",Equity,Equity Securities (Main Board),0.45,0.445,0.445,0.445,30550,0.01,0.463,0.477,-2.81,-5.56,-2.17,-7.22,-5.26,0.74,1.64,10.2,0.74,1.64,-39.86,-72.87,-95.64,39.19,72.56,False,False,False,False,False,False,False,False,False,2026-09-11
0511,0511.HK,TVB,无线集团,10.39,100,Equity,Equity Securities (Main Board),2.225,2.23,2.25,2.195,309400,0.69,2.263,2.252,-1.68,-1.2,-0.45,-3.89,-1.98,3.33,4.62,35.2,3.33,4.62,-32.43,-51.3,-93.61,33.18,51.84,False,False,False,False,False,False,False,False,False,2026-09-11
0512,0512.HK,GRAND PHARMA,远大医药,168.07,500,Equity,Equity Securities (Main Board),4.735,4.8,4.815,4.7,7096587,33.6,4.881,4.91,-2.99,-3.56,-2.07,-4.34,-3.56,8.18,10.2,10.2,8.18,10.2,-41.14,-52.79,-52.79,42.11,53.58,False,False,False,False,False,False,False,False,False,2026-09-11
0517,0517.HK,COSCO SHIP INTL,中远海运国际,91.84,"2,000",Equity,Equity Securities (Main Board),6.265,6.25,6.275,6.18,2623424,16.44,6.601,6.668,-5.09,-6.05,-0.95,-8.27,-7.8,7.92,7.92,7.92,7.92,7.92,-20.77,-20.77,-20.77,20.9,20.9,False,False,False,False,False,False,False,False,False,2026-09-11
0519,0519.HK,NOVAUTEK,诺科达科技,4.25,"5,000",Equity,Equity Securities (Main Board),0.139,0.141,0.141,0.129,1525000,0.21,0.14,0.144,-1.0,-3.14,0.0,-0.71,-5.44,0.23,0.55,1.01,0.23,0.55,-40.0,-74.36,-86.04,40.85,74.73,False,False,False,False,False,False,False,False,False,2026-09-11
0520,0520.HK,XIABUXIABU,呷哺呷哺,2.57,500,Equity,Equity Securities (Main Board),0.237,0.24,0.249,0.236,375000,0.09,0.248,0.255,-4.36,-7.2,-2.07,-7.06,-8.85,0.82,3.53,26.95,0.82,3.53,-69.63,-92.95,-99.08,71.1,93.29,False,False,False,False,False,False,False,False,False,2026-09-11
0521,0521.HK,CWT INT'L,CWT INT'L,21.66,"10,000",Equity,Equity Securities (Main Board),0.19,0.182,0.19,0.181,820000,0.16,0.19,0.189,-0.11,0.69,2.7,-3.06,3.26,0.37,0.37,0.52,0.37,0.37,-47.95,-47.95,-63.46,47.95,47.95,False,False,False,False,False,False,False,False,False,2026-09-11
0522,0522.HK,ASMPT,ASMPT,678.6,100,Equity,Equity Securities (Main Board),161.8,162.0,164.0,158.4,1182149,191.27,164.98,162.66,-1.93,-0.53,-1.94,0.25,2.02,244.4,244.4,244.4,244.4,244.4,-32.9,-32.9,-32.9,33.8,33.8,False,False,False,False,False,False,False,False,False,2026-09-11
0524,0524.HK,GW TERROIR,长城天下,4.73,"10,000",Equity,Equity Securities (Main Board),2.0,2.15,2.18,2.0,130000,0.26,2.08,2.024,-3.85,-1.19,-4.76,-5.66,7.82,3.25,3.25,7.44,3.25,3.25,-32.92,-32.92,-70.7,38.46,38.46,False,False,False,False,False,False,False,False,False,2026-09-11
0525,0525.HK,GUANGSHEN RAIL,广深铁路股份,34.14,"2,000",Equity,Equity Securities (Main Board),2.385,2.445,2.445,2.36,3586094,8.55,2.415,2.424,-1.24,-1.63,-1.65,-1.65,-2.45,2.6,2.64,5.89,2.6,2.64,-5.96,-7.39,-58.49,8.27,9.66,False,False,False,False,False,False,False,True,True,2026-09-11
0526,0526.HK,LISI GP HOLD,利时集团控股,9.11,"2,000",Equity,Equity Securities (Main Board),0.103,0.1,0.106,0.099,1934000,0.2,0.107,0.112,-3.92,-7.62,4.04,-5.5,-10.43,0.17,0.28,1.69,0.17,0.28,-36.53,-62.14,-93.73,38.32,63.21,False,False,False,False,False,False,False,False,False,2026-09-11
0527,0527.HK,RF GREEN EN AI,瑞风绿能智算,20.21,"12,000",Equity,Equity Securities (Main Board),0.83,0.82,0.83,0.82,1266400,1.05,0.82,0.802,1.22,3.49,0.0,3.11,1.84,0.95,0.95,3.19,0.95,0.95,-12.63,-12.63,-73.96,12.63,12.63,False,False,False,False,False,False,False,False,False,2026-09-11
0532,0532.HK,WKK INTL (HOLD),WKK INTL (HOLD),2.41,"2,000",Equity,Equity Securities (Main Board),0.33,0.32,0.33,0.31,128000,0.04,0.341,0.319,-3.23,3.45,3.13,-10.81,10.0,1.12,1.12,1.59,1.12,1.12,-70.54,-70.54,-79.25,70.54,70.54,False,False,False,False,False,False,False,False,False,2026-09-11
0535,0535.HK,GEMDALE PPT,金地商置,16.61,"2,000",Equity,Equity Securities (Main Board),0.1,0.105,0.105,0.098,596000,0.06,0.1,0.1,0.0,0.4,0.0,1.01,-0.99,0.19,0.5,1.56,0.19,0.5,-45.6,-78.79,-93.27,48.19,79.8,False,False,False,False,False,False,False,False,False,2026-09-11
0536,0536.HK,TRADELINK,贸易通,9.23,"2,000",Equity,Equity Securities (Main Board),1.16,1.16,1.165,1.16,326000,0.38,1.159,1.163,0.09,-0.26,-0.43,0.43,-0.43,1.21,1.21,1.66,1.21,1.21,-3.72,-3.72,-29.82,4.13,4.13,False,False,False,False,False,False,False,True,True,2026-09-11
0537,0537.HK,RIGOL,普源精电,5.26,100,Equity,Equity Securities (Main Board),21.2,22.0,22.16,21.2,342200,7.25,21.988,22.318,-3.58,-5.01,-4.42,-3.55,-3.9,38.0,38.0,38.0,38.0,38.0,-41.68,-41.68,-41.68,44.21,44.21,False,False,False,False,False,False,False,False,False,2026-09-11
0538,0538.HK,AJISEN (CHINA),味千（中国）,8.68,"1,000",Equity,Equity Securities (Main Board),0.795,0.8,0.8,0.79,46000,0.04,0.798,0.793,-0.38,0.32,-0.62,-0.62,1.27,1.03,1.17,4.27,1.03,1.17,-22.33,-31.62,-81.26,22.82,32.05,False,False,False,False,False,False,False,False,False,2026-09-11
0542,0542.HK,CN CULTURAL T&A,中国文旅农业,13.7,"4,000",Equity,Equity Securities (Main Board),0.895,0.92,0.92,0.85,164000,0.15,0.856,0.83,4.56,7.9,4.07,4.07,11.18,1.89,1.89,2.17,1.89,1.89,-51.32,-51.32,-57.7,52.65,52.65,False,False,False,False,False,False,False,False,False,2026-09-11
0544,0544.HK,DAIDO GROUP,大同集团,1.11,"5,000",Equity,Equity Securities (Main Board),0.895,0.895,0.895,0.89,15000,0.01,0.898,0.912,-0.33,-1.86,0.0,-0.56,-0.56,2.47,3.3,13.9,2.47,3.3,-63.77,-72.88,-93.56,63.77,72.88,False,False,False,False,False,False,False,False,False,2026-09-11
0546,0546.HK,FUFENG GROUP,阜丰集团,115.09,"1,000",Equity,Equity Securities (Main Board),4.59,4.75,4.75,4.59,8004000,36.74,4.716,4.682,-2.67,-1.95,-2.34,-4.38,-1.29,9.49,10.14,10.14,9.49,10.14,-49.95,-53.16,-53.16,51.63,54.73,False,False,False,False,False,False,False,False,False,2026-09-11
0547,0547.HK,DIGITAL DOMAIN,数字王国,16.76,"5,000",Equity,Equity Securities (Main Board),0.21,0.214,0.214,0.21,180000,0.04,0.217,0.22,-3.14,-4.76,-1.41,-3.67,-6.67,0.46,0.54,6.8,0.46,0.54,-52.97,-60.37,-96.85,53.85,61.11,False,False,False,False,False,False,False,False,False,2026-09-11
0548,0548.HK,SHENZHENEXPRESS,深圳高速公路股份,50.08,"2,000",Equity,Equity Securities (Main Board),6.7,6.795,6.795,6.625,422000,2.83,6.765,6.706,-0.96,-0.09,-1.47,-1.11,0.0,8.12,8.12,11.76,8.12,8.12,-16.32,-16.32,-42.22,17.49,17.49,False,False,False,False,False,False,False,False,False,2026-09-11
0550,0550.HK,ALLEGRO CULTURE,律齐文化,4.26,"2,000",Equity,Equity Securities (Main Board),0.935,0.915,0.95,0.88,126000,0.12,0.933,0.962,0.21,-2.76,2.19,0.54,-2.6,1.75,1.75,5.02,1.75,1.75,-45.71,-45.71,-81.08,46.57,46.57,False,False,False,False,False,False,False,False,False,2026-09-11
0551,0551.HK,YUE YUEN IND,裕元集团,211.8,500,Equity,Equity Securities (Main Board),13.2,13.19,13.34,12.9,3137063,41.41,13.482,13.458,-2.09,-1.92,0.84,-3.93,-2.73,19.1,19.1,38.4,19.1,19.1,-30.16,-30.16,-65.26,30.89,30.89,False,False,False,False,False,False,False,False,False,2026-09-11
0552,0552.HK,CHINACOMSERVICE,中国通信服务,93.27,"2,000",Equity,Equity Securities (Main Board),3.9,4.07,4.07,3.9,29270152,114.15,4.005,3.959,-2.62,-1.49,-3.11,-4.06,-1.76,4.85,6.15,8.5,4.85,6.15,-16.08,-33.82,-52.12,19.59,36.59,False,False,False,False,False,False,False,False,False,2026-09-11
0553,0553.HK,NANJING PANDA,南京熊猫电子股份,7.61,"2,000",Equity,Equity Securities (Main Board),3.145,3.145,3.155,3.085,2124000,6.68,3.217,3.256,-2.24,-3.41,-0.47,-3.68,-4.12,7.22,7.22,9.15,7.22,7.22,-56.3,-56.3,-65.52,56.44,56.44,False,False,False,False,False,False,False,False,False,2026-09-11
0556,0556.HK,PAN ASIA ENVIRO,泛亚环保,3.92,"2,000",Equity,Equity Securities (Main Board),0.39,0.4,0.4,0.39,138000,0.05,0.41,0.419,-4.88,-6.81,-2.5,-8.24,-10.34,0.99,0.99,2.16,0.99,0.99,-59.6,-59.6,-81.48,60.61,60.61,False,False,False,False,False,False,False,False,False,2026-09-11
0558,0558.HK,LK TECH,力劲科技,17.87,"2,500",Equity,Equity Securities (Main Board),1.31,1.35,1.35,1.295,380000,0.5,1.346,1.338,-2.67,-2.09,-1.87,-3.32,-1.5,3.81,8.54,26.18,3.81,8.54,-64.57,-84.19,-94.84,65.62,84.66,False,False,False,False,False,False,False,False,False,2026-09-11
0560,0560.HK,CHU KONG SHIP,珠江船务,6.73,"2,000",Equity,Equity Securities (Main Board),0.6,0.595,0.6,0.595,72000,0.04,0.598,0.601,0.33,-0.08,0.0,0.84,0.0,0.78,0.87,2.5,0.78,0.87,-23.08,-31.03,-76.0,23.08,31.03,False,False,True,False,False,False,False,False,False,2026-09-11
0563,0563.HK,SH IND URBAN,上实城市开发,11.43,"2,000",Equity,Equity Securities (Main Board),0.239,0.24,0.245,0.228,2222000,0.53,0.231,0.23,3.37,4.05,3.91,3.91,7.17,0.34,0.53,2.28,0.34,0.53,-26.87,-53.77,-89.25,28.66,54.91,False,False,False,True,False,False,False,False,False,2026-09-11
0564,0564.HK,ZCZL,中创智领,30.11,200,Equity,Equity Securities (Main Board),12.38,12.5,12.5,12.08,2278415,28.21,12.646,12.545,-2.1,-1.32,-2.37,-4.25,0.0,23.88,26.0,26.0,23.88,26.0,-47.65,-51.92,-51.92,48.16,52.38,False,False,False,False,False,False,False,False,False,2026-09-11
0565,0565.HK,ART GROUP HOLD,锦艺集团控股,118.17,"5,000",Equity,Equity Securities (Main Board),4.395,4.33,4.395,4.26,8860000,38.94,4.288,3.823,2.5,14.95,0.8,4.64,15.96,4.45,4.45,4.45,4.45,4.45,-1.12,-1.12,-1.12,1.12,1.12,False,False,False,False,False,False,False,True,True,2026-09-11
0567,0567.HK,JSMART TECH,金安智能,4.76,"20,000",Equity,Equity Securities (Main Board),0.295,0.295,0.295,0.295,20000,0.01,0.294,0.287,0.34,2.79,0.0,0.0,5.36,0.56,0.56,0.62,0.56,0.56,-47.32,-47.32,-52.65,47.32,47.32,False,False,False,False,False,False,False,False,False,2026-09-11
0568,0568.HK,SHANDONG MOLONG,山东墨龙,13.41,400,Equity,Equity Securities (Main Board),4.76,5.28,5.28,4.735,66442800,316.27,4.922,4.839,-3.29,-1.64,-2.26,-7.3,0.32,16.33,16.33,16.33,16.33,16.33,-67.67,-67.67,-67.67,70.85,70.85,False,False,False,False,False,False,False,False,False,2026-09-11
0570,0570.HK,TRAD CHI MED,中国中药,63.95,"2,000",Equity,Equity Securities (Main Board),1.27,1.29,1.295,1.255,11924000,15.14,1.309,1.329,-2.98,-4.4,-1.93,-4.87,-5.58,2.24,4.46,7.57,2.24,4.46,-42.19,-70.96,-82.89,43.3,71.52,False,False,False,False,False,False,False,False,False,2026-09-11
0573,0573.HK,TAO HEUNG HLDGS,稻香控股,2.74,"1,000",Equity,Equity Securities (Main Board),0.27,0.27,0.27,0.27,130000,0.04,0.268,0.265,0.75,1.89,1.89,3.85,3.85,0.4,0.87,2.54,0.4,0.87,-32.5,-68.97,-89.37,32.5,68.97,False,False,False,False,False,False,False,False,False,2026-09-11
0575,0575.HK,REGENT PACIFIC,励晶太平洋,2.44,"10,000",Equity,Equity Securities (Main Board),0.835,0.795,0.835,0.795,48692,0.04,0.83,0.839,0.6,-0.48,-1.18,2.45,-1.76,1.22,1.24,15.8,1.22,1.24,-31.56,-32.66,-94.72,31.56,32.66,False,False,True,False,False,False,False,False,False,2026-09-11
0576,0576.HK,ZHEJIANGEXPRESS,浙江沪杭甬,120.59,"2,000",Equity,Equity Securities (Main Board),5.96,6.105,6.105,5.96,45668135,272.18,6.09,6.136,-2.13,-2.86,-2.45,-3.09,-3.09,8.16,8.16,9.75,8.16,8.16,-25.18,-25.18,-37.36,26.96,26.96,False,False,False,False,False,False,False,False,False,2026-09-11
0579,0579.HK,JNCEC,京能清洁能源,45.56,"2,000",Equity,Equity Securities (Main Board),1.61,1.635,1.635,1.61,8348000,13.44,1.643,1.642,-2.01,-1.95,-1.83,-3.3,-1.53,2.53,2.62,2.93,2.53,2.62,-35.38,-37.6,-44.2,36.36,38.55,False,False,False,False,False,False,False,False,False,2026-09-11
0580,0580.HK,SUN.KING TECH,赛晶科技,19.38,"2,000",Equity,Equity Securities (Main Board),1.21,1.24,1.275,1.195,3816000,4.62,1.249,1.27,-3.12,-4.76,-3.2,-2.81,-4.72,3.12,3.12,5.6,3.12,3.12,-59.13,-59.13,-77.23,61.22,61.22,False,False,False,False,False,False,False,False,False,2026-09-11
0581,0581.HK,CHINA ORIENTAL,中国东方集团,40.76,"2,000",Equity,Equity Securities (Main Board),1.095,1.095,1.13,1.085,1134000,1.24,1.11,1.111,-1.35,-1.44,0.0,-3.1,-0.45,1.63,2.17,7.15,1.63,2.17,-30.67,-47.93,-84.2,32.82,49.54,False,False,False,False,False,False,False,False,False,2026-09-11
0583,0583.HK,GWPA HOLDINGS,长城环亚控股,2.74,"2,000",Equity,Equity Securities (Main Board),0.175,0.175,0.175,0.175,10000,0.0,0.179,0.185,-2.34,-5.2,-2.78,-2.78,-7.89,0.25,0.35,2.5,0.25,0.35,-29.72,-50.7,-93.0,29.72,50.7,False,False,False,False,False,False,False,False,False,2026-09-11
0585,0585.HK,IMAGI INT'L-500,意力国际（五百）,35.27,500,Equity,Equity Securities (Main Board),4.25,4.495,4.625,4.2,130300,0.55,4.509,4.711,-5.74,-9.78,-6.39,-7.91,-7.0,8.44,8.44,8.44,8.44,8.44,-45.2,-45.2,-45.2,49.64,49.64,False,False,False,False,False,False,False,False,False,2026-09-11
0586,0586.HK,CONCH VENTURE,海螺创业,136.46,500,Equity,Equity Securities (Main Board),7.615,7.655,7.655,7.475,4648697,35.4,7.755,7.78,-1.81,-2.12,-0.59,-2.75,-2.56,14.2,14.2,35.0,14.2,14.2,-46.09,-46.09,-78.13,46.37,46.37,False,False,False,False,False,False,False,False,False,2026-09-11
0587,0587.HK,CONCH ENVIRO,海螺环保,5.11,500,Equity,Equity Securities (Main Board),0.28,0.28,0.285,0.28,62500,0.02,0.281,0.278,-0.36,0.9,0.0,-1.75,-1.75,0.58,2.07,15.1,0.58,2.07,-50.86,-86.23,-98.11,51.72,86.47,False,False,False,False,False,False,False,False,False,2026-09-11
0588,0588.HK,BEIJING N STAR,北京北辰实业股份,4.77,"2,000",Equity,Equity Securities (Main Board),0.675,0.695,0.695,0.67,9180000,6.2,0.7,0.701,-3.57,-3.71,-3.57,-5.59,-4.93,1.01,1.29,3.41,1.01,1.29,-31.19,-46.12,-79.62,33.17,47.67,False,False,False,False,False,False,False,False,False,2026-09-11
0590,0590.HK,LUK FOOK HOLD,六福集团,127.64,"1,000",Equity,Equity Securities (Main Board),21.74,21.18,21.76,20.84,6913010,150.29,21.672,21.656,0.31,0.39,1.59,-0.82,-1.09,34.5,34.5,37.68,34.5,34.5,-36.93,-36.93,-42.25,36.99,36.99,False,False,False,True,False,False,False,False,False,2026-09-11
0591,0591.HK,C HIGHPRECISION,中国高精密,2.59,"1,000",Equity,Equity Securities (Main Board),0.25,0.246,0.25,0.245,408000,0.1,0.255,0.255,-1.96,-2.15,-1.96,-1.96,-1.96,0.4,0.51,1.22,0.4,0.51,-36.71,-50.98,-79.51,36.71,50.98,False,False,False,False,False,False,False,False,False,2026-09-11
0595,0595.HK,AV CONCEPT HOLD,AV CONCEPT HOLD,11.1,"2,000",Equity,Equity Securities (Main Board),1.295,1.285,1.325,1.285,2660000,3.44,1.281,1.324,1.09,-2.23,0.78,2.78,2.78,2.0,2.0,2.0,2.0,2.0,-33.75,-33.75,-33.75,35.25,35.25,True,False,False,False,False,False,False,False,False,2026-09-11
0596,0596.HK,INSPUR DIGI ENT,浪潮数字企业,24.46,"2,000",Equity,Equity Securities (Main Board),2.01,2.2,2.2,2.0,2723586,5.47,2.109,2.158,-4.69,-6.84,-4.29,-6.07,-7.37,7.2,11.13,11.13,7.2,11.13,-69.44,-80.23,-80.23,72.08,81.94,False,False,False,False,False,False,False,False,False,2026-09-11
0598,0598.HK,SINOTRANS,中国外运,92.65,"1,000",Equity,Equity Securities (Main Board),4.595,4.705,4.705,4.535,9285118,42.67,4.693,4.74,-2.09,-3.06,-1.5,-1.29,-3.57,5.48,5.51,5.51,5.48,5.51,-14.14,-14.61,-14.61,16.15,16.61,False,False,False,False,False,False,False,False,False,2026-09-11
0600,0600.HK,AXERA,爱芯元智,105.89,100,Equity,Equity Securities (Main Board),17.98,16.08,18.17,16.08,2655573,47.75,16.974,17.829,5.93,0.85,8.97,12.37,-7.51,36.9,36.9,36.9,36.9,36.9,-50.76,-50.76,-50.76,51.27,51.27,False,False,False,True,False,False,False,False,False,2026-09-11
0601,0601.HK,REMT,稀镁科技,0.41,"10,000",Equity,Equity Securities (Main Board),0.059,0.059,0.059,0.058,100000,0.01,0.063,0.064,-6.35,-7.09,-7.81,-7.81,-7.81,0.06,0.35,7.94,0.06,0.35,-7.81,-83.14,-99.26,7.81,83.14,False,False,False,False,False,False,False,True,False,2026-09-11
0603,0603.HK,CHINA OIL & GAS,中油燃气,6.88,"20,000",Equity,Equity Securities (Main Board),0.122,0.119,0.123,0.118,880880,0.11,0.124,0.122,-1.29,-0.16,2.52,-3.17,1.67,0.51,0.51,0.85,0.51,0.51,-75.88,-75.88,-85.53,76.08,76.08,False,False,False,False,False,False,False,False,False,2026-09-11
0604,0604.HK,SHENZHEN INVEST,深圳控股,56.06,"2,000",Equity,Equity Securities (Main Board),0.63,0.64,0.64,0.62,3346875,2.11,0.642,0.648,-1.87,-2.78,-0.79,-3.82,-4.55,0.93,1.41,3.98,0.93,1.41,-31.18,-54.61,-83.92,32.26,55.32,False,False,False,False,False,False,False,False,False,2026-09-11
0605,0605.HK,C FIN SERVICES,中国金融投资管理,1.67,"2,000",Equity,Equity Securities (Main Board),0.8,0.785,0.8,0.785,20000,0.02,0.823,0.823,-2.79,-2.79,0.0,-5.88,-5.88,1.16,20.0,20.0,1.16,20.0,-31.03,-96.0,-96.0,31.03,96.0,False,False,False,False,False,False,False,False,False,2026-09-11
0606,0606.HK,SCE CM,中骏商管,5.03,"1,000",Equity,Equity Securities (Main Board),0.26,0.255,0.26,0.255,61000,0.02,0.248,0.242,4.67,7.3,9.24,4.0,11.11,0.37,1.18,4.55,0.37,1.18,-29.73,-77.97,-94.29,29.73,77.97,False,False,False,False,False,False,False,False,False,2026-09-11
0607,0607.HK,FULLSHARE,丰盛控股,1.95,"4,000",Equity,Equity Securities (Main Board),0.275,0.285,0.285,0.27,392150,0.11,0.306,0.323,-10.13,-14.86,-8.33,-11.29,-16.67,1.95,2.45,247.5,1.95,2.45,-85.38,-88.37,-99.88,85.9,88.78,False,False,False,False,False,False,False,False,False,2026-09-11
0609,0609.HK,TIANDE CHEMICAL,天德化工,9.14,"4,000",Equity,Equity Securities (Main Board),1.04,1.04,1.04,1.04,12000,0.01,1.042,1.043,-0.19,-0.29,0.0,0.0,-0.95,1.75,1.75,2.95,1.75,1.75,-40.57,-40.57,-64.75,40.57,40.57,False,False,False,False,False,False,False,False,False,2026-09-11
0610,0610.HK,WAI KEE HOLD,WAI KEE HOLD,7.34,"2,000",Equity,Equity Securities (Main Board),0.925,0.925,0.925,0.925,100000,0.09,0.92,0.907,0.54,1.98,-0.54,1.65,3.93,0.98,1.3,5.78,0.98,1.3,-5.61,-28.85,-84.0,5.61,28.85,False,False,False,False,False,False,False,True,False,2026-09-11
0611,0611.HK,CNE TECH CORP,中国核能科技,8.15,"2,000",Equity,Equity Securities (Main Board),0.44,0.435,0.44,0.43,240000,0.11,0.441,0.446,-0.23,-1.46,1.15,0.0,-2.22,0.55,0.71,1.93,0.55,0.71,-20.0,-38.03,-77.2,20.0,38.03,False,False,False,False,False,False,False,False,False,2026-09-11
0613,0613.HK,PLANETREE INT'L,梧桐国际,55.64,"2,000",Equity,Equity Securities (Main Board),4.84,4.65,4.84,4.385,326000,1.58,4.715,4.672,2.65,3.58,4.54,-1.22,7.68,6.36,6.36,6.36,6.36,6.36,-23.96,-23.96,-23.96,23.96,23.96,False,False,False,True,False,False,False,False,False,2026-09-11
0616,0616.HK,ASSET CHAIN,财富链,2.76,"5,000",Equity,Equity Securities (Main Board),0.148,0.131,0.152,0.123,59820000,8.85,0.124,0.117,19.74,26.39,20.33,29.82,37.04,0.4,0.6,194.1,0.4,0.6,-61.52,-74.67,-99.92,62.53,75.33,True,True,False,False,False,False,False,False,False,2026-09-11
0617,0617.HK,PALIBURG HOLD,百利保控股,2.14,"2,000",Equity,Equity Securities (Main Board),0.192,0.194,0.195,0.19,918000,0.18,0.197,0.201,-2.34,-4.29,-2.04,-3.52,-6.34,0.25,1.08,3.69,0.25,1.08,-23.53,-81.94,-94.72,24.71,82.22,False,False,False,False,False,False,False,False,False,2026-09-11
0618,0618.HK,PKU RESOURCES,北大资源,8.62,"8,000",Equity,Equity Securities (Main Board),0.315,0.305,0.315,0.305,56000,0.02,0.313,0.315,0.64,-0.16,1.61,0.0,0.0,0.5,0.52,2.8,0.5,0.52,-37.0,-39.42,-88.75,37.0,39.42,False,False,False,False,False,False,False,False,False,2026-09-11
0619,0619.HK,SOUTH CHINA FIN,南华金融,0.86,"2,000",Equity,Equity Securities (Main Board),0.285,0.285,0.285,0.285,20000,0.01,0.289,0.29,-1.38,-1.72,-1.72,-1.72,-1.72,0.46,0.51,4.85,0.46,0.51,-37.36,-44.12,-94.12,37.36,44.12,False,False,False,False,False,False,False,False,False,2026-09-11
0620,0620.HK,DTXS SILK ROAD,大唐西市,2.0,"2,000",Equity,Equity Securities (Main Board),0.25,0.25,0.25,0.249,70000,0.02,0.244,0.24,2.29,4.21,5.49,2.04,4.17,0.73,1.68,6.98,0.73,1.68,-65.75,-85.12,-96.42,65.75,85.12,False,False,False,False,False,False,False,False,False,2026-09-11
0621,0621.HK,TAUNG GOLD,坛金矿业,9.17,"5,000",Equity,Equity Securities (Main Board),0.505,0.51,0.51,0.49,2610000,1.32,0.526,0.534,-3.99,-5.43,-3.81,-5.61,-6.48,0.76,0.9,1.35,0.76,0.9,-32.89,-43.33,-62.22,33.55,43.89,False,False,False,False,False,False,False,False,False,2026-09-11
0622,0622.HK,OSHIDORI,威华达控股,195.81,"3,000",Equity,Equity Securities (Main Board),2.82,2.76,2.91,2.73,33124200,93.41,2.78,2.731,1.44,3.24,2.55,1.44,5.82,3.19,3.19,3.19,3.19,3.19,-8.78,-8.78,-8.78,11.6,11.6,False,False,False,True,False,False,False,False,False,2026-09-11
0626,0626.HK,PUBLIC FIN HOLD,大众金融控股,24.21,"2,000",Equity,Equity Securities (Main Board),2.205,2.205,2.22,2.195,6444000,14.21,1.942,1.746,13.54,26.29,0.0,42.26,42.26,2.32,2.32,3.81,2.32,2.32,-4.31,-4.31,-41.73,4.96,4.96,False,False,False,False,False,False,False,True,True,2026-09-11
0628,0628.HK,TONGTONG AI SOC,通通ＡＩ社交,13.26,"2,000",Equity,Equity Securities (Main Board),0.255,0.305,0.315,0.249,21618000,5.51,0.31,0.31,-17.74,-17.87,-19.05,-23.88,-26.09,0.6,0.6,1.48,0.6,0.6,-47.5,-47.5,-78.72,57.5,57.5,False,False,False,False,False,False,False,False,False,2026-09-11
0629,0629.HK,YUE DA INTL,悦达国际控股,3.21,"1,000",Equity,Equity Securities (Main Board),0.275,0.24,0.275,0.238,120000,0.03,0.267,0.276,3.0,-0.18,10.0,1.85,-1.79,0.35,0.37,0.95,0.35,0.37,-21.43,-25.68,-71.05,21.43,25.68,False,False,False,False,False,False,False,False,False,2026-09-11
0630,0630.HK,AMCO UNITED,隽泰控股,1.94,"10,000",Equity,Equity Securities (Main Board),0.2,0.143,0.2,0.143,40000,0.01,0.164,0.166,22.1,20.55,39.86,48.15,2.56,0.31,0.43,4.5,0.31,0.43,-35.48,-52.94,-95.56,35.48,52.94,False,False,False,True,False,False,False,False,False,2026-09-11
0631,0631.HK,SANY INT'L,三一国际,311.87,"1,000",Equity,Equity Securities (Main Board),9.48,9.68,9.755,9.36,11442994,108.48,9.834,9.561,-3.6,-0.85,-2.87,-5.29,0.16,16.24,16.24,16.24,16.24,16.24,-39.93,-39.93,-39.93,41.63,41.63,False,False,False,False,False,False,False,False,False,2026-09-11
0632,0632.HK,CHK OIL,中港石油,1.83,"2,000",Equity,Equity Securities (Main Board),0.191,0.199,0.22,0.182,7894875,1.51,0.188,0.185,1.7,3.19,0.53,2.14,3.8,1.12,1.12,7.25,1.12,1.12,-80.36,-80.36,-96.97,82.95,82.95,True,False,False,True,False,False,False,False,False,2026-09-11
0635,0635.HK,PLAYMATES,彩星集团,10.34,"2,000",Equity,Equity Securities (Main Board),0.5,0.5,0.5,0.5,260800,0.13,0.5,0.502,0.0,-0.5,0.0,0.0,0.0,0.54,0.65,1.32,0.54,0.65,-7.41,-23.08,-62.12,7.41,23.08,False,False,False,False,False,False,False,True,False,2026-09-11
0636,0636.HK,KLN,KLN,110.16,500,Equity,Equity Securities (Main Board),6.095,6.09,6.095,6.02,1364490,8.32,5.946,5.867,2.51,3.89,1.25,5.63,3.83,7.45,9.79,27.15,7.45,9.79,-18.19,-37.74,-77.55,18.19,37.74,False,False,False,False,False,False,False,False,False,2026-09-11
0637,0637.HK,LEE KEE,利记,1.46,"2,000",Equity,Equity Securities (Main Board),0.176,0.171,0.176,0.17,44000,0.01,0.174,0.172,1.27,2.56,2.92,0.57,3.53,0.31,0.31,0.84,0.31,0.31,-44.13,-44.13,-79.05,44.13,44.13,False,False,False,True,False,False,False,False,False,2026-09-11
0639,0639.HK,SHOUGANG RES,首钢资源,155.02,"2,000",Equity,Equity Securities (Main Board),3.045,3.0,3.045,2.955,107267090,326.63,3.041,3.016,0.13,0.94,-0.49,0.16,2.18,3.5,3.64,3.86,3.5,3.64,-13.0,-16.35,-21.11,13.0,16.35,False,False,False,True,False,False,False,False,False,2026-09-11
0640,0640.HK,INFINITY DEV,星谦发展,7.14,"2,000",Equity,Equity Securities (Main Board),2.3,2.29,2.3,2.29,40000,0.09,2.314,2.327,-0.61,-1.16,0.44,-2.13,-1.71,2.95,2.95,2.95,2.95,2.95,-22.03,-22.03,-22.03,22.03,22.03,False,False,False,False,False,False,False,False,False,2026-09-11
0643,0643.HK,CARRY WEALTH,恒富控股,1.57,"10,000",Equity,Equity Securities (Main Board),0.175,0.18,0.18,0.175,100000,0.02,0.177,0.176,-0.91,-0.34,0.0,-2.23,-1.13,0.34,0.97,1.4,0.34,0.97,-47.83,-81.44,-87.14,49.28,81.96,False,False,False,False,False,False,False,False,False,2026-09-11
0646,0646.HK,CHINA ENV TEC,中国环保科技,0.96,"8,000",Equity,Equity Securities (Main Board),0.28,0.285,0.295,0.22,3448000,0.97,0.307,0.235,-8.79,19.35,-1.75,-20.0,40.7,0.4,0.48,6.2,0.4,0.48,-25.32,-38.54,-95.24,29.11,41.67,False,False,False,False,False,False,False,False,False,2026-09-11
0648,0648.HK,SOFTMEDX,京玖康疗,0.59,"1,000",Equity,Equity Securities (Main Board),0.55,0.57,0.57,0.52,136075,0.07,0.537,0.545,2.42,0.92,-3.51,5.77,1.85,23.0,23.0,29.6,23.0,23.0,-97.52,-97.52,-98.07,97.61,97.61,False,False,False,True,False,False,False,False,False,2026-09-11
0650,0650.HK,PRODUCTIVE TECH,普达特科技,14.02,"2,000",Equity,Equity Securities (Main Board),0.189,0.185,0.19,0.183,816000,0.15,0.19,0.196,-0.53,-3.77,0.53,-0.53,-6.44,0.9,0.9,3.11,0.9,0.9,-78.89,-78.89,-93.89,79.0,79.0,False,False,False,False,False,False,False,False,False,2026-09-11
0655,0655.HK,HK CHINESE LTD,香港华人有限公司,8.39,"2,000",Equity,Equity Securities (Main Board),0.42,0.42,0.42,0.41,34000,0.01,0.425,0.434,-1.18,-3.23,0.0,-2.33,-3.45,0.53,0.53,1.6,0.53,0.53,-20.75,-20.75,-73.75,20.75,20.75,False,False,False,False,False,False,False,False,False,2026-09-11
0656,0656.HK,FOSUN INTL,复星国际,407.57,500,Equity,Equity Securities (Main Board),5.015,5.15,5.15,4.99,6444704,32.32,5.124,5.204,-2.13,-3.64,-2.62,-1.86,-4.93,5.66,6.81,20.2,5.66,6.81,-9.09,-24.38,-74.5,11.47,26.36,False,False,False,False,False,False,False,False,False,2026-09-11
0657,0657.HK,G-VISION INT'L,环科国际,0.74,"2,000",Equity,Equity Securities (Main Board),0.038,0.034,0.038,0.034,752000,0.03,0.033,0.03,16.56,27.52,11.76,40.74,40.74,0.05,0.06,0.38,0.05,0.06,-30.91,-34.48,-90.13,30.91,34.48,False,False,False,False,False,False,False,False,False,2026-09-11
0658,0658.HK,C TRANSMISSION,中国高速传动,16.68,"1,000",Equity,Equity Securities (Main Board),1.02,1.045,1.05,1.02,118000,0.12,1.04,1.032,-1.92,-1.16,-3.77,-0.97,-1.45,2.56,2.56,13.82,2.56,2.56,-58.98,-58.98,-92.4,60.16,60.16,False,False,False,False,False,False,False,False,False,2026-09-11
0659,0659.HK,CTF SERVICES,周大福创建,357.08,"1,000",Equity,Equity Securities (Main Board),7.82,7.91,7.91,7.79,1895206,14.82,7.974,7.977,-1.93,-1.97,-1.39,-3.16,-2.98,9.57,9.57,19.91,9.57,9.57,-17.35,-17.35,-60.27,18.29,18.29,False,False,False,False,False,False,False,False,False,2026-09-11
0661,0661.HK,CDAYENONFER,中国大冶有色金属,26.84,"2,000",Equity,Equity Securities (Main Board),0.15,0.156,0.158,0.144,61910000,9.29,0.162,0.162,-7.41,-7.29,-8.54,-11.76,-7.41,0.24,0.24,0.24,0.24,0.24,-33.89,-33.89,-33.89,37.24,37.24,False,False,False,False,False,False,False,False,False,2026-09-11
0662,0662.HK,ASIA FINANCIAL,亚洲金融,44.36,"2,000",Equity,Equity Securities (Main Board),4.8,4.8,4.8,4.8,4000,0.02,4.704,4.694,2.04,2.26,2.56,2.56,2.56,4.9,5.59,5.87,4.9,5.59,-2.04,-14.13,-18.23,2.04,14.13,False,False,False,False,False,False,False,True,False,2026-09-11
0664,0664.HK,TONGSHIFU,铜师傅,7.78,100,Equity,Equity Securities (Main Board),12.5,12.6,12.6,12.4,3700,0.05,12.672,12.742,-1.36,-1.9,-0.79,0.81,-6.58,42.0,42.0,42.0,42.0,42.0,-70.0,-70.0,-70.0,70.24,70.24,False,False,False,False,False,False,False,False,False,2026-09-11
0666,0666.HK,REPT BATTERO,瑞浦兰钧,86.99,200,Equity,Equity Securities (Main Board),9.31,9.38,9.38,9.12,1712261,15.94,9.731,9.901,-4.33,-5.97,-1.27,-5.72,-6.85,18.87,24.4,24.4,18.87,24.4,-50.29,-61.56,-61.56,50.66,61.84,False,False,False,False,False,False,False,False,False,2026-09-11
0667,0667.HK,CHINA EAST EDU,中国东方教育,88.07,500,Equity,Equity Securities (Main Board),3.97,3.89,4.02,3.835,2254580,8.95,4.023,4.057,-1.32,-2.14,1.93,-4.11,-5.25,7.0,9.15,20.85,7.0,9.15,-42.57,-56.07,-80.72,43.29,56.61,False,False,False,False,False,False,False,False,False,2026-09-11
0669,0669.HK,TECHTRONIC IND,创科实业,2320.99,500,Equity,Equity Securities (Main Board),127.0,128.7,128.7,125.1,5827347,740.07,130.48,131.52,-2.67,-3.44,-1.32,-3.42,-5.79,150.0,150.0,180.0,150.0,150.0,-14.2,-14.2,-28.5,15.33,15.33,False,False,False,False,False,False,False,False,False,2026-09-11
0670,0670.HK,CHINA EAST AIR,中国东方航空股份,135.18,"2,000",Equity,Equity Securities (Main Board),2.67,2.665,2.69,2.605,12674649,33.84,2.713,2.699,-1.58,-1.09,-1.29,-2.02,-1.48,6.4,6.4,7.43,6.4,6.4,-57.97,-57.97,-63.8,58.28,58.28,False,False,False,False,False,False,False,False,False,2026-09-11
0672,0672.HK,ZHONGAN GROUP,众安集团,4.34,"1,000",Equity,Equity Securities (Main Board),0.077,0.078,0.078,0.073,5000,0.0,0.077,0.079,0.0,-2.04,1.32,1.32,-2.53,0.13,0.21,1.4,0.13,0.21,-41.79,-62.68,-94.43,42.54,63.16,False,False,False,False,False,False,False,False,False,2026-09-11
0674,0674.HK,CHINA TANGSHANG,中国唐商,1.85,"4,000",Equity,Equity Securities (Main Board),0.054,0.049,0.054,0.047,94000,0.01,0.051,0.048,5.88,11.57,0.0,14.89,20.0,0.09,0.24,0.8,0.09,0.24,-39.33,-77.31,-93.25,39.33,77.31,False,False,False,True,False,False,False,False,False,2026-09-11
0675,0675.HK,K & P INT'L,坚宝国际,0.93,"2,000",Equity,Equity Securities (Main Board),0.35,0.36,0.36,0.35,40000,0.01,0.358,0.365,-2.23,-4.11,-2.78,-2.78,-10.26,0.43,0.52,1.49,0.43,0.52,-16.28,-30.77,-75.84,18.6,32.69,False,False,False,False,False,False,False,False,False,2026-09-11
0676,0676.HK,PEGASUS INT'L,创信国际,7.38,"2,000",Equity,Equity Securities (Main Board),1.01,1.12,1.12,1.0,8000,0.01,1.01,1.01,0.0,0.0,0.0,0.0,0.0,1.03,1.2,2.35,1.12,1.2,8.74,-6.67,-52.34,9.82,15.83,False,False,False,False,True,False,False,True,False,2026-09-11
0677,0677.HK,GOLDEN RES DEV,金源发展国际实业,6.37,"2,000",Equity,Equity Securities (Main Board),0.375,0.375,0.375,0.37,18000,0.01,0.391,0.388,-4.09,-3.23,2.74,-6.25,-9.64,0.41,0.68,1.65,0.41,0.68,-9.64,-44.85,-77.27,9.64,44.85,False,False,False,False,False,False,False,True,False,2026-09-11
0679,0679.HK,ASIA TELE-NET,亚洲联网科技,19.52,"5,000",Equity,Equity Securities (Main Board),5.155,5.5,5.505,5.0,900000,4.64,5.569,5.261,-7.43,-2.02,-8.6,-9.08,6.84,21.2,21.2,21.2,21.2,21.2,-74.03,-74.03,-74.03,75.68,75.68,False,False,False,False,False,False,False,False,False,2026-09-11
0681,0681.HK,CHI PEOPLE HOLD,中民控股,2.77,"2,000",Equity,Equity Securities (Main Board),0.031,0.03,0.031,0.029,2898000,0.09,0.03,0.029,1.97,6.16,0.0,10.71,6.9,0.05,0.05,0.15,0.05,0.05,-41.51,-41.51,-78.77,41.51,41.51,False,False,False,True,False,False,False,False,False,2026-09-11
0682,0682.HK,CHAODA MODERN,超大现代,0.43,"10,000",Equity,Equity Securities (Main Board),0.219,0.219,0.219,0.219,30000,0.01,0.216,0.216,1.2,1.53,1.39,1.39,1.39,0.33,0.84,6.8,0.33,0.84,-33.64,-73.93,-96.78,33.64,73.93,False,False,False,False,False,False,False,False,False,2026-09-11
0683,0683.HK,KERRY PPT,嘉里建设,260.36,500,Equity,Equity Securities (Main Board),17.94,18.26,18.26,17.88,2062789,37.01,18.472,18.485,-2.88,-2.95,-2.71,-4.63,-3.76,26.1,26.1,44.9,26.1,26.1,-30.04,-30.04,-59.33,31.26,31.26,False,False,False,False,False,False,False,False,False,2026-09-11
0684,0684.HK,ALLAN INT'L,亚伦国际,1.4,"2,000",Equity,Equity Securities (Main Board),0.42,0.45,0.45,0.405,156000,0.07,0.427,0.43,-1.64,-2.44,-6.67,5.0,2.44,0.61,1.26,2.5,0.61,1.26,-26.23,-64.29,-82.0,31.15,66.67,False,False,False,False,False,False,False,False,False,2026-09-11
0686,0686.HK,BJ ENERGY INTL,北京能源国际,14.62,"2,000",Equity,Equity Securities (Main Board),0.665,0.66,0.67,0.65,81200,0.05,0.672,0.683,-1.04,-2.64,-0.75,-0.75,-3.62,1.36,2.48,13.6,1.36,2.48,-50.74,-72.98,-95.07,51.1,73.19,False,False,False,False,False,False,False,False,False,2026-09-11
0688,0688.HK,CHINA OVERSEAS,中国海外发展,1365.92,500,Equity,Equity Securities (Main Board),12.48,12.54,12.7,12.38,20561570,256.61,12.828,12.819,-2.71,-2.64,-2.35,-4.07,-5.24,16.7,18.58,32.2,16.7,18.58,-23.95,-31.65,-60.56,25.27,32.83,False,False,False,False,False,False,False,False,False,2026-09-11
0689,0689.HK,EPI (HOLDINGS),长盈集团（控股）,2.64,"15,000",Equity,Equity Securities (Main Board),0.142,0.142,0.142,0.142,45000,0.01,0.141,0.143,0.42,-0.42,0.0,0.71,1.43,0.36,0.39,10.6,0.36,0.39,-60.56,-63.59,-98.66,60.56,63.59,False,False,False,False,False,False,False,False,False,2026-09-11
0690,0690.HK,UNI-BIO GROUP,联康生物科技集团,4.42,"20,000",Equity,Equity Securities (Main Board),0.074,0.072,0.077,0.071,5600000,0.41,0.068,0.064,8.82,15.81,2.78,10.45,23.33,0.13,0.17,0.23,0.13,0.17,-39.37,-54.17,-66.52,41.73,55.95,True,False,False,False,False,False,False,False,False,2026-09-11
0694,0694.HK,BEIJING AIRPORT,北京首都机场股份,28.66,"2,000",Equity,Equity Securities (Main Board),1.525,1.545,1.545,1.515,4528000,6.91,1.535,1.538,-0.65,-0.88,-0.97,-1.29,-2.24,2.77,4.0,14.1,2.77,4.0,-44.22,-61.38,-89.04,44.95,61.88,False,False,False,False,False,False,False,False,False,2026-09-11
0695,0695.HK,DONGWU CEMENT,东吴水泥,42.59,"2,000",Equity,Equity Securities (Main Board),7.715,7.61,7.82,7.55,224000,1.73,7.869,7.89,-1.96,-2.22,-1.72,-1.15,-3.56,10.06,10.06,10.06,10.06,10.06,-22.27,-22.27,-22.27,23.31,23.31,False,False,False,False,False,False,False,False,False,2026-09-11
0696,0696.HK,TRAVELSKY TECH,中国民航信息网络,80.85,"1,000",Equity,Equity Securities (Main Board),8.67,8.59,8.755,8.58,6952063,60.27,8.737,8.722,-0.77,-0.6,-0.34,-0.91,-2.14,11.24,15.18,28.0,11.24,15.18,-22.11,-42.33,-68.73,22.86,42.89,False,False,False,False,False,False,False,False,False,2026-09-11
0697,0697.HK,SHOUCHENG,首程控股,110.01,"2,000",Equity,Equity Securities (Main Board),1.38,1.365,1.38,1.335,15612000,21.54,1.391,1.384,-0.79,-0.29,1.1,-1.78,-2.13,2.43,2.68,2.88,2.43,2.68,-43.21,-48.51,-52.08,43.21,48.51,False,False,False,False,False,False,False,False,False,2026-09-11
0698,0698.HK,TONGDA GROUP,通达集团,4.71,"1,000",Equity,Equity Securities (Main Board),2.42,2.5,2.5,2.4,13500,0.03,2.474,2.389,-2.18,1.3,-6.56,-1.22,1.68,4.01,8.6,135.82,4.01,8.6,-37.66,-70.93,-98.16,39.65,71.86,False,False,False,False,False,False,False,False,False,2026-09-11
0700,0700.HK,TENCENT,腾讯控股,38997.94,100,Equity,Equity Securities (Main Board),428.4,419.4,430.8,419.4,15628479,6695.24,432.36,437.02,-0.92,-1.97,0.66,-1.61,-3.25,639.0,683.0,714.9,639.0,683.0,-32.58,-36.93,-39.74,32.96,37.28,False,False,False,False,False,False,False,False,False,2026-09-11
0701,0701.HK,CNT GROUP,CNT GROUP,1.77,"2,000",Equity,Equity Securities (Main Board),0.093,0.093,0.093,0.093,160340,0.01,0.093,0.092,0.43,1.31,0.0,1.09,2.2,0.29,0.36,0.84,0.29,0.36,-68.47,-74.17,-88.93,68.47,74.17,False,False,False,False,False,False,False,False,False,2026-09-11
0703,0703.HK,FUTURE BRIGHT,FUTURE BRIGHT,0.67,"6,000",Equity,Equity Securities (Main Board),0.096,0.1,0.1,0.095,66000,0.01,0.1,0.097,-3.61,-0.72,-4.0,-4.95,2.13,0.14,0.29,1.37,0.14,0.29,-28.57,-66.1,-92.7,31.43,67.46,False,False,False,False,False,False,False,False,False,2026-09-11
0709,0709.HK,GIORDANO INT'L,佐丹奴国际,22.55,"2,000",Equity,Equity Securities (Main Board),1.395,1.395,1.4,1.39,1862000,2.6,1.394,1.395,0.07,0.0,0.36,0.36,-0.36,1.55,2.82,5.35,1.55,2.82,-9.68,-50.35,-73.83,10.0,50.53,False,False,False,True,False,False,False,True,False,2026-09-11
0710,0710.HK,BOE VARITRONIX,京东方精电,30.32,"1,000",Equity,Equity Securities (Main Board),3.83,3.95,3.95,3.825,1097000,4.2,4.074,4.194,-5.99,-8.67,-3.04,-8.81,-10.09,5.64,8.83,20.5,5.64,8.83,-29.96,-55.27,-80.73,32.09,56.63,False,False,False,False,False,False,False,False,False,2026-09-11
0712,0712.HK,COMTEC SOLAR,卡姆丹克太阳能,0.61,"10,000",Equity,Equity Securities (Main Board),0.058,0.06,0.06,0.058,120000,0.01,0.06,0.059,-2.68,-2.52,-3.33,-3.33,-3.33,0.14,0.27,2.12,0.14,0.27,-55.56,-77.78,-97.17,57.04,78.52,False,False,False,False,False,False,False,False,False,2026-09-11
0716,0716.HK,SINGAMAS CONT,胜狮货柜,10.24,"2,000",Equity,Equity Securities (Main Board),0.43,0.44,0.44,0.43,1612505,0.69,0.437,0.44,-1.6,-2.38,-2.27,-1.15,-3.37,0.72,1.03,2.05,0.72,1.03,-38.89,-57.28,-78.54,40.28,58.25,False,False,False,False,False,False,False,False,False,2026-09-11
0717,0717.HK,EMPEROR CAPITAL,英皇资本,4.38,"6,000",Equity,Equity Securities (Main Board),0.065,0.066,0.067,0.065,7728000,0.5,0.067,0.068,-3.56,-3.7,-2.99,-4.41,-5.8,0.1,0.16,0.86,0.1,0.16,-35.58,-57.32,-92.21,37.5,58.6,False,False,False,False,False,False,False,False,False,2026-09-11
0719,0719.HK,SHANDONG XINHUA,山东新华制药股份,10.6,"2,000",Equity,Equity Securities (Main Board),5.435,5.515,5.515,5.42,344000,1.87,5.584,5.609,-2.67,-3.1,-1.9,-4.48,-3.81,7.25,9.46,17.0,7.25,9.46,-23.93,-41.7,-67.56,25.03,42.55,False,False,False,False,False,False,False,False,False,2026-09-11
0720,0720.HK,AUTO ITALIA,意达利控股,16.89,"25,000",Equity,Equity Securities (Main Board),0.275,0.275,0.275,0.275,50000,0.01,0.284,0.289,-3.17,-4.84,0.0,-6.78,-8.33,0.45,0.45,0.45,0.45,0.45,-38.89,-38.89,-38.89,38.89,38.89,False,False,False,False,False,False,False,False,False,2026-09-11
0721,0721.HK,C FIN INT INV,中国金融国际,2.48,"10,000",Equity,Investment Companies,0.113,0.112,0.112,0.111,220000,0.02,0.118,0.115,-3.91,-1.82,1.8,-12.4,-5.04,0.51,1.7,2.95,0.51,1.7,-78.25,-93.41,-96.2,78.06,93.35,False,False,False,False,False,False,False,False,False,2026-09-11
0722,0722.HK,UMP,联合医务,3.24,"2,000",Equity,Equity Securities (Main Board),0.4,0.4,0.4,0.4,50000,0.02,0.408,0.426,-1.96,-6.1,0.0,-4.76,-9.09,0.5,0.74,4.31,0.5,0.74,-19.19,-45.95,-90.72,19.19,45.95,False,False,False,False,False,False,False,False,False,2026-09-11
0723,0723.HK,RELIANCE GLO HL,信保环球控股,2.84,"30,000",Equity,Equity Securities (Main Board),0.26,0.265,0.265,0.255,930000,0.24,0.257,0.25,1.17,4.08,1.96,0.0,7.44,0.35,0.57,1.35,0.35,0.57,-24.29,-53.51,-80.37,25.71,54.39,False,False,False,False,False,False,False,False,False,2026-09-11
0725,0725.HK,PERENNIAL INT'L,恒都集团,1.96,"2,000",Equity,Equity Securities (Main Board),0.985,0.975,0.975,0.975,10000,0.01,0.996,0.991,-1.1,-0.61,-1.5,-1.5,-3.43,1.51,1.51,1.95,1.51,1.51,-35.43,-35.43,-50.0,34.77,34.77,False,False,False,False,False,False,False,False,False,2026-09-11
0727,0727.HK,SINOPROS CORP,中国丰汇,5.72,"10,000",Equity,Equity Securities (Main Board),0.45,0.45,0.45,0.45,20000,0.01,0.45,0.464,0.0,-3.02,0.0,0.0,-8.16,0.99,4.38,46.8,0.99,4.38,-54.55,-89.73,-99.04,54.55,89.73,False,False,False,False,False,False,False,False,False,2026-09-11
0728,0728.HK,CHINA TELECOM,中国电信,627.26,"2,000",Equity,Equity Securities (Main Board),4.52,4.6,4.62,4.505,65828614,297.55,4.567,4.67,-1.03,-3.21,-1.85,-1.31,-2.9,5.89,6.98,6.98,5.89,6.98,-21.56,-33.81,-33.81,23.26,35.24,False,False,False,False,False,False,False,False,False,2026-09-11
0731,0731.HK,C&D NEWIN,建发新胜,4.03,"20,000",Equity,Equity Securities (Main Board),0.285,0.285,0.285,0.285,120000,0.03,0.292,0.296,-2.4,-3.72,0.0,-5.0,-5.0,0.76,0.76,7.6,0.76,0.76,-62.5,-62.5,-96.25,62.5,62.5,False,False,False,False,False,False,False,False,False,2026-09-11
0732,0732.HK,TRULY INT'L,信利国际,24.11,"2,000",Equity,Equity Securities (Main Board),0.825,0.835,0.835,0.815,1586000,1.31,0.828,0.831,-0.36,-0.72,0.0,-1.2,0.61,1.12,1.34,4.18,1.12,1.34,-25.45,-37.69,-80.02,26.34,38.43,False,False,False,False,False,False,False,False,False,2026-09-11
0733,0733.HK,HOPEFLUENT,合富辉煌,1.23,"2,000",Equity,Equity Securities (Main Board),0.183,0.183,0.183,0.183,6000,0.0,0.187,0.193,-2.24,-5.23,0.0,-3.68,-8.96,0.32,1.53,4.6,0.32,1.53,-42.81,-88.04,-96.02,42.81,88.04,False,False,False,False,False,False,False,False,False,2026-09-11
0736,0736.HK,CHINA PPT INV,中国置业投资,0.58,"3,000",Equity,Equity Securities (Main Board),0.18,0.177,0.177,0.177,6000,0.0,0.185,0.189,-2.6,-4.66,0.0,-4.76,-8.16,0.76,1.03,7.6,0.76,1.03,-76.71,-82.82,-97.67,76.32,82.52,False,False,False,False,False,False,False,False,False,2026-09-11
0737,0737.HK,BAY AREA DEV,湾区发展,66.13,500,Equity,Equity Securities (Main Board),1.985,1.98,1.985,1.975,344500,0.68,1.969,1.962,0.81,1.17,0.25,1.28,1.28,2.01,2.01,5.2,2.01,2.01,-1.24,-1.24,-61.83,1.24,1.24,True,False,False,False,False,False,False,True,True,2026-09-11
0738,0738.HK,LE SAUNDA,莱尔斯丹,2.5,"2,000",Equity,Equity Securities (Main Board),0.36,0.35,0.36,0.345,574000,0.21,0.354,0.35,1.69,2.71,0.0,2.86,2.86,0.38,0.48,1.98,0.38,0.48,-4.0,-25.0,-81.82,4.0,25.0,False,False,False,True,False,False,False,True,False,2026-09-11
0743,0743.HK,ASIA CEMENT CH,亚洲水泥（中国）,26.01,500,Equity,Equity Securities (Main Board),1.66,1.66,1.675,1.645,311000,0.52,1.988,2.029,-16.5,-18.19,-19.81,-19.81,-19.81,2.07,3.71,14.04,2.07,3.71,-19.08,-54.85,-88.07,19.81,55.26,False,False,False,False,False,False,False,False,False,2026-09-11
0745,0745.HK,CN CULTURE GP,中国国家文化产业,11.66,"2,000",Equity,Equity Securities (Main Board),4.975,5.025,5.025,4.97,285750,1.42,4.824,4.755,3.13,4.64,-0.9,10.56,5.85,7.21,7.21,11.4,7.21,7.21,-30.31,-30.31,-55.92,31.0,31.0,False,False,False,False,False,False,False,False,False,2026-09-11
0746,0746.HK,L & M CHEMICAL,理文化工,36.92,"2,000",Equity,Equity Securities (Main Board),4.475,4.325,4.55,4.3,369000,1.65,4.366,4.384,2.5,2.08,3.47,3.71,1.7,6.42,6.42,13.78,6.42,6.42,-29.13,-29.13,-66.98,30.3,30.3,False,False,False,True,False,False,False,False,False,2026-09-11
0747,0747.HK,SHENYANG PUBLIC,渖阳公用发展股份,0.48,"2,000",Equity,Equity Securities (Main Board),0.08,0.081,0.081,0.08,846000,0.07,0.078,0.075,3.09,6.95,-2.44,-4.76,12.68,0.14,0.14,0.61,0.14,0.14,-44.14,-44.14,-86.72,44.83,44.83,False,False,False,False,False,False,False,False,False,2026-09-11
0750,0750.HK,SFSY ENERGY,水发兴业能源,4.74,"1,000",Equity,Equity Securities (Main Board),0.188,0.181,0.188,0.18,41400,0.01,0.187,0.19,0.43,-0.79,1.08,0.53,-2.08,0.27,0.5,4.64,0.27,0.5,-30.37,-62.4,-95.95,30.37,62.4,False,False,False,False,False,False,False,False,False,2026-09-11
0751,0751.HK,SKYWORTH GROUP,创维集团,76.06,"2,000",Equity,Equity Securities (Main Board),4.02,4.155,4.155,3.995,767105,3.08,4.067,4.11,-1.16,-2.19,-0.86,-1.59,-1.83,7.59,7.59,7.59,7.59,7.59,-45.26,-45.26,-45.26,47.04,47.04,False,False,False,False,False,False,False,False,False,2026-09-11
0752,0752.HK,PICO FAR EAST,PICO FAR EAST,27.01,"2,000",Equity,Equity Securities (Main Board),2.115,2.13,2.135,2.095,602000,1.27,2.145,2.171,-1.4,-2.58,-0.94,-1.86,-3.64,2.96,2.96,3.54,2.96,2.96,-27.87,-27.87,-39.69,28.55,28.55,False,False,False,False,False,False,False,False,False,2026-09-11
0753,0753.HK,AIR CHINA,中国国航,189.55,"2,000",Equity,Equity Securities (Main Board),3.825,3.685,3.9,3.645,55132636,210.88,3.808,3.788,0.45,0.96,2.14,0.26,0.26,7.77,7.77,12.86,7.77,7.77,-49.81,-49.81,-69.67,50.77,50.77,False,False,False,True,False,False,False,False,False,2026-09-11
0757,0757.HK,SOLARGIGA,阳光能源,1.93,"1,000",Equity,Equity Securities (Main Board),0.058,0.057,0.058,0.057,369000,0.02,0.06,0.06,-2.68,-2.68,-3.33,-3.33,0.0,0.1,0.21,0.75,0.1,0.21,-43.14,-72.38,-92.27,43.14,72.38,False,False,False,False,False,False,False,False,False,2026-09-11
0762,0762.HK,CHINA UNICOM,中国联通,1782.34,"2,000",Equity,Equity Securities (Main Board),5.825,5.84,5.865,5.705,101468726,591.06,5.773,5.689,0.9,2.39,-0.68,1.57,3.46,8.28,11.56,13.24,8.28,11.56,-29.17,-49.26,-55.7,29.65,49.61,False,False,False,False,False,False,False,False,False,2026-09-11
0763,0763.HK,ZTE,中兴通讯,173.61,200,Equity,Equity Securities (Main Board),22.98,22.96,22.98,22.44,7943428,182.54,23.372,23.494,-1.68,-2.19,0.0,-2.71,-1.79,32.1,46.46,46.46,32.1,46.46,-28.41,-50.54,-50.54,28.41,50.54,False,False,False,False,False,False,False,False,False,2026-09-11
0767,0767.HK,ZHONG JI LS,中基长寿科学,3.06,"10,000",Equity,Equity Securities (Main Board),0.48,0.465,0.48,0.455,670000,0.32,0.478,0.476,0.42,0.73,0.0,2.13,0.0,0.6,0.72,9.9,0.6,0.72,-19.33,-33.33,-95.15,19.33,33.33,False,False,False,True,False,False,False,False,False,2026-09-11
0768,0768.HK,UBA INVESTMENTS,开明投资,0.5,"2,000",Equity,Investment Companies,0.039,0.036,0.039,0.036,900000,0.04,0.039,0.038,1.04,2.9,0.0,5.41,2.63,0.05,0.1,0.2,0.05,0.1,-26.42,-61.0,-80.5,26.42,61.0,False,False,False,True,False,False,False,False,False,2026-09-11
0771,0771.HK,AUTOMATED SYS,自动系统,6.21,"2,000",Equity,Equity Securities (Main Board),0.74,0.74,0.74,0.74,6000,0.0,0.743,0.736,-0.4,0.61,0.0,-1.33,2.78,0.99,1.09,2.3,0.99,1.09,-25.25,-32.11,-67.83,25.25,32.11,False,False,False,False,False,False,False,False,False,2026-09-11
0772,0772.HK,CHINA LIT,阅文集团,199.61,200,Equity,Equity Securities (Main Board),19.68,19.55,19.92,19.29,6145723,120.95,20.462,20.755,-3.82,-5.18,-0.25,-7.69,-9.64,44.68,46.88,110.0,44.68,46.88,-55.42,-57.51,-81.89,55.95,58.02,False,False,False,False,False,False,False,False,False,2026-09-11
0775,0775.HK,CKLIFE SCIENCES,长江生命科技,53.82,"2,000",Equity,Equity Securities (Main Board),0.56,0.555,0.56,0.55,2732330,1.53,0.56,0.572,0.0,-2.18,0.9,0.0,-5.08,0.89,1.1,1.34,0.89,1.1,-37.08,-49.09,-58.21,37.08,49.09,False,False,False,False,False,False,False,False,False,2026-09-11
0776,0776.HK,IMPERIUM TEC GP,帝国科技集团,1.61,"5,000",Equity,Equity Securities (Main Board),0.24,0.226,0.24,0.22,1080000,0.26,0.235,0.255,2.04,-5.81,6.19,4.35,-1.23,1.34,9.87,34.7,1.34,9.87,-82.09,-97.57,-99.31,82.09,97.57,False,False,False,False,False,False,False,False,False,2026-09-11
0777,0777.HK,NETDRAGON,网龙,38.88,500,Equity,Equity Securities (Main Board),7.39,7.205,7.415,7.165,979257,7.24,7.73,7.998,-4.4,-7.61,1.03,-9.66,-12.54,12.08,16.8,34.35,12.08,16.8,-38.62,-55.86,-78.41,38.82,56.01,False,False,False,False,False,False,False,False,False,2026-09-11
0780,0780.HK,TONGCHENGTRAVEL,同程旅行,248.85,400,Equity,Equity Securities (Main Board),10.57,10.67,10.75,10.53,10425401,110.2,11.076,11.426,-4.57,-7.49,-2.22,-8.17,-12.06,25.42,25.42,25.42,25.42,25.42,-57.71,-57.71,-57.71,58.42,58.42,False,False,False,False,False,False,False,False,False,2026-09-11
0784,0784.HK,AILIFE INTL,爱生命国际,4.8,"10,000",Equity,Equity Securities (Main Board),0.6,0.61,0.61,0.585,990000,0.59,0.634,0.635,-5.36,-5.44,-3.23,-7.69,-12.41,1.35,1.35,3.07,1.35,1.35,-54.81,-54.81,-80.13,55.56,55.56,False,False,False,False,False,False,False,False,False,2026-09-11
0788,0788.HK,CHINA TOWER,中国铁塔,421.37,500,Equity,Equity Securities (Main Board),9.03,9.06,9.075,8.985,21582586,194.89,9.099,9.118,-0.76,-0.96,-0.33,-1.26,-0.33,11.76,12.85,23.3,11.76,12.85,-22.83,-29.38,-61.05,23.21,29.73,False,False,False,False,False,False,False,False,False,2026-09-11
0789,0789.HK,ARTINI HLDG,雅天妮集团,2.16,"5,000",Equity,Equity Securities (Main Board),0.815,0.8,0.835,0.8,235000,0.19,0.823,0.828,-0.97,-1.57,-4.12,1.87,-5.23,2.33,4.5,4.5,2.33,4.5,-64.09,-81.44,-81.44,64.95,81.89,False,False,False,False,False,False,False,False,False,2026-09-11
0794,0794.HK,COME SURE GROUP,锦胜集团（控股）,1.04,"2,000",Equity,Equity Securities (Main Board),0.315,0.31,0.31,0.31,14000,0.0,0.343,0.345,-8.16,-8.83,-10.0,-10.0,-10.0,0.35,0.4,1.24,0.35,0.4,-11.43,-22.5,-75.0,10.0,21.25,False,False,False,False,False,False,False,True,False,2026-09-11
0797,0797.HK,7ROAD,第七大道,28.22,"2,000",Equity,Equity Securities (Main Board),1.125,1.12,1.125,1.08,650000,0.73,1.113,1.102,1.08,2.13,0.45,1.81,3.21,1.89,3.2,3.34,1.89,3.2,-40.48,-64.84,-66.32,40.48,64.84,False,False,False,True,False,False,False,False,False,2026-09-11
0798,0798.HK,CEOVU,中电光谷,9.56,"4,000",Equity,Equity Securities (Main Board),0.129,0.131,0.136,0.129,44000,0.01,0.13,0.13,-0.46,-0.92,-1.53,0.0,0.78,0.23,0.47,0.97,0.23,0.47,-41.38,-71.06,-85.98,44.4,72.55,False,False,False,False,False,False,False,False,False,2026-09-11
0799,0799.HK,IGG,IGG,34.81,"1,000",Equity,Equity Securities (Main Board),3.04,3.06,3.085,3.03,878736,2.67,3.092,3.103,-1.68,-2.05,-0.49,-1.94,-3.8,4.02,5.82,15.12,4.02,5.82,-23.26,-46.99,-79.6,24.38,47.77,False,False,False,False,False,False,False,False,False,2026-09-11
0800,0800.HK,WERIDE-W,文远知行－Ｗ,148.57,100,Equity,Equity Securities (Main Board),15.94,15.23,15.94,15.0,1058800,16.88,15.824,15.606,0.73,2.14,4.66,1.21,-0.25,25.98,25.98,25.98,25.98,25.98,-38.65,-38.65,-38.65,38.65,38.65,False,False,False,True,False,False,False,False,False,2026-09-11
0804,0804.HK,PINESTONE,鼎石资本,9.39,"5,000",Equity,Equity Securities (Main Board),13.65,14.28,14.3,13.6,495000,6.76,13.996,14.153,-2.47,-3.55,-4.75,-2.5,-1.73,16.78,16.78,101.0,16.78,16.78,-14.78,-14.78,-85.84,18.65,18.65,False,False,False,False,False,False,False,False,False,2026-09-11
0805,0805.HK,NEW GONOW RV,新吉奥房车,78.34,"2,000",Equity,Equity Securities (Main Board),8.16,8.15,8.44,8.055,1250000,10.2,8.111,8.749,0.6,-6.74,0.12,2.0,-1.69,10.26,10.26,10.26,10.26,10.26,-17.74,-17.74,-17.74,20.47,20.47,False,False,True,False,False,False,False,False,False,2026-09-11
0806,0806.HK,VALUE PARTNERS,惠理集团,36.72,"1,000",Equity,Equity Securities (Main Board),2.01,2.0,2.015,1.98,725000,1.46,2.034,2.014,-1.18,-0.2,-0.74,-0.74,-3.6,2.72,3.03,10.28,2.72,3.03,-25.92,-33.5,-80.4,26.1,33.66,False,False,False,False,False,False,False,False,False,2026-09-11
0807,0807.HK,SIICENVIRONMENT,上海实业环境,24.21,"1,000",Equity,Equity Securities (Main Board),0.94,0.94,0.94,0.94,106000,0.1,0.942,0.943,-0.21,-0.32,0.0,0.0,-0.53,1.14,1.25,3.25,1.14,1.25,-17.54,-24.8,-71.08,17.54,24.8,False,False,False,False,False,False,False,False,False,2026-09-11
0809,0809.HK,GLOBAL BIO-CHEM,大成生化科技,6.3,"10,000",Equity,Equity Securities (Main Board),0.375,0.375,0.385,0.37,900000,0.34,0.384,0.382,-2.34,-1.83,-5.06,-3.85,-2.6,0.75,1.36,6.9,0.75,1.36,-48.67,-71.69,-94.42,50.0,72.43,False,False,False,False,False,False,False,False,False,2026-09-11
0810,0810.HK,CH CASTSON 81,中国铸晨８１,0.68,"6,000",Equity,Investment Companies,0.095,0.092,0.092,0.092,12000,0.0,0.095,0.095,0.21,0.32,0.0,1.06,6.74,0.17,1.23,25.4,0.17,1.23,-45.88,-92.52,-99.64,44.12,92.28,False,False,False,True,False,False,False,False,False,2026-09-11
0811,0811.HK,XINHUA WINSHARE,新华文轩,35.09,"1,000",Equity,Equity Securities (Main Board),7.94,8.1,8.1,7.89,2180000,17.31,7.995,7.951,-0.69,-0.14,-0.56,-1.18,-0.31,11.15,12.4,12.4,11.15,12.4,-27.35,-34.68,-34.68,28.79,35.97,False,False,False,False,False,False,False,False,False,2026-09-11
0813,0813.HK,SHIMAO GROUP,世茂集团,4.15,500,Equity,Equity Securities (Main Board),0.04,0.04,0.04,0.037,64963782,2.6,0.045,0.05,-10.71,-19.52,0.0,-18.37,-25.93,0.28,3.54,38.28,0.28,3.54,-85.45,-98.87,-99.9,85.45,98.87,False,False,False,False,False,False,False,False,False,2026-09-11
0815,0815.HK,CHI SILVER GP,中国白银集团,9.51,"2,000",Equity,Equity Securities (Main Board),0.241,0.248,0.248,0.237,36346000,8.76,0.254,0.261,-5.12,-7.66,-3.21,-7.31,-7.31,0.86,0.93,2.8,0.86,0.93,-71.16,-73.33,-91.14,71.98,74.09,False,False,False,False,False,False,False,False,False,2026-09-11
0816,0816.HK,JINMAO SERVICES,金茂服务,19.85,500,Equity,Equity Securities (Main Board),2.195,2.23,2.23,2.19,368500,0.81,2.219,2.271,-1.08,-3.33,-1.57,-0.23,-6.0,2.83,3.55,7.4,2.83,3.55,-21.2,-37.18,-69.86,22.44,38.17,False,False,False,False,False,False,False,False,False,2026-09-11
0817,0817.HK,CHINA JINMAO,中国金茂,166.88,"2,000",Equity,Equity Securities (Main Board),1.235,1.255,1.255,1.21,43319321,53.5,1.283,1.311,-3.74,-5.8,-1.98,-7.49,-11.15,2.04,2.04,6.23,2.04,2.04,-38.48,-38.48,-79.84,39.46,39.46,False,False,False,False,False,False,False,False,False,2026-09-11
0818,0818.HK,HI SUN TECH,高阳科技,9.16,"3,000",Equity,Equity Securities (Main Board),0.33,0.33,0.33,0.325,222000,0.07,0.336,0.339,-1.79,-2.51,0.0,-2.94,-4.35,0.54,0.73,3.25,0.54,0.73,-38.89,-54.79,-89.85,38.89,54.79,False,False,False,False,False,False,False,False,False,2026-09-11
0819,0819.HK,TIANNENG POWER,天能动力,42.79,"2,000",Equity,Equity Securities (Main Board),3.8,3.73,3.82,3.67,11889136,45.18,3.845,3.987,-1.17,-4.69,1.2,-2.81,-2.69,8.35,9.89,22.55,8.35,9.89,-54.25,-61.38,-83.06,54.49,61.58,False,False,False,False,False,False,False,False,False,2026-09-11
0821,0821.HK,VC HOLDINGS,汇盈控股,1.63,"8,000",Equity,Equity Securities (Main Board),0.44,0.42,0.455,0.42,2096000,0.92,0.439,0.449,0.23,-1.9,6.02,-5.38,-3.3,0.52,1.89,33.9,0.52,1.89,-13.33,-75.93,-98.66,16.19,76.72,False,False,False,False,False,False,False,False,False,2026-09-11
0822,0822.HK,KA SHUI INT'L,嘉瑞国际,2.68,"2,000",Equity,Equity Securities (Main Board),0.3,0.3,0.3,0.3,280000,0.08,0.313,0.325,-4.15,-7.55,-3.23,-4.76,-10.45,0.44,0.44,1.32,0.44,0.44,-31.82,-31.82,-77.27,31.82,31.82,False,False,False,False,False,False,False,False,False,2026-09-11
0825,0825.HK,NWDS CHINA,新世界百货中国,4.72,"1,000",Equity,Equity Securities (Main Board),0.28,0.265,0.28,0.265,102000,0.03,0.272,0.272,2.94,3.13,3.7,3.7,0.0,0.42,0.67,2.19,0.42,0.67,-33.33,-58.21,-87.21,33.33,58.21,False,False,False,True,False,False,False,False,False,2026-09-11
0826,0826.HK,TIANGONG INT'L,天工国际,88.83,"2,000",Equity,Equity Securities (Main Board),3.26,3.12,3.265,3.065,14996000,48.89,3.208,3.161,1.62,3.12,3.33,0.93,4.49,4.54,4.54,5.66,4.54,4.54,-28.08,-28.08,-42.31,28.19,28.19,False,False,False,True,False,False,False,False,False,2026-09-11
0827,0827.HK,KO YO GROUP,玖源集团,3.02,"4,000",Equity,Equity Securities (Main Board),0.043,0.044,0.044,0.043,324000,0.01,0.045,0.046,-3.59,-6.52,-4.44,-4.44,-6.52,0.09,0.12,0.41,0.09,0.12,-49.43,-63.93,-89.27,50.57,64.75,False,False,False,False,False,False,False,False,False,2026-09-11
0828,0828.HK,DYNASTY WINES,王朝酒业,2.27,"2,000",Equity,Equity Securities (Main Board),0.161,0.158,0.161,0.152,24000,0.0,0.162,0.163,-0.74,-1.47,-0.62,-3.01,-3.01,0.27,0.62,1.44,0.27,0.62,-40.37,-74.03,-88.82,40.37,74.03,False,False,False,False,False,False,False,False,False,2026-09-11
0829,0829.HK,SHENGUAN HLDGS,神冠控股,7.3,"2,000",Equity,Equity Securities (Main Board),0.226,0.201,0.238,0.199,7368000,1.67,0.213,0.184,6.2,22.83,13.57,2.26,42.14,0.28,0.34,0.74,0.28,0.34,-13.45,-30.0,-67.84,17.82,33.53,False,False,False,False,False,False,False,False,False,2026-09-11
0830,0830.HK,CSC DEVELOPMENT,中国建筑兴业,16.91,"2,000",Equity,Equity Securities (Main Board),0.75,0.745,0.75,0.7,544000,0.41,0.773,0.78,-2.98,-3.91,-3.23,-3.85,-3.85,1.31,2.65,3.02,1.31,2.65,-42.75,-71.7,-75.17,42.75,71.7,False,False,False,False,False,False,False,False,False,2026-09-11
0831,0831.HK,CR ASIA,利亚零售,3.05,"2,000",Equity,Equity Securities (Main Board),0.39,0.39,0.39,0.39,584000,0.23,0.384,0.384,1.56,1.43,0.0,2.63,2.63,0.47,0.79,5.27,0.47,0.79,-16.13,-50.63,-92.6,16.13,50.63,False,False,False,False,False,False,False,False,False,2026-09-11
0832,0832.HK,CENTRAL CHINA,建业地产,1.15,"1,000",Equity,Equity Securities (Main Board),0.038,0.033,0.04,0.033,952000,0.04,0.035,0.035,8.57,7.95,26.67,5.56,5.56,0.08,0.25,5.11,0.08,0.25,-47.37,-84.0,-99.22,50.0,84.8,False,False,False,True,False,False,False,False,False,2026-09-11
0833,0833.HK,ALLTRONICS,华讯,2.84,"4,000",Equity,Equity Securities (Main Board),0.6,0.6,0.61,0.6,536000,0.32,0.613,0.623,-2.12,-3.61,0.0,-4.0,-2.44,1.44,1.44,6.34,1.44,1.44,-57.64,-57.64,-90.38,58.33,58.33,False,False,False,False,False,False,False,False,False,2026-09-11
0836,0836.HK,CHINA RES POWER,华润电力,972.25,"2,000",Equity,Equity Securities (Main Board),18.78,18.8,19.08,18.54,19855735,372.89,18.868,18.761,-0.47,0.1,-0.16,-0.63,0.54,22.16,25.45,28.85,22.16,25.45,-13.9,-25.03,-33.86,15.25,26.21,False,False,False,False,False,False,False,False,False,2026-09-11
0837,0837.HK,CARPENTER TAN,谭木匠,14.65,500,Equity,Equity Securities (Main Board),5.89,5.905,5.905,5.855,20000,0.12,5.927,5.924,-0.62,-0.58,-0.84,-0.76,-0.25,8.05,8.68,8.68,8.05,8.68,-26.65,-31.97,-31.97,26.83,32.14,False,False,False,False,False,False,False,False,False,2026-09-11
0838,0838.HK,EVA HOLDINGS,亿和控股,12.11,"2,000",Equity,Equity Securities (Main Board),0.7,0.7,0.71,0.69,764000,0.53,0.732,0.743,-4.37,-5.79,-4.11,-5.41,-6.67,1.09,1.32,2.58,1.09,1.32,-34.86,-46.21,-72.48,35.78,46.97,False,False,False,False,False,False,False,False,False,2026-09-11
0839,0839.HK,CHINA EDU GROUP,中教控股,51.95,"1,000",Equity,Equity Securities (Main Board),1.855,1.86,1.89,1.83,3556680,6.6,1.862,1.86,-0.38,-0.27,0.0,-1.33,-0.54,3.36,6.87,20.8,3.36,6.87,-43.75,-72.49,-90.91,44.79,73.0,False,False,False,False,False,False,False,False,False,2026-09-11
0842,0842.HK,LEOCH INT'L,理士国际,12.47,"1,000",Equity,Equity Securities (Main Board),0.87,0.88,0.885,0.86,446000,0.39,0.901,0.927,-3.44,-6.2,-2.79,-3.87,-6.45,2.6,2.92,2.92,2.6,2.92,-65.96,-69.69,-69.69,66.54,70.21,False,False,False,False,False,False,False,False,False,2026-09-11
0846,0846.HK,MINGFA GROUP,明发集团,4.51,"1,000",Equity,Equity Securities (Main Board),0.074,0.074,0.074,0.074,2000,0.0,0.08,0.079,-7.04,-6.09,-8.64,-8.64,-8.64,0.14,0.36,1.89,0.14,0.36,-45.19,-79.44,-96.08,45.19,79.44,False,False,False,False,False,False,False,False,False,2026-09-11
0848,0848.HK,MAOYE INT'L,茂业国际,5.09,"1,000",Equity,Equity Securities (Main Board),0.099,0.099,0.099,0.099,377000,0.04,0.1,0.103,-0.8,-4.07,0.0,0.0,-3.88,0.14,0.22,1.04,0.14,0.22,-31.72,-53.95,-90.48,31.72,53.95,False,False,False,False,False,False,False,False,False,2026-09-11
0851,0851.HK,SHENG YUAN HLDG,盛源控股,1.46,"10,000",Equity,Equity Securities (Main Board),0.165,0.17,0.17,0.149,376000,0.06,0.169,0.166,-2.37,-0.3,-2.94,-2.94,0.0,0.43,0.43,4.55,0.43,0.43,-60.0,-60.0,-96.26,61.18,61.18,False,False,False,False,False,False,False,False,False,2026-09-11
0855,0855.HK,CHINA WATER,中国水务,70.27,"2,000",Equity,Equity Securities (Main Board),4.32,4.45,4.45,4.305,1398525,6.04,4.405,4.414,-1.93,-2.12,-1.82,-2.59,-2.37,5.71,7.05,11.56,5.71,7.05,-22.07,-36.88,-61.51,24.34,38.72,False,False,False,False,False,False,False,False,False,2026-09-11
0856,0856.HK,VSTECS,伟仕佳杰,135.69,"2,000",Equity,Equity Securities (Main Board),9.49,9.745,9.745,9.38,1265125,12.01,9.853,9.871,-3.68,-3.86,-1.96,-3.21,-6.69,12.72,12.72,12.72,12.72,12.72,-23.39,-23.39,-23.39,25.39,25.39,False,False,False,False,False,False,False,False,False,2026-09-11
0857,0857.HK,PETROCHINA,中国石油股份,2105.67,"2,000",Equity,Equity Securities (Main Board),9.98,10.16,10.24,9.96,99084498,988.86,10.162,10.146,-1.79,-1.64,-1.09,-3.57,-1.77,12.22,12.22,12.22,12.22,12.22,-16.2,-16.2,-16.2,18.33,18.33,False,False,False,False,False,False,False,False,False,2026-09-11
0858,0858.HK,EXTRAWELL PHAR,精优药业,2.12,"10,000",Equity,Equity Securities (Main Board),0.073,0.075,0.08,0.073,1680000,0.12,0.077,0.079,-5.19,-7.12,-7.59,-6.41,-7.59,0.12,0.15,0.47,0.12,0.15,-30.43,-46.31,-82.8,36.52,51.01,False,False,False,False,False,False,False,False,False,2026-09-11
0860,0860.HK,APOLLO FMG,ＡＰＯＬＬＯ出行,6.65,"4,000",Equity,Equity Securities (Main Board),0.65,0.685,0.7,0.64,280200,0.18,0.585,0.541,11.11,20.15,-5.11,18.18,32.65,0.76,2.04,42.6,0.76,2.04,-7.89,-65.69,-98.36,14.47,68.14,False,False,False,False,False,False,False,False,False,2026-09-11
0861,0861.HK,DC HOLDINGS,神州控股,34.64,"1,000",Equity,Equity Securities (Main Board),2.07,1.975,2.11,1.9,2273000,4.71,1.867,1.76,10.87,17.58,6.98,15.0,20.0,3.95,3.98,7.48,3.95,3.98,-46.58,-46.98,-71.79,47.59,47.99,False,False,False,False,False,False,False,False,False,2026-09-11
0862,0862.HK,VISION VALUES,远见控股,4.02,"10,000",Equity,Equity Securities (Main Board),1.025,1.0,1.025,1.0,20000,0.02,1.032,1.054,-0.68,-2.8,0.0,0.99,-2.84,2.01,2.01,7.6,2.01,2.01,-49.0,-49.0,-86.51,49.0,49.0,False,False,False,False,False,False,False,False,False,2026-09-11
0863,0863.HK,OSL GROUP,ＯＳＬ集团,93.3,500,Equity,Equity Securities (Main Board),10.34,10.2,10.34,9.925,1614790,16.7,10.518,10.934,-1.69,-5.43,0.39,-2.45,-9.77,20.18,20.3,25.0,20.18,20.3,-48.76,-49.06,-58.64,48.76,49.06,False,False,False,False,False,False,False,False,False,2026-09-11
0866,0866.HK,CHINA QINFA,中国秦发,55.44,"2,000",Equity,Equity Securities (Main Board),2.11,2.115,2.145,2.07,3416000,7.21,2.155,2.168,-2.09,-2.68,-3.87,-1.86,-3.87,4.34,4.34,4.34,4.34,4.34,-50.58,-50.58,-50.58,51.38,51.38,False,False,False,False,False,False,False,False,False,2026-09-11
0867,0867.HK,CMS,康哲药业,262.29,"1,000",Equity,Equity Securities (Main Board),10.78,10.9,11.03,10.71,17643162,190.19,10.97,11.014,-1.73,-2.12,-0.92,-2.36,-2.36,15.52,15.86,22.8,15.52,15.86,-28.93,-30.45,-51.62,30.54,32.03,False,False,False,False,False,False,False,False,False,2026-09-11
0868,0868.HK,XINYI GLASS,信义玻璃,389.17,"1,000",Equity,Equity Securities (Main Board),8.79,8.83,8.83,8.625,9780199,85.97,8.992,8.96,-2.25,-1.9,-0.45,-3.46,-5.13,12.35,12.35,34.2,12.35,12.35,-28.5,-28.5,-74.18,28.83,28.83,False,False,False,False,False,False,False,False,False,2026-09-11
0869,0869.HK,PLAYMATES TOYS,彩星玩具,5.45,"4,000",Equity,Equity Securities (Main Board),0.48,0.48,0.48,0.475,304000,0.15,0.475,0.47,1.05,2.02,0.0,3.23,1.05,0.5,0.85,1.63,0.5,0.85,-3.03,-43.53,-70.55,3.03,43.53,False,False,False,False,False,False,False,True,False,2026-09-11
0871,0871.HK,CH DREDG ENV,中国疏浚环保,0.72,"20,000",Equity,Equity Securities (Main Board),0.048,0.049,0.049,0.048,1340000,0.06,0.049,0.049,-2.44,-2.44,-2.04,-4.0,-4.0,0.11,0.28,1.42,0.11,0.28,-54.63,-82.81,-96.55,55.56,83.16,False,False,False,False,False,False,False,False,False,2026-09-11
0873,0873.HK,SHIMAO SERVICES,世茂服务,8.64,"1,000",Equity,Equity Securities (Main Board),0.35,0.35,0.355,0.35,487000,0.17,0.35,0.356,0.0,-1.69,-1.41,0.0,-2.78,0.69,1.82,27.55,0.69,1.82,-48.55,-80.49,-98.71,49.28,80.77,False,False,True,False,False,False,False,False,False,2026-09-11
0874,0874.HK,BAIYUNSHAN PH,白云山,29.27,"2,000",Equity,Equity Securities (Main Board),13.31,13.39,13.39,13.27,1770917,23.57,13.538,13.605,-1.68,-2.17,-0.89,-3.27,-1.48,19.98,24.2,42.5,19.98,24.2,-32.98,-44.67,-68.49,33.38,45.0,False,False,False,False,False,False,False,False,False,2026-09-11
0875,0875.HK,CONGYU INTE AGR,从玉智农,2.27,"2,000",Equity,Equity Securities (Main Board),0.325,0.32,0.325,0.295,2300000,0.75,0.323,0.31,0.62,4.84,1.56,-4.41,14.04,1.85,8.0,48.0,1.85,8.0,-82.43,-95.94,-99.32,82.43,95.94,False,False,False,True,False,False,False,False,False,2026-09-11
0876,0876.HK,KAISA HEALTH,佳兆业健康,1.99,"2,000",Equity,Equity Securities (Main Board),1.92,1.92,1.92,1.92,2600,0.0,1.946,1.969,-1.34,-2.49,-1.54,-1.54,-2.04,10.95,10.95,29.5,10.95,10.95,-82.47,-82.47,-93.49,82.47,82.47,False,False,False,False,False,False,False,False,False,2026-09-11
0878,0878.HK,SOUNDWILL HOLD,金朝阳集团,17.23,500,Equity,Equity Securities (Main Board),6.08,6.04,6.085,6.03,51000,0.31,6.107,6.165,-0.44,-1.38,-1.06,-0.49,-1.7,7.4,8.26,20.55,7.4,8.26,-17.77,-26.33,-70.39,17.84,26.39,False,False,False,False,False,False,False,False,False,2026-09-11
0880,0880.HK,SJM HOLDINGS,澳博控股,98.72,"1,000",Equity,Equity Securities (Main Board),1.39,1.395,1.395,1.37,5125802,7.12,1.418,1.41,-1.97,-1.42,-0.36,-4.47,-4.47,2.52,3.54,11.15,2.52,3.54,-44.64,-60.59,-87.49,44.84,60.73,False,False,False,False,False,False,False,False,False,2026-09-11
0881,0881.HK,ZHONGSHENG HLDG,中升控股,75.51,500,Equity,Equity Securities (Main Board),3.19,3.24,3.24,3.13,12631618,40.29,3.363,3.603,-5.14,-11.45,-0.47,-10.14,-11.76,13.03,23.3,77.6,13.03,23.3,-75.13,-86.09,-95.82,75.52,86.31,False,False,False,False,False,False,False,False,False,2026-09-11
0882,0882.HK,TIANJIN DEV,天津发展,22.26,"2,000",Equity,Equity Securities (Main Board),2.075,2.095,2.095,2.04,256000,0.53,2.098,2.098,-1.1,-1.1,-0.48,-2.35,-1.89,2.76,2.98,5.02,2.76,2.98,-24.09,-29.7,-58.27,24.82,30.37,False,False,False,False,False,False,False,False,False,2026-09-11
0883,0883.HK,CNOOC,中国海洋石油,10858.84,"1,000",Equity,Equity Securities (Main Board),24.38,25.4,25.4,24.28,87290204,2128.14,25.192,25.114,-3.22,-2.92,-2.56,-5.72,-2.71,30.98,30.98,30.98,30.98,30.98,-18.01,-18.01,-18.01,21.3,21.3,False,False,False,False,False,False,False,False,False,2026-09-11
0884,0884.HK,CIFI HOLD GP,旭辉控股集团,6.42,"2,000",Equity,Equity Securities (Main Board),0.033,0.034,0.034,0.032,63997453,2.11,0.037,0.038,-10.81,-12.93,-5.71,-15.38,-17.5,0.17,1.0,7.5,0.17,1.0,-80.35,-96.6,-99.55,80.92,96.7,False,False,False,False,False,False,False,False,False,2026-09-11
0887,0887.HK,EMPEROR WATCH&J,英皇钟表珠宝,21.04,"10,000",Equity,Equity Securities (Main Board),0.29,0.295,0.3,0.29,6220000,1.8,0.297,0.296,-2.36,-2.03,-3.33,-1.69,-1.69,0.4,0.65,0.65,0.4,0.65,-24.05,-53.85,-53.85,26.58,55.38,False,False,False,False,False,False,False,False,False,2026-09-11
0888,0888.HK,BLOCKFIN HLDG,链信控股,0.61,"2,000",Equity,Equity Securities (Main Board),0.043,0.046,0.046,0.043,176000,0.01,0.042,0.041,1.9,5.13,-2.27,7.5,7.5,0.1,0.15,2.03,0.1,0.15,-52.08,-69.33,-97.73,55.21,71.33,False,False,False,False,False,False,False,False,False,2026-09-11
0889,0889.HK,DATRONIX HOLD,连达科技控股,1.23,"2,000",Equity,Equity Securities (Main Board),0.385,0.37,0.385,0.36,410000,0.16,0.384,0.384,0.26,0.13,2.67,0.0,1.32,1.35,1.35,1.46,1.35,1.35,-71.48,-71.48,-73.63,71.48,71.48,False,False,False,True,False,False,False,False,False,2026-09-11
0893,0893.HK,CHINAVTM MINING,中国铁钛,1.46,"1,000",Equity,Equity Securities (Main Board),0.065,0.061,0.067,0.058,555000,0.04,0.068,0.071,-3.85,-7.93,-1.52,-4.41,-12.16,0.11,0.15,0.47,0.11,0.15,-38.53,-55.33,-85.89,40.37,56.67,False,False,False,False,False,False,False,False,False,2026-09-11
0894,0894.HK,MAN YUE TECH,万裕科技,9.92,"2,000",Equity,Equity Securities (Main Board),2.07,1.89,2.115,1.87,6728000,13.93,1.903,1.785,8.78,15.97,6.15,19.31,24.32,8.58,8.58,8.58,8.58,8.58,-75.35,-75.35,-75.35,75.87,75.87,False,False,False,False,False,False,False,False,False,2026-09-11
0895,0895.HK,DONGJIANG ENV,东江环保,3.22,200,Equity,Equity Securities (Main Board),1.61,1.6,1.62,1.57,1461800,2.35,1.618,1.646,-0.49,-2.19,0.0,-0.92,-3.59,3.05,3.7,14.02,3.05,3.7,-46.89,-56.22,-88.45,47.21,56.49,False,False,False,False,False,False,False,False,False,2026-09-11
0897,0897.HK,WAI YUEN TONG,位元堂,3.68,"5,000",Equity,Equity Securities (Main Board),0.33,0.305,0.335,0.305,2058470,0.68,0.313,0.314,5.43,5.26,6.45,6.45,8.2,0.41,0.51,0.51,0.41,0.51,-19.28,-34.31,-34.31,20.48,35.29,False,False,False,True,False,False,False,False,False,2026-09-11
0898,0898.HK,MULTIFIELD INTL,万事昌国际,7.73,"2,000",Equity,Equity Securities (Main Board),0.925,0.925,0.925,0.925,8000,0.01,0.929,0.951,-0.43,-2.79,-0.54,-0.54,-0.54,1.19,1.25,2.75,1.19,1.25,-22.27,-26.0,-66.36,22.27,26.0,False,False,False,False,False,False,False,False,False,2026-09-11
0900,0900.HK,AEON CREDIT,AEON CREDIT,38.02,"2,000",Equity,Equity Securities (Main Board),9.08,9.08,9.12,9.08,54000,0.49,9.133,9.124,-0.58,-0.48,-0.22,-1.09,-0.93,9.28,9.28,9.28,9.28,9.28,-1.78,-1.78,-1.78,2.21,2.21,False,False,False,False,False,False,False,True,True,2026-09-11
0901,0901.HK,SDMC,华曦达,145.11,100,Equity,Equity Securities (Main Board),69.3,68.7,72.0,67.0,157400,10.91,69.62,72.12,-0.46,-3.91,-1.7,-2.05,-8.21,88.45,88.45,88.45,88.45,88.45,-18.6,-18.6,-18.6,21.65,21.65,False,False,False,False,False,False,False,False,False,2026-09-11
0902,0902.HK,HUANENG POWER,华能国际电力股份,269.1,"2,000",Equity,Equity Securities (Main Board),5.725,5.77,5.785,5.67,14452066,82.74,5.763,5.677,-0.66,0.84,-0.78,-0.69,1.87,7.63,7.63,7.63,7.63,7.63,-24.18,-24.18,-24.18,24.97,24.97,False,False,False,False,False,False,False,False,False,2026-09-11
0905,0905.HK,WALNUT CAP,胡桃资本,1.94,"16,000",Equity,Investment Companies,0.185,0.186,0.186,0.185,368000,0.07,0.183,0.175,1.31,5.59,0.0,0.54,5.71,1.8,2.45,2.45,1.8,2.45,-89.67,-92.41,-92.41,89.72,92.45,False,False,False,False,False,False,False,False,False,2026-09-11
0909,0909.HK,MING YUAN CLOUD,明源云,20.69,"1,000",Equity,Equity Securities (Main Board),1.09,1.095,1.12,1.045,14646000,15.96,1.103,1.108,-1.18,-1.58,-1.36,-4.8,-1.36,3.7,4.83,60.8,3.7,4.83,-69.73,-76.81,-98.16,70.54,77.43,False,False,False,False,False,False,False,False,False,2026-09-11
0910,0910.HK,CHINA SANDI,中国三迪,0.97,"6,000",Equity,Equity Securities (Main Board),0.019,0.018,0.022,0.018,1507100,0.03,0.022,0.025,-13.64,-24.3,0.0,-17.39,-32.14,0.05,0.19,0.69,0.05,0.19,-51.11,-88.42,-96.81,57.78,90.0,False,False,False,False,False,False,False,False,False,2026-09-11
0911,0911.HK,QIANHAI HEALTH,前海健康,0.73,"10,000",Equity,Equity Securities (Main Board),0.43,0.43,0.43,0.43,40700,0.02,0.453,0.482,-5.08,-10.88,-3.37,-9.47,-8.51,1.4,1.4,21.0,1.4,1.4,-69.29,-69.29,-97.95,69.29,69.29,False,False,False,False,False,False,False,False,False,2026-09-11
0912,0912.HK,SUGA INT'L,信佳国际,2.99,"2,000",Equity,Equity Securities (Main Board),1.05,1.05,1.05,1.045,48000,0.05,1.053,1.062,-0.28,-1.13,0.48,-1.87,-1.87,1.24,1.36,2.98,1.24,1.36,-15.32,-22.79,-64.77,15.32,22.79,False,False,False,False,False,False,False,False,False,2026-09-11
0914,0914.HK,CONCH CEMENT,海螺水泥,212.01,500,Equity,Equity Securities (Main Board),16.49,16.9,16.9,16.46,12398171,204.45,16.748,16.738,-1.54,-1.48,-1.55,-2.08,-1.02,27.14,27.14,62.05,27.14,27.14,-37.73,-37.73,-72.76,39.24,39.24,False,False,False,False,False,False,False,False,False,2026-09-11
0915,0915.HK,DAOHE GLOBAL,道和环球,0.91,"1,000",Equity,Equity Securities (Main Board),0.06,0.06,0.06,0.06,1000,0.0,0.053,0.048,12.36,25.26,0.0,27.66,27.66,0.07,0.25,4.52,0.07,0.25,-15.49,-76.47,-98.67,15.49,76.47,False,False,False,False,False,False,False,False,False,2026-09-11
0916,0916.HK,CHINA LONGYUAN,龙源电力,175.52,"1,000",Equity,Equity Securities (Main Board),5.29,5.445,5.445,5.275,14556705,77.0,5.405,5.367,-2.13,-1.44,-2.85,-2.58,-1.03,8.57,8.66,20.25,8.57,8.66,-36.46,-37.12,-73.11,38.27,38.91,False,False,False,False,False,False,False,False,False,2026-09-11
0917,0917.HK,QUNABOX GROUP,趣致集团,21.38,100,Equity,Equity Securities (Main Board),8.07,7.95,8.385,7.89,9436666,76.15,8.362,8.771,-3.49,-8.0,1.51,-8.19,-15.98,37.0,137.0,137.0,37.0,137.0,-77.34,-93.88,-93.88,78.19,94.11,False,False,False,False,False,False,False,False,False,2026-09-11
0918,0918.HK,MAJESTIC DRAGON,龙翼航空科技,22.28,"6,000",Equity,Equity Securities (Main Board),2.0,2.0,2.05,1.845,492000,0.98,1.969,2.123,1.57,-5.79,0.0,4.71,-10.91,3.2,3.2,5.57,3.2,3.2,-35.94,-35.94,-63.21,37.5,37.5,False,False,False,False,False,False,False,False,False,2026-09-11
0919,0919.HK,MODERNHEALTHTEC,现代健康科技,0.73,"4,000",Equity,Equity Securities (Main Board),0.081,0.077,0.081,0.077,48000,0.0,0.081,0.078,0.25,3.58,0.0,0.0,3.85,0.12,0.15,0.43,0.12,0.15,-29.57,-46.71,-81.16,29.57,46.71,False,False,False,True,False,False,False,False,False,2026-09-11
0921,0921.HK,HISENSE HA,海信家电,106.53,"1,000",Equity,Equity Securities (Main Board),23.18,22.4,23.34,22.4,552022,12.8,22.556,22.196,2.77,4.43,1.58,4.04,2.75,27.48,39.5,39.5,27.48,39.5,-15.07,-40.91,-40.91,15.65,41.32,True,False,False,False,False,False,False,False,False,2026-09-11
0922,0922.HK,ANXIANYUAN CH,安贤园中国,2.31,"10,000",Equity,Equity Securities (Main Board),0.104,0.105,0.107,0.104,500000,0.05,0.105,0.105,-0.95,-0.86,-0.95,-1.89,-3.7,0.14,0.2,1.3,0.14,0.2,-23.57,-46.5,-91.77,25.71,48.0,False,False,False,False,False,False,False,False,False,2026-09-11
0923,0923.HK,IWS,综合环保集团,0.77,"2,000",Equity,Equity Securities (Main Board),0.016,0.017,0.017,0.015,21998000,0.35,0.017,0.017,-4.76,-3.03,-5.88,-5.88,-5.88,0.02,0.05,0.23,0.02,0.05,-22.73,-64.58,-92.77,27.27,66.67,False,False,False,False,False,False,False,False,False,2026-09-11
0926,0926.HK,BESUNYEN,碧生源,2.89,"1,000",Equity,Equity Securities (Main Board),2.36,2.36,2.36,2.36,1850,0.0,2.358,2.384,0.08,-1.01,0.0,0.0,-0.84,2.86,5.3,18.4,2.86,5.3,-17.48,-55.47,-87.17,17.48,55.47,False,False,False,False,False,False,False,False,False,2026-09-11
0927,0927.HK,FUJIKON IND,富士高实业,2.2,"2,000",Equity,Equity Securities (Main Board),0.43,0.465,0.465,0.43,12000,0.01,0.447,0.441,-3.8,-2.49,-8.51,-4.44,0.0,0.7,0.86,1.63,0.7,0.86,-33.57,-45.93,-71.47,38.57,50.0,False,False,False,False,False,False,False,False,False,2026-09-11
0928,0928.HK,KING INTL INV,帝王国际投资,2.76,"20,000",Equity,Equity Securities (Main Board),0.149,0.132,0.15,0.131,6109600,0.91,0.143,0.131,4.49,13.91,2.05,8.76,25.21,0.15,0.6,8.25,0.15,0.6,-0.66,-75.0,-98.18,1.32,75.17,False,False,False,False,False,False,False,True,False,2026-09-11
0929,0929.HK,IPE GROUP,国际精密,5.68,"5,000",Equity,Equity Securities (Main Board),0.54,0.51,0.565,0.5,1395000,0.75,0.523,0.524,3.25,3.05,5.88,1.89,3.85,1.4,1.4,2.35,1.4,1.4,-59.64,-59.64,-75.96,61.43,61.43,False,False,False,True,False,False,False,False,False,2026-09-11
0931,0931.HK,CHINA HK POWER,中国港能,26.11,"2,000",Equity,Equity Securities (Main Board),0.32,0.31,0.325,0.31,1202000,0.38,0.32,0.32,0.0,-0.0,-1.54,0.0,1.59,0.6,0.76,2.42,0.6,0.76,-45.83,-57.24,-86.57,46.67,57.89,False,False,True,False,False,False,False,False,False,2026-09-11
0932,0932.HK,SHUNTEN INTL,顺腾国际控股,0.93,"4,000",Equity,Equity Securities (Main Board),0.03,0.029,0.03,0.028,3600000,0.11,0.029,0.029,2.04,2.74,0.0,3.45,3.45,0.04,0.08,1.97,0.04,0.08,-25.0,-60.53,-98.48,25.0,60.53,False,False,True,True,False,False,False,False,False,2026-09-11
0933,0933.HK,VIVA GOODS,非凡领越,34.36,"8,000",Equity,Equity Securities (Main Board),0.345,0.345,0.345,0.33,1534000,0.53,0.347,0.346,-0.58,-0.14,0.0,-4.17,-6.76,0.71,1.54,1.97,0.71,1.54,-51.41,-77.6,-82.49,51.41,77.6,False,False,False,False,False,False,False,False,False,2026-09-11
0934,0934.HK,SINOPEC KANTONS,中石化冠德,94.47,"2,000",Equity,Equity Securities (Main Board),3.8,3.775,3.81,3.74,2278000,8.66,3.78,3.73,0.53,1.89,0.13,0.93,4.11,4.52,5.01,5.56,4.52,5.01,-15.71,-23.95,-31.47,15.93,24.15,False,False,False,False,False,False,False,False,False,2026-09-11
0936,0936.HK,KAISA CAPITAL,佳兆业资本,2.92,"10,000",Equity,Equity Securities (Main Board),0.275,0.28,0.28,0.255,110000,0.03,0.291,0.302,-5.5,-8.94,-3.51,-9.84,-11.29,0.49,1.35,1.53,0.49,1.35,-42.27,-79.26,-81.7,43.3,79.63,False,False,False,False,False,False,False,False,False,2026-09-11
0939,0939.HK,CCB,建设银行,23440.69,"1,000",Equity,Equity Securities (Main Board),9.75,9.705,9.84,9.67,255017158,2486.42,9.644,9.632,1.1,1.23,-0.15,1.99,-0.1,9.88,9.88,9.88,9.88,9.88,-0.4,-0.4,-0.4,1.32,1.32,False,False,False,False,False,False,False,True,True,2026-09-11
0941,0941.HK,CHINA MOBILE,中国移动,16401.87,500,Equity,Equity Securities (Main Board),78.9,78.85,79.0,78.35,8588202,677.61,78.94,79.185,-0.05,-0.36,0.06,0.0,-0.94,88.05,90.6,98.0,88.05,90.6,-10.28,-12.8,-19.39,10.39,12.91,False,False,False,False,False,False,False,False,False,2026-09-11
0945,0945.HK,MANULIFE-S,宏利金融－Ｓ,5649.74,100,Equity,Equity Securities (Main Board),341.0,339.6,341.0,339.6,6021,2.05,342.36,338.7,-0.4,0.68,0.83,-1.22,-0.93,352.0,352.0,352.0,352.0,352.0,-3.12,-3.12,-3.12,3.12,3.12,False,False,False,False,False,False,False,True,True,2026-09-11
0947,0947.HK,MOBI DEV,摩比发展,1.45,"1,000",Equity,Equity Securities (Main Board),0.182,0.179,0.182,0.168,31000,0.01,0.178,0.176,2.25,3.35,1.68,4.0,0.0,0.44,0.44,1.74,0.44,0.44,-58.16,-58.16,-89.54,58.16,58.16,True,False,False,True,False,False,False,False,False,2026-09-11
0950,0950.HK,LEE'S PHARM,李氏大药厂,6.83,500,Equity,Equity Securities (Main Board),1.16,1.17,1.175,1.15,185500,0.22,1.192,1.228,-2.68,-5.54,-0.43,-2.93,-5.69,1.69,2.7,14.7,1.69,2.7,-30.47,-56.48,-92.01,31.36,57.04,False,False,False,False,False,False,False,False,False,2026-09-11
0951,0951.HK,CHAOWEI POWER,超威动力,12.37,"1,000",Equity,Equity Securities (Main Board),1.12,1.11,1.12,1.1,509000,0.57,1.132,1.155,-1.06,-3.03,-1.32,-0.44,-2.18,2.61,2.61,7.82,2.61,2.61,-57.09,-57.09,-85.68,57.09,57.09,False,False,False,False,False,False,False,False,False,2026-09-11
0953,0953.HK,SHAW BROTHERS,邵氏兄弟控股,2.43,"2,000",Equity,Equity Securities (Main Board),0.171,0.17,0.173,0.17,2518000,0.43,0.171,0.173,0.0,-1.33,1.18,0.59,-1.72,0.4,0.4,1.13,0.4,0.4,-56.75,-56.75,-84.69,57.25,57.25,False,False,False,False,False,False,False,False,False,2026-09-11
0954,0954.HK,CHANGMAO BIO,常茂生物,0.4,"4,000",Equity,Equity Securities (Main Board),0.218,0.218,0.218,0.218,200000,0.04,0.221,0.224,-1.45,-2.72,0.0,-3.11,-3.96,0.36,0.66,1.65,0.36,0.66,-39.44,-66.97,-86.79,39.44,66.97,False,False,False,False,False,False,False,False,False,2026-09-11
0956,0956.HK,CHINA SUNTIEN,新天绿色能源,68.46,"1,000",Equity,Equity Securities (Main Board),3.19,3.33,3.345,3.19,37252077,118.83,3.3,3.287,-3.33,-2.94,-4.63,-3.77,-2.0,4.66,4.78,8.23,4.66,4.78,-28.22,-30.02,-59.36,31.55,33.26,False,False,False,False,False,False,False,False,False,2026-09-11
0960,0960.HK,LONGFOR GROUP,龙湖集团,402.42,500,Equity,Equity Securities (Main Board),5.67,5.92,5.97,5.67,31359470,177.81,5.998,6.033,-5.47,-6.02,-5.42,-8.92,-10.36,10.83,20.15,53.6,10.83,20.15,-44.88,-70.37,-88.86,47.65,71.86,False,False,False,False,False,False,False,False,False,2026-09-11
0966,0966.HK,CHINA TAIPING,中国太平,764.81,200,Equity,Equity Securities (Main Board),21.28,21.32,21.58,20.86,6210169,132.15,21.512,21.684,-1.08,-1.86,-1.3,-0.37,-6.09,25.96,25.96,36.1,25.96,25.96,-16.87,-16.87,-40.22,18.03,18.03,False,False,False,False,False,False,False,False,False,2026-09-11
0968,0968.HK,XINYI SOLAR,信义光能,191.17,"2,000",Equity,Equity Securities (Main Board),2.09,2.12,2.12,2.06,40166032,83.95,2.143,2.159,-2.47,-3.17,-1.88,-2.79,-3.46,3.73,6.82,24.8,3.73,6.82,-43.16,-68.91,-91.45,43.97,69.35,False,False,False,False,False,False,False,False,False,2026-09-11
0969,0969.HK,HUA LIEN INT'L,华联国际,2.5,"2,000",Equity,Equity Securities (Main Board),0.114,0.132,0.15,0.104,10240000,1.17,0.102,0.087,11.33,30.29,-3.39,67.65,70.15,0.3,0.35,0.35,0.3,0.35,-50.0,-57.14,-57.14,62.0,67.43,False,False,False,False,False,False,False,False,False,2026-09-11
0970,0970.HK,NEW SPARKLEROLL,新耀莱,2.7,"2,000",Equity,Equity Securities (Main Board),0.4,0.39,0.42,0.39,132000,0.05,0.372,0.361,7.53,10.65,2.56,11.11,25.0,0.55,3.26,15.04,0.55,3.26,-23.64,-87.12,-97.21,27.27,87.73,False,False,False,False,False,False,False,False,False,2026-09-11
0974,0974.HK,SKL,中国顺客隆,2.25,"1,000",Equity,Equity Securities (Main Board),0.775,0.775,0.775,0.775,43000,0.03,0.741,0.745,4.59,3.96,0.0,6.16,12.32,1.24,2.8,4.35,1.24,2.8,-37.5,-72.32,-82.18,37.5,72.32,False,False,False,False,False,False,False,False,False,2026-09-11
0975,0975.HK,MONGOL MINING,MONGOL MINING,99.04,"3,000",Equity,Equity Securities (Main Board),9.655,9.715,9.815,9.07,7656752,73.93,9.998,10.087,-3.43,-4.28,-0.31,-6.62,-6.62,14.58,14.78,14.78,14.58,14.78,-32.68,-33.59,-33.59,33.78,34.68,False,False,False,False,False,False,False,False,False,2026-09-11
0978,0978.HK,CHI MER LAND,招商局置地,11.77,"2,000",Equity,Equity Securities (Main Board),0.24,0.235,0.24,0.235,16000,0.0,0.239,0.239,0.5,0.33,2.56,0.84,0.0,0.31,0.56,1.92,0.31,0.56,-21.31,-57.14,-87.5,21.31,57.14,False,False,False,True,False,False,False,False,False,2026-09-11
0979,0979.HK,GREEN ENERGY GP,绿色能源科技集团,4.84,"2,000",Equity,Equity Securities (Main Board),0.35,0.405,0.405,0.34,256000,0.09,0.384,0.329,-8.85,6.38,-2.78,-17.65,9.38,0.46,0.46,0.69,0.46,0.46,-11.96,-11.96,-41.3,23.91,23.91,False,False,False,False,False,False,False,False,False,2026-09-11
0981,0981.HK,SMIC,中芯国际,3798.15,500,Equity,Equity Securities (Main Board),63.15,62.6,63.5,61.5,42955970,2712.67,65.05,66.835,-2.92,-5.51,-0.47,-3.37,-6.03,93.0,93.5,93.5,93.0,93.5,-31.72,-32.09,-32.09,32.1,32.46,False,False,False,False,False,False,False,False,False,2026-09-11
0983,0983.HK,SOCAM DEV,瑞安建业,1.89,"2,000",Equity,Equity Securities (Main Board),0.505,0.485,0.5,0.485,74000,0.04,0.522,0.455,-3.26,10.87,-0.98,-4.72,12.22,0.55,0.86,3.16,0.55,0.86,-8.26,-41.86,-84.18,7.34,41.28,False,False,False,False,False,False,False,True,False,2026-09-11
0984,0984.HK,AEON STORES,永旺,0.65,500,Equity,Equity Securities (Main Board),0.249,0.25,0.25,0.249,9000,0.0,0.254,0.248,-1.89,0.32,-2.35,-4.23,0.4,0.42,0.82,8.0,0.42,0.82,-40.48,-69.51,-96.88,40.71,69.63,False,False,False,False,False,False,False,False,False,2026-09-11
0986,0986.HK,DUFU LIQUOR GP,杜甫酒业集团,0.35,"5,000",Equity,Equity Securities (Main Board),0.27,0.27,0.27,0.27,5000,0.0,0.272,0.269,-0.74,0.56,0.0,-1.82,-1.82,0.97,1.68,14.83,0.97,1.68,-72.16,-83.93,-98.18,72.16,83.93,False,False,False,False,False,False,False,False,False,2026-09-11
0987,0987.HK,CH RENEW EN INV,中国再生能源投资,5.26,"2,000",Equity,Equity Securities (Main Board),0.21,0.204,0.23,0.204,1280000,0.27,0.205,0.205,2.44,2.54,2.44,2.94,2.44,0.24,0.24,0.44,0.24,0.24,-5.74,-5.74,-47.13,13.93,13.93,False,False,True,True,False,False,False,False,False,2026-09-11
0989,0989.HK,CHINA CBS INTL,中国长白山国际,2.02,"10,000",Equity,Equity Securities (Main Board),0.56,0.565,0.565,0.56,50000,0.03,0.568,0.583,-1.41,-3.86,-0.88,-1.75,-5.88,0.98,4.34,46.6,0.98,4.34,-42.35,-86.98,-98.79,42.86,87.1,False,False,False,False,False,False,False,False,False,2026-09-11
0990,0990.HK,DEEP SOURCE,至源控股,82.7,"10,000",Equity,Equity Securities (Main Board),0.56,0.58,0.58,0.555,10380000,5.81,0.593,0.574,-5.56,-2.44,-3.45,-7.44,-0.88,0.97,0.99,1.7,0.97,0.99,-40.21,-41.41,-65.88,42.27,43.43,False,False,False,False,False,False,False,False,False,2026-09-11
0991,0991.HK,DATANG POWER,大唐发电,163.76,"2,000",Equity,Equity Securities (Main Board),2.68,2.73,2.73,2.655,21457656,57.51,2.719,2.646,-1.43,1.3,-1.83,-1.47,2.88,3.61,3.61,3.61,3.61,3.61,-24.38,-24.38,-24.38,25.76,25.76,False,False,False,False,False,False,False,False,False,2026-09-11
0992,0992.HK,LENOVO GROUP,联想集团,3885.82,"2,000",Equity,Equity Securities (Main Board),31.3,31.48,31.72,30.6,78230415,2448.61,31.74,31.286,-1.39,0.04,-2.98,3.1,-3.4,36.16,36.16,36.16,36.16,36.16,-12.28,-12.28,-12.28,13.44,13.44,False,False,False,False,False,False,False,False,False,2026-09-11
0993,0993.HK,XINKONG INT CAP,信控国际资本,8.45,"1,000",Equity,Equity Securities (Main Board),0.097,0.091,0.097,0.091,254000,0.02,0.093,0.092,4.08,5.32,1.04,6.59,3.19,0.16,1.0,3.49,0.16,1.0,-37.42,-90.3,-97.22,37.42,90.3,True,False,False,True,False,False,False,False,False,2026-09-11
0994,0994.HK,CT VISION,中天宏信,3.03,"4,000",Equity,Equity Securities (Main Board),0.235,0.232,0.238,0.225,956000,0.22,0.239,0.246,-1.76,-4.32,1.29,-2.89,-7.84,0.6,0.6,2.74,0.6,0.6,-60.33,-60.33,-91.31,60.83,60.83,False,False,False,False,False,False,False,False,False,2026-09-11
0995,0995.HK,ANHUIEXPRESSWAY,安徽皖通高速公路,84.44,"2,000",Equity,Equity Securities (Main Board),15.55,15.7,15.7,15.41,358025,5.57,15.85,15.86,-1.89,-1.95,-1.89,-2.51,-3.05,18.3,18.3,18.3,18.3,18.3,-14.21,-14.21,-14.21,15.03,15.03,False,False,False,False,False,False,False,False,False,2026-09-11
0997,0997.HK,CHINLINK INTL,普汇中金国际,0.26,"8,000",Equity,Equity Securities (Main Board),0.022,0.022,0.022,0.022,432800,0.01,0.023,0.023,-4.35,-3.08,0.0,-4.35,-8.33,0.04,0.05,12.99,0.04,0.05,-43.59,-55.1,-99.83,43.59,55.1,False,False,False,False,False,False,False,False,False,2026-09-11
0998,0998.HK,CITIC BANK,中信银行,1258.29,"1,000",Equity,Equity Securities (Main Board),8.455,8.39,8.51,8.33,35205077,297.66,8.386,8.401,0.82,0.64,0.3,0.96,-0.35,8.6,8.6,8.6,8.6,8.6,-1.05,-1.05,-1.05,1.69,1.69,True,False,False,True,False,False,False,True,True,2026-09-11
0999,0999.HK,XIAOCAIYUAN,小菜园,93.09,800,Equity,Equity Securities (Main Board),7.99,8.495,8.495,7.8,32360800,258.56,7.981,7.762,0.11,2.94,-4.82,-1.72,5.27,9.78,13.02,13.02,9.78,13.02,-13.14,-34.75,-34.75,18.3,38.63,False,False,False,False,False,False,False,False,False,2026-09-11
1000,1000.HK,BEIJING MEDIA,北青传媒,0.22,500,Equity,Equity Securities (Main Board),0.4,0.4,0.4,0.4,1500,0.0,0.399,0.4,0.25,0.13,1.27,0.0,0.0,0.93,0.93,4.4,0.93,0.93,-56.99,-56.99,-90.91,56.99,56.99,False,False,False,False,False,False,False,False,False,2026-09-11
1003,1003.HK,HUANXI MEDIA,欢喜传媒,8.51,"10,000",Equity,Equity Securities (Main Board),0.194,0.195,0.195,0.194,170000,0.03,0.2,0.201,-3.1,-3.39,-3.0,-3.96,-4.9,0.4,0.99,3.18,0.4,0.99,-51.25,-80.3,-93.87,51.5,80.4,False,False,False,False,False,False,False,False,False,2026-09-11
1009,1009.HK,INT'L ENT,国际娱乐,20.4,"10,000",Equity,Equity Securities (Main Board),1.49,1.49,1.49,1.49,110000,0.16,1.49,1.48,0.0,0.71,0.0,-0.67,0.68,1.56,2.9,2.9,1.56,2.9,-4.49,-48.62,-48.62,4.49,48.62,False,False,False,False,False,False,False,True,False,2026-09-11
1010,1010.HK,SKY BLUE 11,天玺曜１１,0.29,"2,000",Equity,Equity Securities (Main Board),0.065,0.065,0.065,0.05,10552000,0.69,0.048,0.04,34.3,63.73,0.0,96.97,109.68,0.11,4.33,7.3,0.11,4.33,-40.91,-98.5,-99.11,40.91,98.5,False,False,False,False,False,False,False,False,False,2026-09-11
1011,1011.HK,NT PHARMA,泰凌医药,6.47,"10,000",Equity,Equity Securities (Main Board),0.36,0.355,0.355,0.355,10000,0.0,0.388,0.412,-7.22,-12.73,-7.69,-10.0,-14.29,0.9,1.4,2.48,0.9,1.4,-60.56,-74.64,-85.69,60.0,74.29,False,False,False,False,False,False,False,False,False,2026-09-11
1020,1020.HK,CIPRUN TECH,中细软科技,14.96,"4,000",Equity,Equity Securities (Main Board),0.25,0.25,0.25,0.24,11440000,2.86,0.254,0.27,-1.5,-7.37,0.0,-3.85,-9.09,0.55,0.55,0.55,0.55,0.55,-54.55,-54.55,-54.55,54.55,54.55,False,False,False,False,False,False,False,False,False,2026-09-11
1021,1021.HK,HUAYAN ROBOTICS,华沿机器人,64.09,200,Equity,Equity Securities (Main Board),11.89,9.525,17.45,9.31,77102235,916.75,10.268,9.55,15.8,24.5,25.62,16.11,29.52,25.12,25.12,25.12,25.12,25.12,-30.53,-30.53,-30.53,52.67,52.67,False,False,False,True,False,False,False,False,False,2026-09-11
1022,1022.HK,FEIYU,飞鱼科技,5.95,"1,500",Equity,Equity Securities (Main Board),0.34,0.335,0.34,0.335,202500,0.07,0.356,0.353,-4.49,-3.82,-4.23,-5.56,-2.86,0.71,1.01,1.5,0.71,1.01,-52.11,-66.34,-77.33,52.11,66.34,False,False,False,False,False,False,False,False,False,2026-09-11
1024,1024.HK,KUAISHOU-W,快手－Ｗ,1145.41,100,Equity,Equity Securities (Main Board),31.26,31.02,31.68,30.94,28811341,900.64,32.452,33.054,-3.67,-5.43,-1.26,-5.39,-7.13,85.2,92.6,417.8,85.2,92.6,-62.82,-65.79,-92.42,63.31,66.24,False,False,False,False,False,False,False,False,False,2026-09-11
1025,1025.HK,KNT HOLDINGS,嘉艺控股,0.93,"8,000",Equity,Equity Securities (Main Board),0.207,0.2,0.207,0.197,12283000,2.54,0.197,0.199,4.86,3.97,5.61,4.02,3.5,0.35,8.8,88.66,0.35,8.8,-41.69,-97.65,-99.77,41.69,97.65,False,False,False,True,False,False,False,False,False,2026-09-11
1026,1026.HK,UNIVERSAL TECH,环球实业科技,4.08,"10,000",Equity,Equity Securities (Main Board),0.074,0.069,0.075,0.069,290000,0.02,0.064,0.057,16.35,29.14,7.25,19.35,45.1,0.13,0.21,0.45,0.13,0.21,-43.61,-64.11,-83.24,44.36,64.59,False,False,False,False,False,False,False,False,False,2026-09-11
1027,1027.HK,ASIA STRAT-1K,亚洲策略（一千）,10.56,"1,000",Equity,Equity Securities (Main Board),2.53,2.51,2.605,2.46,143050,0.36,2.746,2.819,-7.87,-10.25,-9.48,-9.64,-11.23,4.5,5.0,140.0,4.5,5.0,-42.11,-47.9,-98.14,43.78,49.4,False,False,False,False,False,False,False,False,False,2026-09-11
1028,1028.HK,C.BANNER,千百度,22.31,"1,000",Equity,Equity Securities (Main Board),0.895,1.045,1.05,0.875,2315000,2.07,0.994,1.047,-9.96,-14.52,-6.77,-13.94,-15.57,1.83,1.83,3.35,1.83,1.83,-42.62,-42.62,-68.66,51.09,51.09,False,False,False,False,False,False,False,False,False,2026-09-11
1030,1030.HK,SEAZEN,新城发展,98.79,"2,000",Equity,Equity Securities (Main Board),1.36,1.41,1.41,1.36,24756000,33.67,1.424,1.421,-4.49,-4.26,-4.56,-7.17,-7.17,2.81,3.48,11.06,2.81,3.48,-49.82,-59.48,-87.25,51.6,60.92,False,False,False,False,False,False,False,False,False,2026-09-11
1033,1033.HK,SINOPEC SSC,中石化油服,36.52,"2,000",Equity,Equity Securities (Main Board),0.675,0.72,0.72,0.67,52320000,35.32,0.685,0.672,-1.46,0.45,-2.88,-2.17,2.27,1.88,1.88,1.88,1.88,1.88,-61.7,-61.7,-61.7,64.1,64.1,False,False,False,False,False,False,False,False,False,2026-09-11
1037,1037.HK,MAXNERVA TECH,云智汇科技,4.38,"2,000",Equity,Equity Securities (Main Board),0.62,0.615,0.62,0.615,306000,0.19,0.62,0.622,0.0,-0.32,0.81,0.0,-0.8,0.91,1.42,2.93,0.91,1.42,-31.87,-56.34,-78.84,31.87,56.34,False,False,False,False,False,False,False,False,False,2026-09-11
1038,1038.HK,CKI HOLDINGS,长江基建集团,1670.5,500,Equity,Equity Securities (Main Board),66.3,66.25,66.35,65.5,1201169,79.64,66.11,65.485,0.29,1.24,0.15,0.61,1.92,67.9,67.9,73.8,67.9,67.9,-2.28,-2.28,-10.09,2.36,2.36,False,False,False,False,False,False,False,True,True,2026-09-11
1039,1039.HK,CHANGYOU INT GP,畅由国际集团,0.91,"1,000",Equity,Equity Securities (Main Board),0.05,0.047,0.068,0.047,710000,0.04,0.05,0.05,-0.79,0.6,0.0,2.04,2.04,0.07,0.17,1.89,0.07,0.17,-6.85,-59.28,-96.4,31.51,70.06,False,False,False,False,False,False,False,False,False,2026-09-11
1044,1044.HK,HENGAN INT'L,恒安国际,239.15,500,Equity,Equity Securities (Main Board),20.7,21.24,21.3,20.6,9439146,195.39,21.308,21.494,-2.85,-3.69,-2.91,-4.08,-2.54,29.96,29.96,88.7,29.96,29.96,-28.91,-28.91,-75.99,30.91,30.91,False,False,False,False,False,False,False,False,False,2026-09-11
1045,1045.HK,APT SATELLITE,亚太卫星,20.29,"2,000",Equity,Equity Securities (Main Board),2.185,2.185,2.22,2.125,1074000,2.35,2.195,2.152,-0.46,1.51,-0.46,-1.35,3.8,5.39,5.39,5.71,5.39,5.39,-58.81,-58.81,-61.12,59.46,59.46,False,False,False,False,False,False,False,False,False,2026-09-11
1046,1046.HK,UNIVERSE ENT,寰宇娱乐文化,9.29,"5,000",Equity,Equity Securities (Main Board),1.025,1.0,1.025,0.92,43675000,44.77,0.959,0.826,6.88,24.09,2.5,9.04,33.12,1.02,1.02,1.5,1.02,1.02,0.49,0.49,-31.67,0.0,0.0,True,True,False,False,True,True,False,True,True,2026-09-11
1047,1047.HK,NGAI HING HONG,毅兴行,1.26,"2,000",Equity,Equity Securities (Main Board),0.34,0.34,0.34,0.34,32000,0.01,0.34,0.338,0.0,0.74,0.0,0.0,0.0,0.43,0.46,1.01,0.43,0.46,-20.0,-26.09,-66.34,20.0,26.09,False,False,False,False,False,False,False,False,False,2026-09-11
1050,1050.HK,KARRIE INT'L,嘉利国际,42.17,"2,000",Equity,Equity Securities (Main Board),2.02,1.995,2.02,1.955,2144000,4.33,2.002,1.951,0.9,3.54,0.0,4.66,6.32,3.51,3.51,3.51,3.51,3.51,-42.45,-42.45,-42.45,42.45,42.45,False,False,False,False,False,False,False,False,False,2026-09-11
1051,1051.HK,G-RESOURCES,国际资源,34.53,"1,000",Equity,Equity Securities (Main Board),7.66,7.9,7.9,7.9,2336,0.02,7.65,7.805,0.13,-1.86,2.13,-1.23,-2.73,12.1,12.1,12.1,12.1,12.1,-34.71,-34.71,-34.71,36.69,36.69,False,False,False,False,False,False,False,False,False,2026-09-11
1052,1052.HK,YUEXIUTRANSPORT,越秀交通基建,56.97,"2,000",Equity,Equity Securities (Main Board),3.405,3.46,3.46,3.4,1205000,4.1,3.453,3.446,-1.39,-1.18,-1.3,-1.87,-1.87,4.81,4.81,7.53,4.81,4.81,-28.07,-28.07,-54.05,29.21,29.21,False,False,False,False,False,False,False,False,False,2026-09-11
1053,1053.HK,CHONGQING IRON,重庆钢铁股份,4.76,"2,000",Equity,Equity Securities (Main Board),0.885,0.89,0.895,0.875,2302000,2.04,0.902,0.899,-1.88,-1.61,-1.67,-3.28,-1.12,1.46,2.12,3.21,1.46,2.12,-38.7,-57.78,-72.12,39.38,58.25,False,False,False,False,False,False,False,False,False,2026-09-11
1055,1055.HK,CHINA SOUTH AIR,中国南方航空股份,140.95,"2,000",Equity,Equity Securities (Main Board),3.035,2.97,3.05,2.95,9432312,28.63,3.055,3.049,-0.65,-0.48,0.17,-1.3,-0.16,6.62,6.62,11.0,6.62,6.62,-53.93,-53.93,-72.27,54.15,54.15,False,False,False,False,False,False,False,False,False,2026-09-11
1057,1057.HK,ZHEJIANG SHIBAO,浙江世宝,8.27,"2,000",Equity,Equity Securities (Main Board),3.815,3.92,3.93,3.755,4516000,17.23,3.91,3.988,-2.43,-4.34,-1.8,-4.03,-4.51,7.39,7.39,7.39,7.39,7.39,-46.82,-46.82,-46.82,48.38,48.38,False,False,False,False,False,False,False,False,False,2026-09-11
1058,1058.HK,NAMYUE HOLDINGS,南粤控股,1.99,"2,000",Equity,Equity Securities (Main Board),0.37,0.35,0.37,0.35,12000,0.0,0.374,0.392,-1.07,-5.61,-1.33,-1.33,-1.33,0.44,0.61,1.69,0.44,0.61,-16.85,-39.34,-78.11,16.85,39.34,False,False,False,False,False,False,False,False,False,2026-09-11
1059,1059.HK,KANTONE HOLDING,看通集团,1.59,"3,000",Equity,Equity Securities (Main Board),0.425,0.41,0.425,0.41,10200,0.0,0.409,0.408,3.91,4.29,1.19,6.25,6.25,0.51,0.51,5.0,0.51,0.51,-16.67,-16.67,-91.5,16.67,16.67,False,False,False,False,False,False,False,False,False,2026-09-11
1060,1060.HK,DAMAI ENT,大麦娱乐,151.38,"10,000",Equity,Equity Securities (Main Board),0.505,0.49,0.505,0.48,62616319,31.62,0.505,0.499,0.0,1.3,3.06,-2.88,1.0,1.08,1.37,1.85,1.08,1.37,-53.24,-63.14,-72.7,53.24,63.14,False,False,False,False,False,False,False,False,False,2026-09-11
1061,1061.HK,ESSEX BIO-TECH,亿胜生物科技,11.64,"1,000",Equity,Equity Securities (Main Board),2.06,2.095,2.095,2.03,288000,0.59,2.126,2.169,-3.1,-5.03,-0.96,-5.07,-6.58,4.5,6.12,9.6,4.5,6.12,-53.44,-65.77,-78.18,54.22,66.34,False,False,False,False,False,False,False,False,False,2026-09-11
1062,1062.HK,CDB INT'L INV,国开国际投资,2.32,"10,000",Equity,Investment Companies,0.08,0.085,0.094,0.079,190000,0.02,0.091,0.091,-11.89,-12.09,-14.89,-13.04,-13.04,0.12,0.13,0.31,0.12,0.13,-22.95,-27.13,-70.16,34.43,37.98,False,False,False,False,False,False,False,False,False,2026-09-11
1063,1063.HK,SUNCORP TECH,新确科技,0.89,"5,000",Equity,Equity Securities (Main Board),0.29,0.285,0.29,0.285,123100,0.04,0.298,0.301,-2.68,-3.65,3.57,-13.43,0.0,0.69,1.35,9.6,0.69,1.35,-57.97,-78.52,-96.98,57.97,78.52,False,False,False,False,False,False,False,False,False,2026-09-11
1064,1064.HK,ZHONG HUA INT'L,中华国际,0.64,"5,000",Equity,Equity Securities (Main Board),0.083,0.07,0.085,0.068,1315000,0.11,0.069,0.063,19.94,31.33,9.21,72.92,45.61,0.13,0.17,0.52,0.13,0.17,-33.59,-50.0,-83.65,35.16,51.18,False,False,False,False,False,False,False,False,False,2026-09-11
1065,1065.HK,TIANJIN CAPITAL,天津创业环保股份,12.61,"2,000",Equity,Equity Securities (Main Board),3.71,3.725,3.745,3.685,312000,1.16,3.739,3.726,-0.78,-0.42,-1.33,-0.93,-0.27,4.86,10.02,10.02,4.86,10.02,-22.94,-62.62,-62.62,23.66,62.97,False,False,False,False,False,False,False,False,False,2026-09-11
1066,1066.HK,WEIGAO GROUP,威高股份,137.52,400,Equity,Equity Securities (Main Board),3.085,3.125,3.125,3.085,6236302,19.24,3.188,3.212,-3.23,-3.95,-1.75,-5.08,-5.51,5.68,8.02,22.7,5.68,8.02,-44.98,-61.03,-86.23,45.69,61.53,False,False,False,False,False,False,False,False,False,2026-09-11
1068,1068.HK,YURUN FOOD,雨润食品,1.4,"1,000",Equity,Equity Securities (Main Board),0.077,0.079,0.079,0.076,956000,0.07,0.076,0.076,0.79,0.92,0.0,2.67,2.67,0.14,0.31,2.58,0.14,0.31,-42.34,-74.52,-96.94,43.8,75.16,False,False,True,True,False,False,False,False,False,2026-09-11
1069,1069.HK,CN HEALTH TECH,中国健康科技集团,0.8,"10,000",Equity,Equity Securities (Main Board),0.26,0.255,0.265,0.25,2200000,0.57,0.253,0.264,2.69,-1.37,0.0,4.42,0.0,0.51,8.9,274.82,0.51,8.9,-48.04,-97.02,-99.9,49.02,97.08,False,False,False,False,False,False,False,False,False,2026-09-11
1070,1070.HK,TCL ELECTRONICS,ＴＣＬ电子,431.08,"1,000",Equity,Equity Securities (Main Board),17.1,17.2,17.2,16.73,3837661,65.62,16.916,17.032,1.09,0.4,-0.58,2.7,-0.41,17.71,17.71,17.71,17.71,17.71,-2.88,-2.88,-2.88,3.44,3.44,False,False,True,True,False,False,False,True,True,2026-09-11
1071,1071.HK,HUADIAN POWER,华电国际电力股份,69.55,"2,000",Equity,Equity Securities (Main Board),4.05,4.105,4.14,4.045,16870110,68.32,4.059,4.014,-0.22,0.9,-1.46,-0.25,0.87,4.89,5.57,5.57,4.89,5.57,-15.34,-25.67,-25.67,17.18,27.29,False,False,False,False,False,False,False,False,False,2026-09-11
1072,1072.HK,DONGFANG ELEC,东方电气,80.21,200,Equity,Equity Securities (Main Board),19.66,20.2,20.2,19.41,4844830,95.25,20.228,20.182,-2.81,-2.59,-3.06,-2.09,-1.8,46.7,119.9,119.9,46.7,119.9,-56.75,-83.15,-83.15,57.9,83.6,False,False,False,False,False,False,False,False,False,2026-09-11
1075,1075.HK,CAPINFO,首都信息,1.33,"1,000",Equity,Equity Securities (Main Board),1.715,1.71,1.71,1.71,3000,0.01,1.783,1.791,-3.81,-4.22,0.29,-8.29,-8.29,3.22,3.65,7.6,3.22,3.65,-46.89,-53.15,-77.5,46.74,53.01,False,False,False,False,False,False,False,False,False,2026-09-11
1079,1079.HK,PINE TECH,松景科技,4.43,"10,000",Equity,Equity Securities (Main Board),0.207,0.215,0.215,0.205,200000,0.04,0.215,0.214,-3.54,-3.36,-3.72,-4.61,-4.17,0.37,0.75,2.18,0.37,0.75,-41.1,-71.33,-90.14,43.29,72.4,False,False,False,False,False,False,False,False,False,2026-09-11
1080,1080.HK,SHENGLI PIPE,胜利管道,2.25,"1,500",Equity,Equity Securities (Main Board),0.058,0.053,0.059,0.053,345000,0.02,0.058,0.059,0.35,-1.19,5.45,1.75,-6.45,0.13,0.17,0.47,0.13,0.17,-55.3,-65.09,-87.45,56.06,65.68,False,False,False,False,False,False,False,False,False,2026-09-11
1081,1081.HK,DAJIN,大金重工,32.4,100,Equity,Equity Securities (Main Board),31.66,28.8,32.5,27.7,4399600,139.29,28.5,28.54,11.09,10.93,10.78,15.55,10.93,66.95,66.95,66.95,66.95,66.95,-51.46,-51.46,-51.46,52.71,52.71,False,False,True,True,False,False,False,False,False,2026-09-11
1083,1083.HK,TG SMART ENERGY,港华智慧能源,118.35,"1,000",Equity,Equity Securities (Main Board),3.13,2.97,3.13,2.935,46998743,147.11,3.055,3.048,2.45,2.69,4.68,1.29,2.62,4.23,4.36,8.18,4.23,4.36,-26.0,-28.21,-61.74,26.0,28.21,False,False,False,True,False,False,False,False,False,2026-09-11
1084,1084.HK,GREEN FRESH BIO,绿新生物科技,5.86,"2,000",Equity,Equity Securities (Main Board),0.67,0.66,0.67,0.655,20000,0.01,0.673,0.683,-0.45,-1.83,0.0,-0.74,-1.47,0.79,0.96,4.85,0.79,0.96,-15.19,-30.21,-86.19,15.19,30.21,False,False,False,False,False,False,False,False,False,2026-09-11
1085,1085.HK,HXTL,亨鑫科技,7.92,"2,000",Equity,Equity Securities (Main Board),1.7,1.87,1.87,1.69,42000,0.07,1.768,1.733,-3.85,-1.9,-4.49,-4.49,-0.58,2.09,2.6,6.15,2.09,2.6,-10.53,-28.08,-69.59,18.66,34.62,False,False,False,False,False,False,False,False,False,2026-09-11
1086,1086.HK,GOODBABY INTL,好孩子国际,14.81,"1,000",Equity,Equity Securities (Main Board),0.885,0.9,0.905,0.85,3490000,3.09,1.056,1.052,-16.19,-15.87,-19.18,-19.91,-20.27,1.16,1.66,5.58,1.16,1.66,-21.98,-45.48,-83.78,23.71,46.69,False,False,False,False,False,False,False,False,False,2026-09-11
1087,1087.HK,INVESTECH HLDGS,威讯控股,3.13,"2,000",Equity,Equity Securities (Main Board),1.305,1.4,1.4,1.3,54000,0.07,1.383,1.376,-5.64,-5.13,-7.45,-4.74,8.3,2.0,2.08,42.8,2.0,2.08,-30.0,-32.69,-96.73,34.75,37.26,False,False,False,False,False,False,False,False,False,2026-09-11
1088,1088.HK,CHINA SHENHUA,中国神华,1557.69,500,Equity,Equity Securities (Main Board),46.12,46.48,46.62,45.82,14776237,681.48,45.948,45.836,0.37,0.62,-0.77,1.1,0.83,49.62,49.62,49.62,49.62,49.62,-6.05,-6.05,-6.05,7.05,7.05,False,False,False,True,False,False,False,True,True,2026-09-11
1091,1091.HK,SOUTH MANGANESE,南方锰业,22.51,"1,000",Equity,Equity Securities (Main Board),0.38,0.38,0.385,0.37,2511000,0.95,0.376,0.377,1.06,0.66,0.0,1.33,2.7,0.71,0.79,1.89,0.71,0.79,-45.77,-51.27,-79.63,46.48,51.9,False,False,False,True,False,False,False,False,False,2026-09-11
1093,1093.HK,CSPC PHARMA,石药集团,1003.61,"2,000",Equity,Equity Securities (Main Board),8.71,8.67,8.765,8.555,111553206,971.63,9.136,9.262,-4.66,-5.95,-0.68,-7.54,-10.07,10.96,11.63,13.93,10.96,11.63,-20.03,-24.63,-37.09,20.53,25.11,False,False,False,False,False,False,False,False,False,2026-09-11
1094,1094.HK,CHERISH SUN,承辉国际,2.17,"8,000",Equity,Equity Securities (Main Board),0.305,0.355,0.355,0.3,6480000,1.98,0.365,0.385,-16.44,-20.78,-14.08,-21.79,-18.67,0.6,1.04,8.43,0.6,1.04,-40.83,-65.87,-95.79,49.17,70.67,False,False,False,False,False,False,False,False,False,2026-09-11
1097,1097.HK,CTFME,周大福媒体娱乐,4.64,"20,000",Equity,Equity Securities (Main Board),0.065,0.062,0.065,0.061,2440204,0.16,0.064,0.066,1.25,-0.76,3.17,0.0,-4.41,0.12,0.17,0.65,0.12,0.17,-43.48,-62.43,-89.96,43.48,62.43,False,False,False,False,False,False,False,False,False,2026-09-11
1099,1099.HK,SINOPHARM,国药控股,206.1,400,Equity,Equity Securities (Main Board),15.36,15.47,15.5,15.26,3141934,48.26,15.684,15.585,-2.07,-1.44,-0.9,-4.18,-2.1,22.34,23.65,45.65,22.34,23.65,-30.62,-34.46,-66.05,31.24,35.05,False,False,False,False,False,False,False,False,False,2026-09-11
1100,1100.HK,MAINLAND HOLD,飞达控股,5.62,"2,000",Equity,Equity Securities (Main Board),1.31,1.32,1.325,1.31,24000,0.03,1.307,1.337,0.23,-2.06,0.38,0.77,-4.38,2.2,2.2,2.28,2.2,2.2,-39.77,-39.77,-41.89,40.45,40.45,False,False,False,False,False,False,False,False,False,2026-09-11
1102,1102.HK,ENVIRO ENERGY,环能国际,2.72,"2,000",Equity,Equity Securities (Main Board),0.097,0.102,0.102,0.097,164000,0.02,0.101,0.105,-3.58,-7.62,-4.9,-5.83,-9.35,0.21,0.21,5.4,0.21,0.21,-51.43,-51.43,-98.11,53.81,53.81,False,False,False,False,False,False,False,False,False,2026-09-11
1104,1104.HK,APAC RESOURCES,亚太资源,32.38,"20,000",Equity,Equity Securities (Main Board),2.165,2.1,2.195,1.99,7380000,15.98,2.144,2.04,0.98,6.13,1.64,0.93,6.13,3.89,3.89,3.89,3.89,3.89,-43.57,-43.57,-43.57,44.34,44.34,False,False,False,True,False,False,False,False,False,2026-09-11
1108,1108.HK,TRIUMPH NEW EN,凯盛新能,6.3,"2,000",Equity,Equity Securities (Main Board),2.52,2.37,2.83,2.37,55189600,139.08,2.303,2.286,9.42,10.24,8.62,13.26,12.5,4.95,6.13,20.25,4.95,6.13,-42.83,-53.83,-86.02,49.09,58.89,False,False,False,False,False,False,False,False,False,2026-09-11
1109,1109.HK,CHINA RES LAND,华润置地,2079.38,500,Equity,Equity Securities (Main Board),29.16,29.88,29.88,28.74,34279414,999.59,29.9,29.894,-2.47,-2.46,-2.67,-4.2,-4.39,39.88,39.88,41.3,39.88,39.88,-25.08,-25.08,-27.65,26.88,26.88,False,False,False,False,False,False,False,False,False,2026-09-11
1110,1110.HK,KINGWORLD,金活医药集团,2.49,"4,000",Equity,Equity Securities (Main Board),0.4,0.405,0.42,0.395,2344000,0.94,0.402,0.408,-0.5,-1.84,1.27,-1.23,-4.76,0.78,0.87,1.8,0.78,0.87,-46.15,-51.72,-76.67,48.72,54.02,False,False,False,False,False,False,False,False,False,2026-09-11
1112,1112.HK,H&H INTL HLDG,Ｈ＆Ｈ国际控股,111.55,500,Equity,Equity Securities (Main Board),17.28,17.06,17.46,16.51,3632500,62.77,17.966,18.266,-3.82,-5.4,0.99,-6.09,-9.24,19.3,19.3,64.5,19.3,19.3,-9.53,-9.53,-72.93,10.47,10.47,False,False,False,False,False,False,False,False,False,2026-09-11
1113,1113.HK,CK ASSET,长实集团,1675.69,500,Equity,Equity Securities (Main Board),47.88,48.32,48.32,47.46,7517730,359.95,47.564,46.78,0.66,2.35,-0.04,1.83,1.14,52.35,52.35,75.3,52.35,52.35,-7.7,-7.7,-35.83,8.54,8.54,False,False,False,False,False,False,False,True,True,2026-09-11
1114,1114.HK,BRILLIANCE CHI,BRILLIANCE CHI,91.32,"2,000",Equity,Equity Securities (Main Board),1.81,1.79,1.815,1.745,13057302,23.63,1.837,2.051,-1.47,-11.75,2.55,-3.72,-4.49,4.45,8.95,23.85,4.45,8.95,-59.21,-79.72,-92.39,59.33,79.78,False,False,False,False,False,False,False,False,False,2026-09-11
1115,1115.HK,5100 XIZANG,５１００藏冰川,21.96,"10,000",Equity,Equity Securities (Main Board),0.39,0.395,0.395,0.385,1600000,0.62,0.394,0.399,-1.02,-2.26,0.0,-1.27,-4.88,0.68,0.76,3.83,0.68,0.76,-41.91,-48.03,-89.68,42.65,48.68,False,False,False,False,False,False,False,False,False,2026-09-11
1117,1117.HK,CH MODERN D,现代牧业,130.61,"1,000",Equity,Equity Securities (Main Board),1.65,1.66,1.7,1.63,14913000,24.61,1.653,1.612,-0.18,2.36,-0.3,-0.3,0.61,1.74,1.74,3.1,1.74,1.74,-2.02,-2.02,-45.16,4.9,4.9,False,False,False,False,False,False,False,True,True,2026-09-11
1119,1119.HK,IDREAMSKY,创梦天地,8.37,400,Equity,Equity Securities (Main Board),0.41,0.46,0.46,0.4,5890000,2.41,0.459,0.465,-10.68,-11.92,-10.87,-13.68,-14.58,0.66,3.38,9.7,0.66,3.38,-30.3,-86.39,-95.26,37.88,87.87,False,False,False,False,False,False,False,False,False,2026-09-11
1121,1121.HK,GOLDENSOLAR,金阳新能源,6.93,"2,000",Equity,Equity Securities (Main Board),0.36,0.36,0.36,0.36,2000,0.0,0.352,0.35,2.27,3.0,0.0,2.86,7.46,1.87,6.98,17.68,1.87,6.98,-80.75,-94.84,-97.96,80.75,94.84,False,False,False,False,False,False,False,False,False,2026-09-11
1122,1122.HK,QINGLING MOTORS,庆铃汽车股份,5.95,"2,000",Equity,Equity Securities (Main Board),0.48,0.47,0.48,0.465,502000,0.24,0.491,0.507,-2.24,-5.42,2.13,-4.95,-8.57,1.45,1.45,2.73,1.45,1.45,-66.9,-66.9,-82.42,66.9,66.9,False,False,False,False,False,False,False,False,False,2026-09-11
1123,1123.HK,CHINA-HK PHOTO,中港照相,1.61,"2,000",Equity,Equity Securities (Main Board),0.136,0.136,0.136,0.136,398000,0.05,0.139,0.141,-2.3,-3.2,-1.45,-2.86,-6.21,0.14,0.17,0.49,0.14,0.17,-6.21,-20.0,-71.96,6.21,20.0,False,False,False,False,False,False,False,True,False,2026-09-11
1125,1125.HK,LAI FUNG HOLD,丽丰控股,2.22,400,Equity,Equity Securities (Main Board),0.67,0.685,0.685,0.67,53600,0.04,0.682,0.684,-1.76,-1.98,-2.19,-2.19,-2.19,1.15,2.55,13.72,1.15,2.55,-40.43,-73.14,-95.01,41.74,73.73,False,False,False,False,False,False,False,False,False,2026-09-11
1126,1126.HK,DREAM INT'L,德林国际,42.95,500,Equity,Equity Securities (Main Board),6.345,6.27,6.42,6.27,1080000,6.85,6.403,6.562,-0.91,-3.31,0.24,-1.63,-1.86,9.5,19.62,19.62,9.5,19.62,-32.42,-67.28,-67.28,33.21,67.66,False,False,False,False,False,False,False,False,False,2026-09-11
1127,1127.HK,LION ROCK GROUP,狮子山集团,9.2,"4,000",Equity,Equity Securities (Main Board),1.195,1.195,1.195,1.195,92000,0.11,1.202,1.204,-0.58,-0.75,0.42,-1.65,-1.24,1.4,1.6,1.67,1.4,1.6,-14.64,-25.31,-28.58,14.64,25.31,False,False,False,False,False,False,False,False,False,2026-09-11
1128,1128.HK,WYNN MACAU,永利澳门,290.49,400,Equity,Equity Securities (Main Board),5.48,5.5,5.505,5.35,7681282,42.09,5.625,5.653,-2.58,-3.05,-0.36,-4.94,-4.45,6.24,8.45,31.35,6.24,8.45,-11.78,-34.85,-82.44,12.18,35.15,False,False,False,False,False,False,False,False,False,2026-09-11
1130,1130.HK,CHINA ENV RES,中国环境资源,3.04,"20,000",Equity,Equity Securities (Main Board),0.54,0.52,0.54,0.515,120000,0.06,0.548,0.557,-1.46,-3.05,-1.82,-1.82,-4.42,0.71,0.83,2.28,0.71,0.83,-23.94,-34.94,-76.26,23.94,34.94,False,False,False,False,False,False,False,False,False,2026-09-11
1132,1132.HK,ORANGE SKY G H,橙天嘉禾,2.44,"5,000",Equity,Equity Securities (Main Board),0.087,0.095,0.095,0.086,25000,0.0,0.089,0.094,-2.47,-7.25,-1.14,0.0,-2.25,0.13,0.13,1.13,0.13,0.13,-25.2,-25.2,-91.59,31.5,31.5,False,False,False,False,False,False,False,False,False,2026-09-11
1133,1133.HK,HARBIN ELECTRIC,哈尔滨电气,100.59,"2,000",Equity,Equity Securities (Main Board),14.89,15.02,15.02,14.44,7843560,116.79,15.372,15.89,-3.14,-6.29,-2.04,-1.78,-10.19,28.88,28.88,28.88,28.88,28.88,-47.99,-47.99,-47.99,48.44,48.44,False,False,False,False,False,False,False,False,False,2026-09-11
1134,1134.HK,KELFRED,恒发光学,1.15,"4,000",Equity,Equity Securities (Main Board),0.229,0.234,0.234,0.225,24000,0.01,0.235,0.232,-2.72,-1.38,-4.18,-4.98,1.78,0.55,0.69,4.0,0.55,0.69,-57.45,-66.09,-94.15,58.36,66.81,False,False,False,False,False,False,False,False,False,2026-09-11
1137,1137.HK,HK TECH VENTURE,香港科技探索,8.19,"1,000",Equity,Equity Securities (Main Board),1.035,1.025,1.045,1.025,40000,0.04,1.028,1.027,0.68,0.73,0.98,0.49,-0.48,1.48,3.45,17.02,1.48,3.45,-29.39,-69.71,-93.86,30.07,70.0,False,False,False,True,False,False,False,False,False,2026-09-11
1138,1138.HK,COSCO SHIP ENGY,中远海能,238.59,"2,000",Equity,Equity Securities (Main Board),18.41,19.24,19.35,18.16,24006956,441.97,18.29,17.632,0.66,4.41,-2.13,2.33,5.26,22.4,22.4,22.4,22.4,22.4,-13.62,-13.62,-13.62,17.81,17.81,False,False,False,False,False,False,False,False,False,2026-09-11
1140,1140.HK,HK.AI CAPITAL,华科智能投资,12.82,"4,000",Equity,Investment Companies,0.11,0.114,0.114,0.11,688000,0.08,0.112,0.11,-1.43,0.09,-2.65,-0.9,0.0,0.26,0.45,4.03,0.26,0.45,-56.15,-74.67,-97.17,57.69,75.56,False,False,False,False,False,False,False,False,False,2026-09-11
1141,1141.HK,CMBC CAPITAL,民银资本,7.19,"1,000",Equity,Equity Securities (Main Board),0.655,0.675,0.685,0.64,2863545,1.88,0.681,0.689,-3.82,-5.0,-2.96,-4.38,-6.43,5.87,5.87,29.6,5.87,5.87,-88.33,-88.33,-97.69,88.84,88.84,False,False,False,False,False,False,False,False,False,2026-09-11
1142,1142.HK,E&P GLOBAL,能源及能量环球,12.0,"2,000",Equity,Equity Securities (Main Board),0.084,0.085,0.085,0.082,1346000,0.11,0.088,0.089,-4.55,-5.08,-1.18,-6.67,-8.7,0.24,5.65,5.65,0.24,5.65,-65.16,-98.5,-98.5,65.57,98.51,False,False,False,False,False,False,False,False,False,2026-09-11
1145,1145.HK,COURAGE INV,勇利投资,1.53,"20,000",Equity,Equity Securities (Main Board),0.139,0.139,0.139,0.136,260000,0.04,0.14,0.142,-0.57,-2.39,0.0,-1.42,0.0,0.17,0.24,2.28,0.17,0.24,-20.11,-41.1,-93.9,20.11,41.1,False,False,False,False,False,False,False,False,False,2026-09-11
1147,1147.HK,EDENSOFT,伊登软件,2.13,"10,000",Equity,Equity Securities (Main Board),0.104,0.101,0.111,0.097,1740000,0.18,0.102,0.102,1.56,2.06,4.0,0.0,2.97,0.18,0.18,0.25,0.18,0.18,-39.01,-39.67,-56.47,42.86,43.48,False,False,False,True,False,False,False,False,False,2026-09-11
1148,1148.HK,POWER XINCHEN,新晨动力,2.88,"1,000",Equity,Equity Securities (Main Board),0.225,0.22,0.225,0.216,893000,0.2,0.223,0.224,0.81,0.27,-2.6,3.69,4.17,0.4,0.44,1.87,0.4,0.44,-43.04,-49.44,-87.97,43.04,49.44,False,False,True,True,False,False,False,False,False,2026-09-11
1152,1152.HK,MOMENTUM FIN,正乾金融控股,7.49,"2,000",Equity,Equity Securities (Main Board),0.214,0.22,0.22,0.213,440000,0.09,0.224,0.219,-4.63,-2.15,-2.73,-7.36,0.0,0.47,0.53,1.15,0.47,0.53,-53.68,-58.49,-80.87,54.95,59.62,False,False,False,False,False,False,False,False,False,2026-09-11
1153,1153.HK,JIAYUAN SER,佳源服务,2.39,"1,000",Equity,Equity Securities (Main Board),0.355,0.355,0.355,0.355,3000,0.0,0.36,0.363,-1.39,-2.07,-1.39,-1.39,-2.74,0.5,0.64,4.3,0.5,0.64,-29.0,-44.53,-91.74,29.0,44.53,False,False,False,False,False,False,False,False,False,2026-09-11
1156,1156.HK,CHINANEWENERGY,CHINANEWENERGY,2.12,"4,000",Equity,Equity Securities (Main Board),0.3,0.305,0.31,0.255,3348000,1.0,0.293,0.288,2.39,3.99,0.0,3.45,1.69,0.36,0.36,1.38,0.36,0.36,-13.89,-13.89,-77.54,16.67,16.67,False,False,True,True,False,False,False,False,False,2026-09-11
1157,1157.HK,ZOOMLION,中联重科,93.23,200,Equity,Equity Securities (Main Board),6.005,6.005,6.055,5.91,5754874,34.56,6.031,6.017,-0.43,-0.21,-0.5,-0.33,-0.25,10.67,10.67,13.98,10.67,10.67,-43.25,-43.25,-56.69,43.72,43.72,False,False,False,False,False,False,False,False,False,2026-09-11
1159,1159.HK,SMART DIGI TECH,智数科技集团,3.55,"2,000",Equity,Equity Securities (Main Board),2.5,2.5,2.53,2.5,30000,0.07,2.512,2.535,-0.48,-1.4,-1.96,-0.4,-3.1,3.6,4.7,72.4,3.6,4.7,-29.72,-46.17,-96.51,30.56,46.81,False,False,False,False,False,False,False,False,False,2026-09-11
1161,1161.HK,WATER OASIS GP,奥思集团,8.57,"2,000",Equity,Equity Securities (Main Board),1.26,1.29,1.29,1.285,52000,0.07,1.253,1.273,0.56,-1.06,1.61,0.4,-1.18,1.42,1.6,2.0,1.42,1.6,-9.15,-19.38,-35.5,11.27,21.25,False,False,False,False,False,False,False,False,False,2026-09-11
1162,1162.HK,LUMINA GROUP,莹岚集团,1.46,"8,000",Equity,Equity Securities (Main Board),0.243,0.244,0.244,0.24,64000,0.02,0.253,0.252,-3.8,-3.72,-4.71,-4.71,-2.02,0.28,0.66,4.04,0.28,0.66,-11.27,-63.03,-93.96,11.64,63.18,False,False,False,False,False,False,False,False,False,2026-09-11
1163,1163.HK,ADTIGER CORP,虎视传媒,1.35,"2,500",Equity,Equity Securities (Main Board),0.151,0.156,0.156,0.149,197500,0.03,0.155,0.158,-2.58,-4.13,-3.21,-3.21,-3.21,0.2,0.21,2.52,0.2,0.21,-23.15,-25.0,-93.81,25.62,27.4,False,False,False,False,False,False,False,False,False,2026-09-11
1164,1164.HK,CGN MINING,中广核矿业,173.3,"5,000",Equity,Equity Securities (Main Board),2.28,2.36,2.36,2.22,64157411,146.28,2.432,2.461,-6.25,-7.35,-4.6,-6.17,-6.56,5.66,5.66,5.66,5.66,5.66,-58.3,-58.3,-58.3,59.72,59.72,False,False,False,False,False,False,False,False,False,2026-09-11
1166,1166.HK,SOLARTECH INT'L,星凯控股,0.35,"10,000",Equity,Equity Securities (Main Board),0.245,0.178,0.245,0.178,900000,0.22,0.189,0.181,29.49,35.43,36.11,44.97,41.62,0.9,0.9,32.8,0.9,0.9,-72.78,-72.78,-99.25,72.78,72.78,True,False,False,True,False,False,False,False,False,2026-09-11
1167,1167.HK,JACOBIO-B,加科思－Ｂ,45.21,300,Equity,Equity Securities (Main Board),5.78,6.02,6.02,5.7,2948100,17.04,6.041,6.14,-4.32,-5.86,-4.54,-5.56,-10.25,8.28,11.8,25.35,8.28,11.8,-27.29,-48.98,-76.25,30.19,51.02,False,False,False,False,False,False,False,False,False,2026-09-11
1168,1168.HK,Z FIN,Z FIN,21.97,"1,000",Equity,Equity Securities (Main Board),5.035,5.05,5.12,5.0,397000,2.0,5.13,5.244,-1.85,-3.99,-1.27,-2.89,-4.82,6.09,12.26,31.7,6.09,12.26,-15.93,-58.24,-83.85,17.32,58.93,False,False,False,False,False,False,False,False,False,2026-09-11
1170,1170.HK,KINGMAKER,信星集团,2.83,"2,000",Equity,Equity Securities (Main Board),0.425,0.425,0.425,0.425,118000,0.05,0.405,0.418,4.94,1.8,6.25,6.25,3.66,0.53,0.94,2.6,0.53,0.94,-19.81,-54.79,-83.65,19.81,54.79,False,False,False,False,False,False,False,False,False,2026-09-11
1171,1171.HK,YANKUANG ENERGY,兖矿能源,529.0,"2,000",Equity,Equity Securities (Main Board),12.98,13.18,13.31,12.9,31217344,405.2,13.286,13.385,-2.3,-3.03,-2.26,-3.28,-2.41,17.42,17.42,18.72,17.42,17.42,-23.59,-23.59,-28.89,25.49,25.49,False,False,False,False,False,False,False,False,False,2026-09-11
1172,1172.HK,MAGNUSCONCORDIA,融太集团,1.21,"20,000",Equity,Equity Securities (Main Board),0.021,0.022,0.025,0.02,7760000,0.16,0.019,0.018,10.53,14.13,-4.55,16.67,23.53,0.03,0.08,0.49,0.03,0.08,-3.85,-68.75,-94.9,19.23,73.75,False,False,False,False,False,False,False,False,False,2026-09-11
1173,1173.HK,VEEKO INT'L,威高国际,0.68,"20,000",Equity,Equity Securities (Main Board),0.027,0.027,0.027,0.027,1120000,0.03,0.026,0.026,3.85,5.88,-3.57,8.0,8.0,0.05,0.08,0.29,0.05,0.08,-40.0,-66.25,-90.85,40.0,66.25,False,False,False,False,False,False,False,False,False,2026-09-11
1176,1176.HK,ZHUGUANG HOLD,珠光控股,1.59,"2,000",Equity,Equity Securities (Main Board),0.018,0.019,0.019,0.018,17900000,0.32,0.02,0.021,-10.89,-14.69,-10.0,-10.0,-14.29,0.05,0.81,2.73,0.05,0.81,-65.45,-97.65,-99.3,67.27,97.78,False,False,False,False,False,False,False,False,False,2026-09-11
1177,1177.HK,SBP GROUP,中国生物制药,980.86,"1,000",Equity,Equity Securities (Main Board),5.25,5.48,5.48,5.235,72304612,379.6,5.531,5.475,-5.08,-4.11,-4.2,-10.18,-5.15,7.29,9.12,11.24,7.29,9.12,-24.83,-39.91,-51.25,27.98,42.43,False,False,False,False,False,False,False,False,False,2026-09-11
1179,1179.HK,HWORLD-S,华住集团－Ｓ,1040.66,100,Equity,Equity Securities (Main Board),33.84,34.0,34.0,33.34,1097100,37.13,34.648,35.466,-2.33,-4.58,-1.23,-3.86,-5.47,44.26,44.26,49.3,44.26,44.26,-23.18,-23.18,-31.03,23.54,23.54,False,False,False,False,False,False,False,False,False,2026-09-11
1180,1180.HK,PARADISE ENT,汇彩控股,9.84,"4,000",Equity,Equity Securities (Main Board),0.935,0.96,0.96,0.935,368000,0.34,0.93,0.871,0.54,7.35,-1.06,1.08,8.72,1.1,2.7,2.7,1.1,2.7,-12.33,-64.44,-64.44,14.61,65.37,False,False,False,False,False,False,False,False,False,2026-09-11
1181,1181.HK,TANG PALACE,唐宫中国,1.0,"2,000",Equity,Equity Securities (Main Board),0.093,0.101,0.101,0.092,484000,0.05,0.099,0.099,-5.87,-6.16,-7.92,-8.82,-4.12,0.22,0.59,2.04,0.22,0.59,-53.67,-82.88,-95.05,57.34,84.24,False,False,False,False,False,False,False,False,False,2026-09-11
1182,1182.HK,SUCCESS DRAGON,胜龙国际,2.37,"5,000",Equity,Equity Securities (Main Board),0.695,0.695,0.695,0.695,5000,0.0,0.689,0.677,0.87,2.73,0.0,0.0,4.51,1.18,1.18,16.43,1.18,1.18,-41.1,-41.1,-95.77,41.1,41.1,False,False,False,False,False,False,False,False,False,2026-09-11
1183,1183.HK,MECOM POWER,澳能建设,5.1,"2,000",Equity,Equity Securities (Main Board),0.128,0.122,0.129,0.122,1250000,0.16,0.127,0.128,0.47,-0.31,2.4,-1.54,-0.78,0.22,0.9,2.35,0.22,0.9,-41.36,-85.67,-94.5,41.82,85.78,False,False,False,False,False,False,False,False,False,2026-09-11
1184,1184.HK,S.A.S. DRAGON,S.A.S. DRAGON,55.98,"2,000",Equity,Equity Securities (Main Board),8.945,8.805,8.945,8.8,74000,0.66,8.875,8.825,0.79,1.37,-0.39,1.65,1.47,9.3,9.3,9.3,9.3,9.3,-3.82,-3.82,-3.82,3.82,3.82,False,False,False,True,False,False,False,True,True,2026-09-11
1186,1186.HK,CHINA RAIL CONS,中国铁建,92.19,500,Equity,Equity Securities (Main Board),4.44,4.42,4.44,4.36,9702950,43.08,4.439,4.445,0.02,-0.12,0.11,-0.45,0.23,5.7,7.03,11.98,5.7,7.03,-22.11,-36.84,-62.94,22.11,36.84,False,False,False,False,False,False,False,False,False,2026-09-11
1187,1187.HK,COFOE MEDICAL,可孚医疗,8.6,100,Equity,Equity Securities (Main Board),31.86,31.68,31.94,31.22,12600,0.4,31.704,31.96,0.49,-0.31,0.5,0.06,-0.81,41.0,41.0,41.0,41.0,41.0,-22.1,-22.1,-22.1,22.29,22.29,False,False,False,False,False,False,False,False,False,2026-09-11
1191,1191.HK,CREALIGHTS,海光芯正,143.01,50,Equity,Equity Securities (Main Board),156.2,157.4,176.9,151.0,2723900,425.47,146.54,122.055,6.59,27.98,-1.51,4.13,48.76,219.6,219.6,219.6,219.6,219.6,-19.44,-19.44,-19.44,28.87,28.87,False,False,False,False,False,False,False,False,False,2026-09-11
1193,1193.HK,CHINA RES GAS,华润燃气,371.63,100,Equity,Equity Securities (Main Board),16.06,16.94,16.94,16.06,17474050,280.63,16.948,16.826,-5.24,-4.55,-6.3,-8.28,-3.83,22.66,35.2,52.25,22.66,35.2,-25.24,-51.87,-67.58,29.13,54.38,False,False,False,False,False,False,False,False,False,2026-09-11
1195,1195.HK,KINGWELL GROUP,京维集团,0.52,"4,000",Equity,Equity Securities (Main Board),0.018,0.016,0.019,0.016,20372000,0.37,0.017,0.018,3.45,-0.0,12.5,5.88,-18.18,0.03,0.05,0.23,0.03,0.05,-34.48,-59.57,-91.7,37.93,61.7,False,False,False,False,False,False,False,False,False,2026-09-11
1196,1196.HK,REALORD TECH,伟禄科技股份,156.49,"2,000",Equity,Equity Securities (Main Board),10.85,10.35,11.19,9.555,10709620,116.2,10.52,10.033,3.14,8.15,4.03,3.04,8.94,18.34,18.34,18.34,18.34,18.34,-38.99,-38.99,-38.99,40.84,40.84,False,False,False,True,False,False,False,False,False,2026-09-11
1198,1198.HK,ROYALE HOME,皇朝家居,2.21,"2,000",Equity,Equity Securities (Main Board),0.085,0.085,0.085,0.085,2500,0.0,0.086,0.086,-0.93,-1.28,-1.16,-1.16,-1.16,0.14,1.81,3.1,0.14,1.81,-39.72,-95.3,-97.26,39.72,95.3,False,False,False,False,False,False,False,False,False,2026-09-11
1199,1199.HK,COSCO SHIP PORT,中远海运港口,229.96,"2,000",Equity,Equity Securities (Main Board),5.725,5.75,5.755,5.68,6993042,40.04,5.743,5.629,-0.31,1.71,-0.35,0.44,2.78,6.56,6.56,9.95,6.56,6.56,-12.27,-12.27,-42.16,12.73,12.73,False,False,False,False,False,False,False,False,False,2026-09-11
1200,1200.HK,MIDLAND HOLDING,美联集团,12.9,"2,000",Equity,Equity Securities (Main Board),1.8,1.78,1.81,1.74,792000,1.43,1.855,1.905,-2.96,-5.51,0.0,-5.01,-9.09,3.52,3.52,3.52,3.52,3.52,-48.58,-48.58,-48.58,48.86,48.86,False,False,False,False,False,False,False,False,False,2026-09-11
1201,1201.HK,TESSON HOLDINGS,天臣控股,9.1,"3,000",Equity,Equity Securities (Main Board),2.07,2.0,2.15,2.0,141000,0.29,2.088,2.122,-0.86,-2.45,-0.96,0.98,-3.27,3.95,3.95,16.4,3.95,3.95,-45.57,-45.57,-86.89,47.59,47.59,False,False,False,False,False,False,False,False,False,2026-09-11
1202,1202.HK,SIWI SCI & TECH,四威科技,2.37,"2,000",Equity,Equity Securities (Main Board),1.48,1.505,1.505,1.48,8000,0.01,1.495,1.514,-1.0,-2.21,-1.99,-1.0,-1.99,1.92,1.92,2.35,1.92,1.92,-21.61,-21.61,-35.96,22.92,22.92,False,False,False,False,False,False,False,False,False,2026-09-11
1203,1203.HK,GUANGNAN (HOLD),广南（集团）,5.94,"2,000",Equity,Equity Securities (Main Board),0.655,0.63,0.66,0.63,142000,0.09,0.659,0.655,-0.61,-0.0,-0.76,-0.76,-2.24,0.88,1.14,1.28,0.88,1.14,-25.0,-42.11,-48.44,25.57,42.54,False,False,False,False,False,False,False,False,False,2026-09-11
1205,1205.HK,CITIC RESOURCES,中信资源,39.29,"2,000",Equity,Equity Securities (Main Board),0.5,0.505,0.505,0.495,3344000,1.67,0.508,0.513,-1.57,-2.53,-1.96,-0.99,-3.85,0.65,0.65,1.22,0.65,0.65,-22.31,-22.31,-58.61,23.08,23.08,False,False,False,False,False,False,False,False,False,2026-09-11
1206,1206.HK,TECHNOVATOR,同方泰德,1.49,"2,000",Equity,Equity Securities (Main Board),0.19,0.189,0.19,0.189,500000,0.09,0.188,0.191,1.28,-0.31,5.56,0.0,0.0,0.41,0.45,3.49,0.41,0.45,-53.09,-57.78,-94.56,53.09,57.78,False,False,False,False,False,False,False,False,False,2026-09-11
1208,1208.HK,MMG,五矿资源,1165.17,"4,000",Equity,Equity Securities (Main Board),9.07,9.25,9.345,8.71,84547772,766.85,9.495,9.402,-4.48,-3.54,-8.2,-5.72,-1.63,11.96,11.96,11.96,11.96,11.96,-21.86,-21.86,-21.86,24.16,24.16,False,False,False,False,False,False,False,False,False,2026-09-11
1209,1209.HK,CHINA RES MIXC,华润万象生活,871.0,200,Equity,Equity Securities (Main Board),38.16,37.88,38.34,37.76,4126227,157.46,39.58,39.664,-3.59,-3.79,-0.83,-6.47,-7.51,51.15,51.15,55.25,51.15,51.15,-25.04,-25.04,-30.61,25.4,25.4,False,False,False,False,False,False,False,False,False,2026-09-11
1211,1211.HK,BYD COMPANY,比亚迪股份,2941.19,100,Equity,Equity Securities (Main Board),79.85,78.4,80.5,78.0,21297940,1700.64,81.91,84.21,-2.51,-5.18,0.38,-4.77,-7.31,113.4,158.87,158.87,113.4,158.87,-29.01,-49.33,-49.33,29.59,49.74,False,False,False,False,False,False,False,False,False,2026-09-11
1215,1215.HK,KAI YUAN HLDGS,开源控股,2.43,"20,000",Equity,Equity Securities (Main Board),0.019,0.018,0.019,0.018,480000,0.01,0.018,0.018,3.26,6.15,0.0,5.56,5.56,0.03,0.03,0.14,0.03,0.03,-26.92,-40.63,-86.03,26.92,40.63,False,False,True,False,False,False,False,False,False,2026-09-11
1216,1216.HK,ZYBANK,中原银行,19.79,"1,000",Equity,Equity Securities (Main Board),0.285,0.285,0.285,0.285,76000,0.02,0.287,0.288,-0.7,-1.21,0.0,-1.72,-3.39,0.37,0.58,2.6,0.37,0.58,-22.97,-50.86,-89.04,22.97,50.86,False,False,False,False,False,False,False,False,False,2026-09-11
1217,1217.HK,CH INNOVATION,中国创新投资,1.28,"40,000",Equity,Investment Companies,0.01,0.01,0.01,0.01,440000,0.0,0.01,0.01,0.0,0.0,0.0,0.0,0.0,0.02,0.02,0.05,0.02,0.02,-41.18,-58.33,-80.39,41.18,58.33,False,False,False,False,False,False,False,False,False,2026-09-11
1218,1218.HK,EASYKNIT-NEW,永义国际（新）,1.78,"1,000",Equity,Equity Securities (Main Board),1.2,1.3,1.3,1.2,4000,0.0,1.25,1.27,-4.0,-5.51,1.69,-6.98,-6.98,2.1,2.37,2.94,2.1,2.37,-38.1,-45.03,-55.78,42.86,49.26,False,False,False,False,False,False,False,False,False,2026-09-11
1223,1223.HK,SYMPHONY HOLD,新沣集团,39.11,"10,000",Equity,Equity Securities (Main Board),1.315,1.33,1.33,1.3,3425000,4.5,1.32,1.336,-0.38,-1.57,-0.75,-0.75,1.94,1.62,1.76,1.76,1.62,1.76,-17.9,-24.43,-24.43,18.83,25.28,False,False,False,False,False,False,False,False,False,2026-09-11
1228,1228.HK,CANBRIDGE-B,北海康成－Ｂ,11.36,"1,000",Equity,Equity Securities (Main Board),1.9,1.88,1.905,1.84,285000,0.54,1.873,1.91,1.44,-0.52,1.06,3.54,-1.04,3.5,3.5,9.99,3.5,3.5,-45.57,-45.57,-80.93,45.71,45.71,False,False,False,False,False,False,False,False,False,2026-09-11
1229,1229.HK,NAN NAN RES,南南资源,1.25,"2,000",Equity,Equity Securities (Main Board),0.163,0.165,0.165,0.163,4000,0.0,0.169,0.168,-3.32,-3.26,-0.61,-2.98,-1.21,0.26,0.32,1.36,0.26,0.32,-36.54,-48.44,-87.87,37.31,49.06,False,False,False,False,False,False,False,False,False,2026-09-11
1232,1232.HK,GW TIANDI,金轮天地控股,0.94,"8,000",Equity,Equity Securities (Main Board),0.445,0.52,0.52,0.445,137841,0.06,0.417,0.4,6.71,11.11,1.14,23.61,25.35,0.62,1.3,9.5,0.62,1.3,-16.13,-60.0,-94.53,28.23,65.77,False,False,False,False,False,False,False,False,False,2026-09-11
1233,1233.HK,TIMES CHINA,时代中国控股,1.38,"1,000",Equity,Equity Securities (Main Board),0.046,0.046,0.048,0.043,10548000,0.49,0.049,0.046,-6.5,0.66,-4.17,-4.17,-8.0,0.12,0.73,17.0,0.12,0.73,-58.62,-93.42,-99.72,60.34,93.7,False,False,False,False,False,False,False,False,False,2026-09-11
1234,1234.HK,CHINA LILANG,中国利郎,34.55,"1,000",Equity,Equity Securities (Main Board),2.885,2.86,2.9,2.855,349000,1.01,2.897,2.953,-0.41,-2.29,0.52,-0.52,-1.54,3.97,5.12,13.08,3.97,5.12,-26.95,-43.36,-77.83,27.33,43.65,False,False,False,False,False,False,False,False,False,2026-09-11
1236,1236.HK,LDROBOT,乐动机器人,103.27,200,Equity,Equity Securities (Main Board),30.98,29.78,35.38,28.04,2358400,73.06,30.812,33.392,0.55,-7.22,4.03,0.91,-15.17,66.0,66.0,66.0,66.0,66.0,-46.39,-46.39,-46.39,53.06,53.06,False,False,False,False,False,False,False,False,False,2026-09-11
1238,1238.HK,POWERLONG,宝龙地产,6.67,"1,000",Equity,Equity Securities (Main Board),0.161,0.161,0.161,0.16,187000,0.03,0.161,0.171,-0.25,-5.85,0.0,0.0,-8.52,0.3,1.72,8.73,0.3,1.72,-46.33,-90.64,-98.16,46.33,90.64,False,False,False,False,False,False,False,False,False,2026-09-11
1243,1243.HK,WANG ON PPT,宏安地产,4.56,"4,000",Equity,Equity Securities (Main Board),0.03,0.03,0.03,0.029,2072000,0.06,0.031,0.031,-3.85,-4.46,0.0,-6.25,-6.25,0.04,0.06,1.88,0.04,0.06,-23.08,-46.43,-98.4,23.08,46.43,False,False,False,False,False,False,False,False,False,2026-09-11
1244,1244.HK,3D MEDICINES,思路迪医药股份,6.13,500,Equity,Equity Securities (Main Board),2.375,2.425,2.425,2.305,15500,0.04,2.371,2.426,0.17,-2.08,3.04,-2.26,-3.26,6.07,31.05,131.5,6.07,31.05,-60.05,-92.19,-98.16,60.87,92.35,False,False,False,False,False,False,False,False,False,2026-09-11
1245,1245.HK,NIRAKU,NIRAKU,2.74,"2,000",Equity,Equity Securities (Main Board),0.229,0.223,0.229,0.223,88200,0.02,0.221,0.214,3.43,7.06,2.69,3.15,9.05,0.23,0.34,1.8,0.23,0.34,0.88,-32.65,-87.28,0.0,32.65,False,False,False,False,True,False,False,True,False,2026-09-11
1247,1247.HK,MIKO INTL,米格国际控股,2.15,"6,000",Equity,Equity Securities (Main Board),0.965,0.985,0.985,0.965,66000,0.06,0.97,0.975,-0.52,-1.08,0.0,-1.53,-2.03,3.07,3.42,4.05,3.07,3.42,-67.92,-71.2,-75.68,68.57,71.78,False,False,False,False,False,False,False,False,False,2026-09-11
1250,1250.HK,SDHS NEW ENERGY,山高新能源,23.59,"1,000",Equity,Equity Securities (Main Board),1.05,1.01,1.05,1.01,18000,0.02,1.051,1.083,-0.1,-3.05,0.0,0.48,-3.23,1.89,3.35,15.0,1.89,3.35,-44.44,-68.66,-93.0,44.44,68.66,False,False,False,False,False,False,False,False,False,2026-09-11
1251,1251.HK,SPT ENERGY,华油能源,3.42,"2,000",Equity,Equity Securities (Main Board),0.175,0.18,0.18,0.175,56000,0.01,0.173,0.179,0.92,-2.34,-2.78,2.94,-1.69,0.34,0.34,1.22,0.34,0.34,-47.83,-47.83,-85.25,49.28,49.28,False,False,False,False,False,False,False,False,False,2026-09-11
1257,1257.HK,CEB GREENTECH,中国光大绿色环保,16.01,"1,000",Equity,Equity Securities (Main Board),0.775,0.77,0.775,0.765,200000,0.15,0.779,0.784,-0.51,-1.15,-0.64,-0.64,-1.9,0.99,1.3,8.95,0.99,1.3,-21.72,-40.38,-91.34,21.72,40.38,False,False,False,False,False,False,False,False,False,2026-09-11
1258,1258.HK,CHINFMINING,中国有色矿业,643.84,"1,000",Equity,Equity Securities (Main Board),16.5,16.5,16.6,15.57,24499038,404.23,17.022,16.754,-3.07,-1.52,-4.51,-3.96,-0.36,19.05,19.05,19.05,19.05,19.05,-12.86,-12.86,-12.86,13.39,13.39,False,False,False,False,False,False,False,False,False,2026-09-11
1259,1259.HK,PROSPER FUTURE,未来发展控股,0.73,"1,000",Equity,Equity Securities (Main Board),0.033,0.033,0.035,0.033,1799000,0.06,0.034,0.033,-2.94,-0.6,-2.94,-2.94,3.12,0.05,0.09,0.69,0.05,0.09,-36.36,-58.82,-94.93,40.0,61.18,False,False,False,False,False,False,False,False,False,2026-09-11
1260,1260.HK,WONDERFUL SKY,皓天财经集团,4.49,"2,000",Equity,Equity Securities (Main Board),0.39,0.39,0.4,0.39,126000,0.05,0.393,0.395,-0.76,-1.27,0.0,-1.27,-1.27,0.57,0.57,2.45,0.57,0.57,-29.82,-29.82,-83.67,31.58,31.58,False,False,False,False,False,False,False,False,False,2026-09-11
1262,1262.HK,LABIXIAOXIN,蜡笔小新食品,7.46,"2,000",Equity,Equity Securities (Main Board),3.12,3.12,3.15,3.12,36200,0.11,3.117,3.2,0.1,-2.52,0.0,0.0,2.3,4.88,4.88,8.0,4.88,4.88,-35.45,-35.45,-60.62,36.07,36.07,False,False,False,False,False,False,False,False,False,2026-09-11
1268,1268.HK,MEIDONG AUTO,美东汽车,3.9,"2,000",Equity,Equity Securities (Main Board),0.29,0.29,0.3,0.285,1514969,0.44,0.311,0.335,-6.75,-13.56,0.0,-10.77,-14.71,1.8,5.85,48.4,1.8,5.85,-83.33,-94.87,-99.38,83.89,95.04,False,False,False,False,False,False,False,False,False,2026-09-11
1269,1269.HK,FIRST CAP GP,首控集团,0.87,"10,000",Equity,Equity Securities (Main Board),0.047,0.046,0.047,0.045,90400,0.0,0.045,0.046,3.52,2.17,2.17,2.17,2.17,0.07,0.12,41.2,0.07,0.12,-32.86,-60.17,-99.89,32.86,60.17,False,False,True,True,False,False,False,False,False,2026-09-11
1270,1270.HK,LANGHAM-SS,朗廷－ＳＳ,16.31,"2,000",Equity,Equity Securities (Main Board),0.46,0.46,0.465,0.455,658000,0.3,0.462,0.462,-0.43,-0.43,0.0,-1.08,0.0,0.62,0.99,3.6,0.62,0.99,-25.0,-53.03,-87.07,25.81,53.54,False,False,False,False,False,False,False,False,False,2026-09-11
1272,1272.HK,DATANG ENVIRO,大唐环境,6.93,"1,000",Equity,Equity Securities (Main Board),1.11,1.095,1.11,1.095,77000,0.09,1.098,1.095,1.09,1.42,1.37,1.37,2.3,1.35,3.2,4.52,1.35,3.2,-17.78,-65.31,-75.44,17.78,65.31,False,False,False,False,False,False,False,False,False,2026-09-11
1274,1274.HK,IMOTIONTECH,知行科技,5.53,100,Equity,Equity Securities (Main Board),2.185,2.12,2.31,2.1,241900,0.53,2.249,2.368,-2.85,-7.71,-2.46,-4.59,-9.71,7.15,115.6,115.6,7.15,115.6,-67.69,-98.0,-98.0,69.44,98.11,False,False,False,False,False,False,False,False,False,2026-09-11
1276,1276.HK,HENGRUI PHARMA,恒瑞医药,112.99,200,Equity,Equity Securities (Main Board),43.76,43.9,44.02,43.2,3047911,133.38,45.384,45.746,-3.58,-4.34,-0.45,-5.53,-5.89,80.95,95.2,95.2,80.95,95.2,-45.62,-53.76,-53.76,45.94,54.03,False,False,False,False,False,False,False,False,False,2026-09-11
1277,1277.HK,KINETIC DEV,力量发展,171.13,"2,000",Equity,Equity Securities (Main Board),1.99,2.085,2.09,1.975,12254000,24.39,2.029,2.057,-1.92,-3.23,-2.69,-2.21,-0.5,2.7,2.7,2.7,2.7,2.7,-22.59,-22.59,-22.59,26.3,26.3,False,False,False,False,False,False,False,False,False,2026-09-11
1278,1278.HK,CHINANEWTOWN,中国新城镇,6.91,"2,500",Equity,Equity Securities (Main Board),0.071,0.072,0.072,0.071,245000,0.02,0.07,0.071,1.72,0.57,2.9,5.97,-1.39,0.1,0.15,0.48,0.1,0.15,-27.27,-51.02,-85.0,28.28,51.7,False,False,False,False,False,False,False,False,False,2026-09-11
1280,1280.HK,QIDIAN GUOFENG,奇点国峰,50.65,"2,000",Equity,Equity Securities (Main Board),2.62,2.575,2.85,2.5,7824000,20.5,2.835,2.505,-7.58,4.59,1.75,-13.53,-3.68,3.43,5.37,19.8,3.43,5.37,-16.91,-46.93,-85.61,23.62,51.21,False,False,False,False,False,False,False,False,False,2026-09-11
1282,1282.HK,RENZE HARVEST,中泽丰,4.9,"8,000",Equity,Equity Securities (Main Board),0.098,0.1,0.114,0.098,66000,0.01,0.095,0.1,2.73,-2.0,-2.0,18.07,-2.0,0.16,0.29,17.07,0.16,0.29,-29.63,-61.36,-99.33,39.51,66.78,False,False,False,False,False,False,False,False,False,2026-09-11
1283,1283.HK,ACCEL GROUP,高陞集团控股,14.62,"5,000",Equity,Equity Securities (Main Board),1.77,1.83,1.84,1.765,325000,0.58,1.82,1.749,-2.75,1.2,-2.21,-4.58,-4.32,1.94,1.94,2.65,1.94,1.94,-5.15,-5.15,-30.57,8.76,8.76,False,False,False,False,False,False,False,True,True,2026-09-11
1284,1284.HK,NEW MEDIA LAB,新传企划,3.6,"5,000",Equity,Equity Securities (Main Board),0.6,0.64,0.64,0.55,4635000,2.78,0.55,0.518,9.09,15.94,-7.69,20.0,22.45,0.65,0.65,1.22,0.65,0.65,-1.54,-1.54,-47.54,7.69,7.69,False,False,False,False,False,False,False,True,True,2026-09-11
1285,1285.HK,JIASHILI GP,嘉士利集团,6.64,"1,000",Equity,Equity Securities (Main Board),1.6,1.535,1.6,1.535,213000,0.34,1.615,1.562,-0.93,2.43,1.27,-0.31,2.89,1.72,1.72,3.5,1.72,1.72,-6.98,-6.98,-54.29,6.98,6.98,False,False,False,False,False,False,False,True,True,2026-09-11
1286,1286.HK,IMPRO PRECISION,鹰普精密,155.2,"1,000",Equity,Equity Securities (Main Board),7.97,7.8,8.035,7.455,5277263,42.06,8.162,8.283,-2.35,-3.77,0.57,-0.31,-5.01,11.8,11.8,11.8,11.8,11.8,-31.91,-31.91,-31.91,32.46,32.46,False,False,False,False,False,False,False,False,False,2026-09-11
1288,1288.HK,ABC,农业银行,1953.45,"1,000",Equity,Equity Securities (Main Board),6.355,6.315,6.46,6.315,78018678,495.81,6.343,6.409,0.19,-0.83,-0.39,0.87,-2.83,6.64,6.64,6.64,6.64,6.64,-2.78,-2.78,-2.78,4.36,4.36,False,False,False,False,False,False,False,True,True,2026-09-11
1289,1289.HK,SUNLIT SCI,盛力达科技,0.6,500,Equity,Equity Securities (Main Board),1.86,1.86,1.86,1.86,16500,0.03,1.881,1.97,-1.12,-5.58,3.33,-3.12,-6.53,2.89,3.1,6.2,2.89,3.1,-35.64,-40.0,-70.0,35.64,40.0,False,False,False,False,False,False,False,False,False,2026-09-11
1292,1292.HK,CM LOGISTICS,长安民生物流,2.42,"1,000",Equity,Equity Securities (Main Board),1.86,1.855,1.86,1.855,709000,1.32,1.884,2.014,-1.27,-7.65,0.0,-2.11,-3.12,4.0,4.8,6.7,4.0,4.8,-53.5,-61.25,-72.24,53.5,61.25,False,False,False,False,False,False,False,False,False,2026-09-11
1299,1299.HK,AIA,友邦保险,7765.16,200,Equity,Equity Securities (Main Board),75.05,75.0,75.65,73.7,23066225,1731.12,76.26,76.43,-1.59,-1.81,-0.33,-2.41,-3.16,92.15,92.15,109.3,92.15,92.15,-17.91,-17.91,-30.79,18.56,18.56,False,False,False,False,False,False,False,False,False,2026-09-11
1300,1300.HK,TRIGIANT,俊知集团,35.8,"2,000",Equity,Equity Securities (Main Board),2.025,2.2,2.315,1.85,17340000,35.11,2.079,2.257,-2.6,-10.28,-11.18,2.27,1.76,4.93,4.93,4.93,4.93,4.93,-53.04,-53.04,-53.04,58.92,58.92,False,False,False,False,False,False,False,False,False,2026-09-11
1301,1301.HK,D&G TECH,德基科技控股,1.88,"2,000",Equity,Equity Securities (Main Board),0.3,0.295,0.3,0.295,38000,0.01,0.307,0.308,-2.28,-2.6,0.0,0.0,-4.76,0.69,1.05,1.7,0.69,1.05,-56.52,-71.43,-82.35,56.52,71.43,False,False,False,False,False,False,False,False,False,2026-09-11
1302,1302.HK,LIFETECH SCI,先健科技,64.15,"2,000",Equity,Equity Securities (Main Board),1.385,1.34,1.4,1.33,56636000,78.44,1.368,1.362,1.24,1.69,2.59,0.73,0.0,2.38,2.63,5.98,2.38,2.63,-41.18,-46.77,-76.59,41.81,47.34,False,False,False,True,False,False,False,False,False,2026-09-11
1304,1304.HK,FORTIOR,FORTIOR,24.9,100,Equity,Equity Securities (Main Board),115.5,111.3,119.4,110.2,168900,19.51,115.98,118.06,-0.41,-2.17,1.4,0.52,-1.79,185.0,226.4,226.4,185.0,226.4,-35.46,-47.26,-47.26,37.57,48.98,False,False,False,False,False,False,False,False,False,2026-09-11
1308,1308.HK,SITC,海丰国际,1229.95,"1,000",Equity,Equity Securities (Main Board),45.36,44.58,45.36,44.14,9705295,440.23,45.212,45.34,0.33,0.04,1.75,0.89,0.31,50.0,50.0,50.0,50.0,50.0,-9.28,-9.28,-9.28,9.28,9.28,False,False,False,True,False,False,False,True,True,2026-09-11
1310,1310.HK,HKBN,香港宽频,80.45,500,Equity,Equity Securities (Main Board),5.44,5.46,5.5,5.425,1078384,5.87,5.493,5.598,-0.96,-2.82,-0.82,-0.73,-1.36,8.4,9.41,15.6,8.4,9.41,-34.52,-41.55,-64.74,35.24,42.19,False,False,False,False,False,False,False,False,False,2026-09-11
1312,1312.HK,KONTA CHINA,华控康泰,1.79,"6,000",Equity,Equity Securities (Main Board),0.032,0.031,0.032,0.03,84000,0.0,0.033,0.034,-4.19,-5.33,-3.03,-5.88,-5.88,0.04,0.05,0.9,0.04,0.05,-11.11,-33.33,-96.44,11.11,33.33,False,False,False,False,False,False,False,False,False,2026-09-11
1313,1313.HK,CR BLDG MAT TEC,华润建材科技,68.78,"2,000",Equity,Equity Securities (Main Board),0.985,1.015,1.02,0.98,16126845,15.88,1.014,1.017,-2.86,-3.19,-2.96,-4.37,-3.43,2.06,2.52,12.44,2.06,2.52,-50.49,-59.52,-91.8,52.18,60.91,False,False,False,False,False,False,False,False,False,2026-09-11
1314,1314.HK,TSUI WAH HLDG,翠华控股,2.57,"2,000",Equity,Equity Securities (Main Board),0.182,0.178,0.185,0.178,356000,0.06,0.18,0.182,1.22,0.17,1.68,1.68,0.0,0.22,0.29,1.65,0.22,0.29,-14.35,-36.21,-88.79,15.74,37.24,False,False,False,True,False,False,False,False,False,2026-09-11
1316,1316.HK,NEXTEER,耐世特,116.83,"1,000",Equity,Equity Securities (Main Board),4.655,4.67,4.67,4.55,8043000,37.44,4.792,4.961,-2.86,-6.16,-0.53,-4.12,-5.67,8.25,8.9,20.4,8.25,8.9,-43.39,-47.53,-77.11,43.58,47.7,False,False,False,False,False,False,False,False,False,2026-09-11
1317,1317.HK,MAPLELEAF EDU,枫叶教育,4.46,"2,000",Equity,Equity Securities (Main Board),0.157,0.168,0.168,0.157,540000,0.08,0.168,0.17,-6.55,-7.48,-7.1,-7.65,-7.65,0.4,0.57,7.63,0.4,0.57,-57.47,-70.53,-97.8,60.25,72.46,False,False,False,False,False,False,False,False,False,2026-09-11
1318,1318.HK,MAO GEPING,毛戈平,232.64,100,Equity,Equity Securities (Main Board),47.46,48.0,48.38,46.94,1675011,79.5,48.964,49.364,-3.07,-3.86,-1.33,-5.83,-5.83,93.3,130.6,130.6,93.3,130.6,-48.15,-62.96,-62.96,49.13,63.66,False,False,False,False,False,False,False,False,False,2026-09-11
1319,1319.HK,OIWAHPAWN,霭华押业信贷,5.39,"8,000",Equity,Equity Securities (Main Board),0.28,0.285,0.285,0.28,80000,0.02,0.284,0.288,-1.41,-2.95,0.0,-3.45,-5.08,0.34,0.34,0.6,0.34,0.34,-17.39,-17.39,-52.5,18.84,18.84,False,False,False,False,False,False,False,False,False,2026-09-11
1323,1323.HK,HUASHENG INTL,华盛国际控股,1.65,"20,000",Equity,Equity Securities (Main Board),0.182,0.182,0.188,0.179,480000,0.09,0.185,0.189,-1.52,-3.81,-0.55,-0.55,-6.67,0.26,0.87,20.15,0.26,0.87,-27.69,-78.46,-99.07,30.0,79.15,False,False,False,False,False,False,False,False,False,2026-09-11
1327,1327.HK,LUXXU GROUP,励时集团,4.01,"20,000",Equity,Equity Securities (Main Board),1.55,1.55,1.55,1.55,62600,0.1,1.59,1.62,-2.52,-4.32,0.0,-6.06,-6.06,1.69,2.04,9.07,1.69,2.04,-8.28,-24.03,-82.92,8.28,24.03,False,False,False,False,False,False,False,True,False,2026-09-11
1328,1328.HK,GOLDSTREAM INV,金涌投资,9.04,"1,000",Equity,Equity Securities (Main Board),3.52,3.52,3.52,3.52,8000,0.03,3.476,3.51,1.27,0.28,0.14,2.62,-0.28,6.28,15.0,18.55,6.28,15.0,-43.95,-76.53,-81.03,43.95,76.53,True,False,False,False,False,False,False,False,False,2026-09-11
1330,1330.HK,DYNAGREEN ENV,绿色动力环保,24.79,"1,000",Equity,Equity Securities (Main Board),6.13,6.1,6.195,6.03,1139000,6.98,6.137,6.054,-0.11,1.26,0.33,-0.33,1.41,6.69,7.7,7.7,6.69,7.7,-7.4,-19.55,-19.55,8.37,20.39,False,False,False,False,False,False,False,True,False,2026-09-11
1332,1332.HK,TOUYUN BIOTECH,透云生物,4.6,"10,000",Equity,Equity Securities (Main Board),0.157,0.159,0.159,0.157,270000,0.04,0.157,0.156,0.0,0.77,1.29,0.0,-0.63,0.32,0.75,2.2,0.32,0.75,-51.08,-78.8,-92.77,51.69,79.07,False,False,False,False,False,False,False,False,False,2026-09-11
1333,1333.HK,BRETON,博雷顿,44.3,200,Equity,Equity Securities (Main Board),12.34,12.04,12.46,11.55,733400,9.05,12.09,12.275,2.07,0.53,2.58,2.58,-2.68,31.0,55.55,55.55,31.0,55.55,-59.81,-77.57,-77.57,60.19,77.79,False,False,False,True,False,False,False,False,False,2026-09-11
1334,1334.HK,RUICHANG INTL,瑞昌国际控股,4.8,"2,500",Equity,Equity Securities (Main Board),0.96,1.01,1.015,0.96,735000,0.71,1.022,1.046,-6.07,-8.22,-4.0,-10.28,-7.69,2.65,2.65,2.65,2.65,2.65,-61.7,-61.7,-61.7,63.77,63.77,False,False,False,False,False,False,False,False,False,2026-09-11
1335,1335.HK,SHEEN TAI,顺泰控股,2.26,"2,000",Equity,Equity Securities (Main Board),0.093,0.092,0.093,0.092,20000,0.0,0.106,0.105,-12.1,-11.34,-13.89,-15.45,-15.45,0.15,0.5,0.85,0.15,0.5,-38.0,-81.4,-89.06,38.0,81.4,False,False,False,False,False,False,False,False,False,2026-09-11
1336,1336.HK,NCI,新华保险,492.03,100,Equity,Equity Securities (Main Board),47.58,48.3,48.3,46.9,5612887,267.06,48.176,48.278,-1.24,-1.45,-1.57,-0.38,-5.97,65.8,65.8,65.8,65.8,65.8,-26.6,-26.6,-26.6,27.69,27.69,False,False,False,False,False,False,False,False,False,2026-09-11
1338,1338.HK,BAWANG GROUP,霸王集团,0.98,"2,000",Equity,Equity Securities (Main Board),0.031,0.033,0.033,0.03,5700000,0.18,0.031,0.031,-0.64,0.98,-6.06,3.33,0.0,0.05,0.08,0.54,0.05,0.08,-31.25,-58.75,-93.89,35.42,61.25,False,False,False,False,False,False,False,False,False,2026-09-11
1339,1339.HK,PICC GROUP,中国人民保险集团,514.85,"1,000",Equity,Equity Securities (Main Board),5.9,5.98,5.985,5.82,36077007,212.85,5.931,5.972,-0.52,-1.21,-0.76,0.0,-5.6,7.63,7.63,7.63,7.63,7.63,-21.56,-21.56,-21.56,22.67,22.67,False,False,False,False,False,False,False,False,False,2026-09-11
1340,1340.HK,HUISHENG INTL,惠生国际,0.66,"10,000",Equity,Equity Securities (Main Board),0.475,0.5,0.5,0.475,67000,0.03,0.491,0.5,-3.26,-5.0,-3.06,-5.0,-5.94,1.0,1.0,5.72,1.0,1.0,-50.0,-50.0,-91.26,52.5,52.5,False,False,False,False,False,False,False,False,False,2026-09-11
1343,1343.HK,WEI YUAN HLDG,伟源控股,1.48,"5,000",Equity,Equity Securities (Main Board),0.139,0.14,0.14,0.135,580000,0.08,0.133,0.131,4.35,5.78,-0.71,6.92,7.75,0.15,0.19,4.09,0.15,0.19,-6.67,-26.32,-96.58,7.33,26.84,False,False,False,False,False,False,False,True,False,2026-09-11
1345,1345.HK,SH PIONEER HLDG,上海先锋控股,27.6,"1,000",Equity,Equity Securities (Main Board),2.195,2.15,2.195,2.1,140000,0.31,2.197,2.21,-0.09,-0.68,0.0,-0.23,1.86,2.4,2.45,3.3,2.4,2.45,-8.54,-10.41,-33.48,8.54,10.41,False,False,False,False,False,False,False,True,False,2026-09-11
1347,1347.HK,HUA HONG GRACE,华虹宏力,1485.58,"1,000",Equity,Equity Securities (Main Board),111.7,110.0,112.6,107.6,16471716,1839.89,112.48,115.33,-0.69,-3.15,-1.15,0.63,1.82,219.6,219.6,219.6,219.6,219.6,-48.72,-48.72,-48.72,49.13,49.13,False,False,False,False,False,False,False,False,False,2026-09-11
1348,1348.HK,QUALI-SMART,滉达富控股,2.77,"2,000",Equity,Equity Securities (Main Board),0.188,0.185,0.21,0.184,3264000,0.61,0.178,0.182,5.38,3.3,5.03,13.25,0.0,0.41,0.41,0.75,0.41,0.41,-49.4,-49.4,-72.0,54.7,54.7,False,False,False,False,False,False,False,False,False,2026-09-11
1349,1349.HK,FUDANZHANGJIANG,复旦张江,8.15,"1,000",Equity,Equity Securities (Main Board),2.5,2.49,2.54,2.465,1396000,3.49,2.514,2.514,-0.56,-0.54,-0.4,-0.79,-0.2,3.69,5.29,9.26,3.69,5.29,-31.17,-51.98,-72.57,32.25,52.74,False,False,False,False,False,False,False,False,False,2026-09-11
1351,1351.HK,BRIGHT FUTURE,辉煌明天,0.97,"2,000",Equity,Equity Securities (Main Board),0.162,0.16,0.165,0.16,310000,0.05,0.166,0.167,-2.41,-2.94,-1.22,-2.99,0.62,0.44,0.88,4.6,0.44,0.88,-62.92,-81.25,-96.41,63.6,81.59,False,False,False,False,False,False,False,False,False,2026-09-11
1354,1354.HK,KINGFARPROPERTY,经发物业,0.46,300,Equity,Equity Securities (Main Board),2.745,2.615,2.845,2.605,75000,0.21,2.815,2.878,-2.49,-4.62,4.77,-4.69,-3.68,4.0,41.55,41.55,4.0,41.55,-28.87,-93.15,-93.15,31.38,93.39,False,False,False,False,False,False,False,False,False,2026-09-11
1355,1355.HK,BIOSYSEN,生物系统工程,3.04,"20,000",Equity,Equity Securities (Main Board),0.17,0.164,0.17,0.16,1520000,0.26,0.148,0.147,14.56,15.25,10.39,24.09,17.24,0.18,1.18,1.65,0.18,1.18,-6.08,-85.59,-89.7,6.08,85.59,True,False,False,False,False,False,False,True,False,2026-09-11
1357,1357.HK,MEITU,美图公司,190.2,500,Equity,Equity Securities (Main Board),4.205,4.2,4.26,4.11,51870209,218.11,4.489,4.636,-6.33,-9.3,-0.83,-11.47,-15.05,9.33,12.56,23.05,9.33,12.56,-54.34,-66.08,-81.52,54.93,66.52,False,False,False,False,False,False,False,False,False,2026-09-11
1358,1358.HK,PW MEDTECH,普华和顺,13.69,"1,000",Equity,Equity Securities (Main Board),0.955,0.955,0.975,0.955,317000,0.3,0.969,0.948,-1.44,0.69,-2.05,-1.04,0.0,1.41,1.63,2.66,1.41,1.63,-30.85,-40.18,-63.35,32.27,41.41,False,False,False,False,False,False,False,False,False,2026-09-11
1359,1359.HK,CHINA CINDA,中国信达,120.75,"1,000",Equity,Equity Securities (Main Board),0.89,0.9,0.9,0.88,37753499,33.6,0.903,0.913,-1.44,-2.47,-1.66,-2.2,-5.32,1.38,2.1,3.52,1.38,2.1,-34.78,-57.14,-74.43,35.51,57.62,False,False,False,False,False,False,False,False,False,2026-09-11
1361,1361.HK,361 DEGREES,３６１度,94.94,"1,000",Equity,Equity Securities (Main Board),4.38,4.385,4.42,4.345,1896800,8.31,4.473,4.464,-2.08,-1.88,-1.13,-3.63,-1.46,7.25,7.25,7.25,7.25,7.25,-39.03,-39.03,-39.03,39.59,39.59,False,False,False,False,False,False,False,False,False,2026-09-11
1364,1364.HK,GUMING,古茗,535.14,400,Equity,Equity Securities (Main Board),22.88,23.3,23.42,22.74,3209421,73.43,23.956,24.73,-4.49,-7.48,-0.78,-7.44,-8.48,31.28,31.28,31.28,31.28,31.28,-25.13,-25.13,-25.13,26.85,26.85,False,False,False,False,False,False,False,False,False,2026-09-11
1368,1368.HK,XTEP INT'L,特步国际,92.48,500,Equity,Equity Securities (Main Board),3.285,3.395,3.395,3.275,75480263,247.95,3.43,3.529,-4.23,-6.9,-2.52,-6.94,-4.23,5.54,7.93,16.32,5.54,7.93,-38.72,-57.19,-79.2,40.7,58.58,False,False,False,False,False,False,False,False,False,2026-09-11
1370,1370.HK,AOWEI HOLDING,奥威控股,2.81,"1,000",Equity,Equity Securities (Main Board),0.172,0.2,0.2,0.183,56000,0.01,0.164,0.164,5.01,5.07,23.74,-9.47,8.86,0.41,1.19,2.95,0.41,1.19,-50.62,-83.19,-93.22,57.53,85.55,False,False,False,False,False,False,False,False,False,2026-09-11
1372,1372.HK,C CARBONNEUTRAL,中国碳中和,12.45,"1,000",Equity,Equity Securities (Main Board),1.27,1.32,1.32,1.26,823000,1.05,1.321,1.345,-3.86,-5.58,-4.15,-4.87,-8.63,1.68,2.02,9.65,1.68,2.02,-21.43,-34.65,-86.32,24.4,37.13,False,False,False,False,False,False,False,False,False,2026-09-11
1373,1373.HK,IH RETAIL,国际家居零售,4.74,"1,000",Equity,Equity Securities (Main Board),0.665,0.66,0.71,0.66,494000,0.33,0.663,0.659,0.3,0.91,0.76,0.0,0.76,0.85,2.35,3.4,0.85,2.35,-16.47,-69.79,-79.12,21.76,71.7,False,False,False,False,False,False,False,False,False,2026-09-11
1375,1375.HK,CC SECURITIES,中州证券,20.14,"1,000",Equity,Equity Securities (Main Board),1.685,1.745,1.745,1.675,8848000,14.91,1.735,1.751,-2.88,-3.77,-4.26,-2.6,-6.13,2.38,4.08,4.98,2.38,4.08,-26.68,-57.23,-64.96,29.2,58.7,False,False,False,False,False,False,False,False,False,2026-09-11
1377,1377.HK,DTECH,鼎泰高科,40.09,100,Equity,Equity Securities (Main Board),317.4,319.0,329.8,306.0,107200,34.03,329.64,328.26,-3.71,-3.31,-0.56,-5.65,-0.81,455.6,455.6,455.6,455.6,455.6,-27.61,-27.61,-27.61,30.33,30.33,False,False,False,False,False,False,False,False,False,2026-09-11
1378,1378.HK,CHINAHONGQIAO,中国宏桥,2209.36,500,Equity,Equity Securities (Main Board),22.5,22.98,23.02,22.04,39662949,892.42,23.416,23.236,-3.91,-3.17,-4.01,-4.34,-3.85,41.36,41.36,41.36,41.36,41.36,-44.34,-44.34,-44.34,45.6,45.6,False,False,False,False,False,False,False,False,False,2026-09-11
1380,1380.HK,CHI KINGSTONE,中国金石,2.07,"10,000",Equity,Equity Securities (Main Board),0.4,0.385,0.4,0.365,850000,0.34,0.395,0.41,1.27,-2.44,11.11,0.0,-5.88,0.98,1.12,13.11,0.98,1.12,-59.18,-64.29,-96.95,59.18,64.29,False,False,False,False,False,False,False,False,False,2026-09-11
1382,1382.HK,PACIFICTEXTILES,互太纺织,12.93,"1,000",Equity,Equity Securities (Main Board),0.94,0.95,0.95,0.935,538000,0.51,0.944,0.947,-0.42,-0.79,-0.53,-1.05,-1.05,1.37,1.85,10.58,1.37,1.85,-30.66,-48.65,-91.02,31.39,49.19,False,False,False,False,False,False,False,False,False,2026-09-11
1384,1384.HK,DEEPEXI TECH,滴普科技,108.15,200,Equity,Equity Securities (Main Board),31.0,32.7,32.7,30.8,1889000,58.56,33.452,34.514,-7.33,-10.18,-4.91,-10.46,-13.31,120.0,128.2,128.2,120.0,128.2,-72.75,-74.49,-74.49,74.17,75.82,False,False,False,False,False,False,False,False,False,2026-09-11
1385,1385.HK,SHANGHAI FUDAN,上海复旦,70.63,"1,000",Equity,Equity Securities (Main Board),24.84,24.8,24.94,24.18,1841017,45.73,25.684,26.222,-3.29,-5.27,-1.97,-3.8,-3.42,57.0,57.0,57.0,57.0,57.0,-56.25,-56.25,-56.25,56.42,56.42,False,False,False,False,False,False,False,False,False,2026-09-11
1388,1388.HK,EMBRY HOLDINGS,安莉芳控股,1.12,"1,000",Equity,Equity Securities (Main Board),0.265,0.27,0.27,0.255,11000,0.0,0.27,0.27,-1.85,-1.85,-3.64,-1.85,-1.85,0.41,0.58,3.8,0.41,0.58,-34.15,-53.45,-92.89,35.37,54.31,False,False,False,False,False,False,False,False,False,2026-09-11
1389,1389.HK,MAJOR HLDGS,美捷汇控股,2.52,"12,000",Equity,Equity Securities (Main Board),0.455,0.455,0.455,0.445,960000,0.44,0.479,0.482,-5.01,-5.6,-6.19,-6.19,-6.19,0.63,0.91,21.51,0.63,0.91,-27.78,-50.0,-97.88,27.78,50.0,False,False,False,False,False,False,False,False,False,2026-09-11
1392,1392.HK,HQVT,海清智元,143.89,500,Equity,Equity Securities (Main Board),19.03,20.6,20.66,18.5,966500,18.39,20.898,24.137,-8.94,-21.16,-7.89,-9.72,-30.6,30.2,30.2,30.2,30.2,30.2,-31.59,-31.59,-31.59,36.99,36.99,False,False,False,False,False,False,False,False,False,2026-09-11
1393,1393.HK,HIDILI INDUSTRY,恒鼎实业,1.34,"1,000",Equity,Equity Securities (Main Board),0.029,0.027,0.029,0.026,1909000,0.06,0.029,0.026,-0.68,11.54,0.0,0.0,3.57,0.07,0.16,0.75,0.07,0.16,-60.27,-82.32,-96.13,60.27,82.32,False,False,False,False,False,False,False,False,False,2026-09-11
1395,1395.HK,ELL ENV,强泰环保,1.36,"5,000",Equity,Equity Securities (Main Board),0.123,0.123,0.123,0.123,10000,0.0,0.132,0.134,-6.68,-8.0,-8.21,-8.21,-8.21,0.18,0.19,0.65,0.18,0.19,-33.15,-34.92,-81.08,33.15,34.92,False,False,False,False,False,False,False,False,False,2026-09-11
1396,1396.HK,GBA AI COMP-500,粤港湾智算－五百,183.87,500,Equity,Equity Securities (Main Board),11.61,11.82,12.07,11.44,3296500,38.27,11.844,11.505,-1.98,0.91,-3.89,-1.36,6.61,19.85,19.85,19.85,19.85,19.85,-39.19,-39.19,-39.19,41.51,41.51,False,False,False,False,False,False,False,False,False,2026-09-11
1397,1397.HK,BAGUIO GREEN,碧瑶绿色集团,3.15,"4,000",Equity,Equity Securities (Main Board),0.76,0.755,0.76,0.755,20000,0.02,0.746,0.752,1.88,1.0,1.33,2.7,1.33,1.32,1.41,1.41,1.32,1.41,-42.42,-46.1,-46.1,42.42,46.1,False,False,False,False,False,False,False,False,False,2026-09-11
1398,1398.HK,ICBC,工商银行,6605.03,"1,000",Equity,Equity Securities (Main Board),7.61,7.54,7.635,7.51,152633971,1161.54,7.556,7.597,0.71,0.18,0.0,1.33,-1.1,7.76,7.76,7.76,7.76,7.76,-1.67,-1.67,-1.67,2.0,2.0,False,False,True,True,False,False,False,True,True,2026-09-11
1399,1399.HK,VESON HLDG,锐信控股,3.43,"2,000",Equity,Equity Securities (Main Board),0.315,0.36,0.36,0.3,788000,0.25,0.362,0.366,-12.98,-13.82,-14.86,-13.7,-13.7,0.6,0.6,1.04,0.6,0.6,-40.0,-40.0,-65.38,47.5,47.5,False,False,False,False,False,False,False,False,False,2026-09-11
1400,1400.HK,MOODY TECH HLDG,满地科技股份,0.8,"10,000",Equity,Equity Securities (Main Board),0.021,0.022,0.022,0.02,125450000,2.63,0.023,0.023,-7.08,-9.87,-4.55,-8.7,-16.0,0.03,1.33,61.43,0.03,1.33,-12.0,-98.35,-99.96,16.0,98.42,False,False,False,False,False,False,False,False,False,2026-09-11
1401,1401.HK,FUTURE MACH LTD,未来机器有限公司,3.65,"2,000",Equity,Equity Securities (Main Board),0.243,0.247,0.247,0.235,1358000,0.33,0.242,0.245,0.5,-0.69,1.25,-0.82,0.83,1.42,15.3,15.3,1.42,15.3,-82.61,-98.39,-98.39,82.89,98.41,False,False,False,False,False,False,False,False,False,2026-09-11
1402,1402.HK,I-CONTROL,超智能控股,5.88,"10,000",Equity,Equity Securities (Main Board),0.56,0.485,0.57,0.415,38140000,21.36,0.419,0.412,33.65,35.92,47.37,41.77,47.37,0.46,0.54,0.86,0.57,0.57,23.91,5.56,-33.72,1.75,1.75,False,False,False,False,True,True,False,True,True,2026-09-11
1405,1405.HK,DPC DASH,达势股份,40.12,100,Equity,Equity Securities (Main Board),30.48,30.02,30.5,29.56,266092,8.11,30.344,30.952,0.45,-1.52,1.6,-0.85,-0.07,74.5,125.2,125.2,74.5,125.2,-59.06,-75.64,-75.64,59.09,75.65,False,False,False,False,False,False,False,False,False,2026-09-11
1407,1407.HK,JY GAS,交运燃气,3.15,"2,000",Equity,Equity Securities (Main Board),0.715,0.76,0.765,0.705,394000,0.28,0.701,0.659,2.0,8.5,-4.67,5.15,7.52,0.83,0.83,1.6,0.83,0.83,-7.83,-7.83,-52.19,13.86,13.86,False,False,False,False,False,False,False,False,False,2026-09-11
1408,1408.HK,MACAU E&M,濠江机电,1.82,"2,000",Equity,Equity Securities (Main Board),0.365,0.36,0.365,0.36,232000,0.08,0.368,0.366,-0.82,-0.27,-2.67,0.0,-1.35,0.47,0.47,5.5,0.47,0.47,-22.34,-22.34,-93.36,22.34,22.34,False,False,False,False,False,False,False,False,False,2026-09-11
1410,1410.HK,EDVANCE INTL,安领国际,8.03,"10,000",Equity,Equity Securities (Main Board),0.795,0.835,0.835,0.795,1350000,1.07,0.816,0.812,-2.57,-2.09,-3.64,-3.05,0.0,0.95,1.25,1.85,0.95,1.25,-12.11,-33.2,-54.86,16.32,36.4,False,False,False,False,False,False,False,False,False,2026-09-11
1412,1412.HK,Q P GROUP,隽思集团,5.59,"2,000",Equity,Equity Securities (Main Board),1.05,1.05,1.05,1.015,228000,0.24,1.05,1.051,0.0,-0.14,0.0,0.0,0.0,1.65,1.9,1.9,1.65,1.9,-36.36,-44.74,-44.74,36.36,44.74,False,False,False,False,False,False,False,False,False,2026-09-11
1413,1413.HK,FEG HOLDINGS,铸帝控股,0.8,"7,000",Equity,Equity Securities (Main Board),0.244,0.239,0.244,0.239,119000,0.03,0.231,0.219,5.45,11.42,1.67,7.02,19.02,0.42,1.88,2.6,0.42,1.88,-41.9,-86.99,-90.62,41.9,86.99,True,True,False,False,False,False,False,False,False,2026-09-11
1415,1415.HK,COWELL,高伟电子,207.59,"1,000",Equity,Equity Securities (Main Board),23.9,23.5,24.06,23.2,2146016,51.29,24.212,24.494,-1.29,-2.43,0.17,-0.17,-1.65,33.88,43.06,43.06,33.88,43.06,-28.98,-44.12,-44.12,29.46,44.5,False,False,False,False,False,False,False,False,False,2026-09-11
1416,1416.HK,CTR HOLDINGS,CTR HOLDINGS,2.69,"10,000",Equity,Equity Securities (Main Board),0.192,0.192,0.192,0.192,270000,0.05,0.189,0.189,1.48,1.69,-0.52,3.78,0.52,0.26,0.34,0.71,0.26,0.34,-27.55,-44.35,-72.96,27.55,44.35,False,False,False,False,False,False,False,False,False,2026-09-11
1417,1417.HK,RIVERINE CHINA,浦江中国,19.22,"2,000",Equity,Equity Securities (Main Board),4.745,4.5,4.78,4.335,748000,3.55,4.891,5.338,-2.99,-11.12,4.06,-8.22,1.82,9.78,9.78,9.78,9.78,9.78,-51.15,-51.15,-51.15,51.51,51.51,False,False,False,False,False,False,False,False,False,2026-09-11
1420,1420.HK,CHUAN HOLDING,川控股,3.63,"4,000",Equity,Equity Securities (Main Board),0.27,0.275,0.275,0.265,172000,0.05,0.274,0.276,-1.46,-2.17,0.0,0.0,-10.0,0.33,0.33,0.52,0.33,0.33,-16.67,-16.67,-47.12,18.18,18.18,False,False,False,False,False,False,False,False,False,2026-09-11
1421,1421.HK,PROSP GP INTL,恒昌集团国际,1.12,"5,000",Equity,Equity Securities (Main Board),0.56,0.56,0.56,0.555,140000,0.08,0.585,0.609,-4.27,-8.05,-5.08,-6.67,-0.88,0.92,0.92,11.0,0.92,0.92,-39.13,-39.13,-94.91,39.13,39.13,False,False,False,False,False,False,False,False,False,2026-09-11
1425,1425.HK,JUSTIN ALLEN H,捷隆控股,7.5,"5,000",Equity,Equity Securities (Main Board),0.6,0.6,0.605,0.595,1720000,1.03,0.602,0.602,-0.33,-0.33,0.0,-0.83,0.84,0.73,0.85,0.85,0.73,0.85,-17.12,-28.82,-28.82,17.81,29.41,False,False,False,False,False,False,False,False,False,2026-09-11
1428,1428.HK,BRIGHT SMART,耀才证券金融,119.83,"2,000",Equity,Equity Securities (Main Board),7.06,7.25,7.25,6.95,6395600,45.15,7.241,7.313,-2.5,-3.46,-3.62,-2.55,-3.55,16.88,17.68,17.68,16.88,17.68,-57.05,-58.99,-58.99,58.18,60.07,False,False,False,False,False,False,False,False,False,2026-09-11
1429,1429.HK,SKYMISSION GP,天任集团,3.8,"8,000",Equity,Equity Securities (Main Board),0.198,0.216,0.216,0.195,2920000,0.58,0.202,0.201,-2.17,-1.49,-8.33,1.02,-1.0,0.35,0.35,2.53,0.35,0.35,-39.15,-39.15,-91.46,44.23,44.23,False,False,False,False,False,False,False,False,False,2026-09-11
1431,1431.HK,YST DAIRY,原生态牧业,15.01,"1,000",Equity,Equity Securities (Main Board),0.32,0.31,0.32,0.305,432000,0.14,0.315,0.312,1.59,2.4,4.92,-1.54,4.92,0.38,0.44,0.95,0.38,0.44,-16.88,-26.44,-66.32,16.88,26.44,False,False,False,True,False,False,False,False,False,2026-09-11
1440,1440.HK,STAR SHINE HLDG,应星控股,176.87,"2,500",Equity,Equity Securities (Main Board),14.04,11.17,15.35,11.17,9930000,139.42,11.634,12.48,20.68,12.5,22.83,44.74,1.52,18.55,18.55,18.55,18.55,18.55,-17.25,-17.25,-17.25,24.31,24.31,True,False,False,True,False,False,False,False,False,2026-09-11
1443,1443.HK,FULUM GP HLDG,富临集团控股,0.82,"2,000",Equity,Equity Securities (Main Board),0.063,0.067,0.073,0.059,5342000,0.34,0.063,0.057,-0.63,10.72,-7.35,-3.08,26.0,0.1,0.25,1.37,0.1,0.25,-26.26,-70.8,-94.67,36.36,74.8,False,False,False,False,False,False,False,False,False,2026-09-11
1447,1447.HK,SFK,新福港,2.12,"2,000",Equity,Equity Securities (Main Board),0.53,0.54,0.54,0.52,232000,0.12,0.538,0.54,-1.49,-1.76,-1.85,-1.85,-1.85,0.73,0.73,3.65,0.73,0.73,-26.03,-26.03,-85.21,27.4,27.4,False,False,False,False,False,False,False,False,False,2026-09-11
1449,1449.HK,LEADER EDU,立德教育,13.0,"1,000",Equity,Equity Securities (Main Board),1.625,1.535,1.71,1.525,6800000,11.05,1.455,1.408,11.68,15.37,6.91,16.49,31.58,1.6,1.6,1.99,1.71,1.71,6.88,6.88,-14.07,4.97,4.97,True,True,False,False,True,True,False,True,True,2026-09-11
1450,1450.HK,BE FRIENDS HLDG,交个朋友控股,10.32,"2,000",Equity,Equity Securities (Main Board),0.735,0.74,0.74,0.72,334000,0.25,0.765,0.787,-3.92,-6.61,-2.0,-5.77,-6.37,1.15,1.95,4.6,1.15,1.95,-35.65,-62.05,-83.91,36.09,62.31,False,False,False,False,False,False,False,False,False,2026-09-11
1451,1451.HK,MS GROUP HLDGS,万成集团股份,2.45,"2,000",Equity,Equity Securities (Main Board),1.2,1.21,1.25,1.2,206000,0.25,1.22,1.214,-1.64,-1.15,-1.64,-4.0,-3.23,2.35,2.35,2.35,2.35,2.35,-46.81,-46.81,-46.81,48.94,48.94,False,False,False,False,False,False,False,False,False,2026-09-11
1452,1452.HK,DENOX ENV,迪诺斯环保,1.58,"1,000",Equity,Equity Securities (Main Board),0.205,0.2,0.205,0.192,165000,0.03,0.206,0.205,-0.68,0.0,-2.38,0.0,0.0,0.24,0.24,1.19,0.24,0.24,-14.58,-14.58,-82.77,14.58,14.58,False,False,False,False,False,False,False,False,False,2026-09-11
1455,1455.HK,FOURACE IND GP,科利实业控股,3.45,"5,000",Equity,Equity Securities (Main Board),0.27,0.27,0.27,0.27,25000,0.01,0.266,0.264,1.5,2.2,0.0,1.89,-1.82,0.3,0.3,1.45,0.3,0.3,-10.0,-10.0,-81.38,10.0,10.0,False,False,False,False,False,False,False,True,True,2026-09-11
1456,1456.HK,GLMS SEC,国联民生,16.82,500,Equity,Equity Securities (Main Board),3.8,3.855,3.885,3.775,3340527,12.69,3.868,3.879,-1.76,-2.02,-2.31,-1.68,-4.76,5.67,8.18,8.18,5.67,8.18,-31.48,-52.51,-52.51,32.98,53.55,False,False,False,False,False,False,False,False,False,2026-09-11
1458,1458.HK,ZHOU HEI YA,周黑鸭,26.01,500,Equity,Equity Securities (Main Board),1.25,1.22,1.26,1.22,616001,0.77,1.261,1.266,-0.87,-1.26,0.0,-1.57,-1.57,1.76,2.9,11.86,1.76,2.9,-28.41,-56.55,-89.38,28.98,56.9,False,False,False,False,False,False,False,False,False,2026-09-11
1460,1460.HK,ICO GROUP,扬科集团,2.19,"8,000",Equity,Equity Securities (Main Board),0.25,0.24,0.25,0.24,56000,0.01,0.26,0.262,-3.85,-4.76,-3.85,-5.66,-5.66,0.32,0.38,2.75,0.32,0.38,-23.08,-35.06,-90.91,23.08,35.06,False,False,False,False,False,False,False,False,False,2026-09-11
1463,1463.HK,C-LINK SQ,C-LINK SQ,10.63,"2,000",Equity,Equity Securities (Main Board),0.37,0.37,0.37,0.37,24000,0.01,0.374,0.379,-1.07,-2.5,0.0,-2.63,-3.9,0.44,1.85,1.85,0.44,1.85,-15.91,-80.0,-80.0,15.91,80.0,False,False,False,False,False,False,False,False,False,2026-09-11
1466,1466.HK,BAIJIN LIFE SCI,佰金生命科学,11.47,"8,000",Equity,Equity Securities (Main Board),1.23,1.21,1.23,1.21,305600,0.38,1.228,1.08,0.16,13.84,-3.15,4.68,20.59,1.7,1.7,14.26,1.7,1.7,-27.65,-27.65,-91.38,27.65,27.65,False,False,False,False,False,False,False,False,False,2026-09-11
1468,1468.HK,JAKOTA CAPITAL,嘉高达资本,0.78,"10,000",Equity,Equity Securities (Main Board),0.188,0.173,0.189,0.173,270000,0.05,0.191,0.192,-1.67,-2.19,-0.53,-2.59,-3.59,0.7,74.5,109.0,0.7,74.5,-73.0,-99.75,-99.83,73.14,99.75,False,False,False,False,False,False,False,False,False,2026-09-11
1470,1470.HK,PROSPER ONE,富一国际控股,0.86,"4,000",Equity,Equity Securities (Main Board),0.107,0.115,0.115,0.104,108000,0.01,0.105,0.104,1.52,2.59,-3.6,2.88,0.94,0.21,0.34,1.42,0.21,0.34,-45.24,-66.18,-91.9,49.05,68.53,False,False,False,True,False,False,False,False,False,2026-09-11
1471,1471.HK,ZHONGMIAO,众淼控股,3.28,100,Equity,Equity Securities (Main Board),9.3,8.3,9.9,8.3,43300,0.4,8.198,8.255,13.44,12.66,20.94,16.25,11.51,50.0,50.0,50.0,50.0,50.0,-80.2,-80.2,-80.2,81.4,81.4,False,False,False,False,False,False,False,False,False,2026-09-11
1472,1472.HK,SANG HING HLDGS,生兴控股,0.98,"5,000",Equity,Equity Securities (Main Board),0.098,0.101,0.101,0.098,1090000,0.11,0.101,0.103,-2.58,-4.67,-2.0,-3.92,-5.77,0.16,0.16,3.95,0.16,0.16,-34.84,-34.84,-97.44,36.77,36.77,False,False,False,False,False,False,False,False,False,2026-09-11
1473,1473.HK,PANGAEA CONNECT,环联连讯,13.83,"4,000",Equity,Equity Securities (Main Board),1.17,1.155,1.18,1.115,984000,1.15,1.189,1.204,-1.6,-2.82,1.3,-1.68,-4.1,2.03,2.03,2.03,2.03,2.03,-41.87,-41.87,-41.87,42.36,42.36,False,False,False,False,False,False,False,False,False,2026-09-11
1475,1475.HK,NISSIN FOODS,日清食品,69.2,"1,000",Equity,Equity Securities (Main Board),6.63,6.5,6.7,6.41,215000,1.43,6.537,6.503,1.42,1.95,1.69,2.0,2.63,9.69,9.69,9.69,9.69,9.69,-30.86,-30.86,-30.86,31.58,31.58,True,False,False,True,False,False,False,False,False,2026-09-11
1477,1477.HK,OCUMENSION-B,欧康维视生物－Ｂ,43.46,500,Equity,Equity Securities (Main Board),5.33,5.3,5.505,4.975,603941,3.22,5.358,5.283,-0.52,0.88,-3.35,0.28,-0.65,8.65,12.23,43.0,8.65,12.23,-36.36,-54.99,-87.2,38.38,56.42,False,False,False,False,False,False,False,False,False,2026-09-11
1478,1478.HK,Q TECH,丘钛科技,65.06,"1,000",Equity,Equity Securities (Main Board),5.445,5.53,5.53,5.4,5282000,28.76,5.682,5.78,-4.17,-5.8,-2.33,-4.81,-6.84,10.5,16.99,23.25,10.5,16.99,-47.33,-67.45,-76.22,48.14,67.95,False,False,False,False,False,False,False,False,False,2026-09-11
1480,1480.HK,YAN TAT GROUP,恩达集团控股,2.45,"2,000",Equity,Equity Securities (Main Board),1.02,1.02,1.02,1.005,76000,0.08,1.052,1.109,-3.04,-8.03,-0.97,-1.45,-12.45,2.95,2.95,2.95,2.95,2.95,-65.42,-65.42,-65.42,65.42,65.42,False,False,False,False,False,False,False,False,False,2026-09-11
1483,1483.HK,NET-A-GO TECH,网誉科技,9.63,"2,000",Equity,Equity Securities (Main Board),1.175,1.205,1.205,1.155,144000,0.17,1.129,1.15,4.07,2.17,1.73,4.44,3.07,1.6,1.74,2.85,1.6,1.74,-24.69,-30.75,-57.72,26.56,32.47,True,False,False,False,False,False,False,False,False,2026-09-11
1488,1488.HK,BEST FOOD HLDG,百福控股,15.47,"2,000",Equity,Equity Securities (Main Board),0.98,0.98,0.98,0.98,4000,0.0,0.94,0.948,4.26,3.38,5.38,5.38,0.51,1.02,1.29,2.44,1.02,1.29,-3.92,-24.03,-59.84,3.92,24.03,False,False,False,False,False,False,False,True,False,2026-09-11
1489,1489.HK,GC CONSTRUCTION,GC CONSTRUCTION,29.25,"5,000",Equity,Equity Securities (Main Board),2.925,2.495,2.995,2.495,6645000,19.44,2.52,2.323,16.07,25.91,18.18,28.29,17.0,2.8,2.8,2.8,2.99,2.99,6.96,6.96,6.96,2.34,2.34,True,False,False,False,True,True,True,True,True,2026-09-11
1490,1490.HK,AI X TECH,AI X TECH,3.06,"4,000",Equity,Equity Securities (Main Board),0.248,0.248,0.248,0.248,116000,0.03,0.249,0.252,-0.4,-1.59,-0.8,-0.4,-2.75,0.38,0.38,1.83,0.38,0.38,-33.87,-33.87,-86.45,33.87,33.87,False,False,False,False,False,False,False,False,False,2026-09-11
1496,1496.HK,AP RENTALS,亚积邦租赁,1.64,"4,000",Equity,Equity Securities (Main Board),0.19,0.19,0.19,0.19,200000,0.04,0.19,0.187,0.0,1.44,0.0,0.0,2.7,0.21,0.21,0.65,0.21,0.21,-7.77,-7.77,-70.77,7.77,7.77,False,False,False,False,False,False,False,True,True,2026-09-11
1497,1497.HK,YAN PALACE,燕之屋,28.81,400,Equity,Equity Securities (Main Board),6.25,6.41,6.8,6.25,33200,0.21,6.499,6.595,-3.83,-5.23,-3.77,-3.7,-4.51,6.99,15.34,15.34,6.99,15.34,-2.72,-55.67,-55.67,10.59,59.26,False,False,False,False,False,False,False,False,False,2026-09-11
1499,1499.HK,OKG TECH,欧科云链,6.61,"10,000",Equity,Equity Securities (Main Board),0.123,0.123,0.123,0.123,120000,0.01,0.123,0.122,-0.16,0.82,0.0,0.82,-2.38,0.22,0.73,1.22,0.22,0.73,-45.33,-83.15,-89.92,45.33,83.15,False,False,False,False,False,False,False,False,False,2026-09-11
1500,1500.HK,INCON,现恒建筑,3.15,"5,000",Equity,Equity Securities (Main Board),0.38,0.38,0.385,0.36,1390000,0.53,0.382,0.381,-0.52,-0.39,-1.3,0.0,-2.56,0.42,0.42,1.02,0.42,0.42,-8.33,-8.33,-62.25,9.52,9.52,False,False,False,False,False,False,False,True,True,2026-09-11
1501,1501.HK,INT MEDICAL,瑛泰医疗,72.02,200,Equity,Equity Securities (Main Board),34.1,34.0,34.5,33.2,196200,6.69,33.384,34.17,2.14,-0.2,2.71,3.33,-0.87,41.4,41.4,73.7,41.4,41.4,-16.67,-16.67,-53.19,17.63,17.63,False,False,False,False,False,False,False,False,False,2026-09-11
1502,1502.HK,FIN STREET PPT,金融街物业,2.0,"1,000",Equity,Equity Securities (Main Board),1.93,1.935,1.935,1.92,94000,0.18,1.944,1.967,-0.72,-1.88,-0.52,-1.53,-2.53,2.34,2.56,14.32,2.34,2.56,-17.31,-24.41,-86.49,17.52,24.61,False,False,False,False,False,False,False,False,False,2026-09-11
1508,1508.HK,CHINA RE,中国再保险,82.82,"1,000",Equity,Equity Securities (Main Board),1.24,1.24,1.245,1.22,13596920,16.86,1.266,1.283,-2.05,-3.35,-0.8,-3.12,-7.12,1.84,1.84,1.94,1.84,1.84,-32.34,-32.34,-35.82,32.61,32.61,False,False,False,False,False,False,False,False,False,2026-09-11
1511,1511.HK,UISEE TECH,驭势科技,70.97,50,Equity,Equity Securities (Main Board),56.0,54.0,56.8,53.8,438050,24.53,55.41,56.335,1.06,-0.59,3.7,-1.41,-3.03,102.3,102.3,102.3,102.3,102.3,-44.48,-44.48,-44.48,45.26,45.26,False,False,False,False,False,False,False,False,False,2026-09-11
1513,1513.HK,LIVZON PHARMA,丽珠医药,62.3,100,Equity,Equity Securities (Main Board),20.78,20.68,20.8,20.38,2183647,45.38,20.944,20.566,-0.78,1.04,-0.19,-1.14,1.96,30.88,41.85,42.6,30.88,41.85,-32.64,-50.3,-51.17,32.71,50.35,False,False,False,False,False,False,False,False,False,2026-09-11
1515,1515.HK,CR MEDICAL,华润医疗,31.83,500,Equity,Equity Securities (Main Board),2.455,2.5,2.53,2.44,1247500,3.06,2.531,2.518,-3.0,-2.5,-3.35,-4.47,-2.58,3.47,5.65,14.16,3.47,5.65,-27.09,-55.22,-82.13,29.25,56.55,False,False,False,False,False,False,False,False,False,2026-09-11
1516,1516.HK,SUNAC SERVICES,融创服务,24.68,"1,000",Equity,Equity Securities (Main Board),0.815,0.825,0.825,0.79,1351000,1.1,0.816,0.817,-0.12,-0.24,0.62,-1.21,-0.61,1.5,3.51,29.4,1.5,3.51,-45.0,-76.5,-97.19,45.67,76.78,False,False,False,False,False,False,False,False,False,2026-09-11
1519,1519.HK,J&T EXPRESS-W,极兔速递－Ｗ,807.85,200,Equity,Equity Securities (Main Board),9.335,9.1,9.42,9.1,24165769,225.59,9.55,9.628,-2.25,-3.05,-1.11,-3.31,-3.41,12.2,16.54,16.54,12.2,16.54,-22.79,-43.05,-43.05,23.48,43.56,False,False,False,False,False,False,False,False,False,2026-09-11
1520,1520.HK,VIRTUAL MIND,天机控股,7.6,"6,000",Equity,Equity Securities (Main Board),0.725,0.735,0.74,0.655,606000,0.44,0.737,0.709,-1.63,2.33,-2.03,-2.68,1.4,1.21,1.95,5.36,1.21,1.95,-38.84,-62.05,-86.19,40.08,62.82,False,False,False,False,False,False,False,False,False,2026-09-11
1521,1521.HK,FRONTAGE,方达控股,24.5,"2,000",Equity,Equity Securities (Main Board),1.2,1.2,1.2,1.07,32000,0.04,1.204,1.228,-0.33,-2.32,1.69,-4.76,-7.34,1.36,2.33,9.18,1.36,2.33,-11.76,-48.5,-86.93,11.76,48.5,False,False,False,False,False,False,False,False,False,2026-09-11
1523,1523.HK,PLOVER BAY TECH,珩湾科技,79.2,"1,000",Equity,Equity Securities (Main Board),7.15,7.22,7.295,7.07,448000,3.2,7.206,7.348,-0.78,-2.69,0.0,-1.65,-3.38,9.85,9.85,9.85,9.85,9.85,-25.94,-25.94,-25.94,27.41,27.41,False,False,False,False,False,False,False,False,False,2026-09-11
1525,1525.HK,GENCH EDU,建桥教育,9.21,500,Equity,Equity Securities (Main Board),2.22,2.3,2.3,2.22,415500,0.92,2.314,2.359,-4.06,-5.89,-4.31,-5.13,-6.72,2.77,4.36,8.98,2.77,4.36,-16.97,-47.25,-74.39,19.86,49.08,False,False,False,False,False,False,False,False,False,2026-09-11
1526,1526.HK,RICI HEALTH,瑞慈医疗,13.18,"1,000",Equity,Equity Securities (Main Board),0.83,0.8,0.83,0.8,75000,0.06,0.816,0.823,1.72,0.85,2.47,3.11,3.75,1.24,1.45,2.66,1.24,1.45,-33.06,-42.76,-68.8,33.06,42.76,False,False,False,True,False,False,False,False,False,2026-09-11
1529,1529.HK,YUES INTL HLDG,乐氏国际控股,6.14,"2,000",Equity,Equity Securities (Main Board),0.92,0.88,0.92,0.87,34000,0.03,0.912,0.883,0.88,4.13,2.22,-0.54,2.22,0.94,2.95,7.1,0.94,2.95,-2.65,-68.81,-87.04,2.65,68.81,False,False,False,True,False,False,False,True,False,2026-09-11
1530,1530.HK,3SBIO,三生制药,389.74,500,Equity,Equity Securities (Main Board),15.44,15.55,15.67,15.1,19172211,296.02,15.92,16.016,-3.02,-3.6,-0.64,-6.03,-4.93,29.3,36.8,36.8,29.3,36.8,-46.52,-57.42,-57.42,47.3,58.04,False,False,False,False,False,False,False,False,False,2026-09-11
1536,1536.HK,YUK WING GP,煜荣集团,2.53,"2,000",Equity,Equity Securities (Main Board),0.555,0.51,0.57,0.51,7456000,4.14,0.513,0.471,8.19,17.83,5.71,21.98,37.04,0.62,0.62,3.34,0.62,0.62,-8.06,-8.06,-82.93,10.48,10.48,False,False,False,False,False,False,False,False,False,2026-09-11
1538,1538.HK,ZHONG AO HOME,中奥到家,6.79,"2,000",Equity,Equity Securities (Main Board),0.795,0.77,0.81,0.76,846000,0.67,0.778,0.686,2.19,15.89,1.27,-0.62,24.22,0.96,0.96,1.88,0.96,0.96,-15.62,-15.62,-56.91,17.19,17.19,False,False,False,False,False,False,False,False,False,2026-09-11
1539,1539.HK,UNITY GP HLDGS,知行集团控股,10.97,"2,000",Equity,Equity Securities (Main Board),0.31,0.31,0.31,0.3,534000,0.17,0.318,0.323,-2.52,-4.17,-1.59,-4.62,-3.12,0.41,0.71,2.3,0.41,0.71,-25.3,-56.34,-86.52,25.3,56.34,False,False,False,False,False,False,False,False,False,2026-09-11
1540,1540.HK,LEFTFIELD PRINT,澳狮环球,3.44,"3,000",Equity,Equity Securities (Main Board),0.69,0.69,0.69,0.68,582000,0.4,0.676,0.66,2.07,4.55,0.0,3.76,6.98,0.75,0.75,1.05,0.75,0.75,-8.0,-8.0,-34.29,8.0,8.0,False,False,False,False,False,False,False,True,True,2026-09-11
1541,1541.HK,IMMUNEONCO-B,宜明昂科－Ｂ,13.41,200,Equity,Equity Securities (Main Board),3.205,3.305,3.31,3.145,693000,2.22,3.389,3.475,-5.43,-7.76,-4.04,-7.9,-5.74,7.12,32.15,32.15,7.12,32.15,-53.51,-89.7,-89.7,54.99,90.03,False,False,False,False,False,False,False,False,False,2026-09-11
1542,1542.HK,TAIZHOU WATER,台州水务,0.39,"1,000",Equity,Equity Securities (Main Board),0.775,0.775,0.795,0.775,4000,0.0,0.703,0.658,10.24,17.69,7.64,14.81,23.02,1.28,2.88,4.32,1.28,2.88,-37.89,-72.4,-81.6,39.45,73.09,True,True,False,False,False,False,False,False,False,2026-09-11
1543,1543.HK,JOIN-SHARE,中盈盛达融资担保,1.04,"2,000",Equity,Equity Securities (Main Board),0.188,0.166,0.188,0.166,112000,0.02,0.188,0.188,0.0,-0.05,0.0,0.0,0.0,0.31,0.81,2.49,0.31,0.81,-40.32,-76.79,-92.45,40.32,76.79,False,False,False,False,False,False,False,False,False,2026-09-11
1546,1546.HK,THELLOY DEV,德莱建业,0.94,"8,000",Equity,Equity Securities (Main Board),0.118,0.117,0.125,0.11,808000,0.1,0.119,0.119,-0.84,-1.26,0.85,-3.28,-1.67,0.44,0.44,0.88,0.44,0.44,-71.91,-71.91,-85.8,73.48,73.48,False,False,False,False,False,False,False,False,False,2026-09-11
1548,1548.HK,GENSCRIPT BIO,金斯瑞生物科技,712.11,"2,000",Equity,Equity Securities (Main Board),32.36,30.88,33.76,30.8,43980734,1423.22,32.744,33.754,-1.17,-4.13,1.13,-6.69,2.86,37.36,37.36,43.4,37.36,37.36,-9.64,-9.64,-22.21,13.38,13.38,False,False,False,False,False,False,False,False,False,2026-09-11
1549,1549.HK,EVER HARVEST GP,永丰集团控股,1.13,"8,000",Equity,Equity Securities (Main Board),0.073,0.076,0.076,0.072,1176000,0.09,0.074,0.073,-1.62,0.41,-5.19,-2.67,-3.95,0.11,0.17,0.51,0.11,0.17,-31.53,-54.76,-85.1,34.23,56.55,False,False,False,False,False,False,False,False,False,2026-09-11
1552,1552.HK,BHCC HOLDING,BHCC HOLDING,2.2,"5,000",Equity,Equity Securities (Main Board),0.275,0.28,0.28,0.275,130000,0.04,0.277,0.269,-0.72,2.04,-3.51,0.0,1.85,0.3,0.3,0.94,0.3,0.3,-6.67,-6.67,-70.21,8.33,8.33,False,False,False,False,False,False,False,True,True,2026-09-11
1553,1553.HK,MAIKE TUBE,迈科管业,6.51,"2,000",Equity,Equity Securities (Main Board),1.5,1.5,1.5,1.5,122000,0.18,1.504,1.506,-0.27,-0.4,0.0,0.0,-1.32,1.65,1.65,4.2,1.65,1.65,-9.09,-9.09,-64.29,9.09,9.09,False,False,False,False,False,False,False,True,True,2026-09-11
1555,1555.HK,MIE HOLDINGS,ＭＩ能源,0.98,"2,000",Equity,Equity Securities (Main Board),0.029,0.034,0.04,0.028,44044000,1.28,0.028,0.027,3.57,9.02,-9.38,11.54,11.54,0.08,0.08,0.93,0.08,0.08,-47.37,-48.05,-95.7,61.84,62.34,False,False,False,False,False,False,False,False,False,2026-09-11
1557,1557.HK,K.H. GP HLDGS,剑虹集团控股,2.4,"4,000",Equity,Equity Securities (Main Board),0.5,0.5,0.5,0.5,16000,0.01,0.516,0.53,-3.1,-5.66,0.0,-3.85,-7.41,1.0,1.0,3.38,1.0,1.0,-50.0,-50.0,-85.21,50.0,50.0,False,False,False,False,False,False,False,False,False,2026-09-11
1559,1559.HK,KWAN ON HLDGS,均安控股,1.32,"10,000",Equity,Equity Securities (Main Board),0.048,0.048,0.048,0.048,120000,0.01,0.05,0.051,-3.61,-5.7,-5.88,-5.88,-7.69,0.09,0.21,2.42,0.09,0.21,-49.47,-77.03,-98.01,49.47,77.03,False,False,False,False,False,False,False,False,False,2026-09-11
1560,1560.HK,STAR GROUP ASIA,星星集团,2.31,"2,000",Equity,Equity Securities (Main Board),0.36,0.33,0.365,0.325,4918000,1.77,0.332,0.316,8.43,13.74,5.88,12.5,5.88,0.47,1.0,1.48,0.47,1.0,-23.16,-63.5,-75.35,24.21,64.0,False,False,False,False,False,False,False,False,False,2026-09-11
1563,1563.HK,ALLI INTL ED LE,友联国际教育租赁,2.11,"1,000",Equity,Equity Securities (Main Board),0.125,0.125,0.125,0.125,30000,0.0,0.124,0.125,0.81,0.16,0.0,0.0,5.04,0.18,3.19,19.62,0.18,3.19,-31.32,-96.08,-99.36,31.32,96.08,False,False,False,False,False,False,False,False,False,2026-09-11
1565,1565.HK,VIRSCEND EDU,成实外教育,4.86,"1,000",Equity,Equity Securities (Main Board),0.16,0.162,0.162,0.16,11000,0.0,0.169,0.177,-5.1,-9.45,-1.23,-8.57,-11.11,0.22,0.34,5.83,0.22,0.34,-26.36,-51.64,-97.22,27.27,52.24,False,False,False,False,False,False,False,False,False,2026-09-11
1566,1566.HK,CA CULTURAL,华夏文化科技,41.75,"5,000",Equity,Equity Securities (Main Board),3.95,4.26,4.28,3.78,3293200,13.01,4.023,3.364,-1.81,17.44,-3.42,-11.04,46.3,4.8,4.8,4.8,4.8,4.8,-10.83,-10.83,-10.83,17.71,17.71,False,False,False,False,False,False,False,False,False,2026-09-11
1568,1568.HK,SUNDART HLDGS,承达集团,14.06,"2,000",Equity,Equity Securities (Main Board),0.645,0.665,0.665,0.645,506000,0.33,0.663,0.666,-2.71,-3.08,-3.01,-3.73,-3.73,0.9,0.95,5.15,0.9,0.95,-26.11,-30.0,-87.09,28.33,32.11,False,False,False,False,False,False,False,False,False,2026-09-11
1570,1570.HK,WEIYE HOLDINGS,伟业控股,22.01,"1,000",Equity,Equity Securities (Main Board),11.22,11.35,12.12,11.2,637000,7.15,11.528,11.455,-2.67,-2.05,-4.51,-1.58,-4.02,16.0,16.0,16.0,16.0,16.0,-24.25,-24.25,-24.25,29.87,29.87,False,False,False,False,False,False,False,False,False,2026-09-11
1571,1571.HK,XIN POINT HOLD,信邦控股,36.95,"1,000",Equity,Equity Securities (Main Board),3.665,3.71,3.71,3.66,848000,3.11,3.73,3.742,-1.74,-2.06,-1.87,-2.27,-2.91,4.64,4.75,7.01,4.64,4.75,-20.04,-21.89,-47.08,21.01,22.84,False,False,False,False,False,False,False,False,False,2026-09-11
1572,1572.HK,CHINA ART FIN,中国艺术金融,1.18,"4,000",Equity,Equity Securities (Main Board),0.07,0.07,0.07,0.07,132000,0.01,0.07,0.071,-0.57,-1.96,-2.78,0.0,0.0,0.11,0.24,1.76,0.11,0.24,-33.96,-70.83,-96.02,33.96,70.83,False,False,False,False,False,False,False,False,False,2026-09-11
1577,1577.HK,HUIXIN CREDIT,汇鑫小贷,1.88,"2,000",Equity,Equity Securities (Main Board),1.045,1.05,1.05,1.05,2000,0.0,1.025,1.022,1.95,2.2,2.45,2.45,2.45,1.2,1.2,2.4,1.2,1.2,-12.5,-12.5,-56.25,12.92,12.92,False,False,False,False,False,False,False,False,False,2026-09-11
1578,1578.HK,BANK OF TIANJIN,天津银行,37.5,500,Equity,Equity Securities (Main Board),2.125,2.175,2.175,2.125,36000,0.08,2.164,2.172,-1.8,-2.19,-2.3,-3.19,-2.97,2.88,2.88,7.26,2.88,2.88,-24.48,-24.48,-70.04,26.22,26.22,False,False,False,False,False,False,False,False,False,2026-09-11
1579,1579.HK,YIHAI INTL,颐海国际,144.83,"1,000",Equity,Equity Securities (Main Board),13.97,14.16,14.18,13.9,1525000,21.3,14.448,14.895,-3.31,-6.21,-1.13,-5.35,-8.63,17.33,18.82,148.6,17.33,18.82,-18.18,-24.65,-90.46,19.39,25.77,False,False,False,False,False,False,False,False,False,2026-09-11
1580,1580.HK,DA SEN HLDGS,大森控股,2.52,"30,000",Equity,Equity Securities (Main Board),0.23,0.26,0.26,0.23,790000,0.18,0.229,0.224,0.35,2.72,-8.0,4.55,9.0,0.65,0.65,5.24,0.65,0.65,-60.0,-60.0,-95.04,64.62,64.62,False,False,False,False,False,False,False,False,False,2026-09-11
1581,1581.HK,PROGRESSIVE P,进升集团控股,1.25,"10,000",Equity,Equity Securities (Main Board),0.3,0.3,0.3,0.3,100000,0.03,0.292,0.295,2.74,1.69,0.0,7.14,1.69,0.59,0.59,3.57,0.59,0.59,-49.15,-49.15,-91.6,49.15,49.15,False,False,False,False,False,False,False,False,False,2026-09-11
1582,1582.HK,CR CONSTRUCTION,华营建筑,2.33,"2,500",Equity,Equity Securities (Main Board),0.465,0.455,0.475,0.45,427500,0.2,0.453,0.433,2.65,7.39,3.33,-1.06,8.14,0.51,0.53,2.78,0.51,0.53,-6.86,-10.38,-82.91,8.82,12.26,False,False,False,False,False,False,False,True,False,2026-09-11
1583,1583.HK,QINQIN FOODS,亲亲食品,7.42,"1,000",Equity,Equity Securities (Main Board),0.985,0.9,0.985,0.9,2000,0.0,0.988,0.977,-0.3,0.82,-1.5,1.03,2.6,1.36,1.61,3.32,1.36,1.61,-27.57,-38.82,-70.33,27.57,38.82,False,False,False,False,False,False,False,False,False,2026-09-11
1585,1585.HK,YADEA,雅迪控股,266.44,"2,000",Equity,Equity Securities (Main Board),8.56,8.7,8.7,8.51,33041296,282.83,8.78,8.999,-2.51,-4.88,-1.61,-2.95,-6.04,13.46,17.28,24.0,13.46,17.28,-35.36,-49.65,-63.75,36.4,50.46,False,False,False,False,False,False,False,False,False,2026-09-11
1587,1587.HK,SHINEROAD INTL,欣融国际,3.4,"4,000",Equity,Equity Securities (Main Board),0.5,0.495,0.5,0.485,120000,0.06,0.5,0.5,0.0,0.0,0.0,0.0,0.0,0.65,0.66,1.06,0.65,0.66,-23.08,-24.24,-52.83,23.08,24.24,False,False,False,False,False,False,False,False,False,2026-09-11
1588,1588.HK,CHANJET,畅捷通,6.02,200,Equity,Equity Securities (Main Board),4.46,4.5,4.5,4.35,21800,0.1,4.507,4.505,-1.04,-1.01,-0.34,-0.89,0.45,10.0,12.21,24.13,10.0,12.21,-55.0,-63.14,-81.35,55.4,63.47,False,False,False,False,False,False,False,False,False,2026-09-11
1592,1592.HK,ANCHORSTONE,基石控股,2.53,"10,000",Equity,Equity Securities (Main Board),0.175,0.183,0.183,0.166,970000,0.17,0.176,0.179,-0.46,-2.23,0.0,0.0,-1.69,0.45,0.82,28.7,0.45,0.82,-59.33,-77.68,-99.36,61.11,78.66,False,False,False,False,False,False,False,False,False,2026-09-11
1593,1593.HK,CHEN LIN EDU,辰林教育,10.82,"2,000",Equity,Equity Securities (Main Board),1.09,1.075,1.17,1.07,1018000,1.11,1.09,1.077,0.0,1.25,0.93,1.4,-0.91,1.43,3.0,3.44,1.43,3.0,-18.18,-61.0,-65.99,23.78,63.67,False,False,False,False,False,False,False,False,False,2026-09-11
1596,1596.HK,YICHEN IND,翼辰实业,0.62,"1,000",Equity,Equity Securities (Main Board),0.275,0.26,0.275,0.26,348000,0.1,0.252,0.25,9.13,10.13,7.84,14.58,10.0,1.45,4.6,7.68,1.45,4.6,-81.03,-94.02,-96.42,81.03,94.02,True,False,False,False,False,False,False,False,False,2026-09-11
1597,1597.HK,NATURE ENERGY T,纳泉能源科技,15.03,"1,000",Equity,Equity Securities (Main Board),6.01,5.61,5.95,5.61,31000,0.19,5.935,5.975,1.26,0.59,3.62,0.67,-0.66,8.35,9.3,9.3,8.35,9.3,-28.74,-36.02,-36.02,28.02,35.38,False,False,False,True,False,False,False,False,False,2026-09-11
1599,1599.HK,UCD,城建设计,4.02,"1,000",Equity,Equity Securities (Main Board),1.035,1.005,1.04,1.005,501000,0.52,1.02,1.032,1.47,0.29,2.48,2.48,0.49,1.4,2.24,5.53,1.4,2.24,-25.71,-53.57,-81.19,26.07,53.79,False,False,False,True,False,False,False,False,False,2026-09-11
1600,1600.HK,TIAN LUN GAS,天伦燃气,26.19,500,Equity,Equity Securities (Main Board),2.69,2.69,2.695,2.69,1002500,2.7,2.68,2.666,0.37,0.92,0.0,0.75,0.75,3.43,5.67,10.9,3.43,5.67,-21.43,-52.47,-75.28,21.57,52.56,False,False,False,False,False,False,False,False,False,2026-09-11
1606,1606.HK,CDB LEASING,国银金租,42.1,"2,000",Equity,Equity Securities (Main Board),1.52,1.525,1.53,1.5,3230000,4.91,1.52,1.513,0.0,0.46,-0.65,1.0,-0.65,1.78,2.49,2.49,1.78,2.49,-14.04,-38.55,-38.55,14.61,38.96,False,False,False,False,False,False,False,False,False,2026-09-11
1608,1608.HK,VPOWER GROUP,伟能集团,3.01,"1,000",Equity,Equity Securities (Main Board),0.045,0.045,0.045,0.04,1964000,0.09,0.048,0.05,-5.86,-10.71,2.27,-11.76,-8.16,0.21,0.82,5.65,0.21,0.82,-78.57,-94.51,-99.2,78.57,94.51,False,False,False,False,False,False,False,False,False,2026-09-11
1609,1609.HK,STAR SPORTS MED,天星医疗,54.97,50,Equity,Equity Securities (Main Board),100.3,106.0,109.0,100.3,300850,30.18,112.14,134.38,-10.56,-25.36,-6.0,-17.11,-27.89,299.0,299.0,299.0,299.0,299.0,-63.55,-63.55,-63.55,66.45,66.45,False,False,False,False,False,False,False,False,False,2026-09-11
1610,1610.HK,COFCO JOYCOME,中粮家佳康,55.9,"1,000",Equity,Equity Securities (Main Board),1.22,1.22,1.235,1.18,15096000,18.42,1.227,1.158,-0.57,5.35,0.41,-3.56,4.27,1.72,2.1,6.38,1.72,2.1,-28.2,-41.19,-80.64,29.07,41.9,False,False,False,False,False,False,False,False,False,2026-09-11
1611,1611.HK,BITFIRE GROUP,新火集团,14.91,500,Equity,Equity Securities (Main Board),1.98,1.955,1.995,1.955,189000,0.37,2.026,2.017,-2.27,-1.83,-1.49,-3.88,-1.74,3.3,8.17,29.55,3.3,8.17,-39.55,-75.58,-93.25,40.0,75.76,False,False,False,False,False,False,False,False,False,2026-09-11
1612,1612.HK,VINCENT MED,永胜医疗,4.42,"2,000",Equity,Equity Securities (Main Board),0.67,0.665,0.67,0.665,32000,0.02,0.671,0.675,-0.15,-0.67,0.0,0.75,0.0,1.09,1.32,3.73,1.09,1.32,-38.53,-49.24,-82.04,38.53,49.24,False,False,False,False,False,False,False,False,False,2026-09-11
1613,1613.HK,SYNERTONE,协同通信,13.36,"6,400",Equity,Equity Securities (Main Board),0.87,0.885,0.895,0.865,1472832,1.28,0.864,0.895,0.69,-2.79,-1.69,-0.57,1.16,1.36,1.36,6.18,1.36,1.36,-33.95,-33.95,-85.51,35.79,35.79,False,False,False,False,False,False,False,False,False,2026-09-11
1615,1615.HK,AB BUILDERS,奥邦建筑,2.37,"5,000",Equity,Equity Securities (Main Board),0.395,0.395,0.4,0.385,615000,0.24,0.396,0.396,-0.25,-0.25,0.0,-1.25,-1.25,0.43,0.43,0.7,0.43,0.43,-6.98,-6.98,-42.86,8.14,8.14,False,False,False,False,False,False,False,True,True,2026-09-11
1617,1617.HK,NANFANG COMM,南方通信,4.23,"4,000",Equity,Equity Securities (Main Board),0.26,0.26,0.265,0.255,3352000,0.87,0.265,0.266,-1.89,-2.26,-1.89,0.0,1.96,0.92,0.92,5.82,0.92,0.92,-71.2,-71.2,-95.45,71.74,71.74,False,False,False,False,False,False,False,False,False,2026-09-11
1618,1618.HK,MCC,中国中冶,39.89,"1,000",Equity,Equity Securities (Main Board),1.405,1.39,1.435,1.375,19389000,27.24,1.385,1.371,1.44,2.48,0.36,1.44,3.69,2.04,3.17,3.42,2.04,3.17,-29.66,-54.73,-58.04,31.13,55.68,True,False,False,False,False,False,False,False,False,2026-09-11
1620,1620.HK,CINESE INTL,富盈环球集团,2.36,"10,000",Equity,Equity Securities (Main Board),0.197,0.188,0.201,0.187,600000,0.12,0.196,0.171,0.51,15.0,-1.5,-6.19,20.86,0.21,0.23,0.45,0.21,0.23,-5.19,-11.84,-55.33,7.08,13.6,False,False,False,False,False,False,False,True,False,2026-09-11
1621,1621.HK,VICO INTL HLDGS,域高国际控股,2.1,"8,000",Equity,Equity Securities (Main Board),0.21,0.208,0.21,0.202,328000,0.07,0.201,0.199,4.58,5.74,0.96,10.53,8.25,0.22,0.22,0.47,0.22,0.22,-6.67,-6.67,-54.84,6.67,6.67,True,False,False,False,False,False,False,True,True,2026-09-11
1622,1622.HK,REDCO GROUP,力高集团,4.83,"2,000",Equity,Equity Securities (Main Board),0.136,0.138,0.138,0.136,160000,0.02,0.133,0.127,2.41,7.17,0.0,3.03,3.82,0.24,1.33,5.18,0.24,1.33,-42.98,-89.62,-97.33,43.8,89.77,False,False,False,False,False,False,False,False,False,2026-09-11
1623,1623.HK,HILONG,海隆控股,4.33,"1,000",Equity,Equity Securities (Main Board),0.255,0.26,0.26,0.24,353000,0.09,0.257,0.245,-0.78,3.87,2.0,-1.92,-1.92,0.31,0.4,2.58,0.31,0.4,-16.13,-34.18,-89.92,17.74,35.44,False,False,False,False,False,False,False,False,False,2026-09-11
1626,1626.HK,JIA YAO HLDGS,嘉耀控股,152.64,"1,000",Equity,Equity Securities (Main Board),25.44,25.02,27.3,24.32,691000,17.58,23.328,22.082,9.05,15.21,1.68,12.77,23.5,29.1,29.1,29.1,29.1,29.1,-6.19,-6.19,-6.19,12.58,12.58,True,True,False,False,False,False,False,False,False,2026-09-11
1627,1627.HK,ABLE ENG HLDGS,安保工程控股,9.3,"4,000",Equity,Equity Securities (Main Board),0.465,0.465,0.465,0.46,104000,0.05,0.467,0.471,-0.43,-1.38,0.0,-1.06,-2.11,0.7,0.79,1.36,0.7,0.79,-33.57,-41.14,-65.81,33.57,41.14,False,False,False,False,False,False,False,False,False,2026-09-11
1628,1628.HK,YUZHOU GROUP,禹洲集团,1.55,"5,000",Equity,Equity Securities (Main Board),0.104,0.109,0.109,0.103,785000,0.08,0.111,0.112,-5.97,-6.98,-7.14,-8.77,-9.57,0.26,3.32,48.16,0.26,3.32,-58.87,-96.72,-99.77,60.75,96.87,False,False,False,False,False,False,False,False,False,2026-09-11
1630,1630.HK,KIN SHING HLDGS,建成控股,4.72,"6,000",Equity,Equity Securities (Main Board),0.315,0.315,0.315,0.315,66000,0.02,0.311,0.307,1.29,2.77,0.0,5.0,3.28,0.47,0.47,6.67,0.47,0.47,-32.98,-32.98,-95.28,32.98,32.98,False,False,False,False,False,False,False,False,False,2026-09-11
1631,1631.HK,REF HOLDINGS,REF HOLDINGS,4.01,"5,000",Equity,Equity Securities (Main Board),1.305,1.305,1.305,1.305,35000,0.05,1.312,1.318,-0.53,-1.02,0.0,-1.88,-1.88,1.89,1.89,2.5,1.89,1.89,-30.95,-30.95,-47.8,30.95,30.95,False,False,False,False,False,False,False,False,False,2026-09-11
1633,1633.HK,SHEUNG YUE GP,上谕集团,3.42,"3,000",Equity,Equity Securities (Main Board),0.5,0.525,0.525,0.48,891000,0.45,0.464,0.407,7.76,22.7,1.01,11.11,35.14,0.7,0.7,4.76,0.7,0.7,-25.0,-25.0,-88.97,28.57,28.57,True,True,False,False,False,False,False,False,False,2026-09-11
1635,1635.HK,DZUG,大众公用,12.19,"1,000",Equity,Equity Securities (Main Board),2.285,2.345,2.355,2.255,7602000,17.37,2.316,2.324,-1.34,-1.7,-1.08,-1.93,-2.35,6.33,6.33,6.33,6.33,6.33,-62.8,-62.8,-62.8,63.9,63.9,False,False,False,False,False,False,False,False,False,2026-09-11
1637,1637.HK,SH GROUP HLDG,顺兴集团控股,2.6,"2,000",Equity,Equity Securities (Main Board),0.65,0.675,0.685,0.65,234000,0.15,0.665,0.649,-2.26,0.08,0.78,-3.7,-2.99,0.68,0.68,1.65,0.69,0.69,0.74,0.74,-58.48,5.11,5.11,False,False,False,False,True,True,False,True,True,2026-09-11
1638,1638.HK,KAISA GROUP,佳兆业集团,3.54,"1,000",Equity,Equity Securities (Main Board),0.031,0.033,0.034,0.031,18416000,0.57,0.035,0.036,-10.4,-14.6,-8.82,-13.89,-13.89,0.13,0.73,6.71,0.13,0.73,-73.85,-95.34,-99.49,76.15,95.75,False,False,False,False,False,False,False,False,False,2026-09-11
1640,1640.HK,QIAN XUN TECH,千循科技,2.58,"2,000",Equity,Equity Securities (Main Board),0.43,0.435,0.47,0.43,180000,0.08,0.451,0.434,-4.66,-1.04,-8.51,-5.49,-2.27,3.94,6.4,6.4,3.94,6.4,-88.07,-92.66,-92.66,89.09,93.28,False,False,False,False,False,False,False,False,False,2026-09-11
1641,1641.HK,HX COLDCHAIN,红星冷链,0.93,500,Equity,Equity Securities (Main Board),3.77,3.58,3.77,3.58,5000,0.02,3.789,3.765,-0.5,0.12,1.21,-0.66,1.89,19.7,19.7,19.7,19.7,19.7,-80.86,-80.86,-80.86,80.86,80.86,False,False,False,False,False,False,False,False,False,2026-09-11
1643,1643.HK,MODERN CHI MED,现代中药集团,5.8,"3,000",Equity,Equity Securities (Main Board),0.805,0.81,0.85,0.79,45000,0.04,0.819,0.796,-1.71,1.07,0.0,-3.01,3.21,3.26,3.26,3.26,3.26,3.26,-73.93,-73.93,-73.93,75.31,75.31,False,False,False,False,False,False,False,False,False,2026-09-11
1645,1645.HK,HAINA INTEL,海纳智能,15.45,"4,000",Equity,Equity Securities (Main Board),2.74,2.645,2.74,2.645,2372000,6.5,2.713,2.735,1.0,0.18,0.92,2.43,-0.72,4.22,4.22,4.22,4.22,4.22,-35.07,-35.07,-35.07,35.07,35.07,False,False,False,True,False,False,False,False,False,2026-09-11
1647,1647.HK,GRANDSHORES,雄岸科技,0.69,"5,000",Equity,Equity Securities (Main Board),0.058,0.059,0.059,0.058,415000,0.02,0.059,0.06,-2.36,-3.49,-1.69,-3.33,-7.94,0.09,0.15,3.7,0.09,0.15,-30.59,-60.14,-98.41,31.76,60.81,False,False,False,False,False,False,False,False,False,2026-09-11
1650,1650.HK,HYGIEIA GROUP,HYGIEIA GROUP,2.96,"8,000",Equity,Equity Securities (Main Board),0.148,0.149,0.149,0.144,1296000,0.19,0.148,0.145,0.0,2.14,-0.67,0.0,2.78,0.16,0.18,0.26,0.16,0.18,-5.1,-18.13,-42.69,5.73,18.68,False,False,False,False,False,False,False,True,False,2026-09-11
1651,1651.HK,TSUGAMI CHINA,津上机床中国,185.23,500,Equity,Equity Securities (Main Board),50.25,49.22,50.55,48.58,2813818,141.39,50.806,51.152,-1.09,-1.76,1.35,0.3,-4.74,74.15,74.15,74.15,74.15,74.15,-31.83,-31.83,-31.83,32.23,32.23,False,False,False,False,False,False,False,False,False,2026-09-11
1653,1653.HK,MOS HOUSE,MOS HOUSE,3.99,"20,000",Equity,Equity Securities (Main Board),1.38,1.355,1.415,1.355,240000,0.33,1.419,1.632,-2.75,-15.42,1.47,-1.08,-18.82,3.82,5.02,6.7,3.82,5.02,-62.96,-71.81,-78.88,63.87,72.51,False,False,False,False,False,False,False,False,False,2026-09-11
1655,1655.HK,OKURA HOLDINGS,OKURA HOLDINGS,1.18,"5,000",Equity,Equity Securities (Main Board),0.164,0.164,0.164,0.161,55000,0.01,0.162,0.163,1.23,0.68,-0.61,5.13,-1.8,0.31,0.83,1.71,0.31,0.83,-47.1,-80.24,-90.41,47.1,80.24,False,False,True,True,False,False,False,False,False,2026-09-11
1657,1657.HK,SG GROUP HLDGS,桦欣控股,17.28,500,Equity,Equity Securities (Main Board),54.0,47.4,62.0,47.4,75500,4.08,48.484,48.382,11.38,11.61,15.14,16.78,8.13,80.0,80.0,80.0,80.0,80.0,-22.5,-22.5,-22.5,32.5,32.5,True,False,False,True,False,False,False,False,False,2026-09-11
1658,1658.HK,PSBC,邮储银行,1076.2,"1,000",Equity,Equity Securities (Main Board),5.42,5.35,5.425,5.3,55179053,299.07,5.371,5.399,0.91,0.4,1.03,1.03,-1.09,5.57,5.95,6.82,5.57,5.95,-2.69,-8.82,-20.45,2.78,8.91,False,False,False,True,False,False,False,True,True,2026-09-11
1660,1660.HK,SEVEN ELEMENTS,七元投资,12.39,"8,000",Equity,Equity Securities (Main Board),0.2,0.2,0.2,0.195,1144000,0.23,0.195,0.191,2.77,4.55,2.04,5.26,3.63,0.51,0.65,2.47,0.51,0.65,-60.78,-69.23,-91.91,60.78,69.23,True,False,False,False,False,False,False,False,False,2026-09-11
1661,1661.HK,CH FRONTIER TEC,中国前沿科技集团,3.69,"6,000",Equity,Equity Securities (Main Board),1.94,1.985,2.06,1.92,324000,0.63,1.977,2.079,-1.87,-6.69,-1.52,-0.77,-5.13,3.73,3.73,28.6,3.73,3.73,-44.77,-44.77,-92.8,47.99,47.99,False,False,False,False,False,False,False,False,False,2026-09-11
1662,1662.HK,YEE HOP HLDGS,义合控股,2.7,"1,000",Equity,Equity Securities (Main Board),0.525,0.49,0.525,0.49,24000,0.01,0.519,0.521,1.16,0.67,7.14,2.94,-7.08,2.34,3.6,3.6,2.34,3.6,-77.56,-85.42,-85.42,77.56,85.42,False,False,False,True,False,False,False,False,False,2026-09-11
1663,1663.HK,S HARBOURHOLD,汉港控股,1.48,"2,000",Equity,Equity Securities (Main Board),0.06,0.056,0.064,0.055,8212000,0.49,0.063,0.058,-4.15,3.27,0.0,-9.09,-7.69,0.1,0.17,1.08,0.1,0.17,-35.35,-63.43,-94.07,39.39,65.71,False,False,False,False,False,False,False,False,False,2026-09-11
1666,1666.HK,TONG REN TANG,同仁堂科技,19.74,"1,000",Equity,Equity Securities (Main Board),3.14,3.115,3.145,3.11,1015000,3.19,3.152,3.104,-0.38,1.16,-0.16,-0.32,-0.63,4.56,7.03,16.0,4.56,7.03,-31.03,-55.26,-80.34,31.14,55.33,False,False,False,False,False,False,False,False,False,2026-09-11
1669,1669.HK,GIC GROUP,环球信贷集团,5.82,"2,000",Equity,Equity Securities (Main Board),1.455,1.47,1.47,1.455,84000,0.12,1.474,1.478,-1.29,-1.52,-1.02,-2.35,-2.35,1.56,1.56,1.65,1.56,1.56,-5.77,-5.77,-10.91,6.73,6.73,False,False,False,False,False,False,False,True,True,2026-09-11
1672,1672.HK,ASCLETIS-B,歌礼制药－Ｂ,99.41,"1,000",Equity,Equity Securities (Main Board),9.45,9.585,10.13,9.45,4253700,40.2,10.006,10.001,-5.56,-5.51,-5.97,-7.17,-6.34,19.86,19.86,19.86,19.86,19.86,-48.99,-48.99,-48.99,52.42,52.42,False,False,False,False,False,False,False,False,False,2026-09-11
1675,1675.HK,ASIAINFO TECH,亚信科技,36.0,400,Equity,Equity Securities (Main Board),3.83,3.995,3.995,3.82,2454896,9.4,3.987,4.131,-3.94,-7.29,-1.54,-5.9,-11.55,10.06,13.44,15.68,10.06,13.44,-60.29,-70.28,-74.52,61.93,71.5,False,False,False,False,False,False,False,False,False,2026-09-11
1676,1676.HK,GAODI HOLDINGS,高地股份,2.01,"10,000",Equity,Equity Securities (Main Board),0.51,0.5,0.565,0.49,18042800,9.2,0.444,0.357,14.86,42.78,3.03,30.77,45.71,0.65,2.53,28.5,0.65,2.53,-13.08,-77.67,-98.02,21.54,79.84,True,False,False,False,False,False,False,False,False,2026-09-11
1679,1679.HK,RISECOMM GP,瑞斯康集团,2.81,"5,000",Equity,Equity Securities (Main Board),1.3,1.3,1.3,1.3,10000,0.01,1.326,1.349,-1.96,-3.6,-2.26,-2.26,-2.99,2.16,2.16,97.46,2.16,2.16,-39.81,-39.81,-98.67,39.81,39.81,False,False,False,False,False,False,False,False,False,2026-09-11
1680,1680.HK,MACAU LEGEND,澳门励骏,1.02,"4,000",Equity,Equity Securities (Main Board),0.11,0.108,0.121,0.108,48000,0.01,0.112,0.111,-1.61,-1.08,-8.33,5.77,7.84,0.49,2.8,17.9,0.49,2.8,-75.05,-95.68,-99.32,77.32,96.07,False,False,False,False,False,False,False,False,False,2026-09-11
1681,1681.HK,CONSUN PHARMA,康臣药业,109.37,"1,000",Equity,Equity Securities (Main Board),13.04,13.07,13.07,12.86,1611000,21.01,13.234,13.411,-1.47,-2.77,-0.91,-1.14,-4.19,19.35,19.35,19.35,19.35,19.35,-32.45,-32.45,-32.45,32.61,32.61,False,False,False,False,False,False,False,False,False,2026-09-11
1682,1682.HK,HP LIVING TECH,杭品生活科技,2.37,"4,000",Equity,Equity Securities (Main Board),0.151,0.15,0.156,0.145,316000,0.05,0.154,0.158,-2.2,-4.67,1.34,-6.79,-3.82,0.32,0.5,2.01,0.32,0.5,-51.25,-68.8,-92.24,52.81,69.8,False,False,False,False,False,False,False,False,False,2026-09-11
1683,1683.HK,HOPE LIFE INT,旷逸国际,2.61,"16,000",Equity,Equity Securities (Main Board),0.14,0.134,0.143,0.128,3552000,0.5,0.139,0.141,0.86,-0.71,3.7,0.72,0.72,0.38,0.95,3.54,0.38,0.95,-61.87,-84.95,-95.96,62.67,85.26,False,False,False,False,False,False,False,False,False,2026-09-11
1685,1685.HK,BOER POWER,博耳电力,4.68,"1,000",Equity,Equity Securities (Main Board),0.605,0.605,0.605,0.59,64000,0.04,0.613,0.616,-1.31,-1.79,0.0,-2.42,-0.82,1.1,1.1,3.68,1.1,1.1,-45.0,-45.0,-83.56,45.0,45.0,False,False,False,False,False,False,False,False,False,2026-09-11
1686,1686.HK,SUNEVISION,新意网集团,129.74,"1,000",Equity,Equity Securities (Main Board),5.49,5.56,5.56,5.38,4853500,26.65,5.59,5.456,-1.79,0.62,-3.0,-2.4,-4.44,7.9,10.36,10.36,7.9,10.36,-29.62,-46.33,-46.33,30.51,47.01,False,False,False,False,False,False,False,False,False,2026-09-11
1688,1688.HK,LINGYI ITECH,领益智造,52.48,660,Equity,Equity Securities (Main Board),6.465,6.55,6.755,6.44,14847580,95.99,6.503,6.517,-0.58,-0.8,-1.3,-0.54,-2.49,11.8,11.8,11.8,11.8,11.8,-42.75,-42.75,-42.75,45.21,45.21,False,False,False,False,False,False,False,False,False,2026-09-11
1689,1689.HK,HUAXIHOLDINGS,华禧控股,2.03,"2,000",Equity,Equity Securities (Main Board),0.29,0.295,0.295,0.285,364000,0.11,0.291,0.289,-0.34,0.17,0.0,-1.69,-1.69,0.47,1.37,3.86,0.47,1.37,-36.56,-78.47,-92.36,37.63,78.83,False,False,False,False,False,False,False,False,False,2026-09-11
1690,1690.HK,LAP KEI ENGRG,立基工程控股,2.14,"10,000",Equity,Equity Securities (Main Board),0.148,0.15,0.15,0.148,330000,0.05,0.152,0.151,-2.63,-1.99,-5.73,-2.63,3.5,0.21,0.21,0.41,0.21,0.21,-29.25,-29.25,-62.96,30.19,30.19,False,False,False,False,False,False,False,False,False,2026-09-11
1691,1691.HK,JS GLOBAL LIFE,ＪＳ环球生活,52.47,500,Equity,Equity Securities (Main Board),1.51,1.51,1.51,1.45,4902500,7.4,1.532,1.497,-1.44,0.9,0.0,-3.51,6.71,2.01,2.39,4.54,2.01,2.39,-24.88,-36.82,-66.73,24.88,36.82,False,False,False,False,False,False,False,False,False,2026-09-11
1693,1693.HK,BGMC,璋利国际,4.25,"2,000",Equity,Equity Securities (Main Board),5.3,5.0,5.0,5.0,6000,0.03,6.08,6.243,-12.83,-15.1,-10.17,-17.19,-17.19,9.48,9.48,42.5,9.48,9.48,-47.26,-47.26,-88.24,44.09,44.09,False,False,False,False,False,False,False,False,False,2026-09-11
1695,1695.HK,S&P INTL HLDG,椰丰集团,0.82,"5,000",Equity,Equity Securities (Main Board),0.076,0.076,0.076,0.076,100000,0.01,0.076,0.077,0.0,-0.91,0.0,0.0,-1.3,0.1,0.12,1.73,0.1,0.12,-27.62,-38.21,-95.61,27.62,38.21,False,False,False,False,False,False,False,False,False,2026-09-11
1696,1696.HK,SISRAM MED,复锐医疗科技,9.16,400,Equity,Equity Securities (Main Board),1.955,1.97,2.05,1.95,202000,0.39,2.015,1.993,-2.98,-1.88,-1.51,-3.46,3.17,4.91,8.07,35.0,4.91,8.07,-58.25,-74.6,-94.14,60.18,75.77,False,False,False,False,False,False,False,False,False,2026-09-11
1697,1697.HK,SDITC,山东国信,2.73,"1,800",Equity,Equity Securities (Main Board),0.234,0.235,0.235,0.233,28800,0.01,0.235,0.233,-0.34,0.43,-0.43,-0.43,0.43,0.39,0.52,2.54,0.39,0.52,-39.74,-54.81,-90.74,40.0,55.0,False,False,False,False,False,False,False,False,False,2026-09-11
1698,1698.HK,TME-SW,腾讯音乐－ＳＷ,506.71,100,Equity,Equity Securities (Main Board),30.96,31.1,31.2,30.62,746043,23.1,31.676,32.314,-2.26,-4.19,-0.77,-4.62,-4.97,72.75,104.0,104.0,72.75,104.0,-57.11,-70.0,-70.0,57.44,70.23,False,False,False,False,False,False,False,False,False,2026-09-11
1703,1703.HK,EASYHOLD GROUP,谊和股份,0.42,"5,000",Equity,Equity Securities (Main Board),0.305,0.315,0.33,0.305,1005000,0.31,0.312,0.316,-2.24,-3.63,-3.17,-1.61,-4.69,2.3,2.3,10.7,2.3,2.3,-85.65,-85.65,-96.92,86.74,86.74,False,False,False,False,False,False,False,False,False,2026-09-11
1705,1705.HK,B & S INTL HLDG,宾仕国际,3.76,"4,000",Equity,Equity Securities (Main Board),0.94,0.9,0.92,0.89,736000,0.69,0.931,0.898,0.97,4.68,4.44,-5.53,5.62,1.0,1.0,7.9,1.0,1.0,-8.0,-8.0,-88.35,6.0,6.0,False,False,False,True,False,False,False,True,True,2026-09-11
1709,1709.HK,DL HOLDINGS GP,德林控股,18.38,"1,000",Equity,Equity Securities (Main Board),0.905,0.935,0.935,0.9,2034082,1.84,0.917,0.929,-1.26,-2.62,-1.09,-2.32,-4.84,2.57,5.67,17.02,2.57,5.67,-63.6,-83.5,-94.51,64.77,84.03,False,False,False,False,False,False,False,False,False,2026-09-11
1710,1710.HK,TRIO IND ELEC,致丰工业电子,18.35,"4,000",Equity,Equity Securities (Main Board),1.835,1.98,2.005,1.765,7384000,13.55,1.637,1.27,12.1,44.55,-7.32,30.14,61.67,2.03,2.03,2.03,2.03,2.03,-1.23,-1.23,-1.23,9.61,9.61,False,False,False,False,False,False,False,True,True,2026-09-11
1711,1711.HK,ULFERTS,欧化,1.16,"10,000",Equity,Equity Securities (Main Board),0.145,0.145,0.145,0.145,20000,0.0,0.143,0.144,1.26,1.05,0.0,2.11,2.11,0.2,0.26,2.0,0.2,0.26,-27.5,-44.23,-92.75,27.5,44.23,False,False,False,False,False,False,False,False,False,2026-09-11
1712,1712.HK,DRAGON MINING,龙资源,17.2,"1,000",Equity,Equity Securities (Main Board),9.065,9.5,9.5,8.675,1626000,14.74,9.404,8.911,-3.6,1.73,-5.87,-2.05,-0.38,12.96,12.96,12.96,12.96,12.96,-26.7,-26.7,-26.7,30.05,30.05,False,False,False,False,False,False,False,False,False,2026-09-11
1713,1713.HK,SICHUAN EN INV,四川能投发展,13.62,"2,000",Equity,Equity Securities (Main Board),1.73,1.735,1.735,1.735,30000,0.05,1.732,1.736,-0.12,-0.32,-0.29,-0.57,-0.29,2.82,3.24,6.0,2.82,3.24,-38.48,-46.45,-71.08,38.65,46.6,False,False,False,False,False,False,False,False,False,2026-09-11
1715,1715.HK,AI HEALTH TECH,智慧健康科技,1.46,"10,000",Equity,Equity Securities (Main Board),0.405,0.4,0.41,0.4,96800,0.04,0.415,0.423,-2.41,-4.26,0.0,-3.57,-3.57,0.69,2.35,13.5,0.69,2.35,-40.58,-82.55,-96.96,41.3,82.77,False,False,False,False,False,False,False,False,False,2026-09-11
1716,1716.HK,MOST KWAI CHUNG,毛记葵涌,11.88,"2,000",Equity,Equity Securities (Main Board),4.4,4.445,4.75,4.35,304000,1.34,4.526,4.636,-2.78,-5.08,-1.01,-4.14,-8.33,9.71,9.71,11.76,9.71,9.71,-51.08,-51.08,-59.61,54.69,54.69,False,False,False,False,False,False,False,False,False,2026-09-11
1717,1717.HK,AUSNUTRIA,澳优,20.45,"1,000",Equity,Equity Securities (Main Board),1.15,1.155,1.155,1.155,6000,0.01,1.145,1.155,0.44,-0.43,-0.43,0.88,0.44,2.12,3.3,17.78,2.12,3.3,-45.52,-65.0,-93.5,45.75,65.15,False,False,False,False,False,False,False,False,False,2026-09-11
1718,1718.HK,WAN KEI GROUP,宏基集团控股,1.82,"5,000",Equity,Equity Securities (Main Board),0.6,0.6,0.6,0.6,10000,0.01,0.61,0.67,-1.64,-10.45,0.0,-3.23,-16.08,0.96,9.2,19.3,0.96,9.2,-37.5,-93.48,-96.89,37.5,93.48,False,False,False,False,False,False,False,False,False,2026-09-11
1722,1722.HK,KIN PANG HLDGS,建鹏控股,1.35,"10,000",Equity,Equity Securities (Main Board),0.123,0.107,0.137,0.107,9600000,1.18,0.108,0.102,13.89,20.0,16.04,19.42,24.24,0.14,0.49,0.59,0.14,0.49,-0.72,-71.75,-76.78,10.87,74.64,False,False,False,False,False,False,False,False,False,2026-09-11
1723,1723.HK,MOON INC,恒月控股,2.32,"2,000",Equity,Equity Securities (Main Board),0.485,0.44,0.485,0.44,2052000,1.0,0.449,0.442,8.02,9.85,10.23,8.99,8.99,1.99,7.17,7.17,1.99,7.17,-75.63,-93.24,-93.24,75.63,93.24,False,False,False,True,False,False,False,False,False,2026-09-11
1725,1725.HK,C STRATEGIC TEC,中国技术集团,2.41,200,Equity,Equity Securities (Main Board),0.295,0.29,0.295,0.275,1556200,0.46,0.289,0.291,2.08,1.2,0.0,1.72,0.0,1.13,6.4,50.0,1.13,6.4,-73.89,-95.39,-99.41,73.89,95.39,False,False,True,True,False,False,False,False,False,2026-09-11
1726,1726.HK,HKE HOLDINGS,HKE HOLDINGS,9.65,"5,000",Equity,Equity Securities (Main Board),0.845,0.835,0.845,0.815,40000,0.03,0.864,0.88,-2.2,-4.03,0.0,-5.06,-6.11,1.46,2.4,2.6,1.46,2.4,-42.12,-64.79,-67.5,42.12,64.79,False,False,False,False,False,False,False,False,False,2026-09-11
1727,1727.HK,HEBEI CONS,河北建设,1.02,500,Equity,Equity Securities (Main Board),0.221,0.226,0.23,0.22,203000,0.04,0.225,0.225,-1.87,-1.82,-2.21,-4.33,-0.45,0.43,0.76,28.5,0.43,0.76,-46.51,-69.74,-99.19,48.6,70.92,False,False,False,False,False,False,False,False,False,2026-09-11
1729,1729.HK,TIME INTERCON,汇聚科技,408.73,"1,000",Equity,Equity Securities (Main Board),18.29,19.12,19.12,17.7,15291726,279.69,18.622,17.956,-1.78,1.86,-4.49,2.06,9.65,24.7,24.7,24.7,24.7,24.7,-22.59,-22.59,-22.59,25.95,25.95,False,False,False,False,False,False,False,False,False,2026-09-11
1731,1731.HK,PROSPEROUS IND,其利工业集团,8.4,"4,000",Equity,Equity Securities (Main Board),0.75,0.75,0.75,0.75,20000,0.01,0.752,0.752,-0.27,-0.33,0.0,0.0,-1.32,0.9,0.96,3.6,0.9,0.96,-16.67,-21.87,-79.17,16.67,21.87,False,False,False,False,False,False,False,False,False,2026-09-11
1732,1732.HK,XIANGXING TECH,象兴科技,2.74,"20,000",Equity,Equity Securities (Main Board),0.214,0.216,0.216,0.214,720000,0.15,0.217,0.221,-1.2,-3.17,-0.93,-0.47,-3.6,0.28,0.4,0.74,0.28,0.4,-21.45,-45.32,-70.81,22.18,45.82,False,False,False,False,False,False,False,False,False,2026-09-11
1733,1733.HK,E-COMMODITIES,易大宗,19.49,"2,000",Equity,Equity Securities (Main Board),0.73,0.72,0.73,0.72,334000,0.24,0.736,0.744,-0.82,-1.82,0.0,-2.67,-2.67,0.96,1.93,2.68,0.96,1.93,-23.96,-62.18,-72.76,23.96,62.18,False,False,False,False,False,False,False,False,False,2026-09-11
1735,1735.HK,CENTRAL NEW EGY,中环新能源,346.16,"1,000",Equity,Equity Securities (Main Board),8.195,8.24,8.24,8.13,8402000,68.85,8.24,8.245,-0.55,-0.61,-0.73,-0.97,-0.18,10.3,12.66,12.66,10.3,12.66,-20.0,-34.91,-34.91,20.44,35.27,False,False,False,False,False,False,False,False,False,2026-09-11
1736,1736.HK,PARENTING NET,中国育儿网络,0.24,"5,000",Equity,Equity Securities (Main Board),0.46,0.45,0.46,0.45,120400,0.06,0.439,0.438,4.78,5.14,0.0,8.24,10.84,0.85,1.36,115.2,0.85,1.36,-45.88,-66.18,-99.6,45.88,66.18,False,False,False,False,False,False,False,False,False,2026-09-11
1737,1737.HK,A & S GROUP,亚洲实业集团,1.62,"10,000",Equity,Equity Securities (Main Board),0.162,0.155,0.162,0.155,180000,0.03,0.154,0.152,5.33,6.3,1.25,7.28,4.52,0.18,0.18,0.7,0.18,0.18,-11.48,-11.48,-76.86,11.48,11.48,False,False,False,False,False,False,False,False,False,2026-09-11
1739,1739.HK,QEEKA HOME,齐屹科技,1.48,500,Equity,Equity Securities (Main Board),0.129,0.125,0.142,0.125,442000,0.06,0.127,0.125,1.26,3.45,-4.44,2.38,0.0,0.25,0.44,4.9,0.25,0.44,-43.2,-68.09,-97.1,48.4,71.01,False,False,False,False,False,False,False,False,False,2026-09-11
1740,1740.HK,VALUES CULTURAL,新石文化,1.65,"5,000",Equity,Equity Securities (Main Board),0.159,0.162,0.17,0.159,845000,0.13,0.164,0.164,-2.81,-2.87,-1.85,-3.05,-1.24,0.22,0.22,1.02,0.22,0.22,-20.93,-20.93,-83.33,26.05,26.05,False,False,False,False,False,False,False,False,False,2026-09-11
1741,1741.HK,SHING CHI HLDGS,成志控股,1.14,"4,000",Equity,Equity Securities (Main Board),0.143,0.149,0.149,0.131,644000,0.09,0.144,0.137,-0.56,4.46,5.93,-8.92,10.85,0.4,1.21,3.6,0.4,1.21,-62.28,-87.69,-95.86,63.8,88.18,False,False,False,False,False,False,False,False,False,2026-09-11
1745,1745.HK,LVJI TECH,驴迹科技,1.49,"2,000",Equity,Equity Securities (Main Board),2.94,2.855,2.98,2.855,78280,0.23,2.656,2.48,10.69,18.57,3.34,20.99,22.5,9.5,34.21,103.13,9.5,34.21,-68.63,-91.29,-97.11,69.05,91.41,True,False,False,False,False,False,False,False,False,2026-09-11
1746,1746.HK,MAN SHUN GP,万顺集团控股,5.15,"4,000",Equity,Equity Securities (Main Board),0.515,0.515,0.52,0.49,916000,0.47,0.515,0.515,0.0,-0.1,1.98,-2.83,0.98,0.75,0.88,1.15,0.75,0.88,-30.67,-40.91,-54.78,31.33,41.48,False,False,False,False,False,False,False,False,False,2026-09-11
1747,1747.HK,HOME CONTROL,HOME CONTROL,21.08,"2,000",Equity,Equity Securities (Main Board),3.94,3.6,3.94,3.6,30000,0.12,3.7,3.726,6.49,5.74,9.44,7.95,9.44,5.32,6.2,6.2,5.32,6.2,-25.94,-36.45,-36.45,25.94,36.45,False,False,False,True,False,False,False,False,False,2026-09-11
1750,1750.HK,REM GROUP HLDGS,全达电器集团控股,1.57,"10,000",Equity,Equity Securities (Main Board),0.087,0.085,0.087,0.085,410000,0.04,0.086,0.085,1.4,2.72,2.35,0.0,1.16,0.14,0.14,0.49,0.14,0.14,-36.96,-36.96,-82.06,36.96,36.96,False,False,False,False,False,False,False,False,False,2026-09-11
1751,1751.HK,AI ENERGY E-2K,智算能建（二千）,2.96,"2,000",Equity,Equity Securities (Main Board),0.725,0.72,0.73,0.72,64000,0.05,0.736,0.751,-1.49,-3.46,1.4,-3.97,-2.68,2.25,2.38,46.38,2.25,2.38,-67.56,-69.33,-98.43,67.78,69.54,False,False,False,False,False,False,False,False,False,2026-09-11
1752,1752.HK,TOP EDUCATION,澳洲成峰高教,2.01,"10,000",Equity,Equity Securities (Main Board),0.09,0.092,0.093,0.09,960000,0.09,0.092,0.099,-2.6,-9.18,-6.25,2.27,-8.16,0.19,0.19,0.96,0.19,0.19,-51.05,-51.05,-90.31,52.63,52.63,False,False,False,False,False,False,False,False,False,2026-09-11
1753,1753.HK,DUIBA,兑吧,5.55,400,Equity,Equity Securities (Main Board),0.515,0.56,0.615,0.49,18548800,9.55,0.672,0.576,-23.36,-10.59,-13.45,-30.41,-16.94,0.83,0.83,6.8,0.83,0.83,-26.35,-26.35,-90.96,38.32,38.32,False,False,False,False,False,False,False,False,False,2026-09-11
1757,1757.HK,GLOBAL CHI BC,环球华商俱乐部,62.04,"1,000",Equity,Equity Securities (Main Board),5.17,5.2,5.2,4.995,147000,0.76,5.166,5.182,0.08,-0.22,0.39,-0.67,1.77,22.66,22.66,22.66,22.66,22.66,-77.05,-77.05,-77.05,77.18,77.18,False,False,True,False,False,False,False,False,False,2026-09-11
1758,1758.HK,BOJUN EDU,博骏教育,0.85,"2,000",Equity,Equity Securities (Main Board),0.094,0.095,0.095,0.094,80000,0.01,0.094,0.1,-0.0,-6.09,-1.05,0.0,3.3,0.14,0.32,3.03,0.14,0.32,-31.65,-70.31,-96.86,32.37,70.63,False,False,False,False,False,False,False,False,False,2026-09-11
1760,1760.HK,INTRON TECH,英恒科技,13.76,"1,000",Equity,Equity Securities (Main Board),1.265,1.275,1.275,1.2,1540000,1.95,1.278,1.3,-1.02,-2.69,-1.17,-0.78,0.0,3.3,3.53,9.56,3.3,3.53,-61.36,-63.88,-86.66,61.67,64.16,False,False,False,False,False,False,False,False,False,2026-09-11
1762,1762.HK,WANKA ONLINE,万咖壹联,20.1,"1,000",Equity,Equity Securities (Main Board),1.035,1.05,1.065,1.02,4598000,4.76,1.053,1.043,-1.71,-0.77,-1.43,-2.82,1.97,2.31,2.31,5.86,2.31,2.31,-53.9,-53.9,-81.83,55.19,55.19,False,False,False,False,False,False,False,False,False,2026-09-11
1763,1763.HK,CIRC,中国同辐,10.68,200,Equity,Equity Securities (Main Board),13.36,13.26,13.36,13.13,92400,1.23,13.942,15.053,-4.17,-11.25,-0.96,-6.7,-12.68,24.28,25.0,35.4,24.28,25.0,-44.98,-46.56,-62.26,44.98,46.56,False,False,False,False,False,False,False,False,False,2026-09-11
1765,1765.HK,XJ INTL HLDGS,希教国际控股,12.14,"2,000",Equity,Equity Securities (Main Board),0.14,0.14,0.14,0.14,710000,0.1,0.14,0.143,-0.28,-2.1,0.0,0.0,-3.45,0.19,0.51,3.47,0.19,0.51,-26.7,-72.55,-95.97,26.7,72.55,False,False,False,False,False,False,False,False,False,2026-09-11
1766,1766.HK,CRRC,中国中车,231.23,"1,000",Equity,Equity Securities (Main Board),5.29,5.21,5.295,5.205,19477935,103.04,5.348,5.336,-1.08,-0.85,1.15,-2.22,-1.49,6.19,6.76,8.82,6.19,6.76,-14.46,-21.67,-39.97,14.54,21.75,False,False,False,False,False,False,False,False,False,2026-09-11
1767,1767.HK,TS WONDERS,TS WONDERS,3.5,"10,000",Equity,Equity Securities (Main Board),0.35,0.34,0.35,0.33,840000,0.29,0.337,0.335,3.86,4.63,4.48,6.06,4.48,0.41,0.43,1.04,0.41,0.43,-14.63,-18.6,-66.35,14.63,18.6,False,False,False,True,False,False,False,False,False,2026-09-11
1768,1768.HK,BUSYMING,鸣鸣很忙,784.64,100,Equity,Equity Securities (Main Board),363.4,365.6,367.4,360.6,258706,94.01,374.76,394.68,-3.03,-7.93,-0.6,-3.45,-10.32,465.6,465.6,465.6,465.6,465.6,-21.09,-21.09,-21.09,21.95,21.95,False,False,False,False,False,False,False,False,False,2026-09-11
1769,1769.HK,SCHOLAR EDU,思考乐教育,5.69,"1,000",Equity,Equity Securities (Main Board),0.845,0.84,0.87,0.825,461000,0.39,0.868,0.879,-2.65,-3.92,-2.87,-4.52,-3.43,2.32,7.57,26.85,2.32,7.57,-62.5,-88.51,-96.76,63.58,88.84,False,False,False,False,False,False,False,False,False,2026-09-11
1770,1770.HK,DKE,东方科脉,41.03,50,Equity,Equity Securities (Main Board),80.15,72.45,82.8,69.0,49150,3.94,71.82,70.705,11.6,13.36,10.63,14.58,6.37,119.5,119.5,119.5,119.5,119.5,-30.71,-30.71,-30.71,32.93,32.93,False,False,True,True,False,False,False,False,False,2026-09-11
1772,1772.HK,GANFENGLITHIUM,赣锋锂业,167.44,200,Equity,Equity Securities (Main Board),34.66,35.0,35.14,33.38,11957810,414.46,36.072,37.478,-3.91,-7.52,-3.4,-4.78,-5.35,91.2,91.2,132.14,91.2,91.2,-61.47,-61.47,-73.41,62.0,62.0,False,False,False,False,False,False,False,False,False,2026-09-11
1773,1773.HK,TIANLI INT HLDG,天立国际控股,18.27,"1,000",Equity,Equity Securities (Main Board),0.875,0.93,0.94,0.865,6676000,5.84,0.92,1.001,-4.89,-12.54,-5.91,-5.41,-20.81,2.93,5.98,10.68,2.93,5.98,-67.92,-84.28,-91.2,70.14,85.37,False,False,False,False,False,False,False,False,False,2026-09-11
1776,1776.HK,GF SEC,广发证券,341.33,200,Equity,Equity Securities (Main Board),17.77,17.85,17.97,17.33,5198623,92.38,18.082,18.303,-1.73,-2.91,-2.42,-0.78,-5.23,19.83,21.4,21.4,19.83,21.4,-9.38,-16.03,-16.03,10.39,16.96,False,False,False,False,False,False,False,False,False,2026-09-11
1777,1777.HK,FANTASIA-NEW,花样年控股（新）,2.43,"5,000",Equity,Equity Securities (Main Board),0.067,0.072,0.072,0.063,161053,0.01,0.071,0.074,-5.63,-9.95,-5.63,-5.63,-12.99,0.5,1.5,9.6,0.5,1.5,-85.45,-95.2,-99.25,86.46,95.53,False,False,False,False,False,False,False,False,False,2026-09-11
1778,1778.HK,COLOUR LIFE,彩生活,2.77,"1,000",Equity,Equity Securities (Main Board),0.149,0.149,0.152,0.147,1393000,0.21,0.15,0.15,-0.8,-0.67,-1.97,-0.67,3.47,0.3,0.5,9.25,0.3,0.5,-49.33,-69.6,-98.36,50.33,70.2,False,False,False,False,False,False,False,False,False,2026-09-11
1779,1779.HK,LONGBIO-B,天辰生物－Ｂ,72.81,50,Equity,Equity Securities (Main Board),97.0,106.0,106.0,95.0,311900,30.25,110.76,115.18,-12.42,-15.78,-8.49,-20.3,-24.22,165.9,165.9,165.9,165.9,165.9,-36.11,-36.11,-36.11,41.53,41.53,False,False,False,False,False,False,False,False,False,2026-09-11
1780,1780.HK,RONGZUN INT'L H,荣尊国际控股,28.02,"2,500",Equity,Equity Securities (Main Board),4.52,4.73,4.795,4.51,310000,1.4,4.915,5.102,-8.04,-11.4,-5.44,-12.32,-10.67,6.73,6.73,6.73,6.73,6.73,-28.75,-28.75,-28.75,32.84,32.84,False,False,False,False,False,False,False,False,False,2026-09-11
1782,1782.HK,IB DIGITAL TECH,国际商业数字技术,18.4,"5,000",Equity,Equity Securities (Main Board),2.3,2.155,2.3,2.15,50000,0.11,2.256,2.375,1.95,-3.16,7.48,0.22,-7.63,5.2,8.48,13.2,5.2,8.48,-55.77,-72.88,-82.58,55.77,72.88,False,False,False,False,False,False,False,False,False,2026-09-11
1783,1783.HK,ENVISION GREEN,晋景新能,128.56,"1,000",Equity,Equity Securities (Main Board),4.275,4.245,4.345,4.17,5110000,21.85,4.334,4.333,-1.36,-1.35,0.71,-1.61,0.71,6.42,8.51,8.51,6.42,8.51,-32.32,-48.94,-48.94,33.41,49.76,False,False,False,False,False,False,False,False,False,2026-09-11
1785,1785.HK,CHENGDU EXPWAY,成都高速,9.12,"1,000",Equity,Equity Securities (Main Board),2.0,2.0,2.0,2.0,20000,0.04,2.015,2.015,-0.74,-0.72,-1.23,-1.23,-1.48,2.18,2.49,2.49,2.18,2.49,-8.26,-19.68,-19.68,8.26,19.68,False,False,False,False,False,False,False,True,False,2026-09-11
1787,1787.HK,SD GOLD,山东黄金,242.9,250,Equity,Equity Securities (Main Board),24.4,23.98,24.88,23.24,23889587,582.91,25.216,25.896,-3.24,-5.78,-1.37,-3.86,-8.75,54.45,54.45,54.45,54.45,54.45,-54.31,-54.31,-54.31,55.19,55.19,False,False,False,False,False,False,False,False,False,2026-09-11
1788,1788.HK,GUOTAI JUNAN I,国泰君安国际,274.46,"1,000",Equity,Equity Securities (Main Board),2.88,2.89,2.89,2.88,18365000,52.89,2.882,2.879,-0.07,0.03,-0.17,-0.17,0.17,3.59,7.07,7.07,3.59,7.07,-19.5,-59.12,-59.12,19.78,59.26,False,False,False,False,False,False,False,False,False,2026-09-11
1789,1789.HK,AK MEDICAL,爱康医疗,52.97,"2,000",Equity,Equity Securities (Main Board),4.915,4.935,4.94,4.795,4492000,22.08,4.932,4.972,-0.34,-1.15,-0.41,0.1,-1.99,7.15,7.99,27.65,7.15,7.99,-30.91,-38.17,-82.13,31.26,38.49,False,False,False,False,False,False,False,False,False,2026-09-11
1792,1792.HK,CMON,CMON,2.96,"2,000",Equity,Equity Securities (Main Board),1.195,1.195,1.2,1.195,68001,0.08,1.039,1.002,15.01,19.26,0.0,34.27,24.48,4.0,4.0,150.5,4.0,4.0,-70.0,-70.0,-99.2,70.12,70.12,False,False,False,False,False,False,False,False,False,2026-09-11
1793,1793.HK,WECON HOLDINGS,伟工控股,9.24,"4,000",Equity,Equity Securities (Main Board),1.155,1.195,1.195,1.085,2200000,2.54,1.12,1.059,3.12,9.01,-3.35,1.32,22.22,1.49,1.49,1.49,1.49,1.49,-19.8,-19.8,-19.8,22.48,22.48,False,False,False,False,False,False,False,False,False,2026-09-11
1795,1795.HK,YADONG GROUP,亚东集团,2.97,"3,000",Equity,Equity Securities (Main Board),0.495,0.44,0.495,0.435,30000,0.01,0.492,0.48,0.61,3.13,1.02,1.02,0.0,0.69,5.0,5.0,0.69,5.0,-28.26,-90.1,-90.1,28.26,90.1,False,False,False,True,False,False,False,False,False,2026-09-11
1796,1796.HK,METASPACEX,中国数智科技,1.7,"2,000",Equity,Equity Securities (Main Board),0.355,0.355,0.36,0.355,788000,0.28,0.36,0.462,-1.39,-23.08,-1.39,1.43,-11.25,3.65,5.5,5.5,3.65,5.5,-90.14,-93.45,-93.45,90.27,93.55,False,False,False,False,False,False,False,False,False,2026-09-11
1797,1797.HK,EAST BUY,东方甄选,251.88,500,Equity,Equity Securities (Main Board),23.9,24.26,24.36,23.4,7361078,175.93,25.428,25.58,-6.01,-6.57,-2.45,-10.22,-9.06,33.0,53.7,75.55,33.0,53.7,-26.18,-54.64,-67.76,27.58,55.49,False,False,False,False,False,False,False,False,False,2026-09-11
1798,1798.HK,DATANG RENEW,大唐新能源,26.89,"1,000",Equity,Equity Securities (Main Board),1.075,1.115,1.115,1.075,3544338,3.81,1.107,1.094,-2.89,-1.74,-3.59,-2.27,-0.92,2.15,2.82,4.41,2.15,2.82,-48.14,-60.46,-74.72,50.0,61.88,False,False,False,False,False,False,False,False,False,2026-09-11
1799,1799.HK,XINTE ENERGY,新特能源,13.96,400,Equity,Equity Securities (Main Board),3.71,3.85,3.85,3.655,2690800,9.98,3.862,3.903,-3.94,-4.94,-3.64,-5.12,-5.84,8.22,16.42,31.3,8.22,16.42,-53.16,-76.55,-87.7,54.87,77.41,False,False,False,False,False,False,False,False,False,2026-09-11
1800,1800.HK,CHINA COMM CONS,中国交通建设,154.87,"1,000",Equity,Equity Securities (Main Board),3.505,3.475,3.505,3.43,11100108,38.91,3.513,3.54,-0.23,-0.97,0.43,-0.57,-0.85,5.26,6.11,11.74,5.26,6.11,-33.37,-42.64,-70.14,33.37,42.64,False,False,False,False,False,False,False,False,False,2026-09-11
1801,1801.HK,INNOVENT BIO,信达生物,1632.3,500,Equity,Equity Securities (Main Board),93.55,93.1,93.55,91.75,15410682,1441.67,97.52,99.98,-4.07,-6.43,-0.85,-6.64,-8.64,112.7,112.7,112.7,112.7,112.7,-16.99,-16.99,-16.99,16.99,16.99,False,False,False,False,False,False,False,False,False,2026-09-11
1803,1803.HK,BJ SPORTS&E-NEW,北京体育文化－新,1.3,"5,000",Equity,Equity Securities (Main Board),0.77,0.725,0.77,0.7,25500,0.02,0.746,0.751,3.22,2.46,6.94,1.32,1.32,1.8,1.8,31.8,1.8,1.8,-57.22,-57.22,-97.58,57.22,57.22,False,False,False,True,False,False,False,False,False,2026-09-11
1809,1809.HK,PRINX CHENGSHAN,浦林成山,42.88,500,Equity,Equity Securities (Main Board),6.715,6.885,6.885,6.67,35000,0.24,6.972,7.101,-3.69,-5.43,-1.9,-6.08,-8.27,8.36,9.54,9.55,8.36,9.54,-17.64,-27.83,-27.91,19.68,29.61,False,False,False,False,False,False,False,False,False,2026-09-11
1810,1810.HK,XIAOMI-W,小米集团－Ｗ,5622.62,200,Equity,Equity Securities (Main Board),26.36,25.66,26.66,25.44,113534043,2992.76,26.616,27.22,-0.96,-3.16,1.7,-2.08,-7.31,40.6,61.45,61.45,40.6,61.45,-34.33,-56.62,-56.62,35.07,57.1,False,False,False,False,False,False,False,False,False,2026-09-11
1811,1811.HK,CGN NEW ENERGY,中广核新能源,92.66,"2,000",Equity,Equity Securities (Main Board),2.16,2.2,2.2,2.14,2934503,6.34,2.157,2.134,0.14,1.19,-0.92,0.0,1.65,3.0,3.23,8.99,3.0,3.23,-26.67,-31.89,-75.53,28.0,33.13,False,False,False,False,False,False,False,False,False,2026-09-11
1812,1812.HK,CHENMING PAPER,晨鸣纸业,3.25,500,Equity,Equity Securities (Main Board),0.615,0.635,0.635,0.61,1174000,0.72,0.634,0.621,-3.0,-0.89,-3.91,-3.15,0.0,1.34,2.49,10.8,1.34,2.49,-52.61,-74.5,-94.12,54.1,75.3,False,False,False,False,False,False,False,False,False,2026-09-11
1813,1813.HK,KWG GROUP,合景泰富集团,3.18,500,Equity,Equity Securities (Main Board),0.093,0.092,0.095,0.09,339618,0.03,0.095,0.095,-2.52,-2.62,-1.06,-3.12,-3.12,0.28,1.44,14.18,0.28,1.44,-66.07,-93.4,-99.33,66.79,93.54,False,False,False,False,False,False,False,False,False,2026-09-11
1815,1815.HK,EVEREST GOLD,珠峰黄金,26.21,"1,000",Equity,Equity Securities (Main Board),1.875,1.96,1.985,1.875,12406067,23.26,1.965,1.989,-4.58,-5.73,-6.25,-6.25,-7.18,2.89,3.06,3.06,2.89,3.06,-31.31,-35.13,-35.13,35.12,38.73,False,False,False,False,False,False,False,False,False,2026-09-11
1816,1816.HK,CGN POWER,中广核电力,342.17,"1,000",Equity,Equity Securities (Main Board),3.065,3.105,3.105,3.04,56055454,171.81,3.082,3.061,-0.55,0.15,-1.45,-0.81,-0.81,3.77,3.77,3.77,3.77,3.77,-17.64,-17.64,-17.64,18.7,18.7,False,False,False,False,False,False,False,False,False,2026-09-11
1818,1818.HK,ZHAOJIN MINING,招金矿业,613.77,500,Equity,Equity Securities (Main Board),21.3,20.94,21.46,20.42,16182185,344.68,21.768,22.058,-2.15,-3.44,-0.93,-3.71,-3.71,42.36,42.36,42.36,42.36,42.36,-49.34,-49.34,-49.34,49.72,49.72,False,False,False,False,False,False,False,False,False,2026-09-11
1823,1823.HK,HUAYUEXPRESSWAY,华昱高速,5.16,"2,000",Equity,Equity Securities (Main Board),1.095,1.095,1.1,1.01,394000,0.43,1.138,1.171,-3.78,-6.45,-0.45,-6.01,-7.98,2.04,2.04,7.7,2.04,2.04,-46.08,-46.08,-85.71,46.32,46.32,False,False,False,False,False,False,False,False,False,2026-09-11
1825,1825.HK,STERLING GP,STERLING GP,4.67,"2,000",Equity,Equity Securities (Main Board),11.25,10.5,12.2,10.2,298350,3.36,3.05,2.025,268.85,455.56,1025.0,1025.0,1025.0,1.49,2.47,78.0,12.2,12.2,718.79,393.93,-84.36,7.79,7.79,False,False,False,False,True,True,False,True,True,2026-09-11
1826,1826.HK,FDB HOLDINGS,丰展控股,11.39,"10,000",Equity,Equity Securities (Main Board),0.475,0.535,0.58,0.475,10730000,5.1,0.426,0.357,11.5,33.24,-11.21,35.71,61.02,0.54,0.54,2.49,0.58,0.58,8.41,8.41,-76.71,18.1,18.1,False,False,False,False,True,True,False,False,False,2026-09-11
1827,1827.HK,MIRICOR,卓珈控股,3.24,"5,000",Equity,Equity Securities (Main Board),0.81,0.795,0.795,0.795,15000,0.01,0.878,0.883,-7.74,-8.27,-8.99,-10.0,-10.0,0.98,1.52,5.05,0.98,1.52,-18.88,-47.7,-84.26,17.35,46.71,False,False,False,False,False,False,False,False,False,2026-09-11
1828,1828.HK,FWD,富卫集团,428.67,100,Equity,Equity Securities (Main Board),33.5,33.5,33.6,32.76,267352,8.96,33.272,33.138,0.69,1.09,0.84,1.82,-0.89,40.8,50.8,50.8,40.8,50.8,-17.65,-33.86,-33.86,17.89,34.06,False,False,False,True,False,False,False,False,False,2026-09-11
1830,1830.HK,PERFECT MEDICAL,完美医疗,16.33,"1,000",Equity,Equity Securities (Main Board),1.3,1.27,1.3,1.26,190000,0.25,1.297,1.304,0.23,-0.34,-0.38,2.36,-0.76,1.47,3.96,10.9,1.47,3.96,-11.56,-67.17,-88.07,11.56,67.17,False,False,False,False,False,False,False,False,False,2026-09-11
1832,1832.HK,SAI LEISURE,海天地悦旅,5.02,"1,000",Equity,Equity Securities (Main Board),1.395,1.395,1.395,1.395,4000,0.01,1.351,1.296,3.26,7.64,0.0,7.31,8.56,1.4,1.4,4.46,1.4,1.4,-0.36,-0.36,-68.72,0.36,0.36,False,False,False,False,False,False,False,True,True,2026-09-11
1833,1833.HK,PA GOODDOCTOR,平安好医生,132.39,100,Equity,Equity Securities (Main Board),6.125,6.085,6.165,5.965,5803996,35.55,6.296,6.351,-2.72,-3.57,0.25,-5.26,-6.27,18.79,24.4,148.5,18.79,24.4,-67.19,-74.73,-95.85,67.4,74.9,False,False,False,False,False,False,False,False,False,2026-09-11
1835,1835.HK,REALWAY CAPITAL,瑞威资管,1.15,400,Equity,Equity Securities (Main Board),2.99,4.0,4.1,2.55,1108000,3.31,4.118,4.313,-27.39,-30.67,-27.07,-33.56,-33.56,5.7,5.7,5.83,5.7,5.7,-28.07,-28.07,-29.67,47.54,47.54,False,False,False,False,False,False,False,False,False,2026-09-11
1836,1836.HK,STELLA HOLDINGS,九兴控股,97.88,500,Equity,Equity Securities (Main Board),11.59,11.71,11.96,11.53,3018140,34.98,11.712,11.852,-1.04,-2.21,-0.94,-0.94,-2.11,15.6,19.44,19.44,15.6,19.44,-23.33,-38.48,-38.48,25.71,40.38,False,False,False,False,False,False,False,False,False,2026-09-11
1837,1837.HK,NATURAL FOOD IH,五谷磨房,30.64,"2,000",Equity,Equity Securities (Main Board),1.4,1.385,1.4,1.34,1574000,2.2,1.425,1.446,-1.75,-3.18,-1.41,-2.44,-2.44,1.83,1.83,2.45,1.83,1.83,-23.5,-23.5,-42.86,23.5,23.5,False,False,False,False,False,False,False,False,False,2026-09-11
1841,1841.HK,A.PLUS GROUP,优越集团控股,1.8,"10,000",Equity,Equity Securities (Main Board),0.45,0.44,0.455,0.44,350000,0.16,0.456,0.464,-1.32,-3.02,0.0,-3.23,-4.26,0.57,0.57,1.07,0.57,0.57,-20.18,-20.18,-57.48,21.05,21.05,False,False,False,False,False,False,False,False,False,2026-09-11
1842,1842.HK,GROWN UP GROUP,植华集团,0.59,"4,000",Equity,Equity Securities (Main Board),0.041,0.045,0.047,0.041,1692000,0.07,0.046,0.041,-10.09,0.0,-8.89,-26.79,10.81,0.07,0.14,2.28,0.07,0.14,-30.88,-66.67,-97.94,39.71,70.92,False,False,False,False,False,False,False,False,False,2026-09-11
1843,1843.HK,SNACK EMPIRE,快餐帝国,2.84,"4,000",Equity,Equity Securities (Main Board),0.355,0.365,0.37,0.355,1168000,0.41,0.352,0.329,0.85,8.07,-2.74,7.58,14.52,0.41,0.41,1.87,0.41,0.41,-9.76,-9.76,-80.21,13.41,13.41,False,False,False,False,False,False,False,False,False,2026-09-11
1847,1847.HK,GHPC,云南建投混凝土,0.56,"1,000",Equity,Equity Securities (Main Board),0.42,0.455,0.455,0.42,13000,0.01,0.421,0.425,-0.24,-1.29,1.2,1.2,-4.55,0.69,1.25,3.01,0.69,1.25,-34.06,-63.6,-84.88,39.13,66.4,False,False,False,False,False,False,False,False,False,2026-09-11
1848,1848.HK,CALC,中国飞机租赁,28.17,500,Equity,Equity Securities (Main Board),3.71,3.71,3.745,3.635,147500,0.55,3.714,3.759,-0.11,-1.29,0.82,-0.13,-4.38,5.1,5.25,11.04,5.1,5.25,-26.57,-28.67,-66.08,27.25,29.33,False,False,False,False,False,False,False,False,False,2026-09-11
1850,1850.HK,BEAUTIFULLIFEGP,美好生活集团控股,0.69,"10,000",Equity,Equity Securities (Main Board),0.4,0.405,0.405,0.4,140000,0.06,0.412,0.444,-2.91,-9.81,-4.76,-4.76,-3.61,3.8,16.07,259.72,3.8,16.07,-89.34,-97.48,-99.84,89.47,97.51,False,False,False,False,False,False,False,False,False,2026-09-11
1851,1851.HK,GINGKO EDU,银杏教育,42.08,"2,000",Equity,Equity Securities (Main Board),8.415,8.26,10.09,7.2,5254000,44.21,7.861,7.56,7.05,11.32,4.93,8.09,19.87,8.15,8.15,8.15,10.09,10.09,23.8,23.8,23.8,16.6,16.6,False,False,False,True,True,True,True,False,False,2026-09-11
1854,1854.HK,CHINA WANTIAN,中国万天控股,20.38,"10,000",Equity,Equity Securities (Main Board),1.0,1.01,1.1,0.97,3360000,3.36,1.055,1.086,-5.21,-7.88,-2.44,-7.83,-11.5,1.46,1.58,3.85,1.46,1.58,-24.4,-30.38,-71.44,31.27,36.71,False,False,False,False,False,False,False,False,False,2026-09-11
1855,1855.HK,ZONQING LTD,中庆股份,1.34,"2,000",Equity,Equity Securities (Main Board),0.162,0.156,0.164,0.156,148000,0.02,0.164,0.177,-0.98,-8.22,-1.22,1.89,-14.74,2.04,10.5,10.5,2.04,10.5,-91.96,-98.44,-98.44,92.06,98.46,False,False,False,False,False,False,False,False,False,2026-09-11
1856,1856.HK,ERNEST BOREL,依波路,6.05,"1,000",Equity,Equity Securities (Main Board),1.68,1.67,1.68,1.66,151000,0.25,1.681,1.645,-0.06,2.13,0.3,0.3,3.07,2.0,2.3,3.25,2.0,2.3,-16.0,-26.96,-48.31,16.0,26.96,False,False,False,False,False,False,False,False,False,2026-09-11
1857,1857.HK,CEB WATER,中国光大水务,37.48,"1,000",Equity,Equity Securities (Main Board),1.31,1.31,1.31,1.3,298000,0.39,1.314,1.316,-0.3,-0.49,-0.76,-0.76,-1.5,1.71,1.73,3.0,1.71,1.73,-23.39,-24.28,-56.33,23.39,24.28,False,False,False,False,False,False,False,False,False,2026-09-11
1858,1858.HK,CHUNLI MEDICAL,春立医疗,7.49,250,Equity,Equity Securities (Main Board),7.875,7.905,7.905,7.7,479750,3.78,8.037,8.13,-2.02,-3.14,0.13,-3.96,-4.95,17.07,20.82,63.0,17.07,20.82,-53.69,-62.03,-87.45,53.87,62.18,False,False,False,False,False,False,False,False,False,2026-09-11
1860,1860.HK,MOBVISTA,汇量科技,166.62,"1,000",Equity,Equity Securities (Main Board),9.78,9.73,9.88,9.55,7710279,75.41,10.003,10.113,-2.23,-3.29,-0.31,-3.65,-4.59,20.64,21.62,21.62,20.64,21.62,-52.13,-54.3,-54.3,52.62,54.76,False,False,False,False,False,False,False,False,False,2026-09-11
1865,1865.HK,PENGO HLDG GP,鹏高控股集团,6.03,"12,000",Equity,Equity Securities (Main Board),0.42,0.415,0.42,0.4,480000,0.2,0.424,0.409,-0.94,2.56,1.2,-3.45,7.69,0.65,3.86,16.73,0.65,3.86,-35.38,-89.13,-97.49,35.38,89.13,False,False,False,False,False,False,False,False,False,2026-09-11
1866,1866.HK,CHINA XLX FERT,中国心连心化肥,137.28,"1,000",Equity,Equity Securities (Main Board),10.77,11.15,11.35,10.7,7554000,81.36,11.05,11.243,-2.53,-4.21,-4.35,0.28,-7.16,12.98,12.98,12.98,12.98,12.98,-12.56,-12.56,-12.56,17.03,17.03,False,False,False,False,False,False,False,False,False,2026-09-11
1869,1869.HK,KAFELAKU COFFEE,猫屎咖啡控股,0.9,"10,000",Equity,Equity Securities (Main Board),0.053,0.053,0.054,0.052,1100000,0.06,0.056,0.053,-6.03,0.38,-1.85,-17.19,8.16,0.17,0.32,8.12,0.17,0.32,-67.86,-83.12,-99.34,68.45,83.44,False,False,False,False,False,False,False,False,False,2026-09-11
1870,1870.HK,GREEN POWER GP,绿色电能集团,1.92,"2,500",Equity,Equity Securities (Main Board),0.189,0.192,0.192,0.189,3390000,0.64,0.192,0.19,-1.46,-0.42,-3.57,-1.56,0.0,0.58,2.16,3.1,0.58,2.16,-66.9,-91.11,-93.81,67.41,91.25,False,False,False,False,False,False,False,False,False,2026-09-11
1871,1871.HK,CHINA ORIENTED,向中国际,1.33,"4,000",Equity,Equity Securities (Main Board),0.305,0.295,0.31,0.29,1276000,0.39,0.298,0.301,2.35,1.33,3.39,1.67,1.67,0.45,0.47,1.39,0.45,0.47,-31.11,-33.33,-77.66,32.22,34.41,False,False,False,True,False,False,False,False,False,2026-09-11
1872,1872.HK,GUAN CHAO HLDGS,冠轈控股,26.2,"5,000",Equity,Equity Securities (Main Board),4.02,4.18,4.18,3.975,410000,1.65,4.137,4.164,-2.83,-3.46,-2.43,-1.71,-2.66,9.23,9.23,50.0,9.23,9.23,-54.71,-54.71,-91.64,56.45,56.45,False,False,False,False,False,False,False,False,False,2026-09-11
1873,1873.HK,VIVA BIOTECH,维亚生物,26.8,500,Equity,Equity Securities (Main Board),1.28,1.32,1.32,1.25,4578500,5.86,1.328,1.338,-3.61,-4.3,-3.76,-5.54,-4.12,2.86,3.27,11.64,2.86,3.27,-53.85,-59.63,-88.66,55.24,60.86,False,False,False,False,False,False,False,False,False,2026-09-11
1875,1875.HK,BIODLINK-B,东曜药业－Ｂ,28.01,400,Equity,Equity Securities (Main Board),3.625,3.735,3.735,3.58,912400,3.31,3.758,3.789,-3.54,-4.33,-3.85,-3.85,-4.48,5.87,5.87,6.43,5.87,5.87,-36.37,-36.37,-41.91,38.25,38.25,False,False,False,False,False,False,False,False,False,2026-09-11
1876,1876.HK,BUD APAC,百威亚太,760.17,100,Equity,Equity Securities (Main Board),5.74,5.925,5.925,5.74,40770023,234.02,5.961,5.92,-3.71,-3.04,-2.13,-6.13,-3.12,8.3,17.08,32.65,8.3,17.08,-28.61,-65.31,-81.85,30.84,66.39,False,False,False,False,False,False,False,False,False,2026-09-11
1877,1877.HK,JUNSHI BIO,君实生物,43.21,200,Equity,Equity Securities (Main Board),16.6,17.09,17.09,16.56,1368800,22.72,17.38,17.668,-4.49,-6.04,-3.15,-7.05,-8.89,30.8,38.64,94.0,30.8,38.64,-44.51,-55.77,-81.82,46.1,57.04,False,False,False,False,False,False,False,False,False,2026-09-11
1878,1878.HK,SOUTHGOBI,南戈壁,6.67,50,Equity,Equity Securities (Main Board),1.8,1.705,1.8,1.705,11600,0.02,1.792,1.813,0.45,-0.74,2.27,0.0,-0.55,2.3,6.58,6.58,2.3,6.58,-21.74,-72.64,-72.64,21.74,72.64,False,False,False,False,False,False,False,False,False,2026-09-11
1879,1879.HK,XIZHI TECH-P,曦智科技－Ｐ,240.08,15,Equity,Equity Securities (Main Board),312.4,340.0,340.0,306.0,580310,181.29,335.8,341.58,-6.97,-8.54,-9.87,0.26,-17.44,1050.0,1050.0,1050.0,1050.0,1050.0,-67.62,-67.62,-67.62,70.25,70.25,False,False,False,False,False,False,False,False,False,2026-09-11
1880,1880.HK,CTG DUTY-FREE,中国中免,58.65,100,Equity,Equity Securities (Main Board),46.8,47.28,47.28,46.42,733207,34.31,48.686,48.797,-3.87,-4.09,-1.93,-6.02,-6.4,107.0,112.8,280.0,107.0,112.8,-55.81,-58.09,-83.11,56.26,58.51,False,False,False,False,False,False,False,False,False,2026-09-11
1882,1882.HK,HAITIAN INT'L,海天国际,279.46,"1,000",Equity,Equity Securities (Main Board),17.51,17.58,17.59,17.34,2502919,43.83,17.882,17.971,-2.08,-2.57,-0.85,-3.1,-2.72,26.2,28.9,32.55,26.2,28.9,-32.86,-39.13,-45.96,33.17,39.41,False,False,False,False,False,False,False,False,False,2026-09-11
1883,1883.HK,CITIC TELECOM,中信国际电讯,88.08,"1,000",Equity,Equity Securities (Main Board),2.38,2.4,2.4,2.38,2291085,5.45,2.399,2.412,-0.79,-1.31,-0.83,-1.24,-0.83,2.86,3.29,3.61,2.86,3.29,-16.08,-27.05,-33.52,16.78,27.66,False,False,False,False,False,False,False,False,False,2026-09-11
1884,1884.HK,EPRINT GROUP,ＥＰＲＩＮＴ集团,0.62,"4,000",Equity,Equity Securities (Main Board),0.112,0.112,0.112,0.112,40000,0.0,0.113,0.117,-1.23,-3.95,0.0,-2.61,-5.88,0.17,0.82,3.62,0.17,0.82,-32.12,-86.34,-96.91,32.12,86.34,False,False,False,False,False,False,False,False,False,2026-09-11
1888,1888.HK,KB LAMINATES,建滔积层板,1509.54,500,Equity,Equity Securities (Main Board),47.9,47.42,49.2,45.52,72810353,3487.62,47.604,46.434,0.62,3.16,-1.48,4.54,8.32,107.2,107.2,107.2,107.2,107.2,-54.1,-54.1,-54.1,55.32,55.32,False,False,False,True,False,False,False,False,False,2026-09-11
1889,1889.HK,SANAI HEALTH GP,三爱健康集团,0.29,"5,000",Equity,Equity Securities (Main Board),0.19,0.19,0.19,0.19,50000,0.01,0.187,0.188,1.71,1.12,-1.55,2.7,0.53,0.58,1.85,20.0,0.58,1.85,-67.24,-89.73,-99.05,67.24,89.73,False,False,False,False,False,False,False,False,False,2026-09-11
1890,1890.HK,CHINA KEPEI,中国科培,16.72,"2,000",Equity,Equity Securities (Main Board),0.83,0.835,0.835,0.83,52000,0.04,0.839,0.839,-1.07,-1.13,-1.19,-2.35,-0.6,1.38,2.2,7.32,1.38,2.2,-39.49,-62.05,-88.59,39.86,62.27,False,False,False,False,False,False,False,False,False,2026-09-11
1891,1891.HK,HENG HUP,兴合控股,1.9,"4,000",Equity,Equity Securities (Main Board),0.19,0.191,0.197,0.185,1344000,0.26,0.187,0.181,1.82,4.74,4.97,2.15,0.0,0.21,0.25,0.44,0.21,0.25,-4.83,-19.59,-55.23,8.21,22.45,False,False,False,False,False,False,False,True,False,2026-09-11
1894,1894.HK,HANG YICK HLDGS,恒益控股,1.45,"5,000",Equity,Equity Securities (Main Board),0.62,0.61,0.63,0.585,13895000,8.61,0.628,0.614,-1.27,1.06,-3.88,4.2,-2.36,0.77,10.91,111.79,0.77,10.91,-18.18,-94.23,-99.44,19.48,94.32,False,False,False,False,False,False,False,False,False,2026-09-11
1896,1896.HK,MAOYAN ENT,猫眼娱乐,48.96,200,Equity,Equity Securities (Main Board),4.17,4.16,4.205,4.095,2726200,11.37,4.288,4.282,-2.75,-2.63,-0.24,-5.01,-2.23,7.92,12.18,19.3,7.92,12.18,-46.91,-65.48,-78.21,47.35,65.76,False,False,False,False,False,False,False,False,False,2026-09-11
1898,1898.HK,CHINA COAL,中煤能源,457.48,"1,000",Equity,Equity Securities (Main Board),11.14,11.39,11.43,11.12,16150388,179.92,11.31,11.504,-1.5,-3.16,-2.11,-2.37,-1.42,15.24,15.24,15.24,15.24,15.24,-25.0,-25.0,-25.0,26.9,26.9,False,False,False,False,False,False,False,False,False,2026-09-11
1899,1899.HK,XINGDA INT'L,兴达国际,20.35,"1,000",Equity,Equity Securities (Main Board),1.06,1.055,1.06,1.045,51078,0.05,1.054,1.059,0.57,0.05,0.0,0.95,-0.93,1.6,1.7,3.97,1.6,1.7,-33.75,-37.65,-73.3,33.75,37.65,False,False,True,True,False,False,False,False,False,2026-09-11
1901,1901.HK,FEIYANG GROUP,飞扬集团,1.44,"2,000",Equity,Equity Securities (Main Board),0.144,0.142,0.148,0.137,622000,0.09,0.152,0.158,-5.51,-8.57,0.0,-8.86,-8.86,0.47,1.25,1.49,0.47,1.25,-68.84,-88.16,-90.07,69.68,88.48,False,False,False,False,False,False,False,False,False,2026-09-11
1903,1903.HK,JBB BUILDERS,JBB BUILDERS,11.4,"2,000",Equity,Equity Securities (Main Board),2.28,2.25,2.3,2.25,8000,0.02,2.304,2.345,-1.04,-2.79,1.33,-1.3,-4.0,3.8,3.8,3.8,3.8,3.8,-39.47,-39.47,-39.47,40.0,40.0,False,False,False,False,False,False,False,False,False,2026-09-11
1905,1905.HK,HAITONG UT,海通恒信,59.68,"2,000",Equity,Equity Securities (Main Board),1.03,1.005,1.04,1.005,4492000,4.63,1.018,1.064,1.18,-3.2,0.98,5.1,-10.82,1.18,1.19,1.95,1.18,1.19,-12.24,-12.61,-46.67,13.08,13.45,False,False,False,False,False,False,False,False,False,2026-09-11
1906,1906.HK,BONNY HLDG,博尼控股,11.25,"10,000",Equity,Equity Securities (Main Board),0.765,0.82,0.835,0.76,6110000,4.67,0.818,0.838,-6.48,-8.66,-7.83,-4.97,-11.56,0.93,0.93,0.94,0.93,0.93,-10.22,-10.22,-11.17,17.74,17.74,False,False,False,False,False,False,False,False,False,2026-09-11
1907,1907.HK,CHINA RISUN GP,中国旭阳集团,79.09,"1,000",Equity,Equity Securities (Main Board),1.86,1.93,1.95,1.82,19072000,35.47,1.923,1.927,-3.28,-3.5,-3.63,-3.63,-1.33,4.24,4.24,6.48,4.24,4.24,-54.01,-54.01,-69.91,56.13,56.13,False,False,False,False,False,False,False,False,False,2026-09-11
1908,1908.HK,C&D INTL GROUP,建发国际集团,281.39,"1,000",Equity,Equity Securities (Main Board),12.15,12.45,12.45,12.06,5233971,63.59,12.422,12.506,-2.19,-2.85,-2.49,-4.33,-3.26,18.47,21.0,27.8,18.47,21.0,-32.59,-40.71,-55.22,34.22,42.14,False,False,False,False,False,False,False,False,False,2026-09-11
1910,1910.HK,SAMSONITE,新秀丽,170.47,300,Equity,Equity Securities (Main Board),12.5,12.85,12.85,12.45,2559144,31.99,12.656,12.462,-1.23,0.3,-1.96,-1.5,-0.08,21.98,31.6,38.6,21.98,31.6,-41.54,-59.34,-66.71,43.13,60.44,False,False,False,False,False,False,False,False,False,2026-09-11
1911,1911.HK,CR HOLDINGS,华兴资本控股,21.87,100,Equity,Equity Securities (Main Board),3.815,3.795,3.92,3.72,307300,1.17,3.959,3.652,-3.64,4.45,-4.62,-4.62,9.0,5.17,10.02,32.15,5.17,10.02,-24.18,-60.88,-87.81,26.21,61.93,False,False,False,False,False,False,False,False,False,2026-09-11
1912,1912.HK,CONTEL,康特隆,17.04,"5,000",Equity,Equity Securities (Main Board),3.695,3.61,3.79,3.4,724500,2.68,3.389,3.046,9.03,21.29,2.35,21.15,18.05,3.84,3.84,34.87,3.84,3.84,-1.3,-1.3,-89.13,3.78,3.78,True,False,False,False,False,False,False,True,True,2026-09-11
1913,1913.HK,PRADA,普拉达,985.15,100,Equity,Equity Securities (Main Board),38.5,38.56,38.56,37.76,1037659,39.95,39.348,39.698,-2.16,-3.02,0.0,-3.99,-2.14,45.86,71.7,71.7,45.86,71.7,-15.92,-46.22,-46.22,16.05,46.3,False,False,False,False,False,False,False,False,False,2026-09-11
1916,1916.HK,JIANGXI BANK,江西银行,7.8,500,Equity,Equity Securities (Main Board),0.58,0.585,0.585,0.58,239500,0.14,0.591,0.591,-1.86,-1.86,-0.85,-4.13,-3.33,0.72,1.25,7.27,0.72,1.25,-18.75,-53.2,-91.95,19.44,53.6,False,False,False,False,False,False,False,False,False,2026-09-11
1918,1918.HK,SUNAC,融创中国,108.81,"1,000",Equity,Equity Securities (Main Board),0.545,0.575,0.575,0.54,259380788,141.36,0.586,0.588,-7.0,-7.39,-5.22,-11.38,-14.84,1.36,5.51,48.91,1.36,5.51,-57.72,-89.56,-98.82,59.93,90.11,False,False,False,False,False,False,False,False,False,2026-09-11
1919,1919.HK,COSCO SHIP HOLD,中远海控,445.78,500,Equity,Equity Securities (Main Board),16.44,16.58,16.68,16.33,22399130,368.24,16.554,16.733,-0.69,-1.75,-1.08,-0.66,1.36,18.04,18.04,18.04,18.04,18.04,-7.54,-7.54,-7.54,8.87,8.87,False,False,False,False,False,False,False,True,True,2026-09-11
1920,1920.HK,JUNWEA GROUP,巨美集团,2.41,"10,000",Equity,Equity Securities (Main Board),0.41,0.405,0.435,0.4,500000,0.2,0.402,0.409,1.99,0.24,1.23,5.13,1.23,1.45,1.45,3.85,1.45,1.45,-70.0,-70.0,-88.7,71.72,71.72,True,False,True,True,False,False,False,False,False,2026-09-11
1921,1921.HK,DALIPAL HLDG,达力普控股,53.3,"2,000",Equity,Equity Securities (Main Board),3.425,3.44,3.56,3.38,864000,2.96,3.376,3.467,1.45,-1.23,-0.15,3.79,-0.58,9.99,10.5,10.5,9.99,10.5,-64.36,-66.1,-66.1,65.72,67.38,False,False,False,False,False,False,False,False,False,2026-09-11
1925,1925.HK,KWUNGS AROMA,旷世芳香,4.98,"2,000",Equity,Equity Securities (Main Board),1.23,1.24,1.24,1.23,30000,0.04,1.255,1.266,-1.99,-2.84,-1.6,-2.38,-2.38,1.38,1.58,1.77,1.38,1.58,-10.47,-21.52,-29.94,11.19,22.15,False,False,False,False,False,False,False,False,False,2026-09-11
1927,1927.HK,JIUJIUWANG,久久王,2.49,"5,000",Equity,Equity Securities (Main Board),0.315,0.29,0.325,0.29,3200000,1.01,0.287,0.278,9.76,13.11,12.5,12.5,18.87,0.28,0.28,0.82,0.32,0.32,14.04,14.04,-60.37,3.08,3.08,False,False,False,False,True,True,False,True,True,2026-09-11
1928,1928.HK,SANDS CHINA LTD,金沙中国有限公司,1081.28,400,Equity,Equity Securities (Main Board),13.36,13.32,13.47,13.27,13904829,185.77,13.748,13.876,-2.82,-3.72,-0.15,-4.78,-5.45,20.14,26.25,49.35,20.14,26.25,-33.12,-48.69,-72.71,33.66,49.1,False,False,False,False,False,False,False,False,False,2026-09-11
1929,1929.HK,CHOW TAI FOOK,周大福,1151.4,200,Equity,Equity Securities (Main Board),11.67,11.94,11.94,11.47,26824853,313.05,12.0,12.242,-2.75,-4.67,-2.26,-4.97,-3.39,15.55,16.95,18.54,15.55,16.95,-23.22,-29.56,-35.6,24.95,31.15,False,False,False,False,False,False,False,False,False,2026-09-11
1930,1930.HK,SHINELONG,勋龙,2.01,"4,000",Equity,Equity Securities (Main Board),0.305,0.325,0.36,0.3,332000,0.1,0.315,0.315,-3.17,-3.17,-6.15,-3.17,-4.69,0.46,0.51,1.82,0.46,0.51,-21.74,-29.41,-80.22,33.7,40.2,False,False,False,False,False,False,False,False,False,2026-09-11
1931,1931.HK,ETHK LABS INC.,华检医疗,8.02,"1,000",Equity,Equity Securities (Main Board),0.5,0.51,0.51,0.49,392000,0.2,0.519,0.547,-3.66,-8.59,-1.96,-4.76,-10.71,2.8,12.86,12.86,2.8,12.86,-81.79,-96.03,-96.03,82.14,96.11,False,False,False,False,False,False,False,False,False,2026-09-11
1933,1933.HK,ONEFORCE HLDGS,元力控股,1.06,"4,000",Equity,Equity Securities (Main Board),0.21,0.209,0.21,0.209,80000,0.02,0.2,0.209,5.11,0.48,7.69,3.96,-10.64,0.6,0.6,1.78,0.6,0.6,-65.0,-65.0,-88.2,65.0,65.0,False,False,False,False,False,False,False,False,False,2026-09-11
1935,1935.HK,JH EDUCATION,嘉宏教育,13.13,"2,000",Equity,Equity Securities (Main Board),0.82,0.82,0.82,0.8,24000,0.02,0.839,0.824,-2.26,-0.49,-0.61,-0.61,-6.29,1.65,1.65,5.21,1.65,1.65,-50.3,-50.3,-84.26,50.3,50.3,False,False,False,False,False,False,False,False,False,2026-09-11
1938,1938.HK,CHU KONG PIPE,珠江钢管,2.44,"1,000",Equity,Equity Securities (Main Board),0.241,0.215,0.241,0.207,250000,0.06,0.228,0.237,5.79,1.6,6.64,8.07,4.78,0.46,0.58,1.22,0.46,0.58,-47.03,-58.45,-80.25,47.03,58.45,False,False,True,True,False,False,False,False,False,2026-09-11
1939,1939.HK,SHANGSHAN GOLD,上善黄金,2.35,"2,000",Equity,Equity Securities (Main Board),0.46,0.46,0.48,0.435,1446000,0.67,0.475,0.495,-3.16,-7.07,-3.16,-4.17,-11.54,1.3,10.48,10.48,1.3,10.48,-63.08,-95.42,-95.42,64.62,95.61,False,False,False,False,False,False,False,False,False,2026-09-11
1940,1940.HK,CGII HLDGS,CGII HLDGS,16.14,"2,000",Equity,Equity Securities (Main Board),1.345,1.345,1.35,1.345,24000,0.03,1.302,1.303,3.3,3.22,1.51,3.86,3.86,2.0,2.0,4.89,2.0,2.0,-32.5,-32.5,-72.39,32.75,32.75,False,False,False,False,False,False,False,False,False,2026-09-11
1941,1941.HK,YE XING GROUP,烨星集团,2.65,"2,000",Equity,Equity Securities (Main Board),0.655,0.645,0.655,0.645,84000,0.06,0.653,0.634,0.31,3.31,1.55,0.0,5.65,0.66,0.66,1.88,0.66,0.66,-0.76,-0.76,-65.16,0.76,0.76,False,False,False,False,False,False,False,True,True,2026-09-11
1942,1942.HK,MOG DIGITECH,马可数字科技,1.5,"2,000",Equity,Equity Securities (Main Board),0.073,0.075,0.075,0.071,2622000,0.19,0.075,0.077,-2.41,-4.58,0.0,-3.95,-6.41,0.33,87.0,104.3,0.33,87.0,-77.27,-99.91,-99.93,77.88,99.92,False,False,False,False,False,False,False,False,False,2026-09-11
1943,1943.HK,KING'S STONE,金石控股集团,14.14,"5,000",Equity,Equity Securities (Main Board),1.205,1.23,1.24,1.2,765000,0.92,1.213,1.216,-0.66,-0.95,-2.03,0.0,-5.12,1.55,1.55,1.62,1.55,1.55,-20.0,-20.0,-23.46,22.26,22.26,False,False,False,False,False,False,False,False,False,2026-09-11
1945,1945.HK,ZERO2IPO,清科控股,3.82,400,Equity,Equity Securities (Main Board),1.3,1.32,1.32,1.31,6400,0.01,1.384,1.411,-6.07,-7.87,-7.47,-7.14,-4.41,2.09,2.09,15.82,2.09,2.09,-36.84,-36.84,-91.66,37.8,37.8,False,False,False,False,False,False,False,False,False,2026-09-11
1947,1947.HK,MEIHAO GROUP,美皓集团,3.51,"5,000",Equity,Equity Securities (Main Board),0.585,0.6,0.6,0.59,210000,0.12,0.569,0.557,2.81,5.12,-1.68,5.41,6.36,0.61,0.61,0.82,0.61,0.61,-1.64,-1.64,-26.83,4.1,4.1,False,False,False,False,False,False,False,True,True,2026-09-11
1949,1949.HK,PLATT NERA,佰达国际控股,1.47,"4,000",Equity,Equity Securities (Main Board),0.64,0.675,0.685,0.615,144000,0.09,0.611,0.611,4.75,4.83,4.07,6.67,6.67,0.91,6.85,15.52,0.91,6.85,-24.73,-90.0,-95.59,29.67,90.66,False,False,False,False,False,False,False,False,False,2026-09-11
1950,1950.HK,DIWANG IND H,帝王实业控股,0.79,"4,000",Equity,Equity Securities (Main Board),0.11,0.103,0.114,0.103,228000,0.03,0.107,0.106,2.42,3.29,2.8,4.76,0.92,0.19,0.45,10.05,0.19,0.45,-39.68,-74.67,-98.87,41.8,75.56,False,False,False,True,False,False,False,False,False,2026-09-11
1951,1951.HK,JXR,锦欣生殖,56.3,500,Equity,Equity Securities (Main Board),2.095,2.15,2.15,2.095,10915000,22.87,2.173,2.181,-3.59,-3.94,-2.78,-4.77,-4.56,2.67,4.64,24.55,2.67,4.64,-19.48,-53.66,-91.24,21.54,54.85,False,False,False,False,False,False,False,False,False,2026-09-11
1952,1952.HK,EVEREST MED,云顶新耀,94.96,500,Equity,Equity Securities (Main Board),26.82,27.76,28.54,26.56,6609640,177.27,30.188,31.332,-11.16,-14.4,-6.09,-18.83,-16.14,45.04,77.55,104.8,45.04,77.55,-36.63,-63.2,-72.77,40.45,65.42,False,False,False,False,False,False,False,False,False,2026-09-11
1953,1953.HK,SFQ GLOBAL,赛孚迅国际,15.88,"5,000",Equity,Equity Securities (Main Board),1.26,1.27,1.285,1.215,1240000,1.56,1.306,1.258,-3.52,0.2,-0.79,-7.01,-12.5,1.9,1.9,1.9,1.9,1.9,-32.37,-32.37,-32.37,33.68,33.68,False,False,False,False,False,False,False,False,False,2026-09-11
1956,1956.HK,WENGE AI,中科闻歌,138.33,200,Equity,Equity Securities (Main Board),79.3,77.7,82.85,75.25,222400,17.64,82.18,82.485,-3.5,-3.86,2.12,-6.71,-12.08,125.0,125.0,125.0,125.0,125.0,-33.72,-33.72,-33.72,36.56,36.56,False,False,False,False,False,False,False,False,False,2026-09-11
1958,1958.HK,BAIC MOTOR,北京汽车,17.64,500,Equity,Equity Securities (Main Board),0.7,0.71,0.715,0.685,3586728,2.51,0.724,0.744,-3.31,-5.91,-1.41,-6.67,-9.68,1.99,2.82,12.58,1.99,2.82,-64.07,-74.65,-94.32,64.82,75.18,False,False,False,False,False,False,False,False,False,2026-09-11
1959,1959.HK,ZHONG JU INVEST,中聚投资,24.65,"2,000",Equity,Equity Securities (Main Board),4.65,4.3,4.67,4.3,56000,0.26,4.467,4.44,4.1,4.73,1.2,6.53,3.33,5.3,5.3,5.3,5.3,5.3,-11.89,-11.89,-11.89,12.26,12.26,False,False,True,True,False,False,False,False,False,2026-09-11
1960,1960.HK,TBKS HLDGS,TBKS HLDGS,3.55,"5,000",Equity,Equity Securities (Main Board),0.355,0.355,0.355,0.355,215000,0.08,0.364,0.361,-2.47,-1.66,0.0,-4.05,-1.39,0.68,0.68,0.97,0.68,0.68,-47.79,-47.79,-63.4,47.79,47.79,False,False,False,False,False,False,False,False,False,2026-09-11
1962,1962.HK,EVERGREEN PG,训修实业,2.9,"2,000",Equity,Equity Securities (Main Board),0.47,0.475,0.485,0.47,96000,0.05,0.482,0.488,-2.49,-3.69,-3.09,-2.08,-6.0,0.57,0.7,4.0,0.57,0.7,-14.91,-30.71,-87.87,17.54,32.86,False,False,False,False,False,False,False,False,False,2026-09-11
1963,1963.HK,BCQ,重庆银行,136.59,500,Equity,Equity Securities (Main Board),8.65,8.635,8.695,8.55,1696500,14.67,8.539,8.517,1.3,1.56,0.17,1.65,-0.29,8.81,8.92,8.92,8.81,8.92,-1.31,-2.52,-2.52,1.82,3.03,False,False,False,False,False,False,False,True,True,2026-09-11
1966,1966.HK,CHINA SCE GROUP,中骏集团控股,1.94,"1,000",Equity,Equity Securities (Main Board),0.046,0.046,0.046,0.046,13000,0.0,0.048,0.046,-4.56,0.88,0.0,-9.8,-4.17,0.09,0.48,4.9,0.09,0.48,-49.45,-90.42,-99.06,49.45,90.42,False,False,False,False,False,False,False,False,False,2026-09-11
1968,1968.HK,HINGTEX HLDGS,兴纺控股,1.06,"4,000",Equity,Equity Securities (Main Board),0.166,0.164,0.173,0.164,92000,0.02,0.166,0.166,-0.0,0.12,-2.35,1.84,1.84,0.25,0.25,3.55,0.25,0.25,-30.8,-30.8,-95.13,33.6,33.6,False,False,False,False,False,False,False,False,False,2026-09-11
1969,1969.HK,CHINA CHUNLAI,中国春来,11.28,"1,000",Equity,Equity Securities (Main Board),0.94,0.98,0.98,0.94,266000,0.25,0.971,0.988,-3.19,-4.86,-3.59,-4.08,-5.53,5.59,427.0,427.0,5.59,427.0,-82.47,-99.77,-99.77,83.18,99.78,False,False,False,False,False,False,False,False,False,2026-09-11
1970,1970.HK,IMAX CHINA,IMAX CHINA,28.84,100,Equity,Equity Securities (Main Board),8.485,8.45,8.55,8.4,3800,0.03,8.486,8.516,-0.01,-0.36,0.47,-0.18,-0.18,9.1,9.81,42.1,9.1,9.81,-6.04,-12.84,-79.69,6.76,13.51,False,False,False,False,False,False,False,True,False,2026-09-11
1971,1971.HK,RSUN SER,弘阳服务,1.31,"1,000",Equity,Equity Securities (Main Board),0.315,0.29,0.315,0.29,25000,0.01,0.317,0.318,-0.63,-1.1,-3.08,1.61,-3.08,0.42,0.64,7.72,0.42,0.64,-25.0,-50.78,-95.92,25.0,50.78,False,False,False,False,False,False,False,False,False,2026-09-11
1972,1972.HK,SWIREPROPERTIES,太古地产,1404.83,200,Equity,Equity Securities (Main Board),24.4,24.38,24.56,24.1,2036628,49.69,24.612,24.398,-0.86,0.01,-0.97,-1.45,-1.45,27.18,27.18,34.65,27.18,27.18,-9.64,-9.64,-29.12,10.23,10.23,False,False,False,False,False,False,False,False,False,2026-09-11
1973,1973.HK,TIAN TU CAPITAL,天图投资,3.25,400,Equity,Equity Securities (Main Board),1.875,1.99,2.0,1.875,50400,0.09,1.836,1.87,2.12,0.29,-3.85,1.08,-3.85,3.55,6.8,6.8,3.55,6.8,-43.66,-70.59,-70.59,47.18,72.43,False,False,False,False,False,False,False,False,False,2026-09-11
1975,1975.HK,SUN HING PRINT,新兴印刷,2.47,"4,000",Equity,Equity Securities (Main Board),0.515,0.515,0.52,0.5,1440000,0.74,0.483,0.465,6.63,10.87,5.1,11.96,10.75,0.53,0.81,1.45,0.53,0.81,-1.89,-35.8,-64.14,2.83,36.42,False,False,False,False,False,False,False,True,False,2026-09-11
1977,1977.HK,ANALOGUE HLDGS,安乐工程,13.02,"2,000",Equity,Equity Securities (Main Board),0.93,0.93,0.93,0.93,34000,0.03,0.973,0.986,-4.42,-5.63,-4.12,-6.06,-6.53,1.09,1.42,2.19,1.09,1.42,-14.68,-34.51,-57.53,14.68,34.51,False,False,False,False,False,False,False,False,False,2026-09-11
1978,1978.HK,LH GROUP,叙福楼集团,1.82,"2,000",Equity,Equity Securities (Main Board),0.227,0.244,0.244,0.211,68000,0.02,0.219,0.226,3.46,0.35,4.61,3.65,2.71,0.37,1.31,2.12,0.37,1.31,-34.05,-81.37,-88.49,38.65,82.67,False,False,False,True,False,False,False,False,False,2026-09-11
1979,1979.HK,TEN PAO GROUP,天宝集团,16.25,"4,000",Equity,Equity Securities (Main Board),1.57,1.61,1.61,1.56,200000,0.31,1.619,1.659,-3.03,-5.39,-2.18,-3.98,-6.27,3.38,3.38,3.38,3.38,3.38,-52.37,-52.37,-52.37,53.55,53.55,False,False,False,False,False,False,False,False,False,2026-09-11
1980,1980.HK,TIANGE,天鸽互动,7.24,"1,000",Equity,Equity Securities (Main Board),0.655,0.67,0.67,0.62,503000,0.33,0.663,0.643,-1.21,1.87,-2.96,-0.76,2.34,0.85,0.85,7.9,0.85,0.85,-21.18,-21.18,-91.52,22.94,22.94,False,False,False,False,False,False,False,False,False,2026-09-11
1981,1981.HK,CATHAY GP HLDGS,华夏控股,11.25,"1,000",Equity,Equity Securities (Main Board),0.68,0.68,0.685,0.68,219000,0.15,0.681,0.684,-0.15,-0.58,0.0,-0.73,-1.45,1.11,1.99,8.96,1.11,1.99,-38.29,-65.58,-92.35,38.74,65.83,False,False,False,False,False,False,False,False,False,2026-09-11
1982,1982.HK,NAMESON HLDGS,南旋控股,17.78,"2,000",Equity,Equity Securities (Main Board),0.78,0.78,0.78,0.78,100000,0.08,0.78,0.788,-0.0,-1.02,0.0,0.65,0.0,1.22,1.22,3.53,1.22,1.22,-36.07,-36.07,-77.9,36.07,36.07,False,False,False,False,False,False,False,False,False,2026-09-11
1985,1985.HK,MICROWARE,美高域,8.01,"2,000",Equity,Equity Securities (Main Board),2.615,2.6,2.6,2.6,2000,0.01,2.662,2.795,-1.77,-6.44,-0.19,-1.69,-9.83,4.0,4.0,4.0,4.0,4.0,-35.0,-35.0,-35.0,34.62,34.62,False,False,False,False,False,False,False,False,False,2026-09-11
1986,1986.HK,TSAKER NE,彩客新能源,9.29,500,Equity,Equity Securities (Main Board),0.96,1.0,1.0,0.96,586000,0.56,0.976,0.973,-1.64,-1.29,-3.03,-2.04,0.0,1.24,1.24,6.5,1.24,1.24,-19.35,-19.35,-84.62,22.58,22.58,False,False,False,False,False,False,False,False,False,2026-09-11
1988,1988.HK,MINSHENG BANK,民生银行,288.71,500,Equity,Equity Securities (Main Board),3.47,3.56,3.58,3.47,76650517,265.98,3.52,3.539,-1.42,-1.94,-2.66,-2.66,-3.88,4.27,5.55,7.9,4.27,5.55,-16.16,-35.5,-54.68,18.74,37.48,False,False,False,False,False,False,False,False,False,2026-09-11
1989,1989.HK,DELTON,广合科技,57.41,100,Equity,Equity Securities (Main Board),124.8,124.0,127.2,121.1,631600,78.82,126.76,122.92,-1.55,1.53,-2.5,-1.03,12.43,222.0,222.0,222.0,222.0,222.0,-42.7,-42.7,-42.7,43.78,43.78,False,False,False,False,False,False,False,False,False,2026-09-11
1991,1991.HK,TA YANG GROUP,大洋集团,1.17,"10,000",Equity,Equity Securities (Main Board),0.68,0.7,0.72,0.66,440000,0.3,0.716,0.736,-5.03,-7.61,-2.86,-9.33,-8.72,1.02,2.5,10.92,1.02,2.5,-29.41,-71.2,-93.41,33.33,72.8,False,False,False,False,False,False,False,False,False,2026-09-11
1993,1993.HK,ASIARAY,雅仕维,2.33,500,Equity,Equity Securities (Main Board),0.48,0.45,0.48,0.43,18000,0.01,0.48,0.522,-0.0,-7.96,2.13,-2.04,-14.29,0.85,1.67,9.7,0.85,1.67,-43.53,-71.26,-95.05,43.53,71.26,False,False,False,False,False,False,False,False,False,2026-09-11
1995,1995.HK,ES SERVICES,永升服务,29.88,"2,000",Equity,Equity Securities (Main Board),1.75,1.75,1.76,1.73,1130000,1.98,1.794,1.82,-2.45,-3.82,-0.85,-4.63,-6.67,2.08,3.06,26.05,2.08,3.06,-15.38,-42.48,-93.24,15.87,42.81,False,False,False,False,False,False,False,False,False,2026-09-11
1996,1996.HK,RSUN PPT,弘阳地产,0.97,"1,000",Equity,Equity Securities (Main Board),0.029,0.035,0.035,0.029,45000,0.0,0.03,0.03,-2.68,-3.97,-3.33,-3.33,-12.12,0.05,0.32,3.62,0.05,0.32,-30.0,-89.06,-99.03,42.0,90.94,False,False,False,False,False,False,False,False,False,2026-09-11
1997,1997.HK,WHARF REIC,九龙仓置业,938.8,"1,000",Equity,Equity Securities (Main Board),30.92,31.1,31.48,30.9,5262069,162.7,31.328,31.27,-1.3,-1.12,-1.28,-1.47,-1.9,34.82,34.82,65.15,34.82,34.82,-9.59,-9.59,-51.68,11.2,11.2,False,False,False,False,False,False,False,False,False,2026-09-11
1999,1999.HK,MAN WAH HLDGS,敏华控股,106.86,400,Equity,Equity Securities (Main Board),2.78,3.05,3.05,2.775,51799299,144.0,2.974,3.027,-6.52,-8.16,-4.3,-10.61,-9.0,5.2,7.84,22.75,5.2,7.84,-41.35,-61.1,-86.59,46.54,64.54,False,False,False,False,False,False,False,False,False,2026-09-11
2000,2000.HK,SIM TECH,晨讯科技,5.83,"2,000",Equity,Equity Securities (Main Board),0.275,0.265,0.275,0.255,312000,0.09,0.26,0.257,5.77,6.8,5.77,10.0,3.77,0.37,0.5,0.62,0.37,0.5,-24.66,-45.0,-55.65,24.66,45.0,False,False,False,True,False,False,False,False,False,2026-09-11
2001,2001.HK,NEW HIGHER EDU,新高教集团,9.76,"1,000",Equity,Equity Securities (Main Board),0.495,0.49,0.51,0.485,1447000,0.72,0.5,0.516,-1.0,-4.07,-1.98,-1.0,-6.6,0.97,2.8,8.52,0.97,2.8,-47.42,-81.79,-94.01,48.97,82.32,False,False,False,False,False,False,False,False,False,2026-09-11
2002,2002.HK,SUNSHINE PAPER,阳光纸业,11.72,"2,000",Equity,Equity Securities (Main Board),1.1,1.1,1.1,1.08,220000,0.24,1.112,1.085,-1.08,1.38,1.85,-1.79,-0.45,1.45,3.33,3.63,1.45,3.33,-24.14,-66.97,-69.7,24.14,66.97,False,False,False,False,False,False,False,False,False,2026-09-11
2003,2003.HK,VCREDIT,维信金科,4.6,200,Equity,Equity Securities (Main Board),0.94,0.91,0.94,0.91,7600,0.01,0.926,0.918,1.51,2.4,3.3,-2.08,3.3,2.64,4.72,22.65,2.64,4.72,-64.39,-80.08,-95.85,64.39,80.08,False,False,False,True,False,False,False,False,False,2026-09-11
2005,2005.HK,SSY GROUP,石四药集团,75.76,"2,000",Equity,Equity Securities (Main Board),2.62,2.62,2.65,2.59,4726000,12.38,2.681,2.703,-2.28,-3.09,-0.57,-3.5,-4.03,3.15,5.2,9.46,3.15,5.2,-15.87,-49.04,-71.99,16.83,49.62,False,False,False,False,False,False,False,False,False,2026-09-11
2007,2007.HK,COUNTRY GARDEN,碧桂园,80.84,"1,000",Equity,Equity Securities (Main Board),0.173,0.18,0.181,0.17,341364450,59.06,0.188,0.189,-7.88,-8.32,-3.89,-13.5,-13.07,0.43,1.22,17.88,0.43,1.22,-57.91,-85.16,-98.99,59.77,85.82,False,False,False,False,False,False,False,False,False,2026-09-11
2008,2008.HK,PHOENIX TV,凤凰卫视,6.39,"1,000",Equity,Equity Securities (Main Board),1.28,1.255,1.255,1.255,8000,0.01,1.369,1.312,-6.5,-2.4,-8.57,-8.57,-5.19,2.02,2.9,18.0,2.02,2.9,-37.87,-56.72,-93.03,36.63,55.86,False,False,False,False,False,False,False,False,False,2026-09-11
2009,2009.HK,BBMG,金隅集团,14.03,"1,000",Equity,Equity Securities (Main Board),0.6,0.6,0.605,0.595,6438000,3.86,0.606,0.608,-0.99,-1.23,-1.64,-1.64,-2.44,0.96,1.1,5.25,0.96,1.1,-36.98,-45.0,-88.48,37.5,45.45,False,False,False,False,False,False,False,False,False,2026-09-11
2012,2012.HK,SUNSHINE OIL,阳光油砂,1.21,"1,000",Equity,Equity Securities (Main Board),0.17,0.173,0.173,0.16,805000,0.14,0.172,0.18,-0.93,-5.35,9.68,-5.56,-5.56,0.51,1.48,31.5,0.51,1.48,-66.08,-88.31,-99.45,66.67,88.51,False,False,False,False,False,False,False,False,False,2026-09-11
2013,2013.HK,WEIMOB INC,微盟集团,34.3,"1,000",Equity,Equity Securities (Main Board),0.83,0.835,0.835,0.81,30597000,25.4,0.884,0.938,-6.11,-11.47,-0.6,-8.79,-14.87,2.62,3.96,33.5,2.62,3.96,-68.13,-78.91,-97.51,68.32,79.04,False,False,False,False,False,False,False,False,False,2026-09-11
2015,2015.HK,LI AUTO-W,理想汽车－Ｗ,754.77,100,Equity,Equity Securities (Main Board),46.34,45.74,46.44,45.38,7974842,369.55,48.032,47.51,-3.52,-2.46,-0.3,-6.04,-3.09,78.9,182.9,185.5,78.9,182.9,-41.14,-74.61,-74.96,41.27,74.66,False,False,False,False,False,False,False,False,False,2026-09-11
2016,2016.HK,CZBANK,浙商银行,145.04,"1,000",Equity,Equity Securities (Main Board),2.45,2.42,2.45,2.395,16747310,41.03,2.435,2.424,0.62,1.07,0.62,0.2,0.0,2.69,3.14,4.85,2.69,3.14,-8.92,-21.97,-49.44,8.92,21.97,False,False,False,True,False,False,False,True,False,2026-09-11
2017,2017.HK,CHANHIGH,沧海控股,3.4,"2,000",Equity,Equity Securities (Main Board),0.55,0.545,0.575,0.54,216000,0.12,0.611,0.591,-9.98,-6.86,-3.51,-20.86,-23.61,0.75,0.75,2.28,0.75,0.75,-23.33,-23.33,-74.78,26.67,26.67,False,False,False,False,False,False,False,False,False,2026-09-11
2018,2018.HK,AAC TECH,瑞声科技,484.95,500,Equity,Equity Securities (Main Board),42.0,41.3,42.66,40.6,4370680,183.57,42.076,42.746,-0.18,-1.75,1.2,2.69,-2.23,50.35,54.8,185.0,50.35,54.8,-15.27,-22.15,-76.94,16.58,23.36,False,False,False,False,False,False,False,False,False,2026-09-11
2020,2020.HK,ANTA SPORTS,安踏体育,2026.18,200,Equity,Equity Securities (Main Board),72.45,72.05,73.15,72.05,7173266,519.7,73.96,75.42,-2.04,-3.94,0.56,-4.61,-4.8,88.8,107.5,191.9,88.8,107.5,-17.62,-31.95,-61.88,18.41,32.6,False,False,False,False,False,False,False,False,False,2026-09-11
2022,2022.HK,DIGIT HOLLYWOOD,游莱互动,0.98,"4,000",Equity,Equity Securities (Main Board),0.049,0.045,0.049,0.045,248000,0.01,0.048,0.048,2.51,2.94,2.08,-2.0,-2.0,0.08,0.17,1.51,0.08,0.17,-34.67,-71.35,-96.75,34.67,71.35,False,False,False,True,False,False,False,False,False,2026-09-11
2023,2023.HK,CHINA LUDAO,中国绿岛科技,3.69,"4,000",Equity,Equity Securities (Main Board),0.75,0.755,0.755,0.755,4000,0.0,0.762,0.767,-1.57,-2.28,0.0,-3.23,-3.85,0.82,1.37,2.1,0.82,1.37,-7.93,-44.89,-64.05,8.54,45.26,False,False,False,False,False,False,False,True,False,2026-09-11
2025,2025.HK,RUIFENG POWER,瑞丰动力,97.6,"2,000",Equity,Equity Securities (Main Board),12.2,12.13,12.2,12.04,412000,5.03,12.144,12.172,0.46,0.23,0.83,0.49,2.95,23.78,23.78,23.78,23.78,23.78,-48.7,-48.7,-48.7,48.7,48.7,False,False,False,True,False,False,False,False,False,2026-09-11
2026,2026.HK,PONY-W,小马智行－Ｗ,181.96,100,Equity,Equity Securities (Main Board),51.5,52.25,53.6,51.05,1339314,68.97,53.8,54.74,-4.28,-5.92,-2.37,-7.37,-10.82,136.9,136.9,136.9,136.9,136.9,-60.85,-60.85,-60.85,62.38,62.38,False,False,False,False,False,False,False,False,False,2026-09-11
2028,2028.HK,JOLIMARK,映美控股,29.31,"2,000",Equity,Equity Securities (Main Board),3.415,3.28,3.535,3.18,20017000,68.36,3.351,2.684,1.91,27.24,5.73,3.48,70.32,4.26,4.26,4.26,4.26,4.26,-16.92,-16.92,-16.92,19.74,19.74,False,False,False,False,False,False,False,False,False,2026-09-11
2030,2030.HK,CABBEEN,卡宾,8.62,"1,000",Equity,Equity Securities (Main Board),1.29,1.29,1.3,1.29,14000,0.02,1.284,1.284,0.47,0.47,0.78,0.78,0.78,1.55,1.95,4.32,1.55,1.95,-16.13,-33.33,-69.91,16.77,33.85,False,False,False,False,False,False,False,False,False,2026-09-11
2038,2038.HK,FIH,富智康集团,128.59,"1,000",Equity,Equity Securities (Main Board),16.41,16.95,16.95,16.14,244050,4.0,16.66,16.573,-1.5,-0.98,-1.97,0.0,-0.24,31.46,31.46,33.4,31.46,31.46,-46.12,-46.12,-49.25,47.84,47.84,False,False,False,False,False,False,False,False,False,2026-09-11
2039,2039.HK,CIMC,中集集团,235.52,100,Equity,Equity Securities (Main Board),7.825,8.0,8.0,7.68,1839401,14.39,8.047,7.932,-2.76,-1.34,-2.92,-3.34,-4.81,12.8,12.8,12.8,12.8,12.8,-37.5,-37.5,-37.5,38.87,38.87,False,False,False,False,False,False,False,False,False,2026-09-11
2048,2048.HK,E-HOUSE ENT,易居企业控股,1.36,300,Equity,Equity Securities (Main Board),0.078,0.078,0.081,0.072,13865100,1.08,0.083,0.08,-5.57,-2.26,-3.7,-1.27,-20.41,0.13,0.6,15.34,0.13,0.6,-39.55,-86.5,-99.47,41.79,87.0,False,False,False,False,False,False,False,False,False,2026-09-11
2050,2050.HK,SANHUA,三花智控,116.37,100,Equity,Equity Securities (Main Board),24.42,24.52,24.52,23.88,5059832,123.56,25.06,24.988,-2.55,-2.27,-0.73,-3.02,-0.97,41.36,46.48,46.48,41.36,46.48,-40.72,-47.25,-47.25,40.96,47.46,False,False,False,False,False,False,False,False,False,2026-09-11
2051,2051.HK,VALA,VALA,6.28,"10,000",Equity,Equity Securities (Main Board),0.385,0.395,0.395,0.365,1830000,0.7,0.384,0.383,0.26,0.39,0.0,0.0,-3.75,0.73,0.87,9.55,0.73,0.87,-45.89,-54.6,-95.86,47.26,55.75,False,False,False,True,False,False,False,False,False,2026-09-11
2057,2057.HK,ZTO EXPRESS-W,中通快递－Ｗ,889.55,50,Equity,Equity Securities (Main Board),162.4,164.3,164.3,161.3,2052119,333.26,163.34,163.87,-0.58,-0.9,-1.52,0.12,-1.52,205.6,219.0,299.0,205.6,219.0,-20.09,-24.98,-45.05,21.01,25.84,False,False,False,False,False,False,False,False,False,2026-09-11
2068,2068.HK,CHALIECO,中铝国际,7.05,"1,000",Equity,Equity Securities (Main Board),1.765,1.78,1.78,1.74,880000,1.55,1.796,1.804,-1.73,-2.19,-1.67,-2.75,-2.49,3.43,3.5,4.34,3.43,3.5,-48.1,-49.14,-58.99,48.54,49.57,False,False,False,False,False,False,False,False,False,2026-09-11
2076,2076.HK,BOSS ZHIPIN-W,ＢＯＳＳ直聘－Ｗ,525.58,100,Equity,Equity Securities (Main Board),63.9,63.5,64.15,63.4,12900,0.82,64.68,66.45,-1.21,-3.84,1.59,-2.81,-4.13,83.15,97.8,98.95,83.15,97.8,-22.85,-34.41,-35.17,23.15,34.66,False,False,False,False,False,False,False,False,False,2026-09-11
2078,2078.HK,PANASIALUM,荣阳实业,1.63,"1,000",Equity,Equity Securities (Main Board),0.136,0.138,0.138,0.138,4000,0.0,0.134,0.13,1.64,4.94,0.74,1.49,4.62,0.16,0.24,1.2,0.16,0.24,-13.75,-42.5,-88.5,15.0,43.33,False,False,False,False,False,False,False,False,False,2026-09-11
2080,2080.HK,AUX INTL,奥克斯国际,1.58,"2,000",Equity,Equity Securities (Main Board),0.32,0.32,0.32,0.32,12000,0.0,0.324,0.323,-1.23,-0.93,1.59,-3.03,3.23,0.43,0.78,2.45,0.43,0.78,-25.58,-58.97,-86.94,25.58,58.97,False,False,False,False,False,False,False,False,False,2026-09-11
2096,2096.HK,SIMCERE PHARMA,先声药业,283.79,"1,000",Equity,Equity Securities (Main Board),11.05,11.17,11.2,10.93,7765000,85.8,11.41,11.437,-3.16,-3.38,-1.52,-4.99,-4.99,14.28,15.08,15.08,14.28,15.08,-21.57,-25.73,-25.73,22.62,26.72,False,False,False,False,False,False,False,False,False,2026-09-11
2097,2097.HK,MIXUE GROUP,蜜雪集团,294.98,100,Equity,Equity Securities (Main Board),195.5,193.7,196.5,191.6,161712,31.61,199.6,203.8,-2.05,-4.07,1.14,-3.69,-5.19,464.0,618.5,618.5,464.0,618.5,-57.65,-68.23,-68.23,57.87,68.39,False,False,False,False,False,False,False,False,False,2026-09-11
2098,2098.HK,ZALL SMARTCOM,卓尔智联,9.3,"1,000",Equity,Equity Securities (Main Board),0.075,0.068,0.075,0.068,5000,0.0,0.076,0.073,-0.79,2.04,0.0,-1.32,-2.6,0.12,0.47,11.76,0.12,0.47,-35.9,-84.21,-99.36,35.9,84.21,False,False,False,False,False,False,False,False,False,2026-09-11
2099,2099.HK,CHINAGOLDINTL,中国黄金国际,1056.84,100,Equity,Equity Securities (Main Board),266.6,256.8,268.4,253.4,2247381,599.15,267.72,262.28,-0.42,1.65,-1.62,0.23,2.7,280.6,280.6,280.6,280.6,280.6,-4.35,-4.35,-4.35,4.99,4.99,False,False,False,False,False,False,False,True,True,2026-09-11
2100,2100.HK,BAIOO,百奥家庭互动,7.86,"2,000",Equity,Equity Securities (Main Board),0.275,0.265,0.275,0.265,176000,0.05,0.282,0.288,-2.48,-4.68,0.0,-5.17,-6.78,0.57,0.84,3.25,0.57,0.84,-51.75,-67.26,-91.54,51.75,67.26,False,False,False,False,False,False,False,False,False,2026-09-11
2101,2101.HK,FULU HOLDINGS,福禄控股,3.82,500,Equity,Equity Securities (Main Board),0.94,0.94,0.98,0.94,19500,0.02,0.945,0.963,-0.53,-2.44,0.0,0.0,-3.59,1.53,3.89,12.44,1.53,3.89,-35.95,-74.81,-92.12,38.56,75.84,False,False,False,False,False,False,False,False,False,2026-09-11
2102,2102.HK,TAK LEE MACH,德利机械,3.25,"10,000",Equity,Equity Securities (Main Board),0.325,0.325,0.325,0.325,80000,0.03,0.323,0.318,0.62,2.2,0.0,1.56,0.0,0.38,0.38,0.51,0.38,0.38,-13.33,-13.33,-36.27,13.33,13.33,False,False,False,False,False,False,False,False,False,2026-09-11
2105,2105.HK,LAEKNA-B,来凯医药－Ｂ,27.19,500,Equity,Equity Securities (Main Board),6.015,6.3,6.4,6.0,1046000,6.29,6.507,6.622,-7.56,-9.17,-4.52,-11.28,-16.34,19.36,26.45,26.45,19.36,26.45,-66.94,-75.8,-75.8,68.93,77.26,False,False,False,False,False,False,False,False,False,2026-09-11
2108,2108.HK,K2 F&B,K2 F&B,3.2,"4,000",Equity,Equity Securities (Main Board),0.4,0.4,0.4,0.39,88000,0.04,0.4,0.391,0.0,2.43,0.0,-2.44,6.67,0.54,0.54,0.9,0.54,0.54,-25.93,-25.93,-55.56,25.93,25.93,False,False,False,False,False,False,False,False,False,2026-09-11
2111,2111.HK,BEST PACIFIC,超盈国际控股,27.61,"2,000",Equity,Equity Securities (Main Board),2.655,2.66,2.72,2.64,498000,1.32,2.686,2.656,-1.15,-0.02,-2.75,-0.75,0.0,3.48,3.74,7.47,3.48,3.74,-21.84,-27.27,-63.59,23.71,29.01,False,False,False,False,False,False,False,False,False,2026-09-11
2112,2112.HK,GRACE LIFE-TECH,恩典生命科技,0.54,"2,000",Equity,Equity Securities (Main Board),0.036,0.037,0.037,0.037,30000,0.0,0.036,0.035,0.56,1.98,-2.7,2.86,5.88,0.09,0.53,2.06,0.09,0.53,-59.78,-93.02,-98.2,60.87,93.21,False,False,False,False,False,False,False,False,False,2026-09-11
2113,2113.HK,CENTURY GP INTL,世纪集团国际,3.66,"5,000",Equity,Equity Securities (Main Board),0.455,0.44,0.495,0.34,97205000,44.23,0.398,0.339,14.32,34.22,2.25,21.33,40.0,0.48,0.48,1.03,0.5,0.5,3.13,3.13,-51.94,8.08,8.08,False,False,False,False,True,True,False,True,True,2026-09-11
2116,2116.HK,JS INNOV,江苏创新,3.41,"2,000",Equity,Equity Securities (Main Board),0.71,0.715,0.715,0.69,70000,0.05,0.707,0.71,0.42,-0.07,-0.7,0.71,0.0,0.88,0.88,1.29,0.88,0.88,-18.75,-18.75,-44.57,19.32,19.32,False,False,True,False,False,False,False,False,False,2026-09-11
2119,2119.HK,TSIT WING INTL,捷荣国际控股,3.24,"2,000",Equity,Equity Securities (Main Board),0.45,0.45,0.45,0.45,8000,0.0,0.456,0.456,-1.32,-1.21,0.0,-2.17,0.0,0.55,0.86,2.85,0.55,0.86,-18.18,-47.67,-84.21,18.18,47.67,False,False,False,False,False,False,False,False,False,2026-09-11
2120,2120.HK,KN HOSPITAL,康宁医院,2.66,100,Equity,Equity Securities (Main Board),9.89,9.89,9.89,9.89,2900,0.03,9.802,9.939,0.9,-0.49,-0.1,-0.1,-1.1,10.19,15.9,55.0,10.19,15.9,-2.94,-37.8,-82.02,2.94,37.8,False,False,False,False,False,False,False,True,False,2026-09-11
2121,2121.HK,AINNOVATION,创新奇智,18.68,100,Equity,Equity Securities (Main Board),3.38,3.995,4.055,3.38,5903846,19.96,3.898,3.897,-13.29,-13.28,-19.33,-15.39,-13.78,7.33,16.2,27.5,7.33,16.2,-44.68,-74.97,-85.25,53.89,79.14,False,False,False,False,False,False,False,False,False,2026-09-11
2122,2122.HK,KIDSLAND INTL,凯知乐国际,1.22,"2,000",Equity,Equity Securities (Main Board),0.09,0.093,0.093,0.082,106000,0.01,0.089,0.089,0.67,0.9,2.27,1.12,-2.17,0.31,0.4,1.82,0.31,0.4,-69.51,-76.46,-94.89,70.49,77.22,False,False,False,True,False,False,False,False,False,2026-09-11
2126,2126.HK,JW THERAP-B,药明巨诺－Ｂ,8.17,500,Equity,Equity Securities (Main Board),1.96,2.02,2.02,1.96,609000,1.19,2.013,2.009,-2.63,-2.44,-2.97,-5.54,1.03,3.18,6.44,52.8,3.18,6.44,-36.48,-68.63,-96.17,38.36,69.57,False,False,False,False,False,False,False,False,False,2026-09-11
2128,2128.HK,CHINA LESSO,中国联塑,99.12,"1,000",Equity,Equity Securities (Main Board),3.195,3.275,3.335,3.185,6722951,21.48,3.333,3.385,-4.14,-5.61,-3.47,-4.91,-7.53,7.14,7.14,21.6,7.14,7.14,-53.29,-53.29,-84.56,55.25,55.25,False,False,False,False,False,False,False,False,False,2026-09-11
2129,2129.HK,LEGION CONSO,LEGION CONSO,2.9,"5,000",Equity,Equity Securities (Main Board),0.232,0.224,0.232,0.224,350000,0.08,0.23,0.227,0.87,2.02,4.04,-0.43,0.87,0.27,0.27,0.49,0.27,0.27,-14.07,-14.07,-52.16,14.07,14.07,False,False,False,True,False,False,False,False,False,2026-09-11
2130,2130.HK,CN LOGISTICS,嘉泓物流,9.32,"1,000",Equity,Equity Securities (Main Board),3.1,3.1,3.1,3.1,2000,0.01,3.097,3.097,0.1,0.08,0.49,0.0,0.0,3.47,6.86,11.26,3.47,6.86,-10.66,-54.81,-72.47,10.66,54.81,False,False,False,False,False,False,False,False,False,2026-09-11
2132,2132.HK,LANDRICH HLDG,誉燊丰控股,2.54,"8,000",Equity,Equity Securities (Main Board),0.159,0.152,0.155,0.151,64000,0.01,0.158,0.161,0.51,-1.3,2.58,-0.63,-2.45,0.18,0.44,0.48,0.18,0.44,-15.76,-65.17,-67.71,13.59,64.27,False,False,False,False,False,False,False,False,False,2026-09-11
2135,2135.HK,RAILY AESMED,瑞丽医美,0.61,"10,000",Equity,Equity Securities (Main Board),0.11,0.116,0.116,0.11,180000,0.02,0.117,0.117,-5.66,-6.06,-9.09,-3.51,-5.17,0.18,0.54,4.56,0.18,0.54,-36.96,-78.65,-97.46,40.22,79.76,False,False,False,False,False,False,False,False,False,2026-09-11
2136,2136.HK,LIFESTYLE CHI,利福中国,8.64,500,Equity,Equity Securities (Main Board),0.59,0.585,0.59,0.58,213500,0.13,0.59,0.59,0.0,-0.08,0.0,0.0,0.85,1.13,1.16,4.07,1.13,1.16,-47.79,-49.14,-85.5,47.79,49.14,False,False,False,False,False,False,False,False,False,2026-09-11
2137,2137.HK,BRII-B,腾盛博药－Ｂ,6.43,500,Equity,Equity Securities (Main Board),0.89,0.935,0.935,0.87,1050000,0.93,0.906,0.912,-1.77,-2.36,-2.2,-4.3,-4.3,1.7,3.5,52.6,1.7,3.5,-45.0,-73.29,-98.22,47.65,74.57,False,False,False,False,False,False,False,False,False,2026-09-11
2138,2138.HK,EC HEALTHCARE,医思健康,6.04,"1,000",Equity,Equity Securities (Main Board),0.51,0.455,0.53,0.455,5555812,2.83,0.451,0.435,13.08,17.24,12.09,20.0,17.24,0.72,3.65,16.26,0.72,3.65,-26.39,-85.48,-96.74,29.17,86.03,True,False,False,False,False,False,False,False,False,2026-09-11
2139,2139.HK,BANK OF GANSU,甘肃银行,9.48,"1,000",Equity,Equity Securities (Main Board),0.25,0.255,0.255,0.246,1346000,0.34,0.257,0.255,-2.72,-1.85,-3.85,-1.96,1.21,0.42,0.74,3.34,0.42,0.74,-39.29,-65.54,-92.37,40.48,66.22,False,False,False,False,False,False,False,False,False,2026-09-11
2142,2142.HK,HBM HOLDINGS-B,和铂医药－Ｂ,112.05,"1,000",Equity,Equity Securities (Main Board),12.89,14.0,14.01,12.7,16888966,217.7,14.11,14.266,-8.65,-9.65,-9.16,-11.41,-12.43,17.07,17.98,17.98,17.07,17.98,-17.93,-22.08,-22.08,24.49,28.31,False,False,False,False,False,False,False,False,False,2026-09-11
2145,2145.HK,CHICMAX,上美股份,45.8,100,Equity,Equity Securities (Main Board),22.5,22.12,22.68,22.04,952200,21.42,22.884,22.402,-1.68,0.44,0.0,-4.66,0.9,81.1,104.8,104.8,81.1,104.8,-72.03,-78.36,-78.36,72.26,78.53,False,False,False,False,False,False,False,False,False,2026-09-11
2146,2146.HK,ROISERV,荣万家,1.87,500,Equity,Equity Securities (Main Board),1.99,2.0,2.0,1.99,37500,0.07,2.002,1.953,-0.6,1.92,-0.5,-0.5,10.56,2.3,2.3,13.2,2.3,2.3,-13.04,-13.04,-84.85,13.48,13.48,False,False,False,False,False,False,False,False,False,2026-09-11
2147,2147.HK,ZHENGWEI GROUP,正味集团,3.06,"4,000",Equity,Equity Securities (Main Board),0.65,0.62,0.755,0.62,2559200,1.66,0.532,0.527,22.15,23.25,7.44,52.43,41.54,1.0,58.0,58.0,1.0,58.0,-24.5,-98.7,-98.7,35.0,98.88,True,False,False,False,False,False,False,False,False,2026-09-11
2149,2149.HK,BATELAB,贝克微,5.94,100,Equity,Equity Securities (Main Board),33.0,32.1,33.5,31.8,431740,14.25,33.108,33.196,-0.33,-0.59,0.61,0.12,-2.65,49.6,80.0,80.0,49.6,80.0,-32.46,-58.13,-58.13,33.47,58.75,False,False,False,False,False,False,False,False,False,2026-09-11
2150,2150.HK,NAYUKI,奈雪的茶,11.59,500,Equity,Equity Securities (Main Board),0.695,0.675,0.7,0.67,875000,0.61,0.677,0.677,2.66,2.73,2.21,3.73,5.3,1.21,4.8,18.98,1.21,4.8,-42.15,-85.42,-96.31,42.56,85.52,False,False,True,True,False,False,False,False,False,2026-09-11
2153,2153.HK,TAT HONG EQUIP,达丰设备,11.32,"2,000",Equity,Equity Securities (Main Board),0.97,0.97,0.97,0.855,82000,0.08,0.907,0.856,6.95,13.25,0.52,8.99,20.5,1.02,1.44,1.92,1.02,1.44,-4.9,-32.64,-49.48,4.9,32.64,False,False,False,True,False,False,False,True,False,2026-09-11
2155,2155.HK,MORIMATSU INTL,森松国际,90.07,"1,000",Equity,Equity Securities (Main Board),7.085,7.0,7.105,6.895,2255000,15.98,7.002,7.062,1.19,0.33,1.21,3.05,1.5,12.08,12.08,15.64,12.08,12.08,-41.18,-41.18,-54.57,41.35,41.35,False,False,False,True,False,False,False,False,False,2026-09-11
2156,2156.HK,C&D PROPERTY,建发物业,37.04,"1,000",Equity,Equity Securities (Main Board),2.63,2.625,2.64,2.59,903000,2.37,2.674,2.647,-1.65,-0.64,-1.31,-3.31,-1.13,3.15,4.19,5.44,3.15,4.19,-16.19,-36.99,-51.47,16.51,37.23,False,False,False,False,False,False,False,False,False,2026-09-11
2157,2157.HK,LEPU BIO,乐普生物,67.4,"1,000",Equity,Equity Securities (Main Board),3.735,3.955,3.975,3.68,13620000,50.87,4.061,4.235,-8.03,-11.81,-5.68,-11.07,-14.14,6.65,10.5,31.8,6.65,10.5,-40.23,-62.14,-87.5,43.83,64.43,False,False,False,False,False,False,False,False,False,2026-09-11
2158,2158.HK,YIDU TECH,医渡科技,35.8,100,Equity,Equity Securities (Main Board),3.51,3.525,3.58,3.45,4536800,15.92,3.644,3.735,-3.68,-6.02,-0.43,-7.75,-11.48,7.05,9.13,69.8,7.05,9.13,-49.22,-60.79,-94.87,50.21,61.56,False,False,False,False,False,False,False,False,False,2026-09-11
2159,2159.HK,MEDIWELCOME,麦迪卫康,5.79,"8,000",Equity,Equity Securities (Main Board),1.72,1.72,1.72,1.68,77600,0.13,1.719,1.721,0.06,-0.03,0.0,1.18,0.0,2.27,2.27,4.81,2.27,2.27,-24.23,-24.23,-64.24,24.23,24.23,False,False,False,False,False,False,False,False,False,2026-09-11
2161,2161.HK,JBM HEALTHCARE,健倍苗苗,13.77,"2,000",Equity,Equity Securities (Main Board),1.675,1.745,1.745,1.67,682000,1.14,1.744,1.802,-3.96,-7.05,-1.76,-5.37,-11.38,2.83,3.43,3.43,2.83,3.43,-38.34,-49.13,-49.13,40.81,51.17,False,False,False,False,False,False,False,False,False,2026-09-11
2162,2162.HK,KEYMED BIO-B,康诺亚－Ｂ,218.23,500,Equity,Equity Securities (Main Board),73.05,73.5,74.8,71.0,2623860,191.67,76.12,76.885,-4.03,-4.99,-0.68,-8.11,-8.4,89.75,89.75,89.75,89.75,89.75,-16.66,-16.66,-16.66,18.61,18.61,False,False,False,False,False,False,False,False,False,2026-09-11
2166,2166.HK,SMART-CORE,芯智控股,23.57,"2,000",Equity,Equity Securities (Main Board),4.02,4.01,4.145,3.895,546100,2.2,4.209,4.44,-4.49,-9.46,-3.02,-5.74,-9.46,6.95,6.95,6.95,6.95,6.95,-40.36,-40.36,-40.36,42.16,42.16,False,False,False,False,False,False,False,False,False,2026-09-11
2167,2167.HK,TI CLOUD,天润云,8.7,200,Equity,Equity Securities (Main Board),5.02,5.02,5.02,4.8,3800,0.02,5.016,4.849,0.08,3.53,0.0,2.14,-1.95,5.3,8.78,15.9,5.3,8.78,-5.19,-42.82,-68.43,5.19,42.82,False,False,False,True,False,False,False,True,False,2026-09-11
2168,2168.HK,KAISA PROSPER,佳兆业美好,1.54,250,Equity,Equity Securities (Main Board),1.0,0.97,1.05,0.97,4750,0.0,1.026,1.034,-2.53,-3.29,2.04,-4.76,-4.76,1.6,3.1,39.95,1.6,3.1,-34.38,-66.13,-97.37,37.5,67.74,False,False,False,False,False,False,False,False,False,2026-09-11
2169,2169.HK,CANGGANGRAILWAY,沧港铁路,21.6,"2,000",Equity,Equity Securities (Main Board),0.54,0.54,0.54,0.54,24000,0.01,0.54,0.541,0.0,-0.09,0.0,0.0,0.0,0.82,3.28,3.28,0.82,3.28,-34.15,-83.51,-83.51,34.15,83.51,False,False,False,False,False,False,False,False,False,2026-09-11
2171,2171.HK,CARSGEN-B,科济药业－Ｂ,74.58,500,Equity,Equity Securities (Main Board),12.55,12.47,13.09,12.22,3270500,41.04,13.022,13.083,-3.62,-4.07,0.64,-6.34,-6.55,28.6,28.6,57.25,28.6,28.6,-54.23,-54.23,-77.14,56.12,56.12,False,False,False,False,False,False,False,False,False,2026-09-11
2175,2175.HK,CH GENERAL EDU,中国通才教育,11.53,"1,000",Equity,Equity Securities (Main Board),2.28,2.355,2.37,2.235,137000,0.31,2.369,2.405,-3.76,-5.2,-3.59,-5.39,-6.75,3.9,5.18,5.18,3.9,5.18,-39.23,-54.25,-54.25,41.54,55.98,False,False,False,False,False,False,False,False,False,2026-09-11
2177,2177.HK,UNQ HOLDINGS,优趣汇控股,3.7,200,Equity,Equity Securities (Main Board),2.23,2.2,2.235,2.2,10200,0.02,2.285,2.335,-2.41,-4.5,0.0,-4.5,-6.3,3.0,3.86,12.5,3.0,3.86,-25.5,-42.1,-82.12,25.67,42.23,False,False,False,False,False,False,False,False,False,2026-09-11
2178,2178.HK,PETRO-KING,百勤油服,4.49,"1,000",Equity,Equity Securities (Main Board),0.26,0.27,0.27,0.255,1857000,0.48,0.257,0.257,1.17,0.97,1.96,0.0,4.0,0.39,0.39,0.68,0.39,0.39,-30.77,-30.77,-60.29,33.33,33.33,False,False,False,True,False,False,False,False,False,2026-09-11
2180,2180.HK,MANPOWER GRC,万宝盛华,10.17,250,Equity,Equity Securities (Main Board),4.9,4.9,4.9,4.9,250,0.0,4.932,4.997,-0.65,-1.94,0.0,-1.41,-1.41,6.7,7.88,14.66,6.7,7.88,-26.87,-37.82,-66.58,26.87,37.82,False,False,False,False,False,False,False,False,False,2026-09-11
2181,2181.HK,MABPHARM-B,迈博药业－Ｂ,17.94,"2,000",Equity,Equity Securities (Main Board),0.435,0.42,0.435,0.42,48000,0.02,0.45,0.447,-3.33,-2.79,-3.33,-2.25,-2.25,0.81,0.94,1.8,0.81,0.94,-46.3,-53.72,-75.83,46.3,53.72,False,False,False,False,False,False,False,False,False,2026-09-11
2182,2182.HK,TIAN CHANG GP,天长集团,2.48,"4,000",Equity,Equity Securities (Main Board),0.4,0.365,0.375,0.35,372000,0.15,0.354,0.345,12.99,16.11,9.59,19.4,19.4,0.38,0.48,1.01,0.38,0.48,-1.32,-21.87,-62.87,0.0,16.67,False,False,True,False,False,False,False,True,False,2026-09-11
2185,2185.HK,BIOHEART-B,百心安－Ｂ,4.03,100,Equity,Equity Securities (Main Board),1.71,1.705,1.745,1.655,49200,0.08,1.742,1.781,-1.84,-3.99,0.29,-6.56,-5.79,6.46,10.77,75.55,6.46,10.77,-72.99,-83.8,-97.69,73.53,84.12,False,False,False,False,False,False,False,False,False,2026-09-11
2186,2186.HK,LUYE PHARMA,绿叶制药,71.9,500,Equity,Equity Securities (Main Board),1.8,1.82,1.82,1.79,16109500,29.0,1.86,1.875,-3.23,-4.03,-1.64,-6.25,-5.01,3.06,4.49,9.86,3.06,4.49,-40.52,-59.47,-81.54,41.18,59.91,False,False,False,False,False,False,False,False,False,2026-09-11
2187,2187.HK,ZHIXIN GP HLDG,智欣集团控股,3.95,"2,000",Equity,Equity Securities (Main Board),0.44,0.41,0.44,0.405,1436000,0.63,0.42,0.42,4.76,4.64,6.02,6.02,8.64,0.99,4.31,10.2,0.99,4.31,-55.56,-89.79,-95.69,55.56,89.79,False,False,True,True,False,False,False,False,False,2026-09-11
2188,2188.HK,TITANS ENERGY,泰坦能源技术,1.04,"2,000",Equity,Equity Securities (Main Board),0.07,0.07,0.07,0.07,100000,0.01,0.069,0.074,1.74,-5.15,1.45,2.94,-1.41,0.19,0.33,1.58,0.19,0.33,-64.1,-78.79,-95.57,64.1,78.79,False,False,False,False,False,False,False,False,False,2026-09-11
2189,2189.HK,KATO (HK) HLDGS,嘉涛（香港）控股,5.0,"4,000",Equity,Equity Securities (Main Board),0.5,0.495,0.5,0.495,152000,0.08,0.493,0.495,1.42,1.01,1.01,1.01,0.0,0.51,0.62,0.7,0.51,0.62,-2.91,-19.35,-28.57,2.91,19.35,False,False,False,False,False,False,False,True,False,2026-09-11
2190,2190.HK,ZYLOXTB,归创通桥,65.76,500,Equity,Equity Securities (Main Board),20.36,20.1,20.48,20.02,1402519,28.56,20.824,21.154,-2.23,-3.75,0.0,-4.14,-7.45,27.62,28.0,60.8,27.62,28.0,-25.85,-26.86,-66.32,26.29,27.29,False,False,False,False,False,False,False,False,False,2026-09-11
2192,2192.HK,MEDLIVE,医脉通,52.26,500,Equity,Equity Securities (Main Board),7.06,6.8,7.06,6.755,2485500,17.55,6.971,7.159,1.28,-1.38,3.82,0.79,0.14,15.01,17.18,47.0,15.01,17.18,-52.96,-58.91,-84.98,52.96,58.91,False,False,False,False,False,False,False,False,False,2026-09-11
2195,2195.HK,UNITY ENT,盈汇企业控股,0.44,"10,000",Equity,Equity Securities (Main Board),0.26,0.255,0.26,0.255,60000,0.02,0.26,0.266,0.0,-2.26,0.0,0.0,0.0,0.47,7.8,12.7,0.47,7.8,-45.26,-96.67,-97.95,45.26,96.67,False,False,False,False,False,False,False,False,False,2026-09-11
2196,2196.HK,FOSUN PHARMA,复星医药,88.0,500,Equity,Equity Securities (Main Board),16.33,16.44,16.5,16.1,6417032,104.79,16.948,16.501,-3.65,-1.04,-1.09,-5.39,0.8,22.18,29.0,82.0,22.18,29.0,-25.61,-43.1,-79.88,26.38,43.69,False,False,False,False,False,False,False,False,False,2026-09-11
2197,2197.HK,CLOVER BIO-B,三叶草生物－Ｂ,24.8,500,Equity,Equity Securities (Main Board),1.91,1.99,1.99,1.89,3397650,6.49,2.066,2.057,-7.55,-7.15,-4.26,-9.05,-9.05,3.2,3.2,14.8,3.2,3.2,-37.81,-37.81,-86.55,40.31,40.31,False,False,False,False,False,False,False,False,False,2026-09-11
2198,2198.HK,CHINA SANJIANG,中国三江化工,49.62,"1,000",Equity,Equity Securities (Main Board),4.17,4.265,4.265,4.06,4925000,20.54,4.145,4.053,0.6,2.89,-2.34,2.96,1.96,5.9,5.9,5.9,5.9,5.9,-27.71,-27.71,-27.71,29.32,29.32,False,False,False,False,False,False,False,False,False,2026-09-11
2199,2199.HK,REGINA MIRACLE,维珍妮,31.22,"1,000",Equity,Equity Securities (Main Board),2.55,2.4,2.62,2.4,324000,0.83,2.56,2.568,-0.39,-0.72,0.79,0.0,-6.42,2.75,3.0,10.9,2.75,3.0,-4.73,-12.67,-75.96,7.27,15.0,False,False,False,False,False,False,False,True,False,2026-09-11
2202,2202.HK,CHINA VANKE,万科企业,49.43,100,Equity,Equity Securities (Main Board),2.24,2.345,2.345,2.225,26136311,58.55,2.365,2.377,-5.29,-5.76,-4.48,-8.76,-10.4,4.14,14.08,42.85,4.14,14.08,-43.36,-83.35,-94.53,45.89,84.09,False,False,False,False,False,False,False,False,False,2026-09-11
2203,2203.HK,BRAINHOLE TECH,脑洞科技,0.97,"10,000",Equity,Equity Securities (Main Board),0.121,0.12,0.12,0.119,340000,0.04,0.123,0.126,-1.63,-4.04,0.83,-3.2,-8.33,0.27,0.93,1.29,0.27,0.93,-55.56,-87.1,-90.7,55.19,86.99,False,False,False,False,False,False,False,False,False,2026-09-11
2208,2208.HK,GOLDWIND,金风科技,70.39,200,Equity,Equity Securities (Main Board),9.14,9.16,9.205,8.96,13278190,121.36,9.176,9.203,-0.39,-0.68,-0.22,-0.27,0.27,18.49,18.49,19.82,18.49,18.49,-50.22,-50.22,-53.56,50.57,50.57,False,False,False,False,False,False,False,False,False,2026-09-11
2209,2209.HK,YESASIA HLDGS,喆丽控股,14.87,"1,000",Equity,Equity Securities (Main Board),3.55,3.405,3.58,3.4,505000,1.79,3.49,3.368,1.72,5.4,2.16,3.2,4.41,4.19,7.45,7.45,4.19,7.45,-14.56,-51.95,-51.95,15.27,52.35,False,False,False,False,False,False,False,False,False,2026-09-11
2210,2210.HK,BEIJING JIAYE,京城佳业,0.73,400,Equity,Equity Securities (Main Board),2.0,2.1,2.1,2.1,800,0.0,2.016,1.973,-0.79,1.37,-4.76,2.04,3.63,2.77,4.89,8.4,2.77,4.89,-24.19,-57.06,-75.0,27.8,59.1,False,False,False,False,False,False,False,False,False,2026-09-11
2211,2211.HK,UNI HEALTH,大健康国际,0.8,"5,000",Equity,Equity Securities (Main Board),0.72,0.69,0.745,0.675,2040000,1.47,0.678,0.663,6.19,8.68,5.88,8.27,5.88,5.36,5.36,41.5,5.36,5.36,-86.1,-86.1,-98.2,86.57,86.57,False,False,True,False,False,False,False,False,False,2026-09-11
2212,2212.HK,FB MINING,高鹏矿业,2.02,"10,000",Equity,Equity Securities (Main Board),0.16,0.16,0.16,0.16,110000,0.02,0.152,0.153,5.26,4.3,6.67,6.67,6.67,0.2,0.4,1.75,0.2,0.4,-19.6,-60.0,-90.86,19.6,60.0,False,False,False,False,False,False,False,False,False,2026-09-11
2215,2215.HK,DEXIN SER GROUP,德信服务集团,1.79,"1,000",Equity,Equity Securities (Main Board),0.195,0.198,0.2,0.195,273000,0.05,0.207,0.205,-5.71,-4.92,-4.41,-6.7,6.56,0.67,2.6,3.82,0.67,2.6,-69.92,-92.31,-94.76,70.68,92.5,False,False,False,False,False,False,False,False,False,2026-09-11
2216,2216.HK,BRONCUS-B,堃博医疗－Ｂ,3.19,500,Equity,Equity Securities (Main Board),0.605,0.605,0.66,0.59,137000,0.08,0.614,0.622,-1.47,-2.65,-1.63,-1.63,-4.72,2.7,3.72,18.0,2.7,3.72,-75.56,-82.26,-96.33,77.59,83.74,False,False,False,False,False,False,False,False,False,2026-09-11
2218,2218.HK,ANDRE JUICE,安德利果汁,14.8,500,Equity,Equity Securities (Main Board),25.8,25.5,26.5,24.56,1501000,38.73,24.44,23.142,5.56,11.49,2.87,12.17,20.0,41.14,41.14,41.14,41.14,41.14,-35.59,-35.59,-35.59,37.29,37.29,False,False,False,False,False,False,False,False,False,2026-09-11
2219,2219.HK,CHAOJU EYE CARE,朝聚眼科,17.54,500,Equity,Equity Securities (Main Board),2.5,2.51,2.515,2.47,100000,0.25,2.525,2.489,-0.99,0.44,-0.79,-1.38,1.63,3.14,4.73,17.8,3.14,4.73,-19.9,-46.83,-85.87,20.38,47.15,False,False,False,False,False,False,False,False,False,2026-09-11
2221,2221.HK,NEW CONCEPTS,创业集团控股,1.4,"4,000",Equity,Equity Securities (Main Board),0.61,0.57,0.675,0.57,518000,0.32,0.549,0.554,11.11,10.01,16.19,15.09,7.02,1.11,9.5,53.9,1.11,9.5,-39.19,-92.89,-98.75,45.05,93.58,False,False,False,False,False,False,False,False,False,2026-09-11
2225,2225.HK,JINHAI MED TECH,今海医疗科技,333.84,"5,000",Equity,Equity Securities (Main Board),6.3,6.51,6.665,5.82,15695000,98.88,5.961,5.26,5.69,19.77,-3.23,9.95,50.0,6.99,6.99,6.99,6.99,6.99,-4.65,-4.65,-4.65,9.87,9.87,False,False,False,False,False,False,False,True,True,2026-09-11
2226,2226.HK,HONWORLD GP,老恒和酿造,3.91,500,Equity,Equity Securities (Main Board),0.675,0.63,0.69,0.62,426500,0.29,0.663,0.677,1.81,-0.3,3.05,3.85,-2.17,0.84,1.1,5.75,0.84,1.1,-17.86,-37.27,-88.0,19.64,38.64,False,False,False,False,False,False,False,False,False,2026-09-11
2228,2228.HK,XTALPI,晶泰控股,298.18,"1,000",Equity,Equity Securities (Main Board),6.93,7.155,7.165,6.75,56478619,391.4,7.135,7.202,-2.87,-3.78,-3.82,-2.87,-5.46,14.28,16.2,16.2,14.28,16.2,-49.82,-55.77,-55.77,51.47,57.22,False,False,False,False,False,False,False,False,False,2026-09-11
2230,2230.HK,MEDIALINK GROUP,羚邦集团,3.96,"5,000",Equity,Equity Securities (Main Board),0.199,0.201,0.201,0.199,115000,0.02,0.198,0.196,0.51,1.38,-1.49,2.05,2.05,0.26,0.37,0.41,0.26,0.37,-24.15,-45.68,-50.37,24.91,46.22,False,False,False,False,False,False,False,False,False,2026-09-11
2231,2231.HK,JY GRANDMARK,景业名邦集团,0.3,"1,000",Equity,Equity Securities (Main Board),0.018,0.018,0.02,0.018,15603000,0.28,0.019,0.019,-3.23,-3.23,0.0,5.88,-25.0,0.11,1.3,3.54,0.11,1.3,-81.82,-98.46,-99.44,83.64,98.62,False,False,False,False,False,False,False,False,False,2026-09-11
2232,2232.HK,CRYSTAL INTL,晶苑国际,190.43,500,Equity,Equity Securities (Main Board),6.675,6.3,6.72,6.3,2547654,17.01,6.831,6.939,-2.28,-3.8,-0.89,-3.89,-6.05,7.85,7.85,9.79,7.85,7.85,-14.39,-14.39,-31.36,14.97,14.97,False,False,False,False,False,False,False,False,False,2026-09-11
2233,2233.HK,WESTCHINACEMENT,西部水泥,103.24,"2,000",Equity,Equity Securities (Main Board),1.89,1.91,1.91,1.85,12742000,24.08,1.926,1.933,-1.87,-2.25,-2.07,-1.82,-2.83,3.83,3.83,3.83,3.83,3.83,-50.13,-50.13,-50.13,50.65,50.65,False,False,False,False,False,False,False,False,False,2026-09-11
2235,2235.HK,MICROTECH MED-B,微泰医疗－Ｂ,10.76,100,Equity,Equity Securities (Main Board),6.6,6.705,6.705,6.505,53500,0.35,6.644,6.929,-0.66,-4.75,0.3,-1.2,-2.94,8.28,9.17,31.7,8.28,9.17,-19.02,-26.88,-78.85,20.29,28.03,False,False,False,False,False,False,False,False,False,2026-09-11
2236,2236.HK,WISON ENGRG,惠生工程,19.99,"1,000",Equity,Equity Securities (Main Board),0.49,0.495,0.495,0.49,284000,0.14,0.48,0.448,2.08,9.5,-2.0,5.38,12.64,0.77,0.77,1.85,0.77,0.77,-35.71,-35.71,-73.24,36.36,36.36,False,False,False,False,False,False,False,False,False,2026-09-11
2237,2237.HK,CHINA GRAPHITE,中国石墨,3.04,"10,000",Equity,Equity Securities (Main Board),0.19,0.19,0.19,0.19,120000,0.02,0.197,0.2,-3.36,-4.95,-3.55,-1.55,-5.0,0.37,36.0,36.0,0.37,36.0,-48.65,-99.47,-99.47,48.65,99.47,False,False,False,False,False,False,False,False,False,2026-09-11
2238,2238.HK,GAC GROUP,广汽集团,60.21,"2,000",Equity,Equity Securities (Main Board),2.14,2.13,2.15,2.115,4569997,9.78,2.157,2.149,-0.79,-0.4,-0.47,-1.15,-1.38,4.21,4.38,15.75,4.21,4.38,-48.93,-50.91,-86.35,49.17,51.14,False,False,False,False,False,False,False,False,False,2026-09-11
2239,2239.HK,SMIT,国微控股,4.03,"1,000",Equity,Equity Securities (Main Board),1.24,1.25,1.25,1.115,33000,0.04,1.252,1.271,-0.96,-2.44,-0.8,-0.8,-3.12,2.4,2.4,9.79,2.4,2.4,-47.92,-47.92,-87.23,48.33,48.33,False,False,False,False,False,False,False,False,False,2026-09-11
2245,2245.HK,LYGEND RESOURCE,力勤资源,91.91,200,Equity,Equity Securities (Main Board),16.69,17.53,17.9,16.5,4691400,78.3,17.54,17.807,-4.85,-6.27,-7.07,-6.6,-7.28,30.82,30.82,30.82,30.82,30.82,-41.92,-41.92,-41.92,45.85,45.85,False,False,False,False,False,False,False,False,False,2026-09-11
2246,2246.HK,GOGOX,快狗打车,0.78,"2,000",Equity,Equity Securities (Main Board),1.18,1.2,1.2,1.16,86000,0.1,1.172,1.167,0.68,1.11,-1.67,0.0,3.96,2.49,11.4,231.5,2.49,11.4,-51.81,-89.47,-99.48,52.61,89.65,False,False,False,True,False,False,False,False,False,2026-09-11
2249,2249.HK,NEXCHIP,晶合集成,63.58,100,Equity,Equity Securities (Main Board),28.0,27.52,28.5,27.34,910100,25.48,27.768,28.176,0.84,-0.62,-1.82,3.02,2.56,37.0,37.0,37.0,37.0,37.0,-22.97,-22.97,-22.97,24.32,24.32,False,False,False,False,False,False,False,False,False,2026-09-11
2250,2250.HK,B.DUCK SEMK,小黄鸭德盈,3.53,"1,000",Equity,Equity Securities (Main Board),0.35,0.35,0.35,0.35,1000,0.0,0.35,0.35,0.0,0.0,0.0,0.0,0.0,0.96,1.84,2.77,0.96,1.84,-63.54,-80.98,-87.36,63.54,80.98,False,False,False,False,False,False,False,False,False,2026-09-11
2251,2251.HK,AIRDOC-B,鹰瞳科技－Ｂ,8.58,100,Equity,Equity Securities (Main Board),8.495,8.02,8.495,7.89,63000,0.54,8.413,8.371,0.97,1.48,-0.53,4.88,-5.61,13.77,18.38,74.95,13.77,18.38,-38.31,-53.78,-88.67,38.31,53.78,False,False,False,True,False,False,False,False,False,2026-09-11
2255,2255.HK,HAICHANG HLDG,海昌海洋公园,27.09,"1,000",Equity,Equity Securities (Main Board),0.205,0.191,0.207,0.191,11137000,2.28,0.209,0.222,-2.1,-7.53,6.22,-7.24,-19.61,0.65,1.24,4.28,0.65,1.24,-68.15,-83.31,-95.17,68.46,83.47,False,False,False,False,False,False,False,False,False,2026-09-11
2256,2256.HK,ABBISKO-B,和誉－Ｂ,61.12,"1,000",Equity,Equity Securities (Main Board),8.52,8.355,8.52,8.04,2521000,21.48,8.692,8.776,-1.98,-2.92,1.97,-4.75,-2.8,14.99,19.78,19.78,14.99,19.78,-43.16,-56.93,-56.93,43.16,56.93,False,False,False,False,False,False,False,False,False,2026-09-11
2257,2257.HK,SIRNAOMICS-B,圣诺医药－Ｂ,4.48,50,Equity,Equity Securities (Main Board),3.995,3.66,4.005,3.63,41150,0.16,3.876,3.864,3.07,3.39,3.63,3.63,5.13,10.72,54.25,101.0,10.72,54.25,-62.64,-92.62,-96.03,62.73,92.64,False,False,True,True,False,False,False,False,False,2026-09-11
2258,2258.HK,WATTS INT'L,华滋国际海洋,2.39,"2,000",Equity,Equity Securities (Main Board),0.29,0.29,0.29,0.285,20000,0.01,0.3,0.303,-3.33,-4.29,-1.69,-6.45,-4.92,0.7,0.7,3.9,0.7,0.7,-58.57,-58.57,-92.56,58.57,58.57,False,False,False,False,False,False,False,False,False,2026-09-11
2259,2259.HK,ZIJIN GOLD INTL,紫金黄金国际,4284.82,100,Equity,Equity Securities (Main Board),160.1,159.5,161.7,156.5,5468512,875.51,161.46,158.33,-0.84,1.12,-2.56,0.06,-1.72,268.0,268.0,268.0,268.0,268.0,-39.66,-39.66,-39.66,40.26,40.26,False,False,False,False,False,False,False,False,False,2026-09-11
2261,2261.HK,NASN TECH,拿森科技,98.17,100,Equity,Equity Securities (Main Board),16.5,15.44,16.5,15.44,196000,3.23,15.88,15.292,3.9,7.9,1.85,1.85,12.24,20.3,20.3,20.3,20.3,20.3,-18.72,-18.72,-18.72,18.72,18.72,False,False,False,False,False,False,False,False,False,2026-09-11
2263,2263.HK,FU SHEK FIN,富石金融,3.15,"10,000",Equity,Equity Securities (Main Board),0.315,0.31,0.315,0.31,50000,0.02,0.32,0.318,-1.56,-0.94,0.0,-3.08,-1.56,0.44,0.44,0.57,0.44,0.44,-27.59,-27.59,-44.74,27.59,27.59,False,False,False,False,False,False,False,False,False,2026-09-11
2265,2265.HK,HC ENV TECH,鸿承环保科技,11.35,"5,000",Equity,Equity Securities (Main Board),1.135,1.11,1.14,1.11,655000,0.74,1.141,1.153,-0.53,-1.6,0.44,-1.3,0.89,1.9,1.9,1.9,1.9,1.9,-40.0,-40.0,-40.0,40.26,40.26,False,False,False,False,False,False,False,False,False,2026-09-11
2266,2266.HK,LAI SI ENT,黎氏企业,1.38,"2,000",Equity,Equity Securities (Main Board),0.345,0.35,0.35,0.345,24000,0.01,0.351,0.351,-1.71,-1.85,-4.17,-1.43,-1.43,0.48,0.49,3.3,0.48,0.49,-27.08,-28.57,-89.39,28.12,29.59,False,False,False,False,False,False,False,False,False,2026-09-11
2268,2268.HK,WUXI XDC,药明合联,914.44,500,Equity,Equity Securities (Main Board),72.1,71.6,72.4,69.9,6471034,466.56,73.36,72.5,-1.72,-0.55,-1.3,-3.48,-0.96,81.55,85.5,85.5,81.55,85.5,-11.22,-15.32,-15.32,11.59,15.67,False,False,False,False,False,False,False,False,False,2026-09-11
2269,2269.HK,WUXI BIO,药明生物,1953.29,500,Equity,Equity Securities (Main Board),47.0,47.5,47.5,46.16,33575565,1578.05,48.224,48.856,-2.54,-3.8,-1.05,-4.67,-4.43,54.45,54.45,148.0,54.45,54.45,-12.76,-12.76,-67.91,13.68,13.68,False,False,False,False,False,False,False,False,False,2026-09-11
2271,2271.HK,ZHONGAN SERVICE,众安智慧生活,15.93,"2,000",Equity,Equity Securities (Main Board),2.935,3.09,3.2,2.925,2902000,8.52,2.891,2.895,1.52,1.4,-5.17,4.26,1.91,3.99,6.23,6.23,3.99,6.23,-19.8,-48.64,-48.64,26.44,52.89,False,False,False,False,False,False,False,False,False,2026-09-11
2272,2272.HK,KEYTOP PARKING,科拓股份,83.03,60,Equity,Equity Securities (Main Board),84.5,90.65,95.35,83.2,97262,8.22,86.82,96.11,-2.67,-12.08,-2.65,-8.25,-16.34,127.5,127.5,127.5,127.5,127.5,-25.22,-25.22,-25.22,33.73,33.73,False,False,False,False,False,False,False,False,False,2026-09-11
2273,2273.HK,GUSHENGTANG,固生堂,58.88,100,Equity,Equity Securities (Main Board),26.54,26.82,27.0,26.42,607100,16.11,26.844,27.012,-1.13,-1.75,-1.7,-0.9,-3.7,32.28,52.4,60.25,32.28,52.4,-16.36,-48.47,-55.19,17.78,49.35,False,False,False,False,False,False,False,False,False,2026-09-11
2276,2276.HK,CONANT OPTICAL,康耐特光学,211.96,100,Equity,Equity Securities (Main Board),42.54,42.5,42.68,41.22,1283000,54.58,43.188,43.01,-1.5,-1.09,0.05,-3.14,1.05,66.5,66.5,66.5,66.5,66.5,-35.82,-35.82,-35.82,36.03,36.03,False,False,False,False,False,False,False,False,False,2026-09-11
2279,2279.HK,YONGHE MEDICAL,雍禾医疗,10.32,500,Equity,Equity Securities (Main Board),1.965,1.98,1.98,1.96,153500,0.3,2.018,2.105,-2.63,-6.63,-0.76,-3.2,-8.6,2.74,4.78,19.0,2.74,4.78,-27.74,-58.58,-89.58,28.28,58.89,False,False,False,False,False,False,False,False,False,2026-09-11
2281,2281.HK,XINGLU WATER,兴泸水务,1.28,"1,000",Equity,Equity Securities (Main Board),0.595,0.6,0.6,0.59,397000,0.24,0.603,0.603,-1.33,-1.33,-0.83,-2.46,0.85,0.88,0.88,2.41,0.88,0.88,-31.82,-31.82,-75.1,32.39,32.39,False,False,False,False,False,False,False,False,False,2026-09-11
2282,2282.HK,MGM CHINA,美高梅中国,383.47,400,Equity,Equity Securities (Main Board),10.09,10.02,10.18,9.945,2424842,24.47,10.326,10.171,-2.29,-0.79,-0.1,-5.7,-0.88,13.9,17.37,25.5,13.9,17.37,-26.76,-41.39,-60.08,27.41,41.91,False,False,False,False,False,False,False,False,False,2026-09-11
2283,2283.HK,TK GROUP HLDG,东江集团控股,13.0,"2,000",Equity,Equity Securities (Main Board),1.56,1.565,1.57,1.56,106000,0.17,1.588,1.602,-1.76,-2.59,-0.32,-3.11,-3.11,2.6,2.78,7.45,2.6,2.78,-39.62,-43.53,-78.93,40.0,43.88,False,False,False,False,False,False,False,False,False,2026-09-11
2285,2285.HK,CHERVON,泉峰控股,125.26,100,Equity,Equity Securities (Main Board),24.6,23.0,25.3,21.2,19287072,474.46,21.036,20.468,16.94,20.19,23.0,21.3,21.78,27.2,30.0,71.0,27.2,30.0,-6.99,-15.67,-64.37,9.56,18.0,False,False,False,False,False,False,False,True,False,2026-09-11
2286,2286.HK,CHEN XING,辰兴发展,1.83,"1,000",Equity,Equity Securities (Main Board),0.305,0.3,0.315,0.295,173000,0.05,0.327,0.334,-6.73,-8.68,-10.29,0.0,-16.44,0.68,2.5,3.01,0.68,2.5,-53.68,-87.4,-89.53,55.15,87.8,False,False,False,False,False,False,False,False,False,2026-09-11
2288,2288.HK,RYKADAN CAPITAL,宏基资本,0.56,"1,000",Equity,Equity Securities (Main Board),0.15,0.15,0.15,0.138,40000,0.01,0.152,0.145,-1.57,3.73,-0.66,-2.6,-3.23,0.17,0.34,1.47,0.17,0.34,-12.28,-56.52,-89.8,12.28,56.52,False,False,False,False,False,False,False,False,False,2026-09-11
2290,2290.HK,LUNG FUNG GROUP,龙丰集团,18.77,500,Equity,Equity Securities (Main Board),3.755,3.8,3.815,3.72,824000,3.09,3.929,3.939,-4.43,-4.67,-1.96,-8.3,-6.94,4.6,4.6,4.6,4.6,4.6,-17.07,-17.07,-17.07,18.37,18.37,False,False,False,False,False,False,False,False,False,2026-09-11
2291,2291.HK,SCIENTECH,心泰医疗,36.16,"1,000",Equity,Equity Securities (Main Board),10.49,11.5,11.5,10.44,440000,4.62,11.2,12.242,-6.34,-14.31,-7.09,-5.5,-21.07,19.49,32.5,43.0,19.49,32.5,-41.0,-64.62,-73.26,46.18,67.72,False,False,False,False,False,False,False,False,False,2026-09-11
2295,2295.HK,MAXICITY,丰城控股,19.9,"5,000",Equity,Equity Securities (Main Board),4.975,4.8,4.91,4.8,30000,0.15,4.904,5.236,1.45,-4.98,5.07,-1.49,-13.63,9.2,9.2,9.2,9.2,9.2,-46.63,-46.63,-46.63,45.92,45.92,False,False,False,False,False,False,False,False,False,2026-09-11
2297,2297.HK,RAINMED-B,润迈德－Ｂ,2.23,"1,000",Equity,Equity Securities (Main Board),0.159,0.164,0.164,0.158,85000,0.01,0.169,0.18,-6.03,-11.52,-0.63,-5.92,-17.19,0.31,0.92,6.1,0.31,0.92,-47.94,-82.17,-97.31,49.52,82.72,False,False,False,False,False,False,False,False,False,2026-09-11
2298,2298.HK,COSMO LADY,都市丽人,6.41,"1,000",Equity,Equity Securities (Main Board),0.285,0.29,0.29,0.28,666000,0.19,0.285,0.285,0.0,-0.18,0.0,0.0,0.0,0.5,0.5,5.25,0.5,0.5,-42.0,-42.0,-94.48,43.0,43.0,False,False,False,False,False,False,False,False,False,2026-09-11
2302,2302.HK,CNNC INT'L,中核国际,17.63,"1,000",Equity,Equity Securities (Main Board),3.605,3.705,3.705,3.55,743000,2.68,3.755,3.813,-3.99,-5.44,-3.61,-5.26,-5.75,8.8,8.8,8.8,8.8,8.8,-57.9,-57.9,-57.9,59.03,59.03,False,False,False,False,False,False,False,False,False,2026-09-11
2306,2306.HK,YH ENT,乐华娱乐,15.66,"3,000",Equity,Equity Securities (Main Board),1.885,1.865,1.89,1.865,114000,0.21,1.933,1.936,-2.48,-2.63,-1.82,-2.33,-2.33,2.81,8.25,8.25,2.81,8.25,-32.74,-77.09,-77.09,32.92,77.15,False,False,False,False,False,False,False,False,False,2026-09-11
2307,2307.HK,KAM HING INT'L,锦兴国际控股,1.35,"2,000",Equity,Equity Securities (Main Board),0.155,0.148,0.155,0.147,264000,0.04,0.161,0.158,-3.73,-1.59,-6.06,-6.06,0.0,0.34,0.85,0.85,0.34,0.85,-55.07,-81.76,-81.76,55.07,81.76,False,False,False,False,False,False,False,False,False,2026-09-11
2309,2309.HK,ZO FUTURE GROUP,大象未来集团,18.55,"2,000",Equity,Equity Securities (Main Board),2.01,1.88,2.06,1.875,3742000,7.52,1.866,1.842,7.72,9.15,5.79,12.61,10.74,4.58,4.58,20.66,4.58,4.58,-55.02,-55.02,-90.03,56.11,56.11,True,False,False,False,False,False,False,False,False,2026-09-11
2310,2310.HK,TIMES UNI GP,时代环球集团,1.98,"2,000",Equity,Equity Securities (Main Board),0.181,0.184,0.184,0.179,194000,0.04,0.186,0.189,-2.9,-4.38,-1.63,-5.24,-5.24,0.26,0.26,1.36,0.26,0.26,-29.23,-29.23,-86.42,30.38,30.38,False,False,False,False,False,False,False,False,False,2026-09-11
2312,2312.HK,LONG INV CORP,ＬＯＮＧ投资集团,1.78,"10,000",Equity,Investment Companies,0.39,0.39,0.39,0.39,10000,0.0,0.392,0.392,-0.51,-0.51,0.0,-2.5,0.0,1.28,2.79,43.59,1.28,2.79,-69.53,-86.02,-99.11,69.53,86.02,False,False,False,False,False,False,False,False,False,2026-09-11
2313,2313.HK,SHENZHOU INTL,申洲国际,540.72,100,Equity,Equity Securities (Main Board),35.98,35.26,36.06,34.8,10348634,372.34,36.084,36.232,-0.29,-0.7,2.04,-0.99,-3.18,66.3,87.25,207.6,66.3,87.25,-45.61,-58.67,-82.63,45.73,58.76,False,False,False,False,False,False,False,False,False,2026-09-11
2314,2314.HK,LEE & MAN PAPER,理文造纸,153.76,"1,000",Equity,Equity Securities (Main Board),3.58,3.685,3.75,3.57,3000193,10.74,3.689,3.728,-2.95,-3.97,-3.11,-3.11,-4.15,4.55,4.55,10.94,4.55,4.55,-17.49,-17.49,-65.72,21.23,21.23,False,False,False,False,False,False,False,False,False,2026-09-11
2315,2315.HK,BIOCYTOGEN-B,百奥赛图－Ｂ,62.15,500,Equity,Equity Securities (Main Board),56.1,57.55,57.9,55.15,857500,48.11,58.98,59.725,-4.88,-6.07,-3.44,-9.15,-7.43,75.3,75.3,75.3,75.3,75.3,-23.11,-23.11,-23.11,25.5,25.5,False,False,False,False,False,False,False,False,False,2026-09-11
2317,2317.HK,VEDAN INT'L,味丹国际,12.49,"4,000",Equity,Equity Securities (Main Board),0.82,0.815,0.83,0.815,176000,0.14,0.76,0.747,7.89,9.85,10.07,10.07,9.33,0.85,0.85,1.1,0.85,0.85,-2.35,-2.35,-24.55,3.53,3.53,False,False,False,False,False,False,False,True,True,2026-09-11
2318,2318.HK,PING AN,中国平安,4021.69,500,Equity,Equity Securities (Main Board),54.0,54.15,54.25,53.25,47857853,2584.32,55.16,55.865,-2.1,-3.34,-1.55,-2.26,-5.51,74.7,74.7,103.6,74.7,74.7,-27.38,-27.38,-47.64,27.71,27.71,False,False,False,False,False,False,False,False,False,2026-09-11
2319,2319.HK,MENGNIU DAIRY,蒙牛乳业,710.75,"1,000",Equity,Equity Securities (Main Board),18.36,18.09,18.43,17.91,16665409,305.98,18.278,18.14,0.45,1.21,1.44,-0.76,0.66,19.67,28.25,53.85,19.67,28.25,-6.3,-34.76,-65.78,6.66,35.01,False,False,False,True,False,False,False,True,False,2026-09-11
2320,2320.HK,HOP FUNG GROUP,合丰集团,2.04,"2,000",Equity,Equity Securities (Main Board),0.249,0.245,0.31,0.23,19904000,4.96,0.231,0.221,7.79,12.47,3.32,11.66,17.45,0.31,0.31,1.52,0.31,0.31,0.0,0.0,-79.61,19.68,19.68,True,True,False,False,False,False,False,False,False,2026-09-11
2321,2321.HK,SWANGCHAICHUAN,双财庄,5.0,"5,000",Equity,Equity Securities (Main Board),0.5,0.5,0.5,0.49,215000,0.11,0.5,0.5,0.0,0.0,0.0,0.0,0.0,0.56,0.56,2.44,0.56,0.56,-10.71,-10.71,-79.51,10.71,10.71,False,False,False,False,False,False,False,False,False,2026-09-11
2322,2322.HK,MODERN INNO DT,新质数字,2.7,"8,000",Equity,Equity Securities (Main Board),0.061,0.059,0.064,0.059,160000,0.01,0.061,0.059,-0.33,4.1,1.67,0.0,1.67,0.16,1.2,1.31,0.16,1.2,-59.49,-94.67,-95.11,61.39,94.92,False,False,False,False,False,False,False,False,False,2026-09-11
2324,2324.HK,CAPITAL VC,首都创投,0.95,"10,000",Equity,Investment Companies,0.105,0.101,0.105,0.101,70000,0.01,0.107,0.107,-2.05,-1.87,3.96,-4.55,-4.55,0.17,1.86,11.8,0.17,1.86,-36.36,-94.35,-99.11,36.36,94.35,False,False,False,False,False,False,False,False,False,2026-09-11
2325,2325.HK,YUNKANG GROUP,云康集团,3.08,"3,000",Equity,Equity Securities (Main Board),0.495,0.49,0.52,0.485,1005000,0.5,0.508,0.526,-2.56,-5.89,-2.94,-5.71,-2.94,1.09,12.54,19.18,1.09,12.54,-52.29,-95.85,-97.29,54.59,96.05,False,False,False,False,False,False,False,False,False,2026-09-11
2326,2326.HK,NPE HOLDINGS,新源万恒控股,2.11,"10,000",Equity,Equity Securities (Main Board),0.01,0.01,0.01,0.01,540000,0.01,0.01,0.01,0.0,0.0,0.0,0.0,0.0,0.01,0.02,0.67,0.01,0.02,-9.09,-47.37,-98.51,9.09,47.37,False,False,False,False,False,False,False,True,False,2026-09-11
2327,2327.HK,MEILLEUREHEALTH,美瑞健康国际,9.29,"6,000",Equity,Equity Securities (Main Board),0.229,0.225,0.235,0.225,876000,0.2,0.234,0.237,-2.22,-3.29,1.33,-4.18,-4.18,0.3,0.31,1.64,0.3,0.31,-21.67,-25.4,-85.67,23.67,27.3,False,False,False,False,False,False,False,False,False,2026-09-11
2328,2328.HK,PICC P&C,中国财险,1175.64,"2,000",Equity,Equity Securities (Main Board),17.04,16.93,17.1,16.77,25051526,426.88,17.008,17.168,0.19,-0.75,0.0,0.83,-2.91,17.89,19.81,19.81,17.89,19.81,-4.42,-13.68,-13.68,4.75,13.98,False,False,False,False,False,False,False,True,False,2026-09-11
2329,2329.HK,GLORY HEALTH,国瑞健康,4.84,"1,000",Equity,Equity Securities (Main Board),0.109,0.11,0.11,0.11,5000,0.0,0.107,0.106,1.87,2.54,0.0,-1.8,3.81,0.15,0.25,2.84,0.15,0.25,-26.67,-56.0,-96.13,27.33,56.4,False,False,False,False,False,False,False,False,False,2026-09-11
2330,2330.HK,CHINA UPTOWN,中国上城,1.04,"8,000",Equity,Equity Securities (Main Board),0.23,0.232,0.235,0.23,216000,0.05,0.243,0.244,-5.19,-5.58,-11.54,-1.29,0.0,0.47,0.59,3.5,0.47,0.59,-49.46,-60.17,-93.29,50.54,61.02,False,False,False,False,False,False,False,False,False,2026-09-11
2331,2331.HK,LI NING,李宁,336.28,500,Equity,Equity Securities (Main Board),13.01,13.04,13.13,12.73,40742048,530.05,13.484,13.445,-3.52,-3.24,-0.38,-8.57,-3.84,23.42,38.5,108.2,23.42,38.5,-43.94,-65.9,-87.87,44.45,66.21,False,False,False,False,False,False,False,False,False,2026-09-11
2333,2333.HK,GWMOTOR,长城汽车,174.26,500,Equity,Equity Securities (Main Board),7.58,7.47,7.615,7.41,19120123,144.93,7.614,7.722,-0.45,-1.85,0.33,-0.72,-2.32,15.27,19.86,39.0,15.27,19.86,-50.13,-61.66,-80.47,50.36,61.83,False,False,False,False,False,False,False,False,False,2026-09-11
2335,2335.HK,MICOT PHARMA-B,麦科医药－Ｂ,61.56,200,Equity,Equity Securities (Main Board),21.98,24.1,24.1,21.84,365200,8.03,24.908,26.674,-11.76,-17.6,-8.8,-15.79,-23.04,45.04,45.04,45.04,45.04,45.04,-46.49,-46.49,-46.49,51.2,51.2,False,False,False,False,False,False,False,False,False,2026-09-11
2336,2336.HK,SHUOAO INTL,硕奥国际,4.14,"10,000",Equity,Equity Securities (Main Board),0.228,0.218,0.228,0.218,120000,0.03,0.242,0.24,-5.63,-4.96,-6.94,-6.94,-6.94,0.3,0.37,0.61,0.3,0.37,-24.0,-38.38,-62.62,24.0,38.38,False,False,False,False,False,False,False,False,False,2026-09-11
2337,2337.HK,UNITED STRENGTH,众诚能源,5.34,"1,000",Equity,Equity Securities (Main Board),1.425,1.4,1.425,1.375,238000,0.34,1.396,1.387,2.08,2.74,0.35,1.06,3.64,1.78,6.47,16.16,1.78,6.47,-19.94,-77.98,-91.18,19.94,77.98,False,False,True,True,False,False,False,False,False,2026-09-11
2338,2338.HK,WEICHAI POWER,潍柴动力,608.95,"1,000",Equity,Equity Securities (Main Board),31.34,31.36,31.54,30.74,11828506,370.71,32.38,31.904,-3.21,-1.77,-0.89,-1.94,-2.49,45.44,45.44,45.44,45.44,45.44,-30.59,-30.59,-30.59,31.03,31.03,False,False,False,False,False,False,False,False,False,2026-09-11
2339,2339.HK,BWI INT'L,京西国际,63.97,"2,000",Equity,Equity Securities (Main Board),4.95,4.11,5.1,3.91,4206220,20.82,4.394,4.396,12.65,12.6,16.06,21.62,18.0,9.3,9.3,9.3,9.3,9.3,-45.16,-45.16,-45.16,46.77,46.77,False,False,False,True,False,False,False,False,False,2026-09-11
2340,2340.HK,ISP HOLDINGS,昇柏控股,1.07,"4,000",Equity,Equity Securities (Main Board),0.14,0.14,0.14,0.14,8000,0.0,0.143,0.145,-2.37,-3.51,1.45,-4.76,-2.1,0.18,0.27,2.13,0.18,0.27,-21.79,-48.15,-93.43,21.79,48.15,False,False,False,False,False,False,False,False,False,2026-09-11
2342,2342.HK,COMBA,京信通信,22.19,"2,000",Equity,Equity Securities (Main Board),0.71,0.725,0.725,0.695,5584000,3.96,0.724,0.732,-1.93,-3.07,-0.7,-0.7,-2.74,2.55,3.55,3.9,2.55,3.55,-71.57,-79.58,-81.41,72.16,80.0,False,False,False,False,False,False,False,False,False,2026-09-11
2343,2343.HK,PACIFIC BASIN,太平洋航运,220.21,"1,000",Equity,Equity Securities (Main Board),4.27,4.32,4.33,4.25,9101730,38.86,4.307,4.25,-0.86,0.48,-1.04,0.0,-0.23,4.45,4.45,4.9,4.45,4.45,-2.7,-2.7,-11.63,4.04,4.04,False,False,False,False,False,False,False,True,True,2026-09-11
2347,2347.HK,YOHO GROUP,友和集团,3.53,"2,000",Equity,Equity Securities (Main Board),0.73,0.735,0.735,0.72,276000,0.2,0.739,0.729,-1.22,0.14,-0.68,-3.31,0.0,0.94,0.94,2.45,0.94,0.94,-21.81,-21.81,-70.0,22.34,22.34,False,False,False,False,False,False,False,False,False,2026-09-11
2348,2348.HK,DAWNRAYS PHARMA,东瑞制药,14.99,"4,000",Equity,Equity Securities (Main Board),0.995,0.995,0.995,0.985,80000,0.08,0.996,0.998,-0.1,-0.25,0.0,-1.0,1.02,1.22,1.47,2.8,1.22,1.47,-18.44,-32.31,-64.4,18.44,32.31,False,False,False,False,False,False,False,False,False,2026-09-11
2350,2350.HK,MTT GROUP,数科集团,6.26,"5,000",Equity,Equity Securities (Main Board),0.715,0.73,0.745,0.705,320000,0.23,0.753,0.737,-5.05,-2.92,-4.67,-7.14,-3.38,1.25,1.25,1.25,1.25,1.25,-40.4,-40.4,-40.4,42.8,42.8,False,False,False,False,False,False,False,False,False,2026-09-11
2355,2355.HK,BAOYE GROUP,宝业集团,5.01,"2,000",Equity,Equity Securities (Main Board),2.95,2.925,2.99,2.875,232000,0.68,2.97,3.024,-0.67,-2.45,-1.67,-3.59,-4.22,6.0,6.0,7.2,6.0,6.0,-50.17,-50.17,-58.47,50.83,50.83,False,False,False,False,False,False,False,False,False,2026-09-11
2356,2356.HK,DAHSING BANKING,大新银行集团,199.9,400,Equity,Equity Securities (Main Board),14.22,14.15,14.27,13.89,959200,13.64,14.51,14.576,-2.0,-2.44,1.28,-4.24,-4.95,15.45,15.45,19.4,15.45,15.45,-7.64,-7.64,-26.44,7.96,7.96,False,False,False,False,False,False,False,True,True,2026-09-11
2357,2357.HK,AVICHINA,中航科工,181.35,"1,000",Equity,Equity Securities (Main Board),2.92,2.985,2.985,2.91,22079177,64.47,2.978,2.947,-1.95,-0.92,-2.18,-2.18,-2.01,4.66,5.33,8.13,4.66,5.33,-35.94,-44.0,-63.28,37.34,45.22,False,False,False,False,False,False,False,False,False,2026-09-11
2359,2359.HK,WUXI APPTEC,药明康德,1006.27,100,Equity,Equity Securities (Main Board),188.8,192.0,192.0,187.4,3009374,568.17,192.02,191.89,-1.68,-1.61,-1.15,-3.38,-1.2,212.8,212.8,212.8,212.8,212.8,-9.77,-9.77,-9.77,11.28,11.28,False,False,False,False,False,False,False,False,False,2026-09-11
2360,2360.HK,BEST MART 360,优品３６０,17.8,"2,000",Equity,Equity Securities (Main Board),1.78,1.78,1.79,1.75,360000,0.64,1.768,1.738,0.68,2.42,0.0,1.14,3.19,2.07,2.42,4.61,2.07,2.42,-13.53,-26.03,-61.17,14.01,26.45,False,False,False,False,False,False,False,False,False,2026-09-11
2361,2361.HK,SINOHEALTH TECH,中康科技控股,17.84,500,Equity,Equity Securities (Main Board),3.95,4.45,4.45,3.95,33000,0.13,4.487,4.596,-11.97,-14.05,-13.76,-14.32,-15.78,5.6,6.0,7.11,5.6,6.0,-20.54,-25.83,-37.41,29.46,34.17,False,False,False,False,False,False,False,False,False,2026-09-11
2367,2367.HK,GIANT BIOGENE,巨子生物,270.52,200,Equity,Equity Securities (Main Board),25.48,25.68,25.68,25.34,2788336,71.05,26.04,26.038,-2.15,-2.14,-1.39,-5.07,-4.28,38.0,87.1,87.1,38.0,87.1,-32.42,-70.52,-70.52,32.95,70.75,False,False,False,False,False,False,False,False,False,2026-09-11
2369,2369.HK,COOLPAD GROUP,酷派集团,1.87,"4,000",Equity,Equity Securities (Main Board),0.47,0.485,0.49,0.4,6528000,3.07,0.509,0.548,-7.66,-14.23,-6.0,-10.48,-16.07,1.11,3.48,61.02,1.11,3.48,-55.86,-85.92,-99.2,57.66,86.49,False,False,False,False,False,False,False,False,False,2026-09-11
2370,2370.HK,REDCO HEALTHY,力高健康生活,2.52,500,Equity,Equity Securities (Main Board),1.26,1.26,1.26,1.26,59000,0.07,1.239,1.245,1.69,1.16,0.0,5.44,7.69,1.76,1.76,19.48,1.76,1.76,-28.41,-28.41,-93.53,28.41,28.41,False,False,False,False,False,False,False,False,False,2026-09-11
2373,2373.HK,BEAUTYFARM MED,美丽田园医疗健康,44.57,500,Equity,Equity Securities (Main Board),17.98,18.14,18.37,17.71,64000,1.15,17.934,18.066,0.26,-0.48,-1.26,-0.39,3.04,29.2,41.6,41.6,29.2,41.6,-37.09,-55.84,-55.84,38.42,56.78,False,False,False,False,False,False,False,False,False,2026-09-11
2377,2377.HK,BOQI ENV,博奇环保,6.71,"1,000",Equity,Equity Securities (Main Board),0.785,0.8,0.8,0.785,2000,0.0,0.791,0.793,-0.76,-1.01,0.0,-1.87,0.64,1.09,1.28,2.8,1.09,1.28,-26.61,-37.5,-71.43,27.98,38.67,False,False,False,False,False,False,False,False,False,2026-09-11
2378,2378.HK,PRU,保诚,2584.4,50,Equity,Equity Securities (Main Board),103.7,104.8,104.8,102.3,64419,6.68,105.96,106.59,-2.13,-2.71,-0.29,-3.08,-5.81,131.2,131.2,209.45,131.2,131.2,-20.12,-20.12,-49.96,20.96,20.96,False,False,False,False,False,False,False,False,False,2026-09-11
2380,2380.HK,CHINA POWER,中国电力,335.23,"1,000",Equity,Equity Securities (Main Board),2.71,2.795,2.8,2.71,35311714,95.69,2.801,2.812,-3.25,-3.63,-3.04,-4.58,-2.87,3.85,4.27,5.67,3.85,4.27,-27.27,-34.43,-50.62,29.61,36.53,False,False,False,False,False,False,False,False,False,2026-09-11
2381,2381.HK,SMC ELECTRIC,蚬壳电业,7.2,"10,000",Equity,Equity Securities (Main Board),0.36,0.34,0.405,0.34,11460000,4.13,0.327,0.278,10.23,29.73,5.88,22.03,47.54,0.41,0.41,0.41,0.41,0.41,-2.41,-2.41,-2.41,13.25,13.25,False,False,False,False,False,False,False,False,False,2026-09-11
2382,2382.HK,SUNNY OPTICAL,舜宇光学科技,745.56,100,Equity,Equity Securities (Main Board),69.1,68.75,70.95,67.45,13808297,954.15,68.87,70.015,0.33,-1.31,0.44,2.67,-1.99,87.6,96.15,259.4,87.6,96.15,-19.01,-26.21,-72.65,21.12,28.13,False,False,False,False,False,False,False,False,False,2026-09-11
2383,2383.HK,TOM GROUP,ＴＯＭ集团,14.25,"2,000",Equity,Equity Securities (Main Board),0.36,0.36,0.36,0.35,170000,0.06,0.364,0.366,-1.1,-1.64,-1.37,-1.37,-1.37,0.43,0.79,2.4,0.43,0.79,-16.28,-54.43,-85.0,16.28,54.43,False,False,False,False,False,False,False,False,False,2026-09-11
2385,2385.HK,READBOY,读书郎,18.59,400,Equity,Equity Securities (Main Board),5.28,5.3,5.3,5.13,190800,1.01,5.247,5.51,0.63,-4.17,-1.03,0.48,-2.49,6.95,15.0,15.0,6.95,15.0,-23.74,-64.67,-64.67,24.03,64.8,False,False,True,False,False,False,False,False,False,2026-09-11
2386,2386.HK,SINOPEC SEG,中石化炼化工程,90.9,500,Equity,Equity Securities (Main Board),5.52,5.58,5.6,5.44,35531430,196.13,5.761,5.498,-4.18,0.4,-2.13,-7.23,-1.52,8.25,8.25,9.18,8.25,8.25,-32.12,-32.12,-39.0,33.09,33.09,False,False,False,False,False,False,False,False,False,2026-09-11
2388,2388.HK,BOC HONG KONG,中银香港,5529.56,500,Equity,Equity Securities (Main Board),52.3,51.0,52.3,51.0,14915279,780.07,52.08,52.295,0.42,0.01,1.16,1.26,-1.04,53.1,53.1,53.1,53.1,53.1,-1.51,-1.51,-1.51,1.51,1.51,False,False,False,True,False,False,False,True,True,2026-09-11
2389,2389.HK,BJ HEALTH,北京健康,4.91,"6,000",Equity,Equity Securities (Main Board),0.081,0.08,0.081,0.08,192000,0.02,0.08,0.08,1.5,1.25,0.0,3.85,1.25,0.09,0.11,0.6,0.09,0.11,-8.99,-26.36,-86.5,8.99,26.36,False,False,False,True,False,False,False,True,False,2026-09-11
2390,2390.HK,ZHIHU-W,知乎－Ｗ,17.57,100,Equity,Equity Securities (Main Board),7.31,7.33,7.365,7.27,70400,0.51,7.154,7.086,2.18,3.16,-1.08,8.14,5.33,11.6,16.96,36.6,11.6,16.96,-36.51,-56.57,-79.88,36.98,56.9,False,False,False,False,False,False,False,False,False,2026-09-11
2391,2391.HK,TUYA-W,涂鸦智能－Ｗ,72.23,200,Equity,Equity Securities (Main Board),13.3,13.3,13.3,13.3,2600,0.03,14.164,14.5,-6.1,-8.28,-4.66,-6.47,-11.51,19.96,69.5,69.5,19.96,69.5,-33.37,-80.86,-80.86,33.37,80.86,False,False,False,False,False,False,False,False,False,2026-09-11
2392,2392.HK,XUANWU CLOUD,玄武云,5.55,500,Equity,Equity Securities (Main Board),1.0,0.97,1.0,0.97,2500,0.0,1.04,1.036,-3.85,-3.47,-3.85,-5.66,-3.38,1.6,2.6,8.17,1.6,2.6,-37.5,-61.54,-87.76,37.5,61.54,False,False,False,False,False,False,False,False,False,2026-09-11
2396,2396.HK,B&K CORP-B,青城新药－Ｂ,3.47,200,Equity,Equity Securities (Main Board),4.18,4.2,4.24,3.9,8400,0.04,4.349,4.501,-3.89,-7.14,-4.57,-4.89,-9.13,17.47,37.2,37.2,17.47,37.2,-75.73,-88.6,-88.6,76.07,88.76,False,False,False,False,False,False,False,False,False,2026-09-11
2399,2399.HK,CN ANCHU ENERGY,中国安储能源,11.61,"1,000",Equity,Equity Securities (Main Board),0.325,0.325,0.325,0.315,717000,0.23,0.322,0.318,0.93,2.04,0.0,0.0,3.17,0.78,1.07,6.58,0.78,1.07,-58.33,-69.63,-95.06,58.33,69.63,False,False,True,True,False,False,False,False,False,2026-09-11
2400,2400.HK,XD INC,心动公司,189.58,200,Equity,Equity Securities (Main Board),39.18,39.5,39.9,39.0,1917022,75.11,41.84,41.142,-6.36,-4.77,-2.44,-10.1,-2.0,92.45,92.45,114.5,92.45,92.45,-56.84,-56.84,-65.15,57.62,57.62,False,False,False,False,False,False,False,False,False,2026-09-11
2402,2402.HK,SINOHYTEC,亿华通,5.12,50,Equity,Equity Securities (Main Board),11.44,11.86,11.86,11.26,204620,2.34,11.944,12.094,-4.22,-5.41,-1.89,-6.76,-6.0,31.98,50.0,50.0,31.98,50.0,-62.91,-76.28,-76.28,64.23,77.12,False,False,False,False,False,False,False,False,False,2026-09-11
2407,2407.HK,GAUSH MEDITECH,高视医疗,6.77,100,Equity,Equity Securities (Main Board),4.58,4.68,4.68,4.54,17000,0.08,4.563,4.595,0.37,-0.33,-2.35,1.33,0.33,8.24,47.55,56.1,8.24,47.55,-43.2,-90.16,-91.66,44.42,90.37,False,False,True,False,False,False,False,False,False,2026-09-11
2408,2408.HK,XIAO NOODLES,遇见小面,28.36,500,Equity,Equity Securities (Main Board),3.99,4.045,4.125,3.88,255000,1.02,4.105,4.116,-2.8,-3.06,-0.62,-6.12,-6.45,6.07,6.07,6.07,6.07,6.07,-32.04,-32.04,-32.04,34.27,34.27,False,False,False,False,False,False,False,False,False,2026-09-11
2409,2409.HK,SEACON,洲际船务,21.5,"1,000",Equity,Equity Securities (Main Board),4.3,4.335,4.35,4.3,149000,0.64,4.324,4.299,-0.56,0.03,-0.92,-0.92,-1.15,4.9,5.0,5.0,4.9,5.0,-11.22,-13.0,-13.0,12.24,14.0,False,False,False,False,False,False,False,False,False,2026-09-11
2410,2410.HK,TYK MEDICINES-B,同源康医药－Ｂ,11.35,500,Equity,Equity Securities (Main Board),2.985,2.755,3.04,2.515,12137000,36.23,3.445,4.62,-13.35,-35.39,11.38,-19.32,-51.89,14.89,56.55,56.55,14.89,56.55,-79.58,-94.62,-94.62,79.95,94.72,False,False,False,False,False,False,False,False,False,2026-09-11
2411,2411.HK,PAGODA GP,百果园集团,27.54,500,Equity,Equity Securities (Main Board),1.395,1.41,1.43,1.39,1084500,1.51,1.413,1.385,-1.27,0.72,-1.06,-4.12,1.09,1.97,6.68,7.12,1.97,6.68,-27.41,-78.59,-79.92,29.19,79.12,False,False,False,False,False,False,False,False,False,2026-09-11
2416,2416.HK,EDIANYUN,易点云,15.26,500,Equity,Equity Securities (Main Board),3.135,3.135,3.235,3.125,58500,0.18,3.184,3.238,-1.54,-3.18,0.0,-0.16,-3.54,5.8,11.56,15.78,5.8,11.56,-44.22,-72.02,-79.5,45.95,72.88,False,False,False,False,False,False,False,False,False,2026-09-11
2419,2419.HK,DEKON AGR,德康农牧,92.29,100,Equity,Equity Securities (Main Board),59.9,59.9,59.9,57.8,331800,19.87,60.2,59.275,-0.5,1.05,1.61,-1.32,-3.39,87.0,110.0,110.0,87.0,110.0,-31.15,-45.55,-45.55,31.15,45.55,False,False,False,False,False,False,False,False,False,2026-09-11
2420,2420.HK,ZIBUYU,子不语,27.0,500,Equity,Equity Securities (Main Board),5.4,5.3,5.6,5.21,383500,2.07,5.269,4.867,2.49,10.94,3.65,4.25,8.22,5.38,7.0,9.4,5.6,7.0,4.09,-20.0,-40.43,3.57,22.86,True,False,False,False,True,False,False,True,False,2026-09-11
2421,2421.HK,KRP DEVELOPMENT,嘉创地产,2.86,"2,000",Equity,Equity Securities (Main Board),0.565,0.57,0.57,0.565,168000,0.09,0.565,0.567,0.0,-0.35,0.0,0.0,0.89,0.66,1.03,2.0,0.66,1.03,-13.64,-44.66,-71.5,14.39,45.15,False,False,False,False,False,False,False,False,False,2026-09-11
2422,2422.HK,REGO INTERACT,润歌互动,35.86,"4,000",Equity,Equity Securities (Main Board),2.16,2.03,2.17,2.005,472000,1.02,2.012,1.985,7.36,8.84,9.64,12.21,2.86,3.48,3.48,3.48,3.48,3.48,-37.64,-37.64,-37.64,37.93,37.93,False,False,False,False,False,False,False,False,False,2026-09-11
2423,2423.HK,BEKE-W,贝壳－Ｗ,1418.81,100,Equity,Equity Securities (Main Board),44.56,43.44,44.84,43.1,8820621,393.05,45.044,45.894,-1.07,-2.91,1.04,-2.75,-7.09,52.6,73.5,73.5,52.6,73.5,-14.75,-38.99,-38.99,15.29,39.37,False,False,False,False,False,False,False,False,False,2026-09-11
2427,2427.HK,GUANZE MEDICAL,GUANZE MEDICAL,25.18,"5,000",Equity,Equity Securities (Main Board),2.65,2.5,2.88,2.5,505000,1.34,2.427,2.366,9.19,12.03,10.88,12.53,19.37,7.78,7.78,7.78,7.78,7.78,-62.98,-62.98,-62.98,65.94,65.94,False,False,False,False,False,False,False,False,False,2026-09-11
2429,2429.HK,UBOX ONLINE,友宝在线,19.7,500,Equity,Equity Securities (Main Board),2.015,1.99,2.02,1.96,127000,0.26,1.968,1.897,2.39,6.25,1.26,2.54,7.18,3.37,29.4,29.4,3.37,29.4,-40.06,-93.13,-93.13,40.21,93.15,False,False,False,False,False,False,False,False,False,2026-09-11
2431,2431.HK,MINIEYE,佑驾创新,8.46,200,Equity,Equity Securities (Main Board),2.45,2.38,2.48,2.31,2014200,4.93,2.412,2.857,1.58,-14.23,0.62,-0.61,-24.96,17.69,39.5,39.5,17.69,39.5,-85.98,-93.72,-93.72,86.15,93.8,False,False,False,False,False,False,False,False,False,2026-09-11
2432,2432.HK,DOBOT,越疆,82.86,200,Equity,Equity Securities (Main Board),21.04,21.32,21.5,20.16,3316874,69.79,22.336,22.58,-5.8,-6.82,-2.86,-8.2,-9.54,50.0,83.8,83.8,50.0,83.8,-57.0,-74.34,-74.34,57.92,74.89,False,False,False,False,False,False,False,False,False,2026-09-11
2433,2433.HK,ZT HN GROUP,中天湖南集团,0.39,"2,000",Equity,Equity Securities (Main Board),0.068,0.068,0.068,0.068,20000,0.0,0.067,0.067,2.1,1.8,3.03,3.03,1.49,0.12,0.39,3.2,0.12,0.39,-44.72,-82.56,-97.87,44.72,82.56,False,False,False,False,False,False,False,False,False,2026-09-11
2436,2436.HK,LX TECHNOLOGY,凌雄科技,64.58,300,Equity,Equity Securities (Main Board),18.66,18.6,19.28,18.52,633000,11.81,18.536,19.158,0.67,-2.6,0.11,1.63,-1.84,26.3,26.3,26.3,26.3,26.3,-26.69,-26.69,-26.69,29.05,29.05,True,False,True,False,False,False,False,False,False,2026-09-11
2438,2438.HK,MOBVOI,出门问问,4.72,"1,000",Equity,Equity Securities (Main Board),0.305,0.305,0.31,0.3,622000,0.19,0.31,0.307,-1.61,-0.65,0.0,-3.17,0.0,0.74,4.38,4.38,0.74,4.38,-58.11,-92.92,-92.92,58.78,93.04,False,False,False,False,False,False,False,False,False,2026-09-11
2439,2439.HK,CH TREASURES NM,中宝新材,2.76,"2,000",Equity,Equity Securities (Main Board),0.23,0.24,0.242,0.219,15722000,3.62,0.289,0.306,-20.36,-24.93,-5.74,-30.3,-29.23,0.48,2.93,2.93,0.48,2.93,-49.58,-91.74,-91.74,52.08,92.15,False,False,False,False,False,False,False,False,False,2026-09-11
2440,2440.HK,MEMESTRATEGY,迷策略,3.48,"1,000",Equity,Equity Securities (Main Board),0.835,0.81,0.835,0.8,107000,0.09,0.863,0.866,-3.24,-3.58,-4.02,-4.02,-4.02,2.34,6.98,6.98,2.34,6.98,-64.32,-88.04,-88.04,64.32,88.04,False,False,False,False,False,False,False,False,False,2026-09-11
2442,2442.HK,EASY SMART GP,怡俊集团控股,580.18,"2,000",Equity,Equity Securities (Main Board),142.2,157.8,159.5,130.0,374000,53.18,141.54,127.44,0.47,11.58,-8.26,-1.93,25.73,157.0,157.0,157.0,159.5,159.5,1.59,1.59,1.59,10.85,10.85,False,False,False,False,True,True,True,False,False,2026-09-11
2443,2443.HK,AUTOSTREETS,汽车街,9.33,200,Equity,Equity Securities (Main Board),1.12,1.08,1.15,1.08,259000,0.29,1.209,1.326,-7.36,-15.54,4.67,-14.83,-20.57,3.57,117.1,117.1,3.57,117.1,-67.79,-99.02,-99.02,68.63,99.04,False,False,False,False,False,False,False,False,False,2026-09-11
2450,2450.HK,HUAIBEI GD CO,淮北绿金股份,5.83,"1,500",Equity,Equity Securities (Main Board),8.83,9.5,9.865,8.8,111000,0.98,7.961,10.002,10.92,-11.72,-2.97,28.44,-5.76,16.68,16.68,16.68,16.68,16.68,-40.86,-40.86,-40.86,47.06,47.06,False,False,False,False,False,False,False,False,False,2026-09-11
2451,2451.HK,LUYUAN GP HLDG,绿源集团控股,52.43,500,Equity,Equity Securities (Main Board),12.91,12.36,13.13,12.36,2678500,34.58,12.868,12.861,0.33,0.38,0.08,-0.15,0.31,16.83,16.83,16.83,16.83,16.83,-21.98,-21.98,-21.98,23.29,23.29,False,False,True,True,False,False,False,False,False,2026-09-11
2453,2453.HK,CONCORD HC GP,美中嘉和,2.29,200,Equity,Equity Securities (Main Board),0.73,0.735,0.735,0.7,240600,0.18,0.734,0.769,-0.54,-5.13,2.82,-1.35,-5.19,1.98,55.0,55.0,1.98,55.0,-62.88,-98.66,-98.66,63.13,98.67,False,False,False,False,False,False,False,False,False,2026-09-11
2455,2455.HK,RUNHUA SERVICE,润华服务,2.07,"2,000",Equity,Equity Securities (Main Board),0.69,0.69,0.69,0.68,136000,0.09,0.688,0.682,0.29,1.25,0.0,0.0,0.73,0.87,1.34,1.6,0.87,1.34,-20.69,-48.51,-56.88,20.69,48.51,False,False,True,True,False,False,False,False,False,2026-09-11
2457,2457.HK,BUYANG INTL,步阳国际,3.95,"5,000",Equity,Equity Securities (Main Board),0.395,0.39,0.395,0.39,210000,0.08,0.389,0.392,1.54,0.77,3.95,0.0,1.28,0.41,0.55,0.62,0.41,0.55,-3.66,-28.18,-36.29,3.66,28.18,False,False,False,True,False,False,False,True,False,2026-09-11
2458,2458.HK,GALA TECH HOLD,望尘科技控股,9.46,400,Equity,Equity Securities (Main Board),6.63,6.315,6.63,6.315,2905780,19.27,6.339,6.392,4.59,3.72,5.07,5.74,4.66,7.35,7.4,7.46,7.35,7.4,-9.8,-10.41,-11.13,9.8,10.41,False,False,True,True,False,False,False,True,False,2026-09-11
2459,2459.HK,SANERGY GROUP,升能集团,1.32,"10,000",Equity,Equity Securities (Main Board),0.68,0.7,0.7,0.68,40000,0.03,0.71,0.719,-4.23,-5.49,-3.55,-4.23,-2.16,1.58,193.24,193.24,1.58,193.24,-55.7,-99.64,-99.64,56.96,99.65,False,False,False,False,False,False,False,False,False,2026-09-11
2460,2460.HK,CR BEVERAGE,华润饮料,172.43,200,Equity,Equity Securities (Main Board),7.19,7.21,7.21,7.04,1345400,9.67,7.333,7.356,-1.95,-2.26,-0.28,-3.43,-3.62,10.72,16.78,16.78,10.72,16.78,-32.74,-57.03,-57.03,32.93,57.15,False,False,False,False,False,False,False,False,False,2026-09-11
2465,2465.HK,LOPAL TECH,龙蟠科技,11.91,500,Equity,Equity Securities (Main Board),8.82,9.025,9.025,8.45,3634000,32.05,9.121,9.39,-3.3,-6.08,-2.11,-4.03,-6.17,23.5,23.5,23.5,23.5,23.5,-61.6,-61.6,-61.6,62.47,62.47,False,False,False,False,False,False,False,False,False,2026-09-11
2469,2469.HK,FENBI,粉笔,6.19,500,Equity,Equity Securities (Main Board),0.28,0.29,0.295,0.265,4313000,1.21,0.298,0.311,-6.04,-9.97,-3.45,-6.67,-13.85,2.54,5.91,15.04,2.54,5.91,-88.39,-95.01,-98.04,88.98,95.26,False,False,False,False,False,False,False,False,False,2026-09-11
2473,2473.HK,XXF,喜相逢集团,8.82,"2,500",Equity,Equity Securities (Main Board),0.475,0.46,0.485,0.445,78462500,37.27,0.457,0.458,3.94,3.83,4.4,4.4,0.0,15.96,15.96,15.96,15.96,15.96,-96.96,-96.96,-96.96,97.02,97.02,False,False,False,True,False,False,False,False,False,2026-09-11
2475,2475.HK,LUXSHARE ICT,立讯精密,233.65,100,Equity,Equity Securities (Main Board),59.0,59.0,59.6,57.0,3809887,224.78,60.06,60.965,-1.76,-3.22,1.37,-1.34,0.0,66.2,66.2,66.2,66.2,66.2,-9.97,-9.97,-9.97,10.88,10.88,False,False,False,False,False,False,False,False,False,2026-09-11
2476,2476.HK,VGT,胜宏科技,220.46,100,Equity,Equity Securities (Main Board),200.0,201.6,204.0,192.6,2597203,519.44,207.8,207.45,-3.75,-3.59,-2.25,-3.29,1.27,475.0,475.0,475.0,475.0,475.0,-57.05,-57.05,-57.05,57.89,57.89,False,False,False,False,False,False,False,False,False,2026-09-11
2477,2477.HK,WELLCELL HOLD,经纬天地,10.7,800,Equity,Equity Securities (Main Board),0.223,0.211,0.226,0.203,519613600,115.87,0.217,0.217,2.86,2.53,6.19,2.29,1.83,13.63,13.63,13.63,13.63,13.63,-98.34,-98.34,-98.34,98.36,98.36,False,False,False,True,False,False,False,False,False,2026-09-11
2480,2480.HK,LUZHU BIOTECH-B,绿竹生物－Ｂ,26.85,200,Equity,Equity Securities (Main Board),13.5,13.5,13.5,13.5,200,0.0,13.506,13.523,-0.04,-0.17,-0.74,0.0,0.0,25.96,40.0,42.0,25.96,40.0,-48.0,-66.25,-67.86,48.0,66.25,False,False,False,False,False,False,False,False,False,2026-09-11
2481,2481.HK,SL GEMINI,双良睿能,7.54,"1,000",Equity,Equity Securities (Main Board),2.5,2.5,2.5,2.5,17000,0.04,2.5,2.515,0.0,-0.6,0.0,0.0,0.0,2.86,4.0,4.0,2.86,4.0,-12.59,-37.5,-37.5,12.59,37.5,False,False,False,False,False,False,False,False,False,2026-09-11
2482,2482.HK,LOGORY,维天运通,1.58,"1,000",Equity,Equity Securities (Main Board),0.3,0.3,0.3,0.25,60000,0.02,0.3,0.303,0.0,-0.99,0.0,0.0,0.0,0.79,2.11,2.95,0.79,2.11,-62.03,-85.78,-89.83,62.03,85.78,False,False,False,False,False,False,False,False,False,2026-09-11
2483,2483.HK,K CASH,Ｋ ＣＡＳＨ集团,9.0,"2,000",Equity,Equity Securities (Main Board),1.8,1.8,1.8,1.8,12000,0.02,1.792,1.777,0.45,1.29,-1.1,1.12,1.12,1.9,2.05,2.05,1.9,2.05,-5.26,-12.2,-12.2,5.26,12.2,False,False,False,False,False,False,False,True,False,2026-09-11
2486,2486.HK,PLUS GP HOLDING,普乐师集团控股,3.74,200,Equity,Equity Securities (Main Board),3.3,3.455,3.455,3.295,29200,0.1,3.522,3.611,-6.3,-8.6,-4.07,-9.34,-10.2,7.8,13.0,13.0,7.8,13.0,-55.71,-73.42,-73.42,57.69,74.62,False,False,False,False,False,False,False,False,False,2026-09-11
2487,2487.HK,CUTIA-B,科笛－Ｂ,5.97,200,Equity,Equity Securities (Main Board),1.6,1.6,1.63,1.51,188200,0.3,1.646,1.718,-2.79,-6.84,0.0,-5.6,-8.31,5.51,25.0,32.6,5.51,25.0,-70.42,-93.48,-95.0,70.96,93.6,False,False,False,False,False,False,False,False,False,2026-09-11
2488,2488.HK,LAUNCH TECH,元征科技,23.96,500,Equity,Equity Securities (Main Board),6.83,6.88,6.89,6.83,64500,0.44,6.964,7.013,-1.92,-2.61,-1.8,-2.15,-2.43,9.28,15.34,15.34,9.28,15.34,-25.75,-55.08,-55.08,26.4,55.48,False,False,False,False,False,False,False,False,False,2026-09-11
2489,2489.HK,PERSISTENCEGOLD,集海黄金,19.92,"5,000",Equity,Equity Securities (Main Board),0.83,0.835,0.835,0.82,260000,0.22,0.861,0.857,-3.6,-3.15,-0.6,-6.21,-2.35,1.53,2.17,2.17,1.53,2.17,-45.42,-61.52,-61.52,45.75,61.75,False,False,False,False,False,False,False,False,False,2026-09-11
2490,2490.HK,LC HOLDING,乐舱控股,24.77,300,Equity,Equity Securities (Main Board),4.03,4.05,4.185,4.015,10873800,43.82,4.185,4.324,-3.7,-6.81,-0.49,-4.05,-8.2,7.13,17.73,17.73,7.13,17.73,-41.3,-76.39,-76.39,43.48,77.26,False,False,False,False,False,False,False,False,False,2026-09-11
2493,2493.HK,MABWELL-B,迈威生物－Ｂ,9.57,200,Equity,Equity Securities (Main Board),20.3,20.86,20.86,20.0,209600,4.25,20.596,20.658,-1.44,-1.73,-1.36,-2.59,-2.22,29.18,29.18,29.18,29.18,29.18,-28.51,-28.51,-28.51,30.43,30.43,False,False,False,False,False,False,False,False,False,2026-09-11
2495,2495.HK,VOICECOMM,声通科技,9.0,20,Equity,Equity Securities (Main Board),27.54,27.9,28.06,27.08,34720,0.96,28.924,29.298,-4.78,-6.0,-2.96,-6.71,-7.4,77.15,650.0,650.0,77.15,650.0,-63.63,-95.68,-95.68,64.3,95.76,False,False,False,False,False,False,False,False,False,2026-09-11
2497,2497.HK,FUJING HOLDINGS,富景中国控股,2.7,"2,000",Equity,Equity Securities (Main Board),0.54,0.525,0.545,0.525,90000,0.05,0.514,0.534,5.06,1.22,4.85,14.89,-1.82,0.96,2.4,2.4,0.96,2.4,-43.23,-77.29,-77.29,43.75,77.5,True,False,False,True,False,False,False,False,False,2026-09-11
2498,2498.HK,ROBOSENSE,速腾聚创,79.42,100,Equity,Equity Securities (Main Board),16.84,17.14,17.14,16.5,3876474,65.28,17.504,17.679,-3.79,-4.75,-1.75,-4.15,-7.88,41.46,137.5,137.5,41.46,137.5,-58.66,-87.53,-87.53,59.38,87.75,False,False,False,False,False,False,False,False,False,2026-09-11
2499,2499.HK,FOLANGSI,佛朗斯股份,15.06,200,Equity,Equity Securities (Main Board),5.7,5.65,5.7,5.65,7200,0.04,5.691,5.701,0.16,-0.03,0.71,0.26,0.0,6.23,15.62,15.62,6.23,15.62,-8.51,-63.51,-63.51,8.51,63.51,False,False,False,False,False,False,False,True,False,2026-09-11
2500,2500.HK,VENUS MEDTECH-B,启明医疗－Ｂ,5.4,500,Equity,Equity Securities (Main Board),1.225,1.17,1.35,1.17,1815500,2.22,1.23,1.169,-0.41,4.75,4.7,-1.21,0.41,3.86,5.94,97.0,3.86,5.94,-65.03,-77.27,-98.61,68.26,79.38,False,False,False,False,False,False,False,False,False,2026-09-11
2501,2501.HK,MAIYUE TECH,迈越科技,10.31,"2,000",Equity,Equity Securities (Main Board),1.845,1.925,1.935,1.755,3902000,7.2,1.885,1.815,-2.12,1.62,-4.16,-2.64,-1.86,2.16,2.16,2.16,2.16,2.16,-10.42,-10.42,-10.42,14.58,14.58,False,False,False,False,False,False,False,False,False,2026-09-11
2502,2502.HK,JINYUAN HCHEM,金源氢化,5.73,"2,000",Equity,Equity Securities (Main Board),0.6,0.6,0.6,0.6,12000,0.01,0.599,0.61,0.17,-1.56,0.0,0.0,0.84,0.84,1.09,1.09,0.84,1.09,-28.57,-44.95,-44.95,28.57,44.95,False,False,False,False,False,False,False,False,False,2026-09-11
2503,2503.HK,ZHONGSHENJIANYE,中深建业,8.51,"4,000",Equity,Equity Securities (Main Board),0.248,0.255,0.265,0.248,2087880,0.52,0.253,0.253,-2.13,-1.9,-4.62,-0.8,-2.75,0.58,2.06,2.06,0.58,2.06,-54.31,-87.14,-87.14,57.24,87.96,False,False,False,False,False,False,False,False,False,2026-09-11
2505,2505.HK,EDA GROUP HLDGS,ＥＤＡ集团控股,2.83,"1,000",Equity,Equity Securities (Main Board),0.61,0.6,0.61,0.595,67000,0.04,0.564,0.556,8.16,9.61,-1.61,15.09,14.02,1.8,8.47,8.47,1.8,8.47,-66.11,-92.8,-92.8,66.11,92.8,False,False,False,False,False,False,False,False,False,2026-09-11
2506,2506.HK,XUNFEIHEALTH,讯飞医疗科技,52.29,50,Equity,Equity Securities (Main Board),67.65,65.0,67.65,64.4,84320,5.7,68.86,70.035,-1.76,-3.41,0.89,-4.58,-4.85,114.7,181.7,181.7,114.7,181.7,-41.02,-62.77,-62.77,41.02,62.77,False,False,False,False,False,False,False,False,False,2026-09-11
2507,2507.HK,CIRRUS,西锐,163.82,100,Equity,Equity Securities (Main Board),44.76,44.0,44.96,40.18,491706,22.01,45.14,45.696,-0.84,-2.05,-0.27,-0.71,-2.57,69.5,76.5,76.5,69.5,76.5,-35.31,-41.23,-41.23,35.6,41.49,False,False,False,False,False,False,False,False,False,2026-09-11
2508,2508.HK,SAINT BELLA GP,圣贝拉集团,18.79,500,Equity,Equity Securities (Main Board),3.04,3.02,3.17,2.985,770000,2.34,3.024,3.078,0.53,-1.25,1.67,-1.94,0.66,5.9,11.0,11.0,5.9,11.0,-46.27,-71.18,-71.18,48.47,72.36,False,False,False,False,False,False,False,False,False,2026-09-11
2509,2509.HK,QYUNS-B,荃信生物－Ｂ,36.28,200,Equity,Equity Securities (Main Board),16.24,16.17,16.8,16.0,125600,2.04,16.39,16.443,-0.92,-1.23,-1.1,-1.58,-1.22,24.5,36.5,36.5,24.5,36.5,-31.43,-53.97,-53.97,33.71,55.51,False,False,False,False,False,False,False,False,False,2026-09-11
2510,2510.HK,TS LINES,德翔海运,226.94,"1,000",Equity,Equity Securities (Main Board),13.63,14.0,14.0,13.5,3402100,46.37,13.976,13.844,-2.48,-1.55,-3.95,-1.87,-2.22,14.3,14.3,14.3,14.3,14.3,-2.1,-2.1,-2.1,4.69,4.69,False,False,False,False,False,False,False,True,True,2026-09-11
2511,2511.HK,HIGHTIDE-B,君圣泰医药－Ｂ,22.45,500,Equity,Equity Securities (Main Board),3.35,3.6,3.61,3.295,648525,2.17,3.467,3.296,-3.37,1.65,-4.56,-8.09,8.77,4.72,13.18,13.18,4.72,13.18,-23.52,-72.61,-72.61,29.03,74.58,False,False,False,False,False,False,False,False,False,2026-09-11
2512,2512.HK,CLOUD FACTORY,云工场,12.99,"1,000",Equity,Equity Securities (Main Board),2.71,2.58,2.71,2.52,10000,0.03,2.758,2.771,-1.74,-2.2,-2.17,-2.17,-2.17,3.78,5.69,5.69,3.78,5.69,-28.31,-52.37,-52.37,28.31,52.37,False,False,False,False,False,False,False,False,False,2026-09-11
2513,2513.HK,Z.AI,智谱,1911.88,100,Equity,Equity Securities (Main Board),793.0,800.0,847.5,766.0,6964060,5522.5,891.9,1013.35,-11.09,-21.74,-3.17,-13.43,-26.23,2980.0,2980.0,2980.0,2980.0,2980.0,-71.56,-71.56,-71.56,73.39,73.39,False,False,False,False,False,False,False,False,False,2026-09-11
2515,2515.HK,TJCD,天津建发,14.23,"2,000",Equity,Equity Securities (Main Board),4.58,4.1,4.58,4.1,801700,3.67,3.786,3.428,20.97,33.61,13.09,32.37,34.31,4.13,4.13,4.13,4.58,4.58,10.9,10.9,10.9,0.0,0.0,True,False,False,False,True,True,True,True,True,2026-09-11
2516,2516.HK,FAR INTL,泛远国际,6.74,"4,000",Equity,Equity Securities (Main Board),0.72,0.7,0.74,0.7,4868000,3.5,0.731,0.741,-1.5,-2.83,2.86,-2.04,-1.37,1.44,1.68,1.68,1.44,1.68,-48.61,-55.95,-55.95,50.0,57.14,False,False,False,False,False,False,False,False,False,2026-09-11
2517,2517.HK,GUOQUAN,锅圈,42.04,400,Equity,Equity Securities (Main Board),1.635,1.645,1.645,1.615,4874800,7.97,1.686,1.687,-3.02,-3.08,0.0,-6.3,-5.22,4.8,12.34,12.34,4.8,12.34,-65.73,-86.67,-86.67,65.94,86.75,False,False,False,False,False,False,False,False,False,2026-09-11
2518,2518.HK,AUTOHOME-S,汽车之家－Ｓ,194.96,100,Equity,Equity Securities (Main Board),42.32,41.58,42.32,41.56,13400,0.57,41.664,42.028,1.57,0.69,4.24,-0.42,1.15,47.0,67.2,199.6,47.0,67.2,-9.96,-37.02,-78.8,9.96,37.02,False,False,False,True,False,False,False,True,False,2026-09-11
2520,2520.HK,SHANXI INSTALL,山西安装,9.09,"2,000",Equity,Equity Securities (Main Board),2.435,2.39,2.44,2.39,124000,0.3,2.301,2.237,5.82,8.88,2.74,8.22,12.73,2.57,2.57,2.57,2.57,2.57,-5.06,-5.06,-5.06,5.25,5.25,True,False,False,False,False,False,False,True,True,2026-09-11
2521,2521.HK,SHENGHUI CLEAN,升辉清洁,18.13,"7,500",Equity,Equity Securities (Main Board),0.93,0.93,0.94,0.92,1110000,1.03,0.943,0.94,-1.38,-1.12,-0.53,-2.11,-0.53,1.26,1.26,1.26,1.26,1.26,-25.4,-25.4,-25.4,26.19,26.19,False,False,False,False,False,False,False,False,False,2026-09-11
2522,2522.HK,RIMAG GROUP,一脉阳光,17.02,500,Equity,Equity Securities (Main Board),4.955,5.165,5.165,4.9,1077500,5.34,5.08,5.145,-2.46,-3.69,-4.71,-0.2,-3.51,10.54,71.95,71.95,10.54,71.95,-51.0,-92.82,-92.82,52.99,93.11,False,False,False,False,False,False,False,False,False,2026-09-11
2525,2525.HK,HESAI-W,禾赛－Ｗ,175.43,100,Equity,Equity Securities (Main Board),16.85,17.0,17.04,16.6,10131667,170.72,16.186,16.133,4.1,4.44,5.18,5.18,5.18,28.85,30.5,30.5,28.85,30.5,-40.94,-44.13,-44.13,41.59,44.75,False,False,False,False,False,False,False,False,False,2026-09-11
2526,2526.HK,DIAGENS-B,德适－Ｂ,421.82,50,Equity,Equity Securities (Main Board),474.6,450.0,500.0,421.0,200595,95.2,458.96,490.59,3.41,-3.26,5.47,9.35,-4.24,765.5,765.5,765.5,765.5,765.5,-34.68,-34.68,-34.68,38.0,38.0,False,False,False,False,False,False,False,False,False,2026-09-11
2528,2528.HK,FW FASHION INT,尚晋国际控股,3.52,"2,000",Equity,Equity Securities (Main Board),0.88,0.89,0.89,0.86,52000,0.05,0.888,0.897,-0.9,-1.95,-1.12,-1.12,-1.12,1.02,1.02,1.67,1.02,1.02,-12.75,-12.75,-46.71,13.73,13.73,False,False,False,False,False,False,False,False,False,2026-09-11
2530,2530.HK,NUMANS,纽曼思,7.2,"8,000",Equity,Equity Securities (Main Board),0.72,0.735,0.735,0.72,176000,0.13,0.724,0.722,-0.55,-0.28,-2.04,-0.69,0.0,0.83,0.96,0.96,0.83,0.96,-11.45,-23.44,-23.44,13.25,25.0,False,False,False,False,False,False,False,False,False,2026-09-11
2533,2533.HK,BLACK SESAME,黑芝麻智能,69.91,100,Equity,Equity Securities (Main Board),9.775,10.1,10.11,9.435,8612450,84.19,10.148,10.337,-3.68,-5.44,-4.91,-4.26,-8.13,23.36,43.85,43.85,23.36,43.85,-56.72,-76.94,-76.94,58.15,77.71,False,False,False,False,False,False,False,False,False,2026-09-11
2535,2535.HK,WK GROUP,泓基集团,13.4,"10,000",Equity,Equity Securities (Main Board),0.67,0.7,0.705,0.66,1340000,0.9,0.689,0.706,-2.76,-5.17,-2.19,-3.6,-3.6,1.15,1.15,1.15,1.15,1.15,-38.7,-38.7,-38.7,41.74,41.74,False,False,False,False,False,False,False,False,False,2026-09-11
2536,2536.HK,PALASINO,百乐皇宫,4.84,"1,000",Equity,Equity Securities (Main Board),0.6,0.6,0.6,0.6,5000,0.0,0.61,0.662,-1.64,-9.37,0.0,-3.23,-9.09,2.49,7.19,7.19,2.49,7.19,-75.9,-91.66,-91.66,75.9,91.66,False,False,False,False,False,False,False,False,False,2026-09-11
2539,2539.HK,LEMO SERVICES,乐摩科技,1.99,100,Equity,Equity Securities (Main Board),8.57,8.5,8.69,8.415,12600,0.11,8.72,8.91,-1.72,-3.82,-1.04,-3.65,-7.95,51.95,85.0,85.0,51.95,85.0,-83.27,-89.78,-89.78,83.5,89.92,False,False,False,False,False,False,False,False,False,2026-09-11
2540,2540.HK,LESI GROUP,乐思集团,4.8,"2,500",Equity,Equity Securities (Main Board),0.8,0.78,0.8,0.78,57500,0.05,0.804,0.787,-0.5,1.72,-0.62,-0.62,-0.62,1.44,7.28,7.28,1.44,7.28,-44.44,-89.01,-89.01,44.44,89.01,False,False,False,False,False,False,False,False,False,2026-09-11
2543,2543.HK,DAHON TECH,大行科工,3.12,100,Equity,Equity Securities (Main Board),34.46,35.8,35.8,34.3,102400,3.53,36.26,36.256,-4.96,-4.95,-3.74,-7.17,-5.9,39.68,69.0,69.0,39.68,69.0,-9.78,-48.12,-48.12,13.16,50.06,False,False,False,False,False,False,False,False,False,2026-09-11
2545,2545.HK,ZHONGGAN COMM,中赣通信,2.62,"2,000",Equity,Equity Securities (Main Board),0.41,0.405,0.415,0.4,152000,0.06,0.417,0.419,-1.68,-2.15,-2.38,-1.2,-1.2,0.55,0.83,0.83,0.55,0.83,-24.55,-50.0,-50.0,25.45,50.6,False,False,False,False,False,False,False,False,False,2026-09-11
2546,2546.HK,ZHIHUI MINING,智汇矿业,91.9,"1,000",Equity,Equity Securities (Main Board),18.84,19.0,19.42,18.6,373000,7.03,19.204,19.435,-1.9,-3.06,-3.09,-0.63,-4.66,23.34,23.34,23.34,23.34,23.34,-16.8,-16.8,-16.8,19.28,19.28,False,False,False,False,False,False,False,False,False,2026-09-11
2549,2549.HK,CAROTE LTD,卡罗特,21.76,500,Equity,Equity Securities (Main Board),3.95,4.0,4.03,3.915,145500,0.57,3.941,3.97,0.23,-0.49,-0.88,2.33,-1.25,5.45,10.88,10.88,5.45,10.88,-26.06,-62.96,-62.96,27.52,63.69,False,False,True,False,False,False,False,False,False,2026-09-11
2550,2550.HK,EASOU TECH,宜搜科技,8.99,500,Equity,Equity Securities (Main Board),2.0,2.05,2.1,2.0,2528500,5.06,1.986,1.975,0.7,1.27,-2.44,2.83,0.0,3.23,67.25,67.25,3.23,67.25,-34.98,-96.88,-96.88,38.08,97.03,False,False,False,False,False,False,False,False,False,2026-09-11
2551,2551.HK,APT ELECTRONICS,晶科电子股份,3.79,"1,000",Equity,Equity Securities (Main Board),1.49,1.455,1.5,1.455,15000,0.02,1.527,1.546,-2.42,-3.62,-3.25,-5.1,0.0,2.9,5.95,5.95,2.9,5.95,-48.28,-74.79,-74.79,48.62,74.96,False,False,False,False,False,False,False,False,False,2026-09-11
2552,2552.HK,HUA MEDICINE-B,华领医药－Ｂ,25.89,500,Equity,Equity Securities (Main Board),2.45,2.31,2.45,2.305,607000,1.49,2.459,2.407,-0.37,1.81,1.66,-3.16,6.99,3.94,4.95,9.0,3.94,4.95,-37.82,-50.51,-72.78,37.82,50.51,False,False,False,False,False,False,False,False,False,2026-09-11
2553,2553.HK,SHOUGANG LANZA,首钢朗泽,50.14,200,Equity,Equity Securities (Main Board),18.81,20.0,20.0,18.0,568800,10.7,19.562,21.955,-3.84,-14.32,-5.95,-5.0,-23.54,54.4,54.4,54.4,54.4,54.4,-63.24,-63.24,-63.24,65.42,65.42,False,False,False,False,False,False,False,False,False,2026-09-11
2555,2555.HK,CHABAIDAO,茶百道,60.44,200,Equity,Equity Securities (Main Board),4.09,4.19,4.23,4.025,1599600,6.54,4.211,4.232,-2.87,-3.36,-2.5,-3.99,-4.22,7.03,16.0,16.0,7.03,16.0,-39.83,-73.56,-73.56,41.82,74.44,False,False,False,False,False,False,False,False,False,2026-09-11
2556,2556.HK,MARKETINGFORCE,迈富时,142.97,100,Equity,Equity Securities (Main Board),53.4,56.55,57.45,52.7,6397293,341.62,59.22,60.22,-9.83,-11.33,-6.15,-13.52,-21.01,68.3,144.0,144.0,68.3,144.0,-15.89,-60.1,-60.1,21.82,62.92,False,False,False,False,False,False,False,False,False,2026-09-11
2559,2559.HK,DIDA INC-PF,嘀嗒出行－ＰＦ,10.83,500,Equity,Equity Securities (Main Board),1.055,1.05,1.065,1.035,269000,0.28,1.065,1.031,-0.94,2.33,-1.4,-1.86,-2.31,2.9,5.9,5.9,2.9,5.9,-63.28,-81.95,-81.95,63.62,82.12,False,False,False,False,False,False,False,False,False,2026-09-11
2560,2560.HK,CONCH MAT TECH,海螺材料科技,2.56,"1,000",Equity,Equity Securities (Main Board),1.38,1.385,1.39,1.38,91000,0.13,1.395,1.408,-1.08,-1.99,-1.08,-1.43,-2.47,1.87,2.3,2.3,1.87,2.3,-25.67,-39.57,-39.57,26.2,40.0,False,False,False,False,False,False,False,False,False,2026-09-11
2561,2561.HK,VISEN PHARMA-B,维昇药业－Ｂ,21.93,100,Equity,Equity Securities (Main Board),19.28,19.17,19.3,19.16,4000,0.08,19.442,19.483,-0.83,-1.04,-1.68,-3.6,-2.03,43.3,69.15,69.15,43.3,69.15,-55.43,-72.09,-72.09,55.47,72.12,False,False,False,False,False,False,False,False,False,2026-09-11
2562,2562.HK,SYNAGISTICS,狮腾控股,2.89,500,Equity,Equity Securities (Main Board),0.62,0.63,0.63,0.59,4083279,2.53,0.685,0.961,-9.49,-35.48,-1.59,-15.07,-48.97,5.27,50.05,50.05,5.27,50.05,-88.05,-98.74,-98.74,88.24,98.76,False,False,False,False,False,False,False,False,False,2026-09-11
2563,2563.HK,BIOSTAR PHARM-B,华昊中天医药－Ｂ,16.75,200,Equity,Equity Securities (Main Board),4.3,4.2,4.3,4.08,26800,0.12,4.054,3.882,6.07,10.77,2.38,9.69,15.59,5.25,39.5,39.5,5.25,39.5,-18.1,-89.11,-89.11,18.1,89.11,True,True,False,False,False,False,False,False,False,2026-09-11
2565,2565.HK,PEGBIO CO-B,派格生物医药－Ｂ,22.43,50,Equity,Equity Securities (Main Board),5.81,5.62,5.825,5.475,9901450,57.53,5.651,5.625,2.81,3.28,3.38,3.01,1.31,76.25,77.0,77.0,76.25,77.0,-92.36,-92.44,-92.44,92.38,92.45,False,False,False,True,False,False,False,False,False,2026-09-11
2566,2566.HK,JIUYUAN GENE,九源基因,12.98,200,Equity,Equity Securities (Main Board),5.4,5.275,5.4,5.23,23600,0.13,5.226,5.269,3.33,2.49,5.57,4.25,2.86,10.84,16.29,16.29,10.84,16.29,-50.18,-66.85,-66.85,50.18,66.85,False,False,False,True,False,False,False,False,False,2026-09-11
2567,2567.HK,QINIU,七牛智能,6.91,"1,000",Equity,Equity Securities (Main Board),0.345,0.33,0.345,0.33,344000,0.12,0.341,0.342,1.17,1.02,4.55,-1.43,-1.43,0.76,1.68,1.68,0.76,1.68,-54.61,-79.46,-79.46,54.61,79.46,False,False,False,True,False,False,False,False,False,2026-09-11
2569,2569.HK,SOFT INTL,舒宝国际,14.3,"5,000",Equity,Equity Securities (Main Board),1.43,1.36,1.43,1.36,990000,1.42,1.363,1.354,4.92,5.65,5.15,7.12,6.72,1.38,1.68,1.68,1.43,1.68,3.25,-14.88,-14.88,0.0,14.88,False,False,False,False,True,False,False,True,False,2026-09-11
2570,2570.HK,REFIRE,重塑能源,7.58,20,Equity,Equity Securities (Main Board),8.385,8.8,9.255,8.135,285100,2.39,9.144,11.836,-8.3,-29.16,-4.28,-12.66,-40.15,75.3,316.2,316.2,75.3,316.2,-87.71,-97.07,-97.07,88.86,97.35,False,False,False,False,False,False,False,False,False,2026-09-11
2571,2571.HK,SAIMO,赛目科技,5.03,200,Equity,Equity Securities (Main Board),15.08,16.0,16.0,15.0,13000,0.2,15.816,15.422,-4.65,-2.22,-5.75,-5.75,-0.13,18.0,18.0,18.0,18.0,18.0,-11.11,-11.11,-11.11,16.22,16.22,False,False,False,False,False,False,False,False,False,2026-09-11
2573,2573.HK,NEWTREND GROUP,新琪安,5.33,200,Equity,Equity Securities (Main Board),5.54,5.54,5.54,5.54,11000,0.06,5.518,5.514,0.4,0.48,-0.18,0.73,1.0,8.31,30.25,30.25,8.31,30.25,-33.33,-81.69,-81.69,33.33,81.69,False,False,False,False,False,False,False,False,False,2026-09-11
2575,2575.HK,XUANZHUBIO-B,轩竹生物－Ｂ,46.3,500,Equity,Equity Securities (Main Board),8.94,8.875,8.94,8.005,1974000,17.65,9.417,9.772,-5.07,-8.51,0.68,-9.7,-14.29,79.1,96.9,96.9,79.1,96.9,-88.7,-90.77,-90.77,88.7,90.77,False,False,False,False,False,False,False,False,False,2026-09-11
2576,2576.HK,TAIMEI TECH,太美医疗科技,9.29,200,Equity,Equity Securities (Main Board),4.8,4.8,4.86,4.7,57800,0.28,4.951,5.085,-3.05,-5.6,0.73,-4.0,-12.73,7.5,11.68,11.68,7.5,11.68,-35.2,-58.39,-58.39,36.0,58.9,False,False,False,False,False,False,False,False,False,2026-09-11
2577,2577.HK,INNOSCIENCE,英诺赛科,378.64,100,Equity,Equity Securities (Main Board),42.1,43.1,43.1,41.06,4294824,180.81,43.704,44.248,-3.67,-4.85,-3.84,-2.55,-4.54,89.8,106.1,106.1,89.8,106.1,-52.0,-59.38,-59.38,53.12,60.32,False,False,False,False,False,False,False,False,False,2026-09-11
2579,2579.HK,CNGR,中伟新材,23.97,200,Equity,Equity Securities (Main Board),23.0,23.4,23.5,22.76,780505,17.95,24.14,24.812,-4.72,-7.3,-3.2,-6.58,-8.87,46.44,46.44,46.44,46.44,46.44,-49.4,-49.4,-49.4,50.47,50.47,False,False,False,False,False,False,False,False,False,2026-09-11
2580,2580.HK,AUX ELECTRIC,奥克斯电气,153.58,200,Equity,Equity Securities (Main Board),9.67,9.7,9.8,9.58,504800,4.88,9.697,9.559,-0.28,1.17,-1.33,-0.97,2.87,13.79,16.79,16.79,13.79,16.79,-28.93,-41.63,-41.63,29.88,42.41,False,False,False,False,False,False,False,False,False,2026-09-11
2581,2581.HK,BENQ HOLDING,明基医院,8.64,500,Equity,Equity Securities (Main Board),2.77,2.795,2.795,2.77,59500,0.16,2.781,2.752,-0.4,0.65,0.0,-0.72,2.59,4.49,6.5,6.5,4.49,6.5,-37.75,-57.0,-57.0,38.31,57.38,False,False,False,False,False,False,False,False,False,2026-09-11
2582,2582.HK,GUOFUHEE,国富氢能,5.63,50,Equity,Equity Securities (Main Board),4.7,4.96,4.96,4.6,474100,2.23,5.467,7.019,-14.03,-33.04,-5.53,-22.44,-41.25,49.5,157.2,157.2,49.5,157.2,-89.98,-96.84,-96.84,90.51,97.01,False,False,False,False,False,False,False,False,False,2026-09-11
2583,2583.HK,HIPINE,西普尼,43.85,100,Equity,Equity Securities (Main Board),74.55,74.9,75.5,71.05,104900,7.82,79.12,79.83,-5.78,-6.61,0.4,-10.72,-14.65,216.0,216.0,216.0,216.0,216.0,-65.05,-65.05,-65.05,65.49,65.49,False,False,False,False,False,False,False,False,False,2026-09-11
2585,2585.HK,MOKINGRAN,梦金园,69.78,200,Equity,Equity Securities (Main Board),25.56,28.38,28.42,25.56,516400,13.2,27.792,28.732,-8.03,-11.04,-10.06,-8.32,-13.65,34.88,34.88,34.88,34.88,34.88,-18.52,-18.52,-18.52,26.72,26.72,False,False,False,False,False,False,False,False,False,2026-09-11
2586,2586.HK,DMALL,多点数智,38.02,100,Equity,Equity Securities (Main Board),4.39,3.955,4.77,3.895,23331450,102.43,4.123,4.162,6.48,5.48,10.16,6.94,1.15,9.68,21.75,21.75,9.68,21.75,-50.72,-78.07,-78.07,54.65,79.82,False,False,False,True,False,False,False,False,False,2026-09-11
2587,2587.HK,HEALTHYWAY INC,健康之路,7.87,500,Equity,Equity Securities (Main Board),0.9,0.975,0.995,0.86,7528500,6.78,1.062,1.35,-15.25,-33.31,-9.55,-23.4,-42.68,6.56,62.7,62.7,6.56,62.7,-84.83,-98.41,-98.41,86.28,98.56,False,False,False,False,False,False,False,False,False,2026-09-11
2588,2588.HK,BOC AVIATION,中银航空租赁,517.38,100,Equity,Equity Securities (Main Board),74.55,73.3,75.1,72.6,1967440,146.67,74.16,73.55,0.53,1.36,0.54,0.07,1.98,91.95,91.95,91.95,91.95,91.95,-18.33,-18.33,-18.33,18.92,18.92,False,False,False,True,False,False,False,False,False,2026-09-11
2589,2589.HK,AUNTEA JENNY,沪上阿姨,74.42,30,Equity,Equity Securities (Main Board),78.6,79.5,79.9,78.4,37510,2.95,80.47,80.69,-2.32,-2.59,-1.63,-3.44,-3.56,176.9,197.6,197.6,176.9,197.6,-54.83,-59.56,-59.56,55.57,60.22,False,False,False,False,False,False,False,False,False,2026-09-11
2590,2590.HK,GEEKPLUS-W,极智嘉－Ｗ,86.36,200,Equity,Equity Securities (Main Board),8.75,8.81,8.89,8.52,16202462,141.77,9.16,9.134,-4.48,-4.2,-0.96,-6.32,-5.05,33.5,33.9,33.9,33.5,33.9,-73.46,-73.78,-73.78,73.88,74.19,False,False,False,False,False,False,False,False,False,2026-09-11
2591,2591.HK,INNOGEN-B,银诺医药－Ｂ,16.77,200,Equity,Equity Securities (Main Board),3.99,3.95,4.15,3.8,15605400,62.27,3.779,3.698,5.58,7.88,1.27,7.98,10.99,48.36,74.0,74.0,48.36,74.0,-91.42,-94.39,-94.39,91.75,94.61,True,False,False,False,False,False,False,False,False,2026-09-11
2593,2593.HK,HERBS GROUP,草姬集团,1.25,800,Equity,Equity Securities (Main Board),0.94,0.94,0.94,0.93,87200,0.08,0.944,0.947,-0.42,-0.74,0.0,1.08,-1.05,1.22,5.05,5.05,1.22,5.05,-22.95,-81.39,-81.39,22.95,81.39,False,False,False,False,False,False,False,False,False,2026-09-11
2595,2595.HK,GENFLEET-B,劲方医药－Ｂ,89.53,200,Equity,Equity Securities (Main Board),25.48,25.02,26.0,24.88,599600,15.28,26.536,27.504,-3.98,-7.36,-1.85,-5.84,-7.35,52.9,52.9,52.9,52.9,52.9,-50.85,-50.85,-50.85,51.83,51.83,False,False,False,False,False,False,False,False,False,2026-09-11
2596,2596.HK,YIBIN BANK,宜宾银行,18.24,"1,000",Equity,Equity Securities (Main Board),2.65,2.65,2.65,2.65,95000,0.25,2.642,2.637,0.3,0.51,0.38,0.38,0.38,2.7,2.7,2.7,2.7,2.7,-1.85,-1.85,-1.85,1.85,1.85,False,False,False,False,False,False,False,True,True,2026-09-11
2597,2597.HK,XUNZHONG,讯众通信,11.97,500,Equity,Equity Securities (Main Board),39.32,42.0,44.98,39.32,54000,2.12,37.368,36.888,5.22,6.59,-7.44,12.28,13.25,49.08,49.08,49.08,49.08,49.08,-8.35,-8.35,-8.35,19.89,19.89,False,False,False,False,False,False,False,False,False,2026-09-11
2598,2598.HK,LIANLIAN,连连数字,15.35,500,Equity,Equity Securities (Main Board),3.575,3.62,3.62,3.53,733500,2.62,3.712,3.769,-3.69,-5.15,-2.85,-4.92,-7.74,7.8,18.0,18.0,7.8,18.0,-53.59,-79.89,-79.89,54.17,80.14,False,False,False,False,False,False,False,False,False,2026-09-11
2600,2600.HK,CHALCO,中国铝业,329.12,"2,000",Equity,Equity Securities (Main Board),8.345,8.53,8.53,8.18,45351027,378.45,8.771,8.713,-4.86,-4.22,-4.68,-7.59,-4.74,15.55,15.55,15.55,15.55,15.55,-45.14,-45.14,-45.14,46.33,46.33,False,False,False,False,False,False,False,False,False,2026-09-11
2601,2601.HK,CPIC,中国太保,815.94,200,Equity,Equity Securities (Main Board),29.4,29.44,29.44,28.7,6984284,205.34,29.616,30.234,-0.73,-2.76,-0.68,-0.34,-6.61,40.46,40.46,42.75,40.46,40.46,-27.24,-27.24,-31.13,27.34,27.34,False,False,False,False,False,False,False,False,False,2026-09-11
2602,2602.HK,ONEWO,万物云,219.94,100,Equity,Equity Securities (Main Board),19.16,19.47,19.65,19.14,917247,17.57,19.48,19.484,-1.64,-1.66,-3.62,-2.24,-2.29,21.3,28.25,57.1,21.3,28.25,-7.75,-30.44,-65.59,10.05,32.18,False,False,False,False,False,False,False,False,False,2026-09-11
2603,2603.HK,JIHONG CO,吉宏股份,9.85,500,Equity,Equity Securities (Main Board),12.75,12.9,12.95,12.55,2247500,28.66,12.836,12.774,-0.67,-0.19,-1.16,-2.52,-1.01,18.68,20.4,20.4,18.68,20.4,-30.67,-36.52,-36.52,31.75,37.5,False,False,False,False,False,False,False,False,False,2026-09-11
2605,2605.HK,METALIGHT,METALIGHT,1.7,400,Equity,Equity Securities (Main Board),1.1,1.12,1.14,1.1,87200,0.1,1.136,1.151,-3.17,-4.47,-1.79,-5.58,-5.17,2.87,8.31,8.31,2.87,8.31,-60.28,-86.28,-86.28,61.67,86.76,False,False,False,False,False,False,False,False,False,2026-09-11
2607,2607.HK,SH PHARMA,上海医药,101.37,100,Equity,Equity Securities (Main Board),11.03,11.22,11.22,11.0,1900942,20.97,11.348,11.405,-2.8,-3.29,-1.08,-4.42,-4.67,12.32,14.7,24.55,12.32,14.7,-8.93,-23.67,-54.3,10.47,24.97,False,False,False,False,False,False,False,False,False,2026-09-11
2608,2608.HK,SUNSHINE 100,阳光１００中国,0.28,"1,000",Equity,Equity Securities (Main Board),0.011,0.01,0.011,0.01,115776000,1.27,0.011,0.011,0.0,-0.9,0.0,0.0,0.0,0.01,0.37,4.21,0.01,0.37,-26.67,-97.03,-99.74,26.67,97.03,False,False,False,False,False,False,False,False,False,2026-09-11
2609,2609.HK,BAYZED HEALTH,佰泽医疗,36.98,600,Equity,Equity Securities (Main Board),2.805,2.77,2.805,2.65,2297400,6.44,2.847,2.951,-1.48,-4.95,0.9,-3.28,-5.24,5.82,19.88,19.88,5.82,19.88,-51.8,-85.89,-85.89,51.8,85.89,False,False,False,False,False,False,False,False,False,2026-09-11
2610,2610.HK,NANSHAN AL INTL,南山铝业国际,155.36,100,Equity,Equity Securities (Main Board),25.04,25.64,25.64,24.32,1148800,28.77,25.924,25.784,-3.41,-2.89,-2.34,-3.77,-2.26,74.8,74.8,74.8,74.8,74.8,-65.72,-65.72,-65.72,66.52,66.52,False,False,False,False,False,False,False,False,False,2026-09-11
2611,2611.HK,GTHT,国泰海通,517.1,200,Equity,Equity Securities (Main Board),14.75,14.96,15.03,14.49,10249257,151.18,14.96,15.079,-1.4,-2.18,-1.93,-0.81,-4.35,18.53,18.56,21.35,18.53,18.56,-18.89,-19.02,-29.6,20.4,20.53,False,False,False,False,False,False,False,False,False,2026-09-11
2616,2616.HK,CSTONE PHARMA-B,基石药业－Ｂ,92.35,500,Equity,Equity Securities (Main Board),5.785,5.99,5.99,5.555,25006500,144.66,6.055,6.028,-4.46,-4.03,-4.85,-6.32,-6.54,10.41,13.15,19.12,10.41,13.15,-42.46,-54.45,-68.67,44.43,56.01,False,False,False,False,False,False,False,False,False,2026-09-11
2617,2617.HK,TRANSTHERA-B,药捷安康－Ｂ,29.25,500,Equity,Equity Securities (Main Board),9.375,9.425,9.49,9.01,3499500,32.81,9.552,9.828,-1.85,-4.61,-0.9,-3.2,-7.64,120.4,679.5,679.5,120.4,679.5,-92.12,-98.6,-98.6,92.21,98.62,False,False,False,False,False,False,False,False,False,2026-09-11
2618,2618.HK,JD LOGISTICS,京东物流,715.24,100,Equity,Equity Securities (Main Board),10.79,10.62,10.82,10.57,10464438,112.91,10.916,10.965,-1.15,-1.6,0.37,-2.09,-3.4,16.76,16.84,48.15,16.76,16.84,-35.44,-35.75,-77.53,35.62,35.93,False,False,False,False,False,False,False,False,False,2026-09-11
2619,2619.HK,XJ ELECTRICS,香江电器,0.85,"1,000",Equity,Equity Securities (Main Board),1.245,1.245,1.245,1.245,1000,0.0,1.253,1.255,-0.64,-0.84,-0.8,-1.58,2.05,2.61,2.61,2.61,2.61,2.61,-52.3,-52.3,-52.3,52.3,52.3,False,False,False,False,False,False,False,False,False,2026-09-11
2621,2621.HK,SHOUHUI GROUP,手回集团,6.37,400,Equity,Equity Securities (Main Board),2.815,2.825,2.825,2.685,13600,0.04,2.819,2.807,-0.14,0.29,-0.53,0.9,1.26,3.79,7.5,7.5,3.79,7.5,-25.46,-62.33,-62.33,25.73,62.47,False,False,False,False,False,False,False,False,False,2026-09-11
2623,2623.HK,HK GOLD IND GP,香港黄金产业集团,19.81,500,Equity,Equity Securities (Main Board),3.61,3.45,3.68,3.45,833900,3.01,3.597,3.721,0.36,-2.98,0.28,1.55,-5.12,6.77,6.77,7.57,6.77,6.77,-45.64,-45.64,-51.37,46.68,46.68,True,False,False,False,False,False,False,False,False,2026-09-11
2625,2625.HK,JIANGSU HORIZON,江苏宏信,3.39,"1,000",Equity,Equity Securities (Main Board),1.44,1.32,1.47,1.32,133000,0.19,1.68,1.797,-14.29,-19.87,1.05,-22.58,-23.4,5.4,8.86,8.86,5.4,8.86,-72.78,-83.41,-83.41,73.33,83.75,False,False,False,False,False,False,False,False,False,2026-09-11
2628,2628.HK,CHINA LIFE,中国人寿,2202.59,"1,000",Equity,Equity Securities (Main Board),29.6,29.84,30.08,29.14,30884407,914.18,29.88,30.068,-0.94,-1.56,-1.79,-0.07,-4.21,36.16,36.16,36.16,36.16,36.16,-16.81,-16.81,-16.81,18.14,18.14,False,False,False,False,False,False,False,False,False,2026-09-11
2630,2630.HK,VIGONVITA-B,旺山旺水－Ｂ,125.17,200,Equity,Equity Securities (Main Board),75.0,82.0,82.0,73.0,101800,7.63,84.05,91.15,-10.77,-17.72,-7.64,-14.92,-21.14,134.9,134.9,134.9,134.9,134.9,-39.21,-39.21,-39.21,44.4,44.4,False,False,False,False,False,False,False,False,False,2026-09-11
2631,2631.HK,SICC,天岳先进,32.97,100,Equity,Equity Securities (Main Board),60.05,60.2,60.6,58.65,1169200,70.21,63.4,64.15,-5.28,-6.39,-2.36,-6.25,-5.43,138.7,138.7,138.7,138.7,138.7,-56.31,-56.31,-56.31,56.71,56.71,False,False,False,False,False,False,False,False,False,2026-09-11
2632,2632.HK,NEW VISION CO,泽景股份,67.22,50,Equity,Equity Securities (Main Board),61.65,60.9,68.95,58.6,187900,11.58,62.04,70.52,-0.63,-12.58,1.23,-7.22,-16.63,137.5,137.5,137.5,137.5,137.5,-49.85,-49.85,-49.85,55.16,55.16,False,False,False,False,False,False,False,False,False,2026-09-11
2633,2633.HK,JACOBSON PHARMA,雅各臣科研制药,19.0,"2,000",Equity,Equity Securities (Main Board),0.95,0.99,0.99,0.95,196000,0.19,0.977,1.009,-2.76,-5.89,-2.56,-3.06,-9.52,1.31,1.78,1.78,1.31,1.78,-24.43,-44.38,-44.38,27.48,46.63,False,False,False,False,False,False,False,False,False,2026-09-11
2635,2635.HK,NUOBIKAN,诺比侃,32.53,100,Equity,Equity Securities (Main Board),10.69,10.38,13.5,10.2,48131800,514.53,10.299,10.52,3.8,1.61,6.05,5.32,0.09,83.2,83.2,83.2,83.2,83.2,-83.77,-83.77,-83.77,87.15,87.15,False,False,False,True,False,False,False,False,False,2026-09-11
2637,2637.HK,HAIXI PHARMA,海西新药,151.91,50,Equity,Equity Securities (Main Board),193.0,185.4,198.8,183.2,147700,28.51,194.22,195.61,-0.63,-1.33,1.74,-1.88,-3.16,302.4,302.4,302.4,302.4,302.4,-34.26,-34.26,-34.26,36.18,36.18,False,False,False,False,False,False,False,False,False,2026-09-11
2638,2638.HK,HKELECTRIC-SS,港灯－ＳＳ,558.01,500,Equity,Equity Securities (Main Board),6.315,6.36,6.36,6.28,2696246,17.03,6.328,6.313,-0.21,0.03,-0.71,0.16,0.48,7.1,7.1,8.32,7.1,7.1,-10.42,-10.42,-23.56,11.06,11.06,False,False,False,False,False,False,False,False,False,2026-09-11
2643,2643.HK,CAOCAO INC,曹操出行,68.93,100,Equity,Equity Securities (Main Board),11.87,12.36,12.68,11.85,1942955,23.06,12.874,13.383,-7.8,-11.31,-5.72,-9.8,-14.36,39.34,92.5,92.5,39.34,92.5,-67.77,-86.29,-86.29,69.83,87.17,False,False,False,False,False,False,False,False,False,2026-09-11
2648,2648.HK,ANJOY FOOD,安井食品,24.3,100,Equity,Equity Securities (Main Board),60.75,61.7,61.7,59.7,546902,33.22,61.85,62.795,-1.78,-3.26,-1.22,-4.26,-3.57,94.1,94.1,94.1,94.1,94.1,-34.43,-34.43,-34.43,35.44,35.44,False,False,False,False,False,False,False,False,False,2026-09-11
2650,2650.HK,ZHIDA TECH,挚达科技,32.38,50,Equity,Equity Securities (Main Board),10.18,14.36,14.6,9.915,99725550,1015.21,9.29,8.826,9.58,15.34,-31.77,49.49,29.52,65.28,65.28,65.28,65.28,65.28,-77.63,-77.63,-77.63,84.41,84.41,False,False,False,False,False,False,False,False,False,2026-09-11
2651,2651.HK,DAZHONG DENTAL,大众口腔,5.17,100,Equity,Equity Securities (Main Board),28.38,29.0,29.0,28.38,7900,0.22,28.88,28.124,-1.73,0.91,0.5,-1.05,1.07,31.3,31.3,31.3,31.3,31.3,-7.35,-7.35,-7.35,9.33,9.33,False,False,False,False,False,False,False,True,True,2026-09-11
2652,2652.HK,CF PHARMTECH,长风药业,33.42,100,Equity,Equity Securities (Main Board),10.36,9.695,10.65,9.605,5751050,59.58,9.911,11.295,4.53,-8.27,7.92,3.91,-5.82,39.5,48.8,48.8,39.5,48.8,-73.04,-78.18,-78.18,73.77,78.77,False,False,False,False,False,False,False,False,False,2026-09-11
2655,2655.HK,GUOXIA TECH,果下科技,61.3,100,Equity,Equity Securities (Main Board),15.53,17.98,17.98,15.47,8318200,129.18,15.722,15.921,-1.22,-2.46,-1.46,-1.15,-3.24,76.8,76.8,76.8,76.8,76.8,-76.59,-76.59,-76.59,79.78,79.78,False,False,False,False,False,False,False,False,False,2026-09-11
2656,2656.HK,160 HEALTH,健康１６０,29.71,250,Equity,Equity Securities (Main Board),8.555,8.91,9.095,8.405,1321000,11.3,9.246,9.667,-7.47,-11.5,-3.88,-12.79,-14.28,158.4,158.4,158.4,158.4,158.4,-94.26,-94.26,-94.26,94.6,94.6,False,False,False,False,False,False,False,False,False,2026-09-11
2657,2657.HK,FOREST CABIN,林清轩,56.3,50,Equity,Equity Securities (Main Board),53.05,55.0,55.0,48.58,106200,5.63,53.81,55.595,-1.41,-4.58,-2.3,-2.39,-5.27,96.0,96.0,96.0,96.0,96.0,-42.71,-42.71,-42.71,44.74,44.74,False,False,False,False,False,False,False,False,False,2026-09-11
2658,2658.HK,TIANYU SEMI,天域半导体,20.47,50,Equity,Equity Securities (Main Board),34.7,37.1,37.1,34.08,112300,3.9,37.208,37.842,-6.74,-8.3,-8.15,-7.61,-7.12,63.5,63.5,63.5,63.5,63.5,-41.57,-41.57,-41.57,45.35,45.35,False,False,False,False,False,False,False,False,False,2026-09-11
2659,2659.HK,BAO PHARMA-B,宝济药业－Ｂ,21.68,100,Equity,Equity Securities (Main Board),14.31,14.9,14.9,14.31,282600,4.04,15.35,15.896,-6.78,-9.98,-3.96,-10.56,-10.9,206.0,206.0,206.0,206.0,206.0,-92.77,-92.77,-92.77,93.05,93.05,False,False,False,False,False,False,False,False,False,2026-09-11
2660,2660.HK,ZENGAME,禅游科技,24.43,"2,000",Equity,Equity Securities (Main Board),2.335,2.31,2.35,2.305,418000,0.98,2.334,2.317,0.04,0.76,-0.43,-0.21,1.3,2.88,5.88,5.88,2.88,5.88,-18.4,-60.03,-60.03,18.92,60.29,False,False,False,True,False,False,False,False,False,2026-09-11
2661,2661.HK,QINGSONG HEALTH,轻松健康,9.29,200,Equity,Equity Securities (Main Board),4.5,4.97,5.46,4.365,52959600,238.32,4.639,4.759,-3.0,-5.45,-6.83,-3.43,-9.73,162.7,162.7,162.7,162.7,162.7,-96.64,-96.64,-96.64,97.23,97.23,False,False,False,False,False,False,False,False,False,2026-09-11
2663,2663.HK,KPA-BM HLDGS,应力控股,2.48,"10,000",Equity,Equity Securities (Main Board),0.445,0.43,0.475,0.43,30000,0.01,0.451,0.45,-1.33,-1.11,-4.3,1.14,2.3,0.52,0.52,0.86,0.52,0.52,-9.52,-9.52,-44.77,15.24,15.24,False,False,False,False,False,False,False,False,False,2026-09-11
2665,2665.HK,SEYOND,图达通,26.84,500,Equity,Equity Securities (Main Board),2.05,2.065,2.235,2.01,7021000,14.39,2.094,2.14,-2.1,-4.21,-0.73,-2.38,-6.61,13.98,17.88,17.88,13.98,17.88,-84.01,-87.5,-87.5,85.34,88.53,False,False,False,False,False,False,False,False,False,2026-09-11
2666,2666.HK,UNI MEDICAL,环球医疗,91.34,500,Equity,Equity Securities (Main Board),4.535,4.605,4.63,4.535,17473966,79.24,4.652,4.628,-2.52,-2.01,-2.05,-4.22,-2.37,6.39,6.71,8.47,6.39,6.71,-27.54,-31.0,-45.34,29.03,32.41,False,False,False,False,False,False,False,False,False,2026-09-11
2667,2667.HK,TONGRENTANGCARE,同仁堂医养,5.23,500,Equity,Equity Securities (Main Board),2.395,2.34,2.4,2.335,192000,0.46,2.378,2.412,0.71,-0.68,4.81,-0.21,0.0,4.79,4.79,4.79,4.79,4.79,-49.9,-49.9,-49.9,50.0,50.0,False,False,False,False,False,False,False,False,False,2026-09-11
2668,2668.HK,PAK TAK INT'L,百德国际,29.28,"10,000",Equity,Equity Securities (Main Board),0.52,0.505,0.54,0.5,17090000,8.89,0.515,0.559,0.97,-6.98,-0.95,-2.8,9.47,0.69,1.4,1.4,0.69,1.4,-21.17,-61.43,-61.43,24.09,62.86,False,False,True,False,False,False,False,False,False,2026-09-11
2669,2669.HK,CHINA OVS PPT,中海物业,107.39,"5,000",Equity,Equity Securities (Main Board),3.27,3.395,3.405,3.27,40048788,130.96,3.47,3.48,-5.76,-6.03,-6.44,-7.76,-8.53,4.95,9.71,11.04,4.95,9.71,-31.21,-64.93,-69.16,33.94,66.32,False,False,False,False,False,False,False,False,False,2026-09-11
2670,2670.HK,YUNJI,云迹,67.96,50,Equity,Equity Securities (Main Board),98.0,88.65,106.6,88.65,1038500,101.77,96.03,106.735,2.05,-8.18,10.73,-6.04,-11.87,358.4,358.4,358.4,358.4,358.4,-70.26,-70.26,-70.26,72.66,72.66,False,False,False,False,False,False,False,False,False,2026-09-11
2672,2672.HK,BAIGE DIGITAL,白鸽在线,51.72,200,Equity,Equity Securities (Main Board),34.26,33.38,38.0,32.52,3588799,122.95,33.996,44.743,0.78,-23.43,3.88,1.12,-39.79,79.0,79.0,79.0,79.0,79.0,-51.9,-51.9,-51.9,56.63,56.63,False,False,False,False,False,False,False,False,False,2026-09-11
2675,2675.HK,EDGE MEDICAL-B,精锋医疗－Ｂ,120.43,100,Equity,Equity Securities (Main Board),37.0,35.28,37.08,34.02,3463507,128.15,36.756,35.182,0.66,5.17,3.64,0.93,9.34,73.7,73.7,73.7,73.7,73.7,-49.69,-49.69,-49.69,49.8,49.8,False,False,False,True,False,False,False,False,False,2026-09-11
2676,2676.HK,NOVOSENSE,纳芯微,31.49,100,Equity,Equity Securities (Main Board),156.7,156.0,157.1,150.8,75900,11.89,157.3,156.66,-0.38,0.03,-0.57,0.97,1.16,252.0,252.0,252.0,252.0,252.0,-37.66,-37.66,-37.66,37.82,37.82,False,False,False,False,False,False,False,False,False,2026-09-11
2677,2677.HK,DISTINCT HEALTH,卓正医疗,15.11,50,Equity,Equity Securities (Main Board),23.4,23.62,24.1,22.78,3950,0.09,23.296,23.29,0.45,0.47,1.12,1.56,-0.09,90.85,90.85,90.85,90.85,90.85,-73.47,-73.47,-73.47,74.24,74.24,False,False,False,True,False,False,False,False,False,2026-09-11
2678,2678.HK,TEXHONG INTL GP,天虹国际集团,52.72,500,Equity,Equity Securities (Main Board),5.75,5.73,5.845,5.73,256500,1.47,5.825,6.024,-1.29,-4.54,-0.86,-2.54,-7.26,7.64,7.64,14.56,7.64,7.64,-23.49,-23.49,-59.86,24.74,24.74,False,False,False,False,False,False,False,False,False,2026-09-11
2680,2680.HK,AUSTRAX HLDGS,南强控股,3.72,"2,000",Equity,Equity Securities (Main Board),6.2,6.0,6.2,6.0,14000,0.09,6.53,6.769,-5.05,-8.41,-4.62,-6.06,-12.31,16.5,16.5,45.85,16.5,16.5,-62.42,-62.42,-86.48,62.42,62.42,False,False,False,False,False,False,False,False,False,2026-09-11
2682,2682.HK,YUN LEE MARINE,润利海事,1.26,"4,000",Equity,Equity Securities (Main Board),0.126,0.126,0.126,0.126,84000,0.01,0.124,0.126,1.78,-0.08,1.61,0.8,0.8,0.17,0.23,0.5,0.17,0.23,-27.59,-45.22,-74.8,27.59,45.22,False,False,False,False,False,False,False,False,False,2026-09-11
2683,2683.HK,WAHSUN HANDBAGS,华新手袋国际控股,4.43,"2,000",Equity,Equity Securities (Main Board),1.085,1.08,1.085,1.08,24000,0.03,1.089,1.094,-0.37,-0.82,0.46,-0.46,-0.91,1.32,1.32,2.08,1.32,1.32,-17.8,-17.8,-47.84,17.8,17.8,False,False,False,False,False,False,False,False,False,2026-09-11
2685,2685.HK,QUANTGROUP,量化派,22.55,500,Equity,Equity Securities (Main Board),4.34,4.355,5.68,4.265,237236000,1029.6,4.035,4.024,7.56,7.84,3.83,11.86,6.37,43.36,43.36,43.36,43.36,43.36,-86.9,-86.9,-86.9,89.99,89.99,False,False,False,False,False,False,False,False,False,2026-09-11
2687,2687.HK,ABLE DIGITAL,卓越睿新,198.62,100,Equity,Equity Securities (Main Board),320.6,334.2,336.0,318.6,127900,41.0,337.72,331.88,-5.07,-3.4,-3.95,-5.82,-12.21,371.8,371.8,371.8,371.8,371.8,-9.63,-9.63,-9.63,13.77,13.77,False,False,False,False,False,False,False,False,False,2026-09-11
2688,2688.HK,ENN ENERGY,新奥能源,544.87,100,Equity,Equity Securities (Main Board),48.14,50.5,50.85,48.02,8607083,414.34,50.202,49.823,-4.11,-3.38,-4.67,-6.34,-2.94,72.0,79.55,178.8,72.0,79.55,-29.38,-36.08,-71.56,33.14,39.48,False,False,False,False,False,False,False,False,False,2026-09-11
2689,2689.HK,ND PAPER,玖龙纸业,295.38,"1,000",Equity,Equity Securities (Main Board),6.295,6.42,6.42,6.225,9987924,62.87,6.451,6.613,-2.42,-4.81,-2.48,-1.79,-5.05,9.97,9.97,17.42,9.97,9.97,-35.61,-35.61,-63.15,36.86,36.86,False,False,False,False,False,False,False,False,False,2026-09-11
2692,2692.HK,ZHAOWEI,兆威机电,9.96,100,Equity,Equity Securities (Main Board),37.46,37.5,37.76,37.02,156000,5.84,38.516,39.034,-2.74,-4.03,-1.42,-3.3,-3.7,94.8,94.8,94.8,94.8,94.8,-60.17,-60.17,-60.17,60.49,60.49,False,False,False,False,False,False,False,False,False,2026-09-11
2693,2693.HK,JINYAN KAOLIN,金岩高岭新材,0.73,500,Equity,Equity Securities (Main Board),3.0,2.805,3.0,2.765,75000,0.23,2.968,2.985,1.08,0.52,3.45,0.67,0.0,5.74,9.8,9.8,5.74,9.8,-47.74,-69.39,-69.39,47.74,69.39,False,False,False,True,False,False,False,False,False,2026-09-11
2695,2695.HK,IMPRESSION DHP,印象大红袍,0.41,"1,000",Equity,Equity Securities (Main Board),1.145,1.15,1.15,1.14,116000,0.13,1.175,1.196,-2.55,-4.26,-0.43,-4.58,-3.38,2.51,3.4,3.4,2.51,3.4,-54.18,-66.18,-66.18,54.38,66.32,False,False,False,False,False,False,False,False,False,2026-09-11
2696,2696.HK,HENLIUS,复宏汉霖,219.15,100,Equity,Equity Securities (Main Board),63.0,63.25,64.85,60.6,4099206,258.25,65.23,66.69,-3.42,-5.53,-2.33,-4.4,-10.13,87.1,92.0,92.0,87.1,92.0,-25.55,-29.51,-29.51,27.67,31.52,False,False,False,False,False,False,False,False,False,2026-09-11
2697,2697.HK,TH MEDICAL-B,真健康医疗－Ｂ,100.74,20,Equity,Equity Securities (Main Board),282.6,310.0,358.6,278.0,133020,37.59,324.64,469.77,-12.95,-39.84,-9.13,-18.47,-50.42,886.0,886.0,886.0,886.0,886.0,-59.53,-59.53,-59.53,68.1,68.1,False,False,False,False,False,False,False,False,False,2026-09-11
2698,2698.HK,SOFTCARE,乐舒适,182.4,200,Equity,Equity Securities (Main Board),29.38,29.5,29.74,28.7,1755002,51.56,29.976,30.528,-1.99,-3.76,0.27,-2.39,-7.96,35.9,36.8,36.8,35.9,36.8,-17.16,-19.18,-19.18,18.16,20.16,False,False,False,False,False,False,False,False,False,2026-09-11
2699,2699.HK,XINMING CHINA,新明中国,1.47,"2,000",Equity,Equity Securities (Main Board),5.575,5.25,5.58,5.25,100000,0.56,5.55,5.61,0.45,-0.63,-0.36,-2.19,-2.19,8.12,108.0,3159.85,8.12,108.0,-31.32,-94.83,-99.82,31.38,94.84,False,False,True,False,False,False,False,False,False,2026-09-11
2700,2700.HK,GREEN INTL HLDG,格林国际控股,3.96,"20,000",Equity,Equity Securities (Main Board),0.6,0.6,0.6,0.6,20000,0.01,0.587,0.58,2.21,3.36,1.69,3.45,3.45,0.72,0.72,6.01,0.72,0.72,-16.67,-16.67,-90.01,16.67,16.67,True,False,False,False,False,False,False,False,False,2026-09-11
2701,2701.HK,NSING TECH,国民技术,7.7,200,Equity,Equity Securities (Main Board),8.105,8.425,8.425,8.0,2247800,18.22,8.566,8.784,-5.38,-7.74,-5.09,-8.26,-7.74,17.14,17.14,17.14,17.14,17.14,-50.85,-50.85,-50.85,52.71,52.71,False,False,False,False,False,False,False,False,False,2026-09-11
2706,2706.HK,HAIZHI TECH GP,海致科技集团,168.48,200,Equity,Equity Securities (Main Board),41.68,45.0,46.48,40.8,3215201,134.01,49.296,52.298,-15.45,-20.3,-6.34,-22.09,-26.43,161.6,161.6,161.6,161.6,161.6,-71.24,-71.24,-71.24,74.21,74.21,False,False,False,False,False,False,False,False,False,2026-09-11
2714,2714.HK,MUYUAN,牧原股份,117.61,100,Equity,Equity Securities (Main Board),38.08,37.54,38.54,37.5,2145118,81.69,38.968,37.798,-2.28,0.75,0.37,-3.64,-2.66,50.7,50.7,50.7,50.7,50.7,-23.98,-23.98,-23.98,24.89,24.89,False,False,False,False,False,False,False,False,False,2026-09-11
2715,2715.HK,ESTUN,埃斯顿,13.99,200,Equity,Equity Securities (Main Board),14.46,14.88,14.88,14.18,2902000,41.96,15.316,15.94,-5.59,-9.28,-1.97,-9.11,-10.07,26.18,26.18,26.18,26.18,26.18,-43.16,-43.16,-43.16,44.77,44.77,False,False,False,False,False,False,False,False,False,2026-09-11
2718,2718.HK,MININGLAMP-W,明略科技－Ｗ,59.61,40,Equity,Equity Securities (Main Board),43.18,44.6,46.62,42.02,2694780,116.36,47.424,48.65,-8.95,-11.24,-4.17,-13.12,-17.6,357.0,357.0,357.0,357.0,357.0,-86.94,-86.94,-86.94,87.9,87.9,False,False,False,False,False,False,False,False,False,2026-09-11
2720,2720.HK,RIDGE OUTDOOR,乐欣户外,35.62,500,Equity,Equity Securities (Main Board),27.78,27.34,28.74,27.34,67000,1.86,27.636,26.39,0.52,5.27,0.43,-1.21,8.01,39.5,39.5,39.5,39.5,39.5,-27.24,-27.24,-27.24,29.67,29.67,False,False,False,False,False,False,False,False,False,2026-09-11
2722,2722.HK,CHONGQING M&E,重庆机电,19.75,"2,000",Equity,Equity Securities (Main Board),1.795,1.82,1.82,1.775,4440000,7.97,1.825,1.83,-1.64,-1.91,-2.71,-1.1,-0.83,3.82,3.82,3.82,3.82,3.82,-52.36,-52.36,-52.36,53.01,53.01,False,False,False,False,False,False,False,False,False,2026-09-11
2723,2723.HK,DEEPZERO,深演智能,515.06,100,Equity,Equity Securities (Main Board),568.0,633.0,633.0,568.0,204696,116.27,656.9,780.25,-13.53,-27.2,-8.39,-19.2,-39.77,1006.0,1006.0,1006.0,1006.0,1006.0,-37.08,-37.08,-37.08,43.54,43.54,False,False,False,False,False,False,False,False,False,2026-09-11
2726,2726.HK,EPIWORLD,瀚天天成,124.63,50,Equity,Equity Securities (Main Board),104.8,102.4,105.0,96.0,311100,32.6,103.86,107.16,0.91,-2.2,4.07,1.26,-10.96,141.0,141.0,141.0,141.0,141.0,-25.53,-25.53,-25.53,25.67,25.67,False,False,False,False,False,False,False,False,False,2026-09-11
2727,2727.HK,SH ELECTRIC,上海电气,87.73,"2,000",Equity,Equity Securities (Main Board),3.0,3.03,3.03,2.95,11607586,34.82,3.057,3.011,-1.86,-0.35,-0.99,-2.44,-1.48,5.33,5.71,5.71,5.33,5.71,-43.15,-46.94,-46.94,43.71,47.46,False,False,False,False,False,False,False,False,False,2026-09-11
2728,2728.HK,JINTAI ENERGY H,金泰能源控股,1.11,"4,000",Equity,Equity Securities (Main Board),0.025,0.025,0.025,0.024,3008000,0.08,0.023,0.02,8.7,25.0,0.0,31.58,38.89,0.04,0.06,0.89,0.04,0.06,-28.57,-60.32,-97.21,28.57,60.32,False,False,False,False,False,False,False,False,False,2026-09-11
2729,2729.HK,GALAXIS TECH,凯乐士科技,181.51,200,Equity,Equity Securities (Main Board),42.42,35.46,47.0,35.34,5621200,238.45,36.876,35.33,15.03,20.07,17.64,17.83,25.88,43.0,43.0,43.0,47.0,47.0,9.3,9.3,9.3,9.74,9.74,True,True,False,False,True,True,True,True,True,2026-09-11
2738,2738.HK,HUAJIN INTL,华津国际控股,1.5,"2,000",Equity,Equity Securities (Main Board),0.25,0.24,0.255,0.228,2644000,0.66,0.238,0.139,5.22,79.6,1.21,-37.5,509.76,0.54,1.99,3.25,0.54,1.99,-52.34,-87.19,-92.15,53.27,87.44,False,False,False,False,False,False,False,False,False,2026-09-11
2768,2768.HK,GON TECHNOLOGY,国恩科技,16.27,200,Equity,Equity Securities (Main Board),36.64,37.78,37.78,35.36,688472,25.23,37.144,37.666,-1.36,-2.72,-2.29,-0.43,-3.22,59.3,59.3,59.3,59.3,59.3,-36.29,-36.29,-36.29,38.21,38.21,False,False,False,False,False,False,False,False,False,2026-09-11
2772,2772.HK,ZHONGLIANG HLDG,中梁控股,1.66,500,Equity,Equity Securities (Main Board),0.037,0.037,0.037,0.034,6963000,0.26,0.038,0.038,-3.14,-2.89,0.0,-7.5,-7.5,0.07,0.56,6.56,0.07,0.56,-50.0,-93.39,-99.44,50.0,93.39,False,False,False,False,False,False,False,False,False,2026-09-11
2777,2777.HK,R&F PROPERTIES,富力地产,4.8,400,Equity,Equity Securities (Main Board),0.128,0.128,0.131,0.123,3267044,0.42,0.145,0.167,-11.6,-23.35,0.0,-18.47,-29.67,0.65,3.45,23.85,0.65,3.45,-79.85,-96.2,-99.45,80.31,96.29,False,False,False,False,False,False,False,False,False,2026-09-11
2788,2788.HK,CHUANGXIN IND,创新实业,350.68,500,Equity,Equity Securities (Main Board),16.9,17.15,17.3,16.34,5260553,88.9,17.4,17.306,-2.87,-2.35,-3.81,-1.92,-5.85,33.96,33.96,33.96,33.96,33.96,-49.06,-49.06,-49.06,50.24,50.24,False,False,False,False,False,False,False,False,False,2026-09-11
2789,2789.HK,YUANDA CHINA,远大中国,10.99,"2,000",Equity,Equity Securities (Main Board),0.177,0.174,0.182,0.174,1678000,0.3,0.174,0.18,1.84,-1.83,2.91,3.51,2.31,0.25,0.25,0.28,0.25,0.25,-28.63,-28.63,-35.0,30.59,30.59,False,False,False,False,False,False,False,False,False,2026-09-11
2797,2797.HK,QIYUNSHAN FOOD,齐云山食品,21.38,500,Equity,Equity Securities (Main Board),85.5,87.35,91.65,84.5,48000,4.1,91.45,89.935,-6.51,-4.93,-2.06,-12.4,-1.16,118.7,118.7,118.7,118.7,118.7,-22.79,-22.79,-22.79,27.97,27.97,False,False,False,False,False,False,False,False,False,2026-09-11
2798,2798.HK,PER ENERGY,久泰邦达能源,14.32,"5,000",Equity,Equity Securities (Main Board),0.895,0.88,0.915,0.87,355000,0.32,0.876,0.865,2.17,3.53,-2.19,1.13,4.07,1.27,1.33,16.7,1.27,1.33,-27.95,-31.2,-94.52,29.53,32.71,False,False,True,False,False,False,False,False,False,2026-09-11
2799,2799.HK,CITIC FAMC,中信金融资产,221.01,"1,000",Equity,Equity Securities (Main Board),0.625,0.635,0.635,0.615,47889999,29.93,0.643,0.646,-2.8,-3.25,-2.34,-4.58,-8.76,0.92,1.41,4.13,0.92,1.41,-30.98,-54.96,-84.62,32.07,55.67,False,False,False,False,False,False,False,False,False,2026-09-11
2858,2858.HK,YIXIN,易鑫集团,76.47,500,Equity,Equity Securities (Main Board),1.125,1.13,1.135,1.105,15686422,17.65,1.151,1.165,-2.26,-3.43,-0.44,-3.43,-6.64,2.94,3.3,10.18,2.94,3.3,-61.39,-65.61,-88.85,61.73,65.91,False,False,False,False,False,False,False,False,False,2026-09-11
2863,2863.HK,GOLDEN FAITH GP,高丰集团控股,5.38,"3,000",Equity,Equity Securities (Main Board),0.78,0.775,0.78,0.775,57000,0.04,0.777,0.766,0.39,1.76,1.3,-2.5,0.65,1.11,1.11,1.14,1.11,1.11,-29.73,-29.73,-31.58,29.73,29.73,False,False,False,False,False,False,False,False,False,2026-09-11
2865,2865.HK,DRINDA,钧达股份,9.79,100,Equity,Equity Securities (Main Board),11.92,12.63,12.63,11.8,4595347,54.78,13.304,14.26,-10.4,-16.41,-6.44,-14.61,-18.8,52.6,52.6,52.6,52.6,52.6,-75.99,-75.99,-75.99,77.34,77.34,False,False,False,False,False,False,False,False,False,2026-09-11
2866,2866.HK,COSCO SHIP DEV,中远海发,32.16,"1,000",Equity,Equity Securities (Main Board),0.94,0.96,0.96,0.935,7078411,6.65,0.951,0.944,-1.16,-0.42,-2.59,-0.53,-1.05,1.71,1.71,2.04,1.71,1.71,-43.86,-43.86,-52.94,45.03,45.03,False,False,False,False,False,False,False,False,False,2026-09-11
2869,2869.HK,GREENTOWN SER,绿城服务,129.28,"2,000",Equity,Equity Securities (Main Board),4.15,4.17,4.245,4.11,2679550,11.12,4.24,4.238,-2.12,-2.06,-1.43,-2.92,-4.49,4.91,5.63,13.76,4.91,5.63,-13.54,-24.6,-69.15,15.48,26.29,False,False,False,False,False,False,False,False,False,2026-09-11
2877,2877.HK,SHINEWAY PHARM,神威药业,65.75,"1,000",Equity,Equity Securities (Main Board),7.95,8.31,8.31,7.865,2904000,23.09,8.227,8.218,-3.37,-3.26,-4.33,-5.19,-3.75,10.47,10.76,18.54,10.47,10.76,-20.63,-22.77,-55.18,24.07,26.12,False,False,False,False,False,False,False,False,False,2026-09-11
2878,2878.HK,SOLOMON SYSTECH,晶门半导体,6.07,"2,000",Equity,Equity Securities (Main Board),0.243,0.245,0.248,0.238,1142000,0.28,0.247,0.248,-1.78,-2.21,-2.8,-2.41,-1.22,0.49,0.96,1.45,0.49,0.96,-49.39,-74.17,-82.9,50.41,74.69,False,False,False,False,False,False,False,False,False,2026-09-11
2880,2880.HK,LIAONING PORT,辽港股份,34.56,"2,000",Equity,Equity Securities (Main Board),0.67,0.68,0.68,0.67,2002600,1.34,0.678,0.674,-1.18,-0.52,-2.19,-2.19,0.75,1.08,1.12,1.63,1.08,1.12,-37.04,-39.29,-58.28,37.96,40.18,False,False,False,False,False,False,False,False,False,2026-09-11
2881,2881.HK,WUHAN YOUJI,武汉有机,9.33,500,Equity,Equity Securities (Main Board),10.0,10.0,10.0,9.25,34000,0.34,10.171,10.321,-1.68,-3.11,-4.31,-4.49,-4.49,13.0,13.0,13.0,13.0,13.0,-23.08,-23.08,-23.08,23.08,23.08,False,False,False,False,False,False,False,False,False,2026-09-11
2883,2883.HK,CHINA OILFIELD,中海油田服务,137.83,"2,000",Equity,Equity Securities (Main Board),7.61,8.04,8.04,7.55,34290371,260.95,7.593,7.49,0.22,1.6,-3.0,-0.52,4.75,11.74,11.74,13.26,11.74,11.74,-31.52,-31.52,-39.37,35.18,35.18,False,False,False,False,False,False,False,False,False,2026-09-11
2885,2885.HK,PEIPORT HOLD,彼岸控股,3.66,"2,000",Equity,Equity Securities (Main Board),0.915,0.915,0.92,0.905,544000,0.5,0.926,0.927,-1.19,-1.29,1.1,-2.14,-2.14,0.96,0.99,1.2,0.96,0.99,-4.17,-7.07,-23.33,4.69,7.58,False,False,False,False,False,False,False,True,True,2026-09-11
2886,2886.HK,BINHAI INV,滨海投资,16.24,"2,000",Equity,Equity Securities (Main Board),1.19,1.16,1.19,1.16,306000,0.36,1.17,1.141,1.71,4.29,-0.83,3.03,4.39,1.27,1.76,2.25,1.27,1.76,-6.3,-32.39,-47.11,6.3,32.39,False,False,False,False,False,False,False,True,False,2026-09-11
2888,2888.HK,STANCHART,渣打集团,5274.69,50,Equity,Equity Securities (Main Board),241.8,241.0,242.2,238.2,1008323,243.81,241.04,236.64,0.32,2.18,0.0,1.0,1.85,244.8,244.8,244.8,244.8,244.8,-1.06,-1.06,-1.06,1.23,1.23,False,False,False,False,False,False,False,True,True,2026-09-11
2889,2889.HK,PATEO,博泰车联,76.4,20,Equity,Equity Securities (Main Board),87.1,96.9,99.0,85.8,751380,65.45,110.75,130.545,-21.35,-33.28,-12.68,-25.43,-40.1,288.8,288.8,288.8,288.8,288.8,-65.72,-65.72,-65.72,69.84,69.84,False,False,False,False,False,False,False,False,False,2026-09-11
2899,2899.HK,ZIJIN MINING,紫金矿业,2085.34,"2,000",Equity,Equity Securities (Main Board),34.82,35.9,35.9,33.94,95549294,3327.03,36.528,36.442,-4.68,-4.45,-6.75,-5.79,-4.86,46.98,46.98,46.98,46.98,46.98,-23.58,-23.58,-23.58,25.88,25.88,False,False,False,False,False,False,False,False,False,2026-09-11
3200,3200.HK,HANS CNC,大族数控,60.11,100,Equity,Equity Securities (Main Board),103.6,103.8,105.2,100.0,1177700,122.01,106.22,105.87,-2.47,-2.14,-1.99,-2.26,2.78,205.8,205.8,205.8,205.8,205.8,-48.88,-48.88,-48.88,49.66,49.66,False,False,False,False,False,False,False,False,False,2026-09-11
3223,3223.HK,INGENIC,君正股份,30.66,100,Equity,Equity Securities (Main Board),98.0,96.5,98.0,93.6,154100,15.1,99.64,100.07,-1.65,-2.07,-0.76,-2.0,-2.0,102.6,102.6,102.6,102.6,102.6,-4.48,-4.48,-4.48,4.48,4.48,False,False,False,False,False,False,False,True,True,2026-09-11
3268,3268.HK,MEIG,美格智能,7.81,100,Equity,Equity Securities (Main Board),19.41,19.75,19.75,18.86,700400,13.59,20.936,20.851,-7.29,-6.91,-1.72,-11.45,2.81,34.3,34.3,34.3,34.3,34.3,-42.42,-42.42,-42.42,43.41,43.41,False,False,False,False,False,False,False,False,False,2026-09-11
3277,3277.HK,GPIXEL,长光辰芯,244.36,100,Equity,Equity Securities (Main Board),81.2,74.85,83.35,71.4,2367771,192.26,82.19,86.515,-1.2,-6.14,5.66,-6.88,-11.5,117.0,117.0,117.0,117.0,117.0,-28.76,-28.76,-28.76,30.6,30.6,False,False,False,False,False,False,False,False,False,2026-09-11
3288,3288.HK,HAITIAN FLAV,海天味业,78.86,100,Equity,Equity Securities (Main Board),27.08,27.2,27.26,26.88,2737580,74.13,27.768,27.934,-2.48,-3.06,-0.44,-4.31,-4.98,38.38,38.38,38.38,38.38,38.38,-28.97,-28.97,-28.97,29.44,29.44,False,False,False,False,False,False,False,False,False,2026-09-11
3296,3296.HK,HUAQIN,华勤技术,66.97,100,Equity,Equity Securities (Main Board),71.05,70.2,72.3,68.55,1058240,75.19,73.43,74.8,-3.24,-5.01,-1.8,-2.54,-3.66,101.0,101.0,101.0,101.0,101.0,-28.42,-28.42,-28.42,29.65,29.65,False,False,False,False,False,False,False,False,False,2026-09-11
3300,3300.HK,CHINA GLASS,中国玻璃,5.51,"2,000",Equity,Equity Securities (Main Board),0.3,0.305,0.31,0.3,732000,0.22,0.313,0.32,-4.15,-6.4,-3.23,-6.25,-7.69,0.69,0.95,4.5,0.69,0.95,-55.07,-67.37,-93.11,56.52,68.42,False,False,False,False,False,False,False,False,False,2026-09-11
3301,3301.HK,RONSHINECHINA,融信中国,1.3,500,Equity,Equity Securities (Main Board),0.077,0.085,0.085,0.073,100000,0.01,0.078,0.08,-1.03,-3.75,5.48,-4.94,-11.49,0.19,2.19,14.64,0.19,2.19,-55.73,-96.12,-99.42,59.9,96.48,False,False,False,False,False,False,False,False,False,2026-09-11
3302,3302.HK,KINERGY,精技集团,2.72,"2,000",Equity,Equity Securities (Main Board),0.295,0.3,0.3,0.29,164000,0.05,0.3,0.311,-1.67,-4.99,-1.67,-1.67,-3.28,0.68,0.68,1.31,0.68,0.68,-55.88,-55.88,-77.1,56.62,56.62,False,False,False,False,False,False,False,False,False,2026-09-11
3303,3303.HK,JUTAL OIL SER,巨涛海洋石油服务,9.71,"2,000",Equity,Equity Securities (Main Board),0.39,0.395,0.395,0.39,48000,0.02,0.401,0.409,-2.74,-4.76,-1.27,-3.7,-8.24,0.61,0.95,3.39,0.61,0.95,-35.25,-58.42,-88.35,36.07,58.95,False,False,False,False,False,False,False,False,False,2026-09-11
3306,3306.HK,JNBY,江南布衣,112.74,500,Equity,Equity Securities (Main Board),21.14,20.96,21.26,19.95,4200000,88.79,20.622,20.354,2.51,3.86,0.67,1.44,3.02,22.96,22.96,22.96,22.96,22.96,-7.4,-7.4,-7.4,7.93,7.93,False,False,True,True,False,False,False,True,True,2026-09-11
3308,3308.HK,ZJ INNOLIGHT,中际旭创,733.3,50,Equity,Equity Securities (Main Board),1170.0,1121.0,1203.0,1118.0,3255236,3808.63,1165.6,1088.9,0.38,7.45,4.37,0.78,16.3,1319.0,1319.0,1319.0,1319.0,1319.0,-8.79,-8.79,-8.79,11.3,11.3,False,False,False,False,False,False,False,False,False,2026-09-11
3309,3309.HK,C-MER MEDICAL,希玛医疗,9.91,"2,000",Equity,Equity Securities (Main Board),0.82,0.825,0.83,0.81,136000,0.11,0.842,0.853,-2.61,-3.87,0.0,-3.53,-6.29,1.71,3.98,19.9,1.71,3.98,-51.46,-79.15,-95.83,52.05,79.4,False,False,False,False,False,False,False,False,False,2026-09-11
3310,3310.HK,VIEWTRIX TECH,云英谷科技,105.18,200,Equity,Equity Securities (Main Board),24.14,24.68,24.9,21.8,533200,12.87,25.428,26.65,-5.07,-9.42,-2.58,-6.43,-13.85,44.38,44.38,44.38,44.38,44.38,-43.89,-43.89,-43.89,45.61,45.61,False,False,False,False,False,False,False,False,False,2026-09-11
3311,3311.HK,CHINA STATE CON,中国建筑国际,435.25,"2,000",Equity,Equity Securities (Main Board),8.24,8.48,8.48,8.24,9859757,81.24,8.439,8.43,-2.36,-2.26,-2.83,-3.17,-3.85,9.87,13.18,14.47,9.87,13.18,-14.08,-35.66,-41.41,16.51,37.48,False,False,False,False,False,False,False,False,False,2026-09-11
3313,3313.HK,ARTGO HOLDINGS,雅高控股,0.95,"5,000",Equity,Equity Securities (Main Board),0.67,0.665,0.67,0.665,30000,0.02,0.672,0.693,-0.3,-3.32,0.75,-0.74,-5.63,1.87,4.95,2943.35,1.87,4.95,-64.17,-86.46,-99.98,64.17,86.46,False,False,False,False,False,False,False,False,False,2026-09-11
3315,3315.HK,GOLDPAC GROUP,金邦达宝嘉,4.88,"1,000",Equity,Equity Securities (Main Board),0.605,0.615,0.62,0.6,36000,0.02,0.613,0.613,-1.31,-1.22,0.0,-2.42,-1.63,0.89,1.53,3.05,0.89,1.53,-30.34,-59.48,-79.67,32.02,60.46,False,False,False,False,False,False,False,False,False,2026-09-11
3316,3316.HK,BINJIANG SER,滨江服务,58.6,500,Equity,Equity Securities (Main Board),21.2,21.12,21.24,20.88,201500,4.27,21.464,21.712,-1.23,-2.36,0.38,-2.84,-4.42,26.94,27.6,37.3,26.94,27.6,-21.16,-23.04,-43.06,21.31,23.19,False,False,False,False,False,False,False,False,False,2026-09-11
3317,3317.HK,XUNCE,迅策,278.05,100,Equity,Equity Securities (Main Board),101.0,103.4,104.6,99.8,2114263,213.54,113.84,120.99,-11.28,-16.52,-5.16,-15.62,-21.03,382.8,382.8,382.8,382.8,382.8,-72.68,-72.68,-72.68,73.62,73.62,False,False,False,False,False,False,False,False,False,2026-09-11
3318,3318.HK,CHINA BOTON,中国波顿,33.04,"2,000",Equity,Equity Securities (Main Board),3.13,3.12,3.175,3.0,1378000,4.31,3.063,2.958,2.19,5.83,0.64,3.3,6.46,3.11,3.11,13.4,3.17,3.17,2.09,2.09,-76.31,1.42,1.42,True,True,False,False,True,True,False,True,True,2026-09-11
3319,3319.HK,A-LIVING,雅生活服务,23.69,250,Equity,Equity Securities (Main Board),1.67,1.73,1.735,1.66,1192250,1.99,1.683,1.681,-0.77,-0.65,-3.47,0.6,-1.76,2.93,5.34,48.55,2.93,5.34,-40.78,-67.51,-96.43,43.0,68.73,False,False,False,False,False,False,False,False,False,2026-09-11
3320,3320.HK,CHINARES PHARMA,华润医药,267.01,500,Equity,Equity Securities (Main Board),4.25,4.335,4.335,4.235,14914574,63.39,4.386,4.41,-3.1,-3.63,-1.16,-5.35,-4.17,6.53,7.11,13.16,6.53,7.11,-33.61,-39.03,-67.06,34.92,40.23,False,False,False,False,False,False,False,False,False,2026-09-11
3321,3321.HK,ZHONGKE GROUP,中科集团控股,0.75,"10,000",Equity,Equity Securities (Main Board),0.97,0.955,0.995,0.955,485000,0.47,0.981,0.988,-1.12,-1.77,-1.52,0.0,-1.52,2.2,12.8,79.9,2.2,12.8,-54.77,-92.23,-98.75,55.91,92.42,False,False,False,False,False,False,False,False,False,2026-09-11
3323,3323.HK,CNBM,中国建材,128.77,"2,000",Equity,Equity Securities (Main Board),3.465,3.415,3.495,3.335,32693019,113.28,3.442,3.47,0.67,-0.16,1.02,0.43,1.17,7.26,7.26,14.08,7.26,7.26,-51.86,-51.86,-75.18,52.27,52.27,False,False,False,False,False,False,False,False,False,2026-09-11
3328,3328.HK,BANKCOMM,交通银行,2832.46,"1,000",Equity,Equity Securities (Main Board),8.09,7.99,8.09,7.945,81394993,658.49,7.956,7.924,1.68,2.1,0.37,2.93,1.31,8.08,8.08,8.08,8.09,8.09,0.12,0.12,0.12,0.0,0.0,True,False,True,False,True,True,True,True,True,2026-09-11
3329,3329.HK,BOCOM INTL,交银国际,12.44,"1,000",Equity,Equity Securities (Main Board),0.455,0.46,0.46,0.45,292308,0.13,0.463,0.466,-1.73,-2.26,-1.09,-1.09,-2.15,0.8,1.08,2.77,0.8,1.08,-42.5,-57.41,-83.39,43.12,57.87,False,False,False,False,False,False,False,False,False,2026-09-11
3330,3330.HK,LINGBAO GOLD,灵宝黄金,281.12,100,Equity,Equity Securities (Main Board),23.5,22.4,23.96,22.12,23168012,544.45,23.524,22.88,-0.1,2.71,0.6,-0.42,2.62,31.2,31.2,31.2,31.2,31.2,-23.21,-23.21,-23.21,24.68,24.68,False,False,False,False,False,False,False,False,False,2026-09-11
3332,3332.HK,SINOLIFE UTD,中生联合,1.42,"2,000",Equity,Equity Securities (Main Board),0.15,0.15,0.15,0.15,14000,0.0,0.15,0.15,-0.13,-0.07,0.0,-0.66,0.0,0.46,0.93,2.13,0.46,0.93,-67.39,-83.87,-92.96,67.39,83.87,False,False,False,False,False,False,False,False,False,2026-09-11
3336,3336.HK,JU TENG INTL,巨腾国际,28.44,"2,000",Equity,Equity Securities (Main Board),2.37,2.46,2.46,2.285,3420000,8.11,2.484,2.629,-4.59,-9.85,-4.44,-5.39,-12.87,5.52,5.52,5.52,5.52,5.52,-55.43,-55.43,-55.43,57.07,57.07,False,False,False,False,False,False,False,False,False,2026-09-11
3337,3337.HK,ANTON OILFIELD,安东油田服务,27.32,"2,000",Equity,Equity Securities (Main Board),0.91,0.96,0.96,0.905,4186000,3.81,0.926,0.869,-1.73,4.78,-2.15,-4.21,4.0,1.37,1.62,1.66,1.37,1.62,-29.93,-40.74,-42.17,33.58,43.83,False,False,False,False,False,False,False,False,False,2026-09-11
3339,3339.HK,LONKING,中国龙工,144.67,"1,000",Equity,Equity Securities (Main Board),3.38,3.4,3.435,3.32,4976000,16.82,3.483,3.486,-2.96,-3.03,-1.6,-3.43,-3.7,3.62,3.62,4.46,3.62,3.62,-5.11,-5.11,-22.98,6.63,6.63,False,False,False,False,False,False,False,True,True,2026-09-11
3347,3347.HK,TIGERMED,泰格医药,50.97,100,Equity,Equity Securities (Main Board),41.4,40.02,41.98,40.02,1157887,47.94,41.372,40.632,0.07,1.89,-1.24,-0.43,4.28,57.0,60.6,199.9,57.0,60.6,-26.35,-30.73,-79.0,27.37,31.68,False,False,False,True,False,False,False,False,False,2026-09-11
3355,3355.HK,FS.COM,飞速创新,158.11,100,Equity,Equity Securities (Main Board),39.0,41.3,41.5,38.44,1206600,47.06,41.552,42.512,-6.14,-8.26,-6.2,-7.36,-11.2,57.0,57.0,57.0,57.0,57.0,-27.19,-27.19,-27.19,31.58,31.58,False,False,False,False,False,False,False,False,False,2026-09-11
3360,3360.HK,FE HORIZON,远东宏信,329.13,"1,000",Equity,Equity Securities (Main Board),6.83,6.785,6.94,6.785,7373330,50.36,6.912,6.975,-1.19,-2.09,-1.16,-3.19,-2.01,8.28,8.54,9.33,8.28,8.54,-16.18,-18.74,-25.61,17.51,20.02,False,False,False,False,False,False,False,False,False,2026-09-11
3368,3368.HK,PARKSON GROUP,百盛集团,3.56,500,Equity,Equity Securities (Main Board),0.135,0.128,0.141,0.128,6000,0.0,0.14,0.144,-3.43,-5.92,0.75,-8.78,-9.4,0.21,0.22,1.51,0.21,0.22,-32.54,-35.91,-90.66,35.41,38.64,False,False,False,False,False,False,False,False,False,2026-09-11
3369,3369.HK,QHD PORT,秦港股份,19.96,500,Equity,Equity Securities (Main Board),2.405,2.425,2.425,2.365,800500,1.93,2.434,2.417,-1.19,-0.5,-1.84,-1.43,-0.62,3.16,4.04,4.04,3.16,4.04,-23.26,-39.98,-39.98,23.89,40.47,False,False,False,False,False,False,False,False,False,2026-09-11
3377,3377.HK,SINO-OCEAN GP,远洋集团,5.32,500,Equity,Equity Securities (Main Board),0.042,0.041,0.042,0.04,19505000,0.82,0.044,0.045,-4.55,-6.87,2.44,-8.7,-10.64,0.11,0.9,6.77,0.11,0.9,-61.82,-95.33,-99.38,61.82,95.33,False,False,False,False,False,False,False,False,False,2026-09-11
3378,3378.HK,HANXBIO-B,翰思艾泰－Ｂ,36.73,100,Equity,Equity Securities (Main Board),27.4,27.38,28.78,27.38,5100,0.14,28.616,29.108,-4.25,-5.87,-4.99,-5.71,-5.45,33.8,33.8,33.8,33.8,33.8,-14.85,-14.85,-14.85,18.93,18.93,False,False,False,False,False,False,False,False,False,2026-09-11
3380,3380.HK,LOGAN GROUP,龙光集团,73.91,"1,000",Equity,Equity Securities (Main Board),1.3,1.36,1.36,1.29,2689000,3.5,1.342,1.363,-3.13,-4.62,-2.26,-4.41,-6.14,1.93,1.93,15.42,1.93,1.93,-29.53,-29.53,-91.18,32.64,32.64,False,False,False,False,False,False,False,False,False,2026-09-11
3382,3382.HK,TIANJINPORT DEV,天津港发展,37.87,"2,000",Equity,Equity Securities (Main Board),0.615,0.625,0.63,0.615,3998000,2.46,0.626,0.631,-1.76,-2.61,-2.38,-2.38,-2.38,0.73,0.77,1.68,0.73,0.77,-13.7,-18.18,-62.5,15.75,20.13,False,False,False,False,False,False,False,False,False,2026-09-11
3383,3383.HK,AGILE GROUP,雅居乐集团,7.67,"2,000",Equity,Equity Securities (Main Board),0.152,0.151,0.159,0.148,904000,0.14,0.159,0.16,-4.52,-5.12,0.66,-9.52,-6.75,0.32,2.39,17.84,0.32,2.39,-51.08,-93.35,-99.11,53.23,93.64,False,False,False,False,False,False,False,False,False,2026-09-11
3388,3388.HK,CREALITY,创想三维,104.46,150,Equity,Equity Securities (Main Board),21.86,21.68,22.1,20.3,2038200,44.56,22.92,23.882,-4.62,-8.47,-0.46,-4.96,-15.92,34.0,34.0,34.0,34.0,34.0,-35.0,-35.0,-35.0,35.71,35.71,False,False,False,False,False,False,False,False,False,2026-09-11
3389,3389.HK,HENGDELI,亨得利,12.99,"4,000",Equity,Equity Securities (Main Board),0.295,0.315,0.315,0.29,400000,0.12,0.322,0.347,-8.39,-14.86,-6.35,-13.24,-15.71,0.44,0.44,1.29,0.44,0.44,-27.59,-27.59,-75.58,32.18,32.18,False,False,False,False,False,False,False,False,False,2026-09-11
3393,3393.HK,WASION HOLDINGS,威胜控股,147.72,"2,000",Equity,Equity Securities (Main Board),14.24,14.2,14.47,13.71,2846385,40.53,14.456,14.786,-1.49,-3.69,-0.49,-0.14,-4.11,33.8,33.8,33.8,33.8,33.8,-57.19,-57.19,-57.19,57.87,57.87,False,False,False,False,False,False,False,False,False,2026-09-11
3396,3396.HK,LEGENDHOLDING,联想控股,233.13,100,Equity,Equity Securities (Main Board),18.33,18.39,18.48,17.88,7841386,143.73,18.544,18.453,-1.15,-0.67,-2.19,4.27,-3.17,20.6,20.6,36.6,20.6,20.6,-10.29,-10.29,-49.51,11.02,11.02,False,False,False,False,False,False,False,False,False,2026-09-11
3398,3398.HK,CHINA TING,华鼎控股,1.2,"2,000",Equity,Equity Securities (Main Board),0.057,0.06,0.065,0.051,1306000,0.07,0.061,0.067,-5.94,-14.41,-5.0,-9.52,-13.64,0.16,0.34,0.63,0.16,0.34,-60.12,-81.16,-89.68,65.03,83.48,False,False,False,False,False,False,False,False,False,2026-09-11
3399,3399.HK,YUEYUN TRANS,粤运交通,2.6,"1,000",Equity,Equity Securities (Main Board),1.255,1.26,1.265,1.255,84000,0.11,1.263,1.268,-0.63,-1.06,-1.18,-0.4,-1.95,1.73,2.06,6.57,1.73,2.06,-26.88,-38.59,-80.75,27.46,39.08,False,False,False,False,False,False,False,False,False,2026-09-11
3600,3600.HK,MODERN DENTAL,现代牙科,69.6,"1,000",Equity,Equity Securities (Main Board),7.45,7.5,7.615,7.41,434000,3.23,7.619,7.807,-2.22,-4.57,-0.4,-3.68,-5.7,8.55,8.55,11.0,8.55,8.55,-10.88,-10.88,-30.77,12.81,12.81,False,False,False,False,False,False,False,False,False,2026-09-11
3601,3601.HK,LUDASHI,鲁大师,1.59,"1,000",Equity,Equity Securities (Main Board),0.59,0.615,0.615,0.59,29000,0.02,0.612,0.62,-3.59,-4.84,-3.28,-5.6,-9.23,0.98,1.94,11.16,0.98,1.94,-37.24,-68.3,-94.49,39.8,69.59,False,False,False,False,False,False,False,False,False,2026-09-11
3606,3606.HK,FUYAO GLASS,福耀玻璃,332.81,400,Equity,Equity Securities (Main Board),54.85,54.4,55.2,54.1,1348538,73.97,55.48,55.52,-1.14,-1.21,0.0,-1.26,-2.66,68.95,86.0,86.0,68.95,86.0,-19.94,-35.81,-35.81,20.45,36.22,False,False,False,False,False,False,False,False,False,2026-09-11
3613,3613.HK,TONGRENTANGCM,同仁堂国药,49.35,"1,000",Equity,Equity Securities (Main Board),5.895,5.865,5.91,5.81,756000,4.46,5.949,5.943,-0.91,-0.82,0.51,-2.16,-1.17,9.38,13.84,17.94,9.38,13.84,-36.99,-57.3,-67.06,37.15,57.41,False,False,False,False,False,False,False,False,False,2026-09-11
3616,3616.HK,EVER REACH GP,恒达集团控股,2.4,"2,000",Equity,Equity Securities (Main Board),0.2,0.2,0.2,0.2,4000,0.0,0.21,0.224,-4.58,-10.75,1.01,-3.38,-9.09,0.28,0.88,1.73,0.28,0.88,-28.57,-77.27,-88.44,28.57,77.27,False,False,False,False,False,False,False,False,False,2026-09-11
3618,3618.HK,CQRC BANK,重庆农村商业银行,159.47,"1,000",Equity,Equity Securities (Main Board),6.345,6.46,6.49,6.33,11051067,70.12,6.401,6.471,-0.87,-1.95,-2.23,-0.86,-3.57,7.3,7.3,7.49,7.3,7.3,-11.1,-11.1,-13.35,13.08,13.08,False,False,False,False,False,False,False,False,False,2026-09-11
3623,3623.HK,C SUCCESS FIN,中国金融发展,3.66,"2,000",Equity,Equity Securities (Main Board),0.58,0.58,0.58,0.58,12000,0.01,0.584,0.602,-0.68,-3.65,1.75,-3.33,-9.38,1.11,2.5,3.2,1.11,2.5,-47.75,-76.8,-81.88,47.75,76.8,False,False,False,False,False,False,False,False,False,2026-09-11
3625,3625.HK,FOURSEMI,傅里叶,73.58,100,Equity,Equity Securities (Main Board),66.35,63.7,68.8,58.7,515800,34.22,66.3,78.96,0.08,-15.97,3.11,-2.14,-24.6,153.0,153.0,153.0,153.0,153.0,-55.03,-55.03,-55.03,56.63,56.63,False,False,False,False,False,False,False,False,False,2026-09-11
3626,3626.HK,EAST NOVA HLDGS,启明东方控股,3.46,"2,000",Equity,Equity Securities (Main Board),1.88,2.12,2.12,1.88,8000,0.02,1.897,1.8,-0.9,4.47,-3.59,0.27,5.62,3.6,21.0,21.0,3.6,21.0,-41.11,-89.9,-89.9,47.78,91.05,False,False,False,False,False,False,False,False,False,2026-09-11
3628,3628.HK,RENHENG ENT,仁恒实业控股,1.74,"4,000",Equity,Equity Securities (Main Board),0.217,0.22,0.22,0.22,4000,0.0,0.207,0.203,4.93,6.95,3.33,8.5,11.28,0.25,0.3,0.97,0.25,0.3,-12.0,-26.67,-77.32,13.2,27.67,True,False,False,False,False,False,False,False,False,2026-09-11
3633,3633.HK,ZHONGYU ENERGY,中裕能源,74.84,"1,000",Equity,Equity Securities (Main Board),2.78,2.805,2.82,2.745,1358000,3.78,2.77,2.7,0.36,2.96,-0.71,0.18,4.12,4.2,6.85,10.28,4.2,6.85,-32.86,-58.83,-72.57,33.81,59.42,False,False,False,False,False,False,False,False,False,2026-09-11
3636,3636.HK,JINXUN RESOURCE,金浔资源,6.96,200,Equity,Equity Securities (Main Board),16.56,17.61,17.61,16.35,232800,3.86,17.31,16.804,-4.33,-1.45,-6.97,-0.9,-1.43,51.8,51.8,51.8,51.8,51.8,-66.0,-66.0,-66.0,68.03,68.03,False,False,False,False,False,False,False,False,False,2026-09-11
3638,3638.HK,HUNLICAR GROUP,亨利加集团,2.42,"1,000",Equity,Equity Securities (Main Board),3.15,3.255,3.255,2.955,66000,0.21,3.257,3.362,-3.29,-6.31,2.77,-5.26,-7.08,14.0,19.3,148.16,14.0,19.3,-76.75,-83.13,-97.8,77.5,83.68,False,False,False,False,False,False,False,False,False,2026-09-11
3639,3639.HK,YIDA CHINA,亿达中国,1.03,"2,000",Equity,Equity Securities (Main Board),0.04,0.037,0.041,0.037,3832000,0.15,0.044,0.042,-9.09,-4.31,-2.44,-16.67,-23.08,0.09,0.9,7.01,0.09,0.9,-51.76,-95.44,-99.42,52.94,95.56,False,False,False,False,False,False,False,False,False,2026-09-11
3650,3650.HK,KEEP,KEEP,7.08,100,Equity,Equity Securities (Main Board),1.425,1.42,1.455,1.375,280100,0.4,1.468,1.519,-2.93,-6.19,-2.06,-4.68,-7.47,4.15,38.65,42.4,4.15,38.65,-64.94,-96.24,-96.57,65.66,96.31,False,False,False,False,False,False,False,False,False,2026-09-11
3658,3658.HK,NEW HOPE SERV,新希望服务,13.88,"1,000",Equity,Equity Securities (Main Board),1.705,1.68,1.705,1.68,23000,0.04,1.686,1.676,1.13,1.7,0.0,1.79,2.4,2.07,2.25,4.2,2.07,2.25,-17.63,-24.22,-59.4,17.63,24.22,False,False,False,False,False,False,False,False,False,2026-09-11
3660,3660.HK,QFIN-S,奇富科技－Ｓ,81.61,50,Equity,Equity Securities (Main Board),33.56,33.8,34.12,33.5,35950,1.21,34.0,34.27,-1.29,-2.07,-0.24,-0.53,-4.22,77.95,204.0,204.0,77.95,204.0,-56.23,-83.27,-83.27,56.95,83.55,False,False,False,False,False,False,False,False,False,2026-09-11
3661,3661.HK,SG MICRO,圣邦股份,56.51,100,Equity,Equity Securities (Main Board),91.0,88.95,92.8,86.7,252200,22.95,89.26,88.87,1.95,2.4,0.78,3.94,7.82,142.3,142.3,142.3,142.3,142.3,-34.79,-34.79,-34.79,36.05,36.05,True,False,False,True,False,False,False,False,False,2026-09-11
3662,3662.HK,STARJOY W&T,星悦康旅,2.54,"1,000",Equity,Equity Securities (Main Board),0.35,0.35,0.355,0.34,279000,0.1,0.357,0.343,-1.96,2.19,-2.78,-2.78,9.38,0.44,0.79,9.73,0.44,0.79,-18.39,-55.06,-96.35,19.54,55.7,False,False,False,False,False,False,False,False,False,2026-09-11
3668,3668.HK,YANCOAL AUS,兖煤澳大利亚,485.39,100,Equity,Equity Securities (Main Board),36.76,35.44,36.76,34.62,4360000,160.27,36.168,35.23,1.64,4.34,3.72,1.49,7.36,49.08,49.08,49.4,49.08,49.08,-25.1,-25.1,-25.59,25.1,25.1,False,False,False,True,False,False,False,False,False,2026-09-11
3669,3669.HK,YONGDA AUTO,永达汽车,15.6,500,Equity,Equity Securities (Main Board),0.82,0.825,0.86,0.79,1721500,1.41,0.812,0.834,0.99,-1.74,3.8,-1.2,-1.2,1.75,3.33,17.14,1.75,3.33,-50.86,-74.17,-94.98,53.14,75.38,False,False,False,False,False,False,False,False,False,2026-09-11
3677,3677.HK,ZENERGY,正力新能,65.28,300,Equity,Equity Securities (Main Board),4.395,4.42,4.435,4.305,2191300,9.63,4.575,4.759,-3.93,-7.65,-1.35,-5.89,-9.66,9.84,13.01,13.01,9.84,13.01,-54.93,-65.91,-65.91,55.34,66.22,False,False,False,False,False,False,False,False,False,2026-09-11
3680,3680.HK,RUIHE DATA,瑞和数智,21.96,"2,000",Equity,Equity Securities (Main Board),2.385,2.38,2.39,2.31,260000,0.62,2.445,2.473,-2.45,-3.56,1.71,-3.83,-8.8,2.72,2.72,10.16,2.72,2.72,-12.13,-12.13,-76.48,12.32,12.32,False,False,False,False,False,False,False,False,False,2026-09-11
3681,3681.HK,SINOMAB BIO-B,中国抗体－Ｂ,15.25,300,Equity,Equity Securities (Main Board),1.1,1.085,1.135,1.075,409500,0.45,1.113,1.113,-1.17,-1.17,1.85,-1.79,-4.35,2.19,3.76,7.3,2.19,3.76,-48.17,-69.81,-84.45,49.77,70.74,False,False,False,False,False,False,False,False,False,2026-09-11
3683,3683.HK,GREAT HARVEST,荣丰亿控股,0.32,"2,500",Equity,Equity Securities (Main Board),0.034,0.035,0.035,0.03,5450000,0.19,0.036,0.036,-6.08,-5.82,-2.86,-5.56,-5.56,0.09,0.35,2.39,0.09,0.35,-63.16,-90.0,-98.54,64.21,90.29,False,False,False,False,False,False,False,False,False,2026-09-11
3690,3690.HK,MEITUAN-W,美团－Ｗ,4202.85,100,Equity,Equity Securities (Main Board),75.1,74.0,75.6,73.4,25982180,1951.26,77.66,78.2,-3.3,-3.96,0.47,-6.82,-8.13,108.0,217.0,460.0,108.0,217.0,-30.0,-65.16,-83.57,30.46,65.39,False,False,False,False,False,False,False,False,False,2026-09-11
3692,3692.HK,HANSOH PHARMA,翰森制药,1984.19,"2,000",Equity,Equity Securities (Main Board),32.72,33.32,33.52,32.28,13160249,430.6,34.644,35.024,-5.55,-6.58,-1.86,-9.31,-9.71,44.22,44.22,46.7,44.22,44.22,-24.2,-24.2,-28.22,26.01,26.01,False,False,False,False,False,False,False,False,False,2026-09-11
3696,3696.HK,INSILICO,英矽智能,294.26,500,Equity,Equity Securities (Main Board),50.5,53.35,53.35,49.0,24305761,1227.44,51.182,48.537,-1.33,4.04,-6.31,-0.69,3.57,80.9,80.9,80.9,80.9,80.9,-34.05,-34.05,-34.05,37.58,37.58,False,False,False,False,False,False,False,False,False,2026-09-11
3698,3698.HK,HUISHANG BANK,徽商银行,169.07,"1,000",Equity,Equity Securities (Main Board),4.86,4.955,4.99,4.81,6927200,33.67,4.866,4.851,-0.12,0.2,-2.31,0.93,0.0,5.49,5.49,5.49,5.49,5.49,-9.11,-9.11,-9.11,11.48,11.48,False,False,False,False,False,False,False,False,False,2026-09-11
3699,3699.HK,EB GRAND CHINA,光大永年,2.03,"2,000",Equity,Equity Securities (Main Board),0.46,0.44,0.46,0.435,72000,0.03,0.432,0.422,6.48,8.88,6.98,3.37,5.75,0.5,0.52,1.53,0.5,0.52,-8.0,-11.54,-69.93,8.0,11.54,False,False,False,False,False,False,False,True,False,2026-09-11
3700,3700.HK,INKEVERSE,映宇宙,18.95,"1,000",Equity,Equity Securities (Main Board),0.815,0.8,0.815,0.77,1058000,0.86,0.835,0.825,-2.4,-1.15,1.24,-4.12,-1.81,1.61,2.38,5.48,1.61,2.38,-49.38,-65.76,-85.13,49.38,65.76,False,False,False,False,False,False,False,False,False,2026-09-11
3708,3708.HK,WORLD DIGI ECON,世界数字经济产业,1.4,"10,000",Equity,Equity Securities (Main Board),0.193,0.185,0.194,0.18,310000,0.06,0.186,0.188,3.65,2.82,4.32,6.04,2.12,0.47,1.35,12.6,0.47,1.35,-59.16,-85.63,-98.46,59.37,85.7,False,False,False,True,False,False,False,False,False,2026-09-11
3709,3709.HK,EEKA FASHION,赢家时尚,34.02,500,Equity,Equity Securities (Main Board),4.8,4.605,4.85,4.595,354000,1.7,4.689,4.722,2.37,1.65,4.23,1.69,2.56,7.76,15.48,19.66,7.76,15.48,-37.5,-68.67,-75.33,38.14,68.99,False,False,False,True,False,False,False,False,False,2026-09-11
3718,3718.HK,BJ ENT URBAN,北控城市资源,13.69,"4,000",Equity,Equity Securities (Main Board),0.385,0.385,0.385,0.38,108000,0.04,0.384,0.392,0.26,-1.79,0.0,0.0,0.0,0.45,0.61,2.54,0.45,0.61,-14.44,-36.89,-84.84,14.44,36.89,False,False,True,False,False,False,False,False,False,2026-09-11
3737,3737.HK,ZHONGZHIPHARM,中智药业,6.13,"1,000",Equity,Equity Securities (Main Board),0.71,0.69,0.71,0.685,479000,0.34,0.709,0.709,0.14,0.07,0.0,-0.7,-4.05,0.98,1.56,2.05,0.98,1.56,-27.55,-54.49,-65.37,27.55,54.49,False,False,False,True,False,False,False,False,False,2026-09-11
3738,3738.HK,VOBILE GROUP,阜博集团,80.9,"1,000",Equity,Equity Securities (Main Board),3.12,3.02,3.19,2.97,36841912,114.95,3.269,3.297,-4.56,-5.38,1.96,-6.59,-10.22,6.3,7.1,12.11,6.3,7.1,-49.37,-55.07,-73.66,50.48,56.06,False,False,False,False,False,False,False,False,False,2026-09-11
3750,3750.HK,CATL,宁德时代,1195.19,100,Equity,Equity Securities (Main Board),547.5,554.0,555.0,540.0,2475375,1355.27,561.1,570.35,-2.42,-4.01,-2.49,-2.58,-4.7,794.5,794.5,794.5,794.5,794.5,-30.14,-30.14,-30.14,31.09,31.09,False,False,False,False,False,False,False,False,False,2026-09-11
3752,3752.HK,ROKAE ROBOTICS,珞石机器人,128.02,100,Equity,Equity Securities (Main Board),50.55,48.32,51.0,48.0,66700,3.37,50.79,53.24,-0.47,-5.05,2.54,-0.69,-6.56,76.0,76.0,76.0,76.0,76.0,-32.89,-32.89,-32.89,33.49,33.49,False,False,False,False,False,False,False,False,False,2026-09-11
3759,3759.HK,PHARMARON,康龙化成,98.62,100,Equity,Equity Securities (Main Board),27.54,27.58,28.28,27.02,8845095,243.59,28.364,28.496,-2.91,-3.35,-2.62,-5.23,-5.03,34.86,34.86,94.22,34.86,34.86,-18.88,-18.88,-69.99,21.0,21.0,False,False,False,False,False,False,False,False,False,2026-09-11
3768,3768.HK,DCWT,滇池水务,1.29,"1,000",Equity,Equity Securities (Main Board),0.38,0.38,0.38,0.38,10000,0.0,0.391,0.386,-2.81,-1.68,0.0,-2.56,-1.3,0.79,1.16,3.93,0.79,1.16,-51.9,-67.24,-90.33,51.9,67.24,False,False,False,False,False,False,False,False,False,2026-09-11
3773,3773.HK,YS DIGIFAVOR,银盛数惠,10.21,"2,000",Equity,Equity Securities (Main Board),2.46,2.5,2.5,2.45,142000,0.35,2.477,2.542,-0.69,-3.23,-1.6,0.41,-5.38,2.79,3.49,3.49,2.79,3.49,-10.39,-28.37,-28.37,11.83,29.51,False,False,False,False,False,False,False,False,False,2026-09-11
3774,3774.HK,FAMEGLOW,亮晴控股,155.35,"1,000",Equity,Equity Securities (Main Board),18.97,17.0,20.56,17.0,940000,17.83,18.704,22.142,1.42,-14.33,5.98,-1.71,-19.28,33.98,33.98,33.98,33.98,33.98,-39.49,-39.49,-39.49,44.17,44.17,False,False,False,False,False,False,False,False,False,2026-09-11
3788,3788.HK,HANKING GOLD,罕王黄金,79.45,"1,000",Equity,Equity Securities (Main Board),3.25,3.25,3.25,3.11,2061000,6.7,3.272,3.308,-0.67,-1.74,-1.22,0.62,-1.81,5.6,5.6,5.6,5.6,5.6,-41.96,-41.96,-41.96,41.96,41.96,False,False,False,False,False,False,False,False,False,2026-09-11
3789,3789.HK,ROYAL DELUXE,御佳控股,2.86,"4,000",Equity,Equity Securities (Main Board),0.238,0.235,0.235,0.235,60000,0.01,0.239,0.231,-0.34,3.12,-0.83,-4.03,4.39,0.26,0.26,0.62,0.26,0.26,-9.62,-9.62,-62.1,8.46,8.46,False,False,False,False,False,False,False,True,True,2026-09-11
3800,3800.HK,GCL TECH,协鑫科技,226.71,"1,000",Equity,Equity Securities (Main Board),0.705,0.705,0.71,0.685,239567000,168.89,0.722,0.715,-2.35,-1.4,-0.7,-1.4,-2.76,1.28,1.99,3.96,1.28,1.99,-44.53,-64.32,-82.06,44.92,64.57,False,False,False,False,False,False,False,False,False,2026-09-11
3808,3808.HK,SINOTRUK,中国重汽,1127.59,500,Equity,Equity Securities (Main Board),40.84,41.6,41.82,40.36,5460935,223.02,42.564,41.396,-4.05,-1.34,-3.22,-4.8,-1.02,48.4,48.4,48.4,48.4,48.4,-13.6,-13.6,-13.6,15.62,15.62,False,False,False,False,False,False,False,False,False,2026-09-11
3813,3813.HK,POU SHENG INT'L,宝胜国际,20.32,"1,000",Equity,Equity Securities (Main Board),0.385,0.385,0.385,0.375,675000,0.26,0.39,0.39,-1.28,-1.41,-1.28,-3.75,-1.28,0.5,0.72,2.97,0.5,0.72,-23.0,-46.53,-87.04,23.0,46.53,False,False,False,False,False,False,False,False,False,2026-09-11
3816,3816.HK,KFM KINGDOM,ＫＦＭ金德,27.24,"4,000",Equity,Equity Securities (Main Board),4.54,4.78,5.0,4.3,3276000,14.87,4.089,3.598,11.03,26.18,-5.02,34.12,38.41,4.89,4.89,4.89,5.0,5.0,2.15,2.15,2.15,9.2,9.2,False,False,False,False,True,True,True,True,True,2026-09-11
3818,3818.HK,CHINA DONGXIANG,中国动向,15.33,"1,000",Equity,Equity Securities (Main Board),0.26,0.255,0.26,0.255,681000,0.18,0.265,0.265,-1.89,-2.07,0.0,-3.7,-3.7,0.49,0.56,1.77,0.49,0.56,-46.39,-53.57,-85.31,46.39,53.57,False,False,False,False,False,False,False,False,False,2026-09-11
3828,3828.HK,MING FAI INT'L,明辉国际,5.32,"1,000",Equity,Equity Securities (Main Board),0.725,0.735,0.75,0.72,21000,0.02,0.719,0.717,0.83,1.12,0.69,1.4,0.69,1.01,1.06,1.38,1.01,1.06,-25.74,-29.25,-45.65,28.22,31.6,False,False,False,False,False,False,False,False,False,2026-09-11
3830,3830.HK,KIDDIELAND,童园国际,2.02,"5,000",Equity,Equity Securities (Main Board),0.202,0.205,0.21,0.203,1485000,0.3,0.201,0.198,0.5,1.87,-0.49,1.0,4.12,0.23,0.23,0.82,0.23,0.23,-8.7,-8.7,-74.39,12.17,12.17,False,False,False,False,False,False,False,False,False,2026-09-11
3833,3833.HK,XINXIN MINING,新疆新鑫矿业,19.01,"1,000",Equity,Equity Securities (Main Board),2.0,2.06,2.09,1.97,2892000,5.78,2.07,2.045,-3.38,-2.2,-6.98,-2.44,-3.15,3.27,3.9,3.9,3.27,3.9,-36.09,-46.41,-46.41,38.84,48.72,False,False,False,False,False,False,False,False,False,2026-09-11
3836,3836.HK,HARMONY AUTO,和谐汽车,7.92,500,Equity,Equity Securities (Main Board),0.52,0.52,0.525,0.52,163000,0.08,0.53,0.574,-1.89,-9.41,0.97,-1.89,-11.86,1.46,2.72,6.8,1.46,2.72,-64.04,-80.7,-92.28,64.38,80.88,False,False,False,False,False,False,False,False,False,2026-09-11
3838,3838.HK,CHINA STARCH,中国淀粉,10.2,"5,000",Equity,Equity Securities (Main Board),0.177,0.174,0.177,0.171,10585000,1.87,0.174,0.168,1.84,5.42,1.72,2.31,7.27,0.19,0.28,0.38,0.19,0.28,-8.29,-35.64,-53.42,8.29,35.64,False,False,False,False,False,False,False,True,False,2026-09-11
3848,3848.HK,HAOSEN FINTECH,浩森金融科技,16.11,"1,000",Equity,Equity Securities (Main Board),2.06,2.12,2.12,2.06,401000,0.83,2.066,2.075,-0.29,-0.72,0.0,0.0,-2.83,2.38,2.66,2.66,2.38,2.66,-10.92,-20.3,-20.3,13.45,22.56,False,False,False,False,False,False,False,False,False,2026-09-11
3858,3858.HK,JIAXIN INTL RES,佳鑫国际资源,251.01,400,Equity,Equity Securities (Main Board),55.1,55.15,55.6,51.0,2395200,131.98,56.25,56.8,-2.04,-2.99,-3.42,0.36,-0.54,176.2,176.2,176.2,176.2,176.2,-68.44,-68.44,-68.44,68.73,68.73,False,False,False,False,False,False,False,False,False,2026-09-11
3860,3860.HK,EPS HEALTH TECH,ＥＰＳ创健科技,3.67,"5,000",Equity,Equity Securities (Main Board),0.63,0.61,0.63,0.61,50000,0.03,0.6,0.574,5.0,9.76,3.28,5.0,5.0,0.84,1.5,2.68,0.84,1.5,-25.0,-58.0,-76.49,25.0,58.0,False,False,False,False,False,False,False,False,False,2026-09-11
3866,3866.HK,BQD,青岛银行,118.38,500,Equity,Equity Securities (Main Board),5.165,5.275,5.275,5.12,1861500,9.61,5.178,5.231,-0.25,-1.26,-1.53,0.19,-3.82,5.41,5.41,7.99,5.41,5.41,-2.41,-2.41,-34.01,4.44,4.44,False,False,False,False,False,False,False,True,True,2026-09-11
3868,3868.HK,XINYI ENERGY,信义能源,67.74,"2,000",Equity,Equity Securities (Main Board),0.795,0.8,0.805,0.785,9176130,7.3,0.788,0.79,0.89,0.7,0.0,1.27,1.27,1.38,1.98,6.28,1.38,1.98,-41.67,-59.34,-87.19,42.39,59.85,False,False,False,True,False,False,False,False,False,2026-09-11
3877,3877.HK,CSSC SHIPPING,中国船舶租赁,153.88,"2,000",Equity,Equity Securities (Main Board),2.48,2.41,2.49,2.41,45718000,113.38,2.397,2.351,3.46,5.49,1.85,4.86,6.44,2.61,2.61,2.61,2.61,2.61,-4.6,-4.6,-4.6,4.98,4.98,True,False,False,False,False,False,False,True,True,2026-09-11
3878,3878.HK,VICON HOLDINGS,VICON HOLDINGS,0.93,"2,000",Equity,Equity Securities (Main Board),0.194,0.189,0.194,0.189,4000,0.0,0.193,0.193,0.31,0.31,-9.77,4.3,4.3,0.29,0.29,6.14,0.29,0.29,-34.24,-34.24,-96.84,34.24,34.24,False,False,True,True,False,False,False,False,False,2026-09-11
3880,3880.HK,MEDTIDE,泰德医药,26.28,100,Equity,Equity Securities (Main Board),18.53,19.97,19.98,18.13,108400,2.01,19.64,20.492,-5.65,-9.57,-6.98,-7.35,-13.33,30.46,41.72,41.72,30.46,41.72,-34.41,-52.11,-52.11,39.17,55.58,False,False,False,False,False,False,False,False,False,2026-09-11
3881,3881.HK,CIDI,希迪智驾,90.58,100,Equity,Equity Securities (Main Board),21.34,19.98,23.38,19.25,6069500,129.52,20.396,19.245,4.63,10.89,9.1,4.81,11.61,40.88,40.88,40.88,40.88,40.88,-42.81,-42.81,-42.81,47.8,47.8,False,False,False,False,False,False,False,False,False,2026-09-11
3883,3883.HK,CHINA AOYUAN,中国奥园,1.74,"1,000",Equity,Equity Securities (Main Board),0.037,0.037,0.038,0.036,1489000,0.06,0.038,0.039,-2.12,-4.64,0.0,-5.13,-7.5,0.11,1.18,13.12,0.11,1.18,-64.49,-96.78,-99.71,65.42,96.86,False,False,False,False,False,False,False,False,False,2026-09-11
3886,3886.HK,TOWN HEALTH,康健国际医疗,11.79,"2,000",Equity,Equity Securities (Main Board),0.174,0.166,0.174,0.166,118000,0.02,0.176,0.179,-1.36,-2.58,-1.69,0.0,-3.33,0.28,0.37,1.42,0.28,0.37,-37.86,-52.97,-87.75,37.86,52.97,False,False,False,False,False,False,False,False,False,2026-09-11
3887,3887.HK,HASHKEY HLDGS,HASHKEY HLDGS,71.19,400,Equity,Equity Securities (Main Board),2.585,2.68,2.68,2.585,803200,2.08,2.746,2.734,-5.86,-5.43,-3.72,-12.07,-9.62,7.98,7.98,7.98,7.98,7.98,-66.42,-66.42,-66.42,67.61,67.61,False,False,False,False,False,False,False,False,False,2026-09-11
3888,3888.HK,KINGSOFT,金山软件,335.09,200,Equity,Equity Securities (Main Board),24.38,24.0,24.4,23.82,6648187,162.08,24.472,24.684,-0.38,-1.23,0.74,-1.46,-4.77,33.68,47.5,79.5,33.68,47.5,-27.55,-48.63,-69.31,27.61,48.67,False,False,False,False,False,False,False,False,False,2026-09-11
3889,3889.HK,GLOBAL CORN GP,大成玉米集团,1.22,"2,000",Equity,Equity Securities (Main Board),0.063,0.068,0.06,0.06,90000,0.01,0.062,0.054,1.94,17.32,-7.35,-11.27,31.25,0.1,0.25,0.29,0.1,0.25,-40.0,-76.0,-79.66,37.0,74.8,False,False,False,False,False,False,False,False,False,2026-09-11
3893,3893.HK,CROSSTEC,易纬集团,14.08,"12,000",Equity,Equity Securities (Main Board),1.335,1.42,1.42,1.335,36000,0.05,1.422,1.428,-6.12,-6.48,-5.99,-7.29,-10.7,1.62,1.62,24.73,1.62,1.62,-12.07,-12.07,-94.26,17.34,17.34,False,False,False,False,False,False,False,False,False,2026-09-11
3896,3896.HK,KINGSOFT CLOUD,金山云,237.92,"2,000",Equity,Equity Securities (Main Board),5.25,5.17,5.265,5.1,31652173,166.17,5.353,5.437,-1.92,-3.45,0.48,-3.14,-7.98,9.75,11.4,11.4,9.75,11.4,-46.0,-53.82,-53.82,46.15,53.95,False,False,False,False,False,False,False,False,False,2026-09-11
3898,3898.HK,TIMES ELECTRIC,时代电气,135.86,100,Equity,Equity Securities (Main Board),29.42,29.8,29.8,29.0,6123837,180.16,30.192,30.378,-2.56,-3.15,-1.14,-3.67,-2.84,45.64,46.88,65.3,45.64,46.88,-34.71,-36.43,-54.36,35.54,37.24,False,False,False,False,False,False,False,False,False,2026-09-11
3899,3899.HK,CIMC ENRIC,中集安瑞科,170.85,"2,000",Equity,Equity Securities (Main Board),8.095,8.3,8.33,7.935,6818000,55.19,7.997,7.758,1.23,4.34,-3.4,3.19,6.58,13.88,13.88,13.88,13.88,13.88,-39.99,-39.99,-39.99,41.68,41.68,False,False,False,False,False,False,False,False,False,2026-09-11
3900,3900.HK,GREENTOWN CHINA,绿城中国,144.12,500,Equity,Equity Securities (Main Board),5.675,5.79,5.79,5.575,9880010,56.07,5.858,5.961,-3.12,-4.8,-2.66,-5.57,-7.35,11.98,13.78,18.5,11.98,13.78,-51.67,-57.98,-68.7,52.63,58.82,False,False,False,False,False,False,False,False,False,2026-09-11
3908,3908.HK,CICC,中金公司,383.03,400,Equity,Equity Securities (Main Board),20.12,20.2,20.3,19.81,16009583,322.11,20.46,21.138,-1.66,-4.82,-1.47,1.31,-8.13,23.1,24.65,25.75,23.1,24.65,-12.12,-17.65,-21.17,12.9,18.38,False,False,False,False,False,False,False,False,False,2026-09-11
3913,3913.HK,KWG LIVING,合景悠活,2.84,"1,000",Equity,Equity Securities (Main Board),0.14,0.136,0.14,0.136,33309,0.0,0.143,0.143,-1.82,-2.1,-1.41,-2.78,-0.71,0.25,0.72,10.5,0.25,0.72,-43.55,-80.56,-98.67,43.55,80.56,False,False,False,False,False,False,False,False,False,2026-09-11
3918,3918.HK,NAGACORP,金界控股,137.56,"2,000",Equity,Equity Securities (Main Board),3.11,3.16,3.16,3.1,1530503,4.76,3.177,3.211,-2.11,-3.13,-1.27,-2.81,-4.31,4.89,6.98,14.74,4.89,6.98,-35.38,-54.73,-78.56,36.4,55.44,False,False,False,False,False,False,False,False,False,2026-09-11
3919,3919.HK,GOLDENPOWER,金力集团,0.49,"4,000",Equity,Equity Securities (Main Board),1.09,1.39,1.39,1.045,1552000,1.69,0.915,0.727,19.13,49.83,-14.84,60.29,86.32,3.08,3.08,30.33,3.08,3.08,-54.87,-54.87,-95.42,64.61,64.61,False,False,False,False,False,False,False,False,False,2026-09-11
3928,3928.HK,CHINA NEXT-GEN,中国新零售供应链,134.12,500,Equity,Equity Securities (Main Board),27.04,26.78,27.08,26.56,310500,8.4,27.228,26.912,-0.69,0.48,1.65,-2.31,2.81,29.56,29.56,29.56,29.56,29.56,-8.39,-8.39,-8.39,8.53,8.53,False,False,False,False,False,False,False,True,True,2026-09-11
3931,3931.HK,CALB,中创新航,128.85,100,Equity,Equity Securities (Main Board),16.92,17.07,17.07,16.45,2473796,41.86,17.244,17.165,-1.88,-1.43,-0.88,-1.51,-1.46,39.3,39.3,39.3,39.3,39.3,-56.56,-56.56,-56.56,56.95,56.95,False,False,False,False,False,False,False,False,False,2026-09-11
3933,3933.HK,UNITED LAB,联邦制药,156.44,"2,000",Equity,Equity Securities (Main Board),7.94,8.08,8.105,7.93,10774024,85.55,8.283,8.302,-4.14,-4.36,-2.4,-6.15,-4.97,13.72,17.98,17.98,13.72,17.98,-40.93,-54.92,-54.92,42.13,55.84,False,False,False,False,False,False,False,False,False,2026-09-11
3938,3938.HK,LFG INV HLDGS,ＬＦＧ投资控股,14.91,"2,000",Equity,Equity Securities (Main Board),3.04,3.06,3.06,3.03,110000,0.33,3.074,3.097,-1.11,-1.86,-0.65,-1.78,-3.03,4.0,4.0,4.0,4.0,4.0,-23.5,-23.5,-23.5,24.0,24.0,False,False,False,False,False,False,False,False,False,2026-09-11
3939,3939.HK,WANGUO GOLD GP,万国黄金集团,679.88,500,Equity,Equity Securities (Main Board),15.44,15.06,15.71,14.58,28767382,444.17,15.38,15.454,0.39,-0.09,-0.32,1.45,-3.08,18.69,18.69,18.69,18.69,18.69,-15.94,-15.94,-15.94,17.39,17.39,False,False,True,False,False,False,False,False,False,2026-09-11
3952,3952.HK,LAIFUAL,来福谐波,53.94,100,Equity,Equity Securities (Main Board),51.8,50.55,52.6,50.0,47300,2.45,55.08,56.785,-5.95,-8.78,0.58,-10.69,-7.58,119.6,119.6,119.6,119.6,119.6,-56.02,-56.02,-56.02,56.69,56.69,False,False,False,False,False,False,False,False,False,2026-09-11
3958,3958.HK,DFZQ,东方证券,59.11,400,Equity,Equity Securities (Main Board),5.755,5.855,5.91,5.715,8533623,49.11,5.841,5.864,-1.47,-1.86,-3.28,-0.78,-4.64,7.63,8.96,9.2,7.63,8.96,-22.54,-34.04,-35.76,24.57,35.77,False,False,False,False,False,False,False,False,False,2026-09-11
3968,3968.HK,CM BANK,招商银行,2384.97,500,Equity,Equity Securities (Main Board),51.95,52.15,52.65,51.35,11377560,591.06,51.95,51.915,0.0,0.07,-0.38,0.1,-2.62,53.6,56.75,72.45,53.6,56.75,-1.77,-7.22,-27.33,3.08,8.46,False,False,False,False,False,False,False,True,True,2026-09-11
3969,3969.HK,CHINA CRSC,中国通号,61.13,"1,000",Equity,Equity Securities (Main Board),3.105,3.105,3.155,3.1,3852110,11.96,3.138,3.153,-1.05,-1.52,-1.11,-1.43,-2.2,3.95,4.28,7.5,3.95,4.28,-20.13,-26.29,-57.93,21.39,27.45,False,False,False,False,False,False,False,False,False,2026-09-11
3978,3978.HK,BESTSTUDY EDU,卓越教育集团,22.07,"1,000",Equity,Equity Securities (Main Board),2.605,2.6,2.635,2.54,744000,1.94,2.644,2.698,-1.48,-3.43,-2.07,-1.51,-3.52,4.09,5.99,5.99,4.09,5.99,-35.57,-56.01,-56.01,36.31,56.51,False,False,False,False,False,False,False,False,False,2026-09-11
3983,3983.HK,CHINA BLUECHEM,中海石油化学,35.47,"2,000",Equity,Equity Securities (Main Board),1.975,2.015,2.015,1.965,3338000,6.59,2.0,1.976,-1.25,-0.05,-1.99,-1.25,-0.25,3.69,3.69,3.69,3.69,3.69,-45.39,-45.39,-45.39,46.48,46.48,False,False,False,False,False,False,False,False,False,2026-09-11
3986,3986.HK,GIGADEVICE,兆易创新,150.37,100,Equity,Equity Securities (Main Board),452.2,465.4,467.4,442.4,2101268,950.19,477.24,475.16,-5.25,-4.83,-5.08,-6.88,-2.71,1248.0,1248.0,1248.0,1248.0,1248.0,-62.55,-62.55,-62.55,63.77,63.77,False,False,False,False,False,False,False,False,False,2026-09-11
3988,3988.HK,BANK OF CHINA,中国银行,5054.97,"1,000",Equity,Equity Securities (Main Board),6.045,5.93,6.045,5.895,294766807,1781.87,5.95,5.964,1.6,1.36,1.26,2.89,-0.33,6.14,6.14,6.14,6.14,6.14,-1.55,-1.55,-1.55,1.55,1.55,True,False,True,True,False,False,False,True,True,2026-09-11
3989,3989.HK,CAPITAL ENV,首创环境,11.72,"2,000",Equity,Equity Securities (Main Board),0.082,0.085,0.085,0.082,1698000,0.14,0.083,0.082,-1.2,0.0,-3.53,1.23,2.5,0.15,0.15,0.39,0.15,0.15,-41.78,-41.78,-78.21,43.84,43.84,False,False,False,False,False,False,False,False,False,2026-09-11
3990,3990.HK,MIDEA REAL EST,美的置业,34.45,200,Equity,Equity Securities (Main Board),2.4,2.35,2.42,2.335,379600,0.91,2.413,2.359,-0.54,1.74,-0.41,-1.64,1.69,4.69,7.92,25.3,4.69,7.92,-48.4,-69.44,-90.43,48.83,69.7,False,False,False,False,False,False,False,False,False,2026-09-11
3993,3993.HK,CMOC,洛阳钼业,629.35,"3,000",Equity,Equity Securities (Main Board),16.0,16.6,16.8,15.18,99261630,1588.19,17.024,16.772,-6.02,-4.6,-7.73,-9.14,-2.74,25.24,25.24,25.24,25.24,25.24,-33.44,-33.44,-33.44,36.61,36.61,False,False,False,False,False,False,False,False,False,2026-09-11
3996,3996.HK,CH ENERGY ENG,中国能源建设,95.87,"2,000",Equity,Equity Securities (Main Board),1.035,1.045,1.05,1.03,14622391,15.13,1.045,1.041,-0.96,-0.58,-1.9,-0.48,-0.96,1.55,1.96,1.96,1.55,1.96,-32.26,-46.43,-46.43,33.23,47.19,False,False,False,False,False,False,False,False,False,2026-09-11
3997,3997.HK,TSO,电讯首科,1.55,"2,000",Equity,Equity Securities (Main Board),1.21,1.21,1.21,1.105,120000,0.15,1.186,1.314,2.02,-7.95,0.0,2.54,-5.47,4.99,4.99,8.0,4.99,4.99,-75.75,-75.75,-84.87,75.75,75.75,False,False,True,False,False,False,False,False,False,2026-09-11
3998,3998.HK,BOSIDENG,波司登,511.8,"2,000",Equity,Equity Securities (Main Board),4.365,4.28,4.405,4.28,20681593,90.28,4.38,4.335,-0.34,0.68,0.23,-2.57,0.46,4.99,5.37,6.93,4.99,5.37,-11.63,-17.97,-36.44,12.44,18.72,False,False,False,False,False,False,False,False,False,2026-09-11
6030,6030.HK,CITIC SEC,中信证券,863.48,500,Equity,Equity Securities (Main Board),25.22,25.6,25.7,24.92,9328650,235.27,25.888,26.46,-2.58,-4.69,-2.7,-1.87,-7.55,30.8,32.9,32.9,30.8,32.9,-16.56,-21.88,-21.88,18.12,23.34,False,False,False,False,False,False,False,False,False,2026-09-11
6031,6031.HK,SANY HEAVY IND,三一重工,141.96,200,Equity,Equity Securities (Main Board),19.7,19.7,19.82,19.26,4936627,97.25,19.874,19.742,-0.88,-0.21,-0.3,-0.76,-1.79,27.16,27.16,27.16,27.16,27.16,-27.03,-27.03,-27.03,27.47,27.47,False,False,False,False,False,False,False,False,False,2026-09-11
6036,6036.HK,APEX ACE HLDG,光丽科技,12.9,"5,000",Equity,Equity Securities (Main Board),1.2,1.155,1.2,1.15,320000,0.38,1.163,1.201,3.18,-0.12,6.19,1.69,-2.83,2.0,2.0,2.0,2.0,2.0,-40.0,-40.0,-40.0,40.0,40.0,False,False,False,False,False,False,False,False,False,2026-09-11
6038,6038.HK,G & M HLDGS,信越控股,3.91,"10,000",Equity,Equity Securities (Main Board),0.39,0.375,0.39,0.375,610000,0.24,0.389,0.412,0.26,-5.45,5.41,4.0,-10.34,0.47,0.47,0.61,0.47,0.47,-17.02,-17.02,-36.07,17.02,17.02,False,False,False,False,False,False,False,False,False,2026-09-11
6049,6049.HK,POLY PPT SER,保利物业,94.45,200,Equity,Equity Securities (Main Board),27.22,27.7,27.7,27.12,678200,18.46,27.872,28.016,-2.34,-2.84,-2.02,-3.75,-5.35,35.06,40.65,92.85,35.06,40.65,-20.99,-31.86,-70.17,22.36,33.04,False,False,False,False,False,False,False,False,False,2026-09-11
6051,6051.HK,YOUZAN,有赞,19.65,"5,000",Equity,Equity Securities (Main Board),1.225,1.185,1.24,1.18,4864000,5.96,1.211,1.211,1.16,1.16,0.0,-1.61,4.7,3.44,4.88,90.4,3.44,4.88,-63.95,-74.59,-98.63,64.39,74.9,False,False,True,True,False,False,False,False,False,2026-09-11
6055,6055.HK,CTIHK,中烟香港,157.56,"1,000",Equity,Equity Securities (Main Board),22.78,23.78,23.78,22.68,1445000,32.92,23.54,24.088,-3.23,-5.43,-1.13,-3.96,-7.4,46.5,48.1,48.1,46.5,48.1,-48.86,-50.56,-50.56,51.01,52.64,False,False,False,False,False,False,False,False,False,2026-09-11
6058,6058.HK,CISI FIN,兴证国际,24.2,"2,000",Equity,Equity Securities (Main Board),0.605,0.62,0.62,0.59,134000,0.08,0.6,0.607,0.83,-0.33,-1.63,6.14,-2.42,0.69,0.86,1.45,0.69,0.86,-10.14,-27.91,-57.24,12.32,29.65,False,False,True,False,False,False,False,False,False,2026-09-11
6060,6060.HK,ZA ONLINE,众安在线,166.1,100,Equity,Equity Securities (Main Board),10.16,10.35,10.35,10.0,7097930,72.11,10.728,11.101,-5.29,-8.48,-2.03,-8.8,-12.71,18.0,24.9,97.8,18.0,24.9,-42.5,-58.43,-89.42,43.56,59.2,False,False,False,False,False,False,False,False,False,2026-09-11
6063,6063.HK,LOTUS HORIZON,智中国际,23.5,"8,000",Equity,Equity Securities (Main Board),1.175,1.25,1.25,1.125,6144000,7.22,1.27,1.27,-7.48,-7.52,-8.2,-7.48,-7.48,1.49,1.49,1.7,1.49,1.49,-15.82,-15.82,-26.47,20.88,20.88,False,False,False,False,False,False,False,False,False,2026-09-11
6066,6066.HK,CSC,中信建投证券,145.4,500,Equity,Equity Securities (Main Board),11.53,11.83,11.83,11.47,8409226,96.96,11.842,11.98,-2.63,-3.76,-3.92,-2.04,-6.11,13.95,17.48,17.48,13.95,17.48,-15.2,-32.32,-32.32,17.35,34.04,False,False,False,False,False,False,False,False,False,2026-09-11
6067,6067.HK,SENIOR MATERIAL,星源材质,11.27,500,Equity,Equity Securities (Main Board),7.535,7.3,7.6,6.88,4161000,31.35,7.368,7.43,2.27,1.41,3.5,4.65,4.07,13.41,13.41,13.41,13.41,13.41,-43.33,-43.33,-43.33,43.81,43.81,False,False,False,True,False,False,False,False,False,2026-09-11
6068,6068.HK,WISDOM EDU INTL,光正教育,1.31,"2,000",Equity,Equity Securities (Main Board),0.06,0.06,0.06,0.055,6000,0.0,0.059,0.06,1.35,0.5,1.69,1.69,1.69,0.09,0.43,7.5,0.09,0.43,-31.82,-85.88,-99.2,31.82,85.88,False,False,False,True,False,False,False,False,False,2026-09-11
6069,6069.HK,SY HOLDINGS,盛业,64.32,500,Equity,Equity Securities (Main Board),6.035,6.11,6.11,5.955,7830500,47.26,6.183,6.31,-2.39,-4.37,-1.15,-3.9,-5.26,12.36,15.24,15.24,12.36,15.24,-50.57,-59.91,-59.91,51.17,60.4,False,False,False,False,False,False,False,False,False,2026-09-11
6078,6078.HK,HYGEIA HEALTH,海吉亚医疗,59.38,200,Equity,Equity Securities (Main Board),9.83,10.07,10.09,9.815,2087215,20.52,10.194,10.278,-3.57,-4.36,-2.29,-5.84,-7.7,14.55,51.75,110.0,14.55,51.75,-30.65,-80.5,-90.83,32.44,81.0,False,False,False,False,False,False,False,False,False,2026-09-11
6080,6080.HK,WING CHI HLDGS,荣智控股,1.33,"6,000",Equity,Equity Securities (Main Board),0.119,0.117,0.119,0.115,294000,0.03,0.122,0.129,-2.3,-7.39,-1.65,0.0,-12.5,0.24,0.24,0.86,0.24,0.24,-50.21,-50.21,-86.16,50.21,50.21,False,False,False,False,False,False,False,False,False,2026-09-11
6082,6082.HK,BIREN TECH,壁仞科技,480.07,200,Equity,Equity Securities (Main Board),35.46,36.98,36.98,34.2,13128899,465.55,38.104,41.004,-6.94,-13.52,-5.39,-7.17,-14.76,70.75,70.75,70.75,70.75,70.75,-47.73,-47.73,-47.73,49.88,49.88,False,False,False,False,False,False,False,False,False,2026-09-11
6083,6083.HK,WORLD-LINK LOG,环宇物流（亚洲）,3.96,"4,000",Equity,Equity Securities (Main Board),0.79,0.81,0.81,0.785,616000,0.49,0.832,0.782,-5.05,1.09,-4.24,-6.51,-2.47,1.2,1.2,3.0,1.2,1.2,-32.5,-32.5,-73.0,34.17,34.17,False,False,False,False,False,False,False,False,False,2026-09-11
6086,6086.HK,FANGZHOU JIANKE,方舟健客,10.18,500,Equity,Equity Securities (Main Board),0.735,0.75,0.75,0.73,221000,0.16,0.745,0.746,-1.34,-1.41,0.0,-2.0,-9.82,4.33,8.18,8.18,4.33,8.18,-82.68,-90.83,-90.83,83.03,91.01,False,False,False,False,False,False,False,False,False,2026-09-11
6088,6088.HK,FIT HON TENG,FIT HON TENG,385.27,"1,000",Equity,Equity Securities (Main Board),5.275,5.485,5.485,5.2,25302017,133.47,5.435,5.357,-2.94,-1.54,-3.83,0.09,-0.57,10.89,10.89,10.89,10.89,10.89,-49.63,-49.63,-49.63,51.56,51.56,False,False,False,False,False,False,False,False,False,2026-09-11
6090,6090.HK,BUTONG GROUP,不同集团,35.77,100,Equity,Equity Securities (Main Board),40.3,40.24,41.98,40.0,845300,34.07,42.188,42.086,-4.48,-4.24,0.15,-8.33,-6.02,143.0,143.0,143.0,143.0,143.0,-70.64,-70.64,-70.64,71.82,71.82,False,False,False,False,False,False,False,False,False,2026-09-11
6098,6098.HK,CG SERVICES,碧桂园服务,178.26,"1,000",Equity,Equity Securities (Main Board),5.36,5.415,5.415,5.315,4808946,25.78,5.498,5.539,-2.51,-3.23,-1.47,-3.86,-5.47,6.61,10.18,85.2,6.61,10.18,-18.08,-46.81,-93.64,18.91,47.35,False,False,False,False,False,False,False,False,False,2026-09-11
6099,6099.HK,CMSC,招商证券,187.1,200,Equity,Equity Securities (Main Board),14.68,15.0,15.05,14.51,4952903,72.71,15.014,15.352,-2.22,-4.38,-2.97,-1.81,-6.85,18.65,26.05,26.05,18.65,26.05,-19.3,-42.23,-42.23,21.29,43.65,False,False,False,False,False,False,False,False,False,2026-09-11
6100,6100.HK,TONGDAO LIEPIN,同道猎聘,11.56,200,Equity,Equity Securities (Main Board),2.29,2.395,2.4,2.28,379400,0.87,2.393,2.371,-4.3,-3.42,-4.18,-6.53,-5.76,4.8,7.5,36.0,4.8,7.5,-50.0,-68.0,-93.33,52.29,69.47,False,False,False,False,False,False,False,False,False,2026-09-11
6106,6106.HK,SEER TECH,仙工智能,88.34,50,Equity,Equity Securities (Main Board),79.95,81.0,85.3,75.05,1334850,106.72,73.31,71.575,9.06,11.7,-1.36,16.72,5.34,140.5,140.5,140.5,140.5,140.5,-39.29,-39.29,-39.29,43.1,43.1,False,False,False,False,False,False,False,False,False,2026-09-11
6108,6108.HK,NEW RAY MEDIC,新锐医药,0.43,"8,000",Equity,Equity Securities (Main Board),0.216,0.22,0.228,0.216,52800,0.01,0.228,0.229,-5.18,-5.55,-0.46,-11.48,-9.24,0.29,0.84,27.6,0.29,0.84,-22.71,-72.86,-99.17,26.78,74.29,False,False,False,False,False,False,False,False,False,2026-09-11
6110,6110.HK,TOPSPORTS,滔搏,62.94,"1,000",Equity,Equity Securities (Main Board),1.015,1.03,1.03,0.985,57312001,58.17,1.072,1.094,-5.32,-7.18,-1.93,-8.14,-9.38,3.19,6.96,13.78,3.19,6.96,-67.71,-85.2,-92.53,68.18,85.42,False,False,False,False,False,False,False,False,False,2026-09-11
6118,6118.HK,AUSTAR,奥星生命科技,3.77,"1,000",Equity,Equity Securities (Main Board),0.735,0.75,0.75,0.75,1000,0.0,0.723,0.711,1.66,3.38,0.68,1.38,5.0,1.08,2.84,30.9,1.08,2.84,-30.56,-73.59,-97.57,31.94,74.12,False,False,False,False,False,False,False,False,False,2026-09-11
6123,6123.HK,YTO INTL EXP,圆通国际快递,4.83,"2,000",Equity,Equity Securities (Main Board),1.15,1.11,1.2,1.11,98000,0.11,1.152,1.172,-0.17,-1.88,3.6,0.0,-4.17,1.6,1.75,12.3,1.6,1.75,-25.0,-31.43,-90.24,28.13,34.29,False,False,False,False,False,False,False,False,False,2026-09-11
6127,6127.HK,JOINN,昭衍新药,25.23,100,Equity,Equity Securities (Main Board),21.2,22.0,22.0,20.84,2372548,50.3,22.14,22.794,-4.25,-6.99,-2.93,-5.69,-6.77,29.98,29.98,70.41,29.98,29.98,-26.62,-26.62,-68.75,29.29,29.29,False,False,False,False,False,False,False,False,False,2026-09-11
6128,6128.HK,GRAPHEX GROUP,烯石电车新材料,0.52,"10,000",Equity,Equity Securities (Main Board),0.055,0.056,0.056,0.053,2130000,0.12,0.055,0.054,0.36,1.66,-1.79,0.0,-1.79,0.32,1.32,13.72,0.32,1.32,-82.5,-95.75,-99.59,82.81,95.83,False,False,True,True,False,False,False,False,False,2026-09-11
6132,6132.HK,HJ SCIENCE-B,华健未来－Ｂ,30.63,100,Equity,Equity Securities (Main Board),41.62,41.04,43.16,40.06,90100,3.75,42.688,43.75,-2.5,-4.87,1.27,-3.43,-7.84,82.0,82.0,82.0,82.0,82.0,-47.37,-47.37,-47.37,49.24,49.24,False,False,False,False,False,False,False,False,False,2026-09-11
6136,6136.HK,KANGDA ENV,康达环保,17.99,"1,000",Equity,Equity Securities (Main Board),0.78,0.775,0.785,0.77,108000,0.08,0.779,0.775,0.13,0.58,-0.64,-0.64,1.96,0.92,0.92,2.3,0.92,0.92,-14.67,-14.67,-65.87,15.22,15.22,False,False,True,True,False,False,False,False,False,2026-09-11
6138,6138.HK,HARBIN BANK,哈尔滨银行,9.52,"1,000",Equity,Equity Securities (Main Board),0.315,0.32,0.32,0.31,332000,0.1,0.317,0.316,-0.63,-0.32,0.0,-1.56,-1.56,0.4,0.57,2.8,0.4,0.57,-18.99,-43.86,-88.57,20.25,44.74,False,False,False,False,False,False,False,False,False,2026-09-11
6158,6158.HK,ZHENRO PPT,正荣地产,1.0,"1,000",Equity,Equity Securities (Main Board),0.023,0.025,0.025,0.022,11359000,0.26,0.027,0.029,-14.81,-21.23,-8.0,-20.69,-32.35,0.12,0.28,6.64,0.12,0.28,-78.26,-91.07,-99.62,80.0,91.79,False,False,False,False,False,False,False,False,False,2026-09-11
6160,6160.HK,BEONE MEDICINES,百济神州,2942.95,100,Equity,Equity Securities (Main Board),206.2,203.6,206.2,201.6,5430859,1119.84,209.96,213.68,-1.79,-3.5,-0.39,-3.1,-6.61,235.6,235.6,278.6,235.6,235.6,-12.48,-12.48,-25.99,12.48,12.48,False,False,False,False,False,False,False,False,False,2026-09-11
6162,6162.HK,TR INTERIORS,天瑞汽车内饰,1.66,"8,000",Equity,Equity Securities (Main Board),0.069,0.07,0.07,0.066,15264000,1.05,0.073,0.077,-5.74,-9.8,-2.82,-6.76,-13.75,0.6,0.66,0.66,0.6,0.66,-88.33,-89.39,-89.39,88.5,89.55,False,False,False,False,False,False,False,False,False,2026-09-11
6166,6166.HK,CIG,剑桥科技,111.75,50,Equity,Equity Securities (Main Board),120.6,120.5,128.0,115.8,14865517,1792.78,120.78,109.235,-0.15,10.4,-2.35,-0.25,24.78,173.0,173.0,173.0,173.0,173.0,-26.01,-26.01,-26.01,30.29,30.29,False,False,False,False,False,False,False,False,False,2026-09-11
6168,6168.HK,ZHOU LIU FU,周六福,32.86,100,Equity,Equity Securities (Main Board),12.63,12.85,12.92,12.52,284200,3.59,13.118,13.332,-3.72,-5.27,-1.71,-5.96,-6.44,31.3,57.55,57.55,31.3,57.55,-58.72,-77.55,-77.55,59.65,78.05,False,False,False,False,False,False,False,False,False,2026-09-11
6169,6169.HK,YUHUA EDU,宇华教育,15.73,"2,000",Equity,Equity Securities (Main Board),0.365,0.355,0.365,0.355,1978000,0.72,0.361,0.371,1.11,-1.62,1.39,1.39,-6.41,0.58,0.93,8.54,0.58,0.93,-37.07,-60.75,-95.73,37.07,60.75,False,False,False,False,False,False,False,False,False,2026-09-11
6178,6178.HK,EB SECURITIES,光大证券,50.66,200,Equity,Equity Securities (Main Board),7.195,7.39,7.39,7.165,1889609,13.6,7.4,7.489,-2.77,-3.92,-3.36,-2.9,-6.01,9.74,13.52,13.52,9.74,13.52,-24.13,-45.34,-45.34,26.13,46.78,False,False,False,False,False,False,False,False,False,2026-09-11
6181,6181.HK,LAOPU GOLD,老铺黄金,530.53,100,Equity,Equity Securities (Main Board),369.6,378.0,378.0,362.4,1244241,459.87,388.32,389.62,-4.82,-5.14,-4.64,-6.1,-7.23,898.0,1108.0,1108.0,898.0,1108.0,-57.91,-65.88,-65.88,58.84,66.64,False,False,False,False,False,False,False,False,False,2026-09-11
6182,6182.HK,TWINTEK,乙德投资控股,5.24,"8,000",Equity,Equity Securities (Main Board),0.655,0.65,0.66,0.62,1568000,1.03,0.63,0.614,3.97,6.59,0.77,9.17,5.65,1.28,1.35,1.35,1.28,1.35,-48.44,-51.11,-51.11,48.83,51.48,False,False,False,False,False,False,False,False,False,2026-09-11
6185,6185.HK,CANSINOBIO,康希诺生物,34.23,200,Equity,Equity Securities (Main Board),25.8,26.8,27.3,25.16,3273654,84.46,27.856,28.544,-7.38,-9.61,-3.87,-12.48,-11.7,41.64,56.55,449.6,41.64,56.55,-34.44,-51.72,-93.93,38.04,54.38,False,False,False,False,False,False,False,False,False,2026-09-11
6186,6186.HK,CHINA FEIHE,中国飞鹤,226.8,"1,000",Equity,Equity Securities (Main Board),2.575,2.515,2.575,2.48,54073310,139.24,2.643,2.729,-2.57,-5.64,1.98,-5.5,-9.17,4.1,7.38,25.7,4.1,7.38,-37.2,-65.11,-89.98,37.2,65.11,False,False,False,False,False,False,False,False,False,2026-09-11
6188,6188.HK,BJ DIGITAL,迪信通,2.14,500,Equity,Equity Securities (Main Board),0.39,0.39,0.39,0.39,9000,0.0,0.388,0.389,0.52,0.26,1.3,0.0,0.0,0.82,3.83,3.84,0.82,3.83,-52.44,-89.82,-89.84,52.44,89.82,False,False,False,False,False,False,False,False,False,2026-09-11
6196,6196.HK,BANKOFZHENGZHOU,郑州银行,18.39,"1,000",Equity,Equity Securities (Main Board),0.91,0.925,0.925,0.905,2834000,2.58,0.914,0.914,-0.44,-0.44,-1.62,0.0,-1.62,1.19,1.48,4.23,1.19,1.48,-22.27,-37.5,-78.16,23.53,38.51,False,False,False,False,False,False,False,False,False,2026-09-11
6198,6198.HK,QINGDAO PORT,青岛港,82.76,"1,000",Equity,Equity Securities (Main Board),7.53,7.25,7.65,7.25,3023057,22.76,7.545,7.386,-0.2,1.96,-0.59,0.0,3.58,7.95,7.95,7.95,7.95,7.95,-3.77,-3.77,-3.77,5.28,5.28,False,False,False,False,False,False,False,True,True,2026-09-11
6199,6199.HK,BANK OF GUIZHOU,贵州银行,20.13,"1,000",Equity,Equity Securities (Main Board),0.915,0.92,0.92,0.915,225000,0.21,0.919,0.919,-0.44,-0.44,-0.54,-0.54,-0.54,1.18,2.04,2.92,1.18,2.04,-22.03,-54.9,-68.49,22.46,55.15,False,False,False,False,False,False,False,False,False,2026-09-11
6228,6228.HK,MERDEKAGOLD-DRS,自由黄金－ＤＲＳ,5771.75,100,Equity,Depositary Receipts,39.18,38.5,39.5,37.62,415100,16.26,38.64,38.34,1.4,2.19,1.77,1.77,2.19,41.58,41.58,41.58,41.58,41.58,-5.0,-5.0,-5.0,5.77,5.77,False,False,False,True,False,False,False,True,True,2026-09-11
6600,6600.HK,ONEROBOTICS,卧安机器人,97.71,100,Equity,Equity Securities (Main Board),43.36,44.78,54.8,43.36,2738759,118.75,45.832,47.008,-5.39,-7.76,-5.9,-4.66,-8.14,201.6,201.6,201.6,201.6,201.6,-72.82,-72.82,-72.82,78.49,78.49,False,False,False,False,False,False,False,False,False,2026-09-11
6601,6601.HK,CHEERWIN GP,朝云集团,29.07,500,Equity,Equity Securities (Main Board),2.18,2.175,2.185,2.16,381500,0.83,2.19,2.216,-0.46,-1.6,0.23,0.0,-2.02,2.52,3.21,9.36,2.52,3.21,-13.29,-31.93,-76.66,13.49,32.09,False,False,False,False,False,False,False,False,False,2026-09-11
6603,6603.HK,IFBH,IFBH,11.46,200,Equity,Equity Securities (Main Board),4.33,4.24,4.475,4.115,665600,2.88,4.216,4.526,2.7,-4.34,2.12,-0.35,-11.63,21.56,48.8,48.8,21.56,48.8,-79.24,-90.83,-90.83,79.92,91.13,False,False,False,False,False,False,False,False,False,2026-09-11
6608,6608.HK,BAIRONG AI-W,百融智能－Ｗ,17.47,500,Equity,Equity Securities (Main Board),4.71,4.62,4.9,4.54,454500,2.14,4.901,5.094,-3.9,-7.54,-0.42,-7.37,-6.36,13.64,14.8,29.45,13.64,14.8,-64.08,-66.89,-83.36,65.47,68.18,False,False,False,False,False,False,False,False,False,2026-09-11
6609,6609.HK,HEARTCARE-B,心玮医疗－Ｂ,14.53,50,Equity,Equity Securities (Main Board),47.5,48.3,50.25,47.5,30050,1.43,48.582,47.799,-2.23,-0.63,-1.66,-1.78,5.14,66.9,71.25,147.5,66.9,71.25,-24.89,-29.47,-65.93,29.0,33.33,False,False,False,False,False,False,False,False,False,2026-09-11
6610,6610.HK,FLOWING CLOUD,飞天云动,1.14,"1,000",Equity,Equity Securities (Main Board),0.88,0.905,0.905,0.88,233000,0.21,0.932,0.929,-5.58,-5.27,-2.76,-7.85,0.57,2.29,42.4,104.2,2.29,42.4,-60.48,-97.87,-99.13,61.57,97.92,False,False,False,False,False,False,False,False,False,2026-09-11
6613,6613.HK,LENS,蓝思科技,67.56,200,Equity,Equity Securities (Main Board),22.4,22.8,23.24,22.02,7799000,174.7,23.24,23.75,-3.61,-5.68,-1.67,-3.45,-6.04,32.58,33.94,33.94,32.58,33.94,-28.67,-31.53,-31.53,31.25,34.0,False,False,False,False,False,False,False,False,False,2026-09-11
6616,6616.HK,GLOBAL NEW MAT,环球新材国际,117.29,"1,000",Equity,Equity Securities (Main Board),9.395,10.27,10.27,9.38,2954000,27.75,10.048,10.046,-6.5,-6.48,-5.24,-10.1,-6.98,11.18,11.18,11.36,11.18,11.18,-8.14,-8.14,-9.6,15.97,15.97,False,False,False,False,False,False,False,False,False,2026-09-11
6618,6618.HK,JD HEALTH,京东健康,1108.37,50,Equity,Equity Securities (Main Board),34.74,34.0,34.82,34.0,6319255,219.53,35.596,36.1,-2.4,-3.77,0.29,-5.08,-6.26,71.7,71.7,198.5,71.7,71.7,-51.44,-51.44,-82.46,51.55,51.55,False,False,False,False,False,False,False,False,False,2026-09-11
6622,6622.HK,ZHAOKE OPHTH-B,兆科眼科－Ｂ,13.64,500,Equity,Equity Securities (Main Board),2.485,2.515,2.52,2.475,112500,0.28,2.509,2.518,-0.96,-1.31,-1.39,-1.39,-1.78,3.79,4.6,15.6,3.79,4.6,-33.51,-45.22,-83.85,34.43,45.98,False,False,False,False,False,False,False,False,False,2026-09-11
6626,6626.HK,YUEXIU SERVICES,越秀服务,26.96,500,Equity,Equity Securities (Main Board),1.795,1.755,1.81,1.755,99000,0.18,1.825,1.883,-1.64,-4.65,0.0,-2.45,-9.34,2.56,3.94,5.73,2.56,3.94,-29.3,-54.06,-68.41,29.88,54.44,False,False,False,False,False,False,False,False,False,2026-09-11
6628,6628.HK,TRANSCENTA-B,创胜集团医药－Ｂ,4.12,500,Equity,Equity Securities (Main Board),0.91,0.87,0.91,0.825,341500,0.31,0.948,0.99,-4.01,-8.08,7.06,-7.14,-11.22,3.06,5.8,16.18,3.06,5.8,-70.26,-84.31,-94.38,70.26,84.31,False,False,False,False,False,False,False,False,False,2026-09-11
6633,6633.HK,QINGCI GAMES,青瓷游戏,22.12,500,Equity,Equity Securities (Main Board),3.2,3.2,3.2,3.2,500,0.0,3.16,3.155,1.27,1.43,1.59,1.59,1.59,3.48,6.48,11.84,3.48,6.48,-8.05,-50.62,-72.97,8.05,50.62,False,False,False,False,False,False,False,True,False,2026-09-11
6636,6636.HK,EXTREME VISION,极视角,86.51,50,Equity,Equity Securities (Main Board),77.0,70.1,78.75,69.35,445850,34.33,75.61,81.625,1.84,-5.67,10.08,1.18,-13.87,131.1,131.1,131.1,131.1,131.1,-39.93,-39.93,-39.93,41.27,41.27,False,False,False,False,False,False,False,False,False,2026-09-11
6651,6651.HK,51WORLD,五一视界,236.23,200,Equity,Equity Securities (Main Board),59.0,56.8,60.15,55.1,1676219,98.9,60.85,61.525,-3.04,-4.1,1.37,-5.14,-5.07,147.0,147.0,147.0,147.0,147.0,-59.08,-59.08,-59.08,59.86,59.86,False,False,False,False,False,False,False,False,False,2026-09-11
6655,6655.HK,HX BLDG MAT,华新建材,120.93,100,Equity,Equity Securities (Main Board),16.46,16.85,16.97,16.13,5342900,87.94,16.794,16.296,-1.99,1.01,-2.26,-3.29,-2.2,20.2,20.2,20.2,20.2,20.2,-15.99,-15.99,-15.99,18.51,18.51,False,False,False,False,False,False,False,False,False,2026-09-11
6656,6656.HK,SIGENERGY,思格新能,439.77,100,Equity,Equity Securities (Main Board),310.2,316.0,321.0,308.8,171338,53.15,318.56,330.22,-2.62,-6.06,-2.51,-0.96,-14.12,669.0,669.0,669.0,669.0,669.0,-52.02,-52.02,-52.02,53.63,53.63,False,False,False,False,False,False,False,False,False,2026-09-11
6657,6657.HK,BAIWANG CO,百望股份,27.7,100,Equity,Equity Securities (Main Board),12.26,12.0,12.5,12.0,100300,1.23,12.878,13.843,-4.8,-11.44,-1.53,-5.69,-15.21,20.0,51.5,51.5,20.0,51.5,-37.5,-75.73,-75.73,38.7,76.19,False,False,False,False,False,False,False,False,False,2026-09-11
6658,6658.HK,LIULIUMEI,溜溜梅,131.3,100,Equity,Equity Securities (Main Board),166.6,153.9,168.9,152.1,522476,87.04,146.5,142.04,13.72,17.29,8.25,13.1,22.23,194.2,194.2,194.2,194.2,194.2,-13.03,-13.03,-13.03,14.21,14.21,False,False,False,False,False,False,False,False,False,2026-09-11
6660,6660.HK,AIM VACCINE,艾美疫苗,8.61,200,Equity,Equity Securities (Main Board),1.695,1.75,1.75,1.605,653000,1.11,1.731,1.757,-2.08,-3.5,-0.29,-2.87,-9.12,3.78,44.7,100.0,3.78,44.7,-53.7,-96.09,-98.25,55.16,96.21,False,False,False,False,False,False,False,False,False,2026-09-11
6663,6663.HK,IWS GROUP,国际永胜集团,2.28,"10,000",Equity,Equity Securities (Main Board),0.285,0.295,0.295,0.28,640000,0.18,0.273,0.277,4.4,2.7,1.79,9.62,3.64,0.42,0.7,1.49,0.42,0.7,-29.76,-57.86,-80.2,32.14,59.29,False,False,False,False,False,False,False,False,False,2026-09-11
6666,6666.HK,EVERG SERVICES,恒大物业,124.86,500,Equity,Equity Securities (Main Board),1.155,1.145,1.155,1.13,10177500,11.76,1.164,1.155,-0.77,-0.04,0.87,-0.43,0.43,1.7,1.7,19.74,1.7,1.7,-32.06,-32.06,-94.15,32.06,32.06,False,False,False,False,False,False,False,False,False,2026-09-11
6667,6667.HK,MEGA GENOMICS,美因基因,16.06,200,Equity,Equity Securities (Main Board),7.19,7.2,7.2,7.16,61400,0.44,7.131,7.108,0.83,1.15,0.28,1.91,1.63,7.53,12.4,21.0,7.53,12.4,-4.38,-41.94,-65.71,4.52,42.02,False,False,False,False,False,False,False,True,False,2026-09-11
6668,6668.HK,E-STAR CM,星盛商业,14.1,"1,000",Equity,Equity Securities (Main Board),1.39,1.38,1.39,1.375,141000,0.2,1.388,1.392,0.14,-0.18,0.72,0.72,-0.71,1.43,1.56,6.15,1.43,1.56,-2.8,-10.9,-77.4,2.8,10.9,False,False,False,False,False,False,False,True,False,2026-09-11
6669,6669.HK,ACOTEC-B,先瑞达医疗－Ｂ,18.29,"1,000",Equity,Equity Securities (Main Board),5.835,5.77,5.93,5.68,447000,2.61,5.902,6.148,-1.14,-5.08,1.3,-2.91,-6.49,15.32,15.47,19.88,15.32,15.47,-61.29,-61.67,-70.17,61.91,62.28,False,False,False,False,False,False,False,False,False,2026-09-11
6675,6675.HK,SENASIC,SENASIC,118.39,200,Equity,Equity Securities (Main Board),31.0,27.34,31.6,27.1,774612,24.01,28.532,29.734,8.65,4.26,11.19,5.8,6.53,45.48,45.48,45.48,45.48,45.48,-30.52,-30.52,-30.52,31.84,31.84,False,False,False,True,False,False,False,False,False,2026-09-11
6676,6676.HK,ZG GROUP-W,找钢网－Ｗ,6.3,500,Equity,Equity Securities (Main Board),0.715,0.71,0.72,0.7,76500,0.05,0.707,0.716,1.13,-0.21,0.7,1.42,2.88,2.19,8.21,8.21,2.19,8.21,-67.12,-91.23,-91.23,67.35,91.29,False,False,True,False,False,False,False,False,False,2026-09-11
6677,6677.HK,SINO-OCEAN SERV,远洋服务,3.55,500,Equity,Equity Securities (Main Board),0.3,0.3,0.305,0.3,166500,0.05,0.304,0.307,-1.32,-2.12,-1.64,-1.64,0.0,0.46,1.1,6.88,0.46,1.1,-33.7,-72.27,-95.57,34.78,72.73,False,False,False,False,False,False,False,False,False,2026-09-11
6680,6680.HK,JLMAG,金力永磁,38.17,200,Equity,Equity Securities (Main Board),15.83,16.12,16.12,15.51,2674720,42.34,16.35,16.545,-3.18,-4.32,-1.8,-3.83,-4.81,25.94,29.3,29.3,25.94,29.3,-37.86,-44.98,-44.98,38.97,45.97,False,False,False,False,False,False,False,False,False,2026-09-11
6681,6681.HK,BRAINAURORA-B,脑动极光－Ｂ,17.11,"1,000",Equity,Equity Securities (Main Board),1.26,1.27,1.415,1.24,21690000,27.33,1.336,1.398,-5.69,-9.84,-0.79,-10.95,-14.86,8.48,17.79,17.79,8.48,17.79,-83.31,-92.05,-92.05,85.14,92.92,False,False,False,False,False,False,False,False,False,2026-09-11
6682,6682.HK,PHANCY,范式智能,95.13,100,Equity,Equity Securities (Main Board),26.56,26.8,27.16,25.84,4176222,110.92,28.16,28.246,-5.68,-5.97,-1.41,-10.15,-14.27,61.95,115.0,115.0,61.95,115.0,-56.16,-76.38,-76.38,57.13,76.9,False,False,False,False,False,False,False,False,False,2026-09-11
6683,6683.HK,STARPLUS LEGEND,巨星传奇,34.88,500,Equity,Equity Securities (Main Board),3.64,3.71,3.755,3.615,4048500,14.74,3.777,3.9,-3.63,-6.67,-1.89,-4.96,-7.96,11.15,17.64,17.64,11.15,17.64,-66.32,-78.71,-78.71,67.35,79.37,False,False,False,False,False,False,False,False,False,2026-09-11
6686,6686.HK,NOAH HOLDINGS,诺亚控股,46.64,100,Equity,Equity Securities (Main Board),13.59,13.44,13.59,13.32,9100,0.12,13.616,13.846,-0.19,-1.85,0.0,-0.07,-2.58,20.4,21.02,32.68,20.4,21.02,-33.38,-35.35,-58.41,33.38,35.35,False,False,False,False,False,False,False,False,False,2026-09-11
6687,6687.HK,JST GROUP,聚水潭,52.22,100,Equity,Equity Securities (Main Board),12.35,12.13,12.46,12.03,455600,5.63,12.836,13.716,-3.79,-9.96,0.32,-6.23,-14.53,33.66,41.72,41.72,33.66,41.72,-62.98,-70.13,-70.13,63.31,70.4,False,False,False,False,False,False,False,False,False,2026-09-11
6690,6690.HK,HAIER SMARTHOME,海尔智家,587.27,200,Equity,Equity Securities (Main Board),20.58,20.6,20.78,20.42,20673518,425.46,20.96,21.128,-1.81,-2.59,-1.15,-3.02,-4.81,28.2,36.45,38.45,28.2,36.45,-26.31,-42.99,-45.96,27.02,43.54,False,False,False,False,False,False,False,False,False,2026-09-11
6693,6693.HK,CHIFENG GOLD,赤峰黄金,92.52,200,Equity,Equity Securities (Main Board),39.12,38.1,39.88,37.36,5804411,227.07,39.956,40.626,-2.09,-3.71,-0.56,-3.69,-7.3,49.9,49.9,49.9,49.9,49.9,-20.08,-20.08,-20.08,21.6,21.6,False,False,False,False,False,False,False,False,False,2026-09-11
6698,6698.HK,STAR CM,星空华文,3.36,100,Equity,Equity Securities (Main Board),0.845,0.83,0.845,0.81,19200,0.02,0.834,0.842,1.32,0.42,0.0,1.81,1.2,1.19,31.95,132.0,1.19,31.95,-28.99,-97.36,-99.36,28.99,97.36,False,False,True,True,False,False,False,False,False,2026-09-11
6699,6699.HK,ANGELALIGN,时代天使,148.59,200,Equity,Equity Securities (Main Board),86.55,91.6,91.6,85.6,1136800,98.39,93.19,94.25,-7.13,-8.17,-5.51,-8.7,-12.31,100.0,100.0,490.0,100.0,100.0,-8.4,-8.4,-81.31,13.45,13.45,False,False,False,False,False,False,False,False,False,2026-09-11
6715,6715.HK,XUNLONG SCITECH,鲟龙科技,73.82,100,Equity,Equity Securities (Main Board),67.8,69.55,69.55,66.0,225696,15.3,72.8,73.635,-6.87,-7.92,-3.76,-6.48,-10.67,120.2,120.2,120.2,120.2,120.2,-42.14,-42.14,-42.14,43.59,43.59,False,False,False,False,False,False,False,False,False,2026-09-11
6745,6745.HK,BEFAR GROUP,滨化股份,10.86,"1,000",Equity,Equity Securities (Main Board),3.085,3.12,3.12,3.04,2373000,7.32,3.113,3.134,-0.9,-1.56,-1.12,-2.99,0.16,4.19,4.19,4.19,4.19,4.19,-25.54,-25.54,-25.54,26.37,26.37,False,False,False,False,False,False,False,False,False,2026-09-11
6805,6805.HK,KIMOU ENVIRON,金茂源环保,33.3,"2,000",Equity,Equity Securities (Main Board),3.01,3.05,3.05,3.05,20000,0.06,3.006,3.007,0.13,0.12,0.17,0.33,-0.66,3.99,3.99,3.99,3.99,3.99,-23.56,-23.56,-23.56,24.56,24.56,False,False,False,False,False,False,False,False,False,2026-09-11
6806,6806.HK,SWHY,申万宏源,62.1,800,Equity,Equity Securities (Main Board),2.48,2.54,2.55,2.455,9249508,22.94,2.529,2.552,-1.94,-2.84,-3.12,-1.59,-5.34,3.4,4.65,4.65,3.4,4.65,-25.0,-45.16,-45.16,27.06,46.67,False,False,False,False,False,False,False,False,False,2026-09-11
6808,6808.HK,SUNART RETAIL,高鑫零售,101.61,500,Equity,Equity Securities (Main Board),1.065,1.06,1.065,1.045,3968850,4.23,1.054,1.046,1.04,1.82,0.0,1.43,0.47,1.94,2.8,13.4,1.94,2.8,-45.1,-61.96,-92.05,45.1,61.96,False,False,False,True,False,False,False,False,False,2026-09-11
6809,6809.HK,MONTAGE TECH,澜起科技,195.5,100,Equity,Equity Securities (Main Board),258.0,263.0,263.6,251.8,2435650,628.4,270.96,266.92,-4.78,-3.34,-4.59,-6.52,-1.38,543.0,543.0,543.0,543.0,543.0,-51.45,-51.45,-51.45,52.49,52.49,False,False,False,False,False,False,False,False,False,2026-09-11
6810,6810.HK,SUNMI TECH-W,商米科技－Ｗ,168.9,100,Equity,Equity Securities (Main Board),55.55,57.85,57.85,50.6,1337700,74.31,54.35,58.22,2.21,-4.59,-3.56,8.92,-6.8,99.8,99.8,99.8,99.8,99.8,-42.03,-42.03,-42.03,44.34,44.34,False,False,True,False,False,False,False,False,False,2026-09-11
6811,6811.HK,TAI HING GROUP,太兴集团,14.38,"1,000",Equity,Equity Securities (Main Board),1.48,1.47,1.49,1.45,1489000,2.2,1.49,1.492,-0.67,-0.8,0.34,-1.99,-1.33,1.56,1.56,3.01,1.56,1.56,-4.49,-4.49,-50.5,5.13,5.13,False,False,False,False,False,False,False,True,True,2026-09-11
6812,6812.HK,WINSON HLDGS HK,永顺控股香港,1.68,"5,000",Equity,Equity Securities (Main Board),0.28,0.28,0.28,0.28,20000,0.01,0.256,0.249,9.38,12.45,12.0,12.0,12.0,0.34,0.34,0.8,0.34,0.34,-18.84,-18.84,-65.0,18.84,18.84,False,False,False,False,False,False,False,False,False,2026-09-11
6818,6818.HK,CEB BANK,中国光大银行,362.61,"1,000",Equity,Equity Securities (Main Board),2.86,2.815,2.86,2.79,41347109,118.25,2.829,2.842,1.1,0.65,1.24,0.53,-0.17,3.66,4.13,4.76,3.66,4.13,-21.86,-30.75,-39.92,21.86,30.75,False,False,False,True,False,False,False,False,False,2026-09-11
6820,6820.HK,FRIENDTIMES,友谊时光,7.74,"2,000",Equity,Equity Securities (Main Board),0.355,0.35,0.355,0.35,90000,0.03,0.359,0.358,-1.11,-0.7,-1.39,0.0,0.0,0.67,1.65,4.08,0.67,1.65,-47.01,-78.48,-91.3,47.01,78.48,False,False,False,False,False,False,False,False,False,2026-09-11
6821,6821.HK,ASYMCHEM,凯莱英,37.35,100,Equity,Equity Securities (Main Board),134.2,134.0,139.1,131.4,706002,94.75,136.94,132.5,-2.0,1.28,-2.82,-4.35,0.3,145.8,145.8,277.14,145.8,145.8,-4.6,-4.6,-49.81,7.96,7.96,False,False,False,False,False,False,False,True,True,2026-09-11
6823,6823.HK,HKT-SS,香港电讯－ＳＳ,934.15,"1,000",Equity,Equity Securities (Main Board),12.32,12.34,12.41,12.25,3865356,47.62,12.368,12.291,-0.39,0.24,-0.16,-0.65,0.0,13.58,13.58,13.58,13.58,13.58,-8.62,-8.62,-8.62,9.28,9.28,False,False,False,False,False,False,False,True,True,2026-09-11
6826,6826.HK,HAOHAI BIOTEC,昊海生物科技,5.74,100,Equity,Equity Securities (Main Board),16.49,16.45,16.68,16.27,53800,0.89,16.714,16.684,-1.34,-1.16,-1.61,-1.9,-1.43,27.06,50.2,150.0,27.06,50.2,-38.36,-66.77,-88.88,39.06,67.15,False,False,False,False,False,False,False,False,False,2026-09-11
6828,6828.HK,BG BLUE SKY,北京燃气蓝天,8.19,"8,000",Equity,Equity Securities (Main Board),0.036,0.035,0.036,0.034,3248000,0.12,0.037,0.036,-2.17,-0.55,-2.7,-2.7,0.0,0.05,0.07,0.7,0.05,0.07,-30.77,-51.35,-94.86,30.77,51.35,False,False,False,False,False,False,False,False,False,2026-09-11
6829,6829.HK,DRAGON RISE GP,龙升集团控股,8.21,"1,000",Equity,Equity Securities (Main Board),2.85,2.48,2.85,2.33,558000,1.59,2.605,2.514,9.4,13.37,14.46,12.65,11.98,2.98,3.1,4.65,2.98,3.1,-4.36,-8.06,-38.71,4.36,8.06,False,False,False,True,False,False,False,True,True,2026-09-11
6830,6830.HK,HUAZHONG IN-V,华众车载,3.47,"2,000",Equity,Equity Securities (Main Board),0.196,0.196,0.196,0.196,10000,0.0,0.198,0.198,-0.81,-0.86,-1.01,-2.0,-2.0,0.26,2.71,5.09,0.26,2.71,-24.62,-92.77,-96.15,24.62,92.77,False,False,False,False,False,False,False,False,False,2026-09-11
6831,6831.HK,GREEN TEA GROUP,绿茶集团,33.84,400,Equity,Equity Securities (Main Board),5.14,5.105,5.19,5.005,1341600,6.9,5.195,5.174,-1.06,-0.67,0.88,-1.72,-0.48,9.5,9.81,9.81,9.5,9.81,-45.37,-47.09,-47.09,45.89,47.6,False,False,False,False,False,False,False,False,False,2026-09-11
6833,6833.HK,SINCO PHARMA,兴科蓉医药,2.95,"4,000",Equity,Equity Securities (Main Board),0.145,0.151,0.151,0.14,120000,0.02,0.151,0.155,-4.1,-6.39,0.0,-10.49,-8.81,0.23,0.32,2.32,0.23,0.32,-33.77,-52.81,-93.49,36.4,54.69,False,False,False,False,False,False,False,False,False,2026-09-11
6839,6839.HK,YUNNAN WATER,云南水务,0.3,"1,000",Equity,Equity Securities (Main Board),0.082,0.083,0.083,0.082,40000,0.0,0.084,0.085,-2.84,-3.76,-3.53,-3.53,-3.53,0.16,0.35,4.64,0.16,0.35,-46.79,-76.29,-98.21,47.44,76.57,False,False,False,False,False,False,False,False,False,2026-09-11
6855,6855.HK,ASCENTAGE,亚盛医药,117.24,100,Equity,Equity Securities (Main Board),31.38,32.48,32.48,30.88,3400170,106.7,33.192,33.356,-5.46,-5.92,-3.8,-8.25,-10.34,57.6,95.35,95.35,57.6,95.35,-43.61,-65.94,-65.94,45.52,67.09,False,False,False,False,False,False,False,False,False,2026-09-11
6858,6858.HK,HONMAGOLF,本间高尔夫,17.81,500,Equity,Equity Securities (Main Board),2.94,2.9,2.98,2.75,189500,0.56,2.876,2.881,2.23,2.05,-0.34,5.38,3.89,3.3,3.68,10.5,3.3,3.68,-9.7,-19.02,-71.62,10.91,20.11,False,False,False,True,False,False,False,False,False,2026-09-11
6860,6860.HK,FINGERTANGO,指尖悦动,2.15,"1,000",Equity,Equity Securities (Main Board),0.112,0.119,0.119,0.11,2038000,0.23,0.113,0.116,-1.23,-3.03,-0.88,-1.75,-4.27,0.23,0.25,2.77,0.23,0.25,-48.26,-51.63,-95.7,51.3,54.47,False,False,False,False,False,False,False,False,False,2026-09-11
6862,6862.HK,HAIDILAO,海底捞,560.74,"1,000",Equity,Equity Securities (Main Board),10.06,9.915,10.12,9.875,52798716,531.16,10.595,11.07,-5.05,-9.13,1.46,-11.6,-13.05,17.86,22.0,85.8,17.86,22.0,-43.34,-54.0,-88.21,43.67,54.27,False,False,False,False,False,False,False,False,False,2026-09-11
6865,6865.HK,FLAT GLASS,福莱特玻璃,26.66,"1,000",Equity,Equity Securities (Main Board),6.205,6.325,6.325,6.09,1214935,7.54,6.443,6.506,-3.69,-4.63,-1.9,-5.27,-5.77,12.18,21.4,45.4,12.18,21.4,-48.07,-70.44,-86.07,49.06,71.0,False,False,False,False,False,False,False,False,False,2026-09-11
6868,6868.HK,TENFU,天福,27.99,"1,000",Equity,Equity Securities (Main Board),2.585,2.665,2.67,2.585,4000,0.01,2.607,2.629,-0.84,-1.65,-1.15,-1.15,-2.45,3.0,5.1,6.2,3.0,5.1,-11.0,-47.65,-56.94,13.83,49.31,False,False,False,False,False,False,False,False,False,2026-09-11
6869,6869.HK,YOFC,长飞光纤光缆,773.58,500,Equity,Equity Securities (Main Board),183.5,172.4,186.8,170.3,30207436,5543.06,178.18,171.45,2.99,7.03,3.44,7.18,15.12,305.0,305.0,305.0,305.0,305.0,-38.75,-38.75,-38.75,39.84,39.84,False,False,False,True,False,False,False,False,False,2026-09-11
6871,6871.HK,ROBOTPHOENIX,翼菲科技,61.43,100,Equity,Equity Securities (Main Board),25.08,25.42,25.42,24.4,116600,2.92,25.688,26.382,-2.37,-4.94,-1.72,-2.03,-3.54,59.65,59.65,59.65,59.65,59.65,-57.38,-57.38,-57.38,57.95,57.95,False,False,False,False,False,False,False,False,False,2026-09-11
6872,6872.HK,TENNOR THERAP-B,丹诺医药－Ｂ,65.41,50,Equity,Equity Securities (Main Board),125.0,135.0,137.0,125.0,77800,9.72,146.5,163.52,-14.68,-23.56,-8.36,-25.15,-25.6,287.0,287.0,287.0,287.0,287.0,-52.26,-52.26,-52.26,56.45,56.45,False,False,False,False,False,False,False,False,False,2026-09-11
6880,6880.HK,MOMENTA-W,MOMENTA-W,380.65,20,Equity,Equity Securities (Main Board),184.6,183.1,187.5,178.0,86960,16.05,187.12,201.85,-1.35,-8.55,0.87,0.49,-6.06,314.8,314.8,314.8,314.8,314.8,-40.44,-40.44,-40.44,41.36,41.36,False,False,False,False,False,False,False,False,False,2026-09-11
6881,6881.HK,CGS,中国银河,281.81,500,Equity,Equity Securities (Main Board),7.635,7.66,7.705,7.48,17589976,134.3,7.715,7.819,-1.04,-2.35,-1.86,-0.2,-4.32,11.44,12.99,12.99,11.44,12.99,-32.65,-40.69,-40.69,33.26,41.22,False,False,False,False,False,False,False,False,False,2026-09-11
6886,6886.HK,HTSC,HTSC,294.64,200,Equity,Equity Securities (Main Board),17.14,17.31,17.58,16.95,11818233,202.56,17.518,17.63,-2.16,-2.78,-2.56,-1.95,-5.15,21.58,21.94,21.94,21.58,21.94,-18.54,-19.87,-19.87,20.57,21.88,False,False,False,False,False,False,False,False,False,2026-09-11
6887,6887.HK,SUNSHINE PHARMA,东阳光药,117.89,100,Equity,Equity Securities (Main Board),36.96,36.0,36.98,35.98,408816,15.11,36.956,37.53,0.01,-1.52,1.04,0.6,-1.39,48.12,62.3,62.3,48.12,62.3,-23.15,-40.64,-40.64,23.19,40.67,False,False,False,False,False,False,False,False,False,2026-09-11
6889,6889.HK,DYNAM JAPAN,DYNAM JAPAN,21.05,200,Equity,Equity Securities (Main Board),3.075,3.005,3.075,3.005,89600,0.28,3.032,3.071,1.42,0.13,2.5,1.32,-0.81,3.58,5.49,16.38,3.58,5.49,-14.11,-43.99,-81.23,14.11,43.99,False,False,False,True,False,False,False,False,False,2026-09-11
6890,6890.HK,KANGLI INT HLDG,康利国际控股,4.61,"2,000",Equity,Equity Securities (Main Board),0.76,0.76,0.76,0.76,26000,0.02,0.75,0.777,1.33,-2.12,-1.94,8.57,2.7,1.23,1.23,1.45,1.23,1.23,-38.21,-38.21,-47.59,38.21,38.21,False,False,False,False,False,False,False,False,False,2026-09-11
6893,6893.HK,HINSANG GROUP,衍生集团,2.84,"2,000",Equity,Equity Securities (Main Board),0.26,0.26,0.26,0.245,298000,0.08,0.247,0.238,5.09,9.11,4.0,8.33,11.11,0.41,0.46,2.38,0.41,0.46,-37.35,-42.86,-89.08,37.35,42.86,True,False,False,False,False,False,False,False,False,2026-09-11
6896,6896.HK,GOLDEN THROAT,金嗓子,14.68,500,Equity,Equity Securities (Main Board),1.985,2.03,2.03,1.98,602500,1.2,2.111,2.191,-5.97,-9.38,-2.46,-9.77,-12.75,3.8,5.65,7.68,3.8,5.65,-46.58,-64.07,-73.57,47.76,64.87,False,False,False,False,False,False,False,False,False,2026-09-11
6898,6898.HK,CHINA ALUMCAN,中国铝罐,6.21,"2,000",Equity,Equity Securities (Main Board),0.66,0.66,0.66,0.66,6000,0.0,0.65,0.665,1.54,-0.68,0.0,3.94,-1.49,0.99,1.5,1.8,0.99,1.5,-33.33,-56.0,-63.33,33.33,56.0,False,False,False,False,False,False,False,False,False,2026-09-11
6908,6908.HK,HG SEMI,宏光半导体,2.8,"5,000",Equity,Equity Securities (Main Board),0.239,0.255,0.255,0.239,3850000,0.92,0.282,0.31,-15.19,-23.0,-6.27,-20.33,-27.58,0.56,2.8,8.99,0.56,2.8,-54.46,-90.89,-97.16,57.32,91.46,False,False,False,False,False,False,False,False,False,2026-09-11
6913,6913.HK,SCVE GROUP,华南职业教育,1.39,"2,000",Equity,Equity Securities (Main Board),0.104,0.105,0.105,0.101,720000,0.07,0.106,0.107,-1.7,-2.35,-2.8,0.0,-0.95,0.31,0.7,1.72,0.31,0.7,-65.57,-85.0,-93.9,65.9,85.14,False,False,False,False,False,False,False,False,False,2026-09-11
6915,6915.HK,JIANGXI BIO,江西生物,47.72,500,Equity,Equity Securities (Main Board),15.54,16.72,17.41,15.3,919500,14.29,16.436,17.288,-5.45,-10.11,-7.39,-4.31,-12.79,21.1,21.1,21.1,21.1,21.1,-17.49,-17.49,-17.49,26.35,26.35,False,False,False,False,False,False,False,False,False,2026-09-11
6918,6918.HK,JIUTAI DIGITAL,九泰数智,1.04,"2,000",Equity,Equity Securities (Main Board),0.119,0.123,0.123,0.115,3998000,0.48,0.132,0.134,-9.98,-11.52,0.85,-19.59,-13.14,0.17,2.63,4.6,0.17,2.63,-29.71,-95.32,-97.33,32.0,95.48,False,False,False,False,False,False,False,False,False,2026-09-11
6919,6919.HK,RENRUI HR,人瑞人才,5.17,100,Equity,Equity Securities (Main Board),3.26,3.225,3.26,3.225,20000,0.07,3.477,3.515,-6.24,-7.27,-2.1,-8.81,-12.37,4.7,5.59,55.2,4.7,5.59,-30.64,-41.68,-94.09,30.64,41.68,False,False,False,False,False,False,False,False,False,2026-09-11
6922,6922.HK,CRYOFOCUS-B,康沣生物－Ｂ,3.97,200,Equity,Equity Securities (Main Board),2.665,2.66,2.665,2.66,34800,0.09,2.721,2.824,-2.06,-5.65,-3.96,0.19,-6.16,6.92,19.5,19.5,6.92,19.5,-61.49,-86.33,-86.33,61.49,86.33,False,False,False,False,False,False,False,False,False,2026-09-11
6929,6929.HK,ORBUSNEICH,业聚医疗,30.55,500,Equity,Equity Securities (Main Board),3.69,3.735,3.75,3.69,106000,0.39,3.794,3.854,-2.74,-4.26,-1.6,-4.16,-3.66,4.56,9.52,16.86,4.56,9.52,-17.76,-60.61,-77.76,19.08,61.24,False,False,False,False,False,False,False,False,False,2026-09-11
6936,6936.HK,SF HOLDING,顺丰控股,133.04,200,Equity,Equity Securities (Main Board),29.42,29.78,29.78,29.04,4372386,128.64,30.372,30.734,-3.13,-4.28,-0.54,-5.04,-7.02,37.62,48.8,48.8,37.62,48.8,-20.84,-38.98,-38.98,21.8,39.71,False,False,False,False,False,False,False,False,False,2026-09-11
6938,6938.HK,RIBOLIFE-B,瑞博生物－Ｂ,92.02,200,Equity,Equity Securities (Main Board),54.15,56.05,56.45,52.7,790000,42.78,56.65,59.815,-4.41,-9.47,-4.07,-6.8,-18.02,95.8,95.8,95.8,95.8,95.8,-41.08,-41.08,-41.08,43.48,43.48,False,False,False,False,False,False,False,False,False,2026-09-11
6939,6939.HK,MEGAIN,美佳音控股,7.41,"2,000",Equity,Equity Securities (Main Board),1.19,1.205,1.205,1.09,176000,0.21,1.181,1.156,0.76,2.99,-1.24,3.03,4.39,2.67,2.67,2.67,2.67,2.67,-54.87,-54.87,-54.87,55.43,55.43,False,False,False,True,False,False,False,False,False,2026-09-11
6951,6951.HK,CCTC,三环集团,99.8,100,Equity,Equity Securities (Main Board),124.4,121.0,130.2,118.0,2954200,367.5,119.8,114.75,3.84,8.41,4.01,5.78,15.29,136.0,136.0,136.0,136.0,136.0,-4.26,-4.26,-4.26,8.53,8.53,False,False,False,False,False,False,False,True,True,2026-09-11
6955,6955.HK,BOAN BIOTECH,博安生物,17.51,200,Equity,Equity Securities (Main Board),2.85,2.615,2.92,2.615,6738800,19.21,2.946,3.239,-3.26,-12.01,0.53,-7.92,-16.79,10.22,25.0,40.0,10.22,25.0,-71.43,-88.32,-92.7,72.11,88.6,False,False,False,False,False,False,False,False,False,2026-09-11
6959,6959.HK,CHANGJIU HLDGS,长久股份,6.3,100,Equity,Equity Securities (Main Board),3.115,3.12,3.12,3.0,27000,0.08,3.14,3.155,-0.8,-1.27,-0.95,-0.95,-1.11,6.4,108.2,108.2,6.4,108.2,-51.25,-97.12,-97.12,51.33,97.12,False,False,False,False,False,False,False,False,False,2026-09-11
6960,6960.HK,SHUANGDENG,双登股份,21.58,500,Equity,Equity Securities (Main Board),6.3,6.1,6.3,6.1,92500,0.58,6.384,6.598,-1.32,-4.51,0.16,-1.56,-5.9,19.27,27.1,27.1,19.27,27.1,-67.31,-76.75,-76.75,67.31,76.75,False,False,False,False,False,False,False,False,False,2026-09-11
6963,6963.HK,SUNSHINE INS,阳光保险,128.71,500,Equity,Equity Securities (Main Board),3.7,3.755,3.755,3.69,6442161,23.84,3.83,3.9,-3.39,-5.13,-2.5,-4.27,-10.84,4.54,4.64,5.83,4.54,4.64,-17.29,-19.07,-35.59,18.5,20.26,False,False,False,False,False,False,False,False,False,2026-09-11
6968,6968.HK,GANGLONG CHINA,港龙中国地产,1.57,"1,000",Equity,Equity Securities (Main Board),0.097,0.093,0.097,0.093,2000,0.0,0.098,0.097,-1.02,-0.1,0.0,-2.02,-2.02,0.28,0.42,6.06,0.28,0.42,-65.96,-76.9,-98.4,65.96,76.9,False,False,False,False,False,False,False,False,False,2026-09-11
6969,6969.HK,SMOORE INTL,思摩尔国际,589.57,"1,000",Equity,Equity Securities (Main Board),9.515,9.4,9.66,9.35,6583066,62.64,9.653,9.932,-1.43,-4.19,0.16,-2.51,-3.2,13.47,24.12,90.0,13.47,24.12,-28.29,-59.95,-89.27,29.36,60.55,False,False,False,False,False,False,False,False,False,2026-09-11
6979,6979.HK,ZJLD,珍酒李渡,258.04,200,Equity,Equity Securities (Main Board),7.615,7.635,7.675,7.5,2948400,22.45,7.708,7.715,-1.21,-1.3,-0.07,-2.37,-2.31,9.84,13.18,13.18,9.84,13.18,-22.0,-41.77,-41.77,22.61,42.22,False,False,False,False,False,False,False,False,False,2026-09-11
6980,6980.HK,BAMA TEA,八马茶业,27.08,100,Equity,Equity Securities (Main Board),32.2,33.72,33.78,31.7,148000,4.77,33.748,33.54,-4.59,-4.0,-4.51,-4.9,-6.01,40.08,115.0,115.0,40.08,115.0,-15.72,-70.63,-70.63,19.66,72.0,False,False,False,False,False,False,False,False,False,2026-09-11
6988,6988.HK,JOY SPREADER,乐享集团,1.47,"1,000",Equity,Equity Securities (Main Board),0.062,0.065,0.066,0.058,4673000,0.29,0.068,0.056,-8.82,10.91,-6.06,-24.39,44.19,0.18,0.4,5.05,0.18,0.4,-62.92,-83.5,-98.69,65.17,84.5,False,False,False,False,False,False,False,False,False,2026-09-11
6989,6989.HK,EXCELLENCE CM,卓越商企服务,6.53,"1,000",Equity,Equity Securities (Main Board),0.535,0.53,0.55,0.53,40000,0.02,0.562,0.55,-4.8,-2.82,-4.46,-6.14,-2.73,0.88,2.22,12.04,0.88,2.22,-37.5,-75.23,-95.43,39.2,75.9,False,False,False,False,False,False,False,False,False,2026-09-11
6990,6990.HK,SKB BIO,科伦博泰生物,822.58,100,Equity,Equity Securities (Main Board),465.2,465.2,473.8,459.8,656559,305.43,479.8,486.52,-3.04,-4.38,-1.94,-4.67,-4.94,562.5,581.0,581.0,562.5,581.0,-15.77,-18.45,-18.45,17.3,19.93,False,False,False,False,False,False,False,False,False,2026-09-11
6993,6993.HK,BLUE MOON GROUP,蓝月亮集团,216.01,500,Equity,Equity Securities (Main Board),3.725,3.805,3.9,3.635,1803000,6.72,3.795,3.779,-1.84,-1.43,-2.23,-2.61,-1.46,3.97,4.44,19.16,3.97,4.44,-1.89,-12.16,-79.65,6.29,16.1,False,False,False,False,False,False,False,True,False,2026-09-11
6996,6996.HK,ANTENGENE-B,德琪医药－Ｂ,22.63,500,Equity,Equity Securities (Main Board),3.34,3.5,3.5,3.16,1494500,4.99,3.448,3.516,-3.13,-5.01,-3.19,-4.57,-6.05,6.28,8.16,22.5,6.28,8.16,-44.27,-57.11,-84.44,46.82,59.07,False,False,False,False,False,False,False,False,False,2026-09-11
6998,6998.HK,EDDING GENOR,亿腾嘉和,33.8,500,Equity,Equity Securities (Main Board),1.7,1.71,1.715,1.675,470000,0.8,1.719,1.679,-1.11,1.25,-2.58,0.29,0.59,3.64,3.64,3.64,3.64,3.64,-52.88,-52.88,-52.88,53.3,53.3,False,False,False,False,False,False,False,False,False,2026-09-11
7489,7489.HK,VOYAH AUTO,岚图汽车,18.77,"1,000",Equity,Equity Securities (Main Board),2.12,2.31,2.31,2.12,3953944,8.38,2.374,2.519,-10.7,-15.86,-8.03,-14.69,-20.9,7.5,7.5,7.5,7.5,7.5,-69.2,-69.2,-69.2,71.73,71.73,False,False,False,False,False,False,False,False,False,2026-09-11
7618,7618.HK,JD INDUSTRIALS,京东工业,348.87,200,Equity,Equity Securities (Main Board),12.85,13.0,13.11,12.84,1256121,16.14,13.094,13.137,-1.86,-2.18,-3.02,-1.91,-1.61,17.17,17.17,17.17,17.17,17.17,-23.65,-23.65,-23.65,25.16,25.16,False,False,False,False,False,False,False,False,False,2026-09-11
7630,7630.HK,IMPACT THERAP-B,英派药业－Ｂ,36.44,200,Equity,Equity Securities (Main Board),12.9,11.74,14.0,10.7,9540800,123.08,12.966,13.774,-0.51,-6.35,11.02,-5.01,-17.25,47.98,47.98,47.98,47.98,47.98,-70.82,-70.82,-70.82,73.11,73.11,False,False,False,False,False,False,False,False,False,2026-09-11
7656,7656.HK,RECONOVA,瑞为技术,44.43,200,Equity,Equity Securities (Main Board),16.23,16.0,16.44,14.5,233600,3.79,16.304,17.5,-0.45,-7.26,4.37,0.19,-7.31,35.3,35.3,35.3,35.3,35.3,-53.43,-53.43,-53.43,54.02,54.02,False,False,False,False,False,False,False,False,False,2026-09-11
7666,7666.HK,METIS TECHBIO-P,剂泰科技－Ｐ,167.02,500,Equity,Equity Securities (Main Board),15.42,17.0,17.0,14.94,15326184,236.33,16.834,14.848,-8.4,3.85,-11.38,-12.24,11.58,29.98,29.98,29.98,29.98,29.98,-43.3,-43.3,-43.3,48.57,48.57,False,False,False,False,False,False,False,False,False,2026-09-11
7687,7687.HK,EACON,易控智驾,100.7,50,Equity,Equity Securities (Main Board),66.85,66.0,67.0,65.5,29963,2.0,67.88,69.955,-1.52,-4.44,-0.22,-2.62,-3.12,101.2,101.2,101.2,101.2,101.2,-33.79,-33.79,-33.79,33.94,33.94,False,False,False,False,False,False,False,False,False,2026-09-11
7688,7688.HK,TOPNC,拓璞数控,73.2,100,Equity,Equity Securities (Main Board),19.2,18.7,19.44,17.7,1680700,32.27,19.422,18.296,-1.14,4.94,3.78,3.5,-0.88,49.98,49.98,49.98,49.98,49.98,-61.1,-61.1,-61.1,61.58,61.58,False,False,False,False,False,False,False,False,False,2026-09-11
8005,8005.HK,YUXING INFOTECH,裕兴科技,1.32,"2,000",Equity,Equity Securities (GEM),0.053,0.056,0.056,0.051,1870000,0.1,0.062,0.066,-14.52,-20.06,-20.9,-13.11,-29.33,0.1,0.23,2.46,0.1,0.23,-43.43,-75.76,-97.72,46.46,77.06,False,False,False,False,False,False,False,False,False,2026-09-11
8006,8006.HK,SINO SPLENDID,华泰瑞银,0.37,"10,000",Equity,Equity Securities (GEM),0.1,0.106,0.16,0.106,30000,0.0,0.105,0.104,-4.58,-3.47,-5.66,-5.66,-5.66,0.15,0.29,1.78,0.16,0.29,8.11,-44.83,-91.01,37.5,65.52,False,False,False,False,True,False,False,False,False,2026-09-11
8007,8007.HK,GLOBALSTRAT,环球战略集团,1.14,"10,000",Equity,Equity Securities (GEM),0.505,0.47,0.505,0.47,1930000,0.97,0.472,0.479,6.99,5.54,9.78,12.22,4.12,0.83,10.81,188.27,0.83,10.81,-39.16,-95.33,-99.73,39.16,95.33,False,False,False,True,False,False,False,False,False,2026-09-11
8017,8017.HK,TRADEGO,捷利交易宝,7.98,"4,000",Equity,Equity Securities (GEM),1.14,1.14,1.175,1.135,444000,0.51,1.167,1.193,-2.31,-4.48,-2.98,-3.39,-5.0,1.77,2.5,2.83,1.77,2.5,-33.62,-53.0,-58.48,35.59,54.4,False,False,False,False,False,False,False,False,False,2026-09-11
8018,8018.HK,FINSOFT FIN,汇财金融投资,0.23,"10,000",Equity,Equity Securities (GEM),0.046,0.047,0.047,0.044,660000,0.03,0.043,0.041,7.48,13.3,-2.13,15.0,17.95,0.12,0.15,2.94,0.12,0.15,-59.13,-68.03,-98.4,60.0,68.71,False,False,False,False,False,False,False,False,False,2026-09-11
8026,8026.HK,CB GLOBAL,朗华国际集团,4.62,"1,000",Equity,Equity Securities (GEM),0.3,0.3,0.3,0.3,17000,0.01,0.309,0.304,-2.91,-1.48,-7.69,0.0,15.38,0.57,0.59,0.85,0.57,0.59,-47.37,-49.15,-64.71,47.37,49.15,False,False,False,False,False,False,False,False,False,2026-09-11
8030,8030.HK,FENGYINHE,丰银禾控股,5.17,"1,000",Equity,Equity Securities (GEM),1.48,1.48,1.485,1.365,257000,0.38,1.488,1.551,-0.54,-4.61,0.0,-1.99,-4.21,11.49,14.01,56.0,11.49,14.01,-87.08,-89.4,-97.35,87.12,89.44,False,False,False,False,False,False,False,False,False,2026-09-11
8031,8031.HK,ETS GROUP,易通讯集团,1.05,"2,000",Equity,Equity Securities (GEM),0.295,0.3,0.3,0.3,2000,0.0,0.292,0.292,1.03,1.03,5.36,-3.28,-4.84,0.77,0.9,1.68,0.77,0.9,-61.04,-66.67,-82.14,61.69,67.22,False,False,False,False,False,False,False,False,False,2026-09-11
8036,8036.HK,EBROKER GROUP,电子交易集团,0.6,"10,000",Equity,Equity Securities (GEM),0.049,0.052,0.052,0.048,1170000,0.06,0.048,0.044,2.51,10.61,2.08,13.95,6.52,0.05,0.09,0.36,0.05,0.09,-3.7,-41.57,-85.56,9.26,44.94,False,False,False,False,False,False,False,True,False,2026-09-11
8037,8037.HK,CH BIOTECH SER,中国生物科技服务,5.95,"5,000",Equity,Equity Securities (GEM),0.61,0.615,0.62,0.585,90000,0.05,0.62,0.613,-1.61,-0.49,-0.81,-3.94,-3.17,0.92,1.33,2.64,0.92,1.33,-32.61,-53.38,-76.52,33.7,54.14,False,False,False,False,False,False,False,False,False,2026-09-11
8041,8041.HK,INTELLIMARK AI,中微智码,5.08,"5,000",Equity,Equity Securities (GEM),0.62,0.57,0.63,0.57,500000,0.31,0.568,0.551,9.15,12.42,-1.59,19.23,14.81,0.82,0.91,1.5,0.82,0.91,-23.17,-30.77,-58.03,24.39,31.87,False,False,False,False,False,False,False,False,False,2026-09-11
8043,8043.HK,ATLINKS,ATLINKS,0.86,"5,000",Equity,Equity Securities (GEM),0.214,0.214,0.214,0.214,15000,0.0,0.215,0.215,-0.28,-0.28,0.0,-0.93,0.94,0.24,0.56,4.8,0.24,0.56,-11.57,-61.79,-95.54,11.57,61.79,False,False,False,False,False,False,False,False,False,2026-09-11
8049,8049.HK,JILIN CHANGLONG,吉林长龙药业,4.0,"4,000",Equity,Equity Securities (GEM),2.32,2.32,2.32,2.32,4000,0.01,2.308,2.312,0.52,0.32,0.65,0.65,0.87,3.0,3.0,3.0,3.0,3.0,-22.67,-22.67,-22.67,22.67,22.67,False,False,False,False,False,False,False,False,False,2026-09-11
8057,8057.HK,MADISON HLDG,麦迪森控股,0.68,"4,000",Equity,Equity Securities (GEM),0.435,0.43,0.435,0.43,17200,0.01,0.519,0.53,-16.18,-17.85,-19.44,-19.44,-19.44,1.13,2.43,175.94,1.13,2.43,-61.37,-82.08,-99.75,61.37,82.08,False,False,False,False,False,False,False,False,False,2026-09-11
8059,8059.HK,GLORY FLAME,朝威控股,0.25,"5,000",Equity,Equity Securities (GEM),0.025,0.032,0.032,0.025,2255000,0.06,0.022,0.021,13.64,21.36,4.17,13.64,13.64,0.07,0.07,1.06,0.07,0.07,-52.94,-52.94,-96.98,63.24,63.24,False,False,False,False,False,False,False,False,False,2026-09-11
8065,8065.HK,KML TECH,高萌科技,0.57,"5,000",Equity,Equity Securities (GEM),0.14,0.142,0.142,0.14,155000,0.02,0.14,0.141,-0.14,-0.36,-1.41,0.0,-3.45,0.16,0.16,1.02,0.16,0.16,-8.97,-9.55,-86.08,10.26,10.83,False,False,False,False,False,False,False,False,False,2026-09-11
8066,8066.HK,PHOENITRON HOLD,品创控股,1.79,"5,000",Equity,Equity Securities (GEM),0.27,0.27,0.27,0.25,135000,0.04,0.256,0.249,5.47,8.43,8.0,5.88,8.87,0.72,0.85,0.85,0.72,0.85,-62.5,-68.24,-68.24,62.5,68.24,False,False,False,False,False,False,False,False,False,2026-09-11
8067,8067.HK,OUC HOLDINGS,东方大学城控股,0.9,"1,000",Equity,Equity Securities (GEM),0.5,0.5,0.5,0.5,10000,0.01,0.431,0.413,16.01,20.92,9.89,25.0,12.36,0.46,0.71,4.4,0.5,0.71,9.89,-29.58,-88.64,0.0,29.58,False,False,False,False,True,False,False,True,False,2026-09-11
8069,8069.HK,FLYDOO TECH,飞道旅游科技,0.14,"5,000",Equity,Equity Securities (GEM),0.355,0.35,0.355,0.34,35000,0.01,0.359,0.368,-1.11,-3.4,-1.39,-1.39,-5.33,1.22,1.74,82.0,1.22,1.74,-70.9,-79.6,-99.57,70.9,79.6,False,False,False,False,False,False,False,False,False,2026-09-11
8070,8070.HK,KEEN OCEAN,侨洋国际控股,2.12,"5,000",Equity,Equity Securities (GEM),1.06,0.94,1.06,0.94,55000,0.06,0.991,1.04,6.96,1.97,11.58,6.53,-1.85,1.7,1.7,1.7,1.7,1.7,-37.65,-37.65,-37.65,37.65,37.65,False,False,False,True,False,False,False,False,False,2026-09-11
8076,8076.HK,SING LEE,新利软件,0.25,"5,000",Equity,Equity Securities (GEM),0.019,0.021,0.021,0.018,1105000,0.02,0.019,0.018,2.15,5.56,-9.52,5.56,5.56,0.06,0.06,0.28,0.06,0.06,-63.79,-63.79,-92.5,67.24,67.24,False,False,True,True,False,False,False,False,False,2026-09-11
8079,8079.HK,LIT LIFE,曌生命,0.22,"5,000",Equity,Equity Securities (GEM),0.595,0.53,0.595,0.53,25000,0.01,0.571,0.587,4.2,1.36,5.31,5.31,5.31,0.98,2.66,15.78,0.98,2.66,-39.29,-77.63,-96.23,39.29,77.63,False,False,False,True,False,False,False,False,False,2026-09-11
8081,8081.HK,BAIJUYI HOLD,白居易控股,0.77,"10,000",Equity,Equity Securities (GEM),0.015,0.015,0.015,0.013,790000,0.01,0.015,0.014,1.35,3.45,0.0,7.14,0.0,0.02,0.13,0.18,0.02,0.13,-37.5,-88.37,-91.57,37.5,88.37,False,False,False,True,False,False,False,False,False,2026-09-11
8082,8082.HK,QINGHUA HOLD,擎华控股,0.59,"10,000",Equity,Equity Securities (GEM),0.022,0.02,0.022,0.02,1100000,0.02,0.022,0.021,0.92,2.33,4.76,0.0,-4.35,0.07,0.21,0.68,0.07,0.21,-69.86,-89.42,-96.78,69.86,89.42,False,False,False,True,False,False,False,False,False,2026-09-11
8087,8087.HK,CHINA 33 GROUP,中国三三集团,13.25,"2,000",Equity,Equity Securities (GEM),2.045,2.04,2.045,2.04,286000,0.58,2.076,2.085,-1.49,-1.89,0.25,-1.68,-7.05,11.48,11.48,25.6,11.48,11.48,-82.19,-82.19,-92.01,82.19,82.19,False,False,False,False,False,False,False,False,False,2026-09-11
8090,8090.HK,BAOGAI,宝盖新材,0.77,500,Equity,Equity Securities (GEM),5.3,5.3,5.3,5.3,6500,0.03,5.492,5.525,-3.5,-4.06,-4.33,-4.33,-4.33,7.0,7.0,7.0,7.0,7.0,-24.29,-24.29,-24.29,24.29,24.29,False,False,False,False,False,False,False,False,False,2026-09-11
8091,8091.HK,OOH HOLDINGS,奥传思维控股,0.33,"10,000",Equity,Equity Securities (GEM),0.046,0.048,0.048,0.047,830000,0.04,0.045,0.041,3.14,11.11,0.0,4.55,12.2,0.05,0.05,9.8,0.05,0.05,4.35,-12.73,-99.51,4.17,16.36,False,False,False,False,True,False,False,True,False,2026-09-11
8093,8093.HK,WEB3 META,瓦普思瑞元宇宙,0.89,"2,000",Equity,Equity Securities (GEM),1.8,1.76,1.8,1.76,22000,0.04,1.741,1.797,3.39,0.14,3.75,2.86,2.86,3.33,6.8,61.0,3.33,6.8,-45.95,-73.53,-97.05,45.95,73.53,False,False,False,True,False,False,False,False,False,2026-09-11
8095,8095.HK,BEIDA JADE BIRD,北大青鸟环宇,4.6,"1,000",Equity,Equity Securities (GEM),0.565,0.56,0.565,0.55,527000,0.3,0.592,0.605,-4.56,-6.53,-0.88,-7.38,-10.32,1.65,1.65,2.52,1.65,1.65,-65.76,-65.76,-77.58,65.76,65.76,False,False,False,False,False,False,False,False,False,2026-09-11
8096,8096.HK,TASTY CONCEPTS,赏之味,0.6,"5,000",Equity,Equity Securities (GEM),0.125,0.127,0.127,0.125,65000,0.01,0.119,0.116,5.4,7.48,-0.79,9.65,9.65,0.17,0.44,6.24,0.17,0.44,-23.49,-71.14,-97.96,24.7,71.59,False,False,False,False,False,False,False,False,False,2026-09-11
8098,8098.HK,CL GROUP,昌利控股,1.61,"10,000",Equity,Equity Securities (GEM),0.073,0.073,0.073,0.073,650000,0.05,0.071,0.068,2.53,7.51,0.0,4.29,12.31,0.08,0.11,0.32,0.08,0.11,-2.67,-33.64,-77.19,2.67,33.64,False,False,False,False,False,False,False,True,False,2026-09-11
8100,8100.HK,FAMOUS TECH INT,名科国际,1.89,"6,000",Equity,Equity Securities (GEM),0.425,0.34,0.425,0.34,84000,0.04,0.436,0.439,-2.52,-3.3,-4.49,-2.3,-2.3,0.46,0.46,0.8,0.46,0.46,-6.59,-6.59,-46.87,6.59,6.59,False,False,False,False,False,False,False,True,True,2026-09-11
8106,8106.HK,XINHUA LANDE,芯化兰德,0.88,"5,000",Equity,Equity Securities (GEM),0.28,0.28,0.28,0.28,50000,0.01,0.285,0.291,-1.75,-3.61,0.0,0.0,0.0,0.41,0.94,0.94,0.41,0.94,-31.71,-70.21,-70.21,31.71,70.21,False,False,False,False,False,False,False,False,False,2026-09-11
8115,8115.HK,QINGDA ORIENTAL,清大东方,4.18,"4,000",Equity,Equity Securities (GEM),5.0,5.05,5.05,5.0,24000,0.12,5.054,5.108,-1.07,-2.11,-0.4,-1.96,-0.6,15.85,15.85,15.85,15.85,15.85,-68.14,-68.14,-68.14,68.45,68.45,False,False,False,False,False,False,False,False,False,2026-09-11
8118,8118.HK,ZHONGZI INTL H,中资国际控股,0.28,"8,000",Equity,Equity Securities (GEM),0.057,0.058,0.058,0.056,312000,0.02,0.059,0.077,-3.72,-25.68,-1.72,-5.0,-3.39,0.19,0.35,1.07,0.19,0.35,-70.26,-83.43,-94.58,70.77,83.71,False,False,False,False,False,False,False,False,False,2026-09-11
8120,8120.HK,CH DEMETER FIN,国农金融投资,3.42,"5,000",Equity,Equity Securities (GEM),2.1,2.14,2.14,2.14,200000,0.42,2.086,2.142,0.67,-1.98,-2.78,6.6,-3.45,2.89,2.89,7.78,2.89,2.89,-25.95,-25.95,-72.51,27.34,27.34,False,False,False,False,False,False,False,False,False,2026-09-11
8121,8121.HK,GUOEN HOLDINGS,国恩控股,0.63,"10,000",Equity,Equity Securities (GEM),0.42,0.42,0.42,0.42,20000,0.01,0.42,0.408,0.0,2.94,0.0,0.0,-1.18,0.98,4.7,38.0,0.98,4.7,-57.14,-91.06,-98.89,57.14,91.06,False,False,False,False,False,False,False,False,False,2026-09-11
8123,8123.HK,SINOFORTUNE FIN,华亿金控,0.91,"5,000",Equity,Equity Securities (GEM),0.265,0.245,0.27,0.245,210860,0.06,0.245,0.241,8.16,9.87,10.42,10.42,10.42,0.6,1.2,11.58,0.6,1.2,-55.0,-77.5,-97.67,55.83,77.92,False,False,False,False,False,False,False,False,False,2026-09-11
8125,8125.HK,RJVAN,荣记万通,1.34,"8,000",Equity,Equity Securities (GEM),0.62,0.62,0.62,0.62,16000,0.01,0.62,0.644,0.0,-3.8,0.0,0.0,-4.62,0.9,3.56,581.15,0.9,3.56,-31.11,-82.6,-99.89,31.11,82.6,False,False,False,False,False,False,False,False,False,2026-09-11
8128,8128.HK,SINO ENGY CONS,中华节能,0.9,"8,000",Equity,Equity Securities (GEM),0.02,0.02,0.02,0.02,344000,0.01,0.019,0.021,3.09,-5.66,11.11,5.26,-13.04,0.04,0.12,0.27,0.04,0.12,-52.38,-82.91,-92.6,52.38,82.91,False,False,False,False,False,False,False,False,False,2026-09-11
8131,8131.HK,NOVATECH INTEL,诺亚智能,1.8,"10,000",Equity,Equity Securities (GEM),0.25,0.24,0.25,0.24,600000,0.15,0.25,0.248,0.0,0.85,0.0,0.0,-1.96,0.33,0.33,0.53,0.33,0.33,-24.24,-24.24,-53.23,24.24,24.24,False,False,False,False,False,False,False,False,False,2026-09-11
8137,8137.HK,HONBRIDGE,洪桥集团,82.96,"2,000",Equity,Equity Securities (GEM),0.57,0.58,0.58,0.56,3758000,2.14,0.58,0.582,-1.72,-2.15,-1.72,-1.72,1.79,0.73,0.78,1.96,0.73,0.78,-20.55,-25.64,-70.41,21.92,26.92,False,False,False,False,False,False,False,False,False,2026-09-11
8146,8146.HK,GRACEWINE,怡园酒业,2.48,"10,000",Equity,Equity Securities (GEM),0.305,0.305,0.305,0.305,10000,0.0,0.298,0.314,2.35,-2.87,0.0,3.39,-6.15,1.21,1.21,1.85,1.21,1.21,-74.79,-74.79,-83.51,74.79,74.79,False,False,False,False,False,False,False,False,False,2026-09-11
8147,8147.HK,YUNJING DIGITEC,云晶数智,0.81,"8,000",Equity,Equity Securities (GEM),0.39,0.39,0.39,0.38,264000,0.1,0.379,0.379,2.9,2.9,1.3,5.41,5.41,0.89,1.04,24.4,0.89,1.04,-56.18,-62.5,-98.4,56.18,62.5,False,False,False,False,False,False,False,False,False,2026-09-11
8148,8148.HK,WUXI LIFE,悟喜生活,16.04,"20,000",Equity,Equity Securities (GEM),3.5,3.175,3.5,3.175,280800,0.98,2.845,2.469,23.02,41.76,10.58,40.85,53.51,4.28,4.28,4.28,4.28,4.28,-18.22,-18.22,-18.22,18.22,18.22,True,True,False,False,False,False,False,False,False,2026-09-11
8152,8152.HK,M&L HOLDINGS,明梁控股,0.51,"10,000",Equity,Equity Securities (GEM),0.085,0.085,0.085,0.085,150000,0.01,0.082,0.08,3.16,6.38,-2.3,6.25,6.25,0.1,0.1,1.3,0.1,0.1,-13.27,-13.27,-93.46,13.27,13.27,False,False,False,False,False,False,False,False,False,2026-09-11
8153,8153.HK,JIADING INTL GP,嘉鼎国际集团,0.23,"5,000",Equity,Equity Securities (GEM),0.555,0.555,0.595,0.545,180000,0.1,0.563,0.6,-1.42,-7.42,-3.48,-0.89,-4.31,1.56,68.25,8900.98,1.56,68.25,-61.86,-99.13,-99.99,64.42,99.19,False,False,False,False,False,False,False,False,False,2026-09-11
8159,8159.HK,CU VENTURE INV,新华联合投资,0.48,"5,000",Equity,Equity Securities (GEM),0.06,0.079,0.079,0.06,3000000,0.18,0.051,0.043,16.73,40.52,-16.67,53.85,76.47,0.14,0.29,0.94,0.14,0.29,-45.52,-72.76,-91.6,58.62,79.31,False,False,False,False,False,False,False,False,False,2026-09-11
8162,8162.HK,LOCO HK,港银控股,6.02,"10,000",Equity,Equity Securities (GEM),0.605,0.61,0.62,0.57,8120000,4.91,0.578,0.58,4.67,4.31,4.31,3.42,7.08,0.74,0.75,0.95,0.74,0.75,-16.22,-17.33,-34.74,18.24,19.33,False,False,False,True,False,False,False,False,False,2026-09-11
8163,8163.HK,NOIZ GROUP,声扬集团,0.37,"20,000",Equity,Equity Securities (GEM),0.036,0.035,0.036,0.035,520000,0.02,0.037,0.038,-3.74,-4.51,-2.7,-7.69,-7.69,0.12,0.24,10.62,0.12,0.24,-68.7,-85.0,-99.66,68.7,85.0,False,False,False,False,False,False,False,False,False,2026-09-11
8173,8173.HK,HEPHAESTUS HLDG,客思控股,0.26,"20,000",Equity,Equity Securities (GEM),0.121,0.121,0.121,0.121,60000,0.01,0.121,0.121,0.0,0.25,0.0,0.0,0.0,0.15,0.61,5.9,0.15,0.61,-20.39,-80.16,-97.95,20.39,80.16,False,False,False,False,False,False,False,False,False,2026-09-11
8176,8176.HK,SUPERROBOTICS,超人智能,0.16,"5,000",Equity,Equity Securities (GEM),0.023,0.023,0.023,0.022,545000,0.01,0.023,0.023,0.88,1.77,0.0,0.0,4.55,0.09,0.9,14.0,0.09,0.9,-72.94,-97.44,-99.84,72.94,97.44,False,False,False,True,False,False,False,False,False,2026-09-11
8178,8178.HK,CHINA INFO TECH,中国信息科技,0.35,"2,000",Equity,Equity Securities (GEM),0.201,0.195,0.206,0.172,574000,0.12,0.201,0.203,0.0,-0.99,0.5,1.01,-3.83,0.57,4.95,39.34,0.57,4.95,-63.86,-95.84,-99.48,64.74,95.94,False,False,False,False,False,False,False,False,False,2026-09-11
8181,8181.HK,KS SMART MGMT,港深智能管理,0.69,"8,000",Equity,Equity Securities (GEM),0.061,0.061,0.061,0.061,80000,0.0,0.051,0.048,20.08,27.88,22.0,24.49,35.56,0.08,0.19,0.48,0.08,0.19,-20.78,-67.89,-87.29,20.78,67.89,False,False,False,False,False,False,False,False,False,2026-09-11
8186,8186.HK,HONOR MATRIX,浩盟控股,1.21,"5,000",Equity,Equity Securities (GEM),1.06,1.065,1.07,1.06,145000,0.15,1.086,1.092,-2.39,-2.93,-4.5,0.0,-5.78,2.0,4.39,28.42,2.0,4.39,-46.5,-75.63,-96.23,47.0,75.85,False,False,False,False,False,False,False,False,False,2026-09-11
8187,8187.HK,JIMU GROUP,积木集团,0.8,"5,000",Equity,Equity Securities (GEM),0.53,0.505,0.55,0.495,3674043,1.95,0.513,0.522,3.31,1.53,3.92,3.92,1.92,0.85,1.68,40.28,0.85,1.68,-35.29,-67.26,-98.63,37.65,68.45,False,False,False,True,False,False,False,False,False,2026-09-11
8188,8188.HK,GME GROUP,骏杰集团控股,5.65,"4,000",Equity,Equity Securities (GEM),1.185,1.165,1.185,1.165,860000,1.02,1.186,1.183,-0.08,0.13,0.85,-0.42,0.42,1.43,1.43,3.47,1.43,1.43,-17.13,-17.13,-65.85,17.13,17.13,False,False,False,False,False,False,False,False,False,2026-09-11
8189,8189.HK,TEDA BIOMEDICAL,泰达生物,3.66,"5,000",Equity,Equity Securities (GEM),0.255,0.27,0.28,0.25,200000,0.05,0.254,0.252,0.24,1.35,-1.92,2.0,2.82,0.37,0.65,1.5,0.37,0.65,-24.32,-56.92,-81.33,31.08,60.77,False,False,False,True,False,False,False,False,False,2026-09-11
8191,8191.HK,HONG WEI ASIA,鸿伟亚洲,0.53,"6,000",Equity,Equity Securities (GEM),0.151,0.145,0.152,0.145,2022000,0.31,0.147,0.15,2.72,0.8,4.14,2.72,0.67,0.28,0.46,9.0,0.28,0.46,-46.67,-66.96,-98.31,47.02,67.17,False,False,False,True,False,False,False,False,False,2026-09-11
8195,8195.HK,LEGENDARY EDU,传承教育集团,3.16,"2,000",Equity,Equity Securities (GEM),0.69,0.765,0.805,0.69,1288000,0.89,0.846,0.954,-18.44,-27.71,-9.8,-26.98,-32.02,1.54,2.49,4.55,1.54,2.49,-47.73,-67.67,-82.29,55.19,72.29,False,False,False,False,False,False,False,False,False,2026-09-11
8196,8196.HK,FUTIAN HOLDINGS,福田股份,0.53,"8,000",Equity,Equity Securities (GEM),0.83,0.78,0.84,0.78,1304000,1.08,0.79,0.798,5.06,4.01,7.1,5.06,4.4,1.02,4.1,69.6,1.02,4.1,-17.65,-79.51,-98.79,18.63,79.76,False,False,False,True,False,False,False,False,False,2026-09-11
8198,8198.HK,CRYPTO FLOW,加幂科技,8.59,"4,000",Equity,Equity Securities (GEM),1.095,1.125,1.16,1.09,417600,0.46,1.151,1.17,-4.87,-6.41,-7.98,-7.98,-8.37,2.61,5.42,5.42,2.61,5.42,-55.56,-78.6,-78.6,58.05,79.8,False,False,False,False,False,False,False,False,False,2026-09-11
8201,8201.HK,PPS INT'L,宝联控股,0.6,"20,000",Equity,Equity Securities (GEM),0.112,0.112,0.112,0.112,26000,0.0,0.114,0.114,-2.1,-2.01,-2.61,-2.61,-2.61,0.18,0.18,1.24,0.18,0.18,-36.36,-36.36,-90.95,36.36,36.36,False,False,False,False,False,False,False,False,False,2026-09-11
8213,8213.HK,STARGLORY HLDGS,荣晖控股,1.22,"10,000",Equity,Equity Securities (GEM),0.22,0.22,0.241,0.22,130000,0.03,0.209,0.216,5.47,1.66,10.0,-2.22,-10.57,0.35,0.99,1.33,0.35,0.99,-32.11,-75.66,-81.85,38.03,77.78,False,False,False,False,False,False,False,False,False,2026-09-11
8217,8217.HK,JU FU TANG BIOT,菊福堂生物,0.34,"10,000",Equity,Equity Securities (GEM),0.113,0.113,0.113,0.113,20000,0.0,0.112,0.112,1.07,0.8,0.0,1.8,-0.88,0.41,0.9,364.0,0.41,0.9,-72.1,-87.44,-99.97,72.1,87.44,False,False,False,False,False,False,False,False,False,2026-09-11
8219,8219.HK,HANVEY GROUP,恒伟集团控股,1.41,"10,000",Equity,Equity Securities (GEM),0.57,0.57,0.62,0.53,840000,0.48,0.545,0.495,4.59,15.15,2.7,5.56,26.67,0.7,0.7,9.97,0.7,0.7,-11.43,-11.43,-93.78,18.57,18.57,False,False,False,False,False,False,False,False,False,2026-09-11
8220,8220.HK,BINGO GROUP,比高集团,8.42,"1,000",Equity,Equity Securities (GEM),4.65,4.51,4.875,4.365,138000,0.64,4.698,4.764,-1.02,-2.38,1.53,-2.11,-4.71,6.0,6.0,7.36,6.0,6.0,-18.75,-18.75,-33.76,22.5,22.5,False,False,False,False,False,False,False,False,False,2026-09-11
8222,8222.HK,E LIGHTING,壹照明,0.29,"4,000",Equity,Equity Securities (GEM),0.064,0.056,0.064,0.056,32000,0.0,0.064,0.063,-0.62,1.59,-1.54,-1.54,12.28,0.09,0.09,0.42,0.09,0.09,-28.09,-28.09,-84.76,28.09,28.09,False,False,False,False,False,False,False,False,False,2026-09-11
8223,8223.HK,ZYY,紫元元,0.65,"4,000",Equity,Equity Securities (GEM),0.126,0.15,0.17,0.126,2792000,0.35,0.159,0.167,-20.55,-24.46,-16.0,-25.88,-32.26,0.91,3.3,3.3,0.91,3.3,-81.32,-94.85,-94.85,86.15,96.18,False,False,False,False,False,False,False,False,False,2026-09-11
8229,8229.HK,FUTURE DATA,未来数据集团,4.89,"5,000",Equity,Equity Securities (GEM),0.88,0.85,0.88,0.85,430000,0.38,0.844,0.833,4.27,5.58,4.14,8.64,7.32,0.96,0.96,1.18,0.96,0.96,-8.33,-8.33,-25.42,8.33,8.33,False,False,False,False,False,False,False,True,True,2026-09-11
8237,8237.HK,LINK HOLDINGS,华星控股,1.74,"6,000",Equity,Equity Securities (GEM),0.865,0.75,0.865,0.75,64960,0.06,0.721,0.644,19.97,34.32,20.98,27.21,39.52,1.33,1.5,30.25,1.33,1.5,-34.96,-42.33,-97.14,34.96,42.33,True,True,False,False,False,False,False,False,False,2026-09-11
8238,8238.HK,JIUFANG DIGITAL,玖方数智,0.37,"8,000",Equity,Equity Securities (GEM),0.106,0.1,0.109,0.1,5048000,0.54,0.11,0.112,-3.46,-5.27,-3.64,-7.83,-2.75,0.34,1.55,38.6,0.34,1.55,-67.94,-92.97,-99.72,68.82,93.16,False,False,False,False,False,False,False,False,False,2026-09-11
8239,8239.HK,CAPITAL FIN,首都金融控股,21.08,500,Equity,Equity Securities (GEM),21.56,21.54,21.56,20.82,45000,0.97,21.38,21.15,0.84,1.94,-0.19,2.18,2.86,22.5,22.5,26.61,22.5,22.5,-4.18,-4.18,-18.99,4.18,4.18,False,False,False,True,False,False,False,True,True,2026-09-11
8241,8241.HK,YING KEE TEA,英记茶庄集团,0.61,"5,000",Equity,Equity Securities (GEM),0.169,0.168,0.169,0.168,85000,0.01,0.168,0.171,0.48,-1.05,0.6,0.6,0.6,0.19,0.24,1.22,0.19,0.24,-13.33,-29.58,-86.15,13.33,29.58,False,False,False,False,False,False,False,False,False,2026-09-11
8245,8245.HK,CANOPY SKYFIRE,烽翼集团,0.4,"20,000",Equity,Equity Securities (GEM),0.139,0.135,0.139,0.135,560000,0.08,0.136,0.137,2.51,1.16,2.21,0.0,-2.8,0.18,1.0,40.0,0.18,1.0,-24.46,-86.1,-99.65,24.46,86.1,False,False,False,True,False,False,False,False,False,2026-09-11
8246,8246.HK,ZHONGHUA GAS,中华燃气,3.91,"5,000",Equity,Equity Securities (GEM),0.66,0.63,0.66,0.615,35000,0.02,0.683,0.686,-3.37,-3.86,0.0,-5.71,-5.71,1.0,2.4,3.92,1.0,2.4,-34.0,-72.5,-83.16,34.0,72.5,False,False,False,False,False,False,False,False,False,2026-09-11
8247,8247.HK,BIOSINO BIO-TEC,中生北控生物科技,1.99,"2,000",Equity,Equity Securities (GEM),3.1,3.28,3.28,3.1,82000,0.25,3.244,3.256,-4.44,-4.79,-5.49,-5.49,-5.2,7.0,7.0,7.0,7.0,7.0,-53.14,-53.14,-53.14,55.71,55.71,False,False,False,False,False,False,False,False,False,2026-09-11
8250,8250.HK,DU DU HLDGS,都都控股,0.29,"10,000",Equity,Equity Securities (GEM),0.083,0.072,0.083,0.072,20000,0.0,0.092,0.091,-9.39,-8.69,-10.75,-11.7,-11.7,0.16,0.24,8.0,0.16,0.24,-48.13,-65.42,-98.96,48.13,65.42,False,False,False,False,False,False,False,False,False,2026-09-11
8267,8267.HK,LINEKONG,蓝港互动,0.63,500,Equity,Equity Securities (GEM),0.17,0.176,0.176,0.165,286500,0.05,0.187,0.193,-8.9,-12.01,-5.56,-11.92,-14.14,0.46,1.18,4.52,0.46,1.18,-61.74,-85.08,-96.11,63.04,85.59,False,False,False,False,False,False,False,False,False,2026-09-11
8268,8268.HK,SMART CITY DEV,智城发展控股,0.41,"8,000",Equity,Equity Securities (GEM),0.144,0.168,0.171,0.14,2952000,0.43,0.176,0.183,-18.0,-21.31,-13.77,-23.81,-25.0,0.42,1.62,1.83,0.42,1.62,-59.29,-89.44,-90.63,65.71,91.11,False,False,False,False,False,False,False,False,False,2026-09-11
8269,8269.HK,GO UP EDU TECH,倍升教育科技,2.32,"30,000",Equity,Equity Securities (GEM),0.26,0.26,0.27,0.25,3810000,0.99,0.263,0.27,-1.14,-3.88,0.0,-1.89,-3.7,0.52,0.65,1.32,0.52,0.65,-48.08,-58.46,-79.51,50.0,60.0,False,False,False,False,False,False,False,False,False,2026-09-11
8271,8271.HK,GDC,环球数码创意,1.13,"2,000",Equity,Equity Securities (GEM),0.075,0.076,0.076,0.075,350000,0.03,0.076,0.079,-1.83,-4.58,-2.6,-3.85,-6.25,0.15,0.15,1.1,0.15,0.15,-49.33,-49.33,-93.09,50.0,50.0,False,False,False,False,False,False,False,False,False,2026-09-11
8275,8275.HK,CHINA NEW CONS,中国新消费集团,1.02,"20,000",Equity,Equity Securities (GEM),0.106,0.114,0.118,0.099,21920000,2.32,0.104,0.094,2.12,12.53,-7.02,7.07,17.78,0.13,0.35,61.33,0.13,0.35,-9.92,-66.29,-99.81,19.08,69.71,False,False,False,False,False,False,False,False,False,2026-09-11
8279,8279.HK,AGTECH HOLDINGS,亚博科技控股,158.74,"4,000",Equity,Equity Securities (GEM),1.36,1.35,1.36,1.31,8252000,11.22,1.336,1.317,1.8,3.26,0.74,4.21,5.02,1.68,1.68,1.71,1.68,1.68,-19.05,-19.05,-20.47,19.05,19.05,True,False,False,True,False,False,False,False,False,2026-09-11
8280,8280.HK,CDV HOLDINGS,中国数字视频,0.31,"2,000",Equity,Equity Securities (GEM),0.049,0.052,0.053,0.047,522000,0.03,0.055,0.062,-11.55,-21.1,-14.04,-16.95,-16.95,0.12,0.12,1.52,0.12,0.12,-55.46,-55.46,-96.51,58.82,58.82,False,False,False,False,False,False,False,False,False,2026-09-11
8281,8281.HK,CH GOLD CLASSIC,中国金典集团,2.5,"8,000",Equity,Equity Securities (GEM),0.25,0.25,0.25,0.25,24000,0.01,0.269,0.269,-7.06,-7.06,-3.85,-10.71,-10.71,0.38,0.38,1.36,0.38,0.38,-35.06,-35.06,-81.62,35.06,35.06,False,False,False,False,False,False,False,False,False,2026-09-11
8283,8283.HK,ZHONGSHI MINAN,中食民安,0.45,"5,000",Equity,Equity Securities (GEM),0.13,0.13,0.13,0.13,125000,0.02,0.134,0.136,-3.13,-4.13,0.78,-7.14,-2.26,0.85,8.65,149.25,0.85,8.65,-84.71,-98.5,-99.91,84.71,98.5,False,False,False,False,False,False,False,False,False,2026-09-11
8285,8285.HK,SLING GROUP,森浩集团,0.36,"5,000",Equity,Equity Securities (GEM),0.064,0.089,0.089,0.06,1460000,0.09,0.071,0.06,-10.11,6.14,-21.95,0.0,16.36,0.11,0.11,0.7,0.11,0.11,-19.82,-19.82,-87.29,42.34,42.34,False,False,False,False,False,False,False,False,False,2026-09-11
8290,8290.HK,AHSAY BACKUP,亚势备份,0.58,"10,000",Equity,Equity Securities (GEM),0.029,0.029,0.029,0.028,150000,0.0,0.03,0.03,-2.03,-3.01,0.0,-3.33,-3.33,0.06,0.06,0.18,0.06,0.06,-50.85,-50.85,-83.98,50.85,50.85,False,False,False,False,False,False,False,False,False,2026-09-11
8292,8292.HK,VSING,VSING,1.4,"10,000",Equity,Equity Securities (GEM),0.13,0.129,0.129,0.128,277000,0.04,0.137,0.142,-4.97,-8.58,-2.26,-6.47,-15.03,0.42,0.67,38.61,0.42,0.67,-69.29,-80.75,-99.67,69.05,80.6,False,False,False,False,False,False,False,False,False,2026-09-11
8297,8297.HK,OCEAN STAR TECH,海纳星空科技,0.67,"2,500",Equity,Equity Securities (GEM),0.052,0.1,0.1,0.047,59622500,3.1,0.042,0.04,25.0,29.03,33.33,33.33,33.33,0.04,0.37,1.92,0.1,0.37,156.41,-72.97,-94.78,48.0,85.95,False,False,False,False,True,False,False,False,False,2026-09-11
8299,8299.HK,GT GOLD,大唐黄金,29.1,"24,000",Equity,Equity Securities (GEM),0.305,0.305,0.305,0.29,56710400,17.3,0.305,0.31,0.0,-1.45,0.0,0.0,-1.61,0.85,0.85,1.02,0.85,0.85,-64.12,-64.12,-69.98,64.12,64.12,False,False,False,False,False,False,False,False,False,2026-09-11
8300,8300.HK,JIN MI FANG GP,今米房集团,0.74,"20,000",Equity,Equity Securities (GEM),0.028,0.025,0.028,0.024,1100000,0.03,0.028,0.027,1.45,4.48,3.7,0.0,3.7,0.09,0.4,0.4,0.09,0.4,-68.89,-93.0,-93.0,68.89,93.0,False,False,False,True,False,False,False,False,False,2026-09-11
8305,8305.HK,ST HLDGS,圣唐控股,0.99,"10,000",Equity,Equity Securities (GEM),0.061,0.058,0.063,0.056,1280000,0.08,0.061,0.061,-0.65,-0.49,5.17,-4.69,-1.61,0.33,0.73,0.73,0.33,0.73,-80.91,-91.37,-91.37,81.52,91.64,False,False,False,False,False,False,False,False,False,2026-09-11
8307,8307.HK,MEDICSKIN,密迪斯肌,0.48,"4,000",Equity,Equity Securities (GEM),0.12,0.119,0.12,0.119,20000,0.0,0.121,0.121,-0.66,-1.15,-0.83,-0.83,-1.64,0.2,0.24,1.17,0.2,0.24,-40.0,-50.0,-89.74,40.0,50.0,False,False,False,False,False,False,False,False,False,2026-09-11
8308,8308.HK,GUDOU HLDGS,古兜控股,0.39,"4,000",Equity,Equity Securities (GEM),0.028,0.028,0.028,0.027,1536000,0.04,0.034,0.038,-18.6,-26.7,-6.67,-30.0,-33.33,0.08,0.6,2.43,0.08,0.6,-66.67,-95.33,-98.85,66.67,95.33,False,False,False,False,False,False,False,False,False,2026-09-11
8310,8310.HK,YANCHENG PORT,盐城港,2.89,"10,000",Equity,Equity Securities (GEM),0.224,0.224,0.224,0.224,30000,0.01,0.239,0.256,-6.35,-12.36,-7.44,-2.61,-17.04,0.35,0.5,1.55,0.35,0.5,-36.0,-55.2,-85.55,36.0,55.2,False,False,False,False,False,False,False,False,False,2026-09-11
8321,8321.HK,TAI KAM HLDGS,泰锦控股,9.39,"10,000",Equity,Equity Securities (GEM),1.75,1.755,1.755,1.75,40000,0.07,1.756,1.755,-0.34,-0.28,0.0,0.0,-1.69,2.5,2.5,71.2,2.5,2.5,-29.8,-29.8,-97.54,30.0,30.0,False,False,False,False,False,False,False,False,False,2026-09-11
8326,8326.HK,TK NEW ENERGY,同景新能源,1.96,"25,000",Equity,Equity Securities (GEM),0.16,0.143,0.173,0.143,125000,0.02,0.162,0.145,-1.48,10.19,-1.23,-2.44,25.0,0.25,0.38,2.85,0.25,0.38,-30.8,-54.47,-93.93,36.0,57.89,False,False,False,False,False,False,False,False,False,2026-09-11
8329,8329.HK,NEP INTERLONG,海王英特龙,0.42,"10,000",Equity,Equity Securities (GEM),0.098,0.097,0.097,0.095,270000,0.03,0.099,0.103,-1.41,-4.48,-2.97,-2.0,0.0,0.18,0.38,1.29,0.18,0.38,-45.2,-74.47,-92.48,44.63,74.21,False,False,False,False,False,False,False,False,False,2026-09-11
8340,8340.HK,ZIJING INTL FIN,紫荆国际金融,0.71,"5,000",Equity,Equity Securities (GEM),0.89,0.86,0.89,0.855,75000,0.07,0.791,0.688,12.52,29.36,9.88,11.25,52.14,0.9,2.96,100.67,0.9,2.96,-1.11,-69.94,-99.12,1.11,69.94,False,False,False,False,False,False,False,True,False,2026-09-11
8347,8347.HK,F8 ENT,Ｆ８企业,0.18,"8,000",Equity,Equity Securities (GEM),0.128,0.13,0.13,0.128,152000,0.02,0.118,0.119,8.47,8.02,14.29,7.56,7.56,0.17,0.4,7.69,0.17,0.4,-23.08,-67.5,-98.31,24.26,68.0,False,False,False,False,False,False,False,False,False,2026-09-11
8350,8350.HK,WELL LINK SEC,立桥证券控股,3.8,"8,000",Equity,Equity Securities (GEM),0.4,0.39,0.4,0.385,56000,0.02,0.401,0.409,-0.25,-2.2,0.0,0.0,0.0,0.53,0.53,0.53,0.53,0.53,-24.53,-24.53,-24.53,24.53,24.53,False,False,False,False,False,False,False,False,False,2026-09-11
8362,8362.HK,WINNING TOWER,运兴泰集团,0.81,"20,000",Equity,Equity Securities (GEM),0.058,0.052,0.059,0.051,360000,0.02,0.054,0.054,7.01,8.01,7.41,9.43,9.43,0.07,0.12,0.16,0.07,0.12,-11.94,-49.14,-64.02,13.43,50.0,False,False,True,True,False,False,False,False,False,2026-09-11
8365,8365.HK,HATCHER GROUP,亦辰集团,1.58,"10,000",Equity,Equity Securities (GEM),0.795,0.765,0.815,0.765,2190000,1.74,0.782,0.775,1.66,2.58,-0.62,0.0,6.0,3.16,3.16,40.5,3.16,3.16,-74.21,-74.21,-97.99,74.84,74.84,False,False,False,True,False,False,False,False,False,2026-09-11
8366,8366.HK,ZJ UNITED INV,浙江联合投资,0.39,"10,000",Equity,Equity Securities (GEM),0.025,0.025,0.025,0.025,250000,0.01,0.023,0.022,6.84,11.11,0.0,13.64,13.64,0.04,0.06,0.84,0.04,0.06,-37.5,-59.68,-97.02,37.5,59.68,False,False,False,False,False,False,False,False,False,2026-09-11
8370,8370.HK,ZHI SHENG GP,智升集团控股,12.69,800,Equity,Equity Securities (GEM),6.81,6.805,6.815,6.805,73600,0.5,6.823,6.813,-0.19,-0.04,0.07,0.0,0.15,7.25,7.25,58.5,7.25,7.25,-6.0,-6.0,-88.35,6.07,6.07,False,False,False,False,False,False,False,True,True,2026-09-11
8371,8371.HK,TASTEGOURMET GP,尝高美集团,7.65,"4,000",Equity,Equity Securities (GEM),2.0,2.0,2.0,1.995,112000,0.22,1.978,1.951,1.11,2.51,0.5,1.52,2.56,2.05,2.19,2.19,2.05,2.19,-2.44,-8.68,-8.68,2.44,8.68,False,False,False,False,False,False,False,True,True,2026-09-11
8373,8373.HK,INDIGO STAR,靛蓝星,0.39,"5,000",Equity,Equity Securities (GEM),0.95,0.92,0.95,0.92,15000,0.01,0.915,0.911,3.83,4.34,3.26,6.74,3.83,1.1,1.75,44.0,1.1,1.75,-13.64,-45.71,-97.84,13.64,45.71,True,False,False,False,False,False,False,False,False,2026-09-11
8375,8375.HK,DATA UNION CAP,数盟资本,3.35,"10,000",Equity,Equity Securities (GEM),0.97,0.91,0.995,0.91,170000,0.16,0.914,0.909,6.13,6.71,7.78,7.78,7.78,2.99,8.2,8.2,2.99,8.2,-66.72,-87.87,-87.87,67.56,88.17,False,False,False,False,False,False,False,False,False,2026-09-11
8379,8379.HK,PRIME INTEL,盈证国际,0.79,"10,000",Equity,Equity Securities (GEM),0.099,0.099,0.099,0.099,100000,0.01,0.099,0.098,0.0,0.81,0.0,0.0,0.0,0.22,0.25,0.56,0.22,0.25,-55.0,-60.4,-82.32,55.0,60.4,False,False,False,False,False,False,False,False,False,2026-09-11
8385,8385.HK,PROSPEROUSPRINT,万里印刷,0.14,"10,000",Equity,Equity Securities (GEM),0.135,0.128,0.148,0.122,1020000,0.14,0.111,0.095,22.06,41.96,12.5,39.18,37.76,0.2,0.42,9.5,0.2,0.42,-27.09,-64.76,-98.44,33.5,67.86,True,False,False,False,False,False,False,False,False,2026-09-11
8391,8391.HK,CORNERSTONE TEC,基石科技控股,3.15,"4,000",Equity,Equity Securities (GEM),0.3,0.295,0.3,0.29,2332000,0.7,0.302,0.313,-0.66,-4.0,0.0,-1.64,-7.69,0.65,0.98,3.59,0.65,0.98,-53.85,-69.39,-91.64,53.85,69.39,False,False,False,False,False,False,False,False,False,2026-09-11
8395,8395.HK,ZXZN QI-HOUSE,中显智能齐家控股,30.08,"20,000",Equity,Equity Securities (GEM),1.755,1.805,1.83,1.755,600000,1.05,1.86,2.038,-5.65,-13.87,-4.36,-5.65,-18.18,2.6,2.6,2.6,2.6,2.6,-29.62,-29.62,-29.62,32.5,32.5,False,False,False,False,False,False,False,False,False,2026-09-11
8400,8400.HK,ASIA PIONEER,亚洲先锋娱乐,0.82,"10,000",Equity,Equity Securities (GEM),0.082,0.082,0.082,0.082,40000,0.0,0.077,0.077,5.94,6.22,0.0,10.81,9.33,0.16,0.16,0.55,0.16,0.16,-49.69,-49.69,-85.09,49.69,49.69,False,False,False,False,False,False,False,False,False,2026-09-11
8401,8401.HK,HUA XIA WATER,华夏水务集团,0.28,"2,000",Equity,Equity Securities (GEM),0.034,0.035,0.035,0.034,1144000,0.04,0.033,0.033,1.8,3.34,0.0,0.0,6.25,0.11,0.44,4.41,0.11,0.44,-67.59,-92.05,-99.21,68.52,92.27,False,False,False,False,False,False,False,False,False,2026-09-11
8402,8402.HK,PLATEAU TL,高原之宝,0.49,"5,000",Equity,Equity Securities (GEM),0.103,0.103,0.103,0.103,95000,0.01,0.1,0.095,3.21,8.88,4.04,4.04,4.04,0.16,1.35,3.0,0.16,1.35,-35.62,-92.37,-96.57,35.62,92.37,False,False,False,False,False,False,False,False,False,2026-09-11
8403,8403.HK,DEFENG SOLIFE,德丰宿来,5.24,"4,000",Equity,Equity Securities (GEM),3.095,2.88,3.005,2.88,68000,0.21,2.939,2.921,5.31,5.98,6.91,6.54,8.22,3.76,3.76,3.76,3.76,3.76,-20.08,-20.08,-20.08,17.69,17.69,False,False,False,True,False,False,False,False,False,2026-09-11
8406,8406.HK,CHINA ORAL IND,中国口腔产业,1.85,"10,000",Equity,Equity Securities (GEM),0.094,0.086,0.094,0.086,330000,0.03,0.088,0.089,7.06,5.98,9.3,8.05,9.3,0.1,0.28,1.98,0.1,0.28,-5.05,-67.02,-95.25,5.05,67.02,False,False,False,True,False,False,False,True,False,2026-09-11
8418,8418.HK,OPTIMA AUTO,傲迪玛汽车,4.55,"2,000",Equity,Equity Securities (GEM),0.535,0.5,0.545,0.49,62000,0.03,0.534,0.543,0.19,-1.47,3.88,-0.93,-4.46,2.5,2.5,2.79,2.5,2.5,-78.2,-78.2,-80.47,78.6,78.6,False,False,False,False,False,False,False,False,False,2026-09-11
8419,8419.HK,AV PROMOTIONS,ＡＶ策划推广,0.29,"5,000",Equity,Equity Securities (GEM),0.073,0.073,0.073,0.071,825000,0.06,0.074,0.074,-1.88,-2.01,-6.41,1.39,-2.67,0.19,0.19,5.2,0.19,0.19,-61.58,-61.58,-98.6,61.58,61.58,False,False,False,False,False,False,False,False,False,2026-09-11
8420,8420.HK,NEXION TECH,NEXION TECH,0.25,"5,000",Equity,Equity Securities (GEM),0.028,0.029,0.029,0.028,140000,0.0,0.028,0.029,-0.71,-1.75,0.0,0.0,-3.45,0.05,0.09,1.6,0.05,0.09,-46.3,-66.28,-98.19,48.15,67.44,False,False,False,False,False,False,False,False,False,2026-09-11
8422,8422.HK,WT GROUP,ＷＴ集团,0.36,"10,000",Equity,Equity Securities (GEM),0.099,0.099,0.099,0.099,30000,0.0,0.099,0.1,-0.2,-0.6,0.0,0.0,-1.0,0.23,0.23,15.5,0.23,0.23,-56.96,-56.96,-99.36,56.96,56.96,False,False,False,False,False,False,False,False,False,2026-09-11
8427,8427.HK,WS-SK TARGET,万顺瑞强集团,0.57,400,Equity,Equity Securities (GEM),3.45,3.45,3.46,3.45,2800,0.01,3.543,3.462,-2.62,-0.35,-0.29,-4.43,4.07,26.46,38.0,87.2,26.46,38.0,-86.92,-90.89,-96.03,86.96,90.92,False,False,False,False,False,False,False,False,False,2026-09-11
8429,8429.HK,SV VISION,华美乐乐,0.26,"5,000",Equity,Equity Securities (GEM),0.054,0.054,0.054,0.048,155000,0.01,0.05,0.049,7.14,9.76,5.88,12.5,12.5,0.13,0.13,1.49,0.13,0.13,-58.46,-58.46,-96.38,58.46,58.46,False,False,False,True,False,False,False,False,False,2026-09-11
8431,8431.HK,HAO BAI INTL,浩柏国际,3.19,"10,000",Equity,Equity Securities (GEM),1.35,1.35,1.39,1.345,1610000,2.17,1.337,1.349,0.97,0.07,-0.74,3.05,2.27,2.0,3.3,53.49,2.0,3.3,-30.5,-57.88,-97.4,32.5,59.09,False,False,False,True,False,False,False,False,False,2026-09-11
8432,8432.HK,BAR PACIFIC,太平洋酒吧,0.34,"10,000",Equity,Equity Securities (GEM),0.039,0.039,0.039,0.039,60000,0.0,0.039,0.042,-0.51,-7.36,2.63,-2.5,0.0,0.05,0.08,6.06,0.05,0.08,-27.78,-51.85,-99.36,27.78,51.85,False,False,False,False,False,False,False,False,False,2026-09-11
8436,8436.HK,TAKBO GROUP,德宝集团控股,1.26,"5,000",Equity,Equity Securities (GEM),0.315,0.32,0.32,0.305,60000,0.02,0.333,0.31,-5.41,1.61,-7.35,-5.97,-10.0,0.46,0.46,4.13,0.46,0.46,-30.43,-30.43,-92.25,31.52,31.52,False,False,False,False,False,False,False,False,False,2026-09-11
8439,8439.HK,SOMERLEY CAP,新百利融资,1.73,"2,000",Equity,Equity Securities (GEM),1.14,1.155,1.165,1.1,190000,0.22,1.084,1.086,5.17,4.97,5.56,6.05,1.79,4.85,4.85,4.85,4.85,4.85,-75.98,-75.98,-75.98,76.49,76.49,False,False,False,False,False,False,False,False,False,2026-09-11
8445,8445.HK,NOBLE ENG GP,怡康泰工程集团,1.11,"10,000",Equity,Equity Securities (GEM),0.4,0.3,0.4,0.3,740000,0.3,0.262,0.228,52.67,75.52,35.59,100.0,100.0,0.45,0.47,5.13,0.45,0.47,-11.11,-15.79,-92.21,11.11,15.79,True,False,False,False,False,False,False,False,False,2026-09-11
8447,8447.HK,MS CONCEPT,MS CONCEPT,0.67,"10,000",Equity,Equity Securities (GEM),0.067,0.067,0.067,0.063,200000,0.01,0.061,0.06,9.12,11.11,6.35,15.52,9.84,0.1,0.1,0.36,0.1,0.1,-31.63,-31.63,-81.39,31.63,31.63,True,False,False,False,False,False,False,False,False,2026-09-11
8448,8448.HK,UNI PRINTSHOP,环球印馆,1.43,"20,000",Equity,Equity Securities (GEM),1.43,1.43,1.43,1.43,20000,0.03,1.428,1.237,0.14,15.6,-1.38,-5.3,24.35,1.99,1.99,9.06,1.99,1.99,-28.14,-28.14,-84.22,28.14,28.14,False,False,False,False,False,False,False,False,False,2026-09-11
8450,8450.HK,EDICO HOLDINGS,钜京控股,7.7,"10,000",Equity,Equity Securities (GEM),0.77,0.805,0.805,0.75,1040000,0.8,0.802,0.789,-3.99,-2.41,-4.35,-3.75,0.65,0.88,0.88,0.88,0.88,0.88,-8.52,-8.52,-8.52,12.5,12.5,False,False,False,False,False,False,False,False,False,2026-09-11
8455,8455.HK,LAI GROUP,礼建德集团,0.26,"10,000",Equity,Equity Securities (GEM),0.027,0.029,0.029,0.023,21300000,0.58,0.027,0.027,1.5,1.5,-3.57,8.0,8.0,0.16,0.16,3.5,0.16,0.16,-81.76,-81.76,-99.17,83.02,83.02,False,False,False,True,False,False,False,False,False,2026-09-11
8456,8456.HK,MANSION INTL,民信国际控股,0.43,"10,000",Equity,Equity Securities (GEM),0.325,0.325,0.325,0.325,10000,0.0,0.357,0.361,-8.96,-9.97,-10.96,-10.96,-10.96,0.45,2.24,159.84,0.45,2.24,-27.78,-85.49,-99.8,27.78,85.49,False,False,False,False,False,False,False,False,False,2026-09-11
8460,8460.HK,BASETROPHY GP,基地锦标集团,1.04,"5,000",Equity,Equity Securities (GEM),0.39,0.395,0.395,0.385,195000,0.08,0.398,0.4,-2.01,-2.5,-2.5,-1.27,-3.7,3.39,3.39,21.9,3.39,3.39,-88.35,-88.35,-98.2,88.5,88.5,False,False,False,False,False,False,False,False,False,2026-09-11
8472,8472.HK,LAPCO HOLDINGS,立高控股,0.29,"2,000",Equity,Equity Securities (GEM),0.25,0.25,0.25,0.25,6000,0.0,0.238,0.245,5.04,1.96,8.7,2.04,11.61,0.76,1.2,45.78,0.76,1.2,-67.11,-79.17,-99.45,67.11,79.17,False,False,False,False,False,False,False,False,False,2026-09-11
8473,8473.HK,MI MING MART,弥明生活百货,1.12,"10,000",Equity,Equity Securities (GEM),0.1,0.1,0.1,0.1,30000,0.0,0.1,0.103,-0.2,-2.82,0.0,0.0,-0.99,0.13,0.18,0.91,0.13,0.18,-21.88,-43.82,-89.01,21.88,43.82,False,False,False,False,False,False,False,False,False,2026-09-11
8480,8480.HK,FURNIWEB,飞霓控股,1.34,"4,000",Equity,Equity Securities (GEM),0.145,0.142,0.142,0.141,308000,0.04,0.144,0.142,0.69,2.18,-0.68,2.84,2.11,0.3,0.38,3.34,0.3,0.38,-52.67,-62.13,-95.75,51.67,61.33,False,False,False,True,False,False,False,False,False,2026-09-11
8481,8481.HK,SHENGLONG INTL,盛龙锦秀国际,1.09,"5,000",Equity,Equity Securities (GEM),0.27,0.248,0.275,0.248,400000,0.11,0.295,0.371,-8.47,-27.13,1.89,0.0,-35.71,0.55,0.67,0.97,0.55,0.67,-50.0,-58.96,-71.65,50.91,59.7,False,False,False,False,False,False,False,False,False,2026-09-11
8483,8483.HK,MAX SIGHT GROUP,名仕快相,1.5,"8,000",Equity,Equity Securities (GEM),0.187,0.182,0.188,0.181,264000,0.05,0.186,0.181,0.32,3.14,0.0,2.75,12.65,0.25,0.3,1.3,0.25,0.3,-24.8,-37.33,-85.54,25.2,37.67,False,False,False,True,False,False,False,False,False,2026-09-11
8489,8489.HK,GP LOGISTICS,裕程物流,0.71,"5,000",Equity,Equity Securities (GEM),0.23,0.231,0.231,0.23,125000,0.03,0.227,0.208,1.41,10.79,-1.29,5.5,8.49,0.49,0.49,1.43,0.49,0.49,-52.86,-52.86,-83.85,53.06,53.06,False,False,False,False,False,False,False,False,False,2026-09-11
8490,8490.HK,NICHE-TECH SEMI,骏码半导体,0.8,"5,000",Equity,Equity Securities (GEM),0.114,0.114,0.114,0.114,120000,0.01,0.111,0.111,2.33,2.43,3.64,0.88,-3.39,0.25,0.55,0.74,0.25,0.55,-55.29,-79.27,-84.59,55.29,79.27,False,False,False,False,False,False,False,False,False,2026-09-11
8491,8491.HK,COOL LINK,COOL LINK,0.79,"5,000",Equity,Equity Securities (GEM),0.197,0.18,0.202,0.18,16000,0.0,0.194,0.211,1.55,-6.55,5.91,-1.01,-1.99,0.51,3.37,60.0,0.51,3.37,-60.39,-94.01,-99.66,61.37,94.15,False,False,False,False,False,False,False,False,False,2026-09-11
8501,8501.HK,SANBASE CORP,庄皇集团公司,1.74,"2,000",Equity,Equity Securities (GEM),0.87,0.87,0.87,0.87,14000,0.01,0.826,0.813,5.33,7.01,2.35,8.07,8.75,0.92,0.92,2.12,0.92,0.92,-5.43,-5.43,-58.96,5.43,5.43,False,False,False,False,False,False,False,True,True,2026-09-11
8507,8507.HK,I.CENTURY HLDG,爱世纪集团,5.28,"4,000",Equity,Equity Securities (GEM),0.66,0.62,0.66,0.62,1104000,0.73,0.666,0.597,-0.9,10.46,12.82,-8.97,11.86,1.25,1.25,1.25,1.25,1.25,-47.2,-47.2,-47.2,47.2,47.2,False,False,False,False,False,False,False,False,False,2026-09-11
8510,8510.HK,TOPSTANDARDCORP,TOPSTANDARDCORP,0.62,"20,000",Equity,Equity Securities (GEM),0.26,0.22,0.265,0.22,200000,0.05,0.242,0.21,7.62,23.81,7.88,-13.33,47.73,0.3,0.51,3.65,0.3,0.51,-11.67,-48.04,-92.74,13.33,49.02,False,False,False,False,False,False,False,False,False,2026-09-11
8511,8511.HK,MIN FU INTL,民富国际,0.16,"2,000",Equity,Equity Securities (GEM),0.525,0.56,0.56,0.5,50000,0.03,0.591,0.601,-11.17,-12.57,-12.5,-13.93,-13.93,1.05,4.32,35.13,1.05,4.32,-46.67,-87.04,-98.41,50.0,87.85,False,False,False,False,False,False,False,False,False,2026-09-11
8512,8512.HK,HYFUSIN GROUP,凯富善集团控股,3.44,"10,000",Equity,Equity Securities (GEM),0.375,0.375,0.38,0.375,220000,0.08,0.372,0.368,0.81,1.9,0.0,1.35,2.74,0.43,0.43,1.14,0.43,0.43,-10.59,-10.59,-66.67,11.76,11.76,False,False,False,False,False,False,False,False,False,2026-09-11
8513,8513.HK,MAXWIN INT HLDG,加和国际控股,0.26,"5,000",Equity,Equity Securities (GEM),0.32,0.32,0.32,0.32,10600,0.0,0.356,0.361,-10.11,-11.36,-12.33,-12.33,-12.33,1.15,3.3,31.6,1.15,3.3,-72.17,-90.3,-98.99,72.17,90.3,False,False,False,False,False,False,False,False,False,2026-09-11
8519,8519.HK,XINXIANG ERA,新享时代,0.43,"20,000",Equity,Equity Securities (GEM),0.3,0.235,0.3,0.235,147500,0.04,0.227,0.199,32.04,50.68,28.21,52.28,75.44,0.52,6.16,6.16,0.52,6.16,-42.31,-95.13,-95.13,42.31,95.13,False,False,False,False,False,False,False,False,False,2026-09-11
8525,8525.HK,BAIYING HOLDING,百应控股,2.29,"2,000",Equity,Equity Securities (GEM),0.85,0.85,0.85,0.85,2000,0.0,0.86,0.855,-1.16,-0.58,-5.56,0.0,0.0,0.9,1.0,2.88,0.9,1.0,-5.56,-15.0,-70.49,5.56,15.0,False,False,False,False,False,False,False,True,False,2026-09-11
8527,8527.HK,JLOGO HLDGS,聚利宝控股,1.0,"5,000",Equity,Equity Securities (GEM),0.2,0.19,0.209,0.19,5775000,1.16,0.197,0.19,1.63,5.43,0.0,5.26,9.29,0.5,0.58,3.79,0.5,0.58,-58.2,-63.97,-94.49,60.0,65.52,False,False,False,False,False,False,False,False,False,2026-09-11
8529,8529.HK,UBOT HOLDING,优博控股,1.65,"5,000",Equity,Equity Securities (GEM),0.32,0.305,0.335,0.305,370000,0.12,0.321,0.314,-0.31,2.07,4.92,-5.88,-3.03,0.78,0.78,0.78,0.78,0.78,-57.05,-57.05,-57.05,58.97,58.97,False,False,False,False,False,False,False,False,False,2026-09-11
8532,8532.HK,POLYFAIR HLDGS,宝发控股,0.06,"16,000",Equity,Equity Securities (GEM),0.065,0.065,0.065,0.065,112000,0.01,0.067,0.066,-2.99,-1.52,-2.99,-4.41,-8.45,0.1,0.71,4.5,0.1,0.71,-35.0,-90.85,-98.56,35.0,90.85,False,False,False,False,False,False,False,False,False,2026-09-11
8535,8535.HK,VISTAR HOLDINGS,荧德控股,1.68,"20,000",Equity,Equity Securities (GEM),0.14,0.14,0.14,0.14,200000,0.03,0.135,0.132,3.55,6.38,0.0,6.06,6.06,0.28,0.28,0.49,0.28,0.28,-50.0,-50.0,-71.43,50.0,50.0,False,False,False,False,False,False,False,False,False,2026-09-11
8537,8537.HK,CHONG FAI JEWEL,创辉珠宝,0.74,"10,000",Equity,Equity Securities (GEM),0.205,0.206,0.206,0.205,300000,0.06,0.205,0.209,0.2,-1.77,-0.49,0.99,-2.38,0.34,0.55,12.5,0.34,0.55,-40.29,-62.55,-98.35,40.58,62.73,False,False,False,False,False,False,False,False,False,2026-09-11
8540,8540.HK,VICTORY SEC,胜利证券,9.31,"1,000",Equity,Equity Securities (GEM),4.37,4.3,4.385,4.3,320000,1.4,4.374,4.359,-0.09,0.26,-0.23,-0.23,-0.23,5.93,12.0,12.0,5.93,12.0,-26.05,-63.46,-63.46,26.31,63.58,False,False,False,False,False,False,False,False,False,2026-09-11
8547,8547.HK,PACIFIC LEGEND,PACIFIC LEGEND,0.68,"10,000",Equity,Equity Securities (GEM),0.077,0.073,0.077,0.069,36640000,2.82,0.075,0.081,2.67,-4.35,10.0,5.48,-12.5,0.17,0.96,6.4,0.17,0.96,-54.17,-91.98,-98.8,54.17,91.98,False,False,False,False,False,False,False,False,False,2026-09-11
8549,8549.HK,GOLDEN LEAF INT,金叶国际集团,0.82,"5,000",Equity,Equity Securities (GEM),0.204,0.204,0.204,0.204,40000,0.01,0.203,0.202,0.39,0.84,0.99,0.49,2.0,0.38,3.32,3.32,0.38,3.32,-46.32,-93.86,-93.86,46.32,93.86,False,False,False,False,False,False,False,False,False,2026-09-11
8606,8606.HK,KINETIX SYSTEMS,倢冠控股,0.74,"10,000",Equity,Equity Securities (GEM),0.051,0.051,0.051,0.051,20000,0.0,0.057,0.059,-10.53,-12.97,-12.07,-13.56,-13.56,0.11,0.2,3.73,0.11,0.2,-53.64,-74.5,-98.63,53.64,74.5,False,False,False,False,False,False,False,False,False,2026-09-11
8610,8610.HK,BBSB INTL,BBSB INTL,2.92,"4,000",Equity,Equity Securities (GEM),0.585,0.555,0.585,0.555,8000,0.0,0.588,0.583,-0.51,0.43,-2.5,-2.5,-2.5,3.11,3.11,3.11,3.11,3.11,-81.19,-81.19,-81.19,81.19,81.19,False,False,False,False,False,False,False,False,False,2026-09-11
8611,8611.HK,JUFEEL,九福来,4.86,"5,000",Equity,Equity Securities (GEM),0.815,0.795,0.815,0.795,2185000,1.78,0.814,0.801,0.12,1.68,2.52,-0.61,0.62,1.6,1.86,3.8,1.6,1.86,-49.06,-56.18,-78.55,49.06,56.18,False,False,False,True,False,False,False,False,False,2026-09-11
8612,8612.HK,WORLD SUPER,维亮控股,0.32,"20,000",Equity,Equity Securities (GEM),0.078,0.078,0.078,0.078,40000,0.0,0.078,0.079,-0.26,-0.64,0.0,0.0,-1.27,0.19,0.44,13.9,0.19,0.44,-59.79,-82.27,-99.44,59.79,82.27,False,False,False,False,False,False,False,False,False,2026-09-11
8616,8616.HK,SUNRAY ENG GP,新威工程集团,0.87,"10,000",Equity,Equity Securities (GEM),0.087,0.088,0.088,0.084,80000,0.01,0.088,0.087,-0.68,0.35,-1.14,0.0,0.0,0.09,0.09,0.9,0.09,0.09,-5.38,-5.38,-90.22,6.45,6.45,False,False,False,False,False,False,False,True,True,2026-09-11
8619,8619.HK,NIU HOLDINGS,NIU HOLDINGS,0.33,"10,000",Equity,Equity Securities (GEM),0.075,0.075,0.075,0.075,50000,0.0,0.075,0.077,-0.27,-2.98,1.35,0.0,-8.54,0.3,3.9,32.0,0.3,3.9,-75.0,-98.08,-99.77,75.0,98.08,False,False,False,False,False,False,False,False,False,2026-09-11
8620,8620.HK,AE LOGISTICS,亚洲速运,0.94,"5,000",Equity,Equity Securities (GEM),0.15,0.15,0.15,0.15,90000,0.01,0.153,0.152,-2.22,-0.99,0.0,-5.66,0.67,0.25,0.5,0.7,0.25,0.5,-41.18,-70.0,-78.57,41.18,70.0,False,False,False,False,False,False,False,False,False,2026-09-11
8621,8621.HK,METROPOLIS CAP,METROPOLIS CAP,0.34,"8,000",Equity,Equity Securities (GEM),0.035,0.035,0.035,0.035,80000,0.0,0.035,0.035,0.0,0.86,0.0,0.0,0.0,0.1,0.1,1.2,0.1,0.1,-63.54,-63.54,-97.08,63.54,63.54,False,False,False,False,False,False,False,False,False,2026-09-11
8627,8627.HK,ORANGE TOUR,旅橙文化,0.5,"8,000",Equity,Equity Securities (GEM),0.062,0.062,0.062,0.062,168000,0.01,0.064,0.066,-2.52,-6.49,-3.13,-3.13,-10.14,0.17,0.17,1.62,0.17,0.17,-63.53,-63.53,-96.17,63.53,63.53,False,False,False,False,False,False,False,False,False,2026-09-11
8635,8635.HK,ELEPHANT HLDGS,大象控股集团,2.09,"4,000",Equity,Equity Securities (GEM),0.385,0.31,0.385,0.31,1944000,0.75,0.333,0.312,15.62,23.2,16.67,22.22,24.19,0.79,1.84,1.84,0.79,1.84,-51.27,-79.08,-79.08,51.27,79.08,True,False,False,True,False,False,False,False,False,2026-09-11
8637,8637.HK,METASURFACE,元续科技,5.4,"1,000",Equity,Equity Securities (GEM),3.63,3.63,3.675,3.6,285000,1.03,3.593,3.508,1.03,3.48,4.16,0.55,1.97,4.3,4.3,4.3,4.3,4.3,-14.53,-14.53,-14.53,15.58,15.58,False,False,False,False,False,False,False,False,False,2026-09-11
8646,8646.HK,CHINA HONGGUANG,中国宏光,1.95,"3,000",Equity,Equity Securities (GEM),0.249,0.232,0.255,0.232,11478000,2.86,0.263,0.244,-5.18,1.97,2.05,-9.45,9.21,0.44,0.63,4.12,0.44,0.63,-42.05,-59.52,-93.81,43.41,60.48,False,False,False,False,False,False,False,False,False,2026-09-11
8657,8657.HK,TRUE PARTNER,TRUE PARTNER,1.71,"2,000",Equity,Equity Securities (GEM),0.28,0.29,0.29,0.28,48000,0.01,0.286,0.288,-2.1,-2.95,-3.45,-3.45,-6.67,0.48,0.6,1.41,0.48,0.6,-39.58,-51.67,-79.43,41.67,53.33,False,False,False,False,False,False,False,False,False,2026-09-11
8659,8659.HK,YIK WO INTL,易和国际控股,0.93,"5,000",Equity,Equity Securities (GEM),0.113,0.119,0.119,0.111,325000,0.04,0.117,0.12,-3.25,-5.44,-5.83,-0.88,-5.04,0.17,0.82,1.42,0.17,0.82,-28.31,-85.49,-91.62,31.93,86.22,False,False,False,False,False,False,False,False,False,2026-09-11
9600,9600.HK,NEWLINK TECH,新纽科技,1.39,800,Equity,Equity Securities (Main Board),0.139,0.135,0.139,0.134,142400,0.02,0.141,0.142,-1.14,-1.91,-1.42,-0.71,-0.71,0.34,2.72,4.76,0.34,2.72,-59.71,-94.89,-97.08,59.71,94.89,False,False,False,False,False,False,False,False,False,2026-09-11
9606,9606.HK,DUALITYBIO-B,映恩生物－Ｂ,153.24,100,Equity,Equity Securities (Main Board),168.7,171.4,171.4,163.1,958927,161.77,177.9,179.4,-5.17,-5.96,-0.94,-9.59,-6.64,376.8,563.5,563.5,376.8,563.5,-54.51,-69.58,-69.58,55.23,70.06,False,False,False,False,False,False,False,False,False,2026-09-11
9609,9609.HK,HAIWEI ELEC,海伟股份,4.78,200,Equity,Equity Securities (Main Board),7.22,7.575,7.575,7.2,2200,0.02,7.526,7.595,-4.07,-4.94,-4.75,-5.12,-5.06,12.66,13.5,13.5,12.66,13.5,-40.17,-43.89,-43.89,42.97,46.52,False,False,False,False,False,False,False,False,False,2026-09-11
9611,9611.HK,LONGCHEER,龙旗科技,10.69,100,Equity,Equity Securities (Main Board),20.58,21.2,21.2,20.34,332200,6.84,21.616,21.986,-4.79,-6.39,-3.29,-6.11,-9.74,36.86,36.86,36.86,36.86,36.86,-42.49,-42.49,-42.49,44.17,44.17,False,False,False,False,False,False,False,False,False,2026-09-11
9616,9616.HK,NEUTECH GROUP,东软睿新集团,11.89,800,Equity,Equity Securities (Main Board),1.84,1.86,1.86,1.76,47200,0.09,1.813,1.809,1.49,1.71,1.38,1.66,2.22,2.6,3.98,7.94,2.6,3.98,-28.46,-53.27,-76.57,29.23,53.77,False,False,False,True,False,False,False,False,False,2026-09-11
9618,9618.HK,JD-SW,京东集团－ＳＷ,2512.94,50,Equity,Equity Securities (Main Board),106.2,105.2,106.7,104.3,8242128,875.31,107.08,108.21,-0.82,-1.86,0.66,-2.21,-3.8,132.5,192.3,422.8,132.5,192.3,-19.47,-44.51,-74.76,19.85,44.77,False,False,False,False,False,False,False,False,False,2026-09-11
9626,9626.HK,BILIBILI-W,哔哩哔哩－Ｗ,413.23,20,Equity,Equity Securities (Main Board),121.9,120.0,122.0,117.7,6126156,746.78,123.3,123.38,-1.14,-1.2,0.08,-1.69,0.41,285.6,285.6,1052.0,285.6,285.6,-57.28,-57.28,-88.4,57.32,57.32,False,False,False,False,False,False,False,False,False,2026-09-11
9630,9630.HK,CFMEE,芯碁微装,51.17,50,Equity,Equity Securities (Main Board),346.6,328.8,353.0,318.0,370450,128.4,347.04,335.16,-0.13,3.41,3.77,1.52,9.27,555.0,555.0,555.0,555.0,555.0,-36.4,-36.4,-36.4,37.55,37.55,False,False,False,False,False,False,False,False,False,2026-09-11
9633,9633.HK,NONGFU SPRING,农夫山泉,1988.69,200,Equity,Equity Securities (Main Board),39.5,39.2,39.72,38.96,4316188,170.49,40.52,41.29,-2.52,-4.34,-0.2,-3.89,-6.84,51.85,56.25,68.75,51.85,56.25,-23.39,-29.39,-42.23,23.82,29.78,False,False,False,False,False,False,False,False,False,2026-09-11
9636,9636.HK,JF SMARTINVEST,九方智投控股,132.39,100,Equity,Equity Securities (Main Board),28.58,29.1,29.4,27.92,1202800,34.38,29.376,29.116,-2.71,-1.84,-3.97,-1.92,-4.99,67.45,84.05,84.05,67.45,84.05,-56.41,-65.02,-65.02,57.63,66.0,False,False,False,False,False,False,False,False,False,2026-09-11
9637,9637.HK,ALEBUND-B,礼邦医药－Ｂ,56.6,100,Equity,Equity Securities (Main Board),24.02,25.0,25.3,23.82,563500,13.54,25.928,27.778,-7.36,-13.53,-3.92,-14.15,-16.6,46.82,46.82,46.82,46.82,46.82,-45.96,-45.96,-45.96,48.7,48.7,False,False,False,False,False,False,False,False,False,2026-09-11
9658,9658.HK,SUPER HI,特海国际,60.35,"1,000",Equity,Equity Securities (Main Board),9.28,9.385,9.69,9.2,267000,2.48,9.511,9.798,-2.43,-5.29,-1.12,-4.53,-6.26,13.99,24.1,24.3,13.99,24.1,-30.74,-59.79,-60.12,33.67,61.49,False,False,False,False,False,False,False,False,False,2026-09-11
9660,9660.HK,HORIZONROBOT-W,地平线机器人－Ｗ,582.08,600,Equity,Equity Securities (Main Board),4.23,4.18,4.27,4.075,120859409,511.24,4.334,4.401,-2.4,-3.9,-0.47,-4.3,-2.87,9.8,11.32,11.32,9.8,11.32,-56.43,-62.28,-62.28,56.84,62.63,False,False,False,False,False,False,False,False,False,2026-09-11
9663,9663.HK,SINOSYNERGY,国鸿氢能,8.1,500,Equity,Equity Securities (Main Board),2.1,2.33,2.44,2.0,401000,0.84,2.315,2.341,-9.29,-10.29,-8.7,-11.95,-9.87,5.33,26.45,26.45,5.33,26.45,-54.22,-90.78,-90.78,60.6,92.06,False,False,False,False,False,False,False,False,False,2026-09-11
9668,9668.HK,CBHB,渤海银行,52.39,500,Equity,Equity Securities (Main Board),0.845,0.86,0.865,0.845,1711000,1.45,0.859,0.853,-1.63,-0.88,-2.31,-1.17,-1.17,1.02,1.31,5.82,1.02,1.31,-15.2,-33.97,-85.14,17.16,35.5,False,False,False,False,False,False,False,False,False,2026-09-11
9669,9669.HK,BEISEN HOLDING,北森控股,21.55,200,Equity,Equity Securities (Main Board),2.99,2.96,3.025,2.96,711400,2.13,3.066,3.132,-2.48,-4.52,-1.81,-3.55,-6.56,7.59,9.72,29.8,7.59,9.72,-60.14,-68.88,-89.85,60.61,69.24,False,False,False,False,False,False,False,False,False,2026-09-11
9676,9676.HK,SHIYUE DAOTIAN,十月稻田,45.76,300,Equity,Equity Securities (Main Board),4.33,4.22,4.385,4.215,149400,0.65,4.475,4.587,-3.24,-5.6,-0.57,-3.35,-6.78,9.77,100.0,100.0,9.77,100.0,-55.12,-95.61,-95.61,55.68,95.67,False,False,False,False,False,False,False,False,False,2026-09-11
9678,9678.HK,UNISOUND,云知声,32.48,20,Equity,Equity Securities (Main Board),72.0,78.5,80.4,70.65,2954704,212.74,83.09,81.91,-13.35,-12.1,-8.28,-21.48,-16.28,443.8,879.0,879.0,443.8,879.0,-81.88,-90.85,-90.85,83.78,91.81,False,False,False,False,False,False,False,False,False,2026-09-11
9680,9680.HK,CHENQI TECH,如祺出行,13.27,100,Equity,Equity Securities (Main Board),6.5,7.76,7.78,5.98,3900,0.03,7.542,7.514,-13.82,-13.49,-16.45,-16.67,-17.41,9.96,40.05,40.05,9.96,40.05,-21.89,-80.57,-80.57,34.74,83.77,False,False,False,False,False,False,False,False,False,2026-09-11
9686,9686.HK,XIKANG CLOUD,熙康云医院,8.42,500,Equity,Equity Securities (Main Board),1.0,1.0,1.0,1.0,16500,0.02,0.99,0.957,1.01,4.55,0.0,2.04,8.11,1.03,3.7,3.7,1.03,3.7,-2.91,-72.97,-72.97,2.91,72.97,False,False,False,False,False,False,False,True,False,2026-09-11
9688,9688.HK,ZAI LAB,再鼎医药,215.5,100,Equity,Equity Securities (Main Board),18.94,18.68,19.25,18.65,12217468,231.4,19.558,19.935,-3.16,-4.99,0.91,-5.3,-8.77,21.42,35.5,151.2,21.42,35.5,-10.13,-45.77,-87.27,11.58,46.65,False,False,False,False,False,False,False,False,False,2026-09-11
9690,9690.HK,TUHU-W,途虎－Ｗ,93.88,100,Equity,Equity Securities (Main Board),12.42,12.7,12.7,12.18,1389200,17.25,12.57,12.496,-1.19,-0.61,-1.11,-2.59,-1.11,16.74,37.7,37.7,16.74,37.7,-24.13,-66.31,-66.31,25.81,67.06,False,False,False,False,False,False,False,False,False,2026-09-11
9696,9696.HK,TIANQI LITHIUM,天齐锂业,75.14,200,Equity,Equity Securities (Main Board),31.82,32.68,32.78,30.66,7875376,250.59,33.944,35.236,-6.26,-9.69,-5.47,-8.46,-7.77,69.15,69.15,88.75,69.15,69.15,-52.6,-52.6,-63.06,53.98,53.98,False,False,False,False,False,False,False,False,False,2026-09-11
9698,9698.HK,GDS-SW,万国数据－ＳＷ,460.77,100,Equity,Equity Securities (Main Board),30.5,30.68,30.72,29.82,2310031,70.46,30.888,30.816,-1.26,-1.03,-3.24,0.2,-0.97,46.94,48.9,118.7,46.94,48.9,-34.55,-37.18,-74.12,35.02,37.63,False,False,False,False,False,False,False,False,False,2026-09-11
9699,9699.HK,SF INTRA-CITY,顺丰同城,67.38,200,Equity,Equity Securities (Main Board),9.11,8.58,9.2,8.58,4395200,40.04,8.782,8.625,3.73,5.62,5.32,4.11,4.23,16.27,19.26,19.26,16.27,19.26,-43.45,-52.23,-52.23,44.01,52.7,False,False,False,True,False,False,False,False,False,2026-09-11
9858,9858.HK,YOURAN DAIRY,优然牧业,199.64,"1,000",Equity,Equity Securities (Main Board),4.445,4.43,4.545,4.34,17966000,79.86,4.419,4.347,0.59,2.25,-0.11,1.83,-1.44,5.29,5.29,6.49,5.29,5.29,-14.08,-14.08,-29.97,15.97,15.97,False,False,False,True,False,False,False,False,False,2026-09-11
9860,9860.HK,ADICON HOLDINGS,艾迪康控股,29.03,500,Equity,Equity Securities (Main Board),4.0,4.09,4.1,3.82,61500,0.25,3.991,3.92,0.23,2.05,-0.12,0.25,-0.99,7.4,19.18,19.18,7.4,19.18,-44.59,-78.62,-78.62,45.95,79.14,False,False,True,True,False,False,False,False,False,2026-09-11
9863,9863.HK,LEAPMOTOR,零跑汽车,399.26,100,Equity,Equity Securities (Main Board),35.3,34.84,35.3,34.28,4667340,164.76,35.46,36.226,-0.45,-2.56,0.34,-0.23,-6.56,57.8,76.3,76.3,57.8,76.3,-38.93,-53.74,-53.74,38.93,53.74,False,False,False,False,False,False,False,False,False,2026-09-11
9866,9866.HK,NIO-SW,蔚来－ＳＷ,673.46,10,Equity,Equity Securities (Main Board),28.52,27.98,28.72,27.68,4448483,126.87,28.944,29.818,-1.46,-4.35,0.49,-1.25,-3.32,54.95,85.25,199.2,54.95,85.25,-47.73,-66.31,-85.58,48.1,66.55,False,False,False,False,False,False,False,False,False,2026-09-11
9868,9868.HK,XPENG-W,小鹏集团－Ｗ,647.97,100,Equity,Equity Securities (Main Board),41.34,40.5,41.52,40.2,10265404,424.37,41.924,42.856,-1.39,-3.54,-0.62,-2.45,-4.75,84.6,110.8,220.0,84.6,110.8,-50.92,-62.53,-81.13,51.13,62.69,False,False,False,False,False,False,False,False,False,2026-09-11
9869,9869.HK,HELENS,海伦司,15.94,500,Equity,Equity Securities (Main Board),1.26,1.235,1.265,1.205,263000,0.33,1.33,1.433,-5.26,-12.07,1.61,-8.03,-10.95,2.12,7.71,25.75,2.12,7.71,-40.33,-83.59,-95.09,40.57,83.66,False,False,False,False,False,False,False,False,False,2026-09-11
9876,9876.HK,OCEAN ONE HLDG,大洋环球控股,8.54,"2,000",Equity,Equity Securities (Main Board),3.05,3.09,3.09,3.05,100000,0.3,2.809,2.637,8.58,15.66,-1.45,19.37,25.0,3.9,5.29,5.29,3.9,5.29,-20.77,-41.59,-41.59,21.79,42.34,False,False,False,False,False,False,False,False,False,2026-09-11
9877,9877.HK,JENSCARE-B,健世科技－Ｂ,22.33,200,Equity,Equity Securities (Main Board),7.195,7.175,7.415,6.855,8800,0.06,7.255,7.324,-0.83,-1.75,0.28,-2.24,-2.77,10.02,43.5,94.7,10.02,43.5,-26.0,-82.95,-92.17,28.19,83.46,False,False,False,False,False,False,False,False,False,2026-09-11
9878,9878.HK,HUITONGDA NET,汇通达网络,36.95,100,Equity,Equity Securities (Main Board),6.99,7.305,7.41,6.9,531800,3.72,7.567,7.84,-7.63,-10.85,-4.9,-10.73,-13.28,11.86,33.45,64.7,11.86,33.45,-37.52,-77.85,-88.55,41.06,79.1,False,False,False,False,False,False,False,False,False,2026-09-11
9879,9879.HK,MIGAO GROUP,米高集团,82.67,"1,000",Equity,Equity Securities (Main Board),9.095,9.15,9.185,9.01,468000,4.26,9.135,9.157,-0.44,-0.68,-0.71,-1.94,-1.46,9.77,9.77,9.77,9.77,9.77,-5.99,-5.99,-5.99,6.91,6.91,False,False,False,False,False,False,False,True,True,2026-09-11
9880,9880.HK,UBTECH ROBOTICS,优必选,341.57,50,Equity,Equity Securities (Main Board),77.95,80.0,80.0,74.9,9365515,730.04,82.85,82.445,-5.91,-5.45,-3.29,-7.86,-8.99,156.4,328.0,328.0,156.4,328.0,-48.85,-75.61,-75.61,50.16,76.23,False,False,False,False,False,False,False,False,False,2026-09-11
9885,9885.HK,YSB,药师帮,24.13,200,Equity,Equity Securities (Main Board),3.485,3.595,3.595,3.48,547000,1.91,3.531,3.583,-1.3,-2.72,-2.65,-0.99,-5.3,6.67,59.55,64.5,6.67,59.55,-46.1,-93.96,-94.43,47.75,94.15,False,False,False,False,False,False,False,False,False,2026-09-11
9886,9886.HK,DINGDANG HEALTH,叮当健康,9.83,500,Equity,Equity Securities (Main Board),0.795,0.8,0.81,0.775,749000,0.6,0.808,0.84,-1.61,-5.36,-0.62,-0.62,-6.47,1.26,2.63,20.2,1.26,2.63,-35.71,-69.2,-95.99,36.9,69.77,False,False,False,False,False,False,False,False,False,2026-09-11
9887,9887.HK,LEADS BIOLABS-B,维立志博－Ｂ,119.0,100,Equity,Equity Securities (Main Board),60.2,62.0,62.35,60.1,1267064,76.28,62.18,64.945,-3.18,-7.31,-2.9,-4.9,-5.94,97.5,97.5,97.5,97.5,97.5,-36.05,-36.05,-36.05,38.26,38.26,False,False,False,False,False,False,False,False,False,2026-09-11
9888,9888.HK,BIDU-W,百度集团－Ｗ,1958.42,50,Equity,Equity Securities (Main Board),89.1,88.25,90.0,88.0,11642495,1037.35,90.28,92.105,-1.31,-3.26,-0.06,-0.5,-7.09,161.2,161.2,256.6,161.2,161.2,-44.17,-44.17,-64.93,44.73,44.73,False,False,False,False,False,False,False,False,False,2026-09-11
9889,9889.HK,DRCB,东莞农商银行,36.28,"1,000",Equity,Equity Securities (Main Board),3.16,3.18,3.185,3.16,301000,0.95,3.193,3.21,-1.03,-1.56,-0.78,-1.25,-1.56,3.85,7.33,8.4,3.85,7.33,-17.27,-56.55,-62.08,17.92,56.89,False,False,False,False,False,False,False,False,False,2026-09-11
9890,9890.HK,TANWAN,贪玩,47.81,200,Equity,Equity Securities (Main Board),9.225,9.6,9.6,9.225,796800,7.35,9.89,10.149,-6.72,-9.1,-4.06,-8.93,-10.61,21.72,72.45,72.45,21.72,72.45,-55.8,-86.75,-86.75,57.53,87.27,False,False,False,False,False,False,False,False,False,2026-09-11
9893,9893.HK,PIZU GROUP,比优集团,56.41,"20,000",Equity,Equity Securities (Main Board),1.585,1.65,1.65,1.58,60000,0.1,1.569,1.602,1.02,-1.06,0.32,1.6,2.26,2.19,2.19,2.19,2.19,2.19,-24.66,-24.66,-24.66,27.63,27.63,True,True,False,False,False,False,False,False,False,2026-09-11
9896,9896.HK,MNSO,名创优品,212.82,200,Equity,Equity Securities (Main Board),17.8,17.82,17.88,17.51,3791591,67.49,18.244,18.485,-2.43,-3.71,0.0,-3.68,-5.57,40.3,59.85,59.85,40.3,59.85,-55.63,-70.13,-70.13,55.83,70.26,False,False,False,False,False,False,False,False,False,2026-09-11
9898,9898.HK,WB-SW,微博－ＳＷ,81.85,20,Equity,Equity Securities (Main Board),51.85,51.95,52.25,51.15,99531,5.16,52.26,52.83,-0.78,-1.86,-0.67,-0.67,-2.9,88.5,103.7,275.0,88.5,103.7,-40.96,-49.61,-81.0,41.41,50.0,False,False,False,False,False,False,False,False,False,2026-09-11
9899,9899.HK,NETEASE MUSIC,网易云音乐,182.67,50,Equity,Equity Securities (Main Board),86.85,86.1,87.8,84.75,543352,47.19,87.95,88.83,-1.25,-2.23,0.87,-3.34,-3.87,201.8,303.4,303.4,201.8,303.4,-56.49,-71.06,-71.06,56.96,71.37,False,False,False,False,False,False,False,False,False,2026-09-11
9900,9900.HK,ZCLOUD TECH CON,智云科技建设,158.17,"4,000",Equity,Equity Securities (Main Board),5.315,5.15,5.315,5.095,2116000,11.25,5.322,5.402,-0.13,-1.6,2.71,-1.57,1.24,7.72,7.72,7.72,7.72,7.72,-31.15,-31.15,-31.15,31.15,31.15,False,False,False,False,False,False,False,False,False,2026-09-11
9901,9901.HK,NEW ORIENTAL-S,新东方－Ｓ,687.19,100,Equity,Equity Securities (Main Board),43.18,42.5,43.18,42.5,3178561,137.25,44.268,45.05,-2.46,-4.15,-0.14,-4.72,-6.54,51.05,77.05,158.8,51.05,77.05,-15.42,-43.96,-72.81,15.42,43.96,False,False,False,False,False,False,False,False,False,2026-09-11
9903,9903.HK,ILUVATAR COREX,天数智芯,810.03,100,Equity,Equity Securities (Main Board),311.6,320.8,321.0,301.0,2224853,693.26,328.84,356.64,-5.24,-12.63,-2.93,-8.14,-18.77,887.5,887.5,887.5,887.5,887.5,-63.83,-63.83,-63.83,64.89,64.89,False,False,False,False,False,False,False,False,False,2026-09-11
9908,9908.HK,JIAXING GAS,嘉兴燃气,2.95,500,Equity,Equity Securities (Main Board),7.795,7.7,7.795,7.7,1272000,9.92,7.787,8.023,0.1,-2.84,-0.06,0.58,-1.58,9.1,9.1,14.92,9.1,9.1,-14.34,-14.34,-47.75,14.34,14.34,False,False,False,False,False,False,False,False,False,2026-09-11
9909,9909.HK,POWERLONG CM,宝龙商业,11.99,500,Equity,Equity Securities (Main Board),1.865,1.83,1.875,1.83,47500,0.09,1.871,1.898,-0.32,-1.74,1.63,-2.1,-0.27,2.84,3.85,31.65,2.84,3.85,-33.98,-51.3,-94.08,34.33,51.56,False,False,False,False,False,False,False,False,False,2026-09-11
9911,9911.HK,NEWBORNTOWN,赤子城科技,132.68,"2,000",Equity,Equity Securities (Main Board),9.475,9.08,9.62,9.08,11722886,111.07,9.123,8.94,3.86,5.98,1.55,7.55,5.93,14.09,14.09,14.09,14.09,14.09,-31.72,-31.72,-31.72,32.75,32.75,True,False,False,False,False,False,False,False,False,2026-09-11
9913,9913.HK,CHI KAN HLDGS,智勤控股,21.65,"4,000",Equity,Equity Securities (Main Board),2.165,2.145,2.3,2.145,40000,0.09,2.169,2.187,-0.18,-1.01,0.93,-0.92,-1.37,2.6,3.5,4.05,2.6,3.5,-11.54,-34.29,-43.21,16.73,38.14,False,False,False,False,False,False,False,False,False,2026-09-11
9916,9916.HK,XINGYE WULIAN,兴业物联,1.46,"2,000",Equity,Equity Securities (Main Board),0.365,0.375,0.37,0.37,82000,0.03,0.369,0.37,-1.08,-1.22,-2.67,0.0,-1.35,0.42,0.85,2.31,0.42,0.85,-11.9,-56.47,-83.98,13.1,57.06,False,False,False,False,False,False,False,False,False,2026-09-11
9919,9919.HK,ACTIVATION GP,艾德韦宣集团,5.77,"2,000",Equity,Equity Securities (Main Board),0.775,0.775,0.775,0.775,6000,0.0,0.777,0.782,-0.26,-0.96,-0.64,-0.64,-1.9,1.07,1.52,2.03,1.07,1.52,-27.57,-49.01,-61.82,27.57,49.01,False,False,False,False,False,False,False,False,False,2026-09-11
9922,9922.HK,JIUMAOJIU,九毛九,13.98,"1,000",Equity,Equity Securities (Main Board),1.045,1.04,1.055,1.025,1722000,1.8,1.078,1.107,-3.06,-5.6,0.48,-6.28,-7.93,2.33,12.52,38.7,2.33,12.52,-54.72,-91.57,-97.27,55.15,91.65,False,False,False,False,False,False,False,False,False,2026-09-11
9923,9923.HK,YEAHKA,移卡,19.27,400,Equity,Equity Securities (Main Board),4.185,4.02,4.195,3.95,372000,1.56,4.253,4.358,-1.6,-3.97,-0.24,-2.33,-5.42,9.06,16.58,122.7,9.06,16.58,-53.7,-74.7,-96.58,53.81,74.76,False,False,False,False,False,False,False,False,False,2026-09-11
9926,9926.HK,AKESO,康方生物,831.79,"1,000",Equity,Equity Securities (Main Board),90.3,92.45,92.7,90.25,11026875,995.73,94.23,92.65,-4.17,-2.54,-3.53,-6.13,-10.77,156.0,179.0,179.0,156.0,179.0,-40.58,-48.21,-48.21,42.12,49.55,False,False,False,False,False,False,False,False,False,2026-09-11
9927,9927.HK,SERES,赛力斯,39.08,100,Equity,Equity Securities (Main Board),35.98,35.6,35.98,35.02,779300,28.04,36.776,37.88,-2.16,-5.02,0.11,-4.05,-6.74,113.3,131.5,131.5,113.3,131.5,-68.24,-72.64,-72.64,68.24,72.64,False,False,False,False,False,False,False,False,False,2026-09-11
9928,9928.HK,TIMES NEIGHBOR,时代邻里,4.78,"1,000",Equity,Equity Securities (Main Board),0.485,0.49,0.49,0.48,508000,0.25,0.49,0.49,-1.02,-1.02,-1.02,-1.02,0.0,0.61,0.86,13.74,0.61,0.86,-19.67,-43.02,-96.43,20.49,43.6,False,False,False,False,False,False,False,False,False,2026-09-11
9929,9929.HK,SEM HLDGS,澳达控股,30.0,"10,000",Equity,Equity Securities (Main Board),1.5,1.58,1.58,1.46,2530000,3.79,1.55,1.561,-3.23,-3.88,-3.54,-1.96,-0.66,2.42,2.42,2.42,2.42,2.42,-34.71,-34.71,-34.71,38.02,38.02,False,False,False,False,False,False,False,False,False,2026-09-11
9936,9936.HK,XIMEI RESOURCES,稀美资源,55.61,500,Equity,Equity Securities (Main Board),13.43,14.21,14.23,13.15,1393500,18.71,14.27,14.253,-5.89,-5.77,-8.83,-3.8,0.52,24.2,24.2,24.2,24.2,24.2,-41.2,-41.2,-41.2,44.5,44.5,False,False,False,False,False,False,False,False,False,2026-09-11
9938,9938.HK,WAH WO HOLDINGS,华和控股,2.7,"5,000",Equity,Equity Securities (Main Board),0.27,0.27,0.275,0.25,510000,0.14,0.269,0.271,0.37,-0.37,-1.82,1.89,-1.82,0.4,0.4,2.79,0.4,0.4,-31.25,-31.25,-90.14,32.5,32.5,False,False,True,False,False,False,False,False,False,2026-09-11
9939,9939.HK,KINTOR PHARMA-B,开拓药业－Ｂ,9.23,500,Equity,Equity Securities (Main Board),1.85,1.88,1.9,1.83,580500,1.07,1.873,1.836,-1.23,0.76,-1.6,-1.6,1.65,4.7,4.7,89.0,4.7,4.7,-59.57,-59.57,-97.87,60.64,60.64,False,False,False,False,False,False,False,False,False,2026-09-11
9955,9955.HK,CLOUDR,智云健康,3.29,100,Equity,Equity Securities (Main Board),0.51,0.5,0.51,0.5,89300,0.05,0.503,0.501,1.39,1.69,0.99,2.0,4.08,1.08,7.53,30.7,1.08,7.53,-52.78,-93.23,-98.34,52.78,93.23,False,False,False,True,False,False,False,False,False,2026-09-11
9958,9958.HK,LITIAN PICTURES,力天影业,0.63,"1,000",Equity,Equity Securities (Main Board),0.126,0.125,0.129,0.123,300000,0.04,0.127,0.134,-0.63,-5.62,-1.56,0.8,0.0,0.25,5.31,5.31,0.25,5.31,-48.19,-97.57,-97.57,49.4,97.63,False,False,False,False,False,False,False,False,False,2026-09-11
9959,9959.HK,LINKLOGIS-W,联易融科技－Ｗ,41.78,500,Equity,Equity Securities (Main Board),2.215,2.22,2.28,2.18,7059000,15.64,2.208,2.251,0.32,-1.6,0.45,1.84,-2.64,2.69,3.64,25.1,2.69,3.64,-15.24,-37.36,-90.92,17.66,39.15,False,False,False,False,False,False,False,False,False,2026-09-11
9960,9960.HK,KINDSTAR GLOBAL,康圣环球,9.5,500,Equity,Equity Securities (Main Board),0.92,0.95,0.95,0.92,256500,0.24,0.932,0.956,-1.29,-3.82,-2.65,0.0,-2.65,1.3,1.79,9.78,1.3,1.79,-26.92,-46.93,-90.29,29.23,48.6,False,False,False,False,False,False,False,False,False,2026-09-11
9961,9961.HK,TRIP.COM-S,携程集团－Ｓ,1925.64,50,Equity,Equity Securities (Main Board),305.8,304.8,307.4,303.8,3630367,1110.17,316.4,328.48,-3.35,-6.9,-0.97,-5.68,-6.08,613.0,613.0,613.0,613.0,613.0,-49.85,-49.85,-49.85,50.11,50.11,False,False,False,False,False,False,False,False,False,2026-09-11
9963,9963.HK,TRANSTECH OPTEL,高科桥光导,38.35,"2,000",Equity,Equity Securities (Main Board),9.9,10.19,10.38,9.9,144000,1.43,10.278,10.317,-3.68,-4.04,-2.85,-3.79,-3.98,13.48,13.48,13.48,13.48,13.48,-23.0,-23.0,-23.0,26.56,26.56,False,False,False,False,False,False,False,False,False,2026-09-11
9966,9966.HK,ALPHAMAB-B,康宁杰瑞制药－Ｂ,77.1,"1,000",Equity,Equity Securities (Main Board),7.97,8.115,8.125,7.825,1230000,9.8,8.333,8.526,-4.36,-6.52,-4.32,-4.09,-9.12,12.2,15.75,28.7,12.2,15.75,-33.4,-48.41,-71.69,34.67,49.4,False,False,False,False,False,False,False,False,False,2026-09-11
9968,9968.HK,HUIJING HLDGS,汇景控股,3.26,"2,000",Equity,Equity Securities (Main Board),0.062,0.057,0.063,0.055,14606000,0.91,0.058,0.057,6.53,8.2,8.77,8.77,14.81,0.07,0.07,2.89,0.07,0.07,-10.0,-10.0,-97.82,11.43,11.43,False,False,True,True,False,False,False,False,False,2026-09-11
9969,9969.HK,INNOCARE,诺诚健华,202.26,"1,000",Equity,Equity Securities (Main Board),13.54,13.56,13.82,13.23,9319058,126.18,14.254,14.419,-5.01,-6.1,-1.1,-8.27,-11.91,16.04,20.62,32.05,16.04,20.62,-13.84,-32.98,-56.88,15.59,34.34,False,False,False,False,False,False,False,False,False,2026-09-11
9971,9971.HK,BASICSEMI,基本半导体,132.27,200,Equity,Equity Securities (Main Board),46.0,41.58,46.96,41.58,429400,19.75,43.46,42.172,5.84,9.08,10.63,5.55,8.24,73.5,73.5,73.5,73.5,73.5,-36.11,-36.11,-36.11,37.41,37.41,False,False,False,True,False,False,False,False,False,2026-09-11
9973,9973.HK,CHERY AUTO,奇瑞汽车,587.28,100,Equity,Equity Securities (Main Board),24.94,24.9,25.04,24.5,824136,20.55,25.056,25.274,-0.46,-1.32,0.16,-0.24,-1.66,34.06,34.98,34.98,34.06,34.98,-26.48,-28.42,-28.42,26.78,28.7,False,False,False,False,False,False,False,False,False,2026-09-11
9978,9978.HK,FINELAND LIVING,方圆生活服务,11.66,"4,000",Equity,Equity Securities (Main Board),2.915,2.12,3.075,2.075,6624000,19.31,2.209,1.751,31.96,66.48,37.5,43.24,102.43,2.15,2.15,2.15,3.08,3.08,42.69,42.69,42.69,5.2,5.2,False,False,False,False,True,True,True,True,True,2026-09-11
9979,9979.HK,GREENTOWN MGMT,绿城管理控股,38.2,"1,000",Equity,Equity Securities (Main Board),1.91,1.915,1.92,1.885,400000,0.76,1.919,1.933,-0.47,-1.22,-1.29,0.0,-2.05,3.39,7.98,7.98,3.39,7.98,-43.36,-75.94,-75.94,43.66,76.07,False,False,False,False,False,False,False,False,False,2026-09-11
9980,9980.HK,EASTROC,东鹏饮料,58.88,100,Equity,Equity Securities (Main Board),101.2,100.0,101.5,98.3,441470,44.68,102.0,104.14,-0.78,-2.82,0.9,-0.49,-1.94,227.69,227.69,227.69,227.69,227.69,-55.42,-55.42,-55.42,55.55,55.55,False,False,False,False,False,False,False,False,False,2026-09-11
9981,9981.HK,WOER,沃尔核材,14.14,200,Equity,Equity Securities (Main Board),10.1,9.95,10.34,9.695,5945200,60.05,10.043,9.969,0.57,1.31,1.3,1.87,2.02,23.48,23.48,23.48,23.48,23.48,-55.96,-55.96,-55.96,56.98,56.98,False,False,False,True,False,False,False,False,False,2026-09-11
9982,9982.HK,CENTRALCHINA MT,中原建业,4.64,"2,000",Equity,Equity Securities (Main Board),0.1,0.095,0.1,0.095,4872000,0.49,0.096,0.096,4.17,4.6,4.17,4.17,3.09,0.17,0.42,2.95,0.17,0.42,-39.39,-76.19,-96.61,39.39,76.19,False,False,True,True,False,False,False,False,False,2026-09-11
9983,9983.HK,CC NEW LIFE,建业新生活,3.64,"1,000",Equity,Equity Securities (Main Board),0.28,0.285,0.285,0.28,145000,0.04,0.29,0.293,-3.45,-4.44,-3.45,-3.45,-6.67,0.63,2.4,11.88,0.63,2.4,-54.76,-88.13,-97.6,55.56,88.33,False,False,False,False,False,False,False,False,False,2026-09-11
9985,9985.HK,WL DELICIOUS,卫龙美味,174.98,200,Equity,Equity Securities (Main Board),7.2,7.28,7.28,7.035,2424600,17.46,7.357,7.447,-2.13,-3.32,0.42,-4.89,-3.36,13.46,18.1,18.1,13.46,18.1,-45.91,-59.78,-59.78,46.51,60.22,False,False,False,False,False,False,False,False,False,2026-09-11
9987,9987.HK,YUM CHINA,百胜中国,1146.57,50,Equity,Equity Securities (Main Board),335.8,330.0,337.2,330.0,928962,311.95,338.0,343.62,-0.65,-2.28,1.57,-1.76,-2.84,451.2,459.8,544.0,451.2,459.8,-25.27,-26.66,-38.01,25.58,26.97,False,False,False,False,False,False,False,False,False,2026-09-11
9988,9988.HK,BABA-W,阿里巴巴－Ｗ,21376.36,100,Equity,Equity Securities (Main Board),107.5,105.0,107.7,104.7,56227973,6044.51,108.66,109.54,-1.07,-1.86,0.56,-1.83,-2.36,174.2,186.2,309.4,174.2,186.2,-38.17,-42.16,-65.19,38.29,42.27,False,False,False,False,False,False,False,False,False,2026-09-11
9989,9989.HK,HEPALINK,海普瑞,9.3,500,Equity,Equity Securities (Main Board),4.225,4.27,4.27,4.155,167000,0.71,4.253,4.256,-0.66,-0.73,-0.71,0.48,-0.12,5.67,7.26,19.48,5.67,7.26,-24.69,-41.18,-78.08,25.49,41.8,False,False,False,False,False,False,False,False,False,2026-09-11
9990,9990.HK,ARCHOSAUR GAMES,祖龙娱乐,13.53,"1,000",Equity,Equity Securities (Main Board),1.69,1.71,1.71,1.6,922000,1.56,1.732,1.784,-2.42,-5.24,-0.88,-2.87,-6.63,2.88,3.12,28.4,2.88,3.12,-40.63,-45.19,-93.98,41.32,45.83,False,False,False,False,False,False,False,False,False,2026-09-11
9991,9991.HK,BAOZUN-W,宝尊电商－Ｗ,11.66,100,Equity,Equity Securities (Main Board),7.235,6.89,7.235,6.89,300,0.0,7.405,7.464,-2.3,-3.07,-0.48,-3.53,-2.95,8.2,12.96,145.4,8.2,12.96,-11.77,-44.17,-95.02,11.77,44.17,False,False,False,False,False,False,False,False,False,2026-09-11
9992,9992.HK,POP MART,泡泡玛特,2037.62,200,Equity,Equity Securities (Main Board),153.0,152.7,153.9,150.7,4676376,715.49,154.74,154.66,-1.12,-1.07,0.2,-1.73,-0.65,274.2,339.8,339.8,274.2,339.8,-43.87,-54.71,-54.71,44.2,54.97,False,False,False,False,False,False,False,False,False,2026-09-11
9993,9993.HK,RADIANCE HLDGS,金辉控股,41.67,"1,000",Equity,Equity Securities (Main Board),1.03,1.045,1.045,1.01,41614000,42.86,1.078,1.107,-4.45,-6.96,-1.44,-7.21,-10.82,5.26,5.64,5.64,5.26,5.64,-80.13,-81.47,-81.47,80.42,81.74,False,False,False,False,False,False,False,False,False,2026-09-11
9995,9995.HK,REMEGEN,荣昌生物,153.83,500,Equity,Equity Securities (Main Board),73.75,73.8,74.3,71.75,2176512,160.52,76.42,78.285,-3.49,-5.79,-0.87,-5.45,-7.81,123.1,126.6,149.8,123.1,126.6,-39.64,-41.31,-50.4,40.09,41.75,False,False,False,False,False,False,False,False,False,2026-09-11
9996,9996.HK,PEIJIA-B,沛嘉医疗－Ｂ,32.29,"1,000",Equity,Equity Securities (Main Board),4.77,4.785,4.785,4.59,788000,3.76,4.908,4.974,-2.81,-4.09,-0.21,-5.73,-5.92,7.37,9.36,39.1,7.37,9.36,-35.07,-48.88,-87.76,35.28,49.04,False,False,False,False,False,False,False,False,False,2026-09-11
9998,9998.HK,KWAN YONG,光荣控股,3.44,"5,000",Equity,Equity Securities (Main Board),0.43,0.43,0.43,0.43,215000,0.09,0.423,0.417,1.65,3.24,1.18,1.18,4.88,0.6,0.6,1.23,0.6,0.6,-28.33,-28.33,-65.04,28.33,28.33,False,False,False,False,False,False,False,False,False,2026-09-11
9999,9999.HK,NTES,网易,5810.16,100,Equity,Equity Securities (Main Board),182.1,182.3,184.4,180.3,7879704,1434.89,184.86,186.44,-1.49,-2.33,-0.55,-3.24,-3.7,232.6,248.0,248.0,232.6,248.0,-20.72,-25.65,-25.65,21.71,26.57,False,False,False,False,False,False,False,False,False,2026-09-11
