code,yahoo,name_en,name_zh,board_lot,category,sub_category,market_cap_100m_hkd
0001,0001.HK,CKH HOLDINGS,长和,500,Equity,Equity Securities (Main Board),2677.2
0002,0002.HK,CLP HOLDINGS,中电控股,500,Equity,Equity Securities (Main Board),2004.74
0003,0003.HK,HK & CHINA GAS,香港中华煤气,"1,000",Equity,Equity Securities (Main Board),1362.17
0004,0004.HK,WHARF HOLDINGS,九龙仓集团,"1,000",Equity,Equity Securities (Main Board),576.98
0005,0005.HK,HSBC HOLDINGS,汇丰控股,400,Equity,Equity Securities (Main Board),28262.64
0006,0006.HK,POWER ASSETS,电能实业,500,Equity,Equity Securities (Main Board),1303.17
0008,0008.HK,PCCW,电讯盈科,"1,000",Equity,Equity Securities (Main Board),421.09
0010,0010.HK,HANG LUNG GROUP,恒隆集团,"1,000",Equity,Equity Securities (Main Board),168.02
0012,0012.HK,HENDERSON LAND,恒基地产,"1,000",Equity,Equity Securities (Main Board),1295.56
0013,0013.HK,HUTCHMED,和黄医药,500,Equity,Equity Securities (Main Board),183.54
0014,0014.HK,HYSAN DEV,希慎兴业,"1,000",Equity,Equity Securities (Main Board),163.6
0016,0016.HK,SHK PPT,新鸿基地产,500,Equity,Equity Securities (Main Board),3381.71
0017,0017.HK,NEW WORLD DEV,新世界发展,"1,000",Equity,Equity Securities (Main Board),156.03
0018,0018.HK,ORIENTAL M G,东方传媒集团,"2,000",Equity,Equity Securities (Main Board),5.06
0019,0019.HK,SWIRE PACIFIC A,太古股份公司Ａ,500,Equity,Equity Securities (Main Board),831.18
0020,0020.HK,SENSETIME-W,商汤－Ｗ,"1,000",Equity,Equity Securities (Main Board),544.27
0021,0021.HK,GREAT CHI HLDGS,大中华控股,"5,000",Equity,Equity Securities (Main Board),2.94
0022,0022.HK,MEXAN,茂盛控股,"2,000",Equity,Equity Securities (Main Board),0.69
0023,0023.HK,BANK OF E ASIA,东亚银行,200,Equity,Equity Securities (Main Board),483.04
0025,0025.HK,CHEVALIER INT'L,CHEVALIER INT'L,"2,000",Equity,Equity Securities (Main Board),14.4
0026,0026.HK,CHINA MOTOR BUS,中华汽车,200,Equity,Equity Securities (Main Board),26.59
0027,0027.HK,GALAXY ENT,银河娱乐,"1,000",Equity,Equity Securities (Main Board),1404.86
0028,0028.HK,TIAN AN,天安,"1,000",Equity,Equity Securities (Main Board),48.53
0029,0029.HK,DYNAMIC HOLD,达力集团,"2,000",Equity,Equity Securities (Main Board),22.13
0030,0030.HK,YNBY INTL,云白国际,"2,000",Equity,Equity Securities (Main Board),21.68
0031,0031.HK,CHINA AEROSPACE,航天控股,"2,000",Equity,Equity Securities (Main Board),14.65
0032,0032.HK,CROSS-HAR(HOLD),港通控股,"1,000",Equity,Equity Securities (Main Board),27.84
0033,0033.HK,INTL GENIUS,INTL GENIUS,"2,000",Equity,Equity Securities (Main Board),2.23
0034,0034.HK,KOWLOON DEV,九龙建业,"1,000",Equity,Equity Securities (Main Board),57.15
0035,0035.HK,FE CONSORT INTL,远东发展,"1,000",Equity,Equity Securities (Main Board),21.41
0036,0036.HK,FE HLDGS INTL,远东控股国际,"6,000",Equity,Equity Securities (Main Board),0.9
0037,0037.HK,FE HOTELS,远东酒店实业,"2,000",Equity,Equity Securities (Main Board),3.69
0038,0038.HK,FIRST TRACTOR,第一拖拉机股份,"2,000",Equity,Equity Securities (Main Board),37.06
0039,0039.HK,CH BEIDAHUANG,中国北大荒,"8,000",Equity,Equity Securities (Main Board),3.62
0040,0040.HK,GOLD PEAK,金山科技工业,"1,000",Equity,Equity Securities (Main Board),6.18
0041,0041.HK,GREAT EAGLE H,鹰君,"1,000",Equity,Equity Securities (Main Board),112.99
0042,0042.HK,NE ELECTRIC,东北电气,"2,000",Equity,Equity Securities (Main Board),0.62
0045,0045.HK,HK&S HOTELS,大酒店,500,Equity,Equity Securities (Main Board),92.02
0048,0048.HK,C AUTO INT DECO,中国汽车内饰,"10,000",Equity,Equity Securities (Main Board),1.66
0050,0050.HK,HK FERRY (HOLD),香港小轮（集团）,"1,000",Equity,Equity Securities (Main Board),17.53
0051,0051.HK,HARBOUR CENTRE,海港企业,"1,000",Equity,Equity Securities (Main Board),30.58
0052,0052.HK,FAIRWOOD HOLD,大快活集团,500,Equity,Equity Securities (Main Board),5.78
0053,0053.HK,GUOCO GROUP,国浩集团,"1,000",Equity,Equity Securities (Main Board),233.63
0055,0055.HK,NEWAY GROUP,中星集团控股,"10,000",Equity,Equity Securities (Main Board),0.35
0057,0057.HK,CHEN HSONG HOLD,震雄集团,"2,000",Equity,Equity Securities (Main Board),9.46
0058,0058.HK,SUNWAY INT'L,新威国际,"20,000",Equity,Equity Securities (Main Board),1.24
0059,0059.HK,SKYFAME REALTY,天誉置业,"2,000",Equity,Equity Securities (Main Board),0.84
0060,0060.HK,HK FOOD INV,香港食品投资,"2,000",Equity,Equity Securities (Main Board),1.44
0061,0061.HK,GREEN LEADER,绿领控股,"10,000",Equity,Equity Securities (Main Board),0.24
0062,0062.HK,TRANSPORT INT'L,载通,400,Equity,Equity Securities (Main Board),47.79
0063,0063.HK,CHI ASIA VALLEY,中亚烯谷集团,"1,000",Equity,Equity Securities (Main Board),2.41
0064,0064.HK,GET NICE,结好控股,"2,000",Equity,Equity Securities (Main Board),23.52
0065,0065.HK,GRAND OCEAN AR,弘海高新资源,"4,000",Equity,Equity Securities (Main Board),0.69
0066,0066.HK,MTR CORPORATION,港铁公司,500,Equity,Equity Securities (Main Board),2089.05
0068,0068.HK,MANYCORE TECH,MANYCORE TECH,500,Equity,Equity Securities (Main Board),172.19
0069,0069.HK,SHANGRI-LA ASIA,香格里拉（亚洲）,"2,000",Equity,Equity Securities (Main Board),145.44
0070,0070.HK,RICH GOLDMAN,金粤控股,"10,000",Equity,Equity Securities (Main Board),1.34
0071,0071.HK,MIRAMAR HOTEL,美丽华酒店,"1,000",Equity,Equity Securities (Main Board),69.58
0072,0072.HK,META MEDIA,超媒体控股,"2,000",Equity,Equity Securities (Main Board),0.89
0073,0073.HK,ASIAN CITRUS,亚洲果业,"1,000",Equity,Equity Securities (Main Board),0.3
0075,0075.HK,Y.T. REALTY,渝太地产,"2,000",Equity,Equity Securities (Main Board),1.04
0076,0076.HK,ELATE HOLDINGS,谊砾控股,"4,000",Equity,Equity Securities (Main Board),0.72
0077,0077.HK,AMS TRANSPORT,进智公共交通,"2,000",Equity,Equity Securities (Main Board),1.31
0078,0078.HK,REGAL INT'L,REGAL INT'L,"2,000",Equity,Equity Securities (Main Board),4.13
0079,0079.HK,CENTURY LEGEND,世纪建业,"4,000",Equity,Equity Securities (Main Board),0.33
0080,0080.HK,CAI CORP,ＣＡＩ控股,"10,000",Equity,Investment Companies,6.91
0081,0081.HK,CH OVS G OCEANS,中国海外宏洋集团,"1,000",Equity,Equity Securities (Main Board),105.36
0082,0082.HK,CRAZY SPORTS,疯狂体育,"2,000",Equity,Equity Securities (Main Board),3.21
0083,0083.HK,SINO LAND,信和置业,"2,000",Equity,Equity Securities (Main Board),988.33
0084,0084.HK,STELUX HOLDINGS,宝光实业,"1,000",Equity,Equity Securities (Main Board),0.71
0085,0085.HK,CE HUADA TECH,中电华大科技,"2,000",Equity,Equity Securities (Main Board),16.85
0086,0086.HK,SUN HUNG KAI CO,新鸿基公司,"1,000",Equity,Equity Securities (Main Board),78.17
0087,0087.HK,SWIRE PACIFIC B,太古股份公司Ｂ,"2,500",Equity,Equity Securities (Main Board),435.32
0088,0088.HK,TAI CHEUNG HOLD,TAI CHEUNG HOLD,"1,000",Equity,Equity Securities (Main Board),19.82
0089,0089.HK,TAI SANG LAND,大生地产,"1,000",Equity,Equity Securities (Main Board),5.44
0090,0090.HK,PUXING ENERGY,普星能量,"2,000",Equity,Equity Securities (Main Board),4.2
0092,0092.HK,CHAMPION TECH,冠军科技集团,"12,000",Equity,Equity Securities (Main Board),2.05
0093,0093.HK,ZERO FINTECH,零在科技金融,"2,000",Equity,Equity Securities (Main Board),10.4
0094,0094.HK,GREENHEART GP,绿心集团,"80,000",Equity,Equity Securities (Main Board),1.34
0095,0095.HK,LVGEM CHINA,绿景中国地产,"2,000",Equity,Equity Securities (Main Board),12.28
0096,0096.HK,YUSEI,YUSEI,"2,000",Equity,Equity Securities (Main Board),3.31
0097,0097.HK,HENDERSON INV,恒基发展,"1,000",Equity,Equity Securities (Main Board),4.3
0098,0098.HK,XINGFA ALUM,兴发铝业,"1,000",Equity,Equity Securities (Main Board),22.95
0099,0099.HK,WONG'S INT'L,王氏国际,"1,000",Equity,Equity Securities (Main Board),5.86
0100,0100.HK,MINIMAX-W,MINIMAX-W,20,Equity,Equity Securities (Main Board),782.95
0101,0101.HK,HANG LUNG PPT,恒隆地产,"1,000",Equity,Equity Securities (Main Board),359.79
0103,0103.HK,SHOUGANG CENT,首佳科技,"1,000",Equity,Equity Securities (Main Board),10.88
0104,0104.HK,ASIA COMM HOLD,ASIA COMM HOLD,"5,000",Equity,Equity Securities (Main Board),1.68
0105,0105.HK,ASSO INT HOTELS,凯联国际酒店,"2,000",Equity,Equity Securities (Main Board),18.72
0106,0106.HK,LANDSEA MGMT,朗诗绿色管理,"4,000",Equity,Equity Securities (Main Board),0.9
0107,0107.HK,SICHUAN EXPRESS,四川成渝高速公路,"2,000",Equity,Equity Securities (Main Board),43.38
0108,0108.HK,SR MEDICAL,春雨医疗,"2,000",Equity,Equity Securities (Main Board),67.59
0110,0110.HK,CHINA FORTUNE,中国长远,"4,000",Equity,Equity Securities (Main Board),1.91
0111,0111.HK,CINDA INTL HLDG,信达国际控股,"2,000",Equity,Equity Securities (Main Board),4.42
0113,0113.HK,DICKSON CONCEPT,迪生创建,500,Equity,Equity Securities (Main Board),23.05
0114,0114.HK,HERALD HOLD,HERALD HOLD,"5,000",Equity,Equity Securities (Main Board),4.05
0115,0115.HK,GRAND FIELD GP,钧濠集团,"2,000",Equity,Equity Securities (Main Board),0.81
0116,0116.HK,CHOW SANG SANG,周生生,"1,000",Equity,Equity Securities (Main Board),88.4
0117,0117.HK,TIANLI HOLDINGS,天利控股集团,"2,000",Equity,Equity Securities (Main Board),24.2
0118,0118.HK,COSMOS MACH,大同机械,"2,000",Equity,Equity Securities (Main Board),1.72
0119,0119.HK,POLY PROPERTY,保利置业集团,"1,000",Equity,Equity Securities (Main Board),47.76
0120,0120.HK,COSMOPOL INT'L,COSMOPOL INT'L,600,Equity,Equity Securities (Main Board),0.9
0122,0122.HK,CROCODILE,鳄鱼恤,"2,000",Equity,Equity Securities (Main Board),1.45
0123,0123.HK,YUEXIU PROPERTY,越秀地产,"1,000",Equity,Equity Securities (Main Board),126.6
0124,0124.HK,GD LAND,粤海置地,"2,000",Equity,Equity Securities (Main Board),3.39
0125,0125.HK,SUN HING VISION,新兴光学,"2,000",Equity,Equity Securities (Main Board),0.78
0126,0126.HK,CARRIANNA,佳宁娜,"2,000",Equity,Equity Securities (Main Board),1.38
0127,0127.HK,CHINESE EST H,华人置业,500,Equity,Equity Securities (Main Board),20.03
0128,0128.HK,ENM HOLDINGS,安宁控股,"4,000",Equity,Equity Securities (Main Board),8.42
0129,0129.HK,ASIA STANDARD,泛海集团,"2,000",Equity,Equity Securities (Main Board),2.47
0130,0130.HK,MOISELLE INT'L,慕诗国际,"2,000",Equity,Equity Securities (Main Board),0.52
0131,0131.HK,CHEUK NANG HOLD,卓能（集团）,"1,000",Equity,Equity Securities (Main Board),8.48
0132,0132.HK,HING YIP HLDGS,兴业控股,"1,000",Equity,Equity Securities (Main Board),2.65
0133,0133.HK,CHINA MERCHANTS,招商局中国基金,"2,000",Equity,Investment Companies,39.21
0135,0135.HK,KUNLUN ENERGY,昆仑能源,"2,000",Equity,Equity Securities (Main Board),652.58
0136,0136.HK,CHINA RUYI,中国儒意,"4,000",Equity,Equity Securities (Main Board),251.17
0137,0137.HK,JINHUI HOLDINGS,金辉集团,"1,000",Equity,Equity Securities (Main Board),3.5
0138,0138.HK,CCT FORTIS,中建富通,"5,000",Equity,Equity Securities (Main Board),0.48
0139,0139.HK,SMART FISH,小鱼盈通,"10,000",Equity,Equity Securities (Main Board),1.52
0142,0142.HK,FIRST PACIFIC,第一太平,"2,000",Equity,Equity Securities (Main Board),213.75
0144,0144.HK,CHINA MER PORT,招商局港口,"2,000",Equity,Equity Securities (Main Board),696.03
0145,0145.HK,CCIAM FUTURE EN,信能低碳,"8,000",Equity,Equity Securities (Main Board),0.88
0146,0146.HK,TAI PING CARPET,TAI PING CARPET,"1,000",Equity,Equity Securities (Main Board),3.4
0147,0147.HK,IB SETTLEMENT,国际商业结算,"5,000",Equity,Equity Securities (Main Board),41.58
0148,0148.HK,KINGBOARD HLDG,建滔集团,500,Equity,Equity Securities (Main Board),599.03
0149,0149.HK,CH AGRI-PROD EX,中国农产品交易,"5,000",Equity,Equity Securities (Main Board),6.37
0150,0150.HK,HYPEBEAST,HYPEBEAST,"2,800",Equity,Equity Securities (Main Board),3.06
0151,0151.HK,WANT WANT CHINA,中国旺旺,"1,000",Equity,Equity Securities (Main Board),334.41
0152,0152.HK,SHENZHEN INT'L,深圳国际,500,Equity,Equity Securities (Main Board),131.25
0154,0154.HK,BE ENVIRONMENT,北京控股环境集团,"1,000",Equity,Equity Securities (Main Board),6.75
0156,0156.HK,LIPPO CHINA RES,力宝华润,"2,000",Equity,Equity Securities (Main Board),9.14
0157,0157.HK,NATURAL BEAUTY,自然美,"10,000",Equity,Equity Securities (Main Board),9.01
0158,0158.HK,MELBOURNE ENT,万邦投资,500,Equity,Equity Securities (Main Board),14.75
0159,0159.HK,BROCKMAN MINING,布莱克万矿业,"4,000",Equity,Equity Securities (Main Board),4.55
0160,0160.HK,HON KWOK LAND,汉国置业,"2,000",Equity,Equity Securities (Main Board),4.75
0162,0162.HK,CENTURY GINWA,世纪金花,"2,000",Equity,Equity Securities (Main Board),0.44
0163,0163.HK,EMPEROR INT'L,英皇国际,"10,000",Equity,Equity Securities (Main Board),7.01
0164,0164.HK,CHINA BAOLI TEC,中国宝力科技,"5,000",Equity,Equity Securities (Main Board),1.62
0165,0165.HK,CHINA EB LTD,中国光大控股,"2,000",Equity,Equity Securities (Main Board),109.37
0166,0166.HK,NEW TIMES CORP,新时代集团控股,"2,000",Equity,Equity Securities (Main Board),2.8
0167,0167.HK,IDT INT'L,IDT INT'L,"18,000",Equity,Equity Securities (Main Board),27.64
0168,0168.HK,TSINGTAO BREW,青岛啤酒股份,"2,000",Equity,Equity Securities (Main Board),261.24
0169,0169.HK,WANDA HOTEL DEV,万达酒店发展,"1,000",Equity,Equity Securities (Main Board),4.18
0171,0171.HK,SILVER GRANT,银建国际,"2,000",Equity,Equity Securities (Main Board),1.15
0173,0173.HK,K. WAH INT'L,嘉华国际,"1,000",Equity,Equity Securities (Main Board),64.32
0174,0174.HK,GEMINI INV,盛洋投资,"2,000",Equity,Equity Securities (Main Board),1.26
0175,0175.HK,GEELY AUTO,吉利汽车,"1,000",Equity,Equity Securities (Main Board),1739.71
0176,0176.HK,SUPERACTIVE GP,先机企业集团,"2,000",Equity,Equity Securities (Main Board),0.26
0177,0177.HK,JIANGSU EXPRESS,江苏宁沪高速公路,"2,000",Equity,Equity Securities (Main Board),124.03
0178,0178.HK,SA SA INT'L,莎莎国际,"2,000",Equity,Equity Securities (Main Board),30.57
0179,0179.HK,JOHNSON ELEC H,德昌电机控股,500,Equity,Equity Securities (Main Board),175.11
0180,0180.HK,KADER HOLDINGS,开达集团,"2,000",Equity,Equity Securities (Main Board),2.02
0181,0181.HK,FUJIAN HOLDINGS,闽港控股,"20,000",Equity,Equity Securities (Main Board),0.94
0182,0182.HK,CONCORD NE,协合新能源,"10,000",Equity,Equity Securities (Main Board),27.52
0183,0183.HK,WINFULL GP,宏辉集团,"8,000",Equity,Equity Securities (Main Board),0.82
0184,0184.HK,KECK SENG INV,激成投资,"2,000",Equity,Equity Securities (Main Board),8.1
0185,0185.HK,ZENSUN ENT,正商实业,"1,000",Equity,Equity Securities (Main Board),1.32
0186,0186.HK,NIMBLE HOLDINGS,敏捷控股,"30,000",Equity,Equity Securities (Main Board),19.5
0187,0187.HK,JINGCHENG MAC,京城机电股份,"2,000",Equity,Equity Securities (Main Board),2.79
0188,0188.HK,SUNWAH KINGSWAY,新华汇富金融,"5,000",Equity,Equity Securities (Main Board),1.69
0189,0189.HK,DONGYUE GROUP,东岳集团,"1,000",Equity,Equity Securities (Main Board),220.92
0191,0191.HK,LAI SUN INT'L,丽新国际,"1,000",Equity,Equity Securities (Main Board),4.37
0193,0193.HK,CAPITAL ESTATE,冠中地产,"3,000",Equity,Equity Securities (Main Board),0.45
0194,0194.HK,LIU CHONG HING,廖创兴企业,"2,000",Equity,Equity Securities (Main Board),16.07
0196,0196.HK,HONGHUA GROUP,宏华集团,"1,000",Equity,Equity Securities (Main Board),9.4
0197,0197.HK,HENG TAI,亨泰,"5,000",Equity,Equity Securities (Main Board),1.03
0199,0199.HK,ITC PROPERTIES,德祥地产,"1,000",Equity,Equity Securities (Main Board),24.93
0200,0200.HK,MELCO INT'L DEV,新濠国际发展,"1,000",Equity,Equity Securities (Main Board),71.55
0201,0201.HK,MAGNIFICENT,华大酒店,"2,000",Equity,Equity Securities (Main Board),5.46
0202,0202.HK,EVERCHINA INT'L,润中国际控股,"5,000",Equity,Equity Securities (Main Board),3.87
0204,0204.HK,CAPITAL REALM,资本界金控,"5,000",Equity,Investment Companies,0.22
0205,0205.HK,BFB HEALTH,BFB HEALTH,"10,000",Equity,Equity Securities (Main Board),7.38
0206,0206.HK,CM-ENERGY,华商能源,"1,000",Equity,Equity Securities (Main Board),7.27
0209,0209.HK,POLY XVERSE IT,万维智能科技,"1,000",Equity,Equity Securities (Main Board),0.61
0210,0210.HK,DAPHNE INT'L,达芙妮国际,"2,000",Equity,Equity Securities (Main Board),6.53
0211,0211.HK,STYLAND HOLD,STYLAND HOLD,"10,000",Equity,Equity Securities (Main Board),1.91
0212,0212.HK,NANYANG HOLD,NANYANG HOLD,500,Equity,Equity Securities (Main Board),9.71
0213,0213.HK,NATIONAL ELEC H,NATIONAL ELEC H,"2,000",Equity,Equity Securities (Main Board),3.29
0214,0214.HK,ASIA ORIENT,汇汉控股,"2,000",Equity,Equity Securities (Main Board),1.85
0215,0215.HK,HUTCHTEL HK,和记电讯香港,"2,000",Equity,Equity Securities (Main Board),54.94
0216,0216.HK,CHINNEY INV,建业实业,"4,000",Equity,Equity Securities (Main Board),2.48
0217,0217.HK,CHINA CHENGTONG,中国诚通发展集团,"2,000",Equity,Equity Securities (Main Board),6.74
0218,0218.HK,SWHYHK,申万宏源香港,"5,000",Equity,Equity Securities (Main Board),14.91
0219,0219.HK,SHUNHO PROPERTY,顺豪物业,"2,000",Equity,Equity Securities (Main Board),4.03
0220,0220.HK,U-PRESID CHINA,统一企业中国,"1,000",Equity,Equity Securities (Main Board),310.13
0222,0222.HK,MIN XIN HOLD,闽信集团,"2,000",Equity,Equity Securities (Main Board),16.07
0223,0223.HK,ELIFE HLDGS,易生活控股,"20,000",Equity,Equity Securities (Main Board),1.39
0224,0224.HK,PIONEER GLOBAL,建生国际,"4,000",Equity,Equity Securities (Main Board),6.87
0225,0225.HK,POKFULAM,博富临置业,"2,000",Equity,Equity Securities (Main Board),5.62
0227,0227.HK,FIRST SHANGHAI,第一上海,"8,000",Equity,Equity Securities (Main Board),3.24
0228,0228.HK,CHINA ENERGY,中能控股,"2,000",Equity,Equity Securities (Main Board),3.51
0229,0229.HK,RAYMOND IND,利民实业,"5,000",Equity,Equity Securities (Main Board),4.09
0232,0232.HK,CON AERO TECH,大陆航空科技控股,"2,000",Equity,Equity Securities (Main Board),44.19
0234,0234.HK,NEW CENTURY GP,新世纪集团,"24,000",Equity,Equity Securities (Main Board),1.68
0235,0235.HK,CSC HOLDINGS,中策资本控股,"5,000",Equity,Equity Securities (Main Board),4.08
0236,0236.HK,SAN MIGUEL HK,香港生力啤,"2,000",Equity,Equity Securities (Main Board),4.03
0237,0237.HK,SAFETY GODOWN,安全货仓,"2,000",Equity,Equity Securities (Main Board),8.22
0239,0239.HK,PAK FAH YEOW,白花油,"2,500",Equity,Equity Securities (Main Board),7.73
0240,0240.HK,BUILD KING HOLD,利基控股,"10,000",Equity,Equity Securities (Main Board),17.32
0241,0241.HK,ALI HEALTH,阿里健康,"2,000",Equity,Equity Securities (Main Board),486.07
0242,0242.HK,SHUN TAK HOLD,信德集团,"2,000",Equity,Equity Securities (Main Board),15.24
0243,0243.HK,QPL INT'L,QPL INT'L,"9,000",Equity,Equity Securities (Main Board),1.59
0244,0244.HK,SINCERE,先施,"1,000",Equity,Equity Securities (Main Board),4.2
0245,0245.HK,CHINA VERED FIN,中薇金融,"5,000",Equity,Equity Securities (Main Board),18.41
0247,0247.HK,TST PROPERTIES,TST PROPERTIES,"2,000",Equity,Equity Securities (Main Board),435.19
0248,0248.HK,HKC INT'L HOLD,香港通讯国际控股,"10,000",Equity,Equity Securities (Main Board),0.49
0251,0251.HK,SEA HOLDINGS,爪哇控股,"2,000",Equity,Equity Securities (Main Board),7.35
0252,0252.HK,SE ASIA PPT,华信地产财务,"2,000",Equity,Equity Securities (Main Board),3.65
0253,0253.HK,SHUNHO HOLDINGS,顺豪控股,"2,000",Equity,Equity Securities (Main Board),1.89
0254,0254.HK,NUR HOLDINGS,国家联合资源,"20,000",Equity,Equity Securities (Main Board),1.47
0255,0255.HK,LUNG KEE,龙记集团,"2,000",Equity,Equity Securities (Main Board),8.88
0256,0256.HK,CITYCHAMP,冠城钟表珠宝,"2,000",Equity,Equity Securities (Main Board),5.3
0257,0257.HK,EB ENVIRONMENT,光大环境,"1,000",Equity,Equity Securities (Main Board),307.15
0258,0258.HK,TOMSON GROUP,汤臣集团,"2,000",Equity,Equity Securities (Main Board),48.91
0259,0259.HK,YEEBO (INT'L H),亿都（国际控股）,"2,000",Equity,Equity Securities (Main Board),26.37
0261,0261.HK,GBA HOLDINGS,ＧＢＡ集团,"16,000",Equity,Equity Securities (Main Board),0.84
0262,0262.HK,DESON DEV INT'L,迪臣发展国际,"5,000",Equity,Equity Securities (Main Board),1.2
0264,0264.HK,CN INT DEV CORP,中联发展控股,"4,000",Equity,Equity Securities (Main Board),8.71
0265,0265.HK,GANGYU SERVICES,港誉智慧城市服务,"2,000",Equity,Equity Securities (Main Board),3.15
0266,0266.HK,TIAN TECK LAND,天德地产,"2,000",Equity,Equity Securities (Main Board),9.11
0267,0267.HK,CITIC,中信股份,"1,000",Equity,Equity Securities (Main Board),3991.18
0268,0268.HK,KINGDEE INT'L,金蝶国际,"1,000",Equity,Equity Securities (Main Board),264.29
0269,0269.HK,CRTG,中国资源交通,"5,000",Equity,Equity Securities (Main Board),1.06
0270,0270.HK,GUANGDONG INV,粤海投资,"2,000",Equity,Equity Securities (Main Board),586.44
0271,0271.HK,ASIASEC PPT,亚证地产,"1,000",Equity,Equity Securities (Main Board),1.79
0272,0272.HK,SHUI ON LAND,瑞安房地产,500,Equity,Equity Securities (Main Board),36.93
0274,0274.HK,RA SILK ROAD,复兴亚洲,"10,000",Equity,Equity Securities (Main Board),0.34
0276,0276.HK,MONGOLIA ENERGY,蒙古能源,"6,000",Equity,Equity Securities (Main Board),1.01
0277,0277.HK,TERN PROPERTIES,太兴置业,"2,000",Equity,Equity Securities (Main Board),3.15
0279,0279.HK,ARTA TECHFIN,裕承科金,"6,000",Equity,Equity Securities (Main Board),5.23
0280,0280.HK,KING FOOK HOLD,景福集团,"2,000",Equity,Equity Securities (Main Board),5.68
0285,0285.HK,BYD ELECTRONIC,比亚迪电子,500,Equity,Equity Securities (Main Board),543.02
0286,0286.HK,AIDIGONG,爱帝宫,"2,000",Equity,Equity Securities (Main Board),2.52
0287,0287.HK,WINFAIR INV,永发置业,"2,000",Equity,Equity Securities (Main Board),1.74
0288,0288.HK,WH GROUP,万洲国际,500,Equity,Equity Securities (Main Board),876.95
0289,0289.HK,WING ON CO,WING ON CO,"1,000",Equity,Equity Securities (Main Board),37.76
0290,0290.HK,GOFINTECH QUANT,国富量子,500,Equity,Equity Securities (Main Board),177.23
0291,0291.HK,CHINA RES BEER,华润啤酒,500,Equity,Equity Securities (Main Board),606.01
0293,0293.HK,CATHAY PAC AIR,国泰航空,"1,000",Equity,Equity Securities (Main Board),868.39
0294,0294.HK,YANGTZEKIANG,长江制衣,"1,000",Equity,Equity Securities (Main Board),2.07
0295,0295.HK,KONG SUN HOLD,江山控股,"25,000",Equity,Equity Securities (Main Board),2.69
0296,0296.HK,EMPEROR E HOTEL,英皇娱乐酒店,"5,000",Equity,Equity Securities (Main Board),2.23
0297,0297.HK,SINOFERT,中化化肥,"2,000",Equity,Equity Securities (Main Board),94.48
0298,0298.HK,CHUANG'S CHINA,庄士中国,"10,000",Equity,Equity Securities (Main Board),2.21
0299,0299.HK,GLORY SUN LAND,宝新置地,"5,000",Equity,Equity Securities (Main Board),0.12
0300,0300.HK,MIDEA GROUP,美的集团,100,Equity,Equity Securities (Main Board),646.29
0301,0301.HK,SANVO CHEMICALS,三和精化,"2,000",Equity,Equity Securities (Main Board),33.38
0302,0302.HK,CMGE,中手游,"2,000",Equity,Equity Securities (Main Board),5.86
0303,0303.HK,VTECH HOLDINGS,VTECH HOLDINGS,100,Equity,Equity Securities (Main Board),126.58
0305,0305.HK,WULING MOTORS,五菱汽车,"10,000",Equity,Equity Securities (Main Board),12.2
0306,0306.HK,KWOON CHUNG BUS,冠忠巴士集团,"2,000",Equity,Equity Securities (Main Board),13.11
0308,0308.HK,CHINA TRAVEL HK,香港中旅,"2,000",Equity,Equity Securities (Main Board),65.61
0309,0309.HK,XH NEWS MEDIA,新华通讯频媒,"2,000",Equity,Equity Securities (Main Board),0.48
0310,0310.HK,PROSP INV HOLD,嘉进投资国际,"15,000",Equity,Investment Companies,0.7
0311,0311.HK,LUEN THAI,联泰控股,"1,000",Equity,Equity Securities (Main Board),3.21
0312,0312.HK,SHIRBLE STORE,岁宝百货,"2,000",Equity,Equity Securities (Main Board),1.15
0313,0313.HK,RICHLY FIELD,裕田中国,"25,000",Equity,Equity Securities (Main Board),0.76
0314,0314.HK,SIPAI HEALTH,思派健康,200,Equity,Equity Securities (Main Board),11.54
0315,0315.HK,SMARTONE TELE,数码通电讯,500,Equity,Equity Securities (Main Board),53.4
0316,0316.HK,OOIL,东方海外国际,500,Equity,Equity Securities (Main Board),961.5
0317,0317.HK,COMEC,中船防务,"2,000",Equity,Equity Securities (Main Board),89.52
0318,0318.HK,VONGROUP,黄河实业,"5,000",Equity,Equity Securities (Main Board),2.57
0320,0320.HK,CTGL,金宝通,"2,000",Equity,Equity Securities (Main Board),3.79
0321,0321.HK,TEXWINCA HOLD,德永佳集团,"2,000",Equity,Equity Securities (Main Board),12.92
0322,0322.HK,TINGYI,康师傅控股,"2,000",Equity,Equity Securities (Main Board),679.87
0323,0323.HK,MAANSHAN IRON,马鞍山钢铁股份,"2,000",Equity,Equity Securities (Main Board),30.76
0325,0325.HK,BLOKS,布鲁可,300,Equity,Equity Securities (Main Board),165.05
0326,0326.HK,CHINA STAR ENT,中国星集团,"2,000",Equity,Equity Securities (Main Board),138.93
0327,0327.HK,PAX GLOBAL,百富环球,"1,000",Equity,Equity Securities (Main Board),41.63
0328,0328.HK,ALCO HOLDINGS,ALCO HOLDINGS,"2,000",Equity,Equity Securities (Main Board),1.5
0329,0329.HK,OCI INTL,东建国际,"4,000",Equity,Equity Securities (Main Board),2.07
0330,0330.HK,ESPRIT HOLDINGS,思捷环球,"10,000",Equity,Equity Securities (Main Board),1.43
0331,0331.HK,FSE LIFESTYLE,丰盛生活服务,"1,000",Equity,Equity Securities (Main Board),23.18
0332,0332.HK,YUANHENG GAS,元亨燃气,"10,000",Equity,Equity Securities (Main Board),0.53
0333,0333.HK,TOP FORM INT'L,黛丽斯国际,"2,000",Equity,Equity Securities (Main Board),0.54
0334,0334.HK,CH DISPLAY OPT,华显光电,"8,000",Equity,Equity Securities (Main Board),6.34
0335,0335.HK,UPBEST GROUP,美建集团,"2,000",Equity,Equity Securities (Main Board),17.84
0336,0336.HK,HUABAO INTL,华宝国际,"1,000",Equity,Equity Securities (Main Board),102.45
0337,0337.HK,GREENLAND HK,绿地香港,"1,000",Equity,Equity Securities (Main Board),3.29
0338,0338.HK,SHANGHAI PECHEM,上海石油化工股份,"2,000",Equity,Equity Securities (Main Board),37.92
0339,0339.HK,WEBX HOLDING,全球数字控股,"10,000",Equity,Investment Companies,2.92
0340,0340.HK,TONGGUAN GOLD,潼关黄金,"2,000",Equity,Equity Securities (Main Board),157.49
0341,0341.HK,CAFE DE CORAL H,大家乐集团,"2,000",Equity,Equity Securities (Main Board),30.06
0343,0343.HK,CULTURECOM HOLD,文化传信,"5,000",Equity,Equity Securities (Main Board),1.82
0345,0345.HK,VITASOY INT'L,VITASOY INT'L,"2,000",Equity,Equity Securities (Main Board),64.26
0346,0346.HK,YANCHANG PETRO,延长石油国际,"5,000",Equity,Equity Securities (Main Board),2.7
0347,0347.HK,ANGANG STEEL,鞍钢股份,"2,000",Equity,Equity Securities (Main Board),16.37
0348,0348.HK,CHINAHEALTHWISE,中国智能健康,"10,000",Equity,Equity Securities (Main Board),0.64
0351,0351.HK,ASIA ENERGY LOG,亚洲能源物流,"10,000",Equity,Equity Securities (Main Board),6.38
0352,0352.HK,FORTUNE SUN,富阳,"2,000",Equity,Equity Securities (Main Board),0.89
0353,0353.HK,ENERGY INTINV,能源国际投资,"4,000",Equity,Equity Securities (Main Board),8.04
0354,0354.HK,CHINASOFT INT'L,中国软件国际,"2,000",Equity,Equity Securities (Main Board),103.27
0355,0355.HK,CENTURY C INT'L,世纪城市国际,"4,000",Equity,Equity Securities (Main Board),2.32
0356,0356.HK,DT CAPITAL,鼎立资本,"5,000",Equity,Investment Companies,1.01
0357,0357.HK,MEILAN AIRPORT,美兰空港,"1,000",Equity,Equity Securities (Main Board),11.72
0358,0358.HK,JIANGXI COPPER,江西铜业股份,"1,000",Equity,Equity Securities (Main Board),534.18
0360,0360.HK,NEW FOCUS AUTO,新焦点,"4,000",Equity,Equity Securities (Main Board),7.75
0361,0361.HK,HANFORT DEV H,汉成发展控股,"20,000",Equity,Equity Securities (Main Board),2.28
0362,0362.HK,C ZENITH CHEM,中国天化工,"10,000",Equity,Equity Securities (Main Board),0.2
0363,0363.HK,SHANGHAI IND H,上海实业控股,"1,000",Equity,Equity Securities (Main Board),150.47
0365,0365.HK,SINO ICT,芯成科技,"2,000",Equity,Equity Securities (Main Board),4.87
0366,0366.HK,LUKS GROUP (VN),陆氏集团（越南）,"2,000",Equity,Equity Securities (Main Board),4.19
0367,0367.HK,CHUANG'S INT'L,庄士机构国际,"4,000",Equity,Equity Securities (Main Board),4.06
0368,0368.HK,SUPERLAND GROUP,德合集团,"4,000",Equity,Equity Securities (Main Board),35.2
0369,0369.HK,WING TAI PPT,永泰地产,"2,000",Equity,Equity Securities (Main Board),25.84
0370,0370.HK,HK ROBOTICS,港仔机器人,"6,000",Equity,Equity Securities (Main Board),8.65
0371,0371.HK,BJ ENT WATER,北控水务集团,"2,000",Equity,Equity Securities (Main Board),167.78
0372,0372.HK,PT INTL DEV,保德国际发展,"30,000",Equity,Equity Securities (Main Board),0.42
0373,0373.HK,ALLIED GROUP,联合集团,"2,000",Equity,Equity Securities (Main Board),75.9
0374,0374.HK,FOUR SEAS MER,四洲集团,"2,000",Equity,Equity Securities (Main Board),9.5
0375,0375.HK,YGM TRADING,YGM TRADING,"1,000",Equity,Equity Securities (Main Board),1.58
0376,0376.HK,YUNFENG FIN,云锋金融,"2,000",Equity,Equity Securities (Main Board),94.78
0377,0377.HK,CHINA HUAJUN GP,中国华君,80,Equity,Equity Securities (Main Board),9.34
0379,0379.HK,EG LEASING,恒嘉融资租赁,"10,000",Equity,Equity Securities (Main Board),1.13
0380,0380.HK,CHINA PIPE,中国管业,"4,000",Equity,Equity Securities (Main Board),1.77
0381,0381.HK,AOM INT'L,权识国际,"20,000",Equity,Equity Securities (Main Board),1.05
0382,0382.HK,EDVANTAGE GROUP,中汇集团,"2,000",Equity,Equity Securities (Main Board),5.64
0383,0383.HK,TIANAN MEDICARE,天安卓健,"5,000",Equity,Equity Securities (Main Board),7.93
0384,0384.HK,CHINA GAS HOLD,中国燃气,200,Equity,Equity Securities (Main Board),301.83
0385,0385.HK,CHINNEY ALLI,建联集团,"2,000",Equity,Equity Securities (Main Board),1.49
0386,0386.HK,SINOPEC CORP,中国石油化工股份,"2,000",Equity,Equity Securities (Main Board),1152.27
0387,0387.HK,LEEPORT(HOLD),力丰（集团）,"4,000",Equity,Equity Securities (Main Board),1.59
0388,0388.HK,HKEX,香港交易所,100,Equity,Equity Securities (Main Board),5033.31
0389,0389.HK,TONTINE WINES,通天酒业,"2,000",Equity,Equity Securities (Main Board),1.09
0390,0390.HK,CHINA RAILWAY,中国中铁,"1,000",Equity,Equity Securities (Main Board),143.47
0391,0391.HK,MEI AH ENTER,美亚娱乐资讯,"20,000",Equity,Equity Securities (Main Board),18.66
0392,0392.HK,BEIJING ENT,北京控股,500,Equity,Equity Securities (Main Board),376.9
0393,0393.HK,GLORIOUS SUN,旭日企业,"4,000",Equity,Equity Securities (Main Board),19.5
0396,0396.HK,HING LEE (HK),兴利（香港）控股,"2,000",Equity,Equity Securities (Main Board),2.22
0397,0397.HK,MINERVA GROUP,嬴集团,"10,000",Equity,Equity Securities (Main Board),1.44
0398,0398.HK,ORIENTAL WATCH,东方表行集团,"2,000",Equity,Equity Securities (Main Board),16.52
0399,0399.HK,STARCOIN GROUP,星太链集团,"5,000",Equity,Equity Securities (Main Board),2.39
0400,0400.HK,INGDAN,硬蛋创新,"1,000",Equity,Equity Securities (Main Board),79.75
0401,0401.HK,WANJIA GROUP,万嘉集团,"20,000",Equity,Equity Securities (Main Board),1.15
0403,0403.HK,STARLITE HOLD,星光集团,"2,000",Equity,Equity Securities (Main Board),0.9
0406,0406.HK,YAU LEE HOLD,有利集团,"2,000",Equity,Equity Securities (Main Board),2.21
0408,0408.HK,YIP'S CHEMICAL,叶氏化工集团,"2,000",Equity,Equity Securities (Main Board),14.94
0410,0410.HK,SOHO CHINA,ＳＯＨＯ中国,500,Equity,Equity Securities (Main Board),16.64
0411,0411.HK,LAM SOON (HK),南顺（香港）,"1,000",Equity,Equity Securities (Main Board),27.01
0412,0412.HK,SDHG,山高控股,"1,000",Equity,Equity Securities (Main Board),37.3
0413,0413.HK,SC HOLDINGS,南华集团控股,"8,000",Equity,Equity Securities (Main Board),3.17
0417,0417.HK,TSE SUI LUEN,谢瑞麟,"2,000",Equity,Equity Securities (Main Board),1.74
0418,0418.HK,FOUNDER HOLD,方正控股,"2,000",Equity,Equity Securities (Main Board),6.92
0419,0419.HK,HONY MEDIA,弘毅文化集团,"10,000",Equity,Equity Securities (Main Board),8.7
0420,0420.HK,FOUNTAIN SET,福田实业,"2,000",Equity,Equity Securities (Main Board),8.15
0422,0422.HK,VMEP HOLDINGS,越南制造加工出口,"1,000",Equity,Equity Securities (Main Board),2.31
0423,0423.HK,HKET HOLDINGS,经济日报集团,"2,000",Equity,Equity Securities (Main Board),2.76
0425,0425.HK,MINTH GROUP,敏实集团,100,Equity,Equity Securities (Main Board),278.82
0426,0426.HK,ONE MEDIA GROUP,万华媒体,"2,000",Equity,Equity Securities (Main Board),0.53
0428,0428.HK,COCOON HOLDINGS,中国天弓控股,"4,000",Equity,Investment Companies,0.31
0430,0430.HK,ORIENTAL EXPL,东方兴业控股,"4,000",Equity,Equity Securities (Main Board),1.34
0432,0432.HK,PCPD,盈大地产,"1,000",Equity,Equity Securities (Main Board),4.38
0433,0433.HK,NORTH MINING,北方矿业,"10,000",Equity,Equity Securities (Main Board),7.2
0434,0434.HK,BOYAA,博雅互动,"1,000",Equity,Equity Securities (Main Board),22.2
0436,0436.HK,NU ENVIRO,新宇环保,"20,000",Equity,Equity Securities (Main Board),1.82
0438,0438.HK,IRICO NEWENERGY,彩虹新能源,200,Equity,Equity Securities (Main Board),1.11
0439,0439.HK,GENESIS SCALE,瀚源控股,"2,000",Equity,Equity Securities (Main Board),3.42
0440,0440.HK,DAH SING,大新金融,400,Equity,Equity Securities (Main Board),142.85
0442,0442.HK,DOMAINE POWER,域能控股,"1,000",Equity,Equity Securities (Main Board),1.55
0444,0444.HK,SINCEREWATCH HK,SINCEREWATCH HK,"10,000",Equity,Equity Securities (Main Board),0.6
0450,0450.HK,HUNG HING PRINT,鸿兴印刷集团,"2,000",Equity,Equity Securities (Main Board),6.22
0451,0451.HK,DYNASTY DIGITAL,时代数字,"2,000",Equity,Equity Securities (Main Board),9.93
0455,0455.HK,TIANDA PHARMA,天大药业,"2,000",Equity,Equity Securities (Main Board),2.15
0456,0456.HK,NEW CITY DEV,新城市建设发展,"2,000",Equity,Equity Securities (Main Board),0.95
0458,0458.HK,TRISTATE HOLD,联亚集团,"1,000",Equity,Equity Securities (Main Board),4.51
0460,0460.HK,SIHUAN PHARM,四环医药,"1,000",Equity,Equity Securities (Main Board),67.46
0464,0464.HK,CHINA IN-TECH,中国智能科技,"4,000",Equity,Equity Securities (Main Board),5.41
0465,0465.HK,FUTONG TECH,富通科技,"2,000",Equity,Equity Securities (Main Board),12.27
0467,0467.HK,UNITEDENERGY GP,联合能源集团,"2,000",Equity,Equity Securities (Main Board),108.57
0468,0468.HK,GAPACK,纷美包装,"1,000",Equity,Equity Securities (Main Board),32.0
0470,0470.HK,WUXI LEAD,先导智能,100,Equity,Equity Securities (Main Board),28.6
0471,0471.HK,SILKWAVE INC,中播数据,"4,000",Equity,Equity Securities (Main Board),0.58
0472,0472.HK,NEW SILKROAD,新丝路控股集团,"10,000",Equity,Equity Securities (Main Board),8.66
0474,0474.HK,ACESO LIFE SCI,信铭生命科技,"6,000",Equity,Equity Securities (Main Board),13.46
0475,0475.HK,CENTRAL DEV H,中发展控股,"2,000",Equity,Equity Securities (Main Board),1.6
0476,0476.HK,EV DYNAMICS,科轩动力控股,"10,000",Equity,Equity Securities (Main Board),2.42
0480,0480.HK,HKR INT'L,香港兴业国际,800,Equity,Equity Securities (Main Board),14.63
0482,0482.HK,SANDMARTIN INTL,圣马丁国际,"10,000",Equity,Equity Securities (Main Board),1.19
0483,0483.HK,BAUHAUS INT'L,包浩斯国际,"2,000",Equity,Equity Securities (Main Board),0.65
0484,0484.HK,FORGAME,云游控股,"3,000",Equity,Equity Securities (Main Board),1.18
0485,0485.HK,CHINASINOSTAR,中国华星,"20,000",Equity,Equity Securities (Main Board),0.94
0486,0486.HK,RUSAL,俄铝,"1,000",Equity,Equity Securities (Main Board),451.99
0487,0487.HK,SUCCESSUNIVERSE,实德环球,"4,000",Equity,Equity Securities (Main Board),1.92
0488,0488.HK,LAI SUN DEV,丽新发展,300,Equity,Equity Securities (Main Board),10.61
0491,0491.HK,EMPEROR CULTURE,英皇文化产业,"20,000",Equity,Equity Securities (Main Board),0.84
0493,0493.HK,GOME RETAIL,国美零售,"1,000",Equity,Equity Securities (Main Board),7.64
0496,0496.HK,KASEN,卡森国际,"1,000",Equity,Equity Securities (Main Board),3.27
0497,0497.HK,CSI PROPERTIES,资本策略地产,"20,000",Equity,Equity Securities (Main Board),19.86
0498,0498.HK,BLUE RIVER HLDG,蓝河控股,"10,000",Equity,Equity Securities (Main Board),0.74
0499,0499.HK,QINGDAO HLDGS,青岛控股,"2,000",Equity,Equity Securities (Main Board),2.05
0500,0500.HK,FRONTIER SER,先丰服务集团,"1,000",Equity,Equity Securities (Main Board),1.54
0501,0501.HK,OMNIVISION,豪威集团,100,Equity,Equity Securities (Main Board),35.32
0505,0505.HK,XINGYE ALLOY,兴业合金,"1,000",Equity,Equity Securities (Main Board),9.49
0506,0506.HK,CHINA FOODS,中国食品,"2,000",Equity,Equity Securities (Main Board),107.83
0508,0508.HK,DINGYI GP INV,鼎亿集团投资,"5,000",Equity,Equity Securities (Main Board),2.68
0509,0509.HK,SUNSHINE,世纪阳光,"10,000",Equity,Equity Securities (Main Board),0.19
0510,0510.HK,CASH FIN SER GP,时富金融服务集团,"6,000",Equity,Equity Securities (Main Board),1.98
0511,0511.HK,TVB,无线集团,100,Equity,Equity Securities (Main Board),10.44
0512,0512.HK,GRAND PHARMA,远大医药,500,Equity,Equity Securities (Main Board),171.62
0513,0513.HK,CONTINENTAL H,恒和集团,"10,000",Equity,Equity Securities (Main Board),0.96
0515,0515.HK,CHINASILVER TEC,中华银科技,"10,000",Equity,Equity Securities (Main Board),0.49
0517,0517.HK,COSCO SHIP INTL,中远海运国际,"2,000",Equity,Equity Securities (Main Board),92.72
0518,0518.HK,TUNGTEX (HOLD),同得仕（集团）,"2,000",Equity,Equity Securities (Main Board),0.69
0519,0519.HK,NOVAUTEK,诺科达科技,"5,000",Equity,Equity Securities (Main Board),4.25
0520,0520.HK,XIABUXIABU,呷哺呷哺,500,Equity,Equity Securities (Main Board),2.63
0521,0521.HK,CWT INT'L,CWT INT'L,"10,000",Equity,Equity Securities (Main Board),21.09
0522,0522.HK,ASMPT,ASMPT,100,Equity,Equity Securities (Main Board),692.02
0524,0524.HK,GW TERROIR,长城天下,"10,000",Equity,Equity Securities (Main Board),4.96
0525,0525.HK,GUANGSHEN RAIL,广深铁路股份,"2,000",Equity,Equity Securities (Main Board),34.71
0526,0526.HK,LISI GP HOLD,利时集团控股,"2,000",Equity,Equity Securities (Main Board),8.76
0527,0527.HK,RF GREEN EN AI,瑞风绿能智算,"12,000",Equity,Equity Securities (Main Board),20.21
0528,0528.HK,KINGDOM HOLDING,金达控股,"2,000",Equity,Equity Securities (Main Board),7.56
0529,0529.HK,SIS INT'L,SIS INT'L,"2,000",Equity,Equity Securities (Main Board),4.73
0532,0532.HK,WKK INTL (HOLD),WKK INTL (HOLD),"2,000",Equity,Equity Securities (Main Board),2.34
0533,0533.HK,GOLDLION HOLD,金利来集团,"1,000",Equity,Equity Securities (Main Board),8.47
0535,0535.HK,GEMDALE PPT,金地商置,"2,000",Equity,Equity Securities (Main Board),16.61
0536,0536.HK,TRADELINK,贸易通,"2,000",Equity,Equity Securities (Main Board),9.27
0537,0537.HK,RIGOL,普源精电,100,Equity,Equity Securities (Main Board),5.5
0538,0538.HK,AJISEN (CHINA),味千（中国）,"1,000",Equity,Equity Securities (Main Board),8.73
0540,0540.HK,SPEEDY GLOBAL,迅捷环球控股,"4,000",Equity,Equity Securities (Main Board),1.32
0542,0542.HK,CN CULTURAL T&A,中国文旅农业,"4,000",Equity,Equity Securities (Main Board),13.17
0543,0543.HK,PACIFIC ONLINE,太平洋网络,"1,000",Equity,Equity Securities (Main Board),2.73
0544,0544.HK,DAIDO GROUP,大同集团,"5,000",Equity,Equity Securities (Main Board),1.11
0546,0546.HK,FUFENG GROUP,阜丰集团,"1,000",Equity,Equity Securities (Main Board),117.85
0547,0547.HK,DIGITAL DOMAIN,数字王国,"5,000",Equity,Equity Securities (Main Board),17.0
0548,0548.HK,SHENZHENEXPRESS,深圳高速公路股份,"2,000",Equity,Equity Securities (Main Board),50.83
0550,0550.HK,ALLEGRO CULTURE,律齐文化,"2,000",Equity,Equity Securities (Main Board),4.17
0551,0551.HK,YUE YUEN IND,裕元集团,500,Equity,Equity Securities (Main Board),210.04
0552,0552.HK,CHINACOMSERVICE,中国通信服务,"2,000",Equity,Equity Securities (Main Board),96.25
0553,0553.HK,NANJING PANDA,南京熊猫电子股份,"2,000",Equity,Equity Securities (Main Board),7.65
0554,0554.HK,HANS GP HLDGS,汉思集团控股,"2,000",Equity,Equity Securities (Main Board),8.77
0556,0556.HK,PAN ASIA ENVIRO,泛亚环保,"2,000",Equity,Equity Securities (Main Board),4.02
0557,0557.HK,TIANYUAN HEALTH,天元医疗,"2,000",Equity,Equity Securities (Main Board),2.03
0558,0558.HK,LK TECH,力劲科技,"2,500",Equity,Equity Securities (Main Board),18.21
0559,0559.HK,DETAI NEWENERGY,德泰新能源集团,"10,000",Equity,Equity Securities (Main Board),0.66
0560,0560.HK,CHU KONG SHIP,珠江船务,"2,000",Equity,Equity Securities (Main Board),6.73
0563,0563.HK,SH IND URBAN,上实城市开发,"2,000",Equity,Equity Securities (Main Board),10.99
0564,0564.HK,ZCZL,中创智领,200,Equity,Equity Securities (Main Board),30.84
0565,0565.HK,ART GROUP HOLD,锦艺集团控股,"5,000",Equity,Equity Securities (Main Board),117.23
0567,0567.HK,JSMART TECH,金安智能,"20,000",Equity,Equity Securities (Main Board),4.76
0568,0568.HK,SHANDONG MOLONG,山东墨龙,400,Equity,Equity Securities (Main Board),13.72
0570,0570.HK,TRAD CHI MED,中国中药,"2,000",Equity,Equity Securities (Main Board),65.21
0571,0571.HK,ESUN HOLDINGS,丰德丽控股,"2,000",Equity,Equity Securities (Main Board),0.77
0572,0572.HK,FW HOLDINGS,未来世界控股,"4,000",Equity,Equity Securities (Main Board),1.12
0573,0573.HK,TAO HEUNG HLDGS,稻香控股,"1,000",Equity,Equity Securities (Main Board),2.69
0574,0574.HK,PASHUN INT'L,百信国际,"2,000",Equity,Equity Securities (Main Board),0.36
0575,0575.HK,REGENT PACIFIC,励晶太平洋,"10,000",Equity,Equity Securities (Main Board),2.47
0576,0576.HK,ZHEJIANGEXPRESS,浙江沪杭甬,"2,000",Equity,Equity Securities (Main Board),123.63
0579,0579.HK,JNCEC,京能清洁能源,"2,000",Equity,Equity Securities (Main Board),46.41
0580,0580.HK,SUN.KING TECH,赛晶科技,"2,000",Equity,Equity Securities (Main Board),20.02
0581,0581.HK,CHINA ORIENTAL,中国东方集团,"2,000",Equity,Equity Securities (Main Board),40.76
0582,0582.HK,SHIN HWA WORLD,神话世界,"6,000",Equity,Equity Securities (Main Board),2.45
0583,0583.HK,GWPA HOLDINGS,长城环亚控股,"2,000",Equity,Equity Securities (Main Board),2.82
0585,0585.HK,IMAGI INT'L-500,意力国际（五百）,500,Equity,Equity Securities (Main Board),37.68
0586,0586.HK,CONCH VENTURE,海螺创业,500,Equity,Equity Securities (Main Board),137.27
0587,0587.HK,CONCH ENVIRO,海螺环保,500,Equity,Equity Securities (Main Board),5.11
0588,0588.HK,BEIJING N STAR,北京北辰实业股份,"2,000",Equity,Equity Securities (Main Board),4.95
0590,0590.HK,LUK FOOK HOLD,六福集团,"1,000",Equity,Equity Securities (Main Board),125.64
0591,0591.HK,C HIGHPRECISION,中国高精密,"1,000",Equity,Equity Securities (Main Board),2.65
0595,0595.HK,AV CONCEPT HOLD,AV CONCEPT HOLD,"2,000",Equity,Equity Securities (Main Board),11.02
0596,0596.HK,INSPUR DIGI ENT,浪潮数字企业,"2,000",Equity,Equity Securities (Main Board),25.56
0598,0598.HK,SINOTRANS,中国外运,"1,000",Equity,Equity Securities (Main Board),94.06
0599,0599.HK,E. BON HOLDINGS,怡邦行控股,"16,000",Equity,Equity Securities (Main Board),0.86
0600,0600.HK,AXERA,爱芯元智,100,Equity,Equity Securities (Main Board),97.17
0601,0601.HK,REMT,稀镁科技,"10,000",Equity,Equity Securities (Main Board),0.4
0602,0602.HK,JIAHUA STORES H,佳华百货控股,"2,500",Equity,Equity Securities (Main Board),0.5
0603,0603.HK,CHINA OIL & GAS,中油燃气,"20,000",Equity,Equity Securities (Main Board),6.71
0604,0604.HK,SHENZHEN INVEST,深圳控股,"2,000",Equity,Equity Securities (Main Board),56.51
0605,0605.HK,C FIN SERVICES,中国金融投资管理,"2,000",Equity,Equity Securities (Main Board),1.67
0606,0606.HK,SCE CM,中骏商管,"1,000",Equity,Equity Securities (Main Board),4.61
0607,0607.HK,FULLSHARE,丰盛控股,"4,000",Equity,Equity Securities (Main Board),2.13
0608,0608.HK,HIGH FASHION,达利国际,"2,000",Equity,Equity Securities (Main Board),3.29
0609,0609.HK,TIANDE CHEMICAL,天德化工,"4,000",Equity,Equity Securities (Main Board),9.14
0610,0610.HK,WAI KEE HOLD,WAI KEE HOLD,"2,000",Equity,Equity Securities (Main Board),7.38
0611,0611.HK,CNE TECH CORP,中国核能科技,"2,000",Equity,Equity Securities (Main Board),8.06
0612,0612.HK,CARMEN CENTURY,嘉文世纪投资公司,"8,000",Equity,Investment Companies,5.23
0613,0613.HK,PLANETREE INT'L,梧桐国际,"2,000",Equity,Equity Securities (Main Board),53.23
0616,0616.HK,ASSET CHAIN,财富链,"5,000",Equity,Equity Securities (Main Board),2.3
0617,0617.HK,PALIBURG HOLD,百利保控股,"2,000",Equity,Equity Securities (Main Board),2.18
0618,0618.HK,PKU RESOURCES,北大资源,"8,000",Equity,Equity Securities (Main Board),8.49
0619,0619.HK,SOUTH CHINA FIN,南华金融,"2,000",Equity,Equity Securities (Main Board),0.87
0620,0620.HK,DTXS SILK ROAD,大唐西市,"2,000",Equity,Equity Securities (Main Board),1.9
0621,0621.HK,TAUNG GOLD,坛金矿业,"5,000",Equity,Equity Securities (Main Board),9.53
0622,0622.HK,OSHIDORI,威华达控股,"3,000",Equity,Equity Securities (Main Board),190.95
0623,0623.HK,GOLDENBRIDGE GP,金桥集团控股,"1,000",Equity,Equity Securities (Main Board),9.67
0625,0625.HK,SHEIN-W,希音－Ｗ,100,Equity,Equity Securities (Main Board),1174.65
0626,0626.HK,PUBLIC FIN HOLD,大众金融控股,"2,000",Equity,Equity Securities (Main Board),24.21
0627,0627.HK,VISION SYNERGY,共生智筑,"20,000",Equity,Equity Securities (Main Board),6.75
0628,0628.HK,TONGTONG AI SOC,通通ＡＩ社交,"2,000",Equity,Equity Securities (Main Board),16.38
0629,0629.HK,YUE DA INTL,悦达国际控股,"1,000",Equity,Equity Securities (Main Board),2.92
0630,0630.HK,AMCO UNITED,隽泰控股,"10,000",Equity,Equity Securities (Main Board),1.38
0631,0631.HK,SANY INT'L,三一国际,"1,000",Equity,Equity Securities (Main Board),321.08
0632,0632.HK,CHK OIL,中港石油,"2,000",Equity,Equity Securities (Main Board),1.82
0635,0635.HK,PLAYMATES,彩星集团,"2,000",Equity,Equity Securities (Main Board),10.34
0636,0636.HK,KLN,KLN,500,Equity,Equity Securities (Main Board),108.81
0637,0637.HK,LEE KEE,利记,"2,000",Equity,Equity Securities (Main Board),1.42
0638,0638.HK,FIBOCOM,广和通,200,Equity,Equity Securities (Main Board),9.73
0639,0639.HK,SHOUGANG RES,首钢资源,"2,000",Equity,Equity Securities (Main Board),155.79
0640,0640.HK,INFINITY DEV,星谦发展,"2,000",Equity,Equity Securities (Main Board),7.1
0641,0641.HK,CHTC FONG'S INT,中国恒天立信国际,"2,000",Equity,Equity Securities (Main Board),3.96
0643,0643.HK,CARRY WEALTH,恒富控股,"10,000",Equity,Equity Securities (Main Board),1.57
0645,0645.HK,ARES ASIA,安域亚洲,"2,000",Equity,Equity Securities (Main Board),0.95
0646,0646.HK,CHINA ENV TEC,中国环保科技,"8,000",Equity,Equity Securities (Main Board),0.98
0648,0648.HK,SOFTMEDX,京玖康疗,"1,000",Equity,Equity Securities (Main Board),0.61
0650,0650.HK,PRODUCTIVE TECH,普达特科技,"2,000",Equity,Equity Securities (Main Board),13.94
0653,0653.HK,BONJOUR HOLD,卓悦控股,"12,000",Equity,Equity Securities (Main Board),1.31
0655,0655.HK,HK CHINESE LTD,香港华人有限公司,"2,000",Equity,Equity Securities (Main Board),8.39
0656,0656.HK,FOSUN INTL,复星国际,500,Equity,Equity Securities (Main Board),418.54
0657,0657.HK,G-VISION INT'L,环科国际,"2,000",Equity,Equity Securities (Main Board),0.66
0658,0658.HK,C TRANSMISSION,中国高速传动,"1,000",Equity,Equity Securities (Main Board),17.33
0659,0659.HK,CTF SERVICES,周大福创建,"1,000",Equity,Equity Securities (Main Board),362.1
0660,0660.HK,WAI CHUN BIOTEC,玮俊生物科技,"20,000",Equity,Equity Securities (Main Board),1.69
0661,0661.HK,CDAYENONFER,中国大冶有色金属,"2,000",Equity,Equity Securities (Main Board),29.35
0662,0662.HK,ASIA FINANCIAL,亚洲金融,"2,000",Equity,Equity Securities (Main Board),43.25
0664,0664.HK,TONGSHIFU,铜师傅,100,Equity,Equity Securities (Main Board),7.84
0666,0666.HK,REPT BATTERO,瑞浦兰钧,200,Equity,Equity Securities (Main Board),88.12
0667,0667.HK,CHINA EAST EDU,中国东方教育,500,Equity,Equity Securities (Main Board),86.4
0668,0668.HK,ANKER,安克创新,100,Equity,Equity Securities (Main Board),62.09
0669,0669.HK,TECHTRONIC IND,创科实业,500,Equity,Equity Securities (Main Board),2352.05
0670,0670.HK,CHINA EAST AIR,中国东方航空股份,"2,000",Equity,Equity Securities (Main Board),136.95
0672,0672.HK,ZHONGAN GROUP,众安集团,"1,000",Equity,Equity Securities (Main Board),4.28
0673,0673.HK,CHINA HEALTH,中国卫生集团,"6,000",Equity,Equity Securities (Main Board),4.3
0674,0674.HK,CHINA TANGSHANG,中国唐商,"4,000",Equity,Equity Securities (Main Board),1.85
0675,0675.HK,K & P INT'L,坚宝国际,"2,000",Equity,Equity Securities (Main Board),0.96
0676,0676.HK,PEGASUS INT'L,创信国际,"2,000",Equity,Equity Securities (Main Board),7.38
0677,0677.HK,GOLDEN RES DEV,金源发展国际实业,"2,000",Equity,Equity Securities (Main Board),6.2
0679,0679.HK,ASIA TELE-NET,亚洲联网科技,"5,000",Equity,Equity Securities (Main Board),21.36
0681,0681.HK,CHI PEOPLE HOLD,中民控股,"2,000",Equity,Equity Securities (Main Board),2.77
0682,0682.HK,CHAODA MODERN,超大现代,"10,000",Equity,Equity Securities (Main Board),0.43
0683,0683.HK,KERRY PPT,嘉里建设,500,Equity,Equity Securities (Main Board),267.62
0684,0684.HK,ALLAN INT'L,亚伦国际,"2,000",Equity,Equity Securities (Main Board),1.5
0685,0685.HK,MEDIA CHINESE,世界华文媒体,"1,000",Equity,Equity Securities (Main Board),3.08
0686,0686.HK,BJ ENERGY INTL,北京能源国际,"2,000",Equity,Equity Securities (Main Board),14.73
0687,0687.HK,TYSAN HOLDINGS,泰升集团,"2,000",Equity,Equity Securities (Main Board),11.28
0688,0688.HK,CHINA OVERSEAS,中国海外发展,500,Equity,Equity Securities (Main Board),1398.76
0689,0689.HK,EPI (HOLDINGS),长盈集团（控股）,"15,000",Equity,Equity Securities (Main Board),2.64
0690,0690.HK,UNI-BIO GROUP,联康生物科技集团,"20,000",Equity,Equity Securities (Main Board),4.3
0691,0691.HK,SHANSHUI CEMENT,山水水泥,"1,000",Equity,Equity Securities (Main Board),11.32
0693,0693.HK,TAN CHONG INT'L,陈唱国际,"3,000",Equity,Equity Securities (Main Board),31.41
0694,0694.HK,BEIJING AIRPORT,北京首都机场股份,"2,000",Equity,Equity Securities (Main Board),28.94
0695,0695.HK,DONGWU CEMENT,东吴水泥,"2,000",Equity,Equity Securities (Main Board),43.33
0696,0696.HK,TRAVELSKY TECH,中国民航信息网络,"1,000",Equity,Equity Securities (Main Board),81.13
0697,0697.HK,SHOUCHENG,首程控股,"2,000",Equity,Equity Securities (Main Board),108.92
0698,0698.HK,TONGDA GROUP,通达集团,"1,000",Equity,Equity Securities (Main Board),5.04
0699,0699.HK,JOYSON ELEC,均胜电子,500,Equity,Equity Securities (Main Board),17.05
0700,0700.HK,TENCENT,腾讯控股,100,Equity,Equity Securities (Main Board),38743.06
0701,0701.HK,CNT GROUP,CNT GROUP,"2,000",Equity,Equity Securities (Main Board),1.77
0702,0702.HK,SINO OIL & GAS,中国油气控股,"10,000",Equity,Equity Securities (Main Board),1.14
0703,0703.HK,FUTURE BRIGHT,FUTURE BRIGHT,"6,000",Equity,Equity Securities (Main Board),0.69
0704,0704.HK,HUSCOKE HLDGS,和嘉控股,"5,000",Equity,Equity Securities (Main Board),0.39
0707,0707.HK,ATV HOLDINGS,亚洲电视控股,"8,000",Equity,Equity Securities (Main Board),1.34
0708,0708.HK,EVERG VEHICLE,恒大汽车,500,Equity,Equity Securities (Main Board),18.43
0709,0709.HK,GIORDANO INT'L,佐丹奴国际,"2,000",Equity,Equity Securities (Main Board),22.47
0710,0710.HK,BOE VARITRONIX,京东方精电,"1,000",Equity,Equity Securities (Main Board),31.27
0711,0711.HK,ASIA ALLIED INF,亚洲联合基建控股,"2,000",Equity,Equity Securities (Main Board),8.2
0712,0712.HK,COMTEC SOLAR,卡姆丹克太阳能,"10,000",Equity,Equity Securities (Main Board),0.64
0713,0713.HK,WORLD HOUSEWARE,世界（集团）,"2,000",Equity,Equity Securities (Main Board),2.61
0716,0716.HK,SINGAMAS CONT,胜狮货柜,"2,000",Equity,Equity Securities (Main Board),10.48
0717,0717.HK,EMPEROR CAPITAL,英皇资本,"6,000",Equity,Equity Securities (Main Board),4.52
0718,0718.HK,TAI UNITED HOLD,太和控股,"5,000",Equity,Equity Securities (Main Board),1.68
0719,0719.HK,SHANDONG XINHUA,山东新华制药股份,"2,000",Equity,Equity Securities (Main Board),10.8
0720,0720.HK,AUTO ITALIA,意达利控股,"25,000",Equity,Equity Securities (Main Board),16.89
0721,0721.HK,C FIN INT INV,中国金融国际,"10,000",Equity,Investment Companies,2.44
0722,0722.HK,UMP,联合医务,"2,000",Equity,Equity Securities (Main Board),3.24
0723,0723.HK,RELIANCE GLO HL,信保环球控股,"30,000",Equity,Equity Securities (Main Board),2.79
0725,0725.HK,PERENNIAL INT'L,恒都集团,"2,000",Equity,Equity Securities (Main Board),1.99
0726,0726.HK,DIT GROUP,筑友智造科技,"5,000",Equity,Equity Securities (Main Board),1.02
0727,0727.HK,SINOPROS CORP,中国丰汇,"10,000",Equity,Equity Securities (Main Board),5.72
0728,0728.HK,CHINA TELECOM,中国电信,"2,000",Equity,Equity Securities (Main Board),639.05
0730,0730.HK,CAPITAL IND FIN,首惠产业金融,"1,000",Equity,Equity Securities (Main Board),4.63
0731,0731.HK,C&D NEWIN,建发新胜,"20,000",Equity,Equity Securities (Main Board),4.03
0732,0732.HK,TRULY INT'L,信利国际,"2,000",Equity,Equity Securities (Main Board),24.11
0733,0733.HK,HOPEFLUENT,合富辉煌,"2,000",Equity,Equity Securities (Main Board),1.23
0736,0736.HK,CHINA PPT INV,中国置业投资,"3,000",Equity,Equity Securities (Main Board),0.58
0737,0737.HK,BAY AREA DEV,湾区发展,500,Equity,Equity Securities (Main Board),65.97
0738,0738.HK,LE SAUNDA,莱尔斯丹,"2,000",Equity,Equity Securities (Main Board),2.5
0743,0743.HK,ASIA CEMENT CH,亚洲水泥（中国）,500,Equity,Equity Securities (Main Board),26.01
0745,0745.HK,CN CULTURE GP,中国国家文化产业,"2,000",Equity,Equity Securities (Main Board),11.77
0746,0746.HK,L & M CHEMICAL,理文化工,"2,000",Equity,Equity Securities (Main Board),35.68
0747,0747.HK,SHENYANG PUBLIC,渖阳公用发展股份,"2,000",Equity,Equity Securities (Main Board),0.5
0750,0750.HK,SFSY ENERGY,水发兴业能源,"1,000",Equity,Equity Securities (Main Board),4.69
0751,0751.HK,SKYWORTH GROUP,创维集团,"2,000",Equity,Equity Securities (Main Board),76.72
0752,0752.HK,PICO FAR EAST,PICO FAR EAST,"2,000",Equity,Equity Securities (Main Board),27.27
0753,0753.HK,AIR CHINA,中国国航,"2,000",Equity,Equity Securities (Main Board),185.59
0754,0754.HK,HOPSON DEV HOLD,合生创展集团,100,Equity,Equity Securities (Main Board),100.12
0755,0755.HK,DEVGREAT,大方广瑞德,"5,000",Equity,Equity Securities (Main Board),0.46
0756,0756.HK,SUMMI,森美控股,"8,000",Equity,Equity Securities (Main Board),3.41
0757,0757.HK,SOLARGIGA,阳光能源,"1,000",Equity,Equity Securities (Main Board),1.99
0759,0759.HK,CEC INT'L HOLD,CEC INT'L HOLD,"2,000",Equity,Equity Securities (Main Board),1.4
0760,0760.HK,TALENT PPT GP,新天地产集团,"30,000",Equity,Equity Securities (Main Board),0.6
0762,0762.HK,CHINA UNICOM,中国联通,"2,000",Equity,Equity Securities (Main Board),1794.58
0763,0763.HK,ZTE,中兴通讯,200,Equity,Equity Securities (Main Board),173.61
0764,0764.HK,ETERNITY INV,永恒策略,"10,000",Equity,Equity Securities (Main Board),1.05
0765,0765.HK,PERFECTECH INTL,PERFECTECH INTL,"2,000",Equity,Equity Securities (Main Board),0.67
0767,0767.HK,ZHONG JI LS,中基长寿科学,"10,000",Equity,Equity Securities (Main Board),3.06
0768,0768.HK,UBA INVESTMENTS,开明投资,"2,000",Equity,Investment Companies,0.5
0769,0769.HK,CHINA RAREEARTH,中国稀土,"2,000",Equity,Equity Securities (Main Board),19.53
0770,0770.HK,SHANGHAI GROWTH,SHANGHAI GROWTH,"1,000",Equity,Investment Companies,0.05
0771,0771.HK,AUTOMATED SYS,自动系统,"2,000",Equity,Equity Securities (Main Board),6.21
0772,0772.HK,CHINA LIT,阅文集团,200,Equity,Equity Securities (Main Board),200.12
0775,0775.HK,CKLIFE SCIENCES,长江生命科技,"2,000",Equity,Equity Securities (Main Board),53.34
0776,0776.HK,IMPERIUM TEC GP,帝国科技集团,"5,000",Equity,Equity Securities (Main Board),1.52
0777,0777.HK,NETDRAGON,网龙,500,Equity,Equity Securities (Main Board),38.48
0780,0780.HK,TONGCHENGTRAVEL,同程旅行,400,Equity,Equity Securities (Main Board),254.5
0784,0784.HK,AILIFE INTL,爱生命国际,"10,000",Equity,Equity Securities (Main Board),4.96
0788,0788.HK,CHINA TOWER,中国铁塔,500,Equity,Equity Securities (Main Board),422.77
0789,0789.HK,ARTINI HLDG,雅天妮集团,"5,000",Equity,Equity Securities (Main Board),2.25
0794,0794.HK,COME SURE GROUP,锦胜集团（控股）,"2,000",Equity,Equity Securities (Main Board),1.16
0797,0797.HK,7ROAD,第七大道,"2,000",Equity,Equity Securities (Main Board),28.09
0798,0798.HK,CEOVU,中电光谷,"4,000",Equity,Equity Securities (Main Board),9.71
0799,0799.HK,IGG,IGG,"1,000",Equity,Equity Securities (Main Board),34.98
0800,0800.HK,WERIDE-W,文远知行－Ｗ,100,Equity,Equity Securities (Main Board),141.95
0804,0804.HK,PINESTONE,鼎石资本,"5,000",Equity,Equity Securities (Main Board),9.86
0805,0805.HK,NEW GONOW RV,新吉奥房车,"2,000",Equity,Equity Securities (Main Board),78.24
0806,0806.HK,VALUE PARTNERS,惠理集团,"1,000",Equity,Equity Securities (Main Board),36.99
0807,0807.HK,SIICENVIRONMENT,上海实业环境,"1,000",Equity,Equity Securities (Main Board),24.21
0809,0809.HK,GLOBAL BIO-CHEM,大成生化科技,"10,000",Equity,Equity Securities (Main Board),6.63
0810,0810.HK,CH CASTSON 81,中国铸晨８１,"6,000",Equity,Investment Companies,0.68
0811,0811.HK,XINHUA WINSHARE,新华文轩,"1,000",Equity,Equity Securities (Main Board),35.29
0813,0813.HK,SHIMAO GROUP,世茂集团,500,Equity,Equity Securities (Main Board),4.15
0814,0814.HK,JINGKELONG,北京京客隆,"1,000",Equity,Equity Securities (Main Board),0.53
0815,0815.HK,CHI SILVER GP,中国白银集团,"2,000",Equity,Equity Securities (Main Board),9.83
0816,0816.HK,JINMAO SERVICES,金茂服务,500,Equity,Equity Securities (Main Board),20.16
0817,0817.HK,CHINA JINMAO,中国金茂,"2,000",Equity,Equity Securities (Main Board),170.26
0818,0818.HK,HI SUN TECH,高阳科技,"3,000",Equity,Equity Securities (Main Board),9.16
0819,0819.HK,TIANNENG POWER,天能动力,"2,000",Equity,Equity Securities (Main Board),42.29
0821,0821.HK,VC HOLDINGS,汇盈控股,"8,000",Equity,Equity Securities (Main Board),1.54
0822,0822.HK,KA SHUI INT'L,嘉瑞国际,"2,000",Equity,Equity Securities (Main Board),2.77
0825,0825.HK,NWDS CHINA,新世界百货中国,"1,000",Equity,Equity Securities (Main Board),4.55
0826,0826.HK,TIANGONG INT'L,天工国际,"2,000",Equity,Equity Securities (Main Board),85.97
0827,0827.HK,KO YO GROUP,玖源集团,"4,000",Equity,Equity Securities (Main Board),3.16
0828,0828.HK,DYNASTY WINES,王朝酒业,"2,000",Equity,Equity Securities (Main Board),2.28
0829,0829.HK,SHENGUAN HLDGS,神冠控股,"2,000",Equity,Equity Securities (Main Board),6.43
0830,0830.HK,CSC DEVELOPMENT,中国建筑兴业,"2,000",Equity,Equity Securities (Main Board),17.47
0831,0831.HK,CR ASIA,利亚零售,"2,000",Equity,Equity Securities (Main Board),3.05
0832,0832.HK,CENTRAL CHINA,建业地产,"1,000",Equity,Equity Securities (Main Board),0.91
0833,0833.HK,ALLTRONICS,华讯,"4,000",Equity,Equity Securities (Main Board),2.84
0834,0834.HK,SHENGRONG HLDG,盛融控股,"4,000",Equity,Equity Securities (Main Board),1.13
0836,0836.HK,CHINA RES POWER,华润电力,"2,000",Equity,Equity Securities (Main Board),973.8
0837,0837.HK,CARPENTER TAN,谭木匠,500,Equity,Equity Securities (Main Board),14.77
0838,0838.HK,EVA HOLDINGS,亿和控股,"2,000",Equity,Equity Securities (Main Board),12.63
0839,0839.HK,CHINA EDU GROUP,中教控股,"1,000",Equity,Equity Securities (Main Board),51.95
0840,0840.HK,TIANYE WATER,天业节水,"2,000",Equity,Equity Securities (Main Board),0.35
0841,0841.HK,CASSAVA RES,木薯资源,"2,000",Equity,Equity Securities (Main Board),0.96
0842,0842.HK,LEOCH INT'L,理士国际,"1,000",Equity,Equity Securities (Main Board),12.83
0844,0844.HK,GREATIME INTL,广泰国际控股,"4,000",Equity,Equity Securities (Main Board),2.05
0845,0845.HK,GLORIOUS PPT H,恒盛地产,"1,000",Equity,Equity Securities (Main Board),0.78
0846,0846.HK,MINGFA GROUP,明发集团,"1,000",Equity,Equity Securities (Main Board),4.94
0848,0848.HK,MAOYE INT'L,茂业国际,"1,000",Equity,Equity Securities (Main Board),5.09
0851,0851.HK,SHENG YUAN HLDG,盛源控股,"10,000",Equity,Equity Securities (Main Board),1.5
0852,0852.HK,STRONG PETRO,海峡石油化工,"2,000",Equity,Equity Securities (Main Board),3.52
0853,0853.HK,MICROPORT,微创医疗,100,Equity,Equity Securities (Main Board),116.48
0854,0854.HK,WILLAS-ARRAY,威雅利,"1,000",Equity,Equity Securities (Main Board),5.28
0855,0855.HK,CHINA WATER,中国水务,"2,000",Equity,Equity Securities (Main Board),71.58
0856,0856.HK,VSTECS,伟仕佳杰,"2,000",Equity,Equity Securities (Main Board),138.4
0857,0857.HK,PETROCHINA,中国石油股份,"2,000",Equity,Equity Securities (Main Board),2128.88
0858,0858.HK,EXTRAWELL PHAR,精优药业,"10,000",Equity,Equity Securities (Main Board),2.29
0859,0859.HK,ZHONGCHANG INTL,中昌国际控股,"2,000",Equity,Equity Securities (Main Board),1.3
0860,0860.HK,APOLLO FMG,ＡＰＯＬＬＯ出行,"4,000",Equity,Equity Securities (Main Board),7.0
0861,0861.HK,DC HOLDINGS,神州控股,"1,000",Equity,Equity Securities (Main Board),32.38
0862,0862.HK,VISION VALUES,远见控股,"10,000",Equity,Equity Securities (Main Board),4.02
0863,0863.HK,OSL GROUP,ＯＳＬ集团,500,Equity,Equity Securities (Main Board),92.94
0864,0864.HK,WING LEE PPT,永利地产发展,"4,000",Equity,Equity Securities (Main Board),0.6
0865,0865.HK,JIANDE INT'L,建德国际控股,"4,000",Equity,Equity Securities (Main Board),3.09
0866,0866.HK,CHINA QINFA,中国秦发,"2,000",Equity,Equity Securities (Main Board),57.67
0867,0867.HK,CMS,康哲药业,"1,000",Equity,Equity Securities (Main Board),264.72
0868,0868.HK,XINYI GLASS,信义玻璃,"1,000",Equity,Equity Securities (Main Board),390.94
0869,0869.HK,PLAYMATES TOYS,彩星玩具,"4,000",Equity,Equity Securities (Main Board),5.45
0871,0871.HK,CH DREDG ENV,中国疏浚环保,"20,000",Equity,Equity Securities (Main Board),0.74
0873,0873.HK,SHIMAO SERVICES,世茂服务,"1,000",Equity,Equity Securities (Main Board),8.76
0874,0874.HK,BAIYUNSHAN PH,白云山,"2,000",Equity,Equity Securities (Main Board),29.53
0875,0875.HK,CONGYU INTE AGR,从玉智农,"2,000",Equity,Equity Securities (Main Board),2.24
0876,0876.HK,KAISA HEALTH,佳兆业健康,"2,000",Equity,Equity Securities (Main Board),2.02
0878,0878.HK,SOUNDWILL HOLD,金朝阳集团,500,Equity,Equity Securities (Main Board),17.41
0880,0880.HK,SJM HOLDINGS,澳博控股,"1,000",Equity,Equity Securities (Main Board),99.07
0881,0881.HK,ZHONGSHENG HLDG,中升控股,500,Equity,Equity Securities (Main Board),75.86
0882,0882.HK,TIANJIN DEV,天津发展,"2,000",Equity,Equity Securities (Main Board),22.37
0883,0883.HK,CNOOC,中国海洋石油,"1,000",Equity,Equity Securities (Main Board),11143.9
0884,0884.HK,CIFI HOLD GP,旭辉控股集团,"2,000",Equity,Equity Securities (Main Board),6.81
0887,0887.HK,EMPEROR WATCH&J,英皇钟表珠宝,"10,000",Equity,Equity Securities (Main Board),21.77
0888,0888.HK,BLOCKFIN HLDG,链信控股,"2,000",Equity,Equity Securities (Main Board),0.63
0889,0889.HK,DATRONIX HOLD,连达科技控股,"2,000",Equity,Equity Securities (Main Board),1.2
0893,0893.HK,CHINAVTM MINING,中国铁钛,"1,000",Equity,Equity Securities (Main Board),1.48
0894,0894.HK,MAN YUE TECH,万裕科技,"2,000",Equity,Equity Securities (Main Board),9.35
0895,0895.HK,DONGJIANG ENV,东江环保,200,Equity,Equity Securities (Main Board),3.22
0896,0896.HK,HANISON,兴胜创建,"2,000",Equity,Equity Securities (Main Board),2.79
0897,0897.HK,WAI YUEN TONG,位元堂,"5,000",Equity,Equity Securities (Main Board),3.45
0898,0898.HK,MULTIFIELD INTL,万事昌国际,"2,000",Equity,Equity Securities (Main Board),7.78
0899,0899.HK,ZHONG JIA GX,中加国信,"10,000",Equity,Equity Securities (Main Board),0.85
0900,0900.HK,AEON CREDIT,AEON CREDIT,"2,000",Equity,Equity Securities (Main Board),38.11
0901,0901.HK,SDMC,华曦达,100,Equity,Equity Securities (Main Board),147.62
0902,0902.HK,HUANENG POWER,华能国际电力股份,"2,000",Equity,Equity Securities (Main Board),271.21
0905,0905.HK,WALNUT CAP,胡桃资本,"16,000",Equity,Investment Companies,1.94
0907,0907.HK,ELEGANCEOPTICAL,高雅光学,"20,000",Equity,Equity Securities (Main Board),0.53
0909,0909.HK,MING YUAN CLOUD,明源云,"1,000",Equity,Equity Securities (Main Board),20.98
0910,0910.HK,CHINA SANDI,中国三迪,"6,000",Equity,Equity Securities (Main Board),0.97
0911,0911.HK,QIANHAI HEALTH,前海健康,"10,000",Equity,Equity Securities (Main Board),0.75
0912,0912.HK,SUGA INT'L,信佳国际,"2,000",Equity,Equity Securities (Main Board),2.98
0913,0913.HK,HARBOUR DIGITAL,港湾数字,"10,000",Equity,Investment Companies,1.45
0914,0914.HK,CONCH CEMENT,海螺水泥,500,Equity,Equity Securities (Main Board),215.44
0915,0915.HK,DAOHE GLOBAL,道和环球,"1,000",Equity,Equity Securities (Main Board),0.91
0916,0916.HK,CHINA LONGYUAN,龙源电力,"1,000",Equity,Equity Securities (Main Board),180.66
0917,0917.HK,QUNABOX GROUP,趣致集团,100,Equity,Equity Securities (Main Board),21.06
0918,0918.HK,MAJESTIC DRAGON,龙翼航空科技,"6,000",Equity,Equity Securities (Main Board),22.28
0919,0919.HK,MODERNHEALTHTEC,现代健康科技,"4,000",Equity,Equity Securities (Main Board),0.73
0921,0921.HK,HISENSE HA,海信家电,"1,000",Equity,Equity Securities (Main Board),104.88
0922,0922.HK,ANXIANYUAN CH,安贤园中国,"10,000",Equity,Equity Securities (Main Board),2.33
0923,0923.HK,IWS,综合环保集团,"2,000",Equity,Equity Securities (Main Board),0.82
0924,0924.HK,KHOON GROUP,坤集团,"8,000",Equity,Equity Securities (Main Board),1.24
0926,0926.HK,BESUNYEN,碧生源,"1,000",Equity,Equity Securities (Main Board),2.89
0927,0927.HK,FUJIKON IND,富士高实业,"2,000",Equity,Equity Securities (Main Board),2.4
0928,0928.HK,KING INTL INV,帝王国际投资,"20,000",Equity,Equity Securities (Main Board),2.7
0929,0929.HK,IPE GROUP,国际精密,"5,000",Equity,Equity Securities (Main Board),5.37
0931,0931.HK,CHINA HK POWER,中国港能,"2,000",Equity,Equity Securities (Main Board),26.51
0932,0932.HK,SHUNTEN INTL,顺腾国际控股,"4,000",Equity,Equity Securities (Main Board),0.93
0933,0933.HK,VIVA GOODS,非凡领越,"8,000",Equity,Equity Securities (Main Board),34.36
0934,0934.HK,SINOPEC KANTONS,中石化冠德,"2,000",Equity,Equity Securities (Main Board),94.35
0936,0936.HK,KAISA CAPITAL,佳兆业资本,"10,000",Equity,Equity Securities (Main Board),3.02
0938,0938.HK,MAN SANG INT'L,民生国际,"2,000",Equity,Equity Securities (Main Board),2.59
0939,0939.HK,CCB,建设银行,"1,000",Equity,Equity Securities (Main Board),23476.75
0941,0941.HK,CHINA MOBILE,中国移动,500,Equity,Equity Securities (Main Board),16391.47
0943,0943.HK,ZHONGZHENG INTL,中证国际,"16,000",Equity,Equity Securities (Main Board),3.05
0945,0945.HK,MANULIFE-S,宏利金融－Ｓ,100,Equity,Equity Securities (Main Board),5603.35
0947,0947.HK,MOBI DEV,摩比发展,"1,000",Equity,Equity Securities (Main Board),1.43
0948,0948.HK,ALPHA PRO H-10K,阿尔法企业－一万,"10,000",Equity,Equity Securities (Main Board),1.09
0950,0950.HK,LEE'S PHARM,李氏大药厂,500,Equity,Equity Securities (Main Board),6.86
0951,0951.HK,CHAOWEI POWER,超威动力,"1,000",Equity,Equity Securities (Main Board),12.53
0952,0952.HK,QUAM PLUS FIN,华富建业金融,"10,000",Equity,Equity Securities (Main Board),6.14
0953,0953.HK,SHAW BROTHERS,邵氏兄弟控股,"2,000",Equity,Equity Securities (Main Board),2.4
0954,0954.HK,CHANGMAO BIO,常茂生物,"4,000",Equity,Equity Securities (Main Board),0.4
0956,0956.HK,CHINA SUNTIEN,新天绿色能源,"1,000",Equity,Equity Securities (Main Board),71.78
0959,0959.HK,CENTURY ENT INT,世纪娱乐国际,"10,000",Equity,Equity Securities (Main Board),0.92
0960,0960.HK,LONGFOR GROUP,龙湖集团,500,Equity,Equity Securities (Main Board),425.49
0966,0966.HK,CHINA TAIPING,中国太平,200,Equity,Equity Securities (Main Board),774.87
0968,0968.HK,XINYI SOLAR,信义光能,"2,000",Equity,Equity Securities (Main Board),194.83
0969,0969.HK,HUA LIEN INT'L,华联国际,"2,000",Equity,Equity Securities (Main Board),2.59
0970,0970.HK,NEW SPARKLEROLL,新耀莱,"2,000",Equity,Equity Securities (Main Board),2.63
0974,0974.HK,SKL,中国顺客隆,"1,000",Equity,Equity Securities (Main Board),2.25
0975,0975.HK,MONGOL MINING,MONGOL MINING,"3,000",Equity,Equity Securities (Main Board),99.35
0976,0976.HK,CHIHO ENV,齐合环保,"2,000",Equity,Equity Securities (Main Board),6.9
0978,0978.HK,CHI MER LAND,招商局置地,"2,000",Equity,Equity Securities (Main Board),11.48
0979,0979.HK,GREEN ENERGY GP,绿色能源科技集团,"2,000",Equity,Equity Securities (Main Board),4.98
0980,0980.HK,LIANHUA,联华超市,"1,000",Equity,Equity Securities (Main Board),1.3
0981,0981.HK,SMIC,中芯国际,500,Equity,Equity Securities (Main Board),3816.19
0983,0983.HK,SOCAM DEV,瑞安建业,"2,000",Equity,Equity Securities (Main Board),1.9
0984,0984.HK,AEON STORES,永旺,500,Equity,Equity Securities (Main Board),0.66
0986,0986.HK,DUFU LIQUOR GP,杜甫酒业集团,"5,000",Equity,Equity Securities (Main Board),0.35
0987,0987.HK,CH RENEW EN INV,中国再生能源投资,"2,000",Equity,Equity Securities (Main Board),5.14
0989,0989.HK,CHINA CBS INTL,中国长白山国际,"10,000",Equity,Equity Securities (Main Board),2.04
0990,0990.HK,DEEP SOURCE,至源控股,"10,000",Equity,Equity Securities (Main Board),85.66
0991,0991.HK,DATANG POWER,大唐发电,"2,000",Equity,Equity Securities (Main Board),166.82
0992,0992.HK,LENOVO GROUP,联想集团,"2,000",Equity,Equity Securities (Main Board),4005.0
0993,0993.HK,XINKONG INT CAP,信控国际资本,"1,000",Equity,Equity Securities (Main Board),8.36
0994,0994.HK,CT VISION,中天宏信,"4,000",Equity,Equity Securities (Main Board),3.0
0995,0995.HK,ANHUIEXPRESSWAY,安徽皖通高速公路,"2,000",Equity,Equity Securities (Main Board),86.06
0997,0997.HK,CHINLINK INTL,普汇中金国际,"8,000",Equity,Equity Securities (Main Board),0.26
0998,0998.HK,CITIC BANK,中信银行,"1,000",Equity,Equity Securities (Main Board),1254.57
0999,0999.HK,XIAOCAIYUAN,小菜园,800,Equity,Equity Securities (Main Board),97.8
1000,1000.HK,BEIJING MEDIA,北青传媒,500,Equity,Equity Securities (Main Board),0.22
1001,1001.HK,HK SH ALLIANCE,沪港联合,"2,000",Equity,Equity Securities (Main Board),2.29
1002,1002.HK,V.S. INT'L,威铖国际,"4,000",Equity,Equity Securities (Main Board),1.47
1003,1003.HK,HUANXI MEDIA,欢喜传媒,"10,000",Equity,Equity Securities (Main Board),8.77
1004,1004.HK,C SMARTERENERGY,中国智慧能源,"10,000",Equity,Equity Securities (Main Board),0.74
1005,1005.HK,MATRIX HOLDINGS,MATRIX HOLDINGS,"2,000",Equity,Equity Securities (Main Board),3.18
1007,1007.HK,LONGHUI INTL,龙辉国际控股,"4,000",Equity,Equity Securities (Main Board),0.13
1008,1008.HK,LITU HOLDINGS,力图控股,"2,000",Equity,Equity Securities (Main Board),2.38
1009,1009.HK,INT'L ENT,国际娱乐,"10,000",Equity,Equity Securities (Main Board),20.4
1010,1010.HK,SKY BLUE 11,天玺曜１１,"2,000",Equity,Equity Securities (Main Board),0.29
1011,1011.HK,NT PHARMA,泰凌医药,"10,000",Equity,Equity Securities (Main Board),7.01
1013,1013.HK,WAI CHUN GROUP,伟俊集团控股,"10,000",Equity,Equity Securities (Main Board),1.08
1020,1020.HK,CIPRUN TECH,中细软科技,"4,000",Equity,Equity Securities (Main Board),14.96
1021,1021.HK,HUAYAN ROBOTICS,华沿机器人,200,Equity,Equity Securities (Main Board),51.02
1022,1022.HK,FEIYU,飞鱼科技,"1,500",Equity,Equity Securities (Main Board),6.21
1023,1023.HK,SITOY GROUP,时代集团控股,"1,000",Equity,Equity Securities (Main Board),4.54
1024,1024.HK,KUAISHOU-W,快手－Ｗ,100,Equity,Equity Securities (Main Board),1160.06
1025,1025.HK,KNT HOLDINGS,嘉艺控股,"8,000",Equity,Equity Securities (Main Board),0.88
1026,1026.HK,UNIVERSAL TECH,环球实业科技,"10,000",Equity,Equity Securities (Main Board),3.8
1027,1027.HK,ASIA STRAT-1K,亚洲策略（一千）,"1,000",Equity,Equity Securities (Main Board),11.67
1028,1028.HK,C.BANNER,千百度,"1,000",Equity,Equity Securities (Main Board),23.93
1029,1029.HK,IRC,铁货,"4,000",Equity,Equity Securities (Main Board),7.76
1030,1030.HK,SEAZEN,新城发展,"2,000",Equity,Equity Securities (Main Board),103.51
1033,1033.HK,SINOPEC SSC,中石化油服,"2,000",Equity,Equity Securities (Main Board),37.6
1036,1036.HK,VANKE OVERSEAS,万科海外,"1,000",Equity,Equity Securities (Main Board),7.01
1037,1037.HK,MAXNERVA TECH,云智汇科技,"2,000",Equity,Equity Securities (Main Board),4.34
1038,1038.HK,CKI HOLDINGS,长江基建集团,500,Equity,Equity Securities (Main Board),1667.98
1039,1039.HK,CHANGYOU INT GP,畅由国际集团,"1,000",Equity,Equity Securities (Main Board),0.91
1044,1044.HK,HENGAN INT'L,恒安国际,500,Equity,Equity Securities (Main Board),246.31
1045,1045.HK,APT SATELLITE,亚太卫星,"2,000",Equity,Equity Securities (Main Board),20.38
1046,1046.HK,UNIVERSE ENT,寰宇娱乐文化,"5,000",Equity,Equity Securities (Main Board),9.07
1047,1047.HK,NGAI HING HONG,毅兴行,"2,000",Equity,Equity Securities (Main Board),1.26
1049,1049.HK,CELESTIAL ASIA,时富投资,"2,000",Equity,Equity Securities (Main Board),0.63
1050,1050.HK,KARRIE INT'L,嘉利国际,"2,000",Equity,Equity Securities (Main Board),42.17
1051,1051.HK,G-RESOURCES,国际资源,"1,000",Equity,Equity Securities (Main Board),33.81
1052,1052.HK,YUEXIUTRANSPORT,越秀交通基建,"2,000",Equity,Equity Securities (Main Board),57.72
1053,1053.HK,CHONGQING IRON,重庆钢铁股份,"2,000",Equity,Equity Securities (Main Board),4.84
1055,1055.HK,CHINA SOUTH AIR,中国南方航空股份,"2,000",Equity,Equity Securities (Main Board),140.71
1057,1057.HK,ZHEJIANG SHIBAO,浙江世宝,"2,000",Equity,Equity Securities (Main Board),8.42
1058,1058.HK,NAMYUE HOLDINGS,南粤控股,"2,000",Equity,Equity Securities (Main Board),2.02
1059,1059.HK,KANTONE HOLDING,看通集团,"3,000",Equity,Equity Securities (Main Board),1.58
1060,1060.HK,DAMAI ENT,大麦娱乐,"10,000",Equity,Equity Securities (Main Board),146.89
1061,1061.HK,ESSEX BIO-TECH,亿胜生物科技,"1,000",Equity,Equity Securities (Main Board),11.75
1062,1062.HK,CDB INT'L INV,国开国际投资,"10,000",Equity,Investment Companies,2.73
1063,1063.HK,SUNCORP TECH,新确科技,"5,000",Equity,Equity Securities (Main Board),0.86
1064,1064.HK,ZHONG HUA INT'L,中华国际,"5,000",Equity,Equity Securities (Main Board),0.58
1065,1065.HK,TIANJIN CAPITAL,天津创业环保股份,"2,000",Equity,Equity Securities (Main Board),12.78
1066,1066.HK,WEIGAO GROUP,威高股份,400,Equity,Equity Securities (Main Board),139.99
1068,1068.HK,YURUN FOOD,雨润食品,"1,000",Equity,Equity Securities (Main Board),1.4
1069,1069.HK,CN HEALTH TECH,中国健康科技集团,"10,000",Equity,Equity Securities (Main Board),0.8
1070,1070.HK,TCL ELECTRONICS,ＴＣＬ电子,"1,000",Equity,Equity Securities (Main Board),433.6
1071,1071.HK,HUADIAN POWER,华电国际电力股份,"2,000",Equity,Equity Securities (Main Board),70.58
1072,1072.HK,DONGFANG ELEC,东方电气,200,Equity,Equity Securities (Main Board),82.74
1073,1073.HK,DA YU FIN,大禹金融,"5,000",Equity,Equity Securities (Main Board),3.42
1075,1075.HK,CAPINFO,首都信息,"1,000",Equity,Equity Securities (Main Board),1.32
1079,1079.HK,PINE TECH,松景科技,"10,000",Equity,Equity Securities (Main Board),4.6
1080,1080.HK,SHENGLI PIPE,胜利管道,"1,500",Equity,Equity Securities (Main Board),2.13
1081,1081.HK,DAJIN,大金重工,100,Equity,Equity Securities (Main Board),29.25
1082,1082.HK,BDV EDU INTL,源宇宙教育,"4,000",Equity,Equity Securities (Main Board),6.02
1083,1083.HK,TG SMART ENERGY,港华智慧能源,"1,000",Equity,Equity Securities (Main Board),113.06
1084,1084.HK,GREEN FRESH BIO,绿新生物科技,"2,000",Equity,Equity Securities (Main Board),5.86
1085,1085.HK,HXTL,亨鑫科技,"2,000",Equity,Equity Securities (Main Board),8.29
1086,1086.HK,GOODBABY INTL,好孩子国际,"1,000",Equity,Equity Securities (Main Board),18.32
1087,1087.HK,INVESTECH HLDGS,威讯控股,"2,000",Equity,Equity Securities (Main Board),3.38
1088,1088.HK,CHINA SHENHUA,中国神华,500,Equity,Equity Securities (Main Board),1569.85
1090,1090.HK,DA MING INT'L,大明国际,"2,000",Equity,Equity Securities (Main Board),8.41
1091,1091.HK,SOUTH MANGANESE,南方锰业,"1,000",Equity,Equity Securities (Main Board),22.51
1093,1093.HK,CSPC PHARMA,石药集团,"2,000",Equity,Equity Securities (Main Board),1010.52
1094,1094.HK,CHERISH SUN,承辉国际,"8,000",Equity,Equity Securities (Main Board),2.52
1097,1097.HK,CTFME,周大福媒体娱乐,"20,000",Equity,Equity Securities (Main Board),4.49
1098,1098.HK,ROAD KING INFRA,路劲,"1,000",Equity,Equity Securities (Main Board),3.9
1099,1099.HK,SINOPHARM,国药控股,400,Equity,Equity Securities (Main Board),207.98
1100,1100.HK,MAINLAND HOLD,飞达控股,"2,000",Equity,Equity Securities (Main Board),5.6
1101,1101.HK,HUARONG ENERGY,华荣能源,"2,000",Equity,Equity Securities (Main Board),0.95
1102,1102.HK,ENVIRO ENERGY,环能国际,"2,000",Equity,Equity Securities (Main Board),2.86
1104,1104.HK,APAC RESOURCES,亚太资源,"20,000",Equity,Equity Securities (Main Board),31.85
1105,1105.HK,SING TAO,星岛,"2,000",Equity,Equity Securities (Main Board),1.61
1107,1107.HK,MODERN LAND,当代置业,"2,000",Equity,Equity Securities (Main Board),0.36
1108,1108.HK,TRIUMPH NEW EN,凯盛新能,"2,000",Equity,Equity Securities (Main Board),5.8
1109,1109.HK,CHINA RES LAND,华润置地,500,Equity,Equity Securities (Main Board),2136.43
1110,1110.HK,KINGWORLD,金活医药集团,"4,000",Equity,Equity Securities (Main Board),2.46
1111,1111.HK,HUASHI GROUP,华视集团控股,"4,000",Equity,Equity Securities (Main Board),1.86
1112,1112.HK,H&H INTL HLDG,Ｈ＆Ｈ国际控股,500,Equity,Equity Securities (Main Board),110.46
1113,1113.HK,CK ASSET,长实集团,500,Equity,Equity Securities (Main Board),1676.39
1114,1114.HK,BRILLIANCE CHI,BRILLIANCE CHI,"2,000",Equity,Equity Securities (Main Board),89.05
1115,1115.HK,5100 XIZANG,５１００藏冰川,"10,000",Equity,Equity Securities (Main Board),21.96
1116,1116.HK,HC TECH GP,慧源同创科技,"10,000",Equity,Equity Securities (Main Board),4.75
1117,1117.HK,CH MODERN D,现代牧业,"1,000",Equity,Equity Securities (Main Board),131.0
1118,1118.HK,GOLIK HOLDINGS,高力集团,"10,000",Equity,Equity Securities (Main Board),6.89
1119,1119.HK,IDREAMSKY,创梦天地,400,Equity,Equity Securities (Main Board),9.39
1120,1120.HK,ARTS OPTICAL,雅视光学,"2,000",Equity,Equity Securities (Main Board),2.2
1121,1121.HK,GOLDENSOLAR,金阳新能源,"2,000",Equity,Equity Securities (Main Board),6.93
1122,1122.HK,QINGLING MOTORS,庆铃汽车股份,"2,000",Equity,Equity Securities (Main Board),5.82
1123,1123.HK,CHINA-HK PHOTO,中港照相,"2,000",Equity,Equity Securities (Main Board),1.64
1124,1124.HK,COASTAL GL,沿海家园,"10,000",Equity,Equity Securities (Main Board),0.46
1125,1125.HK,LAI FUNG HOLD,丽丰控股,400,Equity,Equity Securities (Main Board),2.27
1126,1126.HK,DREAM INT'L,德林国际,500,Equity,Equity Securities (Main Board),42.85
1127,1127.HK,LION ROCK GROUP,狮子山集团,"4,000",Equity,Equity Securities (Main Board),9.16
1128,1128.HK,WYNN MACAU,永利澳门,400,Equity,Equity Securities (Main Board),291.55
1129,1129.HK,WATER INDUSTRY,中国水业集团,"4,000",Equity,Equity Securities (Main Board),1.03
1130,1130.HK,CHINA ENV RES,中国环境资源,"20,000",Equity,Equity Securities (Main Board),3.1
1132,1132.HK,ORANGE SKY G H,橙天嘉禾,"5,000",Equity,Equity Securities (Main Board),2.46
1133,1133.HK,HARBIN ELECTRIC,哈尔滨电气,"2,000",Equity,Equity Securities (Main Board),102.69
1134,1134.HK,KELFRED,恒发光学,"4,000",Equity,Equity Securities (Main Board),1.2
1137,1137.HK,HK TECH VENTURE,香港科技探索,"1,000",Equity,Equity Securities (Main Board),8.11
1138,1138.HK,COSCO SHIP ENGY,中远海能,"2,000",Equity,Equity Securities (Main Board),243.78
1140,1140.HK,HK.AI CAPITAL,华科智能投资,"4,000",Equity,Investment Companies,13.17
1141,1141.HK,CMBC CAPITAL,民银资本,"1,000",Equity,Equity Securities (Main Board),7.4
1142,1142.HK,E&P GLOBAL,能源及能量环球,"2,000",Equity,Equity Securities (Main Board),12.14
1145,1145.HK,COURAGE INV,勇利投资,"20,000",Equity,Equity Securities (Main Board),1.53
1146,1146.HK,HUICHENG INTL H,汇成国际控股,"2,000",Equity,Equity Securities (Main Board),1.99
1147,1147.HK,EDENSOFT,伊登软件,"10,000",Equity,Equity Securities (Main Board),2.04
1148,1148.HK,POWER XINCHEN,新晨动力,"1,000",Equity,Equity Securities (Main Board),2.96
1150,1150.HK,MILAN STATION,米兰站,"10,000",Equity,Equity Securities (Main Board),0.78
1152,1152.HK,MOMENTUM FIN,正乾金融控股,"2,000",Equity,Equity Securities (Main Board),7.7
1153,1153.HK,JIAYUAN SER,佳源服务,"1,000",Equity,Equity Securities (Main Board),2.42
1156,1156.HK,CHINANEWENERGY,CHINANEWENERGY,"4,000",Equity,Equity Securities (Main Board),2.12
1157,1157.HK,ZOOMLION,中联重科,200,Equity,Equity Securities (Main Board),93.69
1159,1159.HK,SMART DIGI TECH,智数科技集团,"2,000",Equity,Equity Securities (Main Board),3.62
1160,1160.HK,GOLDSTONE CAP,金石资本集团,"100,000",Equity,Investment Companies,0.95
1161,1161.HK,WATER OASIS GP,奥思集团,"2,000",Equity,Equity Securities (Main Board),8.44
1162,1162.HK,LUMINA GROUP,莹岚集团,"8,000",Equity,Equity Securities (Main Board),1.53
1163,1163.HK,ADTIGER CORP,虎视传媒,"2,500",Equity,Equity Securities (Main Board),1.4
1164,1164.HK,CGN MINING,中广核矿业,"5,000",Equity,Equity Securities (Main Board),181.66
1165,1165.HK,SFCE,顺风清洁能源,"2,000",Equity,Equity Securities (Main Board),1.22
1166,1166.HK,SOLARTECH INT'L,星凯控股,"10,000",Equity,Equity Securities (Main Board),0.26
1167,1167.HK,JACOBIO-B,加科思－Ｂ,300,Equity,Equity Securities (Main Board),47.36
1168,1168.HK,Z FIN,Z FIN,"1,000",Equity,Equity Securities (Main Board),22.25
1170,1170.HK,KINGMAKER,信星集团,"2,000",Equity,Equity Securities (Main Board),2.67
1171,1171.HK,YANKUANG ENERGY,兖矿能源,"2,000",Equity,Equity Securities (Main Board),541.23
1172,1172.HK,MAGNUSCONCORDIA,融太集团,"20,000",Equity,Equity Securities (Main Board),1.27
1173,1173.HK,VEEKO INT'L,威高国际,"20,000",Equity,Equity Securities (Main Board),0.7
1176,1176.HK,ZHUGUANG HOLD,珠光控股,"2,000",Equity,Equity Securities (Main Board),1.77
1177,1177.HK,SBP GROUP,中国生物制药,"1,000",Equity,Equity Securities (Main Board),1023.83
1179,1179.HK,HWORLD-S,华住集团－Ｓ,100,Equity,Equity Securities (Main Board),1053.58
1180,1180.HK,PARADISE ENT,汇彩控股,"4,000",Equity,Equity Securities (Main Board),9.94
1181,1181.HK,TANG PALACE,唐宫中国,"2,000",Equity,Equity Securities (Main Board),1.09
1182,1182.HK,SUCCESS DRAGON,胜龙国际,"5,000",Equity,Equity Securities (Main Board),2.37
1183,1183.HK,MECOM POWER,澳能建设,"2,000",Equity,Equity Securities (Main Board),4.98
1184,1184.HK,S.A.S. DRAGON,S.A.S. DRAGON,"2,000",Equity,Equity Securities (Main Board),56.2
1186,1186.HK,CHINA RAIL CONS,中国铁建,500,Equity,Equity Securities (Main Board),92.08
1187,1187.HK,COFOE MEDICAL,可孚医疗,100,Equity,Equity Securities (Main Board),8.56
1188,1188.HK,HYBRID KINETIC,正道集团,"2,000",Equity,Equity Securities (Main Board),2.44
1191,1191.HK,CREALIGHTS,海光芯正,50,Equity,Equity Securities (Main Board),145.21
1193,1193.HK,CHINA RES GAS,华润燃气,100,Equity,Equity Securities (Main Board),396.62
1195,1195.HK,KINGWELL GROUP,京维集团,"4,000",Equity,Equity Securities (Main Board),0.46
1196,1196.HK,REALORD TECH,伟禄科技股份,"2,000",Equity,Equity Securities (Main Board),150.43
1198,1198.HK,ROYALE HOME,皇朝家居,"2,000",Equity,Equity Securities (Main Board),2.23
1199,1199.HK,COSCO SHIP PORT,中远海运港口,"2,000",Equity,Equity Securities (Main Board),230.76
1200,1200.HK,MIDLAND HOLDING,美联集团,"2,000",Equity,Equity Securities (Main Board),12.9
1201,1201.HK,TESSON HOLDINGS,天臣控股,"3,000",Equity,Equity Securities (Main Board),9.19
1202,1202.HK,SIWI SCI & TECH,四威科技,"2,000",Equity,Equity Securities (Main Board),2.42
1203,1203.HK,GUANGNAN (HOLD),广南（集团）,"2,000",Equity,Equity Securities (Main Board),5.99
1204,1204.HK,BOARDWARE INTEL,博维智慧,"2,000",Equity,Equity Securities (Main Board),9.2
1205,1205.HK,CITIC RESOURCES,中信资源,"2,000",Equity,Equity Securities (Main Board),40.07
1206,1206.HK,TECHNOVATOR,同方泰德,"2,000",Equity,Equity Securities (Main Board),1.41
1208,1208.HK,MMG,五矿资源,"4,000",Equity,Equity Securities (Main Board),1269.23
1209,1209.HK,CHINA RES MIXC,华润万象生活,200,Equity,Equity Securities (Main Board),878.31
1211,1211.HK,BYD COMPANY,比亚迪股份,100,Equity,Equity Securities (Main Board),2930.14
1213,1213.HK,MOBICON GROUP,万保刚集团,"2,000",Equity,Equity Securities (Main Board),0.98
1215,1215.HK,KAI YUAN HLDGS,开源控股,"20,000",Equity,Equity Securities (Main Board),2.43
1216,1216.HK,ZYBANK,中原银行,"1,000",Equity,Equity Securities (Main Board),19.79
1217,1217.HK,CH INNOVATION,中国创新投资,"40,000",Equity,Investment Companies,1.28
1218,1218.HK,EASYKNIT-NEW,永义国际（新）,"1,000",Equity,Equity Securities (Main Board),1.75
1220,1220.HK,ZHIDAO INT'L,志道国际,"30,000",Equity,Equity Securities (Main Board),1.16
1221,1221.HK,SINO HOTELS,SINO HOTELS,"2,000",Equity,Equity Securities (Main Board),18.69
1222,1222.HK,WANG ON GROUP,WANG ON GROUP,"20,000",Equity,Equity Securities (Main Board),2.98
1223,1223.HK,SYMPHONY HOLD,新沣集团,"10,000",Equity,Equity Securities (Main Board),39.41
1224,1224.HK,C C LAND,中渝置地,"1,000",Equity,Equity Securities (Main Board),46.01
1225,1225.HK,LERADO FIN,隆成金融,"10,000",Equity,Equity Securities (Main Board),0.56
1226,1226.HK,CH INV FIN GP,中国投融资,"10,000",Equity,Investment Companies,3.28
1228,1228.HK,CANBRIDGE-B,北海康成－Ｂ,"1,000",Equity,Equity Securities (Main Board),11.24
1229,1229.HK,NAN NAN RES,南南资源,"2,000",Equity,Equity Securities (Main Board),1.26
1231,1231.HK,NEWTON RES,新矿资源,"2,000",Equity,Equity Securities (Main Board),12.8
1232,1232.HK,GW TIANDI,金轮天地控股,"8,000",Equity,Equity Securities (Main Board),0.93
1233,1233.HK,TIMES CHINA,时代中国控股,"1,000",Equity,Equity Securities (Main Board),1.44
1234,1234.HK,CHINA LILANG,中国利郎,"1,000",Equity,Equity Securities (Main Board),34.37
1235,1235.HK,TRAVEL EXPERT,专业旅运,"5,000",Equity,Equity Securities (Main Board),0.98
1236,1236.HK,LDROBOT,乐动机器人,200,Equity,Equity Securities (Main Board),99.27
1237,1237.HK,CH ENV TECH&BIO,中科生物,"10,000",Equity,Equity Securities (Main Board),0.76
1238,1238.HK,POWERLONG,宝龙地产,"1,000",Equity,Equity Securities (Main Board),6.67
1239,1239.HK,TEAMWAY INTL GP,TEAMWAY INTL GP,"20,000",Equity,Equity Securities (Main Board),1.08
1240,1240.HK,CNQC INT'L,青建国际,"2,500",Equity,Equity Securities (Main Board),2.81
1241,1241.HK,SHUANGHUA H,双桦控股,"2,000",Equity,Equity Securities (Main Board),1.01
1243,1243.HK,WANG ON PPT,宏安地产,"4,000",Equity,Equity Securities (Main Board),4.56
1244,1244.HK,3D MEDICINES,思路迪医药股份,500,Equity,Equity Securities (Main Board),5.95
1245,1245.HK,NIRAKU,NIRAKU,"2,000",Equity,Equity Securities (Main Board),2.67
1247,1247.HK,MIKO INTL,米格国际控股,"6,000",Equity,Equity Securities (Main Board),2.15
1250,1250.HK,SDHS NEW ENERGY,山高新能源,"1,000",Equity,Equity Securities (Main Board),23.59
1251,1251.HK,SPT ENERGY,华油能源,"2,000",Equity,Equity Securities (Main Board),3.52
1252,1252.HK,CHINA TIANRUI,中国天瑞水泥,"1,000",Equity,Equity Securities (Main Board),7.4
1253,1253.HK,GREEN BROAD,绿博生态,"12,000",Equity,Equity Securities (Main Board),0.57
1255,1255.HK,TATA HEALTH,ＴＡＴＡ健康,"2,000",Equity,Equity Securities (Main Board),5.1
1257,1257.HK,CEB GREENTECH,中国光大绿色环保,"1,000",Equity,Equity Securities (Main Board),16.12
1258,1258.HK,CHINFMINING,中国有色矿业,"1,000",Equity,Equity Securities (Main Board),674.27
1259,1259.HK,PROSPER FUTURE,未来发展控股,"1,000",Equity,Equity Securities (Main Board),0.75
1260,1260.HK,WONDERFUL SKY,皓天财经集团,"2,000",Equity,Equity Securities (Main Board),4.49
1262,1262.HK,LABIXIAOXIN,蜡笔小新食品,"2,000",Equity,Equity Securities (Main Board),7.46
1265,1265.HK,TIANJINJINRAN,天津津燃公用,"10,000",Equity,Equity Securities (Main Board),0.74
1268,1268.HK,MEIDONG AUTO,美东汽车,"2,000",Equity,Equity Securities (Main Board),3.9
1269,1269.HK,FIRST CAP GP,首控集团,"10,000",Equity,Equity Securities (Main Board),0.85
1270,1270.HK,LANGHAM-SS,朗廷－ＳＳ,"2,000",Equity,Equity Securities (Main Board),16.31
1271,1271.HK,GRAND MING,佳明集团控股,"1,000",Equity,Equity Securities (Main Board),4.12
1272,1272.HK,DATANG ENVIRO,大唐环境,"1,000",Equity,Equity Securities (Main Board),6.84
1273,1273.HK,HK FINANCE GP,香港信贷,"4,000",Equity,Equity Securities (Main Board),2.97
1274,1274.HK,IMOTIONTECH,知行科技,100,Equity,Equity Securities (Main Board),5.67
1276,1276.HK,HENGRUI PHARMA,恒瑞医药,200,Equity,Equity Securities (Main Board),113.5
1277,1277.HK,KINETIC DEV,力量发展,"2,000",Equity,Equity Securities (Main Board),175.86
1278,1278.HK,CHINANEWTOWN,中国新城镇,"2,500",Equity,Equity Securities (Main Board),6.71
1280,1280.HK,QIDIAN GUOFENG,奇点国峰,"2,000",Equity,Equity Securities (Main Board),49.78
1281,1281.HK,XINDA INV HLDGS,鑫达投资控股,"1,000",Equity,Equity Securities (Main Board),1.37
1282,1282.HK,RENZE HARVEST,中泽丰,"8,000",Equity,Equity Securities (Main Board),5.0
1283,1283.HK,ACCEL GROUP,高陞集团控股,"5,000",Equity,Equity Securities (Main Board),14.95
1284,1284.HK,NEW MEDIA LAB,新传企划,"5,000",Equity,Equity Securities (Main Board),3.9
1285,1285.HK,JIASHILI GP,嘉士利集团,"1,000",Equity,Equity Securities (Main Board),6.56
1286,1286.HK,IMPRO PRECISION,鹰普精密,"1,000",Equity,Equity Securities (Main Board),154.32
1288,1288.HK,ABC,农业银行,"1,000",Equity,Equity Securities (Main Board),1961.14
1289,1289.HK,SUNLIT SCI,盛力达科技,500,Equity,Equity Securities (Main Board),0.58
1290,1290.HK,CHINA HUIRONG,中国汇融,"2,000",Equity,Equity Securities (Main Board),6.43
1292,1292.HK,CM LOGISTICS,长安民生物流,"1,000",Equity,Equity Securities (Main Board),2.42
1293,1293.HK,GRAND BAOXIN,广汇宝信,500,Equity,Equity Securities (Main Board),2.44
1298,1298.HK,YUNNAN ENERGY,云能国际,"1,000",Equity,Equity Securities (Main Board),3.07
1299,1299.HK,AIA,友邦保险,200,Equity,Equity Securities (Main Board),7791.02
1300,1300.HK,TRIGIANT,俊知集团,"2,000",Equity,Equity Securities (Main Board),40.31
1301,1301.HK,D&G TECH,德基科技控股,"2,000",Equity,Equity Securities (Main Board),1.88
1302,1302.HK,LIFETECH SCI,先健科技,"2,000",Equity,Equity Securities (Main Board),62.53
1303,1303.HK,HUILI RES,汇力资源,"2,000",Equity,Equity Securities (Main Board),3.62
1304,1304.HK,FORTIOR,FORTIOR,100,Equity,Equity Securities (Main Board),24.55
1305,1305.HK,WAI CHI HOLD,伟志控股,"1,000",Equity,Equity Securities (Main Board),1.91
1308,1308.HK,SITC,海丰国际,"1,000",Equity,Equity Securities (Main Board),1208.8
1310,1310.HK,HKBN,香港宽频,500,Equity,Equity Securities (Main Board),81.12
1312,1312.HK,KONTA CHINA,华控康泰,"6,000",Equity,Equity Securities (Main Board),1.84
1313,1313.HK,CR BLDG MAT TEC,华润建材科技,"2,000",Equity,Equity Securities (Main Board),70.88
1314,1314.HK,TSUI WAH HLDG,翠华控股,"2,000",Equity,Equity Securities (Main Board),2.53
1315,1315.HK,GREEN ECONOMY,绿色经济,"10,000",Equity,Equity Securities (Main Board),0.61
1316,1316.HK,NEXTEER,耐世特,"1,000",Equity,Equity Securities (Main Board),117.46
1317,1317.HK,MAPLELEAF EDU,枫叶教育,"2,000",Equity,Equity Securities (Main Board),4.81
1318,1318.HK,MAO GEPING,毛戈平,100,Equity,Equity Securities (Main Board),235.78
1319,1319.HK,OIWAHPAWN,霭华押业信贷,"8,000",Equity,Equity Securities (Main Board),5.39
1321,1321.HK,CHINA NEWCITY,中国新城市,"2,000",Equity,Equity Securities (Main Board),13.92
1323,1323.HK,HUASHENG INTL,华盛国际控股,"20,000",Equity,Equity Securities (Main Board),1.66
1326,1326.HK,TRANSMIT ENT,传递娱乐,"8,000",Equity,Equity Securities (Main Board),0.7
1327,1327.HK,LUXXU GROUP,励时集团,"20,000",Equity,Equity Securities (Main Board),4.01
1328,1328.HK,GOLDSTREAM INV,金涌投资,"1,000",Equity,Equity Securities (Main Board),9.03
1330,1330.HK,DYNAGREEN ENV,绿色动力环保,"1,000",Equity,Equity Securities (Main Board),24.71
1332,1332.HK,TOUYUN BIOTECH,透云生物,"10,000",Equity,Equity Securities (Main Board),4.54
1333,1333.HK,BRETON,博雷顿,200,Equity,Equity Securities (Main Board),43.19
1334,1334.HK,RUICHANG INTL,瑞昌国际控股,"2,500",Equity,Equity Securities (Main Board),5.0
1335,1335.HK,SHEEN TAI,顺泰控股,"2,000",Equity,Equity Securities (Main Board),2.63
1336,1336.HK,NCI,新华保险,100,Equity,Equity Securities (Main Board),499.89
1338,1338.HK,BAWANG GROUP,霸王集团,"2,000",Equity,Equity Securities (Main Board),1.04
1339,1339.HK,PICC GROUP,中国人民保险集团,"1,000",Equity,Equity Securities (Main Board),518.77
1340,1340.HK,HUISHENG INTL,惠生国际,"10,000",Equity,Equity Securities (Main Board),0.68
1341,1341.HK,HAO TIAN INTL,昊天国际建投,"8,000",Equity,Equity Securities (Main Board),1.78
1343,1343.HK,WEI YUAN HLDG,伟源控股,"5,000",Equity,Equity Securities (Main Board),1.49
1345,1345.HK,SH PIONEER HLDG,上海先锋控股,"1,000",Equity,Equity Securities (Main Board),27.6
1346,1346.HK,LEVER STYLE,利华控股集团,"4,000",Equity,Equity Securities (Main Board),8.31
1347,1347.HK,HUA HONG GRACE,华虹宏力,"1,000",Equity,Equity Securities (Main Board),1502.87
1348,1348.HK,QUALI-SMART,滉达富控股,"2,000",Equity,Equity Securities (Main Board),2.64
1349,1349.HK,FUDANZHANGJIANG,复旦张江,"1,000",Equity,Equity Securities (Main Board),8.18
1351,1351.HK,BRIGHT FUTURE,辉煌明天,"2,000",Equity,Equity Securities (Main Board),0.98
1354,1354.HK,KINGFARPROPERTY,经发物业,300,Equity,Equity Securities (Main Board),0.44
1355,1355.HK,BIOSYSEN,生物系统工程,"20,000",Equity,Equity Securities (Main Board),2.76
1357,1357.HK,MEITU,美图公司,500,Equity,Equity Securities (Main Board),191.78
1358,1358.HK,PW MEDTECH,普华和顺,"1,000",Equity,Equity Securities (Main Board),13.97
1359,1359.HK,CHINA CINDA,中国信达,"1,000",Equity,Equity Securities (Main Board),122.79
1361,1361.HK,361 DEGREES,３６１度,"1,000",Equity,Equity Securities (Main Board),96.03
1362,1362.HK,SIS MOBILE,新龙移动,"4,000",Equity,Equity Securities (Main Board),2.31
1364,1364.HK,GUMING,古茗,400,Equity,Equity Securities (Main Board),539.35
1368,1368.HK,XTEP INT'L,特步国际,500,Equity,Equity Securities (Main Board),94.87
1370,1370.HK,AOWEI HOLDING,奥威控股,"1,000",Equity,Equity Securities (Main Board),2.27
1371,1371.HK,CHINA ECOTOUR,中国生态旅游,"2,000",Equity,Equity Securities (Main Board),3.93
1372,1372.HK,C CARBONNEUTRAL,中国碳中和,"1,000",Equity,Equity Securities (Main Board),12.99
1373,1373.HK,IH RETAIL,国际家居零售,"1,000",Equity,Equity Securities (Main Board),4.71
1375,1375.HK,CC SECURITIES,中州证券,"1,000",Equity,Equity Securities (Main Board),21.04
1376,1376.HK,RAFFLESINTERIOR,RAFFLESINTERIOR,"8,000",Equity,Equity Securities (Main Board),0.96
1377,1377.HK,DTECH,鼎泰高科,100,Equity,Equity Securities (Main Board),40.32
1378,1378.HK,CHINAHONGQIAO,中国宏桥,500,Equity,Equity Securities (Main Board),2301.67
1379,1379.HK,WENLING MCT,温岭工量刃具,500,Equity,Equity Securities (Main Board),0.36
1380,1380.HK,CHI KINGSTONE,中国金石,"10,000",Equity,Equity Securities (Main Board),1.86
1382,1382.HK,PACIFICTEXTILES,互太纺织,"1,000",Equity,Equity Securities (Main Board),13.0
1384,1384.HK,DEEPEXI TECH,滴普科技,200,Equity,Equity Securities (Main Board),113.73
1385,1385.HK,SHANGHAI FUDAN,上海复旦,"1,000",Equity,Equity Securities (Main Board),72.05
1388,1388.HK,EMBRY HOLDINGS,安莉芳控股,"1,000",Equity,Equity Securities (Main Board),1.16
1389,1389.HK,MAJOR HLDGS,美捷汇控股,"12,000",Equity,Equity Securities (Main Board),2.69
1392,1392.HK,HQVT,海清智元,500,Equity,Equity Securities (Main Board),156.22
1393,1393.HK,HIDILI INDUSTRY,恒鼎实业,"1,000",Equity,Equity Securities (Main Board),1.34
1395,1395.HK,ELL ENV,强泰环保,"5,000",Equity,Equity Securities (Main Board),1.48
1396,1396.HK,GBA AI COMP-500,粤港湾智算－五百,500,Equity,Equity Securities (Main Board),191.31
1397,1397.HK,BAGUIO GREEN,碧瑶绿色集团,"4,000",Equity,Equity Securities (Main Board),3.11
1398,1398.HK,ICBC,工商银行,"1,000",Equity,Equity Securities (Main Board),6605.03
1399,1399.HK,VESON HLDG,锐信控股,"2,000",Equity,Equity Securities (Main Board),4.03
1400,1400.HK,MOODY TECH HLDG,满地科技股份,"10,000",Equity,Equity Securities (Main Board),0.84
1401,1401.HK,FUTURE MACH LTD,未来机器有限公司,"2,000",Equity,Equity Securities (Main Board),3.6
1402,1402.HK,I-CONTROL,超智能控股,"10,000",Equity,Equity Securities (Main Board),3.99
1405,1405.HK,DPC DASH,达势股份,100,Equity,Equity Securities (Main Board),39.49
1406,1406.HK,CLARITY MEDICAL,清晰医疗,"1,250",Equity,Equity Securities (Main Board),1.92
1407,1407.HK,JY GAS,交运燃气,"2,000",Equity,Equity Securities (Main Board),3.3
1408,1408.HK,MACAU E&M,濠江机电,"2,000",Equity,Equity Securities (Main Board),1.88
1410,1410.HK,EDVANCE INTL,安领国际,"10,000",Equity,Equity Securities (Main Board),8.33
1412,1412.HK,Q P GROUP,隽思集团,"2,000",Equity,Equity Securities (Main Board),5.59
1413,1413.HK,FEG HOLDINGS,铸帝控股,"7,000",Equity,Equity Securities (Main Board),0.79
1415,1415.HK,COWELL,高伟电子,"1,000",Equity,Equity Securities (Main Board),207.24
1416,1416.HK,CTR HOLDINGS,CTR HOLDINGS,"10,000",Equity,Equity Securities (Main Board),2.7
1417,1417.HK,RIVERINE CHINA,浦江中国,"2,000",Equity,Equity Securities (Main Board),18.47
1418,1418.HK,SINOMAX GROUP,盛诺集团,"2,000",Equity,Equity Securities (Main Board),2.0
1419,1419.HK,HUMAN HEALTH,盈健医疗,"2,000",Equity,Equity Securities (Main Board),2.92
1420,1420.HK,CHUAN HOLDING,川控股,"4,000",Equity,Equity Securities (Main Board),3.63
1421,1421.HK,PROSP GP INTL,恒昌集团国际,"5,000",Equity,Equity Securities (Main Board),1.18
1425,1425.HK,JUSTIN ALLEN H,捷隆控股,"5,000",Equity,Equity Securities (Main Board),7.5
1427,1427.HK,CH TIANBAO GP,中国天保集团,"1,000",Equity,Equity Securities (Main Board),1.6
1428,1428.HK,BRIGHT SMART,耀才证券金融,"2,000",Equity,Equity Securities (Main Board),124.33
1429,1429.HK,SKYMISSION GP,天任集团,"8,000",Equity,Equity Securities (Main Board),4.15
1431,1431.HK,YST DAIRY,原生态牧业,"1,000",Equity,Equity Securities (Main Board),14.31
1432,1432.HK,CHINASHENGMU-PF,中国圣牧－ＰＦ,"1,000",Equity,Equity Securities (Main Board),31.01
1433,1433.HK,CIRTEK HLDGS,常达控股,"10,000",Equity,Equity Securities (Main Board),1.61
1440,1440.HK,STAR SHINE HLDG,应星控股,"2,500",Equity,Equity Securities (Main Board),143.99
1442,1442.HK,INFINITY L&T,鹰辉物流,"5,000",Equity,Equity Securities (Main Board),5.78
1443,1443.HK,FULUM GP HLDG,富临集团控股,"2,000",Equity,Equity Securities (Main Board),0.88
1446,1446.HK,HUNGFOOKTONG,鸿福堂,"2,000",Equity,Equity Securities (Main Board),1.87
1447,1447.HK,SFK,新福港,"2,000",Equity,Equity Securities (Main Board),2.16
1448,1448.HK,FU SHOU YUAN,福寿园,"1,000",Equity,Equity Securities (Main Board),61.24
1449,1449.HK,LEADER EDU,立德教育,"1,000",Equity,Equity Securities (Main Board),12.16
1450,1450.HK,BE FRIENDS HLDG,交个朋友控股,"2,000",Equity,Equity Securities (Main Board),10.53
1451,1451.HK,MS GROUP HLDGS,万成集团股份,"2,000",Equity,Equity Securities (Main Board),2.49
1452,1452.HK,DENOX ENV,迪诺斯环保,"1,000",Equity,Equity Securities (Main Board),1.62
1455,1455.HK,FOURACE IND GP,科利实业控股,"5,000",Equity,Equity Securities (Main Board),3.45
1456,1456.HK,GLMS SEC,国联民生,500,Equity,Equity Securities (Main Board),17.22
1458,1458.HK,ZHOU HEI YA,周黑鸭,500,Equity,Equity Securities (Main Board),26.01
1459,1459.HK,JUJIANG CONS,巨匠建设,"2,000",Equity,Equity Securities (Main Board),0.25
1460,1460.HK,ICO GROUP,扬科集团,"8,000",Equity,Equity Securities (Main Board),2.28
1463,1463.HK,C-LINK SQ,C-LINK SQ,"2,000",Equity,Equity Securities (Main Board),10.63
1466,1466.HK,BAIJIN LIFE SCI,佰金生命科学,"8,000",Equity,Equity Securities (Main Board),11.84
1468,1468.HK,JAKOTA CAPITAL,嘉高达资本,"10,000",Equity,Equity Securities (Main Board),0.79
1470,1470.HK,PROSPER ONE,富一国际控股,"4,000",Equity,Equity Securities (Main Board),0.89
1471,1471.HK,ZHONGMIAO,众淼控股,100,Equity,Equity Securities (Main Board),2.71
1472,1472.HK,SANG HING HLDGS,生兴控股,"5,000",Equity,Equity Securities (Main Board),1.0
1473,1473.HK,PANGAEA CONNECT,环联连讯,"4,000",Equity,Equity Securities (Main Board),13.66
1475,1475.HK,NISSIN FOODS,日清食品,"1,000",Equity,Equity Securities (Main Board),68.05
1476,1476.HK,FIN STREET SEC,金融街证券,"1,000",Equity,Equity Securities (Main Board),5.41
1477,1477.HK,OCUMENSION-B,欧康维视生物－Ｂ,500,Equity,Equity Securities (Main Board),44.97
1478,1478.HK,Q TECH,丘钛科技,"1,000",Equity,Equity Securities (Main Board),66.62
1480,1480.HK,YAN TAT GROUP,恩达集团控股,"2,000",Equity,Equity Securities (Main Board),2.47
1481,1481.HK,SMART GLOBE,竣球控股,"10,000",Equity,Equity Securities (Main Board),14.89
1483,1483.HK,NET-A-GO TECH,网誉科技,"2,000",Equity,Equity Securities (Main Board),9.46
1486,1486.HK,C CHENG HLDGS,思城控股,"10,000",Equity,Equity Securities (Main Board),1.69
1488,1488.HK,BEST FOOD HLDG,百福控股,"2,000",Equity,Equity Securities (Main Board),14.68
1489,1489.HK,GC CONSTRUCTION,GC CONSTRUCTION,"5,000",Equity,Equity Securities (Main Board),24.75
1490,1490.HK,AI X TECH,AI X TECH,"4,000",Equity,Equity Securities (Main Board),3.09
1496,1496.HK,AP RENTALS,亚积邦租赁,"4,000",Equity,Equity Securities (Main Board),1.64
1497,1497.HK,YAN PALACE,燕之屋,400,Equity,Equity Securities (Main Board),29.94
1498,1498.HK,PURAPHARM,培力农本方,500,Equity,Equity Securities (Main Board),1.39
1499,1499.HK,OKG TECH,欧科云链,"10,000",Equity,Equity Securities (Main Board),6.61
1500,1500.HK,INCON,现恒建筑,"5,000",Equity,Equity Securities (Main Board),3.2
1501,1501.HK,INT MEDICAL,瑛泰医疗,200,Equity,Equity Securities (Main Board),70.12
1502,1502.HK,FIN STREET PPT,金融街物业,"1,000",Equity,Equity Securities (Main Board),2.01
1508,1508.HK,CHINA RE,中国再保险,"1,000",Equity,Equity Securities (Main Board),83.49
1511,1511.HK,UISEE TECH,驭势科技,50,Equity,Equity Securities (Main Board),68.43
1513,1513.HK,LIVZON PHARMA,丽珠医药,100,Equity,Equity Securities (Main Board),62.42
1515,1515.HK,CR MEDICAL,华润医疗,500,Equity,Equity Securities (Main Board),32.94
1516,1516.HK,SUNAC SERVICES,融创服务,"1,000",Equity,Equity Securities (Main Board),24.53
1518,1518.HK,NC HEALTHCARE,新世纪医疗,500,Equity,Equity Securities (Main Board),1.22
1519,1519.HK,J&T EXPRESS-W,极兔速递－Ｗ,200,Equity,Equity Securities (Main Board),817.17
1520,1520.HK,VIRTUAL MIND,天机控股,"6,000",Equity,Equity Securities (Main Board),7.76
1521,1521.HK,FRONTAGE,方达控股,"2,000",Equity,Equity Securities (Main Board),24.1
1522,1522.HK,BII TRANS TECH,京投交通科技,"4,000",Equity,Equity Securities (Main Board),4.61
1523,1523.HK,PLOVER BAY TECH,珩湾科技,"1,000",Equity,Equity Securities (Main Board),79.2
1525,1525.HK,GENCH EDU,建桥教育,500,Equity,Equity Securities (Main Board),9.63
1526,1526.HK,RICI HEALTH,瑞慈医疗,"1,000",Equity,Equity Securities (Main Board),12.86
1527,1527.HK,TENGY ENV,天洁环境,200,Equity,Equity Securities (Main Board),0.8
1529,1529.HK,YUES INTL HLDG,乐氏国际控股,"2,000",Equity,Equity Securities (Main Board),6.0
1530,1530.HK,3SBIO,三生制药,500,Equity,Equity Securities (Main Board),392.89
1532,1532.HK,CHINA PARTYTIME,中国派对文化,"3,000",Equity,Equity Securities (Main Board),2.75
1536,1536.HK,YUK WING GP,煜荣集团,"2,000",Equity,Equity Securities (Main Board),2.39
1538,1538.HK,ZHONG AO HOME,中奥到家,"2,000",Equity,Equity Securities (Main Board),6.71
1539,1539.HK,UNITY GP HLDGS,知行集团控股,"2,000",Equity,Equity Securities (Main Board),11.15
1540,1540.HK,LEFTFIELD PRINT,澳狮环球,"3,000",Equity,Equity Securities (Main Board),3.44
1541,1541.HK,IMMUNEONCO-B,宜明昂科－Ｂ,200,Equity,Equity Securities (Main Board),13.97
1542,1542.HK,TAIZHOU WATER,台州水务,"1,000",Equity,Equity Securities (Main Board),0.36
1543,1543.HK,JOIN-SHARE,中盈盛达融资担保,"2,000",Equity,Equity Securities (Main Board),1.04
1545,1545.HK,DESIGN CAPITAL,设计都会,"10,000",Equity,Equity Securities (Main Board),3.18
1546,1546.HK,THELLOY DEV,德莱建业,"8,000",Equity,Equity Securities (Main Board),0.94
1547,1547.HK,IBI GROUP HLDGS,IBI GROUP HLDGS,"8,000",Equity,Equity Securities (Main Board),1.79
1548,1548.HK,GENSCRIPT BIO,金斯瑞生物科技,"2,000",Equity,Equity Securities (Main Board),704.19
1549,1549.HK,EVER HARVEST GP,永丰集团控股,"8,000",Equity,Equity Securities (Main Board),1.19
1551,1551.HK,GRCB,广州农商银行,"1,000",Equity,Equity Securities (Main Board),37.85
1552,1552.HK,BHCC HOLDING,BHCC HOLDING,"5,000",Equity,Equity Securities (Main Board),2.28
1553,1553.HK,MAIKE TUBE,迈科管业,"2,000",Equity,Equity Securities (Main Board),6.51
1555,1555.HK,MIE HOLDINGS,ＭＩ能源,"2,000",Equity,Equity Securities (Main Board),1.08
1556,1556.HK,CHINNEY KW,建业建荣,"5,000",Equity,Equity Securities (Main Board),3.75
1557,1557.HK,K.H. GP HLDGS,剑虹集团控股,"4,000",Equity,Equity Securities (Main Board),2.4
1559,1559.HK,KWAN ON HLDGS,均安控股,"10,000",Equity,Equity Securities (Main Board),1.4
1560,1560.HK,STAR GROUP ASIA,星星集团,"2,000",Equity,Equity Securities (Main Board),2.18
1561,1561.HK,PAN ASIA DATA H,联洋智能控股,"4,000",Equity,Equity Securities (Main Board),0.64
1563,1563.HK,ALLI INTL ED LE,友联国际教育租赁,"1,000",Equity,Equity Securities (Main Board),2.11
1565,1565.HK,VIRSCEND EDU,成实外教育,"1,000",Equity,Equity Securities (Main Board),4.92
1566,1566.HK,CA CULTURAL,华夏文化科技,"5,000",Equity,Equity Securities (Main Board),43.23
1568,1568.HK,SUNDART HLDGS,承达集团,"2,000",Equity,Equity Securities (Main Board),14.5
1569,1569.HK,MINSHENG EDU,民生教育,"2,000",Equity,Equity Securities (Main Board),4.93
1570,1570.HK,WEIYE HOLDINGS,伟业控股,"1,000",Equity,Equity Securities (Main Board),23.05
1571,1571.HK,XIN POINT HOLD,信邦控股,"1,000",Equity,Equity Securities (Main Board),37.65
1572,1572.HK,CHINA ART FIN,中国艺术金融,"4,000",Equity,Equity Securities (Main Board),1.22
1575,1575.HK,REGAL PARTNERS,皇庭智家,"2,000",Equity,Equity Securities (Main Board),1.43
1576,1576.HK,QILU EXPRESSWAY,齐鲁高速,"1,000",Equity,Equity Securities (Main Board),34.0
1577,1577.HK,HUIXIN CREDIT,汇鑫小贷,"2,000",Equity,Equity Securities (Main Board),1.84
1578,1578.HK,BANK OF TIANJIN,天津银行,500,Equity,Equity Securities (Main Board),38.38
1579,1579.HK,YIHAI INTL,颐海国际,"1,000",Equity,Equity Securities (Main Board),146.49
1580,1580.HK,DA SEN HLDGS,大森控股,"30,000",Equity,Equity Securities (Main Board),2.74
1581,1581.HK,PROGRESSIVE P,进升集团控股,"10,000",Equity,Equity Securities (Main Board),1.25
1582,1582.HK,CR CONSTRUCTION,华营建筑,"2,500",Equity,Equity Securities (Main Board),2.25
1583,1583.HK,QINQIN FOODS,亲亲食品,"1,000",Equity,Equity Securities (Main Board),7.54
1585,1585.HK,YADEA,雅迪控股,"2,000",Equity,Equity Securities (Main Board),270.8
1586,1586.HK,LEON INSPECTION,力鸿检验,"4,000",Equity,Equity Securities (Main Board),8.21
1587,1587.HK,SHINEROAD INTL,欣融国际,"4,000",Equity,Equity Securities (Main Board),3.4
1588,1588.HK,CHANJET,畅捷通,200,Equity,Equity Securities (Main Board),6.04
1591,1591.HK,SHUN WO GROUP,汛和集团,"20,000",Equity,Equity Securities (Main Board),0.62
1592,1592.HK,ANCHORSTONE,基石控股,"10,000",Equity,Equity Securities (Main Board),2.53
1593,1593.HK,CHEN LIN EDU,辰林教育,"2,000",Equity,Equity Securities (Main Board),10.72
1596,1596.HK,YICHEN IND,翼辰实业,"1,000",Equity,Equity Securities (Main Board),0.57
1597,1597.HK,NATURE ENERGY T,纳泉能源科技,"1,000",Equity,Equity Securities (Main Board),14.5
1598,1598.HK,21CENTURY EDU,２１世纪教育,"3,000",Equity,Equity Securities (Main Board),1.29
1599,1599.HK,UCD,城建设计,"1,000",Equity,Equity Securities (Main Board),3.92
1600,1600.HK,TIAN LUN GAS,天伦燃气,500,Equity,Equity Securities (Main Board),26.19
1601,1601.HK,ZGC TEC LEASING,中关村科技租赁,"2,000",Equity,Equity Securities (Main Board),3.45
1606,1606.HK,CDB LEASING,国银金租,"2,000",Equity,Equity Securities (Main Board),42.37
1608,1608.HK,VPOWER GROUP,伟能集团,"1,000",Equity,Equity Securities (Main Board),2.94
1609,1609.HK,STAR SPORTS MED,天星医疗,50,Equity,Equity Securities (Main Board),58.48
1610,1610.HK,COFCO JOYCOME,中粮家佳康,"1,000",Equity,Equity Securities (Main Board),55.67
1611,1611.HK,BITFIRE GROUP,新火集团,500,Equity,Equity Securities (Main Board),15.14
1612,1612.HK,VINCENT MED,永胜医疗,"2,000",Equity,Equity Securities (Main Board),4.42
1613,1613.HK,SYNERTONE,协同通信,"6,400",Equity,Equity Securities (Main Board),13.59
1615,1615.HK,AB BUILDERS,奥邦建筑,"5,000",Equity,Equity Securities (Main Board),2.37
1616,1616.HK,A METAVERSE,一元宇宙,"2,000",Equity,Equity Securities (Main Board),1.29
1617,1617.HK,NANFANG COMM,南方通信,"4,000",Equity,Equity Securities (Main Board),4.31
1618,1618.HK,MCC,中国中冶,"1,000",Equity,Equity Securities (Main Board),39.75
1620,1620.HK,CINESE INTL,富盈环球集团,"10,000",Equity,Equity Securities (Main Board),2.4
1621,1621.HK,VICO INTL HLDGS,域高国际控股,"8,000",Equity,Equity Securities (Main Board),2.08
1622,1622.HK,REDCO GROUP,力高集团,"2,000",Equity,Equity Securities (Main Board),4.83
1623,1623.HK,HILONG,海隆控股,"1,000",Equity,Equity Securities (Main Board),4.24
1626,1626.HK,JIA YAO HLDGS,嘉耀控股,"1,000",Equity,Equity Securities (Main Board),150.12
1627,1627.HK,ABLE ENG HLDGS,安保工程控股,"4,000",Equity,Equity Securities (Main Board),9.3
1628,1628.HK,YUZHOU GROUP,禹洲集团,"5,000",Equity,Equity Securities (Main Board),1.67
1629,1629.HK,CHAMP ALLI INTL,冠均国际控股,"4,000",Equity,Equity Securities (Main Board),1.04
1630,1630.HK,KIN SHING HLDGS,建成控股,"6,000",Equity,Equity Securities (Main Board),4.72
1631,1631.HK,REF HOLDINGS,REF HOLDINGS,"5,000",Equity,Equity Securities (Main Board),4.01
1632,1632.HK,MSCTECH,民商创科,"2,000",Equity,Equity Securities (Main Board),0.49
1633,1633.HK,SHEUNG YUE GP,上谕集团,"3,000",Equity,Equity Securities (Main Board),3.39
1635,1635.HK,DZUG,大众公用,"1,000",Equity,Equity Securities (Main Board),12.33
1636,1636.HK,CMRU,中国金属利用,"8,000",Equity,Equity Securities (Main Board),1.39
1637,1637.HK,SH GROUP HLDG,顺兴集团控股,"2,000",Equity,Equity Securities (Main Board),2.58
1638,1638.HK,KAISA GROUP,佳兆业集团,"1,000",Equity,Equity Securities (Main Board),3.89
1640,1640.HK,QIAN XUN TECH,千循科技,"2,000",Equity,Equity Securities (Main Board),2.82
1641,1641.HK,HX COLDCHAIN,红星冷链,500,Equity,Equity Securities (Main Board),0.92
1643,1643.HK,MODERN CHI MED,现代中药集团,"3,000",Equity,Equity Securities (Main Board),5.8
1645,1645.HK,HAINA INTEL,海纳智能,"4,000",Equity,Equity Securities (Main Board),15.31
1647,1647.HK,GRANDSHORES,雄岸科技,"5,000",Equity,Equity Securities (Main Board),0.71
1650,1650.HK,HYGIEIA GROUP,HYGIEIA GROUP,"8,000",Equity,Equity Securities (Main Board),2.98
1651,1651.HK,TSUGAMI CHINA,津上机床中国,500,Equity,Equity Securities (Main Board),182.76
1652,1652.HK,FUSEN PHARM,福森药业,"1,000",Equity,Equity Securities (Main Board),5.91
1653,1653.HK,MOS HOUSE,MOS HOUSE,"20,000",Equity,Equity Securities (Main Board),3.93
1655,1655.HK,OKURA HOLDINGS,OKURA HOLDINGS,"5,000",Equity,Equity Securities (Main Board),1.19
1656,1656.HK,ISDN HOLDINGS,亿仕登控股,"2,000",Equity,Equity Securities (Main Board),18.13
1657,1657.HK,SG GROUP HLDGS,桦欣控股,500,Equity,Equity Securities (Main Board),15.01
1658,1658.HK,PSBC,邮储银行,"1,000",Equity,Equity Securities (Main Board),1065.28
1660,1660.HK,SEVEN ELEMENTS,七元投资,"8,000",Equity,Equity Securities (Main Board),12.14
1661,1661.HK,CH FRONTIER TEC,中国前沿科技集团,"6,000",Equity,Equity Securities (Main Board),3.75
1662,1662.HK,YEE HOP HLDGS,义合控股,"1,000",Equity,Equity Securities (Main Board),2.52
1663,1663.HK,S HARBOURHOLD,汉港控股,"2,000",Equity,Equity Securities (Main Board),1.48
1666,1666.HK,TONG REN TANG,同仁堂科技,"1,000",Equity,Equity Securities (Main Board),19.77
1667,1667.HK,DIMMI LIFE HLDG,迪米生活控股,"10,000",Equity,Equity Securities (Main Board),3.26
1668,1668.HK,CHINASOUTHCITY,华南城,"2,000",Equity,Equity Securities (Main Board),12.24
1669,1669.HK,GIC GROUP,环球信贷集团,"2,000",Equity,Equity Securities (Main Board),5.88
1671,1671.HK,TIANBAO ENERGY,天保能源,"2,000",Equity,Equity Securities (Main Board),1.14
1672,1672.HK,ASCLETIS-B,歌礼制药－Ｂ,"1,000",Equity,Equity Securities (Main Board),105.72
1673,1673.HK,HUAZHANG TECH,华章科技,"2,000",Equity,Equity Securities (Main Board),4.23
1675,1675.HK,ASIAINFO TECH,亚信科技,400,Equity,Equity Securities (Main Board),36.57
1676,1676.HK,GAODI HOLDINGS,高地股份,"10,000",Equity,Equity Securities (Main Board),1.95
1679,1679.HK,RISECOMM GP,瑞斯康集团,"5,000",Equity,Equity Securities (Main Board),2.87
1680,1680.HK,MACAU LEGEND,澳门励骏,"4,000",Equity,Equity Securities (Main Board),1.12
1681,1681.HK,CONSUN PHARMA,康臣药业,"1,000",Equity,Equity Securities (Main Board),110.42
1682,1682.HK,HP LIVING TECH,杭品生活科技,"4,000",Equity,Equity Securities (Main Board),2.34
1683,1683.HK,HOPE LIFE INT,旷逸国际,"16,000",Equity,Equity Securities (Main Board),2.52
1685,1685.HK,BOER POWER,博耳电力,"1,000",Equity,Equity Securities (Main Board),4.68
1686,1686.HK,SUNEVISION,新意网集团,"1,000",Equity,Equity Securities (Main Board),133.76
1688,1688.HK,LINGYI ITECH,领益智造,660,Equity,Equity Securities (Main Board),53.17
1689,1689.HK,HUAXIHOLDINGS,华禧控股,"2,000",Equity,Equity Securities (Main Board),2.03
1690,1690.HK,LAP KEI ENGRG,立基工程控股,"10,000",Equity,Equity Securities (Main Board),2.27
1691,1691.HK,JS GLOBAL LIFE,ＪＳ环球生活,500,Equity,Equity Securities (Main Board),52.47
1692,1692.HK,TOWNRAY HLDGS,登辉控股,"2,000",Equity,Equity Securities (Main Board),4.58
1693,1693.HK,BGMC,璋利国际,"2,000",Equity,Equity Securities (Main Board),4.74
1695,1695.HK,S&P INTL HLDG,椰丰集团,"5,000",Equity,Equity Securities (Main Board),0.82
1696,1696.HK,SISRAM MED,复锐医疗科技,400,Equity,Equity Securities (Main Board),9.3
1697,1697.HK,SDITC,山东国信,"1,800",Equity,Equity Securities (Main Board),2.74
1698,1698.HK,TME-SW,腾讯音乐－ＳＷ,100,Equity,Equity Securities (Main Board),510.64
1701,1701.HK,TU YI HLDG,途屹控股,"4,000",Equity,Equity Securities (Main Board),0.7
1702,1702.HK,DONGGUANG CHEM,东光化工,"4,000",Equity,Equity Securities (Main Board),11.18
1703,1703.HK,EASYHOLD GROUP,谊和股份,"5,000",Equity,Equity Securities (Main Board),0.43
1705,1705.HK,B & S INTL HLDG,宾仕国际,"4,000",Equity,Equity Securities (Main Board),3.6
1707,1707.HK,GEOTECH HLDGS,致浩达控股,"8,000",Equity,Equity Securities (Main Board),0.71
1708,1708.HK,SAMPLE TECH,三宝科技,500,Equity,Equity Securities (Main Board),0.56
1709,1709.HK,DL HOLDINGS GP,德林控股,"1,000",Equity,Equity Securities (Main Board),18.58
1710,1710.HK,TRIO IND ELEC,致丰工业电子,"4,000",Equity,Equity Securities (Main Board),19.8
1711,1711.HK,ULFERTS,欧化,"10,000",Equity,Equity Securities (Main Board),1.16
1712,1712.HK,DRAGON MINING,龙资源,"1,000",Equity,Equity Securities (Main Board),18.27
1713,1713.HK,SICHUAN EN INV,四川能投发展,"2,000",Equity,Equity Securities (Main Board),13.66
1715,1715.HK,AI HEALTH TECH,智慧健康科技,"10,000",Equity,Equity Securities (Main Board),1.46
1716,1716.HK,MOST KWAI CHUNG,毛记葵涌,"2,000",Equity,Equity Securities (Main Board),12.0
1717,1717.HK,AUSNUTRIA,澳优,"1,000",Equity,Equity Securities (Main Board),20.54
1718,1718.HK,WAN KEI GROUP,宏基集团控股,"5,000",Equity,Equity Securities (Main Board),1.82
1719,1719.HK,CIL GROUP,中国通商集团,"4,000",Equity,Equity Securities (Main Board),3.67
1721,1721.HK,FSM HOLDINGS,FSM HOLDINGS,"5,000",Equity,Equity Securities (Main Board),1.4
1722,1722.HK,KIN PANG HLDGS,建鹏控股,"10,000",Equity,Equity Securities (Main Board),1.17
1723,1723.HK,MOON INC,恒月控股,"2,000",Equity,Equity Securities (Main Board),2.1
1725,1725.HK,C STRATEGIC TEC,中国技术集团,200,Equity,Equity Securities (Main Board),2.41
1726,1726.HK,HKE HOLDINGS,HKE HOLDINGS,"5,000",Equity,Equity Securities (Main Board),9.65
1727,1727.HK,HEBEI CONS,河北建设,500,Equity,Equity Securities (Main Board),1.04
1728,1728.HK,ZHENGTONGAUTO,正通汽车,500,Equity,Equity Securities (Main Board),14.32
1729,1729.HK,TIME INTERCON,汇聚科技,"1,000",Equity,Equity Securities (Main Board),427.91
1731,1731.HK,PROSPEROUS IND,其利工业集团,"4,000",Equity,Equity Securities (Main Board),8.4
1732,1732.HK,XIANGXING TECH,象兴科技,"20,000",Equity,Equity Securities (Main Board),2.76
1733,1733.HK,E-COMMODITIES,易大宗,"2,000",Equity,Equity Securities (Main Board),19.49
1735,1735.HK,CENTRAL NEW EGY,中环新能源,"1,000",Equity,Equity Securities (Main Board),348.69
1736,1736.HK,PARENTING NET,中国育儿网络,"5,000",Equity,Equity Securities (Main Board),0.24
1737,1737.HK,A & S GROUP,亚洲实业集团,"10,000",Equity,Equity Securities (Main Board),1.6
1738,1738.HK,FS ANTHRACITE,飞尚无烟煤,"2,500",Equity,Equity Securities (Main Board),0.79
1739,1739.HK,QEEKA HOME,齐屹科技,500,Equity,Equity Securities (Main Board),1.55
1740,1740.HK,VALUES CULTURAL,新石文化,"5,000",Equity,Equity Securities (Main Board),1.68
1741,1741.HK,SHING CHI HLDGS,成志控股,"4,000",Equity,Equity Securities (Main Board),1.08
1742,1742.HK,HPC HOLDINGS,HPC HOLDINGS,"5,000",Equity,Equity Securities (Main Board),2.13
1745,1745.HK,LVJI TECH,驴迹科技,"2,000",Equity,Equity Securities (Main Board),1.44
1746,1746.HK,MAN SHUN GP,万顺集团控股,"4,000",Equity,Equity Securities (Main Board),5.05
1747,1747.HK,HOME CONTROL,HOME CONTROL,"2,000",Equity,Equity Securities (Main Board),19.26
1748,1748.HK,XIN YUAN ENT,信源企业集团,"2,000",Equity,Equity Securities (Main Board),7.74
1749,1749.HK,SHANSHAN,杉杉品牌,"1,000",Equity,Equity Securities (Main Board),0.17
1750,1750.HK,REM GROUP HLDGS,全达电器集团控股,"10,000",Equity,Equity Securities (Main Board),1.53
1751,1751.HK,AI ENERGY E-2K,智算能建（二千）,"2,000",Equity,Equity Securities (Main Board),2.91
1752,1752.HK,TOP EDUCATION,澳洲成峰高教,"10,000",Equity,Equity Securities (Main Board),2.14
1753,1753.HK,DUIBA,兑吧,400,Equity,Equity Securities (Main Board),6.41
1755,1755.HK,S-ENJOY SERVICE,新城悦服务,"1,000",Equity,Equity Securities (Main Board),24.4
1756,1756.HK,CHI SCI&EDU IND,中国科教产业,"1,000",Equity,Equity Securities (Main Board),4.38
1757,1757.HK,GLOBAL CHI BC,环球华商俱乐部,"1,000",Equity,Equity Securities (Main Board),61.8
1758,1758.HK,BOJUN EDU,博骏教育,"2,000",Equity,Equity Securities (Main Board),0.86
1759,1759.HK,SINO GAS HLDGS,中油洁能控股,"1,000",Equity,Equity Securities (Main Board),1.46
1760,1760.HK,INTRON TECH,英恒科技,"1,000",Equity,Equity Securities (Main Board),13.92
1762,1762.HK,WANKA ONLINE,万咖壹联,"1,000",Equity,Equity Securities (Main Board),20.4
1763,1763.HK,CIRC,中国同辐,200,Equity,Equity Securities (Main Board),10.79
1765,1765.HK,XJ INTL HLDGS,希教国际控股,"2,000",Equity,Equity Securities (Main Board),12.14
1766,1766.HK,CRRC,中国中车,"1,000",Equity,Equity Securities (Main Board),228.61
1767,1767.HK,TS WONDERS,TS WONDERS,"10,000",Equity,Equity Securities (Main Board),3.35
1768,1768.HK,BUSYMING,鸣鸣很忙,100,Equity,Equity Securities (Main Board),789.39
1769,1769.HK,SCHOLAR EDU,思考乐教育,"1,000",Equity,Equity Securities (Main Board),5.86
1770,1770.HK,DKE,东方科脉,50,Equity,Equity Securities (Main Board),37.08
1771,1771.HK,SUNFONDA GP,新丰泰集团,"1,000",Equity,Equity Securities (Main Board),1.02
1772,1772.HK,GANFENGLITHIUM,赣锋锂业,200,Equity,Equity Securities (Main Board),173.34
1773,1773.HK,TIANLI INT HLDG,天立国际控股,"1,000",Equity,Equity Securities (Main Board),19.42
1775,1775.HK,BEXCELLENT GP,精英汇集团,"4,000",Equity,Equity Securities (Main Board),1.76
1776,1776.HK,GF SEC,广发证券,200,Equity,Equity Securities (Main Board),349.78
1777,1777.HK,FANTASIA-NEW,花样年控股（新）,"5,000",Equity,Equity Securities (Main Board),2.58
1778,1778.HK,COLOUR LIFE,彩生活,"1,000",Equity,Equity Securities (Main Board),2.83
1779,1779.HK,LONGBIO-B,天辰生物－Ｂ,50,Equity,Equity Securities (Main Board),79.56
1780,1780.HK,RONGZUN INT'L H,荣尊国际控股,"2,500",Equity,Equity Securities (Main Board),29.64
1782,1782.HK,IB DIGITAL TECH,国际商业数字技术,"5,000",Equity,Equity Securities (Main Board),17.12
1783,1783.HK,ENVISION GREEN,晋景新能,"1,000",Equity,Equity Securities (Main Board),127.66
1785,1785.HK,CHENGDU EXPWAY,成都高速,"1,000",Equity,Equity Securities (Main Board),9.24
1786,1786.HK,CRCCE,铁建装备,500,Equity,Equity Securities (Main Board),3.78
1787,1787.HK,SD GOLD,山东黄金,250,Equity,Equity Securities (Main Board),246.28
1788,1788.HK,GUOTAI JUNAN I,国泰君安国际,"1,000",Equity,Equity Securities (Main Board),274.94
1789,1789.HK,AK MEDICAL,爱康医疗,"2,000",Equity,Equity Securities (Main Board),53.18
1790,1790.HK,TIL ENVIRO,达力环保,"5,000",Equity,Equity Securities (Main Board),4.7
1792,1792.HK,CMON,CMON,"2,000",Equity,Equity Securities (Main Board),2.96
1793,1793.HK,WECON HOLDINGS,伟工控股,"4,000",Equity,Equity Securities (Main Board),9.56
1795,1795.HK,YADONG GROUP,亚东集团,"3,000",Equity,Equity Securities (Main Board),2.94
1796,1796.HK,METASPACEX,中国数智科技,"2,000",Equity,Equity Securities (Main Board),1.73
1797,1797.HK,EAST BUY,东方甄选,500,Equity,Equity Securities (Main Board),258.2
1798,1798.HK,DATANG RENEW,大唐新能源,"1,000",Equity,Equity Securities (Main Board),27.89
1799,1799.HK,XINTE ENERGY,新特能源,400,Equity,Equity Securities (Main Board),14.48
1800,1800.HK,CHINA COMM CONS,中国交通建设,"1,000",Equity,Equity Securities (Main Board),154.2
1801,1801.HK,INNOVENT BIO,信达生物,500,Equity,Equity Securities (Main Board),1646.26
1802,1802.HK,WENYE GROUP,文业集团,"2,000",Equity,Equity Securities (Main Board),0.37
1803,1803.HK,BJ SPORTS&E-NEW,北京体育文化－新,"5,000",Equity,Equity Securities (Main Board),1.22
1808,1808.HK,ENTERPRISE DEV,企展控股,"2,000",Equity,Equity Securities (Main Board),4.73
1809,1809.HK,PRINX CHENGSHAN,浦林成山,500,Equity,Equity Securities (Main Board),43.72
1810,1810.HK,XIAOMI-W,小米集团－Ｗ,200,Equity,Equity Securities (Main Board),5528.75
1811,1811.HK,CGN NEW ENERGY,中广核新能源,"2,000",Equity,Equity Securities (Main Board),93.52
1812,1812.HK,CHENMING PAPER,晨鸣纸业,500,Equity,Equity Securities (Main Board),3.38
1813,1813.HK,KWG GROUP,合景泰富集团,500,Equity,Equity Securities (Main Board),3.21
1815,1815.HK,EVEREST GOLD,珠峰黄金,"1,000",Equity,Equity Securities (Main Board),27.96
1816,1816.HK,CGN POWER,中广核电力,"1,000",Equity,Equity Securities (Main Board),347.19
1817,1817.HK,MULSANNE GROUP,慕尚集团控股,500,Equity,Equity Securities (Main Board),2.42
1818,1818.HK,ZHAOJIN MINING,招金矿业,500,Equity,Equity Securities (Main Board),619.53
1820,1820.HK,PM PACKAGING,济丰包装,"1,000",Equity,Equity Securities (Main Board),8.42
1822,1822.HK,CHINA WOOD INT,中木国际,"30,000",Equity,Equity Securities (Main Board),2.76
1823,1823.HK,HUAYUEXPRESSWAY,华昱高速,"2,000",Equity,Equity Securities (Main Board),5.18
1825,1825.HK,STERLING GP,STERLING GP,"2,000",Equity,Equity Securities (Main Board),4.4
1826,1826.HK,FDB HOLDINGS,丰展控股,"10,000",Equity,Equity Securities (Main Board),12.83
1827,1827.HK,MIRICOR,卓珈控股,"5,000",Equity,Equity Securities (Main Board),3.56
1828,1828.HK,FWD,富卫集团,100,Equity,Equity Securities (Main Board),425.09
1830,1830.HK,PERFECT MEDICAL,完美医疗,"1,000",Equity,Equity Securities (Main Board),16.39
1831,1831.HK,SHIFANG HLDG,十方控股,"10,000",Equity,Equity Securities (Main Board),8.12
1832,1832.HK,SAI LEISURE,海天地悦旅,"1,000",Equity,Equity Securities (Main Board),5.02
1833,1833.HK,PA GOODDOCTOR,平安好医生,100,Equity,Equity Securities (Main Board),132.06
1835,1835.HK,REALWAY CAPITAL,瑞威资管,400,Equity,Equity Securities (Main Board),1.57
1836,1836.HK,STELLA HOLDINGS,九兴控股,500,Equity,Equity Securities (Main Board),98.81
1837,1837.HK,NATURAL FOOD IH,五谷磨房,"2,000",Equity,Equity Securities (Main Board),31.08
1841,1841.HK,A.PLUS GROUP,优越集团控股,"10,000",Equity,Equity Securities (Main Board),1.8
1842,1842.HK,GROWN UP GROUP,植华集团,"4,000",Equity,Equity Securities (Main Board),0.65
1843,1843.HK,SNACK EMPIRE,快餐帝国,"4,000",Equity,Equity Securities (Main Board),2.92
1845,1845.HK,WG ENV TECH,维港环保科技,"3,000",Equity,Equity Securities (Main Board),2.4
1846,1846.HK,EUROEYES,德视佳,"1,000",Equity,Equity Securities (Main Board),7.38
1847,1847.HK,GHPC,云南建投混凝土,"1,000",Equity,Equity Securities (Main Board),0.56
1848,1848.HK,CALC,中国飞机租赁,500,Equity,Equity Securities (Main Board),27.94
1849,1849.HK,AM GROUP,秀商时代控股,"5,000",Equity,Equity Securities (Main Board),0.4
1850,1850.HK,BEAUTIFULLIFEGP,美好生活集团控股,"10,000",Equity,Equity Securities (Main Board),0.73
1851,1851.HK,GINGKO EDU,银杏教育,"2,000",Equity,Equity Securities (Main Board),40.1
1853,1853.HK,CHUNCHENG HEAT,春城热力,"2,500",Equity,Equity Securities (Main Board),1.36
1854,1854.HK,CHINA WANTIAN,中国万天控股,"10,000",Equity,Equity Securities (Main Board),20.89
1855,1855.HK,ZONQING LTD,中庆股份,"2,000",Equity,Equity Securities (Main Board),1.35
1856,1856.HK,ERNEST BOREL,依波路,"1,000",Equity,Equity Securities (Main Board),6.03
1857,1857.HK,CEB WATER,中国光大水务,"1,000",Equity,Equity Securities (Main Board),37.76
1858,1858.HK,CHUNLI MEDICAL,春立医疗,250,Equity,Equity Securities (Main Board),7.48
1860,1860.HK,MOBVISTA,汇量科技,"1,000",Equity,Equity Securities (Main Board),167.19
1861,1861.HK,PRECIOUS DRAGON,保宝龙科技,"2,000",Equity,Equity Securities (Main Board),5.15
1862,1862.HK,JINGRUI HLDGS,景瑞控股,"1,000",Equity,Equity Securities (Main Board),0.25
1863,1863.HK,CHI LONGEVITY,中国龙天集团,"1,000",Equity,Equity Securities (Main Board),11.68
1865,1865.HK,PENGO HLDG GP,鹏高控股集团,"12,000",Equity,Equity Securities (Main Board),5.95
1866,1866.HK,CHINA XLX FERT,中国心连心化肥,"1,000",Equity,Equity Securities (Main Board),143.53
1867,1867.HK,STD DEV GROUP,标准发展集团,"10,000",Equity,Equity Securities (Main Board),3.41
1868,1868.HK,NEO-NEON,同方友友,"2,000",Equity,Equity Securities (Main Board),4.04
1869,1869.HK,KAFELAKU COFFEE,猫屎咖啡控股,"10,000",Equity,Equity Securities (Main Board),0.91
1870,1870.HK,GREEN POWER GP,绿色电能集团,"2,500",Equity,Equity Securities (Main Board),1.99
1871,1871.HK,CHINA ORIENTED,向中国际,"4,000",Equity,Equity Securities (Main Board),1.29
1872,1872.HK,GUAN CHAO HLDGS,冠轈控股,"5,000",Equity,Equity Securities (Main Board),26.85
1873,1873.HK,VIVA BIOTECH,维亚生物,500,Equity,Equity Securities (Main Board),27.84
1875,1875.HK,BIODLINK-B,东曜药业－Ｂ,400,Equity,Equity Securities (Main Board),29.13
1876,1876.HK,BUD APAC,百威亚太,100,Equity,Equity Securities (Main Board),776.73
1877,1877.HK,JUNSHI BIO,君实生物,200,Equity,Equity Securities (Main Board),44.61
1878,1878.HK,SOUTHGOBI,南戈壁,50,Equity,Equity Securities (Main Board),6.52
1879,1879.HK,XIZHI TECH-P,曦智科技－Ｐ,15,Equity,Equity Securities (Main Board),266.36
1880,1880.HK,CTG DUTY-FREE,中国中免,100,Equity,Equity Securities (Main Board),59.8
1882,1882.HK,HAITIAN INT'L,海天国际,"1,000",Equity,Equity Securities (Main Board),281.85
1883,1883.HK,CITIC TELECOM,中信国际电讯,"1,000",Equity,Equity Securities (Main Board),88.82
1884,1884.HK,EPRINT GROUP,ＥＰＲＩＮＴ集团,"4,000",Equity,Equity Securities (Main Board),0.62
1888,1888.HK,KB LAMINATES,建滔积层板,500,Equity,Equity Securities (Main Board),1532.23
1889,1889.HK,SANAI HEALTH GP,三爱健康集团,"5,000",Equity,Equity Securities (Main Board),0.3
1890,1890.HK,CHINA KEPEI,中国科培,"2,000",Equity,Equity Securities (Main Board),16.92
1891,1891.HK,HENG HUP,兴合控股,"4,000",Equity,Equity Securities (Main Board),1.81
1894,1894.HK,HANG YICK HLDGS,恒益控股,"5,000",Equity,Equity Securities (Main Board),1.51
1895,1895.HK,XINYUAN PM,鑫苑服务,"1,000",Equity,Equity Securities (Main Board),1.61
1896,1896.HK,MAOYAN ENT,猫眼娱乐,200,Equity,Equity Securities (Main Board),49.08
1897,1897.HK,MILLIONHOPE IND,美亨实业,"2,000",Equity,Equity Securities (Main Board),1.77
1898,1898.HK,CHINA COAL,中煤能源,"1,000",Equity,Equity Securities (Main Board),467.34
1899,1899.HK,XINGDA INT'L,兴达国际,"1,000",Equity,Equity Securities (Main Board),20.35
1900,1900.HK,CHINA ITS,中国智能交通,"1,000",Equity,Equity Securities (Main Board),3.08
1901,1901.HK,FEIYANG GROUP,飞扬集团,"2,000",Equity,Equity Securities (Main Board),1.44
1903,1903.HK,JBB BUILDERS,JBB BUILDERS,"2,000",Equity,Equity Securities (Main Board),11.25
1905,1905.HK,HAITONG UT,海通恒信,"2,000",Equity,Equity Securities (Main Board),59.1
1906,1906.HK,BONNY HLDG,博尼控股,"10,000",Equity,Equity Securities (Main Board),12.21
1907,1907.HK,CHINA RISUN GP,中国旭阳集团,"1,000",Equity,Equity Securities (Main Board),82.07
1908,1908.HK,C&D INTL GROUP,建发国际集团,"1,000",Equity,Equity Securities (Main Board),288.57
1909,1909.HK,FIRE ROCK,火岩控股,"2,000",Equity,Equity Securities (Main Board),4.49
1910,1910.HK,SAMSONITE,新秀丽,300,Equity,Equity Securities (Main Board),173.88
1911,1911.HK,CR HOLDINGS,华兴资本控股,100,Equity,Equity Securities (Main Board),22.93
1912,1912.HK,CONTEL,康特隆,"5,000",Equity,Equity Securities (Main Board),16.65
1913,1913.HK,PRADA,普拉达,100,Equity,Equity Securities (Main Board),985.15
1915,1915.HK,TAIHE M-FIN,泰和小贷,"2,000",Equity,Equity Securities (Main Board),0.4
1916,1916.HK,JIANGXI BANK,江西银行,500,Equity,Equity Securities (Main Board),7.87
1917,1917.HK,DOUMOB,豆盟科技,"10,000",Equity,Equity Securities (Main Board),1.86
1918,1918.HK,SUNAC,融创中国,"1,000",Equity,Equity Securities (Main Board),114.8
1919,1919.HK,COSCO SHIP HOLD,中远海控,500,Equity,Equity Securities (Main Board),450.67
1920,1920.HK,JUNWEA GROUP,巨美集团,"10,000",Equity,Equity Securities (Main Board),2.38
1921,1921.HK,DALIPAL HLDG,达力普控股,"2,000",Equity,Equity Securities (Main Board),53.37
1925,1925.HK,KWUNGS AROMA,旷世芳香,"2,000",Equity,Equity Securities (Main Board),5.06
1927,1927.HK,JIUJIUWANG,久久王,"5,000",Equity,Equity Securities (Main Board),2.22
1928,1928.HK,SANDS CHINA LTD,金沙中国有限公司,400,Equity,Equity Securities (Main Board),1082.89
1929,1929.HK,CHOW TAI FOOK,周大福,200,Equity,Equity Securities (Main Board),1178.04
1930,1930.HK,SHINELONG,勋龙,"4,000",Equity,Equity Securities (Main Board),2.15
1931,1931.HK,ETHK LABS INC.,华检医疗,"1,000",Equity,Equity Securities (Main Board),8.18
1932,1932.HK,CPM GROUP,中漆集团,"4,000",Equity,Equity Securities (Main Board),1.34
1933,1933.HK,ONEFORCE HLDGS,元力控股,"4,000",Equity,Equity Securities (Main Board),0.98
1935,1935.HK,JH EDUCATION,嘉宏教育,"2,000",Equity,Equity Securities (Main Board),13.21
1936,1936.HK,RITAMIX,利特米,"2,000",Equity,Equity Securities (Main Board),4.06
1937,1937.HK,JIACHEN HOLDING,佳辰控股,"5,000",Equity,Equity Securities (Main Board),1.58
1938,1938.HK,CHU KONG PIPE,珠江钢管,"1,000",Equity,Equity Securities (Main Board),2.29
1939,1939.HK,SHANGSHAN GOLD,上善黄金,"2,000",Equity,Equity Securities (Main Board),2.43
1940,1940.HK,CGII HLDGS,CGII HLDGS,"2,000",Equity,Equity Securities (Main Board),15.9
1941,1941.HK,YE XING GROUP,烨星集团,"2,000",Equity,Equity Securities (Main Board),2.61
1942,1942.HK,MOG DIGITECH,马可数字科技,"2,000",Equity,Equity Securities (Main Board),1.5
1943,1943.HK,KING'S STONE,金石控股集团,"5,000",Equity,Equity Securities (Main Board),14.43
1945,1945.HK,ZERO2IPO,清科控股,400,Equity,Equity Securities (Main Board),4.13
1947,1947.HK,MEIHAO GROUP,美皓集团,"5,000",Equity,Equity Securities (Main Board),3.57
1948,1948.HK,UJU HOLDING,优矩控股,"1,000",Equity,Equity Securities (Main Board),23.94
1949,1949.HK,PLATT NERA,佰达国际控股,"4,000",Equity,Equity Securities (Main Board),1.42
1950,1950.HK,DIWANG IND H,帝王实业控股,"4,000",Equity,Equity Securities (Main Board),0.77
1951,1951.HK,JXR,锦欣生殖,500,Equity,Equity Securities (Main Board),57.94
1952,1952.HK,EVEREST MED,云顶新耀,500,Equity,Equity Securities (Main Board),101.12
1953,1953.HK,SFQ GLOBAL,赛孚迅国际,"5,000",Equity,Equity Securities (Main Board),16.0
1955,1955.HK,JOHNSON HLDGS,庄臣控股,"2,000",Equity,Equity Securities (Main Board),2.9
1956,1956.HK,WENGE AI,中科闻歌,200,Equity,Equity Securities (Main Board),135.45
1957,1957.HK,MBV INTL,大人国际,"2,500",Equity,Equity Securities (Main Board),1.79
1958,1958.HK,BAIC MOTOR,北京汽车,500,Equity,Equity Securities (Main Board),17.9
1959,1959.HK,ZHONG JU INVEST,中聚投资,"2,000",Equity,Equity Securities (Main Board),24.35
1960,1960.HK,TBKS HLDGS,TBKS HLDGS,"5,000",Equity,Equity Securities (Main Board),3.55
1961,1961.HK,INFINITIES TECH,多牛科技,"2,000",Equity,Equity Securities (Main Board),0.73
1962,1962.HK,EVERGREEN PG,训修实业,"2,000",Equity,Equity Securities (Main Board),2.99
1963,1963.HK,BCQ,重庆银行,500,Equity,Equity Securities (Main Board),136.35
1965,1965.HK,LANDSEA LIFE,朗诗绿色生活,"1,000",Equity,Equity Securities (Main Board),0.53
1966,1966.HK,CHINA SCE GROUP,中骏集团控股,"1,000",Equity,Equity Securities (Main Board),1.94
1967,1967.HK,CONFIDENCE IN,信恳智能,200,Equity,Equity Securities (Main Board),0.89
1968,1968.HK,HINGTEX HLDGS,兴纺控股,"4,000",Equity,Equity Securities (Main Board),1.09
1969,1969.HK,CHINA CHUNLAI,中国春来,"1,000",Equity,Equity Securities (Main Board),11.7
1970,1970.HK,IMAX CHINA,IMAX CHINA,100,Equity,Equity Securities (Main Board),28.7
1971,1971.HK,RSUN SER,弘阳服务,"1,000",Equity,Equity Securities (Main Board),1.35
1972,1972.HK,SWIREPROPERTIES,太古地产,200,Equity,Equity Securities (Main Board),1418.64
1973,1973.HK,TIAN TU CAPITAL,天图投资,400,Equity,Equity Securities (Main Board),3.38
1975,1975.HK,SUN HING PRINT,新兴印刷,"4,000",Equity,Equity Securities (Main Board),2.35
1977,1977.HK,ANALOGUE HLDGS,安乐工程,"2,000",Equity,Equity Securities (Main Board),13.58
1978,1978.HK,LH GROUP,叙福楼集团,"2,000",Equity,Equity Securities (Main Board),1.74
1979,1979.HK,TEN PAO GROUP,天宝集团,"4,000",Equity,Equity Securities (Main Board),16.62
1980,1980.HK,TIANGE,天鸽互动,"1,000",Equity,Equity Securities (Main Board),7.47
1981,1981.HK,CATHAY GP HLDGS,华夏控股,"1,000",Equity,Equity Securities (Main Board),11.25
1982,1982.HK,NAMESON HLDGS,南旋控股,"2,000",Equity,Equity Securities (Main Board),17.78
1983,1983.HK,LUZHOU BANK,泸州银行,"1,000",Equity,Equity Securities (Main Board),15.44
1985,1985.HK,MICROWARE,美高域,"2,000",Equity,Equity Securities (Main Board),8.03
1986,1986.HK,TSAKER NE,彩客新能源,500,Equity,Equity Securities (Main Board),9.58
1987,1987.HK,BENG SOON MACH,BENG SOON MACH,"4,000",Equity,Equity Securities (Main Board),2.15
1988,1988.HK,MINSHENG BANK,民生银行,500,Equity,Equity Securities (Main Board),296.62
1989,1989.HK,DELTON,广合科技,100,Equity,Equity Securities (Main Board),58.88
1991,1991.HK,TA YANG GROUP,大洋集团,"10,000",Equity,Equity Securities (Main Board),1.2
1993,1993.HK,ASIARAY,雅仕维,500,Equity,Equity Securities (Main Board),2.28
1995,1995.HK,ES SERVICES,永升服务,"2,000",Equity,Equity Securities (Main Board),30.14
1996,1996.HK,RSUN PPT,弘阳地产,"1,000",Equity,Equity Securities (Main Board),1.0
1997,1997.HK,WHARF REIC,九龙仓置业,"1,000",Equity,Equity Securities (Main Board),950.95
1999,1999.HK,MAN WAH HLDGS,敏华控股,400,Equity,Equity Securities (Main Board),111.67
2000,2000.HK,SIM TECH,晨讯科技,"2,000",Equity,Equity Securities (Main Board),5.51
2001,2001.HK,NEW HIGHER EDU,新高教集团,"1,000",Equity,Equity Securities (Main Board),9.96
2002,2002.HK,SUNSHINE PAPER,阳光纸业,"2,000",Equity,Equity Securities (Main Board),11.5
2003,2003.HK,VCREDIT,维信金科,200,Equity,Equity Securities (Main Board),4.45
2005,2005.HK,SSY GROUP,石四药集团,"2,000",Equity,Equity Securities (Main Board),76.19
2007,2007.HK,COUNTRY GARDEN,碧桂园,"1,000",Equity,Equity Securities (Main Board),84.11
2008,2008.HK,PHOENIX TV,凤凰卫视,"1,000",Equity,Equity Securities (Main Board),6.99
2009,2009.HK,BBMG,金隅集团,"1,000",Equity,Equity Securities (Main Board),14.27
2011,2011.HK,GILSTON GROUP,进腾集团,"2,000",Equity,Equity Securities (Main Board),6.89
2012,2012.HK,SUNSHINE OIL,阳光油砂,"1,000",Equity,Equity Securities (Main Board),1.1
2013,2013.HK,WEIMOB INC,微盟集团,"1,000",Equity,Equity Securities (Main Board),34.5
2015,2015.HK,LI AUTO-W,理想汽车－Ｗ,100,Equity,Equity Securities (Main Board),757.05
2016,2016.HK,CZBANK,浙商银行,"1,000",Equity,Equity Securities (Main Board),144.16
2017,2017.HK,CHANHIGH,沧海控股,"2,000",Equity,Equity Securities (Main Board),3.53
2018,2018.HK,AAC TECH,瑞声科技,500,Equity,Equity Securities (Main Board),479.18
2020,2020.HK,ANTA SPORTS,安踏体育,200,Equity,Equity Securities (Main Board),2014.99
2022,2022.HK,DIGIT HOLLYWOOD,游莱互动,"4,000",Equity,Equity Securities (Main Board),0.96
2023,2023.HK,CHINA LUDAO,中国绿岛科技,"4,000",Equity,Equity Securities (Main Board),3.69
2025,2025.HK,RUIFENG POWER,瑞丰动力,"2,000",Equity,Equity Securities (Main Board),96.8
2026,2026.HK,PONY-W,小马智行－Ｗ,100,Equity,Equity Securities (Main Board),186.38
2028,2028.HK,JOLIMARK,映美控股,"2,000",Equity,Equity Securities (Main Board),27.72
2030,2030.HK,CABBEEN,卡宾,"1,000",Equity,Equity Securities (Main Board),8.56
2031,2031.HK,AUSUPREME,澳至尊,"5,000",Equity,Equity Securities (Main Board),3.31
2033,2033.HK,TIME WATCH,时计宝,"2,000",Equity,Equity Securities (Main Board),4.57
2038,2038.HK,FIH,富智康集团,"1,000",Equity,Equity Securities (Main Board),131.17
2039,2039.HK,CIMC,中集集团,100,Equity,Equity Securities (Main Board),242.59
2041,2041.HK,MEDCAPTAIN,麦科田,100,Equity,Equity Securities (Main Board),43.2
2048,2048.HK,E-HOUSE ENT,易居企业控股,300,Equity,Equity Securities (Main Board),1.42
2050,2050.HK,SANHUA,三花智控,100,Equity,Equity Securities (Main Board),117.23
2051,2051.HK,VALA,VALA,"10,000",Equity,Equity Securities (Main Board),6.28
2057,2057.HK,ZTO EXPRESS-W,中通快递－Ｗ,50,Equity,Equity Securities (Main Board),911.26
2068,2068.HK,CHALIECO,中铝国际,"1,000",Equity,Equity Securities (Main Board),7.17
2076,2076.HK,BOSS ZHIPIN-W,ＢＯＳＳ直聘－Ｗ,100,Equity,Equity Securities (Main Board),517.35
2078,2078.HK,PANASIALUM,荣阳实业,"1,000",Equity,Equity Securities (Main Board),1.62
2080,2080.HK,AUX INTL,奥克斯国际,"2,000",Equity,Equity Securities (Main Board),1.55
2086,2086.HK,LEADWAY TECH,高维科技,"1,000",Equity,Equity Securities (Main Board),1.71
2088,2088.HK,XIWANG PROPERTY,西王置业,"2,000",Equity,Equity Securities (Main Board),0.54
2096,2096.HK,SIMCERE PHARMA,先声药业,"1,000",Equity,Equity Securities (Main Board),288.15
2097,2097.HK,MIXUE GROUP,蜜雪集团,100,Equity,Equity Securities (Main Board),291.66
2098,2098.HK,ZALL SMARTCOM,卓尔智联,"1,000",Equity,Equity Securities (Main Board),9.3
2099,2099.HK,CHINAGOLDINTL,中国黄金国际,100,Equity,Equity Securities (Main Board),1074.28
2100,2100.HK,BAIOO,百奥家庭互动,"2,000",Equity,Equity Securities (Main Board),7.86
2101,2101.HK,FULU HOLDINGS,福禄控股,500,Equity,Equity Securities (Main Board),3.82
2102,2102.HK,TAK LEE MACH,德利机械,"10,000",Equity,Equity Securities (Main Board),3.25
2105,2105.HK,LAEKNA-B,来凯医药－Ｂ,500,Equity,Equity Securities (Main Board),28.48
2107,2107.HK,FIRST SERVICE,第一服务控股,"2,500",Equity,Equity Securities (Main Board),5.12
2108,2108.HK,K2 F&B,K2 F&B,"4,000",Equity,Equity Securities (Main Board),3.2
2110,2110.HK,TIAN CHENG HLDG,天成控股,"2,000",Equity,Equity Securities (Main Board),0.28
2111,2111.HK,BEST PACIFIC,超盈国际控股,"2,000",Equity,Equity Securities (Main Board),28.39
2112,2112.HK,GRACE LIFE-TECH,恩典生命科技,"2,000",Equity,Equity Securities (Main Board),0.56
2113,2113.HK,CENTURY GP INTL,世纪集团国际,"5,000",Equity,Equity Securities (Main Board),3.58
2116,2116.HK,JS INNOV,江苏创新,"2,000",Equity,Equity Securities (Main Board),3.43
2119,2119.HK,TSIT WING INTL,捷荣国际控股,"2,000",Equity,Equity Securities (Main Board),3.24
2120,2120.HK,KN HOSPITAL,康宁医院,100,Equity,Equity Securities (Main Board),2.67
2121,2121.HK,AINNOVATION,创新奇智,100,Equity,Equity Securities (Main Board),23.16
2122,2122.HK,KIDSLAND INTL,凯知乐国际,"2,000",Equity,Equity Securities (Main Board),1.19
2125,2125.HK,STRAWBEAR ENT,稻草熊娱乐,"1,000",Equity,Equity Securities (Main Board),2.05
2126,2126.HK,JW THERAP-B,药明巨诺－Ｂ,500,Equity,Equity Securities (Main Board),8.42
2127,2127.HK,HUISEN SHARES,汇森股份,"2,000",Equity,Equity Securities (Main Board),0.77
2128,2128.HK,CHINA LESSO,中国联塑,"1,000",Equity,Equity Securities (Main Board),102.69
2129,2129.HK,LEGION CONSO,LEGION CONSO,"5,000",Equity,Equity Securities (Main Board),2.79
2130,2130.HK,CN LOGISTICS,嘉泓物流,"1,000",Equity,Equity Securities (Main Board),9.27
2131,2131.HK,NETJOY,云想科技,"1,000",Equity,Equity Securities (Main Board),3.62
2132,2132.HK,LANDRICH HLDG,誉燊丰控股,"8,000",Equity,Equity Securities (Main Board),2.48
2135,2135.HK,RAILY AESMED,瑞丽医美,"10,000",Equity,Equity Securities (Main Board),0.67
2136,2136.HK,LIFESTYLE CHI,利福中国,500,Equity,Equity Securities (Main Board),8.64
2137,2137.HK,BRII-B,腾盛博药－Ｂ,500,Equity,Equity Securities (Main Board),6.57
2138,2138.HK,EC HEALTHCARE,医思健康,"1,000",Equity,Equity Securities (Main Board),5.39
2139,2139.HK,BANK OF GANSU,甘肃银行,"1,000",Equity,Equity Securities (Main Board),9.86
2142,2142.HK,HBM HOLDINGS-B,和铂医药－Ｂ,"1,000",Equity,Equity Securities (Main Board),123.35
2145,2145.HK,CHICMAX,上美股份,100,Equity,Equity Securities (Main Board),45.91
2146,2146.HK,ROISERV,荣万家,500,Equity,Equity Securities (Main Board),1.88
2147,2147.HK,ZHENGWEI GROUP,正味集团,"4,000",Equity,Equity Securities (Main Board),2.85
2149,2149.HK,BATELAB,贝克微,100,Equity,Equity Securities (Main Board),5.9
2150,2150.HK,NAYUKI,奈雪的茶,500,Equity,Equity Securities (Main Board),11.35
2152,2152.HK,SUXIN SERVICES,苏新服务,500,Equity,Equity Securities (Main Board),1.25
2153,2153.HK,TAT HONG EQUIP,达丰设备,"2,000",Equity,Equity Securities (Main Board),11.26
2155,2155.HK,MORIMATSU INTL,森松国际,"1,000",Equity,Equity Securities (Main Board),88.99
2156,2156.HK,C&D PROPERTY,建发物业,"1,000",Equity,Equity Securities (Main Board),37.53
2157,2157.HK,LEPU BIO,乐普生物,"1,000",Equity,Equity Securities (Main Board),71.46
2158,2158.HK,YIDU TECH,医渡科技,100,Equity,Equity Securities (Main Board),35.95
2159,2159.HK,MEDIWELCOME,麦迪卫康,"8,000",Equity,Equity Securities (Main Board),5.79
2160,2160.HK,MP CARDIOFLOW-B,微创心通－Ｂ,"1,000",Equity,Equity Securities (Main Board),16.3
2161,2161.HK,JBM HEALTHCARE,健倍苗苗,"2,000",Equity,Equity Securities (Main Board),14.02
2162,2162.HK,KEYMED BIO-B,康诺亚－Ｂ,500,Equity,Equity Securities (Main Board),219.72
2163,2163.HK,BROAD HOMES,远大住工,300,Equity,Equity Securities (Main Board),1.86
2165,2165.HK,LING YUE SER GP,领悦服务集团,"1,000",Equity,Equity Securities (Main Board),4.31
2166,2166.HK,SMART-CORE,芯智控股,"2,000",Equity,Equity Securities (Main Board),24.31
2167,2167.HK,TI CLOUD,天润云,200,Equity,Equity Securities (Main Board),8.7
2168,2168.HK,KAISA PROSPER,佳兆业美好,250,Equity,Equity Securities (Main Board),1.51
2169,2169.HK,CANGGANGRAILWAY,沧港铁路,"2,000",Equity,Equity Securities (Main Board),21.6
2170,2170.HK,BASECARE-B,贝康医疗－Ｂ,500,Equity,Equity Securities (Main Board),1.12
2171,2171.HK,CARSGEN-B,科济药业－Ｂ,500,Equity,Equity Securities (Main Board),74.1
2172,2172.HK,MICROPORT NEURO,微创脑科学,"1,000",Equity,Equity Securities (Main Board),45.8
2175,2175.HK,CH GENERAL EDU,中国通才教育,"1,000",Equity,Equity Securities (Main Board),11.96
2176,2176.HK,CCID CONSULTING,赛迪顾问,"10,000",Equity,Equity Securities (Main Board),0.98
2177,2177.HK,UNQ HOLDINGS,优趣汇控股,200,Equity,Equity Securities (Main Board),3.7
2178,2178.HK,PETRO-KING,百勤油服,"1,000",Equity,Equity Securities (Main Board),4.4
2179,2179.HK,RECBIO-B,瑞科生物－Ｂ,500,Equity,Equity Securities (Main Board),22.45
2180,2180.HK,MANPOWER GRC,万宝盛华,250,Equity,Equity Securities (Main Board),10.17
2181,2181.HK,MABPHARM-B,迈博药业－Ｂ,"2,000",Equity,Equity Securities (Main Board),18.56
2182,2182.HK,TIAN CHANG GP,天长集团,"4,000",Equity,Equity Securities (Main Board),2.26
2185,2185.HK,BIOHEART-B,百心安－Ｂ,100,Equity,Equity Securities (Main Board),4.02
2186,2186.HK,LUYE PHARMA,绿叶制药,500,Equity,Equity Securities (Main Board),73.1
2187,2187.HK,ZHIXIN GP HLDG,智欣集团控股,"2,000",Equity,Equity Securities (Main Board),3.73
2188,2188.HK,TITANS ENERGY,泰坦能源技术,"2,000",Equity,Equity Securities (Main Board),1.03
2189,2189.HK,KATO (HK) HLDGS,嘉涛（香港）控股,"4,000",Equity,Equity Securities (Main Board),4.95
2190,2190.HK,ZYLOXTB,归创通桥,500,Equity,Equity Securities (Main Board),65.77
2192,2192.HK,MEDLIVE,医脉通,500,Equity,Equity Securities (Main Board),50.34
2193,2193.HK,MAN KING HOLD,万景控股,"4,000",Equity,Equity Securities (Main Board),1.68
2195,2195.HK,UNITY ENT,盈汇企业控股,"10,000",Equity,Equity Securities (Main Board),0.44
2196,2196.HK,FOSUN PHARMA,复星医药,500,Equity,Equity Securities (Main Board),88.97
2197,2197.HK,CLOVER BIO-B,三叶草生物－Ｂ,500,Equity,Equity Securities (Main Board),25.91
2198,2198.HK,CHINA SANJIANG,中国三江化工,"1,000",Equity,Equity Securities (Main Board),50.81
2199,2199.HK,REGINA MIRACLE,维珍妮,"1,000",Equity,Equity Securities (Main Board),30.97
2202,2202.HK,CHINA VANKE,万科企业,100,Equity,Equity Securities (Main Board),51.74
2203,2203.HK,BRAINHOLE TECH,脑洞科技,"10,000",Equity,Equity Securities (Main Board),0.96
2205,2205.HK,KANGQIAO SER,康桥悦生活,"1,000",Equity,Equity Securities (Main Board),3.81
2208,2208.HK,GOLDWIND,金风科技,200,Equity,Equity Securities (Main Board),70.54
2209,2209.HK,YESASIA HLDGS,喆丽控股,"1,000",Equity,Equity Securities (Main Board),14.56
2210,2210.HK,BEIJING JIAYE,京城佳业,400,Equity,Equity Securities (Main Board),0.77
2211,2211.HK,UNI HEALTH,大健康国际,"5,000",Equity,Equity Securities (Main Board),0.75
2212,2212.HK,FB MINING,高鹏矿业,"10,000",Equity,Equity Securities (Main Board),1.9
2215,2215.HK,DEXIN SER GROUP,德信服务集团,"1,000",Equity,Equity Securities (Main Board),1.87
2216,2216.HK,BRONCUS-B,堃博医疗－Ｂ,500,Equity,Equity Securities (Main Board),3.24
2218,2218.HK,ANDRE JUICE,安德利果汁,500,Equity,Equity Securities (Main Board),14.38
2219,2219.HK,CHAOJU EYE CARE,朝聚眼科,500,Equity,Equity Securities (Main Board),17.68
2221,2221.HK,NEW CONCEPTS,创业集团控股,"4,000",Equity,Equity Securities (Main Board),1.2
2222,2222.HK,NVC INTL,雷士国际,"10,000",Equity,Equity Securities (Main Board),3.15
2223,2223.HK,CASABLANCA,卡撒天娇,"2,000",Equity,Equity Securities (Main Board),1.34
2225,2225.HK,JINHAI MED TECH,今海医疗科技,"5,000",Equity,Equity Securities (Main Board),344.96
2226,2226.HK,HONWORLD GP,老恒和酿造,500,Equity,Equity Securities (Main Board),3.79
2227,2227.HK,SOLIS HOLDINGS,守益控股,"4,000",Equity,Equity Securities (Main Board),3.43
2228,2228.HK,XTALPI,晶泰控股,"1,000",Equity,Equity Securities (Main Board),310.01
2230,2230.HK,MEDIALINK GROUP,羚邦集团,"5,000",Equity,Equity Securities (Main Board),4.02
2231,2231.HK,JY GRANDMARK,景业名邦集团,"1,000",Equity,Equity Securities (Main Board),0.3
2232,2232.HK,CRYSTAL INTL,晶苑国际,500,Equity,Equity Securities (Main Board),192.14
2233,2233.HK,WESTCHINACEMENT,西部水泥,"2,000",Equity,Equity Securities (Main Board),105.43
2235,2235.HK,MICROTECH MED-B,微泰医疗－Ｂ,100,Equity,Equity Securities (Main Board),10.73
2236,2236.HK,WISON ENGRG,惠生工程,"1,000",Equity,Equity Securities (Main Board),20.4
2237,2237.HK,CHINA GRAPHITE,中国石墨,"10,000",Equity,Equity Securities (Main Board),3.15
2238,2238.HK,GAC GROUP,广汽集团,"2,000",Equity,Equity Securities (Main Board),60.49
2239,2239.HK,SMIT,国微控股,"1,000",Equity,Equity Securities (Main Board),4.06
2245,2245.HK,LYGEND RESOURCE,力勤资源,200,Equity,Equity Securities (Main Board),98.9
2246,2246.HK,GOGOX,快狗打车,"2,000",Equity,Equity Securities (Main Board),0.79
2249,2249.HK,NEXCHIP,晶合集成,100,Equity,Equity Securities (Main Board),64.76
2250,2250.HK,B.DUCK SEMK,小黄鸭德盈,"1,000",Equity,Equity Securities (Main Board),3.53
2251,2251.HK,AIRDOC-B,鹰瞳科技－Ｂ,100,Equity,Equity Securities (Main Board),8.62
2252,2252.HK,MEDBOT-B,微创机器人－Ｂ,500,Equity,Equity Securities (Main Board),218.31
2255,2255.HK,HAICHANG HLDG,海昌海洋公园,"1,000",Equity,Equity Securities (Main Board),25.5
2256,2256.HK,ABBISKO-B,和誉－Ｂ,"1,000",Equity,Equity Securities (Main Board),59.94
2257,2257.HK,SIRNAOMICS-B,圣诺医药－Ｂ,50,Equity,Equity Securities (Main Board),4.32
2258,2258.HK,WATTS INT'L,华滋国际海洋,"2,000",Equity,Equity Securities (Main Board),2.43
2259,2259.HK,ZIJIN GOLD INTL,紫金黄金国际,100,Equity,Equity Securities (Main Board),4397.23
2260,2260.HK,VANOV HOLDINGS,环龙控股,"2,000",Equity,Equity Securities (Main Board),5.97
2261,2261.HK,NASN TECH,拿森科技,100,Equity,Equity Securities (Main Board),96.39
2262,2262.HK,SLD GROUP,梁志天设计集团,"3,000",Equity,Equity Securities (Main Board),4.39
2263,2263.HK,FU SHEK FIN,富石金融,"10,000",Equity,Equity Securities (Main Board),3.15
2265,2265.HK,HC ENV TECH,鸿承环保科技,"5,000",Equity,Equity Securities (Main Board),11.3
2266,2266.HK,LAI SI ENT,黎氏企业,"2,000",Equity,Equity Securities (Main Board),1.44
2268,2268.HK,WUXI XDC,药明合联,500,Equity,Equity Securities (Main Board),926.49
2269,2269.HK,WUXI BIO,药明生物,500,Equity,Equity Securities (Main Board),1974.07
2270,2270.HK,DESUN SERVICES,德商产投服务,"2,000",Equity,Equity Securities (Main Board),40.94
2271,2271.HK,ZHONGAN SERVICE,众安智慧生活,"2,000",Equity,Equity Securities (Main Board),16.8
2272,2272.HK,KEYTOP PARKING,科拓股份,60,Equity,Equity Securities (Main Board),85.29
2273,2273.HK,GUSHENGTANG,固生堂,100,Equity,Equity Securities (Main Board),59.9
2276,2276.HK,CONANT OPTICAL,康耐特光学,100,Equity,Equity Securities (Main Board),211.86
2279,2279.HK,YONGHE MEDICAL,雍禾医疗,500,Equity,Equity Securities (Main Board),10.4
2280,2280.HK,HC GROUP,慧聪集团,500,Equity,Equity Securities (Main Board),2.7
2281,2281.HK,XINGLU WATER,兴泸水务,"1,000",Equity,Equity Securities (Main Board),1.29
2282,2282.HK,MGM CHINA,美高梅中国,400,Equity,Equity Securities (Main Board),383.85
2283,2283.HK,TK GROUP HLDG,东江集团控股,"2,000",Equity,Equity Securities (Main Board),13.04
2285,2285.HK,CHERVON,泉峰控股,100,Equity,Equity Securities (Main Board),101.84
2286,2286.HK,CHEN XING,辰兴发展,"1,000",Equity,Equity Securities (Main Board),2.04
2288,2288.HK,RYKADAN CAPITAL,宏基资本,"1,000",Equity,Equity Securities (Main Board),0.57
2289,2289.HK,CHARMACY PHAR,创美药业,500,Equity,Equity Securities (Main Board),5.93
2290,2290.HK,LUNG FUNG GROUP,龙丰集团,500,Equity,Equity Securities (Main Board),19.15
2291,2291.HK,SCIENTECH,心泰医疗,"1,000",Equity,Equity Securities (Main Board),38.92
2293,2293.HK,BAMBOOSHEALTH,百本医护,"4,000",Equity,Equity Securities (Main Board),1.53
2295,2295.HK,MAXICITY,丰城控股,"5,000",Equity,Equity Securities (Main Board),18.94
2297,2297.HK,RAINMED-B,润迈德－Ｂ,"1,000",Equity,Equity Securities (Main Board),2.24
2298,2298.HK,COSMO LADY,都市丽人,"1,000",Equity,Equity Securities (Main Board),6.41
2299,2299.HK,BILLION IND,百宏实业,"2,000",Equity,Equity Securities (Main Board),118.39
2302,2302.HK,CNNC INT'L,中核国际,"1,000",Equity,Equity Securities (Main Board),18.29
2306,2306.HK,YH ENT,乐华娱乐,"3,000",Equity,Equity Securities (Main Board),15.95
2307,2307.HK,KAM HING INT'L,锦兴国际控股,"2,000",Equity,Equity Securities (Main Board),1.44
2309,2309.HK,ZO FUTURE GROUP,大象未来集团,"2,000",Equity,Equity Securities (Main Board),17.53
2310,2310.HK,TIMES UNI GP,时代环球集团,"2,000",Equity,Equity Securities (Main Board),2.01
2312,2312.HK,LONG INV CORP,ＬＯＮＧ投资集团,"10,000",Equity,Investment Companies,1.78
2313,2313.HK,SHENZHOU INTL,申洲国际,100,Equity,Equity Securities (Main Board),529.9
2314,2314.HK,LEE & MAN PAPER,理文造纸,"1,000",Equity,Equity Securities (Main Board),158.7
2315,2315.HK,BIOCYTOGEN-B,百奥赛图－Ｂ,500,Equity,Equity Securities (Main Board),64.36
2317,2317.HK,VEDAN INT'L,味丹国际,"4,000",Equity,Equity Securities (Main Board),11.34
2318,2318.HK,PING AN,中国平安,500,Equity,Equity Securities (Main Board),4085.0
2319,2319.HK,MENGNIU DAIRY,蒙牛乳业,"1,000",Equity,Equity Securities (Main Board),700.69
2320,2320.HK,HOP FUNG GROUP,合丰集团,"2,000",Equity,Equity Securities (Main Board),1.97
2321,2321.HK,SWANGCHAICHUAN,双财庄,"5,000",Equity,Equity Securities (Main Board),5.0
2322,2322.HK,MODERN INNO DT,新质数字,"8,000",Equity,Equity Securities (Main Board),2.65
2324,2324.HK,CAPITAL VC,首都创投,"10,000",Equity,Investment Companies,0.91
2325,2325.HK,YUNKANG GROUP,云康集团,"3,000",Equity,Equity Securities (Main Board),3.17
2326,2326.HK,NPE HOLDINGS,新源万恒控股,"10,000",Equity,Equity Securities (Main Board),2.11
2327,2327.HK,MEILLEUREHEALTH,美瑞健康国际,"6,000",Equity,Equity Securities (Main Board),9.17
2328,2328.HK,PICC P&C,中国财险,"2,000",Equity,Equity Securities (Main Board),1175.64
2329,2329.HK,GLORY HEALTH,国瑞健康,"1,000",Equity,Equity Securities (Main Board),4.84
2330,2330.HK,CHINA UPTOWN,中国上城,"8,000",Equity,Equity Securities (Main Board),1.18
2331,2331.HK,LI NING,李宁,500,Equity,Equity Securities (Main Board),337.58
2333,2333.HK,GWMOTOR,长城汽车,500,Equity,Equity Securities (Main Board),173.75
2335,2335.HK,MICOT PHARMA-B,麦科医药－Ｂ,200,Equity,Equity Securities (Main Board),67.5
2336,2336.HK,SHUOAO INTL,硕奥国际,"10,000",Equity,Equity Securities (Main Board),4.45
2337,2337.HK,UNITED STRENGTH,众诚能源,"1,000",Equity,Equity Securities (Main Board),5.32
2338,2338.HK,WEICHAI POWER,潍柴动力,"1,000",Equity,Equity Securities (Main Board),614.39
2339,2339.HK,BWI INT'L,京西国际,"2,000",Equity,Equity Securities (Main Board),55.12
2340,2340.HK,ISP HOLDINGS,昇柏控股,"4,000",Equity,Equity Securities (Main Board),1.06
2342,2342.HK,COMBA,京信通信,"2,000",Equity,Equity Securities (Main Board),22.35
2343,2343.HK,PACIFIC BASIN,太平洋航运,"1,000",Equity,Equity Securities (Main Board),222.54
2347,2347.HK,YOHO GROUP,友和集团,"2,000",Equity,Equity Securities (Main Board),3.56
2348,2348.HK,DAWNRAYS PHARMA,东瑞制药,"4,000",Equity,Equity Securities (Main Board),14.99
2349,2349.HK,CHINA AI INFRA,中国智能基础设施,"4,000",Equity,Equity Securities (Main Board),2.75
2350,2350.HK,MTT GROUP,数科集团,"5,000",Equity,Equity Securities (Main Board),6.56
2352,2352.HK,DOWELL SERVICE,东原仁知服务,200,Equity,Equity Securities (Main Board),2.55
2355,2355.HK,BAOYE GROUP,宝业集团,"2,000",Equity,Equity Securities (Main Board),5.1
2356,2356.HK,DAHSING BANKING,大新银行集团,400,Equity,Equity Securities (Main Board),197.37
2357,2357.HK,AVICHINA,中航科工,"1,000",Equity,Equity Securities (Main Board),185.39
2358,2358.HK,JIU RONG HOLD,久融控股,"10,000",Equity,Equity Securities (Main Board),0.82
2359,2359.HK,WUXI APPTEC,药明康德,100,Equity,Equity Securities (Main Board),1012.85
2360,2360.HK,BEST MART 360,优品３６０,"2,000",Equity,Equity Securities (Main Board),17.8
2361,2361.HK,SINOHEALTH TECH,中康科技控股,500,Equity,Equity Securities (Main Board),20.69
2362,2362.HK,JINCHUAN INTL,金川国际,"1,000",Equity,Equity Securities (Main Board),83.52
2363,2363.HK,TONGDA HONG TAI,通达宏泰,"5,000",Equity,Equity Securities (Main Board),0.51
2367,2367.HK,GIANT BIOGENE,巨子生物,200,Equity,Equity Securities (Main Board),274.34
2368,2368.HK,EAGLE NICE,鹰美,"2,000",Equity,Equity Securities (Main Board),16.82
2369,2369.HK,COOLPAD GROUP,酷派集团,"4,000",Equity,Equity Securities (Main Board),1.99
2370,2370.HK,REDCO HEALTHY,力高健康生活,500,Equity,Equity Securities (Main Board),2.52
2371,2371.HK,CHUANGLIAN HOLD,创联控股,"8,000",Equity,Equity Securities (Main Board),1.38
2372,2372.HK,WEILI HOLDINGS,伟立控股,"4,000",Equity,Equity Securities (Main Board),8.24
2373,2373.HK,BEAUTYFARM MED,美丽田园医疗健康,500,Equity,Equity Securities (Main Board),45.14
2376,2376.HK,LUSHANGSERVICES,鲁商服务,500,Equity,Equity Securities (Main Board),0.77
2377,2377.HK,BOQI ENV,博奇环保,"1,000",Equity,Equity Securities (Main Board),6.71
2378,2378.HK,PRU,保诚,50,Equity,Equity Securities (Main Board),2591.88
2380,2380.HK,CHINA POWER,中国电力,"1,000",Equity,Equity Securities (Main Board),345.75
2381,2381.HK,SMC ELECTRIC,蚬壳电业,"10,000",Equity,Equity Securities (Main Board),6.8
2382,2382.HK,SUNNY OPTICAL,舜宇光学科技,100,Equity,Equity Securities (Main Board),742.33
2383,2383.HK,TOM GROUP,ＴＯＭ集团,"2,000",Equity,Equity Securities (Main Board),14.45
2385,2385.HK,READBOY,读书郎,400,Equity,Equity Securities (Main Board),18.78
2386,2386.HK,SINOPEC SEG,中石化炼化工程,500,Equity,Equity Securities (Main Board),92.88
2388,2388.HK,BOC HONG KONG,中银香港,500,Equity,Equity Securities (Main Board),5466.13
2389,2389.HK,BJ HEALTH,北京健康,"6,000",Equity,Equity Securities (Main Board),4.91
2390,2390.HK,ZHIHU-W,知乎－Ｗ,100,Equity,Equity Securities (Main Board),17.77
2391,2391.HK,TUYA-W,涂鸦智能－Ｗ,200,Equity,Equity Securities (Main Board),75.76
2392,2392.HK,XUANWU CLOUD,玄武云,500,Equity,Equity Securities (Main Board),5.77
2393,2393.HK,YESTAR HEALTH,巨星医疗控股,"2,500",Equity,Equity Securities (Main Board),1.38
2396,2396.HK,B&K CORP-B,青城新药－Ｂ,200,Equity,Equity Securities (Main Board),3.64
2399,2399.HK,CN ANCHU ENERGY,中国安储能源,"1,000",Equity,Equity Securities (Main Board),11.61
2400,2400.HK,XD INC,心动公司,200,Equity,Equity Securities (Main Board),194.33
2402,2402.HK,SINOHYTEC,亿华通,50,Equity,Equity Securities (Main Board),5.22
2405,2405.HK,POWERWIN TECH,力盟科技,"4,000",Equity,Equity Securities (Main Board),2.68
2407,2407.HK,GAUSH MEDITECH,高视医疗,100,Equity,Equity Securities (Main Board),6.94
2408,2408.HK,XIAO NOODLES,遇见小面,500,Equity,Equity Securities (Main Board),28.53
2409,2409.HK,SEACON,洲际船务,"1,000",Equity,Equity Securities (Main Board),21.7
2410,2410.HK,TYK MEDICINES-B,同源康医药－Ｂ,500,Equity,Equity Securities (Main Board),10.19
2411,2411.HK,PAGODA GP,百果园集团,500,Equity,Equity Securities (Main Board),27.85
2415,2415.HK,MEDSCI,梅斯健康,250,Equity,Equity Securities (Main Board),4.64
2416,2416.HK,EDIANYUN,易点云,500,Equity,Equity Securities (Main Board),15.26
2418,2418.HK,DEEWIN,德银天下,"1,500",Equity,Equity Securities (Main Board),15.75
2419,2419.HK,DEKON AGR,德康农牧,100,Equity,Equity Securities (Main Board),90.82
2420,2420.HK,ZIBUYU,子不语,500,Equity,Equity Securities (Main Board),26.05
2421,2421.HK,KRP DEVELOPMENT,嘉创地产,"2,000",Equity,Equity Securities (Main Board),2.86
2422,2422.HK,REGO INTERACT,润歌互动,"4,000",Equity,Equity Securities (Main Board),32.7
2423,2423.HK,BEKE-W,贝壳－Ｗ,100,Equity,Equity Securities (Main Board),1404.16
2425,2425.HK,AUSTASIA GROUP,澳亚集团,"1,000",Equity,Equity Securities (Main Board),17.21
2427,2427.HK,GUANZE MEDICAL,GUANZE MEDICAL,"5,000",Equity,Equity Securities (Main Board),22.7
2429,2429.HK,UBOX ONLINE,友宝在线,500,Equity,Equity Securities (Main Board),19.46
2431,2431.HK,MINIEYE,佑驾创新,200,Equity,Equity Securities (Main Board),8.41
2432,2432.HK,DOBOT,越疆,200,Equity,Equity Securities (Main Board),85.3
2433,2433.HK,ZT HN GROUP,中天湖南集团,"2,000",Equity,Equity Securities (Main Board),0.38
2436,2436.HK,LX TECHNOLOGY,凌雄科技,300,Equity,Equity Securities (Main Board),64.51
2438,2438.HK,MOBVOI,出门问问,"1,000",Equity,Equity Securities (Main Board),4.72
2439,2439.HK,CH TREASURES NM,中宝新材,"2,000",Equity,Equity Securities (Main Board),2.93
2440,2440.HK,MEMESTRATEGY,迷策略,"1,000",Equity,Equity Securities (Main Board),3.63
2442,2442.HK,EASY SMART GP,怡俊集团控股,"2,000",Equity,Equity Securities (Main Board),632.4
2443,2443.HK,AUTOSTREETS,汽车街,200,Equity,Equity Securities (Main Board),8.91
2450,2450.HK,HUAIBEI GD CO,淮北绿金股份,"1,500",Equity,Equity Securities (Main Board),6.01
2451,2451.HK,LUYUAN GP HLDG,绿源集团控股,500,Equity,Equity Securities (Main Board),52.39
2453,2453.HK,CONCORD HC GP,美中嘉和,200,Equity,Equity Securities (Main Board),2.23
2455,2455.HK,RUNHUA SERVICE,润华服务,"2,000",Equity,Equity Securities (Main Board),2.07
2457,2457.HK,BUYANG INTL,步阳国际,"5,000",Equity,Equity Securities (Main Board),3.8
2458,2458.HK,GALA TECH HOLD,望尘科技控股,400,Equity,Equity Securities (Main Board),9.01
2459,2459.HK,SANERGY GROUP,升能集团,"10,000",Equity,Equity Securities (Main Board),1.37
2460,2460.HK,CR BEVERAGE,华润饮料,200,Equity,Equity Securities (Main Board),172.91
2465,2465.HK,LOPAL TECH,龙蟠科技,500,Equity,Equity Securities (Main Board),12.16
2469,2469.HK,FENBI,粉笔,500,Equity,Equity Securities (Main Board),6.41
2473,2473.HK,XXF,喜相逢集团,"2,500",Equity,Equity Securities (Main Board),8.45
2475,2475.HK,LUXSHARE ICT,立讯精密,100,Equity,Equity Securities (Main Board),230.48
2476,2476.HK,VGT,胜宏科技,100,Equity,Equity Securities (Main Board),225.53
2477,2477.HK,WELLCELL HOLD,经纬天地,800,Equity,Equity Securities (Main Board),10.07
2479,2479.HK,TIANJUDIHE,天聚地合,50,Equity,Equity Securities (Main Board),32.58
2480,2480.HK,LUZHU BIOTECH-B,绿竹生物－Ｂ,200,Equity,Equity Securities (Main Board),27.05
2481,2481.HK,SL GEMINI,双良睿能,"1,000",Equity,Equity Securities (Main Board),7.54
2482,2482.HK,LOGORY,维天运通,"1,000",Equity,Equity Securities (Main Board),1.58
2483,2483.HK,K CASH,Ｋ ＣＡＳＨ集团,"2,000",Equity,Equity Securities (Main Board),9.1
2486,2486.HK,PLUS GP HOLDING,普乐师集团控股,200,Equity,Equity Securities (Main Board),3.89
2487,2487.HK,CUTIA-B,科笛－Ｂ,200,Equity,Equity Securities (Main Board),5.97
2488,2488.HK,LAUNCH TECH,元征科技,500,Equity,Equity Securities (Main Board),24.4
2489,2489.HK,PERSISTENCEGOLD,集海黄金,"5,000",Equity,Equity Securities (Main Board),20.04
2490,2490.HK,LC HOLDING,乐舱控股,300,Equity,Equity Securities (Main Board),24.89
2493,2493.HK,MABWELL-B,迈威生物－Ｂ,200,Equity,Equity Securities (Main Board),9.7
2495,2495.HK,VOICECOMM,声通科技,20,Equity,Equity Securities (Main Board),9.27
2496,2496.HK,YZYBIO-B,友芝友生物－Ｂ,200,Equity,Equity Securities (Main Board),5.92
2497,2497.HK,FUJING HOLDINGS,富景中国控股,"2,000",Equity,Equity Securities (Main Board),2.58
2498,2498.HK,ROBOSENSE,速腾聚创,100,Equity,Equity Securities (Main Board),80.84
2499,2499.HK,FOLANGSI,佛朗斯股份,200,Equity,Equity Securities (Main Board),14.95
2500,2500.HK,VENUS MEDTECH-B,启明医疗－Ｂ,500,Equity,Equity Securities (Main Board),5.16
2501,2501.HK,MAIYUE TECH,迈越科技,"2,000",Equity,Equity Securities (Main Board),10.76
2502,2502.HK,JINYUAN HCHEM,金源氢化,"2,000",Equity,Equity Securities (Main Board),5.73
2503,2503.HK,ZHONGSHENJIANYE,中深建业,"4,000",Equity,Equity Securities (Main Board),8.93
2505,2505.HK,EDA GROUP HLDGS,ＥＤＡ集团控股,"1,000",Equity,Equity Securities (Main Board),2.87
2506,2506.HK,XUNFEIHEALTH,讯飞医疗科技,50,Equity,Equity Securities (Main Board),51.83
2507,2507.HK,CIRRUS,西锐,100,Equity,Equity Securities (Main Board),164.26
2508,2508.HK,SAINT BELLA GP,圣贝拉集团,500,Equity,Equity Securities (Main Board),18.49
2509,2509.HK,QYUNS-B,荃信生物－Ｂ,200,Equity,Equity Securities (Main Board),36.68
2510,2510.HK,TS LINES,德翔海运,"1,000",Equity,Equity Securities (Main Board),236.27
2511,2511.HK,HIGHTIDE-B,君圣泰医药－Ｂ,500,Equity,Equity Securities (Main Board),23.52
2512,2512.HK,CLOUD FACTORY,云工场,"1,000",Equity,Equity Securities (Main Board),13.28
2513,2513.HK,Z.AI,智谱,100,Equity,Equity Securities (Main Board),1974.56
2515,2515.HK,TJCD,天津建发,"2,000",Equity,Equity Securities (Main Board),12.59
2516,2516.HK,FAR INTL,泛远国际,"4,000",Equity,Equity Securities (Main Board),6.55
2517,2517.HK,GUOQUAN,锅圈,400,Equity,Equity Securities (Main Board),42.04
2518,2518.HK,AUTOHOME-S,汽车之家－Ｓ,100,Equity,Equity Securities (Main Board),187.04
2519,2519.HK,AUGROUP,傲基股份,300,Equity,Equity Securities (Main Board),16.57
2520,2520.HK,SHANXI INSTALL,山西安装,"2,000",Equity,Equity Securities (Main Board),8.85
2521,2521.HK,SHENGHUI CLEAN,升辉清洁,"7,500",Equity,Equity Securities (Main Board),18.23
2522,2522.HK,RIMAG GROUP,一脉阳光,500,Equity,Equity Securities (Main Board),17.87
2525,2525.HK,HESAI-W,禾赛－Ｗ,100,Equity,Equity Securities (Main Board),182.1
2526,2526.HK,DIAGENS-B,德适－Ｂ,50,Equity,Equity Securities (Main Board),399.96
2528,2528.HK,FW FASHION INT,尚晋国际控股,"2,000",Equity,Equity Securities (Main Board),3.56
2529,2529.HK,HOLLWIN URBAN,泓盈城市服务,"1,000",Equity,Equity Securities (Main Board),1.09
2530,2530.HK,NUMANS,纽曼思,"8,000",Equity,Equity Securities (Main Board),7.35
2531,2531.HK,CARLINK TECH,广联科技控股,500,Equity,Equity Securities (Main Board),17.41
2533,2533.HK,BLACK SESAME,黑芝麻智能,100,Equity,Equity Securities (Main Board),73.52
2535,2535.HK,WK GROUP,泓基集团,"10,000",Equity,Equity Securities (Main Board),13.7
2536,2536.HK,PALASINO,百乐皇宫,"1,000",Equity,Equity Securities (Main Board),4.84
2539,2539.HK,LEMO SERVICES,乐摩科技,100,Equity,Equity Securities (Main Board),2.01
2540,2540.HK,LESI GROUP,乐思集团,"2,500",Equity,Equity Securities (Main Board),4.83
2543,2543.HK,DAHON TECH,大行科工,100,Equity,Equity Securities (Main Board),3.24
2545,2545.HK,ZHONGGAN COMM,中赣通信,"2,000",Equity,Equity Securities (Main Board),2.69
2546,2546.HK,ZHIHUI MINING,智汇矿业,"1,000",Equity,Equity Securities (Main Board),94.83
2549,2549.HK,CAROTE LTD,卡罗特,500,Equity,Equity Securities (Main Board),21.95
2550,2550.HK,EASOU TECH,宜搜科技,500,Equity,Equity Securities (Main Board),9.21
2551,2551.HK,APT ELECTRONICS,晶科电子股份,"1,000",Equity,Equity Securities (Main Board),3.91
2552,2552.HK,HUA MEDICINE-B,华领医药－Ｂ,500,Equity,Equity Securities (Main Board),25.46
2553,2553.HK,SHOUGANG LANZA,首钢朗泽,200,Equity,Equity Securities (Main Board),53.31
2555,2555.HK,CHABAIDAO,茶百道,200,Equity,Equity Securities (Main Board),61.99
2556,2556.HK,MARKETINGFORCE,迈富时,100,Equity,Equity Securities (Main Board),152.34
2558,2558.HK,JINSHANG BANK,晋商银行,"1,000",Equity,Equity Securities (Main Board),10.77
2559,2559.HK,DIDA INC-PF,嘀嗒出行－ＰＦ,500,Equity,Equity Securities (Main Board),10.98
2560,2560.HK,CONCH MAT TECH,海螺材料科技,"1,000",Equity,Equity Securities (Main Board),2.59
2561,2561.HK,VISEN PHARMA-B,维昇药业－Ｂ,100,Equity,Equity Securities (Main Board),22.31
2562,2562.HK,SYNAGISTICS,狮腾控股,500,Equity,Equity Securities (Main Board),2.94
2563,2563.HK,BIOSTAR PHARM-B,华昊中天医药－Ｂ,200,Equity,Equity Securities (Main Board),16.36
2565,2565.HK,PEGBIO CO-B,派格生物医药－Ｂ,50,Equity,Equity Securities (Main Board),21.69
2566,2566.HK,JIUYUAN GENE,九源基因,200,Equity,Equity Securities (Main Board),12.29
2567,2567.HK,QINIU,七牛智能,"1,000",Equity,Equity Securities (Main Board),6.61
2569,2569.HK,SOFT INTL,舒宝国际,"5,000",Equity,Equity Securities (Main Board),13.6
2570,2570.HK,REFIRE,重塑能源,20,Equity,Equity Securities (Main Board),7.91
2571,2571.HK,SAIMO,赛目科技,200,Equity,Equity Securities (Main Board),5.33
2573,2573.HK,NEWTREND GROUP,新琪安,200,Equity,Equity Securities (Main Board),5.34
2575,2575.HK,XUANZHUBIO-B,轩竹生物－Ｂ,500,Equity,Equity Securities (Main Board),45.99
2576,2576.HK,TAIMEI TECH,太美医疗科技,200,Equity,Equity Securities (Main Board),9.23
2577,2577.HK,INNOSCIENCE,英诺赛科,100,Equity,Equity Securities (Main Board),393.75
2579,2579.HK,CNGR,中伟新材,200,Equity,Equity Securities (Main Board),24.76
2580,2580.HK,AUX ELECTRIC,奥克斯电气,200,Equity,Equity Securities (Main Board),155.65
2581,2581.HK,BENQ HOLDING,明基医院,500,Equity,Equity Securities (Main Board),8.64
2582,2582.HK,GUOFUHEE,国富氢能,50,Equity,Equity Securities (Main Board),5.96
2583,2583.HK,HIPINE,西普尼,100,Equity,Equity Securities (Main Board),43.68
2585,2585.HK,MOKINGRAN,梦金园,200,Equity,Equity Securities (Main Board),77.59
2586,2586.HK,DMALL,多点数智,100,Equity,Equity Securities (Main Board),34.51
2587,2587.HK,HEALTHYWAY INC,健康之路,500,Equity,Equity Securities (Main Board),8.7
2588,2588.HK,BOC AVIATION,中银航空租赁,100,Equity,Equity Securities (Main Board),514.61
2589,2589.HK,AUNTEA JENNY,沪上阿姨,30,Equity,Equity Securities (Main Board),75.65
2590,2590.HK,GEEKPLUS-W,极智嘉－Ｗ,200,Equity,Equity Securities (Main Board),87.34
2591,2591.HK,INNOGEN-B,银诺医药－Ｂ,200,Equity,Equity Securities (Main Board),16.56
2592,2592.HK,CLOUDBREAK-B,拨康视云－Ｂ,500,Equity,Equity Securities (Main Board),11.0
2593,2593.HK,HERBS GROUP,草姬集团,800,Equity,Equity Securities (Main Board),1.25
2595,2595.HK,GENFLEET-B,劲方医药－Ｂ,200,Equity,Equity Securities (Main Board),91.23
2596,2596.HK,YIBIN BANK,宜宾银行,"1,000",Equity,Equity Securities (Main Board),18.17
2597,2597.HK,XUNZHONG,讯众通信,500,Equity,Equity Securities (Main Board),12.93
2598,2598.HK,LIANLIAN,连连数字,500,Equity,Equity Securities (Main Board),15.8
2600,2600.HK,CHALCO,中国铝业,"2,000",Equity,Equity Securities (Main Board),345.29
2601,2601.HK,CPIC,中国太保,200,Equity,Equity Securities (Main Board),821.49
2602,2602.HK,ONEWO,万物云,100,Equity,Equity Securities (Main Board),228.25
2603,2603.HK,JIHONG CO,吉宏股份,500,Equity,Equity Securities (Main Board),9.97
2605,2605.HK,METALIGHT,METALIGHT,400,Equity,Equity Securities (Main Board),1.74
2607,2607.HK,SH PHARMA,上海医药,100,Equity,Equity Securities (Main Board),102.48
2608,2608.HK,SUNSHINE 100,阳光１００中国,"1,000",Equity,Equity Securities (Main Board),0.28
2609,2609.HK,BAYZED HEALTH,佰泽医疗,600,Equity,Equity Securities (Main Board),36.65
2610,2610.HK,NANSHAN AL INTL,南山铝业国际,100,Equity,Equity Securities (Main Board),159.08
2611,2611.HK,GTHT,国泰海通,200,Equity,Equity Securities (Main Board),527.27
2613,2613.HK,CONTIOCEAN,汇舸环保,100,Equity,Equity Securities (Main Board),12.4
2616,2616.HK,CSTONE PHARMA-B,基石药业－Ｂ,500,Equity,Equity Securities (Main Board),97.06
2617,2617.HK,TRANSTHERA-B,药捷安康－Ｂ,500,Equity,Equity Securities (Main Board),29.51
2618,2618.HK,JD LOGISTICS,京东物流,100,Equity,Equity Securities (Main Board),712.59
2619,2619.HK,XJ ELECTRICS,香江电器,"1,000",Equity,Equity Securities (Main Board),0.86
2621,2621.HK,SHOUHUI GROUP,手回集团,400,Equity,Equity Securities (Main Board),6.41
2623,2623.HK,HK GOLD IND GP,香港黄金产业集团,500,Equity,Equity Securities (Main Board),19.75
2625,2625.HK,JIANGSU HORIZON,江苏宏信,"1,000",Equity,Equity Securities (Main Board),3.36
2627,2627.HK,AB&B BIO-TECH-B,中慧生物－Ｂ,200,Equity,Equity Securities (Main Board),86.89
2628,2628.HK,CHINA LIFE,中国人寿,"1,000",Equity,Equity Securities (Main Board),2242.77
2629,2629.HK,MIRXES-B,MIRXES-B,100,Equity,Equity Securities (Main Board),37.01
2630,2630.HK,VIGONVITA-B,旺山旺水－Ｂ,200,Equity,Equity Securities (Main Board),135.52
2631,2631.HK,SICC,天岳先进,100,Equity,Equity Securities (Main Board),33.77
2632,2632.HK,NEW VISION CO,泽景股份,50,Equity,Equity Securities (Main Board),66.4
2633,2633.HK,JACOBSON PHARMA,雅各臣科研制药,"2,000",Equity,Equity Securities (Main Board),19.5
2635,2635.HK,NUOBIKAN,诺比侃,100,Equity,Equity Securities (Main Board),30.68
2637,2637.HK,HAIXI PHARMA,海西新药,50,Equity,Equity Securities (Main Board),149.31
2638,2638.HK,HKELECTRIC-SS,港灯－ＳＳ,500,Equity,Equity Securities (Main Board),561.98
2643,2643.HK,CAOCAO INC,曹操出行,100,Equity,Equity Securities (Main Board),73.12
2648,2648.HK,ANJOY FOOD,安井食品,100,Equity,Equity Securities (Main Board),24.6
2649,2649.HK,ALSCO POOLING,优乐赛共享,500,Equity,Equity Securities (Main Board),3.42
2650,2650.HK,ZHIDA TECH,挚达科技,50,Equity,Equity Securities (Main Board),47.46
2651,2651.HK,DAZHONG DENTAL,大众口腔,100,Equity,Equity Securities (Main Board),5.15
2652,2652.HK,CF PHARMTECH,长风药业,100,Equity,Equity Securities (Main Board),30.97
2655,2655.HK,GUOXIA TECH,果下科技,100,Equity,Equity Securities (Main Board),62.2
2656,2656.HK,160 HEALTH,健康１６０,250,Equity,Equity Securities (Main Board),30.9
2657,2657.HK,FOREST CABIN,林清轩,50,Equity,Equity Securities (Main Board),57.63
2658,2658.HK,TIANYU SEMI,天域半导体,50,Equity,Equity Securities (Main Board),22.29
2659,2659.HK,BAO PHARMA-B,宝济药业－Ｂ,100,Equity,Equity Securities (Main Board),22.58
2660,2660.HK,ZENGAME,禅游科技,"2,000",Equity,Equity Securities (Main Board),24.3
2661,2661.HK,QINGSONG HEALTH,轻松健康,200,Equity,Equity Securities (Main Board),9.97
2663,2663.HK,KPA-BM HLDGS,应力控股,"10,000",Equity,Equity Securities (Main Board),2.59
2665,2665.HK,SEYOND,图达通,500,Equity,Equity Securities (Main Board),27.04
2666,2666.HK,UNI MEDICAL,环球医疗,500,Equity,Equity Securities (Main Board),93.26
2667,2667.HK,TONGRENTANGCARE,同仁堂医养,500,Equity,Equity Securities (Main Board),4.99
2668,2668.HK,PAK TAK INT'L,百德国际,"10,000",Equity,Equity Securities (Main Board),29.56
2669,2669.HK,CHINA OVS PPT,中海物业,"5,000",Equity,Equity Securities (Main Board),114.77
2670,2670.HK,YUNJI,云迹,50,Equity,Equity Securities (Main Board),61.37
2671,2671.HK,USAS BUILDING,美联股份,300,Equity,Equity Securities (Main Board),6.0
2672,2672.HK,BAIGE DIGITAL,白鸽在线,200,Equity,Equity Securities (Main Board),49.79
2675,2675.HK,EDGE MEDICAL-B,精锋医疗－Ｂ,100,Equity,Equity Securities (Main Board),116.2
2676,2676.HK,NOVOSENSE,纳芯微,100,Equity,Equity Securities (Main Board),31.67
2677,2677.HK,DISTINCT HEALTH,卓正医疗,50,Equity,Equity Securities (Main Board),14.94
2678,2678.HK,TEXHONG INTL GP,天虹国际集团,500,Equity,Equity Securities (Main Board),53.18
2680,2680.HK,AUSTRAX HLDGS,南强控股,"2,000",Equity,Equity Securities (Main Board),3.9
2682,2682.HK,YUN LEE MARINE,润利海事,"4,000",Equity,Equity Securities (Main Board),1.24
2683,2683.HK,WAHSUN HANDBAGS,华新手袋国际控股,"2,000",Equity,Equity Securities (Main Board),4.41
2685,2685.HK,QUANTGROUP,量化派,500,Equity,Equity Securities (Main Board),21.72
2687,2687.HK,ABLE DIGITAL,卓越睿新,100,Equity,Equity Securities (Main Board),206.8
2688,2688.HK,ENN ENERGY,新奥能源,100,Equity,Equity Securities (Main Board),571.58
2689,2689.HK,ND PAPER,玖龙纸业,"1,000",Equity,Equity Securities (Main Board),302.88
2692,2692.HK,ZHAOWEI,兆威机电,100,Equity,Equity Securities (Main Board),10.13
2693,2693.HK,JINYAN KAOLIN,金岩高岭新材,500,Equity,Equity Securities (Main Board),0.7
2695,2695.HK,IMPRESSION DHP,印象大红袍,"1,000",Equity,Equity Securities (Main Board),0.42
2696,2696.HK,HENLIUS,复宏汉霖,100,Equity,Equity Securities (Main Board),224.37
2697,2697.HK,TH MEDICAL-B,真健康医疗－Ｂ,20,Equity,Equity Securities (Main Board),110.86
2698,2698.HK,SOFTCARE,乐舒适,200,Equity,Equity Securities (Main Board),181.9
2699,2699.HK,XINMING CHINA,新明中国,"2,000",Equity,Equity Securities (Main Board),1.47
2700,2700.HK,GREEN INTL HLDG,格林国际控股,"20,000",Equity,Equity Securities (Main Board),3.89
2701,2701.HK,NSING TECH,国民技术,200,Equity,Equity Securities (Main Board),8.11
2706,2706.HK,HAIZHI TECH GP,海致科技集团,200,Equity,Equity Securities (Main Board),179.88
2714,2714.HK,MUYUAN,牧原股份,100,Equity,Equity Securities (Main Board),117.26
2715,2715.HK,ESTUN,埃斯顿,200,Equity,Equity Securities (Main Board),14.28
2718,2718.HK,MININGLAMP-W,明略科技－Ｗ,40,Equity,Equity Securities (Main Board),62.2
2720,2720.HK,RIDGE OUTDOOR,乐欣户外,500,Equity,Equity Securities (Main Board),35.46
2722,2722.HK,CHONGQING M&E,重庆机电,"2,000",Equity,Equity Securities (Main Board),20.3
2723,2723.HK,DEEPZERO,深演智能,100,Equity,Equity Securities (Main Board),562.21
2726,2726.HK,EPIWORLD,瀚天天成,50,Equity,Equity Securities (Main Board),119.76
2727,2727.HK,SH ELECTRIC,上海电气,"2,000",Equity,Equity Securities (Main Board),88.61
2728,2728.HK,JINTAI ENERGY H,金泰能源控股,"4,000",Equity,Equity Securities (Main Board),1.11
2729,2729.HK,GALAXIS TECH,凯乐士科技,200,Equity,Equity Securities (Main Board),154.29
2738,2738.HK,HUAJIN INTL,华津国际控股,"2,000",Equity,Equity Securities (Main Board),1.48
2768,2768.HK,GON TECHNOLOGY,国恩科技,200,Equity,Equity Securities (Main Board),16.65
2772,2772.HK,ZHONGLIANG HLDG,中梁控股,500,Equity,Equity Securities (Main Board),1.66
2777,2777.HK,R&F PROPERTIES,富力地产,400,Equity,Equity Securities (Main Board),4.8
2779,2779.HK,CH XINHUA EDU,中国新华教育,"1,000",Equity,Equity Securities (Main Board),5.31
2788,2788.HK,CHUANGXIN IND,创新实业,500,Equity,Equity Securities (Main Board),364.58
2789,2789.HK,YUANDA CHINA,远大中国,"2,000",Equity,Equity Securities (Main Board),10.68
2797,2797.HK,QIYUNSHAN FOOD,齐云山食品,500,Equity,Equity Securities (Main Board),21.82
2798,2798.HK,PER ENERGY,久泰邦达能源,"5,000",Equity,Equity Securities (Main Board),14.64
2799,2799.HK,CITIC FAMC,中信金融资产,"1,000",Equity,Equity Securities (Main Board),226.32
2858,2858.HK,YIXIN,易鑫集团,500,Equity,Equity Securities (Main Board),76.81
2863,2863.HK,GOLDEN FAITH GP,高丰集团控股,"3,000",Equity,Equity Securities (Main Board),5.31
2865,2865.HK,DRINDA,钧达股份,100,Equity,Equity Securities (Main Board),10.46
2866,2866.HK,COSCO SHIP DEV,中远海发,"1,000",Equity,Equity Securities (Main Board),33.02
2869,2869.HK,GREENTOWN SER,绿城服务,"2,000",Equity,Equity Securities (Main Board),131.15
2877,2877.HK,SHINEWAY PHARM,神威药业,"1,000",Equity,Equity Securities (Main Board),68.72
2878,2878.HK,SOLOMON SYSTECH,晶门半导体,"2,000",Equity,Equity Securities (Main Board),6.24
2880,2880.HK,LIAONING PORT,辽港股份,"2,000",Equity,Equity Securities (Main Board),35.34
2881,2881.HK,WUHAN YOUJI,武汉有机,500,Equity,Equity Securities (Main Board),9.75
2882,2882.HK,3DG HOLDINGS,金至尊集团,"5,000",Equity,Equity Securities (Main Board),1.04
2883,2883.HK,CHINA OILFIELD,中海油田服务,"2,000",Equity,Equity Securities (Main Board),142.08
2885,2885.HK,PEIPORT HOLD,彼岸控股,"2,000",Equity,Equity Securities (Main Board),3.62
2886,2886.HK,BINHAI INV,滨海投资,"2,000",Equity,Equity Securities (Main Board),16.38
2888,2888.HK,STANCHART,渣打集团,50,Equity,Equity Securities (Main Board),5274.69
2889,2889.HK,PATEO,博泰车联,20,Equity,Equity Securities (Main Board),82.62
2892,2892.HK,MILLION CITIES,万城控股,"2,000",Equity,Equity Securities (Main Board),4.61
2898,2898.HK,SUNHO BIO-B,盛禾生物－Ｂ,200,Equity,Equity Securities (Main Board),10.01
2899,2899.HK,ZIJIN MINING,紫金矿业,"2,000",Equity,Equity Securities (Main Board),2236.26
2901,2901.HK,FANTASIA-OLD,花样年控股（旧）,300,Equity,Equity Securities (Main Board),2.54
2908,2908.HK,BJ SPORTS&E-OLD,北京体育文化－旧,250,Equity,Equity Securities (Main Board),1.28
2909,2909.HK,IMAGI INT'L-8K,意力国际（八千）,"8,000",Equity,Equity Securities (Main Board),43.99
2910,2910.HK,ASIA STRAT-10K,亚洲策略（一万）,"10,000",Equity,Equity Securities (Main Board),14.34
2912,2912.HK,EASYKNIT-OLD,永义国际（旧）,"2,000",Equity,Equity Securities (Main Board),1.91
2913,2913.HK,TIAN CHENG HLDG,天成控股,"1,000",Equity,Equity Securities (Main Board),0.26
2914,2914.HK,ALPHA PRO H-20K,阿尔法企业－二万,"20,000",Equity,Equity Securities (Main Board),1.15
2918,2918.HK,AI ENERGY E-10K,智算能建（一万）,"10,000",Equity,Equity Securities (Main Board),3.04
2919,2919.HK,GBA AI COMP-2K,粤港湾智算－二千,"2,000",Equity,Equity Securities (Main Board),186.4
2921,2921.HK,CAPITAL IND FIN,首惠产业金融,20,Equity,Equity Securities (Main Board),4.48
3200,3200.HK,HANS CNC,大族数控,100,Equity,Equity Securities (Main Board),61.33
3223,3223.HK,INGENIC,君正股份,100,Equity,Equity Securities (Main Board),30.9
3231,3231.HK,EXCELLAND ROBOT,优地机器人,200,Equity,Equity Securities (Main Board),130.0
3268,3268.HK,MEIG,美格智能,100,Equity,Equity Securities (Main Board),7.95
3277,3277.HK,GPIXEL,长光辰芯,100,Equity,Equity Securities (Main Board),231.27
3288,3288.HK,HAITIAN FLAV,海天味业,100,Equity,Equity Securities (Main Board),79.21
3296,3296.HK,HUAQIN,华勤技术,100,Equity,Equity Securities (Main Board),68.2
3300,3300.HK,CHINA GLASS,中国玻璃,"2,000",Equity,Equity Securities (Main Board),5.69
3301,3301.HK,RONSHINECHINA,融信中国,500,Equity,Equity Securities (Main Board),1.23
3302,3302.HK,KINERGY,精技集团,"2,000",Equity,Equity Securities (Main Board),2.76
3303,3303.HK,JUTAL OIL SER,巨涛海洋石油服务,"2,000",Equity,Equity Securities (Main Board),9.83
3306,3306.HK,JNBY,江南布衣,500,Equity,Equity Securities (Main Board),111.99
3308,3308.HK,ZJ INNOLIGHT,中际旭创,50,Equity,Equity Securities (Main Board),702.59
3309,3309.HK,C-MER MEDICAL,希玛医疗,"2,000",Equity,Equity Securities (Main Board),9.91
3310,3310.HK,VIEWTRIX TECH,云英谷科技,200,Equity,Equity Securities (Main Board),107.97
3311,3311.HK,CHINA STATE CON,中国建筑国际,"2,000",Equity,Equity Securities (Main Board),447.93
3313,3313.HK,ARTGO HOLDINGS,雅高控股,"5,000",Equity,Equity Securities (Main Board),0.95
3315,3315.HK,GOLDPAC GROUP,金邦达宝嘉,"1,000",Equity,Equity Securities (Main Board),4.88
3316,3316.HK,BINJIANG SER,滨江服务,500,Equity,Equity Securities (Main Board),58.38
3317,3317.HK,XUNCE,迅策,100,Equity,Equity Securities (Main Board),293.19
3318,3318.HK,CHINA BOTON,中国波顿,"2,000",Equity,Equity Securities (Main Board),32.85
3319,3319.HK,A-LIVING,雅生活服务,250,Equity,Equity Securities (Main Board),24.54
3320,3320.HK,CHINARES PHARMA,华润医药,500,Equity,Equity Securities (Main Board),270.15
3321,3321.HK,ZHONGKE GROUP,中科集团控股,"10,000",Equity,Equity Securities (Main Board),0.77
3322,3322.HK,WIN HANVERKY,永嘉集团,"2,000",Equity,Equity Securities (Main Board),2.57
3323,3323.HK,CNBM,中国建材,"2,000",Equity,Equity Securities (Main Board),127.47
3328,3328.HK,BANKCOMM,交通银行,"1,000",Equity,Equity Securities (Main Board),2821.96
3329,3329.HK,BOCOM INTL,交银国际,"1,000",Equity,Equity Securities (Main Board),12.58
3330,3330.HK,LINGBAO GOLD,灵宝黄金,100,Equity,Equity Securities (Main Board),279.44
3332,3332.HK,SINOLIFE UTD,中生联合,"2,000",Equity,Equity Securities (Main Board),1.42
3336,3336.HK,JU TENG INTL,巨腾国际,"2,000",Equity,Equity Securities (Main Board),29.76
3337,3337.HK,ANTON OILFIELD,安东油田服务,"2,000",Equity,Equity Securities (Main Board),27.92
3339,3339.HK,LONKING,中国龙工,"1,000",Equity,Equity Securities (Main Board),147.02
3347,3347.HK,TIGERMED,泰格医药,100,Equity,Equity Securities (Main Board),51.61
3348,3348.HK,CHINA PENGFEI,中国鹏飞集团,"2,000",Equity,Equity Securities (Main Board),6.8
3355,3355.HK,FS.COM,飞速创新,100,Equity,Equity Securities (Main Board),168.65
3360,3360.HK,FE HORIZON,远东宏信,"1,000",Equity,Equity Securities (Main Board),332.98
3363,3363.HK,ZHENGYE INT'L,正业国际,"2,000",Equity,Equity Securities (Main Board),1.8
3366,3366.HK,OCT (ASIA),华侨城（亚洲）,"2,000",Equity,Equity Securities (Main Board),1.5
3368,3368.HK,PARKSON GROUP,百盛集团,500,Equity,Equity Securities (Main Board),3.53
3369,3369.HK,QHD PORT,秦港股份,500,Equity,Equity Securities (Main Board),20.33
3377,3377.HK,SINO-OCEAN GP,远洋集团,500,Equity,Equity Securities (Main Board),5.19
3378,3378.HK,HANXBIO-B,翰思艾泰－Ｂ,100,Equity,Equity Securities (Main Board),38.66
3380,3380.HK,LOGAN GROUP,龙光集团,"1,000",Equity,Equity Securities (Main Board),75.62
3382,3382.HK,TIANJINPORT DEV,天津港发展,"2,000",Equity,Equity Securities (Main Board),38.8
3383,3383.HK,AGILE GROUP,雅居乐集团,"2,000",Equity,Equity Securities (Main Board),7.62
3388,3388.HK,CREALITY,创想三维,150,Equity,Equity Securities (Main Board),104.94
3389,3389.HK,HENGDELI,亨得利,"4,000",Equity,Equity Securities (Main Board),13.87
3390,3390.HK,TYCOON GROUP,满贯集团,"2,000",Equity,Equity Securities (Main Board),2.23
3393,3393.HK,WASION HOLDINGS,威胜控股,"2,000",Equity,Equity Securities (Main Board),148.45
3395,3395.HK,JX ENERGY,吉星新能源,"1,000",Equity,Equity Securities (Main Board),1.63
3396,3396.HK,LEGENDHOLDING,联想控股,100,Equity,Equity Securities (Main Board),238.35
3398,3398.HK,CHINA TING,华鼎控股,"2,000",Equity,Equity Securities (Main Board),1.26
3399,3399.HK,YUEYUN TRANS,粤运交通,"1,000",Equity,Equity Securities (Main Board),2.63
3600,3600.HK,MODERN DENTAL,现代牙科,"1,000",Equity,Equity Securities (Main Board),69.88
3601,3601.HK,LUDASHI,鲁大师,"1,000",Equity,Equity Securities (Main Board),1.64
3603,3603.HK,XINJI SHAXI,信基沙溪,"3,000",Equity,Equity Securities (Main Board),1.27
3606,3606.HK,FUYAO GLASS,福耀玻璃,400,Equity,Equity Securities (Main Board),332.81
3613,3613.HK,TONGRENTANGCM,同仁堂国药,"1,000",Equity,Equity Securities (Main Board),49.1
3616,3616.HK,EVER REACH GP,恒达集团控股,"2,000",Equity,Equity Securities (Main Board),2.38
3618,3618.HK,CQRC BANK,重庆农村商业银行,"1,000",Equity,Equity Securities (Main Board),163.12
3623,3623.HK,C SUCCESS FIN,中国金融发展,"2,000",Equity,Equity Securities (Main Board),3.59
3625,3625.HK,FOURSEMI,傅里叶,100,Equity,Equity Securities (Main Board),71.36
3626,3626.HK,EAST NOVA HLDGS,启明东方控股,"2,000",Equity,Equity Securities (Main Board),3.59
3628,3628.HK,RENHENG ENT,仁恒实业控股,"4,000",Equity,Equity Securities (Main Board),1.69
3633,3633.HK,ZHONGYU ENERGY,中裕能源,"1,000",Equity,Equity Securities (Main Board),75.4
3636,3636.HK,JINXUN RESOURCE,金浔资源,200,Equity,Equity Securities (Main Board),7.48
3638,3638.HK,HUNLICAR GROUP,亨利加集团,"1,000",Equity,Equity Securities (Main Board),2.36
3639,3639.HK,YIDA CHINA,亿达中国,"2,000",Equity,Equity Securities (Main Board),1.06
3650,3650.HK,KEEP,KEEP,100,Equity,Equity Securities (Main Board),7.23
3658,3658.HK,NEW HOPE SERV,新希望服务,"1,000",Equity,Equity Securities (Main Board),13.88
3660,3660.HK,QFIN-S,奇富科技－Ｓ,50,Equity,Equity Securities (Main Board),81.8
3661,3661.HK,SG MICRO,圣邦股份,100,Equity,Equity Securities (Main Board),56.08
3662,3662.HK,STARJOY W&T,星悦康旅,"1,000",Equity,Equity Securities (Main Board),2.61
3666,3666.HK,SHANGHAI XNG,上海小南国,"2,000",Equity,Equity Securities (Main Board),0.64
3668,3668.HK,YANCOAL AUS,兖煤澳大利亚,100,Equity,Equity Securities (Main Board),467.96
3669,3669.HK,YONGDA AUTO,永达汽车,500,Equity,Equity Securities (Main Board),15.03
3677,3677.HK,ZENERGY,正力新能,300,Equity,Equity Securities (Main Board),66.17
3680,3680.HK,RUIHE DATA,瑞和数智,"2,000",Equity,Equity Securities (Main Board),21.59
3681,3681.HK,SINOMAB BIO-B,中国抗体－Ｂ,300,Equity,Equity Securities (Main Board),14.98
3683,3683.HK,GREAT HARVEST,荣丰亿控股,"2,500",Equity,Equity Securities (Main Board),0.33
3686,3686.HK,CLIFFORDML,祈福生活服务,"10,000",Equity,Equity Securities (Main Board),4.98
3688,3688.HK,TOP SPRING,莱蒙国际,500,Equity,Equity Securities (Main Board),2.63
3689,3689.HK,KANGHUA HEALTH,康华医疗,200,Equity,Equity Securities (Main Board),1.6
3690,3690.HK,MEITUAN-W,美团－Ｗ,100,Equity,Equity Securities (Main Board),4183.26
3692,3692.HK,HANSOH PHARMA,翰森制药,"2,000",Equity,Equity Securities (Main Board),2021.79
3696,3696.HK,INSILICO,英矽智能,500,Equity,Equity Securities (Main Board),314.07
3698,3698.HK,HUISHANG BANK,徽商银行,"1,000",Equity,Equity Securities (Main Board),173.07
3699,3699.HK,EB GRAND CHINA,光大永年,"2,000",Equity,Equity Securities (Main Board),1.9
3700,3700.HK,INKEVERSE,映宇宙,"1,000",Equity,Equity Securities (Main Board),18.72
3708,3708.HK,WORLD DIGI ECON,世界数字经济产业,"10,000",Equity,Equity Securities (Main Board),1.35
3709,3709.HK,EEKA FASHION,赢家时尚,500,Equity,Equity Securities (Main Board),32.63
3718,3718.HK,BJ ENT URBAN,北控城市资源,"4,000",Equity,Equity Securities (Main Board),13.69
3728,3728.HK,CHING LEE,正利控股,"20,000",Equity,Equity Securities (Main Board),0.63
3737,3737.HK,ZHONGZHIPHARM,中智药业,"1,000",Equity,Equity Securities (Main Board),6.13
3738,3738.HK,VOBILE GROUP,阜博集团,"1,000",Equity,Equity Securities (Main Board),79.34
3750,3750.HK,CATL,宁德时代,100,Equity,Equity Securities (Main Board),1225.76
3752,3752.HK,ROKAE ROBOTICS,珞石机器人,100,Equity,Equity Securities (Main Board),124.85
3759,3759.HK,PHARMARON,康龙化成,100,Equity,Equity Securities (Main Board),101.27
3768,3768.HK,DCWT,滇池水务,"1,000",Equity,Equity Securities (Main Board),1.29
3773,3773.HK,YS DIGIFAVOR,银盛数惠,"2,000",Equity,Equity Securities (Main Board),10.38
3774,3774.HK,FAMEGLOW,亮晴控股,"1,000",Equity,Equity Securities (Main Board),146.59
3778,3778.HK,CHINA WEAVING,中国织材控股,"2,000",Equity,Equity Securities (Main Board),3.57
3788,3788.HK,HANKING GOLD,罕王黄金,"1,000",Equity,Equity Securities (Main Board),80.43
3789,3789.HK,ROYAL DELUXE,御佳控股,"4,000",Equity,Equity Securities (Main Board),2.88
3798,3798.HK,HOMELAND ITL,家乡互动,"2,000",Equity,Equity Securities (Main Board),15.52
3800,3800.HK,GCL TECH,协鑫科技,"1,000",Equity,Equity Securities (Main Board),228.32
3808,3808.HK,SINOTRUK,中国重汽,500,Equity,Equity Securities (Main Board),1165.14
3813,3813.HK,POU SHENG INT'L,宝胜国际,"1,000",Equity,Equity Securities (Main Board),20.58
3816,3816.HK,KFM KINGDOM,ＫＦＭ金德,"4,000",Equity,Equity Securities (Main Board),28.68
3818,3818.HK,CHINA DONGXIANG,中国动向,"1,000",Equity,Equity Securities (Main Board),15.33
3822,3822.HK,SAM WOO CONS,三和建筑集团,"4,000",Equity,Equity Securities (Main Board),0.92
3828,3828.HK,MING FAI INT'L,明辉国际,"1,000",Equity,Equity Securities (Main Board),5.29
3830,3830.HK,KIDDIELAND,童园国际,"5,000",Equity,Equity Securities (Main Board),2.03
3833,3833.HK,XINXIN MINING,新疆新鑫矿业,"1,000",Equity,Equity Securities (Main Board),20.44
3836,3836.HK,HARMONY AUTO,和谐汽车,500,Equity,Equity Securities (Main Board),7.84
3838,3838.HK,CHINA STARCH,中国淀粉,"5,000",Equity,Equity Securities (Main Board),10.05
3839,3839.HK,CPBIO,正大生物,500,Equity,Equity Securities (Main Board),20.53
3848,3848.HK,HAOSEN FINTECH,浩森金融科技,"1,000",Equity,Equity Securities (Main Board),16.11
3858,3858.HK,JIAXIN INTL RES,佳鑫国际资源,400,Equity,Equity Securities (Main Board),259.89
3860,3860.HK,EPS HEALTH TECH,ＥＰＳ创健科技,"5,000",Equity,Equity Securities (Main Board),3.55
3866,3866.HK,BQD,青岛银行,500,Equity,Equity Securities (Main Board),120.21
3868,3868.HK,XINYI ENERGY,信义能源,"2,000",Equity,Equity Securities (Main Board),67.74
3869,3869.HK,HOSPITAL CORP,弘和仁爱医疗,200,Equity,Equity Securities (Main Board),4.7
3877,3877.HK,CSSC SHIPPING,中国船舶租赁,"2,000",Equity,Equity Securities (Main Board),151.08
3878,3878.HK,VICON HOLDINGS,VICON HOLDINGS,"2,000",Equity,Equity Securities (Main Board),1.03
3880,3880.HK,MEDTIDE,泰德医药,100,Equity,Equity Securities (Main Board),28.25
3881,3881.HK,CIDI,希迪智驾,100,Equity,Equity Securities (Main Board),83.02
3882,3882.HK,SKYLIGHT HLDG,天彩控股,"1,000",Equity,Equity Securities (Main Board),4.03
3883,3883.HK,CHINA AOYUAN,中国奥园,"1,000",Equity,Equity Securities (Main Board),1.74
3886,3886.HK,TOWN HEALTH,康健国际医疗,"2,000",Equity,Equity Securities (Main Board),11.99
3887,3887.HK,HASHKEY HLDGS,HASHKEY HLDGS,400,Equity,Equity Securities (Main Board),73.95
3888,3888.HK,KINGSOFT,金山软件,200,Equity,Equity Securities (Main Board),332.61
3889,3889.HK,GLOBAL CORN GP,大成玉米集团,"2,000",Equity,Equity Securities (Main Board),1.31
3893,3893.HK,CROSSTEC,易纬集团,"12,000",Equity,Equity Securities (Main Board),14.98
3896,3896.HK,KINGSOFT CLOUD,金山云,"2,000",Equity,Equity Securities (Main Board),236.79
3898,3898.HK,TIMES ELECTRIC,时代电气,100,Equity,Equity Securities (Main Board),137.43
3899,3899.HK,CIMC ENRIC,中集安瑞科,"2,000",Equity,Equity Securities (Main Board),176.87
3900,3900.HK,GREENTOWN CHINA,绿城中国,500,Equity,Equity Securities (Main Board),148.06
3903,3903.HK,HANHUA HOLDING,瀚华控股,"2,000",Equity,Equity Securities (Main Board),1.97
3908,3908.HK,CICC,中金公司,400,Equity,Equity Securities (Main Board),388.74
3913,3913.HK,KWG LIVING,合景悠活,"1,000",Equity,Equity Securities (Main Board),2.88
3918,3918.HK,NAGACORP,金界控股,"2,000",Equity,Equity Securities (Main Board),139.32
3919,3919.HK,GOLDENPOWER,金力集团,"4,000",Equity,Equity Securities (Main Board),0.58
3928,3928.HK,CHINA NEXT-GEN,中国新零售供应链,500,Equity,Equity Securities (Main Board),131.94
3931,3931.HK,CALB,中创新航,100,Equity,Equity Securities (Main Board),129.99
3933,3933.HK,UNITED LAB,联邦制药,"2,000",Equity,Equity Securities (Main Board),160.28
3938,3938.HK,LFG INV HLDGS,ＬＦＧ投资控股,"2,000",Equity,Equity Securities (Main Board),15.01
3939,3939.HK,WANGUO GOLD GP,万国黄金集团,500,Equity,Equity Securities (Main Board),682.08
3952,3952.HK,LAIFUAL,来福谐波,100,Equity,Equity Securities (Main Board),53.63
3958,3958.HK,DFZQ,东方证券,400,Equity,Equity Securities (Main Board),61.12
3963,3963.HK,RONGZHONG FIN,融众金融,"10,000",Equity,Equity Securities (Main Board),0.74
3968,3968.HK,CM BANK,招商银行,500,Equity,Equity Securities (Main Board),2394.16
3969,3969.HK,CHINA CRSC,中国通号,"1,000",Equity,Equity Securities (Main Board),61.82
3978,3978.HK,BESTSTUDY EDU,卓越教育集团,"1,000",Equity,Equity Securities (Main Board),22.54
3983,3983.HK,CHINA BLUECHEM,中海石油化学,"2,000",Equity,Equity Securities (Main Board),36.19
3986,3986.HK,GIGADEVICE,兆易创新,100,Equity,Equity Securities (Main Board),158.42
3988,3988.HK,BANK OF CHINA,中国银行,"1,000",Equity,Equity Securities (Main Board),4992.25
3989,3989.HK,CAPITAL ENV,首创环境,"2,000",Equity,Equity Securities (Main Board),12.15
3990,3990.HK,MIDEA REAL EST,美的置业,200,Equity,Equity Securities (Main Board),34.59
3991,3991.HK,CHANGHONG JH,长虹佳华,"2,000",Equity,Equity Securities (Main Board),8.8
3993,3993.HK,CMOC,洛阳钼业,"3,000",Equity,Equity Securities (Main Board),682.06
3996,3996.HK,CH ENERGY ENG,中国能源建设,"2,000",Equity,Equity Securities (Main Board),97.72
3997,3997.HK,TSO,电讯首科,"2,000",Equity,Equity Securities (Main Board),1.55
3998,3998.HK,BOSIDENG,波司登,"2,000",Equity,Equity Securities (Main Board),510.63
3999,3999.HK,DACHAN FOOD,大成食品,"1,000",Equity,Equity Securities (Main Board),5.79
4332,4332.HK,AMGEN-T,AMGEN-T,10,Equity,Trading Only Securities,9520.53
4333,4333.HK,CISCO-T,思科－Ｔ,10,Equity,Trading Only Securities,29569.4
4335,4335.HK,INTEL-T,英特尔－Ｔ,10,Equity,Trading Only Securities,15858.32
4336,4336.HK,APPL MATERIAL-T,应用材料－Ｔ,10,Equity,Trading Only Securities,12856.28
4337,4337.HK,STARBUCKS-T,星巴克－Ｔ,20,Equity,Trading Only Securities,661.2
4338,4338.HK,MICROSOFT-T,微软－Ｔ,10,Equity,Trading Only Securities,118808.73
6030,6030.HK,CITIC SEC,中信证券,500,Equity,Equity Securities (Main Board),887.45
6031,6031.HK,SANY HEAVY IND,三一重工,200,Equity,Equity Securities (Main Board),142.39
6033,6033.HK,TELECOM DIGIT,电讯数码控股,"1,000",Equity,Equity Securities (Main Board),1.98
6036,6036.HK,APEX ACE HLDG,光丽科技,"5,000",Equity,Equity Securities (Main Board),12.15
6038,6038.HK,G & M HLDGS,信越控股,"10,000",Equity,Equity Securities (Main Board),3.71
6049,6049.HK,POLY PPT SER,保利物业,200,Equity,Equity Securities (Main Board),96.4
6051,6051.HK,YOUZAN,有赞,"5,000",Equity,Equity Securities (Main Board),19.66
6055,6055.HK,CTIHK,中烟香港,"1,000",Equity,Equity Securities (Main Board),159.36
6058,6058.HK,CISI FIN,兴证国际,"2,000",Equity,Equity Securities (Main Board),24.6
6060,6060.HK,ZA ONLINE,众安在线,100,Equity,Equity Securities (Main Board),169.53
6063,6063.HK,LOTUS HORIZON,智中国际,"8,000",Equity,Equity Securities (Main Board),25.6
6066,6066.HK,CSC,中信建投证券,500,Equity,Equity Securities (Main Board),151.32
6067,6067.HK,SENIOR MATERIAL,星源材质,500,Equity,Equity Securities (Main Board),10.89
6068,6068.HK,WISDOM EDU INTL,光正教育,"2,000",Equity,Equity Securities (Main Board),1.29
6069,6069.HK,SY HOLDINGS,盛业,500,Equity,Equity Securities (Main Board),65.07
6078,6078.HK,HYGEIA HEALTH,海吉亚医疗,200,Equity,Equity Securities (Main Board),60.79
6080,6080.HK,WING CHI HLDGS,荣智控股,"6,000",Equity,Equity Securities (Main Board),1.36
6082,6082.HK,BIREN TECH,壁仞科技,200,Equity,Equity Securities (Main Board),507.42
6083,6083.HK,WORLD-LINK LOG,环宇物流（亚洲）,"4,000",Equity,Equity Securities (Main Board),4.14
6086,6086.HK,FANGZHOU JIANKE,方舟健客,500,Equity,Equity Securities (Main Board),10.18
6088,6088.HK,FIT HON TENG,FIT HON TENG,"1,000",Equity,Equity Securities (Main Board),400.61
6090,6090.HK,BUTONG GROUP,不同集团,100,Equity,Equity Securities (Main Board),35.71
6093,6093.HK,HEVOL SERVICES,和泓服务,"2,000",Equity,Equity Securities (Main Board),4.03
6098,6098.HK,CG SERVICES,碧桂园服务,"1,000",Equity,Equity Securities (Main Board),180.92
6099,6099.HK,CMSC,招商证券,200,Equity,Equity Securities (Main Board),192.84
6100,6100.HK,TONGDAO LIEPIN,同道猎聘,200,Equity,Equity Securities (Main Board),12.07
6106,6106.HK,SEER TECH,仙工智能,50,Equity,Equity Securities (Main Board),89.56
6108,6108.HK,NEW RAY MEDIC,新锐医药,"8,000",Equity,Equity Securities (Main Board),0.44
6110,6110.HK,TOPSPORTS,滔搏,"1,000",Equity,Equity Securities (Main Board),64.18
6113,6113.HK,BITSTRAT HLDGS,比特策略,"2,000",Equity,Equity Securities (Main Board),5.24
6117,6117.HK,RIZHAO PORT JR,日照港裕廊,"2,000",Equity,Equity Securities (Main Board),4.67
6118,6118.HK,AUSTAR,奥星生命科技,"1,000",Equity,Equity Securities (Main Board),3.74
6119,6119.HK,TIAN YUAN GP,天源集团,"3,000",Equity,Equity Securities (Main Board),2.64
6123,6123.HK,YTO INTL EXP,圆通国际快递,"2,000",Equity,Equity Securities (Main Board),4.66
6127,6127.HK,JOINN,昭衍新药,100,Equity,Equity Securities (Main Board),25.99
6128,6128.HK,GRAPHEX GROUP,烯石电车新材料,"10,000",Equity,Equity Securities (Main Board),0.53
6132,6132.HK,HJ SCIENCE-B,华健未来－Ｂ,100,Equity,Equity Securities (Main Board),30.25
6133,6133.HK,VITAL INNO,维太创科,"1,000",Equity,Equity Securities (Main Board),2.29
6136,6136.HK,KANGDA ENV,康达环保,"1,000",Equity,Equity Securities (Main Board),18.11
6138,6138.HK,HARBIN BANK,哈尔滨银行,"1,000",Equity,Equity Securities (Main Board),9.52
6158,6158.HK,ZHENRO PPT,正荣地产,"1,000",Equity,Equity Securities (Main Board),1.09
6160,6160.HK,BEONE MEDICINES,百济神州,100,Equity,Equity Securities (Main Board),2954.37
6162,6162.HK,TR INTERIORS,天瑞汽车内饰,"8,000",Equity,Equity Securities (Main Board),1.7
6163,6163.HK,GEMILANG INTL,彭顺国际,"2,000",Equity,Equity Securities (Main Board),1.92
6166,6166.HK,CIG,剑桥科技,50,Equity,Equity Securities (Main Board),114.44
6168,6168.HK,ZHOU LIU FU,周六福,100,Equity,Equity Securities (Main Board),33.43
6169,6169.HK,YUHUA EDU,宇华教育,"2,000",Equity,Equity Securities (Main Board),15.51
6178,6178.HK,EB SECURITIES,光大证券,200,Equity,Equity Securities (Main Board),52.42
6181,6181.HK,LAOPU GOLD,老铺黄金,100,Equity,Equity Securities (Main Board),556.37
6182,6182.HK,TWINTEK,乙德投资控股,"8,000",Equity,Equity Securities (Main Board),5.2
6185,6185.HK,CANSINOBIO,康希诺生物,200,Equity,Equity Securities (Main Board),35.61
6186,6186.HK,CHINA FEIHE,中国飞鹤,"1,000",Equity,Equity Securities (Main Board),222.39
6188,6188.HK,BJ DIGITAL,迪信通,500,Equity,Equity Securities (Main Board),2.11
6189,6189.HK,ADWAY,爱得威建设集团,500,Equity,Equity Securities (Main Board),0.05
6190,6190.HK,BANKOFJIUJIANG,九江银行,200,Equity,Equity Securities (Main Board),13.27
6193,6193.HK,TAILAM TECHCON,泰林科建,"2,000",Equity,Equity Securities (Main Board),1.58
6196,6196.HK,BANKOFZHENGZHOU,郑州银行,"1,000",Equity,Equity Securities (Main Board),18.69
6198,6198.HK,QINGDAO PORT,青岛港,"1,000",Equity,Equity Securities (Main Board),83.25
6199,6199.HK,BANK OF GUIZHOU,贵州银行,"1,000",Equity,Equity Securities (Main Board),20.24
6228,6228.HK,MERDEKAGOLD-DRS,自由黄金－ＤＲＳ,100,Equity,Depositary Receipts,5671.58
6288,6288.HK,FAST RETAIL-DRS,FAST RETAIL-DRS,300,Equity,Depositary Receipts,5.02
6600,6600.HK,ONEROBOTICS,卧安机器人,100,Equity,Equity Securities (Main Board),103.84
6601,6601.HK,CHEERWIN GP,朝云集团,500,Equity,Equity Securities (Main Board),29.0
6603,6603.HK,IFBH,IFBH,200,Equity,Equity Securities (Main Board),11.23
6608,6608.HK,BAIRONG AI-W,百融智能－Ｗ,500,Equity,Equity Securities (Main Board),17.54
6609,6609.HK,HEARTCARE-B,心玮医疗－Ｂ,50,Equity,Equity Securities (Main Board),14.78
6610,6610.HK,FLOWING CLOUD,飞天云动,"1,000",Equity,Equity Securities (Main Board),1.18
6611,6611.HK,SANXUN GROUP,三巽集团,"1,000",Equity,Equity Securities (Main Board),0.31
6613,6613.HK,LENS,蓝思科技,200,Equity,Equity Securities (Main Board),68.7
6616,6616.HK,GLOBAL NEW MAT,环球新材国际,"1,000",Equity,Equity Securities (Main Board),123.78
6618,6618.HK,JD HEALTH,京东健康,50,Equity,Equity Securities (Main Board),1105.18
6622,6622.HK,ZHAOKE OPHTH-B,兆科眼科－Ｂ,500,Equity,Equity Securities (Main Board),13.83
6623,6623.HK,LUFAX,陆控,100,Equity,Equity Securities (Main Board),188.94
6626,6626.HK,YUEXIU SERVICES,越秀服务,500,Equity,Equity Securities (Main Board),26.96
6628,6628.HK,TRANSCENTA-B,创胜集团医药－Ｂ,500,Equity,Equity Securities (Main Board),3.85
6633,6633.HK,QINGCI GAMES,青瓷游戏,500,Equity,Equity Securities (Main Board),21.78
6636,6636.HK,EXTREME VISION,极视角,50,Equity,Equity Securities (Main Board),78.59
6639,6639.HK,ARRAIL GROUP,瑞尔集团,500,Equity,Equity Securities (Main Board),10.29
6651,6651.HK,51WORLD,五一视界,200,Equity,Equity Securities (Main Board),233.03
6655,6655.HK,HX BLDG MAT,华新建材,100,Equity,Equity Securities (Main Board),123.73
6656,6656.HK,SIGENERGY,思格新能,100,Equity,Equity Securities (Main Board),451.11
6657,6657.HK,BAIWANG CO,百望股份,100,Equity,Equity Securities (Main Board),28.13
6658,6658.HK,LIULIUMEI,溜溜梅,100,Equity,Equity Securities (Main Board),121.29
6660,6660.HK,AIM VACCINE,艾美疫苗,200,Equity,Equity Securities (Main Board),8.63
6661,6661.HK,HUZHOU GAS,湖州燃气,500,Equity,Equity Securities (Main Board),2.61
6663,6663.HK,IWS GROUP,国际永胜集团,"10,000",Equity,Equity Securities (Main Board),2.24
6666,6666.HK,EVERG SERVICES,恒大物业,500,Equity,Equity Securities (Main Board),123.78
6667,6667.HK,MEGA GENOMICS,美因基因,200,Equity,Equity Securities (Main Board),16.02
6668,6668.HK,E-STAR CM,星盛商业,"1,000",Equity,Equity Securities (Main Board),14.0
6669,6669.HK,ACOTEC-B,先瑞达医疗－Ｂ,"1,000",Equity,Equity Securities (Main Board),18.05
6675,6675.HK,SENASIC,SENASIC,200,Equity,Equity Securities (Main Board),106.47
6676,6676.HK,ZG GROUP-W,找钢网－Ｗ,500,Equity,Equity Securities (Main Board),6.25
6677,6677.HK,SINO-OCEAN SERV,远洋服务,500,Equity,Equity Securities (Main Board),3.61
6680,6680.HK,JLMAG,金力永磁,200,Equity,Equity Securities (Main Board),38.87
6681,6681.HK,BRAINAURORA-B,脑动极光－Ｂ,"1,000",Equity,Equity Securities (Main Board),17.25
6682,6682.HK,PHANCY,范式智能,100,Equity,Equity Securities (Main Board),96.49
6683,6683.HK,STARPLUS LEGEND,巨星传奇,500,Equity,Equity Securities (Main Board),35.56
6686,6686.HK,NOAH HOLDINGS,诺亚控股,100,Equity,Equity Securities (Main Board),46.64
6687,6687.HK,JST GROUP,聚水潭,100,Equity,Equity Securities (Main Board),52.05
6690,6690.HK,HAIER SMARTHOME,海尔智家,200,Equity,Equity Securities (Main Board),594.12
6693,6693.HK,CHIFENG GOLD,赤峰黄金,200,Equity,Equity Securities (Main Board),93.04
6696,6696.HK,MANY IDEA CLOUD,多想云,"1,000",Equity,Equity Securities (Main Board),19.76
6698,6698.HK,STAR CM,星空华文,100,Equity,Equity Securities (Main Board),3.36
6699,6699.HK,ANGELALIGN,时代天使,200,Equity,Equity Securities (Main Board),157.26
6715,6715.HK,XUNLONG SCITECH,鲟龙科技,100,Equity,Equity Securities (Main Board),76.71
6745,6745.HK,BEFAR GROUP,滨化股份,"1,000",Equity,Equity Securities (Main Board),10.99
6805,6805.HK,KIMOU ENVIRON,金茂源环保,"2,000",Equity,Equity Securities (Main Board),33.24
6806,6806.HK,SWHY,申万宏源,800,Equity,Equity Securities (Main Board),64.1
6808,6808.HK,SUNART RETAIL,高鑫零售,500,Equity,Equity Securities (Main Board),101.61
6809,6809.HK,MONTAGE TECH,澜起科技,100,Equity,Equity Securities (Main Board),204.89
6810,6810.HK,SUNMI TECH-W,商米科技－Ｗ,100,Equity,Equity Securities (Main Board),175.13
6811,6811.HK,TAI HING GROUP,太兴集团,"1,000",Equity,Equity Securities (Main Board),14.33
6812,6812.HK,WINSON HLDGS HK,永顺控股香港,"5,000",Equity,Equity Securities (Main Board),1.5
6816,6816.HK,PROSPER CONS,瑞港建设,"2,000",Equity,Equity Securities (Main Board),1.62
6818,6818.HK,CEB BANK,中国光大银行,"1,000",Equity,Equity Securities (Main Board),358.17
6820,6820.HK,FRIENDTIMES,友谊时光,"2,000",Equity,Equity Securities (Main Board),7.85
6821,6821.HK,ASYMCHEM,凯莱英,100,Equity,Equity Securities (Main Board),38.44
6822,6822.HK,KING'S FLAIR,科劲国际,"2,000",Equity,Equity Securities (Main Board),2.69
6823,6823.HK,HKT-SS,香港电讯－ＳＳ,"1,000",Equity,Equity Securities (Main Board),935.67
6826,6826.HK,HAOHAI BIOTEC,昊海生物科技,100,Equity,Equity Securities (Main Board),5.83
6828,6828.HK,BG BLUE SKY,北京燃气蓝天,"8,000",Equity,Equity Securities (Main Board),8.41
6829,6829.HK,DRAGON RISE GP,龙升集团控股,"1,000",Equity,Equity Securities (Main Board),7.17
6830,6830.HK,HUAZHONG IN-V,华众车载,"2,000",Equity,Equity Securities (Main Board),3.5
6831,6831.HK,GREEN TEA GROUP,绿茶集团,400,Equity,Equity Securities (Main Board),33.55
6833,6833.HK,SINCO PHARMA,兴科蓉医药,"4,000",Equity,Equity Securities (Main Board),2.95
6838,6838.HK,WINOX,盈利时,"2,000",Equity,Equity Securities (Main Board),1.33
6839,6839.HK,YUNNAN WATER,云南水务,"1,000",Equity,Equity Securities (Main Board),0.31
6855,6855.HK,ASCENTAGE,亚盛医药,100,Equity,Equity Securities (Main Board),121.87
6858,6858.HK,HONMAGOLF,本间高尔夫,500,Equity,Equity Securities (Main Board),17.87
6860,6860.HK,FINGERTANGO,指尖悦动,"1,000",Equity,Equity Securities (Main Board),2.17
6862,6862.HK,HAIDILAO,海底捞,"1,000",Equity,Equity Securities (Main Board),552.66
6865,6865.HK,FLAT GLASS,福莱特玻璃,"1,000",Equity,Equity Securities (Main Board),27.17
6866,6866.HK,ZUOLI KECHUANG,佐力科创,"2,000",Equity,Equity Securities (Main Board),0.85
6868,6868.HK,TENFU,天福,"1,000",Equity,Equity Securities (Main Board),28.31
6869,6869.HK,YOFC,长飞光纤光缆,500,Equity,Equity Securities (Main Board),747.86
6871,6871.HK,ROBOTPHOENIX,翼菲科技,100,Equity,Equity Securities (Main Board),62.51
6872,6872.HK,TENNOR THERAP-B,丹诺医药－Ｂ,50,Equity,Equity Securities (Main Board),71.38
6877,6877.HK,TE HEALTHCARE,TE HEALTHCARE,"5,000",Equity,Equity Securities (Main Board),1.83
6878,6878.HK,DIFFER GP AUTO,鼎丰集团汽车,"10,000",Equity,Equity Securities (Main Board),0.35
6880,6880.HK,MOMENTA-W,MOMENTA-W,20,Equity,Equity Securities (Main Board),377.35
6881,6881.HK,CGS,中国银河,500,Equity,Equity Securities (Main Board),287.16
6882,6882.HK,EGL HOLDINGS,东瀛游,"2,000",Equity,Equity Securities (Main Board),2.41
6883,6883.HK,ETERNAL BEAUTY,颖通控股,"1,000",Equity,Equity Securities (Main Board),27.57
6885,6885.HK,JINMA ENERGY,金马能源,"1,000",Equity,Equity Securities (Main Board),3.24
6886,6886.HK,HTSC,HTSC,200,Equity,Equity Securities (Main Board),302.38
6887,6887.HK,SUNSHINE PHARMA,东阳光药,100,Equity,Equity Securities (Main Board),116.68
6888,6888.HK,FREETECH,英达公路再生科技,"1,000",Equity,Equity Securities (Main Board),1.0
6889,6889.HK,DYNAM JAPAN,DYNAM JAPAN,200,Equity,Equity Securities (Main Board),20.54
6890,6890.HK,KANGLI INT HLDG,康利国际控股,"2,000",Equity,Equity Securities (Main Board),4.7
6893,6893.HK,HINSANG GROUP,衍生集团,"2,000",Equity,Equity Securities (Main Board),2.73
6896,6896.HK,GOLDEN THROAT,金嗓子,500,Equity,Equity Securities (Main Board),15.04
6898,6898.HK,CHINA ALUMCAN,中国铝罐,"2,000",Equity,Equity Securities (Main Board),6.21
6899,6899.HK,OURGAME,联众,"1,000",Equity,Equity Securities (Main Board),2.48
6908,6908.HK,HG SEMI,宏光半导体,"5,000",Equity,Equity Securities (Main Board),2.99
6909,6909.HK,BETTERLIFE HLDG,百得利控股,"1,000",Equity,Equity Securities (Main Board),1.31
6911,6911.HK,LANCANG TEA,澜沧古茶,200,Equity,Equity Securities (Main Board),1.39
6913,6913.HK,SCVE GROUP,华南职业教育,"2,000",Equity,Equity Securities (Main Board),1.43
6915,6915.HK,JIANGXI BIO,江西生物,500,Equity,Equity Securities (Main Board),51.53
6918,6918.HK,JIUTAI DIGITAL,九泰数智,"2,000",Equity,Equity Securities (Main Board),1.03
6919,6919.HK,RENRUI HR,人瑞人才,100,Equity,Equity Securities (Main Board),5.28
6922,6922.HK,CRYOFOCUS-B,康沣生物－Ｂ,200,Equity,Equity Securities (Main Board),4.14
6928,6928.HK,TOMO HOLDINGS,万马控股,"4,000",Equity,Equity Securities (Main Board),1.4
6929,6929.HK,ORBUSNEICH,业聚医疗,500,Equity,Equity Securities (Main Board),31.05
6933,6933.HK,SINO-ENTERTAIN,新娱科控股,"2,000",Equity,Equity Securities (Main Board),5.09
6936,6936.HK,SF HOLDING,顺丰控股,200,Equity,Equity Securities (Main Board),133.96
6938,6938.HK,RIBOLIFE-B,瑞博生物－Ｂ,200,Equity,Equity Securities (Main Board),95.93
6939,6939.HK,MEGAIN,美佳音控股,"2,000",Equity,Equity Securities (Main Board),7.5
6951,6951.HK,CCTC,三环集团,100,Equity,Equity Securities (Main Board),95.94
6955,6955.HK,BOAN BIOTECH,博安生物,200,Equity,Equity Securities (Main Board),17.43
6958,6958.HK,ZHENRO SERVICES,正荣服务,"1,000",Equity,Equity Securities (Main Board),0.99
6959,6959.HK,CHANGJIU HLDGS,长久股份,100,Equity,Equity Securities (Main Board),6.36
6960,6960.HK,SHUANGDENG,双登股份,500,Equity,Equity Securities (Main Board),21.55
6963,6963.HK,SUNSHINE INS,阳光保险,500,Equity,Equity Securities (Main Board),132.02
6966,6966.HK,C WAN TONG YUAN,中国万桐园,"10,000",Equity,Equity Securities (Main Board),5.95
6968,6968.HK,GANGLONG CHINA,港龙中国地产,"1,000",Equity,Equity Securities (Main Board),1.57
6969,6969.HK,SMOORE INTL,思摩尔国际,"1,000",Equity,Equity Securities (Main Board),588.64
6979,6979.HK,ZJLD,珍酒李渡,200,Equity,Equity Securities (Main Board),258.21
6980,6980.HK,BAMA TEA,八马茶业,100,Equity,Equity Securities (Main Board),28.37
6988,6988.HK,JOY SPREADER,乐享集团,"1,000",Equity,Equity Securities (Main Board),1.57
6989,6989.HK,EXCELLENCE CM,卓越商企服务,"1,000",Equity,Equity Securities (Main Board),6.83
6990,6990.HK,SKB BIO,科伦博泰生物,100,Equity,Equity Securities (Main Board),838.84
6993,6993.HK,BLUE MOON GROUP,蓝月亮集团,500,Equity,Equity Securities (Main Board),220.94
6996,6996.HK,ANTENGENE-B,德琪医药－Ｂ,500,Equity,Equity Securities (Main Board),23.37
6998,6998.HK,EDDING GENOR,亿腾嘉和,500,Equity,Equity Securities (Main Board),34.69
6999,6999.HK,LEADING HLDGS,领地控股,"1,000",Equity,Equity Securities (Main Board),1.2
7489,7489.HK,VOYAH AUTO,岚图汽车,"1,000",Equity,Equity Securities (Main Board),20.41
7618,7618.HK,JD INDUSTRIALS,京东工业,200,Equity,Equity Securities (Main Board),359.73
7630,7630.HK,IMPACT THERAP-B,英派药业－Ｂ,200,Equity,Equity Securities (Main Board),32.82
7656,7656.HK,RECONOVA,瑞为技术,200,Equity,Equity Securities (Main Board),42.56
7666,7666.HK,METIS TECHBIO-P,剂泰科技－Ｐ,500,Equity,Equity Securities (Main Board),188.46
7687,7687.HK,EACON,易控智驾,50,Equity,Equity Securities (Main Board),100.93
7688,7688.HK,TOPNC,拓璞数控,100,Equity,Equity Securities (Main Board),70.54
8003,8003.HK,GREAT WORLD,世大控股,"6,000",Equity,Equity Securities (GEM),0.25
8005,8005.HK,YUXING INFOTECH,裕兴科技,"2,000",Equity,Equity Securities (GEM),1.67
8006,8006.HK,SINO SPLENDID,华泰瑞银,"10,000",Equity,Equity Securities (GEM),0.39
8007,8007.HK,GLOBALSTRAT,环球战略集团,"10,000",Equity,Equity Securities (GEM),1.04
8013,8013.HK,ECI TECH,ECI TECH,"20,000",Equity,Equity Securities (GEM),0.93
8017,8017.HK,TRADEGO,捷利交易宝,"4,000",Equity,Equity Securities (GEM),8.22
8018,8018.HK,FINSOFT FIN,汇财金融投资,"10,000",Equity,Equity Securities (GEM),0.24
8019,8019.HK,HAO WEN HLDGS,皓文控股,"20,000",Equity,Equity Securities (GEM),0.25
8020,8020.HK,UNITAS HOLD,宏海控股集团,"10,000",Equity,Equity Securities (GEM),0.52
8021,8021.HK,WLS HOLDINGS,汇隆控股,"10,000",Equity,Equity Securities (GEM),1.18
8023,8023.HK,KWONG MAN KEE,邝文记,"6,000",Equity,Equity Securities (GEM),2.0
8026,8026.HK,CB GLOBAL,朗华国际集团,"1,000",Equity,Equity Securities (GEM),5.0
8027,8027.HK,KPM HOLDING,吉辉控股,"10,000",Equity,Equity Securities (GEM),0.86
8028,8028.HK,TIMELESS,天时资源,"20,000",Equity,Equity Securities (GEM),0.81
8029,8029.HK,CI FIN TECH GP,中投金融科技集团,"5,000",Equity,Equity Securities (GEM),1.96
8030,8030.HK,FENGYINHE,丰银禾控股,"1,000",Equity,Equity Securities (GEM),5.17
8031,8031.HK,ETS GROUP,易通讯集团,"2,000",Equity,Equity Securities (GEM),0.99
8033,8033.HK,VODATEL NETWORK,爱达利网络,"2,000",Equity,Equity Securities (GEM),0.65
8035,8035.HK,JANCO HOLDINGS,骏高控股,"10,000",Equity,Equity Securities (GEM),0.38
8036,8036.HK,EBROKER GROUP,电子交易集团,"10,000",Equity,Equity Securities (GEM),0.59
8037,8037.HK,CH BIOTECH SER,中国生物科技服务,"5,000",Equity,Equity Securities (GEM),6.0
8039,8039.HK,CHINA COME RIDE,中国来骑哦,"8,000",Equity,Equity Securities (GEM),0.74
8040,8040.HK,COOLPOINT INNO,快意智能,"5,000",Equity,Equity Securities (GEM),1.73
8041,8041.HK,INTELLIMARK AI,中微智码,"5,000",Equity,Equity Securities (GEM),5.16
8042,8042.HK,KOS TALENT GP,高奥士人才集团,"10,000",Equity,Equity Securities (GEM),0.61
8043,8043.HK,ATLINKS,ATLINKS,"5,000",Equity,Equity Securities (GEM),0.86
8047,8047.HK,CHINA OCEAN GP,中国海洋发展,"4,000",Equity,Equity Securities (GEM),1.77
8049,8049.HK,JILIN CHANGLONG,吉林长龙药业,"4,000",Equity,Equity Securities (GEM),3.98
8050,8050.HK,CITY COOLXUAN,城市酷选,"2,000",Equity,Equity Securities (GEM),2.09
8051,8051.HK,CIRCUTECH,讯智海,200,Equity,Equity Securities (GEM),0.74
8052,8052.HK,LUK HING ENT,陆庆娱乐,"20,000",Equity,Equity Securities (GEM),0.22
8056,8056.HK,LIFE CONCEPTS,生活概念,"10,000",Equity,Equity Securities (GEM),0.19
8057,8057.HK,MADISON HLDG,麦迪森控股,"4,000",Equity,Equity Securities (GEM),0.68
8059,8059.HK,GLORY FLAME,朝威控股,"5,000",Equity,Equity Securities (GEM),0.24
8060,8060.HK,GLOBAL LINK,国联通信,"10,000",Equity,Equity Securities (GEM),0.36
8062,8062.HK,EFT SOLUTIONS,俊盟国际,"5,000",Equity,Equity Securities (GEM),1.18
8065,8065.HK,KML TECH,高萌科技,"5,000",Equity,Equity Securities (GEM),0.57
8066,8066.HK,PHOENITRON HOLD,品创控股,"5,000",Equity,Equity Securities (GEM),1.66
8067,8067.HK,OUC HOLDINGS,东方大学城控股,"1,000",Equity,Equity Securities (GEM),0.82
8069,8069.HK,FLYDOO TECH,飞道旅游科技,"5,000",Equity,Equity Securities (GEM),0.15
8070,8070.HK,KEEN OCEAN,侨洋国际控股,"5,000",Equity,Equity Securities (GEM),1.9
8071,8071.HK,CH NETCOMTECH,中彩网通控股,"5,000",Equity,Equity Securities (GEM),0.58
8072,8072.HK,LANGU CO,兰谷股份,"20,000",Equity,Equity Securities (GEM),0.53
8073,8073.HK,SFSY NEW MAT,水发兴业新材料,"4,000",Equity,Equity Securities (GEM),1.48
8076,8076.HK,SING LEE,新利软件,"5,000",Equity,Equity Securities (GEM),0.28
8079,8079.HK,LIT LIFE,曌生命,"5,000",Equity,Equity Securities (GEM),0.21
8080,8080.HK,NAS HOLDINGS,北亚策略,"20,000",Equity,Equity Securities (GEM),1.7
8081,8081.HK,BAIJUYI HOLD,白居易控股,"10,000",Equity,Equity Securities (GEM),0.77
8082,8082.HK,QINGHUA HOLD,擎华控股,"10,000",Equity,Equity Securities (GEM),0.56
8087,8087.HK,CHINA 33 GROUP,中国三三集团,"2,000",Equity,Equity Securities (GEM),13.22
8090,8090.HK,BAOGAI,宝盖新材,500,Equity,Equity Securities (GEM),0.8
8091,8091.HK,OOH HOLDINGS,奥传思维控股,"10,000",Equity,Equity Securities (GEM),0.33
8092,8092.HK,ITE HOLDINGS,ITE HOLDINGS,"4,000",Equity,Equity Securities (GEM),0.36
8093,8093.HK,WEB3 META,瓦普思瑞元宇宙,"2,000",Equity,Equity Securities (GEM),0.86
8095,8095.HK,BEIDA JADE BIRD,北大青鸟环宇,"1,000",Equity,Equity Securities (GEM),4.64
8096,8096.HK,TASTY CONCEPTS,赏之味,"5,000",Equity,Equity Securities (GEM),0.61
8098,8098.HK,CL GROUP,昌利控股,"10,000",Equity,Equity Securities (GEM),1.61
8100,8100.HK,FAMOUS TECH INT,名科国际,"6,000",Equity,Equity Securities (GEM),1.98
8103,8103.HK,HMVOD,ＨＭＶＯＤ视频,"1,500",Equity,Equity Securities (GEM),0.15
8106,8106.HK,XINHUA LANDE,芯化兰德,"5,000",Equity,Equity Securities (GEM),0.88
8107,8107.HK,FICUS TECH,细叶榕科技,"5,000",Equity,Equity Securities (GEM),1.3
8111,8111.HK,CT IND GROUP,中国科技产业集团,"10,000",Equity,Equity Securities (GEM),0.34
8112,8112.HK,CORNERSTONE FIN,基石金融,"24,000",Equity,Equity Securities (GEM),0.26
8113,8113.HK,V&V TECH,时腾科技,"5,000",Equity,Equity Securities (GEM),1.16
8115,8115.HK,QINGDA ORIENTAL,清大东方,"4,000",Equity,Equity Securities (GEM),4.19
8117,8117.HK,CHI P ENERGY,中国基础能源,"10,000",Equity,Equity Securities (GEM),0.43
8118,8118.HK,ZHONGZI INTL H,中资国际控股,"8,000",Equity,Equity Securities (GEM),0.29
8120,8120.HK,CH DEMETER FIN,国农金融投资,"5,000",Equity,Equity Securities (GEM),3.51
8121,8121.HK,GUOEN HOLDINGS,国恩控股,"10,000",Equity,Equity Securities (GEM),0.63
8123,8123.HK,SINOFORTUNE FIN,华亿金控,"5,000",Equity,Equity Securities (GEM),0.83
8125,8125.HK,RJVAN,荣记万通,"8,000",Equity,Equity Securities (GEM),1.34
8128,8128.HK,SINO ENGY CONS,中华节能,"8,000",Equity,Equity Securities (GEM),0.81
8130,8130.HK,DADI INTL GROUP,大地国际集团,"20,000",Equity,Equity Securities (GEM),0.36
8131,8131.HK,NOVATECH INTEL,诺亚智能,"10,000",Equity,Equity Securities (GEM),1.8
8132,8132.HK,CENTURY EN INTL,百能国际能源,"10,000",Equity,Equity Securities (GEM),1.78
8133,8133.HK,JISHENG GP HLDG,吉盛集团控股,"8,000",Equity,Equity Securities (GEM),0.1
8136,8136.HK,IMS GROUP,英马斯集团,"10,000",Equity,Equity Securities (GEM),0.38
8137,8137.HK,HONBRIDGE,洪桥集团,"2,000",Equity,Equity Securities (GEM),84.42
8139,8139.HK,CHANGAN RH,长安仁恒,500,Equity,Equity Securities (GEM),0.41
8140,8140.HK,BOSATECH,人和科技,"10,000",Equity,Equity Securities (GEM),0.95
8143,8143.HK,GF HEALTHCARE,金威医疗,"10,000",Equity,Equity Securities (GEM),0.81
8146,8146.HK,GRACEWINE,怡园酒业,"10,000",Equity,Equity Securities (GEM),2.48
8147,8147.HK,YUNJING DIGITEC,云晶数智,"8,000",Equity,Equity Securities (GEM),0.8
8148,8148.HK,WUXI LIFE,悟喜生活,"20,000",Equity,Equity Securities (GEM),14.5
8149,8149.HK,ALTUS HLDGS,浩德控股,"10,000",Equity,Equity Securities (GEM),0.98
8152,8152.HK,M&L HOLDINGS,明梁控股,"10,000",Equity,Equity Securities (GEM),0.52
8153,8153.HK,JIADING INTL GP,嘉鼎国际集团,"5,000",Equity,Equity Securities (GEM),0.24
8156,8156.HK,SINOPHARM TECH,国药科技股份,"10,000",Equity,Equity Securities (GEM),1.32
8158,8158.HK,CRMI,中国再生医学,"5,000",Equity,Equity Securities (GEM),0.55
8159,8159.HK,CU VENTURE INV,新华联合投资,"5,000",Equity,Equity Securities (GEM),0.58
8160,8160.HK,GOLDWAY EDU,GOLDWAY EDU,"12,000",Equity,Equity Securities (GEM),1.29
8161,8161.HK,MEDINET GROUP,医汇集团,"4,000",Equity,Equity Securities (GEM),0.2
8162,8162.HK,LOCO HK,港银控股,"10,000",Equity,Equity Securities (GEM),5.77
8163,8163.HK,NOIZ GROUP,声扬集团,"20,000",Equity,Equity Securities (GEM),0.38
8168,8168.HK,AMASSE CAPITAL,宝积资本,"10,000",Equity,Equity Securities (GEM),0.94
8169,8169.HK,ECO-TEK HLDGS,环康集团,"10,000",Equity,Equity Securities (GEM),0.21
8172,8172.HK,LAJIN ENT,拉近网娱,"20,000",Equity,Equity Securities (GEM),0.8
8173,8173.HK,HEPHAESTUS HLDG,客思控股,"20,000",Equity,Equity Securities (GEM),0.26
8176,8176.HK,SUPERROBOTICS,超人智能,"5,000",Equity,Equity Securities (GEM),0.16
8178,8178.HK,CHINA INFO TECH,中国信息科技,"2,000",Equity,Equity Securities (GEM),0.34
8179,8179.HK,PALINDA GROUP,百利达集团控股,"12,000",Equity,Equity Securities (GEM),0.19
8181,8181.HK,KS SMART MGMT,港深智能管理,"8,000",Equity,Equity Securities (GEM),0.56
8186,8186.HK,HONOR MATRIX,浩盟控股,"5,000",Equity,Equity Securities (GEM),1.26
8187,8187.HK,JIMU GROUP,积木集团,"5,000",Equity,Equity Securities (GEM),0.77
8188,8188.HK,GME GROUP,骏杰集团控股,"4,000",Equity,Equity Securities (GEM),5.6
8189,8189.HK,TEDA BIOMEDICAL,泰达生物,"5,000",Equity,Equity Securities (GEM),3.73
8191,8191.HK,HONG WEI ASIA,鸿伟亚洲,"6,000",Equity,Equity Securities (GEM),0.51
8193,8193.HK,ASIAPAC FIN INV,亚太金融投资,"10,000",Equity,Equity Securities (GEM),0.31
8195,8195.HK,LEGENDARY EDU,传承教育集团,"2,000",Equity,Equity Securities (GEM),3.51
8196,8196.HK,FUTIAN HOLDINGS,福田股份,"8,000",Equity,Equity Securities (GEM),0.49
8198,8198.HK,CRYPTO FLOW,加幂科技,"4,000",Equity,Equity Securities (GEM),9.33
8200,8200.HK,SAU SAN TONG,修身堂,"4,000",Equity,Equity Securities (GEM),0.65
8201,8201.HK,PPS INT'L,宝联控股,"20,000",Equity,Equity Securities (GEM),0.62
8203,8203.HK,KAISUN HOLDINGS,凯顺控股,"10,000",Equity,Equity Securities (GEM),0.46
8205,8205.HK,JIAODA WITHUB,交大慧谷,"4,000",Equity,Equity Securities (GEM),0.42
8206,8206.HK,S ROBOT EDU,神通机器人教育,"1,000",Equity,Equity Securities (GEM),0.72
8208,8208.HK,RADIANCE GLO GP,永通万国集团,"6,000",Equity,Equity Securities (GEM),0.92
8210,8210.HK,DLC ASIA,衍汇亚洲,"10,000",Equity,Equity Securities (GEM),0.41
8213,8213.HK,STARGLORY HLDGS,荣晖控股,"10,000",Equity,Equity Securities (GEM),1.11
8217,8217.HK,JU FU TANG BIOT,菊福堂生物,"10,000",Equity,Equity Securities (GEM),0.34
8218,8218.HK,ECHO INT HOLD,毅高国际控股,"12,000",Equity,Equity Securities (GEM),0.87
8219,8219.HK,HANVEY GROUP,恒伟集团控股,"10,000",Equity,Equity Securities (GEM),1.37
8220,8220.HK,BINGO GROUP,比高集团,"1,000",Equity,Equity Securities (GEM),8.3
8221,8221.HK,GAOYU FINANCE,高裕金融,"5,000",Equity,Equity Securities (GEM),0.95
8222,8222.HK,E LIGHTING,壹照明,"4,000",Equity,Equity Securities (GEM),0.29
8223,8223.HK,ZYY,紫元元,"4,000",Equity,Equity Securities (GEM),0.77
8225,8225.HK,C HEALTH GP,中国医疗集团,"20,000",Equity,Equity Securities (GEM),0.8
8226,8226.HK,KOALA FIN GP,树熊金融集团,"5,000",Equity,Equity Securities (GEM),0.41
8227,8227.HK,HAITIAN ANTENNA,海天天线,"1,000",Equity,Equity Securities (GEM),1.65
8229,8229.HK,FUTURE DATA,未来数据集团,"5,000",Equity,Equity Securities (GEM),4.69
8232,8232.HK,THAC GROUP,一木集团,"5,000",Equity,Equity Securities (GEM),0.46
8237,8237.HK,LINK HOLDINGS,华星控股,"6,000",Equity,Equity Securities (GEM),1.44
8238,8238.HK,JIUFANG DIGITAL,玖方数智,"8,000",Equity,Equity Securities (GEM),0.38
8239,8239.HK,CAPITAL FIN,首都金融控股,500,Equity,Equity Securities (GEM),21.12
8241,8241.HK,YING KEE TEA,英记茶庄集团,"5,000",Equity,Equity Securities (GEM),0.61
8245,8245.HK,CANOPY SKYFIRE,烽翼集团,"20,000",Equity,Equity Securities (GEM),0.39
8246,8246.HK,ZHONGHUA GAS,中华燃气,"5,000",Equity,Equity Securities (GEM),3.91
8247,8247.HK,BIOSINO BIO-TEC,中生北控生物科技,"2,000",Equity,Equity Securities (GEM),2.11
8249,8249.HK,RUIYUAN IC TECH,瑞远智控,"5,000",Equity,Equity Securities (GEM),0.15
8250,8250.HK,DU DU HLDGS,都都控股,"10,000",Equity,Equity Securities (GEM),0.32
8262,8262.HK,SUPER STRONG,宏强控股,"10,000",Equity,Equity Securities (GEM),0.42
8267,8267.HK,LINEKONG,蓝港互动,500,Equity,Equity Securities (GEM),0.67
8268,8268.HK,SMART CITY DEV,智城发展控股,"8,000",Equity,Equity Securities (GEM),0.48
8269,8269.HK,GO UP EDU TECH,倍升教育科技,"30,000",Equity,Equity Securities (GEM),2.32
8270,8270.HK,CHINA CBM,中国煤层气,"10,000",Equity,Equity Securities (GEM),1.76
8271,8271.HK,GDC,环球数码创意,"2,000",Equity,Equity Securities (GEM),1.16
8275,8275.HK,CHINA NEW CONS,中国新消费集团,"20,000",Equity,Equity Securities (GEM),1.09
8277,8277.HK,STEEDORIENTAL,骏东控股,"2,000",Equity,Equity Securities (GEM),0.24
8279,8279.HK,AGTECH HOLDINGS,亚博科技控股,"4,000",Equity,Equity Securities (GEM),157.58
8280,8280.HK,CDV HOLDINGS,中国数字视频,"2,000",Equity,Equity Securities (GEM),0.36
8281,8281.HK,CH GOLD CLASSIC,中国金典集团,"8,000",Equity,Equity Securities (GEM),2.6
8282,8282.HK,GAMEONE,智傲控股,"12,000",Equity,Equity Securities (GEM),0.32
8283,8283.HK,ZHONGSHI MINAN,中食民安,"5,000",Equity,Equity Securities (GEM),0.45
8285,8285.HK,SLING GROUP,森浩集团,"5,000",Equity,Equity Securities (GEM),0.46
8286,8286.HK,CCOE,长城微光,"5,000",Equity,Equity Securities (GEM),0.12
8290,8290.HK,AHSAY BACKUP,亚势备份,"10,000",Equity,Equity Securities (GEM),0.58
8291,8291.HK,HK ENT INTL,港娱国际,"10,000",Equity,Equity Securities (GEM),0.45
8292,8292.HK,VSING,VSING,"10,000",Equity,Equity Securities (GEM),1.43
8293,8293.HK,SINGASIA HLDG,星亚控股,"20,000",Equity,Equity Securities (GEM),0.22
8295,8295.HK,KINGWISOFT TECH,金慧科技,"20,000",Equity,Equity Securities (GEM),1.19
8296,8296.HK,SINO-LIFE GROUP,中国生命集团,"4,000",Equity,Equity Securities (GEM),0.14
8297,8297.HK,OCEAN STAR TECH,海纳星空科技,"2,500",Equity,Equity Securities (GEM),0.5
8299,8299.HK,GT GOLD,大唐黄金,"24,000",Equity,Equity Securities (GEM),29.1
8300,8300.HK,JIN MI FANG GP,今米房集团,"20,000",Equity,Equity Securities (GEM),0.71
8305,8305.HK,ST HLDGS,圣唐控股,"10,000",Equity,Equity Securities (GEM),0.94
8307,8307.HK,MEDICSKIN,密迪斯肌,"4,000",Equity,Equity Securities (GEM),0.48
8308,8308.HK,GUDOU HLDGS,古兜控股,"4,000",Equity,Equity Securities (GEM),0.42
8309,8309.HK,MANSHING GLOBAL,万成环球控股,"10,000",Equity,Equity Securities (GEM),0.44
8310,8310.HK,YANCHENG PORT,盐城港,"10,000",Equity,Equity Securities (GEM),3.12
8311,8311.HK,PERFECT OPT,圆美光电,"10,000",Equity,Equity Securities (GEM),0.83
8313,8313.HK,ZACD,杰地集团,"10,000",Equity,Equity Securities (GEM),0.5
8315,8315.HK,CEN PLAZA HOTEL,新都酒店,"10,000",Equity,Equity Securities (GEM),0.37
8316,8316.HK,CHINA HONGBAO,中国红包,"2,000",Equity,Equity Securities (GEM),1.94
8317,8317.HK,FINET GROUP,财华社集团,"2,000",Equity,Equity Securities (GEM),0.84
8319,8319.HK,EXPERT SYS,思博系统,"10,000",Equity,Equity Securities (GEM),0.84
8320,8320.HK,AEC GROUP,沛然环保,"20,000",Equity,Equity Securities (GEM),0.62
8321,8321.HK,TAI KAM HLDGS,泰锦控股,"10,000",Equity,Equity Securities (GEM),9.39
8326,8326.HK,TK NEW ENERGY,同景新能源,"25,000",Equity,Equity Securities (GEM),1.99
8328,8328.HK,XY ELEC STORAGE,信义储电,"4,000",Equity,Equity Securities (GEM),3.53
8329,8329.HK,NEP INTERLONG,海王英特龙,"10,000",Equity,Equity Securities (GEM),0.43
8331,8331.HK,P.B. GROUP,倍搏集团,"10,000",Equity,Equity Securities (GEM),0.37
8333,8333.HK,ASTRUM FIN,阿仕特朗金融,"5,000",Equity,Equity Securities (GEM),0.65
8337,8337.HK,DIRECTEL,直通电讯,"10,000",Equity,Equity Securities (GEM),0.31
8340,8340.HK,ZIJING INTL FIN,紫荆国际金融,"5,000",Equity,Equity Securities (GEM),0.65
8341,8341.HK,AESO HOLDING,艾硕控股,"5,000",Equity,Equity Securities (GEM),0.33
8347,8347.HK,F8 ENT,Ｆ８企业,"8,000",Equity,Equity Securities (GEM),0.15
8348,8348.HK,BINHAI TEDA,滨海泰达物流,"2,000",Equity,Equity Securities (GEM),1.06
8349,8349.HK,GUIXIN GROUP,硅鑫集团,"10,000",Equity,Equity Securities (GEM),5.16
8350,8350.HK,WELL LINK SEC,立桥证券控股,"8,000",Equity,Equity Securities (GEM),3.8
8356,8356.HK,TSUN YIP HLDGS,进业控股,"2,000",Equity,Equity Securities (GEM),0.24
8357,8357.HK,REPUBLIC HC,REPUBLIC HC,"5,000",Equity,Equity Securities (GEM),0.63
8360,8360.HK,BASIC H NEWLIFE,简朴新生活,"6,000",Equity,Equity Securities (GEM),1.05
8362,8362.HK,WINNING TOWER,运兴泰集团,"20,000",Equity,Equity Securities (GEM),0.76
8365,8365.HK,HATCHER GROUP,亦辰集团,"10,000",Equity,Equity Securities (GEM),1.59
8366,8366.HK,ZJ UNITED INV,浙江联合投资,"10,000",Equity,Equity Securities (GEM),0.39
8367,8367.HK,SIMPLICITY HLDG,倩碧控股,"10,000",Equity,Equity Securities (GEM),0.19
8368,8368.HK,CREATIVE CHINA,中国创意控股,"10,000",Equity,Equity Securities (GEM),1.73
8370,8370.HK,ZHI SHENG GP,智升集团控股,800,Equity,Equity Securities (GEM),12.68
8371,8371.HK,TASTEGOURMET GP,尝高美集团,"4,000",Equity,Equity Securities (GEM),7.62
8372,8372.HK,GBG HOLDINGS,君百延集团,"10,000",Equity,Equity Securities (GEM),1.18
8373,8373.HK,INDIGO STAR,靛蓝星,"5,000",Equity,Equity Securities (GEM),0.38
8375,8375.HK,DATA UNION CAP,数盟资本,"10,000",Equity,Equity Securities (GEM),3.11
8377,8377.HK,HARBOUR EQUINE,维港育马,"10,000",Equity,Equity Securities (GEM),0.73
8379,8379.HK,PRIME INTEL,盈证国际,"10,000",Equity,Equity Securities (GEM),0.79
8385,8385.HK,PROSPEROUSPRINT,万里印刷,"10,000",Equity,Equity Securities (GEM),0.13
8391,8391.HK,CORNERSTONE TEC,基石科技控股,"4,000",Equity,Equity Securities (GEM),3.15
8392,8392.HK,SATU HOLDINGS,舍图控股,"10,000",Equity,Equity Securities (GEM),0.39
8395,8395.HK,ZXZN QI-HOUSE,中显智能齐家控股,"20,000",Equity,Equity Securities (GEM),31.45
8400,8400.HK,ASIA PIONEER,亚洲先锋娱乐,"10,000",Equity,Equity Securities (GEM),0.82
8401,8401.HK,HUA XIA WATER,华夏水务集团,"2,000",Equity,Equity Securities (GEM),0.28
8402,8402.HK,PLATEAU TL,高原之宝,"5,000",Equity,Equity Securities (GEM),0.48
8403,8403.HK,DEFENG SOLIFE,德丰宿来,"4,000",Equity,Equity Securities (GEM),4.9
8406,8406.HK,CHINA ORAL IND,中国口腔产业,"10,000",Equity,Equity Securities (GEM),1.69
8411,8411.HK,K W NELSON GP,K W NELSON GP,"10,000",Equity,Equity Securities (GEM),1.09
8412,8412.HK,NEW AMANTE,新爱德集团,"10,000",Equity,Equity Securities (GEM),0.4
8413,8413.HK,ASIA GROCERY,亚洲富思,"10,000",Equity,Equity Securities (GEM),0.77
8416,8416.HK,HM INTL HLDGS,HM INTL HLDGS,"5,000",Equity,Equity Securities (GEM),0.53
8417,8417.HK,DADI EDU,大地教育,"10,000",Equity,Equity Securities (GEM),0.4
8418,8418.HK,OPTIMA AUTO,傲迪玛汽车,"2,000",Equity,Equity Securities (GEM),4.38
8419,8419.HK,AV PROMOTIONS,ＡＶ策划推广,"5,000",Equity,Equity Securities (GEM),0.31
8420,8420.HK,NEXION TECH,NEXION TECH,"5,000",Equity,Equity Securities (GEM),0.25
8422,8422.HK,WT GROUP,ＷＴ集团,"10,000",Equity,Equity Securities (GEM),0.36
8423,8423.HK,CHI HO DEV,CHI HO DEV,"10,000",Equity,Equity Securities (GEM),0.34
8425,8425.HK,HING MING HLDGS,兴铭控股,"4,000",Equity,Equity Securities (GEM),0.41
8426,8426.HK,MODERN LIVING,雅居投资控股,"10,000",Equity,Equity Securities (GEM),1.91
8427,8427.HK,WS-SK TARGET,万顺瑞强集团,400,Equity,Equity Securities (GEM),0.57
8428,8428.HK,CBK HOLDINGS,汉诺佳池,"10,000",Equity,Equity Securities (GEM),0.76
8429,8429.HK,SV VISION,华美乐乐,"5,000",Equity,Equity Securities (GEM),0.24
8430,8430.HK,C&N HOLDINGS,春能控股,"10,000",Equity,Equity Securities (GEM),0.13
8431,8431.HK,HAO BAI INTL,浩柏国际,"10,000",Equity,Equity Securities (GEM),3.22
8432,8432.HK,BAR PACIFIC,太平洋酒吧,"10,000",Equity,Equity Securities (GEM),0.33
8436,8436.HK,TAKBO GROUP,德宝集团控股,"5,000",Equity,Equity Securities (GEM),1.36
8437,8437.HK,RMH HOLDINGS,德斯控股,"8,000",Equity,Equity Securities (GEM),0.17
8439,8439.HK,SOMERLEY CAP,新百利融资,"2,000",Equity,Equity Securities (GEM),1.64
8445,8445.HK,NOBLE ENG GP,怡康泰工程集团,"10,000",Equity,Equity Securities (GEM),0.82
8447,8447.HK,MS CONCEPT,MS CONCEPT,"10,000",Equity,Equity Securities (GEM),0.63
8448,8448.HK,UNI PRINTSHOP,环球印馆,"20,000",Equity,Equity Securities (GEM),1.45
8450,8450.HK,EDICO HOLDINGS,钜京控股,"10,000",Equity,Equity Securities (GEM),8.05
8451,8451.HK,SUNLIGHT HLDGS,日光控股,"10,000",Equity,Equity Securities (GEM),0.64
8452,8452.HK,FY FINANCIAL,富银融资股份,"2,000",Equity,Equity Securities (GEM),0.2
8455,8455.HK,LAI GROUP,礼建德集团,"10,000",Equity,Equity Securities (GEM),0.27
8456,8456.HK,MANSION INTL,民信国际控股,"10,000",Equity,Equity Securities (GEM),0.48
8460,8460.HK,BASETROPHY GP,基地锦标集团,"5,000",Equity,Equity Securities (GEM),1.06
8462,8462.HK,OMNIBRIDGE HLDG,中安控股集团,"5,000",Equity,Equity Securities (GEM),0.45
8471,8471.HK,REACH NEW HLDGS,新达控股,"10,000",Equity,Equity Securities (GEM),0.26
8472,8472.HK,LAPCO HOLDINGS,立高控股,"2,000",Equity,Equity Securities (GEM),0.27
8473,8473.HK,MI MING MART,弥明生活百货,"10,000",Equity,Equity Securities (GEM),1.12
8475,8475.HK,E-STATION GTECH,易站绿色科技,"5,000",Equity,Equity Securities (GEM),0.05
8480,8480.HK,FURNIWEB,飞霓控股,"4,000",Equity,Equity Securities (GEM),1.35
8481,8481.HK,SHENGLONG INTL,盛龙锦秀国际,"5,000",Equity,Equity Securities (GEM),1.07
8482,8482.HK,WAN LEADER,万励达,"10,000",Equity,Equity Securities (GEM),0.2
8483,8483.HK,MAX SIGHT GROUP,名仕快相,"8,000",Equity,Equity Securities (GEM),1.5
8487,8487.HK,ISP GLOBAL,ISP GLOBAL,"2,000",Equity,Equity Securities (GEM),0.84
8489,8489.HK,GP LOGISTICS,裕程物流,"5,000",Equity,Equity Securities (GEM),0.72
8490,8490.HK,NICHE-TECH SEMI,骏码半导体,"5,000",Equity,Equity Securities (GEM),0.78
8491,8491.HK,COOL LINK,COOL LINK,"5,000",Equity,Equity Securities (GEM),0.74
8493,8493.HK,S. DRAGON,炙龙控股,"12,000",Equity,Equity Securities (GEM),0.1
8495,8495.HK,1957 & CO.,1957 & CO.,"4,000",Equity,Equity Securities (GEM),0.84
8496,8496.HK,GLOBAL UIN,环球友饮智能,"2,500",Equity,Equity Securities (GEM),0.11
8500,8500.HK,ICONCULTURE,天泓文创,"10,000",Equity,Equity Securities (GEM),0.39
8501,8501.HK,SANBASE CORP,庄皇集团公司,"2,000",Equity,Equity Securities (GEM),1.7
8502,8502.HK,OCEAN LINE PORT,远航港口,"8,000",Equity,Equity Securities (GEM),2.72
8507,8507.HK,I.CENTURY HLDG,爱世纪集团,"4,000",Equity,Equity Securities (GEM),4.68
8509,8509.HK,WINE'S LINK,威扬酒业控股,"4,000",Equity,Equity Securities (GEM),2.0
8510,8510.HK,TOPSTANDARDCORP,TOPSTANDARDCORP,"20,000",Equity,Equity Securities (GEM),0.58
8511,8511.HK,MIN FU INTL,民富国际,"2,000",Equity,Equity Securities (GEM),0.19
8512,8512.HK,HYFUSIN GROUP,凯富善集团控股,"10,000",Equity,Equity Securities (GEM),3.44
8513,8513.HK,MAXWIN INT HLDG,加和国际控股,"5,000",Equity,Equity Securities (GEM),0.3
8516,8516.HK,ZY INTL,中盈国际,"5,000",Equity,Equity Securities (GEM),0.92
8519,8519.HK,XINXIANG ERA,新享时代,"20,000",Equity,Equity Securities (GEM),0.34
8521,8521.HK,WEBX INTL HLDGS,智云国际控股,"5,000",Equity,Equity Securities (GEM),4.22
8525,8525.HK,BAIYING HOLDING,百应控股,"2,000",Equity,Equity Securities (GEM),2.43
8526,8526.HK,WING FUNG GROUP,荣丰集团亚洲,"10,000",Equity,Equity Securities (GEM),0.46
8527,8527.HK,JLOGO HLDGS,聚利宝控股,"5,000",Equity,Equity Securities (GEM),1.0
8529,8529.HK,UBOT HOLDING,优博控股,"5,000",Equity,Equity Securities (GEM),1.57
8532,8532.HK,POLYFAIR HLDGS,宝发控股,"16,000",Equity,Equity Securities (GEM),0.06
8535,8535.HK,VISTAR HOLDINGS,荧德控股,"20,000",Equity,Equity Securities (GEM),1.68
8536,8536.HK,TL NATURAL GAS,TL NATURAL GAS,"5,000",Equity,Equity Securities (GEM),0.5
8537,8537.HK,CHONG FAI JEWEL,创辉珠宝,"10,000",Equity,Equity Securities (GEM),0.74
8540,8540.HK,VICTORY SEC,胜利证券,"1,000",Equity,Equity Securities (GEM),9.33
8545,8545.HK,AMUSE GROUP,佰悦集团,"8,000",Equity,Equity Securities (GEM),0.43
8547,8547.HK,PACIFIC LEGEND,PACIFIC LEGEND,"10,000",Equity,Equity Securities (GEM),0.62
8549,8549.HK,GOLDEN LEAF INT,金叶国际集团,"5,000",Equity,Equity Securities (GEM),0.81
8580,8580.HK,KPM HOLDING RTS,吉辉控股股权,"10,000",Equity,Equity Securities (GEM),0.1
8601,8601.HK,BOLTEK,宝燵控股,"10,000",Equity,Equity Securities (GEM),1.92
8606,8606.HK,KINETIX SYSTEMS,倢冠控股,"10,000",Equity,Equity Securities (GEM),0.84
8610,8610.HK,BBSB INTL,BBSB INTL,"4,000",Equity,Equity Securities (GEM),3.0
8611,8611.HK,JUFEEL,九福来,"5,000",Equity,Equity Securities (GEM),4.74
8612,8612.HK,WORLD SUPER,维亮控股,"20,000",Equity,Equity Securities (GEM),0.32
8613,8613.HK,ORIENTAL PAY,东方支付集团控股,"10,000",Equity,Equity Securities (GEM),0.6
8616,8616.HK,SUNRAY ENG GP,新威工程集团,"10,000",Equity,Equity Securities (GEM),0.88
8619,8619.HK,NIU HOLDINGS,NIU HOLDINGS,"10,000",Equity,Equity Securities (GEM),0.32
8620,8620.HK,AE LOGISTICS,亚洲速运,"5,000",Equity,Equity Securities (GEM),0.94
8621,8621.HK,METROPOLIS CAP,METROPOLIS CAP,"8,000",Equity,Equity Securities (GEM),0.34
8622,8622.HK,JOYZYME GROUP,愉悦集团,"8,000",Equity,Equity Securities (GEM),0.87
8623,8623.HK,CHINA SAFTOWER,中国蜀塔,"40,000",Equity,Equity Securities (GEM),0.21
8627,8627.HK,ORANGE TOUR,旅橙文化,"8,000",Equity,Equity Securities (GEM),0.51
8631,8631.HK,SUN KONG HLDGS,申港控股,"10,000",Equity,Equity Securities (GEM),0.21
8635,8635.HK,ELEPHANT HLDGS,大象控股集团,"4,000",Equity,Equity Securities (GEM),1.79
8637,8637.HK,METASURFACE,元续科技,"1,000",Equity,Equity Securities (GEM),5.19
8645,8645.HK,BYTE META,比特元宇宙,"6,000",Equity,Equity Securities (GEM),1.83
8646,8646.HK,CHINA HONGGUANG,中国宏光,"3,000",Equity,Equity Securities (GEM),1.91
8657,8657.HK,TRUE PARTNER,TRUE PARTNER,"2,000",Equity,Equity Securities (GEM),1.77
8659,8659.HK,YIK WO INTL,易和国际控股,"5,000",Equity,Equity Securities (GEM),0.99
8668,8668.HK,YING HAI GROUP,瀛海集团,"10,000",Equity,Equity Securities (GEM),1.44
9600,9600.HK,NEWLINK TECH,新纽科技,800,Equity,Equity Securities (Main Board),1.41
9606,9606.HK,DUALITYBIO-B,映恩生物－Ｂ,100,Equity,Equity Securities (Main Board),154.69
9608,9608.HK,SUNDY SERVICE,宋都服务,"10,000",Equity,Equity Securities (Main Board),2.0
9609,9609.HK,HAIWEI ELEC,海伟股份,200,Equity,Equity Securities (Main Board),5.02
9611,9611.HK,LONGCHEER,龙旗科技,100,Equity,Equity Securities (Main Board),11.05
9615,9615.HK,MECH-MIND ROBOT,梅卡曼德机器人,30,Equity,Equity Securities (Main Board),101.14
9616,9616.HK,NEUTECH GROUP,东软睿新集团,800,Equity,Equity Securities (Main Board),11.73
9618,9618.HK,JD-SW,京东集团－ＳＷ,50,Equity,Equity Securities (Main Board),2496.38
9626,9626.HK,BILIBILI-W,哔哩哔哩－Ｗ,20,Equity,Equity Securities (Main Board),412.89
9630,9630.HK,CFMEE,芯碁微装,50,Equity,Equity Securities (Main Board),49.31
9633,9633.HK,NONGFU SPRING,农夫山泉,200,Equity,Equity Securities (Main Board),1992.72
9636,9636.HK,JF SMARTINVEST,九方智投控股,100,Equity,Equity Securities (Main Board),137.85
9637,9637.HK,ALEBUND-B,礼邦医药－Ｂ,100,Equity,Equity Securities (Main Board),58.91
9638,9638.HK,FERRETTI,法拉帝,100,Equity,Equity Securities (Main Board),121.85
9639,9639.HK,WING LEE DEV,荣利营造,"5,000",Equity,Equity Securities (Main Board),9.3
9658,9658.HK,SUPER HI,特海国际,"1,000",Equity,Equity Securities (Main Board),61.03
9660,9660.HK,HORIZONROBOT-W,地平线机器人－Ｗ,600,Equity,Equity Securities (Main Board),584.83
9663,9663.HK,SINOSYNERGY,国鸿氢能,500,Equity,Equity Securities (Main Board),8.87
9668,9668.HK,CBHB,渤海银行,500,Equity,Equity Securities (Main Board),53.63
9669,9669.HK,BEISEN HOLDING,北森控股,200,Equity,Equity Securities (Main Board),21.96
9676,9676.HK,SHIYUE DAOTIAN,十月稻田,300,Equity,Equity Securities (Main Board),46.02
9677,9677.HK,WEIHAI BANK,威海银行,"1,000",Equity,Equity Securities (Main Board),34.94
9678,9678.HK,UNISOUND,云知声,20,Equity,Equity Securities (Main Board),35.41
9680,9680.HK,CHENQI TECH,如祺出行,100,Equity,Equity Securities (Main Board),15.88
9686,9686.HK,XIKANG CLOUD,熙康云医院,500,Equity,Equity Securities (Main Board),8.42
9688,9688.HK,ZAI LAB,再鼎医药,100,Equity,Equity Securities (Main Board),213.57
9689,9689.HK,JTF INTL,金泰丰国际控股,"4,000",Equity,Equity Securities (Main Board),5.25
9690,9690.HK,TUHU-W,途虎－Ｗ,100,Equity,Equity Securities (Main Board),94.94
9696,9696.HK,TIANQI LITHIUM,天齐锂业,200,Equity,Equity Securities (Main Board),79.49
9698,9698.HK,GDS-SW,万国数据－ＳＷ,100,Equity,Equity Securities (Main Board),476.18
9699,9699.HK,SF INTRA-CITY,顺丰同城,200,Equity,Equity Securities (Main Board),63.99
9857,9857.HK,LINMON MEDIA,柠萌影视,100,Equity,Equity Securities (Main Board),10.12
9858,9858.HK,YOURAN DAIRY,优然牧业,"1,000",Equity,Equity Securities (Main Board),199.86
9860,9860.HK,ADICON HOLDINGS,艾迪康控股,500,Equity,Equity Securities (Main Board),29.06
9863,9863.HK,LEAPMOTOR,零跑汽车,100,Equity,Equity Securities (Main Board),397.9
9866,9866.HK,NIO-SW,蔚来－ＳＷ,10,Equity,Equity Securities (Main Board),670.16
9868,9868.HK,XPENG-W,小鹏集团－Ｗ,100,Equity,Equity Securities (Main Board),652.05
9869,9869.HK,HELENS,海伦司,500,Equity,Equity Securities (Main Board),15.69
9876,9876.HK,OCEAN ONE HLDG,大洋环球控股,"2,000",Equity,Equity Securities (Main Board),8.67
9877,9877.HK,JENSCARE-B,健世科技－Ｂ,200,Equity,Equity Securities (Main Board),22.26
9878,9878.HK,HUITONGDA NET,汇通达网络,100,Equity,Equity Securities (Main Board),38.85
9879,9879.HK,MIGAO GROUP,米高集团,"1,000",Equity,Equity Securities (Main Board),83.26
9880,9880.HK,UBTECH ROBOTICS,优必选,50,Equity,Equity Securities (Main Board),353.18
9881,9881.HK,RONGTA TECH,容大科技,500,Equity,Equity Securities (Main Board),16.77
9882,9882.HK,BEST LINKING,永联丰控股,"2,000",Equity,Equity Securities (Main Board),5.96
9885,9885.HK,YSB,药师帮,200,Equity,Equity Securities (Main Board),24.79
9886,9886.HK,DINGDANG HEALTH,叮当健康,500,Equity,Equity Securities (Main Board),9.89
9887,9887.HK,LEADS BIOLABS-B,维立志博－Ｂ,100,Equity,Equity Securities (Main Board),122.56
9888,9888.HK,BIDU-W,百度集团－Ｗ,50,Equity,Equity Securities (Main Board),1959.52
9889,9889.HK,DRCB,东莞农商银行,"1,000",Equity,Equity Securities (Main Board),36.57
9890,9890.HK,TANWAN,贪玩,200,Equity,Equity Securities (Main Board),49.83
9893,9893.HK,PIZU GROUP,比优集团,"20,000",Equity,Equity Securities (Main Board),56.23
9896,9896.HK,MNSO,名创优品,200,Equity,Equity Securities (Main Board),212.82
9898,9898.HK,WB-SW,微博－ＳＷ,20,Equity,Equity Securities (Main Board),82.4
9899,9899.HK,NETEASE MUSIC,网易云音乐,50,Equity,Equity Securities (Main Board),181.1
9900,9900.HK,ZCLOUD TECH CON,智云科技建设,"4,000",Equity,Equity Securities (Main Board),154.01
9901,9901.HK,NEW ORIENTAL-S,新东方－Ｓ,100,Equity,Equity Securities (Main Board),688.15
9903,9903.HK,ILUVATAR COREX,天数智芯,100,Equity,Equity Securities (Main Board),834.47
9906,9906.HK,HONLIV HEALTH,宏力医疗管理,"2,000",Equity,Equity Securities (Main Board),9.36
9908,9908.HK,JIAXING GAS,嘉兴燃气,500,Equity,Equity Securities (Main Board),2.95
9909,9909.HK,POWERLONG CM,宝龙商业,500,Equity,Equity Securities (Main Board),11.8
9911,9911.HK,NEWBORNTOWN,赤子城科技,"2,000",Equity,Equity Securities (Main Board),130.65
9913,9913.HK,CHI KAN HLDGS,智勤控股,"4,000",Equity,Equity Securities (Main Board),21.45
9916,9916.HK,XINGYE WULIAN,兴业物联,"2,000",Equity,Equity Securities (Main Board),1.5
9918,9918.HK,WISE ALLY INTL,丽年国际,"2,000",Equity,Equity Securities (Main Board),0.97
9919,9919.HK,ACTIVATION GP,艾德韦宣集团,"2,000",Equity,Equity Securities (Main Board),5.8
9922,9922.HK,JIUMAOJIU,九毛九,"1,000",Equity,Equity Securities (Main Board),13.91
9923,9923.HK,YEAHKA,移卡,400,Equity,Equity Securities (Main Board),19.32
9926,9926.HK,AKESO,康方生物,"1,000",Equity,Equity Securities (Main Board),862.19
9927,9927.HK,SERES,赛力斯,100,Equity,Equity Securities (Main Board),39.04
9928,9928.HK,TIMES NEIGHBOR,时代邻里,"1,000",Equity,Equity Securities (Main Board),4.83
9929,9929.HK,SEM HLDGS,澳达控股,"10,000",Equity,Equity Securities (Main Board),31.1
9930,9930.HK,HORIZON CD,宏信建发,"1,000",Equity,Equity Securities (Main Board),23.02
9933,9933.HK,GHW INTL,GHW INTL,"4,000",Equity,Equity Securities (Main Board),16.91
9936,9936.HK,XIMEI RESOURCES,稀美资源,500,Equity,Equity Securities (Main Board),61.0
9938,9938.HK,WAH WO HOLDINGS,华和控股,"5,000",Equity,Equity Securities (Main Board),2.75
9939,9939.HK,KINTOR PHARMA-B,开拓药业－Ｂ,500,Equity,Equity Securities (Main Board),9.37
9955,9955.HK,CLOUDR,智云健康,100,Equity,Equity Securities (Main Board),3.26
9958,9958.HK,LITIAN PICTURES,力天影业,"1,000",Equity,Equity Securities (Main Board),0.64
9959,9959.HK,LINKLOGIS-W,联易融科技－Ｗ,500,Equity,Equity Securities (Main Board),41.59
9960,9960.HK,KINDSTAR GLOBAL,康圣环球,500,Equity,Equity Securities (Main Board),9.76
9961,9961.HK,TRIP.COM-S,携程集团－Ｓ,50,Equity,Equity Securities (Main Board),1944.53
9963,9963.HK,TRANSTECH OPTEL,高科桥光导,"2,000",Equity,Equity Securities (Main Board),39.47
9966,9966.HK,ALPHAMAB-B,康宁杰瑞制药－Ｂ,"1,000",Equity,Equity Securities (Main Board),80.6
9968,9968.HK,HUIJING HLDGS,汇景控股,"2,000",Equity,Equity Securities (Main Board),2.99
9969,9969.HK,INNOCARE,诺诚健华,"1,000",Equity,Equity Securities (Main Board),204.5
9971,9971.HK,BASICSEMI,基本半导体,200,Equity,Equity Securities (Main Board),119.56
9973,9973.HK,CHERY AUTO,奇瑞汽车,100,Equity,Equity Securities (Main Board),586.34
9976,9976.HK,LONGSYS,江波龙,50,Equity,Equity Securities (Main Board),63.76
9978,9978.HK,FINELAND LIVING,方圆生活服务,"4,000",Equity,Equity Securities (Main Board),8.48
9979,9979.HK,GREENTOWN MGMT,绿城管理控股,"1,000",Equity,Equity Securities (Main Board),38.7
9980,9980.HK,EASTROC,东鹏饮料,100,Equity,Equity Securities (Main Board),58.36
9981,9981.HK,WOER,沃尔核材,200,Equity,Equity Securities (Main Board),13.96
9982,9982.HK,CENTRALCHINA MT,中原建业,"2,000",Equity,Equity Securities (Main Board),4.45
9983,9983.HK,CC NEW LIFE,建业新生活,"1,000",Equity,Equity Securities (Main Board),3.77
9985,9985.HK,WL DELICIOUS,卫龙美味,200,Equity,Equity Securities (Main Board),174.26
9986,9986.HK,DASHAN EDU,大山教育,"2,000",Equity,Equity Securities (Main Board),16.92
9987,9987.HK,YUM CHINA,百胜中国,50,Equity,Equity Securities (Main Board),1128.82
9988,9988.HK,BABA-W,阿里巴巴－Ｗ,100,Equity,Equity Securities (Main Board),21257.05
9989,9989.HK,HEPALINK,海普瑞,500,Equity,Equity Securities (Main Board),9.37
9990,9990.HK,ARCHOSAUR GAMES,祖龙娱乐,"1,000",Equity,Equity Securities (Main Board),13.65
9991,9991.HK,BAOZUN-W,宝尊电商－Ｗ,100,Equity,Equity Securities (Main Board),11.71
9992,9992.HK,POP MART,泡泡玛特,200,Equity,Equity Securities (Main Board),2033.63
9993,9993.HK,RADIANCE HLDGS,金辉控股,"1,000",Equity,Equity Securities (Main Board),42.27
9995,9995.HK,REMEGEN,荣昌生物,500,Equity,Equity Securities (Main Board),155.18
9996,9996.HK,PEIJIA-B,沛嘉医疗－Ｂ,"1,000",Equity,Equity Securities (Main Board),32.36
9998,9998.HK,KWAN YONG,光荣控股,"5,000",Equity,Equity Securities (Main Board),3.4
9999,9999.HK,NTES,网易,100,Equity,Equity Securities (Main Board),5842.06
