code,yahoo,name_en,name_zh,market_cap_100m_hkd,board_lot,category,sub_category,price,open,high,low,volume,turnover_proxy,ma5,ma10,dev5,dev10,gain1,gain3,gain5,year_prev_high,three_year_prev_high,history_prev_high,year_high,three_year_high,year_high_breakout,three_year_high_breakout,all_time_high_breakout,year_high_distance,three_year_high_distance,consecutive_3d_gain,consecutive_5d_gain,break_pullback_ma5,break_ma5_pullback_ma10,new_year_high,new_3y_high,new_all_time_high,near_year_high_10pct,near_3y_high_10pct,base_date
0001,0001.HK,CKH HOLDINGS,长和,2529.74,500,Equity,Equity Securities (Main Board),66.05,67.85,68.0,65.85,7486054,494.45,67.19,67.74,-1.7,-2.49,-2.72,-2.0,-3.79,74.4,74.4,108.9,74.4,74.4,-8.6,-8.6,-37.56,11.22,11.22,False,False,False,False,False,False,False,False,False,2026-10-08
0002,0002.HK,CLP HOLDINGS,中电控股,1920.1,500,Equity,Equity Securities (Main Board),76.0,75.6,76.0,75.1,3619514,275.08,75.87,76.28,0.17,-0.37,-0.07,0.46,-0.91,79.8,79.8,97.4,79.8,79.8,-4.76,-4.76,-21.97,4.76,4.76,False,False,True,False,False,False,False,True,True,2026-10-08
0003,0003.HK,HK & CHINA GAS,香港中华煤气,1320.19,"1,000",Equity,Equity Securities (Main Board),7.075,7.04,7.085,6.995,28029532,198.31,7.057,7.092,0.26,-0.25,0.5,0.28,-0.42,7.76,7.76,16.36,7.76,7.76,-8.7,-8.7,-56.69,8.83,8.83,False,False,False,False,False,False,False,True,True,2026-10-08
0004,0004.HK,WHARF HOLDINGS,九龙仓集团,568.42,"1,000",Equity,Equity Securities (Main Board),18.6,18.5,18.8,18.41,561099,10.44,18.6,18.984,0.0,-2.02,0.54,-0.05,-3.43,30.6,30.6,34.0,30.6,30.6,-38.56,-38.56,-44.71,39.22,39.22,False,False,False,False,False,False,False,False,False,2026-10-08
0005,0005.HK,HSBC HOLDINGS,汇丰控股,24434.54,400,Equity,Equity Securities (Main Board),142.6,146.3,146.5,142.0,32302844,4606.39,148.94,153.51,-4.26,-7.11,-4.87,-4.87,-9.75,169.7,169.7,169.7,169.7,169.7,-13.67,-13.67,-13.67,15.97,15.97,False,False,False,False,False,False,False,False,False,2026-10-08
0006,0006.HK,POWER ASSETS,电能实业,1263.75,500,Equity,Equity Securities (Main Board),59.3,59.25,59.35,58.85,1935214,114.76,59.28,59.445,0.03,-0.24,0.0,0.34,-0.59,67.05,67.05,78.8,67.05,67.05,-11.48,-11.48,-24.68,11.56,11.56,False,False,False,False,False,False,False,False,False,2026-10-08
0008,0008.HK,PCCW,电讯盈科,393.59,"1,000",Equity,Equity Securities (Main Board),5.08,5.1,5.14,5.07,7049484,35.81,5.128,5.177,-0.94,-1.88,-0.68,-1.55,-1.84,6.37,6.37,6.37,6.37,6.37,-19.31,-19.31,-19.31,20.25,20.25,False,False,False,False,False,False,False,False,False,2026-10-08
0010,0010.HK,HANG LUNG GROUP,恒隆集团,164.76,"1,000",Equity,Equity Securities (Main Board),12.1,12.15,12.26,12.09,765024,9.26,12.092,12.153,0.07,-0.44,-0.49,1.42,-1.79,17.54,17.54,35.9,17.54,17.54,-30.1,-30.1,-65.85,31.01,31.01,False,False,True,False,False,False,False,False,False,2026-10-08
0012,0012.HK,HENDERSON LAND,恒基地产,1264.57,"1,000",Equity,Equity Securities (Main Board),26.12,25.98,26.68,25.92,13903151,363.15,25.82,26.102,1.16,0.07,0.69,2.43,-2.32,35.66,35.66,46.41,35.66,35.66,-25.18,-25.18,-42.51,26.75,26.75,True,False,False,True,False,False,False,False,False,2026-10-08
0013,0013.HK,HUTCHMED,和黄医药,188.25,500,Equity,Equity Securities (Main Board),21.58,22.34,23.0,21.5,5811000,125.4,22.296,22.288,-3.21,-3.18,-3.4,-2.35,-6.17,25.58,35.9,85.8,25.58,35.9,-10.09,-35.93,-73.19,15.64,39.89,False,False,False,False,False,False,False,False,False,2026-10-08
0014,0014.HK,HYSAN DEV,希慎兴业,158.88,"1,000",Equity,Equity Securities (Main Board),15.47,15.42,15.71,15.42,938078,14.51,15.404,15.464,0.43,0.04,0.32,0.98,-0.32,23.3,23.3,46.9,23.3,23.3,-32.58,-32.58,-66.5,33.61,33.61,False,False,False,True,False,False,False,False,False,2026-10-08
0016,0016.HK,SHK PPT,新鸿基地产,3097.73,500,Equity,Equity Securities (Main Board),106.9,106.3,107.7,106.1,5941209,635.12,105.8,106.83,1.04,0.07,0.19,1.81,-1.47,148.8,148.8,148.8,148.8,148.8,-27.62,-27.62,-27.62,28.16,28.16,False,False,False,True,False,False,False,False,False,2026-10-08
0017,0017.HK,NEW WORLD DEV,新世界发展,132.88,"1,000",Equity,Equity Securities (Main Board),5.28,5.66,5.68,5.22,6828046,36.05,5.582,5.785,-5.41,-8.73,-5.88,-7.37,-12.73,12.45,15.96,55.52,12.45,15.96,-54.38,-64.41,-89.77,57.59,66.92,False,False,False,False,False,False,False,False,False,2026-10-08
0018,0018.HK,ORIENTAL M G,东方传媒集团,5.04,"2,000",Equity,Equity Securities (Main Board),0.21,0.21,0.21,0.21,136000,0.03,0.215,0.216,-2.14,-2.82,0.0,-4.55,-4.55,0.33,0.59,1.25,0.33,0.59,-36.36,-64.41,-83.2,36.36,64.41,False,False,False,False,False,False,False,False,False,2026-10-08
0019,0019.HK,SWIRE PACIFIC A,太古股份公司Ａ,780.55,500,Equity,Equity Securities (Main Board),100.2,101.5,102.5,99.8,1169571,117.19,100.72,101.89,-0.52,-1.66,-1.28,-0.4,-2.53,108.6,108.6,108.6,108.6,108.6,-5.62,-5.62,-5.62,7.73,7.73,False,False,False,False,False,False,False,True,True,2026-10-08
0020,0020.HK,SENSETIME-W,商汤－Ｗ,475.46,"1,000",Equity,Equity Securities (Main Board),1.14,1.21,1.225,1.13,444042036,506.21,1.193,1.219,-4.44,-6.48,-5.79,-5.0,-7.32,2.8,2.94,9.7,2.8,2.94,-56.25,-58.33,-87.37,59.29,61.22,False,False,False,False,False,False,False,False,False,2026-10-08
0021,0021.HK,GREAT CHI HLDGS,大中华控股,3.18,"5,000",Equity,Equity Securities (Main Board),0.08,0.08,0.08,0.079,260000,0.02,0.081,0.082,-0.99,-2.91,0.0,-2.44,-2.44,0.15,0.18,0.35,0.15,0.18,-45.21,-55.56,-77.14,45.21,55.56,False,False,False,False,False,False,False,False,False,2026-10-08
0022,0022.HK,MEXAN,茂盛控股,1.0,"2,000",Equity,Equity Securities (Main Board),2.55,2.6,2.615,2.54,162800,0.42,2.608,2.651,-2.22,-3.79,-2.49,0.0,0.79,18.5,18.5,19.25,18.5,18.5,-85.86,-85.86,-86.42,86.22,86.22,False,False,False,False,False,False,False,False,False,2026-10-08
0023,0023.HK,BANK OF E ASIA,东亚银行,465.08,200,Equity,Equity Securities (Main Board),17.57,18.65,18.65,17.35,4079527,71.68,18.504,18.933,-5.05,-7.2,-5.89,-6.29,-8.73,19.94,19.94,36.0,19.94,19.94,-6.47,-6.47,-48.19,11.89,11.89,False,False,False,False,False,False,False,False,False,2026-10-08
0025,0025.HK,CHEVALIER INT'L,CHEVALIER INT'L,13.62,"2,000",Equity,Equity Securities (Main Board),4.52,4.625,4.625,4.5,6000,0.03,4.626,4.663,-2.29,-3.07,-2.16,-2.59,-3.83,5.3,6.07,15.5,5.3,6.07,-12.74,-23.81,-70.16,14.72,25.54,False,False,False,False,False,False,False,False,False,2026-10-08
0027,0027.HK,GALAXY ENT,银河娱乐,1341.8,"1,000",Equity,Equity Securities (Main Board),30.64,30.72,31.04,30.46,19728422,604.48,30.564,31.134,0.25,-1.59,-0.26,0.0,-3.1,44.22,46.75,80.3,44.22,46.75,-29.81,-33.6,-61.34,30.71,34.46,False,False,False,False,False,False,False,False,False,2026-10-08
0028,0028.HK,TIAN AN,天安,47.06,"1,000",Equity,Equity Securities (Main Board),3.21,3.175,3.22,3.17,35000,0.11,3.226,3.242,-0.5,-1.0,1.1,0.16,-0.47,4.95,5.55,6.78,4.95,5.55,-34.95,-41.98,-52.54,35.15,42.16,False,False,False,False,False,False,False,False,False,2026-10-08
0029,0029.HK,DYNAMIC HOLD,达力集团,21.12,"2,000",Equity,Equity Securities (Main Board),8.885,8.805,8.92,8.8,28000,0.25,8.92,8.915,-0.39,-0.34,0.51,-0.5,-2.9,13.1,14.6,16.56,13.1,14.6,-31.91,-38.9,-46.14,32.18,39.14,False,False,False,False,False,False,False,False,False,2026-10-08
0030,0030.HK,YNBY INTL,云白国际,20.89,"2,000",Equity,Equity Securities (Main Board),0.222,0.216,0.222,0.216,236000,0.05,0.221,0.226,0.27,-1.73,-0.89,0.45,-3.48,0.31,0.31,0.57,0.31,0.31,-29.52,-29.52,-61.05,29.52,29.52,False,False,True,False,False,False,False,False,False,2026-10-08
0031,0031.HK,CHINA AEROSPACE,航天控股,13.57,"2,000",Equity,Equity Securities (Main Board),0.44,0.44,0.45,0.44,928000,0.41,0.444,0.451,-0.9,-2.55,-1.12,0.0,-2.22,0.78,0.85,1.12,0.78,0.85,-42.31,-47.06,-59.82,43.59,48.24,False,False,False,False,False,False,False,False,False,2026-10-08
0032,0032.HK,CROSS-HAR(HOLD),港通控股,25.45,"1,000",Equity,Equity Securities (Main Board),6.83,6.85,6.85,6.83,28000,0.19,6.85,6.927,-0.29,-1.4,-0.29,-0.44,-0.44,8.79,9.05,15.5,8.79,9.05,-22.07,-24.31,-55.81,22.3,24.53,False,False,False,False,False,False,False,False,False,2026-10-08
0034,0034.HK,KOWLOON DEV,九龙建业,58.78,"1,000",Equity,Equity Securities (Main Board),4.5,4.725,4.725,4.5,158821,0.71,4.659,4.628,-3.41,-2.77,-4.15,-4.26,-2.91,5.45,7.07,11.06,5.45,7.07,-13.3,-33.17,-57.28,17.43,36.35,False,False,False,False,False,False,False,False,False,2026-10-08
0035,0035.HK,FE CONSORT INTL,远东发展,19.42,"1,000",Equity,Equity Securities (Main Board),0.635,0.645,0.645,0.615,1421000,0.9,0.631,0.642,0.63,-1.17,-1.55,1.6,-0.78,0.93,1.68,4.51,0.93,1.68,-30.65,-61.61,-85.7,31.72,62.2,False,False,False,False,False,False,False,False,False,2026-10-08
0037,0037.HK,FE HOTELS,远东酒店实业,3.54,"2,000",Equity,Equity Securities (Main Board),0.47,0.455,0.47,0.45,64000,0.03,0.466,0.471,0.86,-0.21,1.08,0.0,-2.08,0.68,1.07,2.04,0.68,1.07,-30.88,-56.07,-76.96,30.88,56.07,False,False,False,False,False,False,False,False,False,2026-10-08
0038,0038.HK,FIRST TRACTOR,第一拖拉机股份,33.71,"2,000",Equity,Equity Securities (Main Board),8.6,8.94,8.94,8.6,2993070,25.74,8.624,8.656,-0.28,-0.65,-0.86,0.0,-1.04,10.6,10.6,10.6,10.6,10.6,-15.66,-15.66,-15.66,18.87,18.87,False,False,False,False,False,False,False,False,False,2026-10-08
0041,0041.HK,GREAT EAGLE H,鹰君,101.97,"1,000",Equity,Equity Securities (Main Board),13.6,13.6,13.9,13.5,468893,6.38,13.638,13.923,-0.28,-2.32,0.07,-0.37,-3.89,19.2,19.2,45.0,19.2,19.2,-27.6,-27.6,-69.11,29.17,29.17,False,False,False,False,False,False,False,False,False,2026-10-08
0045,0045.HK,HK&S HOTELS,大酒店,86.93,500,Equity,Equity Securities (Main Board),5.215,5.28,5.33,5.205,264000,1.38,5.274,5.397,-1.12,-3.37,-0.29,-2.98,-5.18,7.26,7.26,17.12,7.26,7.26,-26.58,-26.58,-68.87,28.17,28.17,False,False,False,False,False,False,False,False,False,2026-10-08
0050,0050.HK,HK FERRY (HOLD),香港小轮（集团）,16.74,"1,000",Equity,Equity Securities (Main Board),4.7,4.7,4.7,4.7,61173,0.29,4.698,4.7,0.04,-0.01,0.0,-0.11,-0.21,5.55,5.55,9.29,5.55,5.55,-15.32,-15.32,-49.41,15.32,15.32,False,False,False,False,False,False,False,False,False,2026-10-08
0051,0051.HK,HARBOUR CENTRE,海港企业,35.83,"1,000",Equity,Equity Securities (Main Board),5.055,5.085,5.185,4.975,222000,1.12,5.01,4.821,0.9,4.85,-2.69,2.12,6.42,5.2,7.22,16.36,5.2,7.22,-0.29,-28.19,-68.31,2.79,29.99,False,False,False,False,False,False,False,True,False,2026-10-08
0052,0052.HK,FAIRWOOD HOLD,大快活集团,5.6,500,Equity,Equity Securities (Main Board),4.32,4.37,4.37,4.3,70824,0.31,4.328,4.247,-0.18,1.73,-1.14,-0.58,0.47,4.84,11.28,38.4,4.84,11.28,-9.62,-61.26,-88.62,10.65,61.7,False,False,False,False,False,False,False,False,False,2026-10-08
0055,0055.HK,NEWAY GROUP,中星集团控股,0.3,"10,000",Equity,Equity Securities (Main Board),0.118,0.108,0.118,0.106,130000,0.02,0.117,0.121,0.51,-2.64,7.27,-1.67,-12.59,0.19,0.31,0.75,0.19,0.31,-39.49,-61.31,-84.27,39.49,61.31,False,False,False,False,False,False,False,False,False,2026-10-08
0057,0057.HK,CHEN HSONG HOLD,震雄集团,9.43,"2,000",Equity,Equity Securities (Main Board),1.495,1.495,1.495,1.495,26000,0.04,1.502,1.505,-0.47,-0.66,-0.33,0.0,0.34,1.75,1.94,3.93,1.75,1.94,-14.57,-22.94,-61.96,14.57,22.94,False,False,False,False,False,False,False,False,False,2026-10-08
0058,0058.HK,SUNWAY INT'L,新威国际,1.06,"20,000",Equity,Equity Securities (Main Board),0.205,0.209,0.209,0.205,60000,0.01,0.208,0.211,-1.54,-2.98,-1.91,-1.91,-1.91,0.4,0.88,13.0,0.4,0.88,-47.75,-76.25,-98.39,48.75,76.7,False,False,False,False,False,False,False,False,False,2026-10-08
0061,0061.HK,GREEN LEADER,绿领控股,0.28,"10,000",Equity,Equity Securities (Main Board),0.21,0.215,0.215,0.215,60000,0.01,0.196,0.188,7.03,11.76,11.7,5.0,19.32,0.36,0.52,50.4,0.36,0.52,-40.28,-58.65,-99.57,41.67,59.62,False,False,False,False,False,False,False,False,False,2026-10-08
0062,0062.HK,TRANSPORT INT'L,载通,45.65,400,Equity,Equity Securities (Main Board),8.51,8.53,8.57,8.5,37269,0.32,8.553,8.571,-0.5,-0.71,-0.23,-0.99,-1.62,12.2,12.2,26.75,12.2,12.2,-29.75,-29.75,-67.96,30.25,30.25,False,False,False,False,False,False,False,False,False,2026-10-08
0063,0063.HK,CHI ASIA VALLEY,中亚烯谷集团,2.92,"1,000",Equity,Equity Securities (Main Board),0.046,0.046,0.046,0.046,11000,0.0,0.04,0.037,13.86,25.0,0.0,21.05,39.39,0.06,0.15,0.82,0.06,0.15,-28.13,-69.33,-94.39,28.13,69.33,False,False,False,False,False,False,False,False,False,2026-10-08
0064,0064.HK,GET NICE,结好控股,23.99,"2,000",Equity,Equity Securities (Main Board),3.88,3.86,3.88,3.86,210350,0.82,3.859,3.85,0.54,0.78,0.52,0.78,0.91,3.9,3.9,7.5,3.9,3.9,-0.51,-0.51,-48.27,0.51,0.51,False,False,False,False,False,False,False,True,True,2026-10-08
0065,0065.HK,GRAND OCEAN AR,弘海高新资源,0.83,"4,000",Equity,Equity Securities (Main Board),0.34,0.34,0.345,0.335,150800,0.05,0.353,0.358,-3.68,-5.16,-2.86,-2.86,-11.69,0.44,8.0,8.1,0.44,8.0,-21.59,-95.69,-95.74,22.73,95.75,False,False,False,False,False,False,False,False,False,2026-10-08
0066,0066.HK,MTR CORPORATION,港铁公司,1929.7,500,Equity,Equity Securities (Main Board),31.0,31.26,31.52,30.92,5479985,169.88,31.144,31.872,-0.46,-2.74,-1.02,1.31,-4.32,37.88,37.88,55.75,37.88,37.88,-16.79,-16.79,-43.46,18.16,18.16,False,False,False,False,False,False,False,False,False,2026-10-08
0068,0068.HK,MANYCORE TECH,MANYCORE TECH,118.42,500,Equity,Equity Securities (Main Board),6.86,7.13,7.12,6.77,3059510,20.99,7.089,7.295,-3.23,-5.97,-3.65,-4.52,-2.83,48.5,48.5,48.5,48.5,48.5,-85.32,-85.32,-85.32,85.86,85.86,False,False,False,False,False,False,False,False,False,2026-10-08
0069,0069.HK,SHANGRI-LA ASIA,香格里拉（亚洲）,136.1,"2,000",Equity,Equity Securities (Main Board),3.79,3.825,3.835,3.76,808000,3.06,3.82,3.834,-0.79,-1.16,-0.26,-1.94,-3.32,5.39,6.27,19.9,5.39,6.27,-28.85,-38.84,-80.73,29.68,39.55,False,False,False,False,False,False,False,False,False,2026-10-08
0071,0071.HK,MIRAMAR HOTEL,美丽华酒店,67.37,"1,000",Equity,Equity Securities (Main Board),9.75,9.745,9.79,9.745,180000,1.75,9.805,9.826,-0.56,-0.77,-0.51,-0.61,-0.81,11.27,11.27,19.3,11.27,11.27,-13.13,-13.13,-49.27,13.49,13.49,False,False,False,False,False,False,False,False,False,2026-10-08
0072,0072.HK,META MEDIA,超媒体控股,1.12,"2,000",Equity,Equity Securities (Main Board),0.255,0.227,0.255,0.227,212000,0.05,0.248,0.244,2.82,4.38,0.0,2.0,9.91,0.31,0.36,1.97,0.31,0.36,-19.05,-29.17,-87.06,19.05,29.17,False,False,False,True,False,False,False,False,False,2026-10-08
0075,0075.HK,Y.T. REALTY,渝太地产,1.01,"2,000",Equity,Equity Securities (Main Board),0.126,0.122,0.122,0.122,14000,0.0,0.142,0.144,-11.27,-12.68,-13.1,-14.29,-13.7,0.2,0.89,3.74,0.2,0.89,-37.76,-86.29,-96.74,35.71,85.84,False,False,False,False,False,False,False,False,False,2026-10-08
0076,0076.HK,ELATE HOLDINGS,谊砾控股,0.68,"4,000",Equity,Equity Securities (Main Board),0.152,0.145,0.152,0.145,276011,0.04,0.152,0.155,0.26,-1.81,4.83,1.33,-3.8,0.2,0.5,2.54,0.2,0.5,-23.23,-69.6,-94.02,23.23,69.6,False,False,False,False,False,False,False,False,False,2026-10-08
0078,0078.HK,REGAL INT'L,REGAL INT'L,3.77,"2,000",Equity,Equity Securities (Main Board),0.42,0.415,0.42,0.415,98000,0.04,0.435,0.439,-3.45,-4.44,0.0,-5.62,-3.45,0.59,3.15,7.16,0.59,3.15,-28.81,-86.67,-94.13,28.81,86.67,False,False,False,False,False,False,False,False,False,2026-10-08
0079,0079.HK,CENTURY LEGEND,世纪建业,0.41,"4,000",Equity,Equity Securities (Main Board),0.126,0.115,0.127,0.115,820000,0.1,0.122,0.121,3.62,3.79,7.69,11.5,13.51,0.16,0.17,0.96,0.16,0.17,-22.56,-23.03,-86.77,23.17,23.64,False,False,False,True,False,False,False,False,False,2026-10-08
0080,0080.HK,CAI CORP,ＣＡＩ控股,6.78,"10,000",Equity,Investment Companies,0.26,0.255,0.26,0.255,470000,0.12,0.251,0.25,3.42,3.88,0.0,6.12,4.0,0.47,0.7,1.63,0.47,0.7,-44.68,-62.86,-84.03,44.68,62.86,False,False,False,False,False,False,False,False,False,2026-10-08
0081,0081.HK,CH OVS G OCEANS,中国海外宏洋集团,112.83,"1,000",Equity,Equity Securities (Main Board),3.17,3.12,3.25,3.085,5629000,17.84,3.114,3.023,1.8,4.86,1.6,3.09,0.48,3.35,3.35,6.12,3.35,3.35,-2.99,-2.99,-46.9,5.37,5.37,True,False,False,False,False,False,False,True,True,2026-10-08
0082,0082.HK,CRAZY SPORTS,疯狂体育,3.62,"2,000",Equity,Equity Securities (Main Board),0.08,0.078,0.081,0.078,757000,0.06,0.081,0.081,-0.74,-1.11,-2.44,1.27,0.0,0.1,0.18,1.0,0.1,0.18,-16.49,-54.75,-91.9,17.53,55.31,False,False,False,False,False,False,False,False,False,2026-10-08
0083,0083.HK,SINO LAND,信和置业,971.08,"2,000",Equity,Equity Securities (Main Board),10.13,10.06,10.26,10.06,15202725,154.0,10.058,10.094,0.72,0.36,0.6,1.2,-1.65,13.3,13.3,15.48,13.3,13.3,-22.86,-22.86,-33.72,23.83,23.83,True,False,False,True,False,False,False,False,False,2026-10-08
0085,0085.HK,CE HUADA TECH,中电华大科技,15.63,"2,000",Equity,Equity Securities (Main Board),0.77,0.78,0.785,0.77,766000,0.59,0.783,0.787,-1.66,-2.16,-1.91,-1.91,-3.75,1.54,2.09,2.09,1.54,2.09,-49.03,-62.44,-62.44,50.0,63.16,False,False,False,False,False,False,False,False,False,2026-10-08
0086,0086.HK,SUN HUNG KAI CO,新鸿基公司,77.5,"1,000",Equity,Equity Securities (Main Board),3.96,3.93,3.96,3.9,222000,0.88,3.961,3.98,-0.03,-0.52,0.0,0.0,-0.75,4.5,4.5,5.9,4.5,4.5,-12.0,-12.0,-32.88,12.0,12.0,False,False,False,False,False,False,False,False,False,2026-10-08
0087,0087.HK,SWIRE PACIFIC B,太古股份公司Ｂ,413.67,"2,500",Equity,Equity Securities (Main Board),14.52,14.81,14.95,14.5,867049,12.59,14.876,15.023,-2.39,-3.35,-1.96,-3.01,-5.1,15.8,15.8,16.34,15.8,15.8,-5.38,-5.38,-8.51,8.1,8.1,False,False,False,False,False,False,False,True,True,2026-10-08
0088,0088.HK,TAI CHEUNG HOLD,TAI CHEUNG HOLD,18.25,"1,000",Equity,Equity Securities (Main Board),2.955,3.0,3.0,2.945,63000,0.19,2.981,2.996,-0.87,-1.38,-0.84,-0.51,-1.5,4.18,4.18,10.0,4.18,4.18,-28.23,-28.23,-70.0,29.31,29.31,False,False,False,False,False,False,False,False,False,2026-10-08
0089,0089.HK,TAI SANG LAND,大生地产,5.29,"1,000",Equity,Equity Securities (Main Board),1.84,1.825,1.825,1.825,46000,0.08,1.883,1.893,-2.28,-2.8,-2.13,-1.34,-7.77,2.58,2.99,6.31,2.58,2.99,-29.26,-38.96,-71.08,28.68,38.46,False,False,False,False,False,False,False,False,False,2026-10-08
0090,0090.HK,PUXING ENERGY,普星能量,4.06,"2,000",Equity,Equity Securities (Main Board),0.885,0.91,0.92,0.885,118000,0.1,0.905,0.936,-2.21,-5.45,-2.75,-2.75,-2.75,1.36,2.28,2.28,1.36,2.28,-32.35,-59.65,-59.65,34.93,61.18,False,False,False,False,False,False,False,False,False,2026-10-08
0093,0093.HK,ZERO FINTECH,零在科技金融,9.6,"2,000",Equity,Equity Securities (Main Board),0.36,0.37,0.37,0.36,30000,0.01,0.408,0.39,-11.76,-7.81,-7.69,-20.0,-10.0,0.55,0.7,0.88,0.55,0.7,-32.73,-47.14,-57.95,34.55,48.57,False,False,False,False,False,False,False,False,False,2026-10-08
0094,0094.HK,GREENHEART GP,绿心集团,1.67,"80,000",Equity,Equity Securities (Main Board),0.06,0.057,0.062,0.057,1380000,0.08,0.056,0.051,7.53,18.34,3.45,15.38,17.65,0.1,0.11,1.24,0.1,0.11,-35.42,-43.64,-94.99,37.5,45.45,True,False,False,False,False,False,False,False,False,2026-10-08
0095,0095.HK,LVGEM CHINA,绿景中国地产,11.26,"2,000",Equity,Equity Securities (Main Board),0.177,0.18,0.182,0.177,372000,0.07,0.181,0.181,-2.21,-2.32,-2.75,-2.75,-2.75,0.32,1.24,3.84,0.32,1.24,-43.12,-85.32,-95.26,44.69,85.73,False,False,False,False,False,False,False,False,False,2026-10-08
0097,0097.HK,HENDERSON INV,恒基发展,3.84,"1,000",Equity,Equity Securities (Main Board),0.126,0.129,0.129,0.126,305990,0.04,0.129,0.133,-2.63,-4.91,-0.79,-3.08,-5.97,0.21,0.37,0.71,0.21,0.37,-38.57,-65.14,-81.83,40.0,65.95,False,False,False,False,False,False,False,False,False,2026-10-08
0098,0098.HK,XINGFA ALUM,兴发铝业,21.31,"1,000",Equity,Equity Securities (Main Board),5.065,5.215,5.37,5.065,3000,0.02,5.173,5.256,-2.09,-3.63,0.0,-3.52,-5.33,8.08,8.88,13.88,8.08,8.88,-33.54,-39.53,-61.31,37.31,42.96,False,False,False,False,False,False,False,False,False,2026-10-08
0099,0099.HK,WONG'S INT'L,王氏国际,5.89,"1,000",Equity,Equity Securities (Main Board),1.23,1.225,1.23,1.225,54000,0.07,1.308,1.289,-5.96,-4.54,-7.17,-7.52,-0.4,1.56,1.88,3.59,1.56,1.88,-21.15,-34.57,-65.74,21.15,34.57,False,False,False,False,False,False,False,False,False,2026-10-08
0100,0100.HK,MINIMAX-W,MINIMAX-W,562.29,20,Equity,Equity Securities (Main Board),207.2,238.0,238.4,207.0,14400616,2983.81,236.72,247.96,-12.47,-16.44,-13.74,-15.15,-17.19,1330.0,1330.0,1330.0,1330.0,1330.0,-82.08,-82.08,-82.08,84.42,84.42,False,False,False,False,False,False,False,False,False,2026-10-08
0101,0101.HK,HANG LUNG PPT,恒隆地产,338.46,"1,000",Equity,Equity Securities (Main Board),6.505,6.58,6.685,6.5,7080828,46.06,6.517,6.546,-0.18,-0.62,-1.44,0.46,-2.47,10.3,11.68,22.6,10.3,11.68,-35.1,-42.77,-70.42,36.84,44.31,False,False,False,False,False,False,False,False,False,2026-10-08
0103,0103.HK,SHOUGANG CENT,首佳科技,8.84,"1,000",Equity,Equity Securities (Main Board),1.71,1.77,1.82,1.71,118000,0.2,1.842,1.968,-7.17,-13.13,-7.82,-7.07,-18.57,3.2,4.3,4.3,3.2,4.3,-43.12,-57.67,-57.67,46.56,60.23,False,False,False,False,False,False,False,False,False,2026-10-08
0104,0104.HK,ASIA COMM HOLD,ASIA COMM HOLD,1.62,"5,000",Equity,Equity Securities (Main Board),0.217,0.216,0.216,0.216,35000,0.01,0.223,0.223,-2.6,-2.82,-1.36,-4.82,-4.82,0.26,0.34,0.93,0.26,0.34,-18.49,-36.47,-76.77,18.11,36.18,False,False,False,False,False,False,False,False,False,2026-10-08
0107,0107.HK,SICHUAN EXPRESS,四川成渝高速公路,44.72,"2,000",Equity,Equity Securities (Main Board),4.995,4.895,5.035,4.895,1012000,5.05,4.92,4.908,1.52,1.77,1.63,2.36,1.11,6.1,6.1,6.1,6.1,6.1,-17.46,-17.46,-17.46,18.11,18.11,True,False,True,True,False,False,False,False,False,2026-10-08
0108,0108.HK,SR MEDICAL,春雨医疗,78.88,"2,000",Equity,Equity Securities (Main Board),2.375,2.435,2.45,2.34,688000,1.63,2.336,2.201,1.67,7.93,-3.06,5.09,13.64,3.71,4.28,4.28,3.71,4.28,-33.96,-42.76,-42.76,35.98,44.51,False,False,False,False,False,False,False,False,False,2026-10-08
0111,0111.HK,CINDA INTL HLDG,信达国际控股,4.3,"2,000",Equity,Equity Securities (Main Board),0.67,0.735,0.735,0.67,1082000,0.72,0.693,0.687,-3.32,-2.4,-6.29,-3.6,-3.6,1.27,1.27,1.27,1.27,1.27,-42.13,-42.13,-42.13,47.24,47.24,False,False,False,False,False,False,False,False,False,2026-10-08
0113,0113.HK,DICKSON CONCEPT,迪生创建,22.82,500,Equity,Equity Securities (Main Board),5.91,5.91,5.97,5.89,107500,0.64,5.898,5.889,0.2,0.36,-0.34,0.25,-1.01,6.7,7.07,7.07,6.7,7.07,-10.9,-15.56,-15.56,11.79,16.41,False,False,True,False,False,False,False,False,False,2026-10-08
0116,0116.HK,CHOW SANG SANG,周生生,88.67,"1,000",Equity,Equity Securities (Main Board),13.2,13.18,13.32,13.04,1211000,15.99,13.068,12.907,1.01,2.27,-0.23,2.09,3.53,16.69,16.69,20.85,16.69,16.69,-20.19,-20.19,-36.12,20.91,20.91,False,False,False,False,False,False,False,False,False,2026-10-08
0117,0117.HK,EYANG HOLDINGS,宇阳控股,25.1,"2,000",Equity,Equity Securities (Main Board),3.37,3.745,3.745,3.29,1510000,5.09,3.635,3.531,-7.29,-4.56,-9.89,-11.43,-4.8,8.39,8.39,8.39,8.39,8.39,-55.36,-55.36,-55.36,59.83,59.83,False,False,False,False,False,False,False,False,False,2026-10-08
0118,0118.HK,COSMOS MACH,大同机械,1.6,"2,000",Equity,Equity Securities (Main Board),0.186,0.185,0.186,0.185,42000,0.01,0.189,0.192,-1.69,-3.38,0.54,-2.11,-2.62,0.52,0.52,0.86,0.52,0.52,-64.23,-64.23,-78.37,64.23,64.23,False,False,False,False,False,False,False,False,False,2026-10-08
0119,0119.HK,POLY PROPERTY,保利置业集团,48.53,"1,000",Equity,Equity Securities (Main Board),1.27,1.275,1.32,1.265,28494100,36.19,1.265,1.283,0.4,-1.05,0.4,1.6,-3.42,2.55,2.55,4.7,2.55,2.55,-48.24,-48.24,-71.91,50.2,50.2,False,False,False,False,False,False,False,False,False,2026-10-08
0120,0120.HK,COSMOPOL INT'L,COSMOPOL INT'L,0.74,600,Equity,Equity Securities (Main Board),0.045,0.049,0.05,0.045,274200,0.01,0.046,0.049,-2.17,-7.41,-8.16,-2.17,-10.0,0.11,7.7,10.0,0.11,7.7,-53.7,-99.35,-99.5,58.33,99.42,False,False,False,False,False,False,False,False,False,2026-10-08
0123,0123.HK,YUEXIU PROPERTY,越秀地产,133.44,"1,000",Equity,Equity Securities (Main Board),3.315,3.31,3.425,3.31,7466158,24.75,3.313,3.319,0.06,-0.14,0.3,0.76,-2.79,4.98,8.85,12.63,4.98,8.85,-31.22,-61.3,-72.88,33.43,62.54,False,False,False,False,False,False,False,False,False,2026-10-08
0124,0124.HK,GD LAND,粤海置地,3.39,"2,000",Equity,Equity Securities (Main Board),0.198,0.197,0.198,0.197,626750,0.12,0.198,0.198,0.2,-0.05,-1.0,1.54,-1.0,0.25,0.67,2.21,0.25,0.67,-22.35,-70.45,-91.04,22.35,70.45,False,False,True,False,False,False,False,False,False,2026-10-08
0127,0127.HK,CHINESE EST H,华人置业,19.08,500,Equity,Equity Securities (Main Board),1.0,0.995,1.01,0.995,238000,0.24,1.012,1.014,-1.19,-1.38,-0.99,-2.91,-1.48,1.34,1.85,15.58,1.34,1.85,-24.63,-45.41,-93.52,25.37,45.95,False,False,False,False,False,False,False,False,False,2026-10-08
0128,0128.HK,ENM HOLDINGS,安宁控股,7.92,"4,000",Equity,Equity Securities (Main Board),0.48,0.48,0.48,0.475,336000,0.16,0.336,0.318,42.86,50.94,60.0,60.0,60.0,0.3,0.31,1.44,0.48,0.48,60.0,54.84,-66.67,0.0,0.0,False,False,False,False,True,True,False,True,True,2026-10-08
0130,0130.HK,MOISELLE INT'L,慕诗国际,0.62,"2,000",Equity,Equity Securities (Main Board),0.184,0.201,0.214,0.18,1592000,0.29,0.18,0.175,2.11,5.08,-10.24,7.6,8.24,0.3,0.3,1.61,0.3,0.3,-28.67,-28.67,-86.71,38.67,38.67,False,False,False,False,False,False,False,False,False,2026-10-08
0131,0131.HK,CHEUK NANG HOLD,卓能（集团）,8.55,"1,000",Equity,Equity Securities (Main Board),1.31,1.27,1.31,1.27,43000,0.06,1.301,1.304,0.69,0.42,0.38,0.77,-0.76,1.42,2.05,5.95,1.42,2.05,-7.75,-36.1,-77.98,7.75,36.1,False,False,True,True,False,False,False,True,False,2026-10-08
0132,0132.HK,HING YIP HLDGS,兴业控股,2.33,"1,000",Equity,Equity Securities (Main Board),0.136,0.138,0.14,0.133,1247000,0.17,0.147,0.144,-7.61,-5.75,-9.33,-10.53,-11.69,0.24,0.5,1.2,0.24,0.5,-41.42,-72.0,-88.33,43.1,72.8,False,False,False,False,False,False,False,False,False,2026-10-08
0133,0133.HK,CHINA MERCHANTS,招商局中国基金,34.82,"2,000",Equity,Investment Companies,22.86,23.06,23.64,22.84,420413,9.61,22.588,23.462,1.2,-2.57,-0.61,3.53,0.62,28.78,28.78,28.78,28.78,28.78,-17.86,-17.86,-17.86,20.57,20.57,False,False,False,False,False,False,False,False,False,2026-10-08
0135,0135.HK,KUNLUN ENERGY,昆仑能源,646.06,"2,000",Equity,Equity Securities (Main Board),7.495,7.48,7.52,7.38,9626209,72.15,7.464,7.526,0.42,-0.41,1.63,1.42,-1.06,8.83,9.23,9.98,8.83,9.23,-14.84,-18.53,-24.65,15.12,18.8,False,False,False,False,False,False,False,False,False,2026-10-08
0136,0136.HK,CHINA RUYI,中国儒意,246.13,"4,000",Equity,Equity Securities (Main Board),1.465,1.455,1.505,1.45,43938204,64.37,1.469,1.502,-0.27,-2.46,1.74,-0.34,-6.69,2.46,3.47,17.8,2.46,3.47,-38.82,-56.63,-91.54,40.45,57.78,False,False,False,False,False,False,False,False,False,2026-10-08
0139,0139.HK,SMART FISH,小鱼盈通,1.28,"10,000",Equity,Equity Securities (Main Board),0.087,0.09,0.09,0.086,2389500,0.21,0.088,0.089,-1.58,-2.25,-2.25,-1.14,2.35,0.23,1.22,7.4,0.23,1.22,-60.18,-92.62,-98.78,61.5,92.87,False,False,False,False,False,False,False,False,False,2026-10-08
0142,0142.HK,FIRST PACIFIC,第一太平,203.52,"2,000",Equity,Equity Securities (Main Board),4.775,4.785,4.835,4.75,4003614,19.12,4.775,4.788,0.0,-0.27,-0.1,-0.1,-1.24,6.59,6.99,6.99,6.59,6.99,-26.63,-30.83,-30.83,27.54,31.69,False,False,False,False,False,False,False,False,False,2026-10-08
0144,0144.HK,CHINA MER PORT,招商局港口,721.22,"2,000",Equity,Equity Securities (Main Board),17.18,17.15,17.56,17.08,4091221,70.29,17.096,17.049,0.49,0.77,0.41,0.53,0.7,17.85,17.85,27.4,17.85,17.85,-1.62,-1.62,-35.91,3.75,3.75,False,False,True,False,False,False,False,True,True,2026-10-08
0145,0145.HK,CCIAM FUTURE EN,信能低碳,0.77,"8,000",Equity,Equity Securities (Main Board),0.21,0.21,0.21,0.201,160000,0.03,0.21,0.214,0.0,-1.96,0.0,0.0,0.0,0.28,0.84,36.42,0.28,0.84,-25.0,-75.0,-99.42,25.0,75.0,False,False,False,False,False,False,False,False,False,2026-10-08
0147,0147.HK,IB SETTLEMENT,国际商业结算,41.81,"5,000",Equity,Equity Securities (Main Board),0.181,0.184,0.186,0.18,114805000,20.78,0.187,0.193,-3.31,-6.02,-1.63,-4.74,-7.18,0.29,0.67,1.79,0.29,0.67,-35.86,-72.24,-89.61,37.59,72.99,False,False,False,False,False,False,False,False,False,2026-10-08
0148,0148.HK,KINGBOARD HLDG,建滔集团,647.27,500,Equity,Equity Securities (Main Board),57.7,59.3,62.35,57.2,22543812,1300.78,59.59,57.945,-3.17,-0.42,-5.1,-6.26,3.5,151.8,151.8,151.8,151.8,151.8,-58.93,-58.93,-58.93,61.99,61.99,False,False,False,False,False,False,False,False,False,2026-10-08
0151,0151.HK,WANT WANT CHINA,中国旺旺,318.13,"1,000",Equity,Equity Securities (Main Board),2.725,2.695,2.755,2.695,12239776,33.35,2.726,2.757,-0.04,-1.16,0.55,0.74,-3.2,5.1,5.97,8.44,5.1,5.97,-45.98,-53.85,-67.36,46.57,54.36,False,False,False,False,False,False,False,False,False,2026-10-08
0152,0152.HK,SHENZHEN INT'L,深圳国际,124.88,500,Equity,Equity Securities (Main Board),5.095,5.085,5.19,5.08,3213426,16.37,5.059,5.087,0.71,0.16,0.2,1.9,-1.26,9.3,9.3,18.6,9.3,9.3,-44.19,-44.19,-72.1,45.22,45.22,True,False,False,True,False,False,False,False,False,2026-10-08
0154,0154.HK,BE ENVIRONMENT,北京控股环境集团,6.23,"1,000",Equity,Equity Securities (Main Board),0.415,0.415,0.415,0.415,29000,0.01,0.407,0.417,1.97,-0.6,0.0,3.75,-4.6,0.69,0.71,1.63,0.69,0.71,-39.86,-41.55,-74.54,39.86,41.55,False,False,False,False,False,False,False,False,False,2026-10-08
0156,0156.HK,LIPPO CHINA RES,力宝华润,10.84,"2,000",Equity,Equity Securities (Main Board),1.18,1.19,1.195,1.18,55000,0.06,1.239,1.227,-4.76,-3.83,-0.84,-8.88,-12.59,1.37,1.37,2.9,1.37,1.37,-12.45,-12.45,-58.79,13.55,13.55,False,False,False,False,False,False,False,False,False,2026-10-08
0158,0158.HK,MELBOURNE ENT,万邦投资,14.56,500,Equity,Equity Securities (Main Board),58.25,58.25,58.25,58.0,5000,0.29,58.2,58.32,0.09,-0.12,-0.17,0.43,-0.26,64.2,118.0,246.0,64.2,118.0,-9.27,-50.64,-76.32,9.27,50.64,False,False,True,False,False,False,False,True,False,2026-10-08
0160,0160.HK,HON KWOK LAND,汉国置业,4.65,"2,000",Equity,Equity Securities (Main Board),0.645,0.645,0.645,0.64,502000,0.32,0.648,0.651,-0.46,-1.0,0.0,-0.77,-0.77,1.03,1.79,5.46,1.03,1.79,-37.38,-63.97,-88.19,37.38,63.97,False,False,False,False,False,False,False,False,False,2026-10-08
0162,0162.HK,CENTURY GINWA,世纪金花,0.46,"2,000",Equity,Equity Securities (Main Board),0.04,0.033,0.053,0.033,632000,0.03,0.036,0.035,11.73,12.68,11.11,14.29,14.29,0.1,0.31,0.6,0.1,0.31,-47.0,-82.9,-91.18,60.0,87.1,False,False,False,True,False,False,False,False,False,2026-10-08
0163,0163.HK,EMPEROR INT'L,英皇国际,5.52,"10,000",Equity,Equity Securities (Main Board),0.1,0.1,0.1,0.095,250000,0.03,0.101,0.104,-0.79,-4.03,0.0,-1.96,-7.41,0.23,0.46,3.19,0.23,0.46,-57.45,-78.26,-96.87,57.45,78.26,False,False,False,False,False,False,False,False,False,2026-10-08
0164,0164.HK,CHINA BAOLI TEC,中国宝力科技,1.47,"5,000",Equity,Equity Securities (Main Board),0.42,0.42,0.42,0.42,150000,0.06,0.424,0.434,-0.94,-3.34,0.0,-3.45,0.0,0.69,1.7,275.0,0.69,1.7,-39.13,-75.29,-99.85,39.13,75.29,False,False,False,False,False,False,False,False,False,2026-10-08
0165,0165.HK,CHINA EB LTD,中国光大控股,103.73,"2,000",Equity,Equity Securities (Main Board),6.155,6.22,6.425,6.1,5082000,31.28,6.236,6.273,-1.3,-1.87,-3.6,-0.97,-3.07,11.26,13.24,20.85,11.26,13.24,-42.94,-51.47,-69.18,45.34,53.51,False,False,False,False,False,False,False,False,False,2026-10-08
0166,0166.HK,NEW TIMES CORP,新时代集团控股,2.88,"2,000",Equity,Equity Securities (Main Board),0.033,0.033,0.033,0.033,158875,0.01,0.034,0.034,-1.79,-3.79,0.0,-2.94,-8.33,0.05,0.14,0.34,0.05,0.14,-40.0,-76.43,-90.43,40.0,76.43,False,False,False,False,False,False,False,False,False,2026-10-08
0168,0168.HK,TSINGTAO BREW,青岛啤酒股份,262.16,500,Equity,Equity Securities (Main Board),40.02,39.5,40.1,39.5,2263804,90.6,39.516,39.554,1.28,1.18,1.47,1.63,-0.05,54.25,67.0,93.55,54.25,67.0,-26.08,-40.15,-57.14,26.23,40.27,False,False,False,True,False,False,False,False,False,2026-10-08
0169,0169.HK,WANDA HOTEL DEV,万达酒店发展,4.23,"1,000",Equity,Equity Securities (Main Board),0.09,0.087,0.09,0.087,1777000,0.16,0.087,0.088,3.69,2.39,4.65,5.88,3.45,0.21,0.8,2.39,0.21,0.8,-56.73,-88.75,-96.23,56.73,88.75,False,False,False,True,False,False,False,False,False,2026-10-08
0173,0173.HK,K. WAH INT'L,嘉华国际,59.59,"1,000",Equity,Equity Securities (Main Board),1.89,1.895,1.93,1.86,1051981,1.99,1.875,1.9,0.8,-0.55,2.16,1.89,-2.33,2.87,2.92,5.82,2.87,2.92,-32.75,-33.9,-66.84,34.15,35.27,False,False,False,False,False,False,False,False,False,2026-10-08
0175,0175.HK,GEELY AUTO,吉利汽车,1575.82,"1,000",Equity,Equity Securities (Main Board),14.61,14.86,15.01,14.55,31349252,458.01,14.834,15.124,-1.51,-3.4,-2.4,-1.81,0.41,25.62,25.62,36.45,25.62,25.62,-41.41,-41.41,-58.82,42.97,42.97,False,False,False,False,False,False,False,False,False,2026-10-08
0177,0177.HK,JIANGSU EXPRESS,江苏宁沪高速公路,132.34,"2,000",Equity,Equity Securities (Main Board),10.83,10.61,10.9,10.5,4375277,47.38,10.558,10.605,2.58,2.12,3.24,3.84,1.31,11.25,11.66,12.9,11.25,11.66,-3.11,-6.52,-15.5,3.73,7.12,True,False,False,True,False,False,False,True,True,2026-10-08
0178,0178.HK,SA SA INT'L,莎莎国际,40.34,"2,000",Equity,Equity Securities (Main Board),1.3,1.23,1.325,1.225,33905065,44.08,1.189,1.177,9.34,10.4,8.33,11.11,12.55,1.21,1.21,5.92,1.33,1.33,9.5,9.5,-77.62,1.89,1.89,False,False,False,False,True,True,False,True,True,2026-10-08
0179,0179.HK,JOHNSON ELEC H,德昌电机控股,154.18,500,Equity,Equity Securities (Main Board),16.5,17.55,17.74,16.39,8033614,132.55,17.382,17.562,-5.07,-6.05,-7.67,-5.71,-4.35,32.24,45.78,45.78,32.24,45.78,-44.98,-61.25,-61.25,48.82,63.96,False,False,False,False,False,False,False,False,False,2026-10-08
0181,0181.HK,FUJIAN HOLDINGS,闽港控股,1.02,"20,000",Equity,Equity Securities (Main Board),0.089,0.095,0.111,0.089,800000,0.07,0.097,0.101,-7.87,-11.53,-9.18,-10.1,-23.93,0.13,0.16,0.53,0.13,0.16,-15.91,-28.39,-79.06,32.58,42.58,False,False,False,False,False,False,False,False,False,2026-10-08
0182,0182.HK,CONCORD NE,协合新能源,25.95,"10,000",Equity,Equity Securities (Main Board),0.33,0.325,0.34,0.32,4960000,1.64,0.327,0.321,0.92,2.8,1.54,1.54,3.13,0.49,0.73,1.01,0.49,0.73,-30.61,-53.42,-66.34,32.65,54.79,False,False,False,True,False,False,False,False,False,2026-10-08
0183,0183.HK,WINFULL GP,宏辉集团,0.82,"8,000",Equity,Equity Securities (Main Board),0.144,0.138,0.14,0.138,21600,0.0,0.145,0.146,-0.41,-1.64,-1.37,2.86,-2.04,0.23,0.37,2.32,0.23,0.37,-38.86,-62.16,-93.97,37.12,61.08,False,False,False,False,False,False,False,False,False,2026-10-08
0184,0184.HK,KECK SENG INV,激成投资,7.82,"2,000",Equity,Equity Securities (Main Board),2.3,2.27,2.3,2.26,128000,0.29,2.292,2.308,0.35,-0.37,1.32,0.0,-0.86,2.49,2.94,7.6,2.49,2.94,-7.63,-21.77,-69.74,7.63,21.77,False,False,False,False,False,False,False,True,False,2026-10-08
0185,0185.HK,ZENSUN ENT,正商实业,1.11,"1,000",Equity,Equity Securities (Main Board),0.058,0.057,0.057,0.057,12000,0.0,0.06,0.061,-3.01,-5.38,-3.33,-3.33,-4.92,0.17,0.5,6.9,0.17,0.5,-66.27,-88.6,-99.17,65.68,88.4,False,False,False,False,False,False,False,False,False,2026-10-08
0186,0186.HK,NIMBLE HOLDINGS,敏捷控股,18.4,"30,000",Equity,Equity Securities (Main Board),0.335,0.33,0.335,0.33,60000,0.02,0.344,0.368,-2.62,-8.97,4.69,-1.47,-1.47,0.5,0.5,1.9,0.5,0.5,-33.66,-33.66,-82.37,33.66,33.66,False,False,False,False,False,False,False,False,False,2026-10-08
0187,0187.HK,JINGCHENG MAC,京城机电股份,2.54,"2,000",Equity,Equity Securities (Main Board),2.535,2.54,2.545,2.495,934000,2.37,2.503,2.525,1.28,0.38,3.05,1.4,-0.98,7.5,7.5,7.5,7.5,7.5,-66.07,-66.07,-66.07,66.2,66.2,False,False,False,True,False,False,False,False,False,2026-10-08
0189,0189.HK,DONGYUE GROUP,东岳集团,184.36,"1,000",Equity,Equity Securities (Main Board),10.64,11.05,11.27,10.55,20419136,217.26,11.024,11.116,-3.48,-4.28,-5.0,-4.06,-4.06,23.74,23.74,28.5,23.74,23.74,-52.53,-52.53,-60.46,55.18,55.18,False,False,False,False,False,False,False,False,False,2026-10-08
0191,0191.HK,LAI SUN INT'L,丽新国际,3.49,"1,000",Equity,Equity Securities (Main Board),0.395,0.41,0.415,0.395,127000,0.05,0.396,0.4,-0.25,-1.13,1.28,-1.25,0.0,1.0,1.1,14.73,1.0,1.1,-58.5,-62.27,-97.18,60.5,64.09,False,False,False,False,False,False,False,False,False,2026-10-08
0193,0193.HK,CAPITAL ESTATE,冠中地产,0.46,"3,000",Equity,Equity Securities (Main Board),0.199,0.196,0.199,0.196,16500,0.0,0.196,0.196,1.74,1.48,3.11,3.11,1.53,0.28,0.57,2.74,0.28,0.57,-27.64,-65.09,-92.74,27.64,65.09,False,False,False,True,False,False,False,False,False,2026-10-08
0194,0194.HK,LIU CHONG HING,廖创兴企业,15.5,"2,000",Equity,Equity Securities (Main Board),4.095,4.09,4.095,4.09,14000,0.06,4.105,4.116,-0.24,-0.52,0.0,-0.61,-0.61,5.28,5.66,14.24,5.28,5.66,-22.44,-27.65,-71.24,22.44,27.65,False,False,False,False,False,False,False,False,False,2026-10-08
0196,0196.HK,HONGHUA GROUP,宏华集团,9.04,"1,000",Equity,Equity Securities (Main Board),0.1,0.1,0.1,0.1,64000,0.01,0.1,0.097,0.0,3.31,0.0,0.0,4.17,0.25,0.26,1.19,0.25,0.26,-60.78,-61.54,-91.6,60.78,61.54,False,False,False,False,False,False,False,False,False,2026-10-08
0199,0199.HK,ITC NEOCLOUD,德祥新云算力,28.58,"1,000",Equity,Equity Securities (Main Board),2.625,2.61,2.635,2.505,4472000,11.74,2.593,2.622,1.23,0.13,0.57,-0.19,-2.42,2.94,2.94,3.53,2.94,2.94,-10.37,-10.37,-25.35,10.71,10.71,False,False,True,True,False,False,False,False,False,2026-10-08
0200,0200.HK,MELCO INT'L DEV,新濠国际发展,58.81,"1,000",Equity,Equity Securities (Main Board),2.585,2.63,2.685,2.58,3785000,9.78,2.654,2.742,-2.6,-5.74,-0.39,-5.31,-8.33,4.9,6.95,30.5,4.9,6.95,-45.2,-61.37,-91.2,47.24,62.81,False,False,False,False,False,False,False,False,False,2026-10-08
0205,0205.HK,BFB HEALTH,BFB HEALTH,6.01,"10,000",Equity,Equity Securities (Main Board),0.48,0.485,0.485,0.48,20900,0.01,0.49,0.501,-2.04,-4.19,-1.03,-4.0,-4.0,1.01,1.01,3.12,1.01,1.01,-51.98,-51.98,-84.46,52.48,52.48,False,False,False,False,False,False,False,False,False,2026-10-08
0206,0206.HK,CM-ENERGY,华商能源,6.32,"1,000",Equity,Equity Securities (Main Board),0.195,0.198,0.198,0.195,422000,0.08,0.197,0.198,-1.12,-1.61,-1.52,0.0,-0.51,0.66,0.66,1.42,0.66,0.66,-70.0,-70.0,-86.1,70.45,70.45,False,False,False,False,False,False,False,False,False,2026-10-08
0209,0209.HK,POLY XVERSE IT,万维智能科技,0.61,"1,000",Equity,Equity Securities (Main Board),0.41,0.415,0.42,0.41,355000,0.15,0.414,0.416,-0.97,-1.56,-1.2,-3.53,-5.75,6.66,7.45,110.62,6.66,7.45,-93.7,-94.36,-99.62,93.85,94.5,False,False,False,False,False,False,False,False,False,2026-10-08
0210,0210.HK,DAPHNE INT'L,达芙妮国际,6.03,"2,000",Equity,Equity Securities (Main Board),0.305,0.3,0.305,0.29,212000,0.06,0.3,0.298,1.67,2.35,1.67,1.67,1.67,0.43,0.57,1.1,0.43,0.57,-29.07,-46.49,-72.27,29.07,46.49,False,False,True,True,False,False,False,False,False,2026-10-08
0211,0211.HK,STYLAND HOLD,STYLAND HOLD,1.91,"10,000",Equity,Equity Securities (Main Board),0.26,0.265,0.265,0.26,20000,0.01,0.258,0.258,0.93,0.66,0.0,4.84,0.0,0.3,0.3,2.55,0.3,0.3,-11.67,-11.67,-89.61,13.33,13.33,False,False,False,False,False,False,False,False,False,2026-10-08
0212,0212.HK,NANYANG HOLD,NANYANG HOLD,9.78,500,Equity,Equity Securities (Main Board),28.8,28.6,28.8,28.6,10500,0.3,28.644,28.65,0.54,0.52,0.63,0.7,0.7,31.6,31.6,62.45,31.6,31.6,-8.86,-8.86,-53.88,8.86,8.86,False,False,True,True,False,False,False,True,True,2026-10-08
0213,0213.HK,NATIONAL ELEC H,NATIONAL ELEC H,3.28,"2,000",Equity,Equity Securities (Main Board),0.36,0.37,0.37,0.37,4000,0.0,0.36,0.363,0.0,-0.83,0.0,0.0,-7.69,0.47,0.78,1.26,0.47,0.78,-22.11,-52.56,-70.63,24.21,53.85,False,False,False,False,False,False,False,False,False,2026-10-08
0214,0214.HK,ASIA ORIENT,汇汉控股,1.78,"2,000",Equity,Equity Securities (Main Board),0.212,0.209,0.209,0.209,24470,0.01,0.21,0.214,1.15,-1.07,1.44,1.44,-3.2,0.31,0.55,2.92,0.31,0.55,-33.65,-62.0,-92.84,32.7,61.45,False,False,False,False,False,False,False,False,False,2026-10-08
0215,0215.HK,HUTCHTEL HK,和记电讯香港,52.05,"2,000",Equity,Equity Securities (Main Board),1.08,1.1,1.1,1.08,3532000,3.81,1.097,1.11,-1.55,-2.7,-1.82,-1.82,-3.14,1.22,1.23,3.5,1.22,1.23,-9.84,-10.57,-68.57,11.48,12.2,False,False,False,False,False,False,False,False,False,2026-10-08
0216,0216.HK,CHINNEY INV,建业实业,2.34,"4,000",Equity,Equity Securities (Main Board),0.425,0.425,0.425,0.425,8000,0.0,0.429,0.432,-0.93,-1.51,-1.16,-1.16,-1.16,0.67,1.1,4.29,0.67,1.1,-36.57,-61.36,-90.09,36.57,61.36,False,False,False,False,False,False,False,False,False,2026-10-08
0217,0217.HK,CHINA CHENGTONG,中国诚通发展集团,6.68,"2,000",Equity,Equity Securities (Main Board),0.112,0.113,0.117,0.108,2114000,0.24,0.11,0.113,1.45,-0.71,0.0,1.82,-0.88,0.2,0.25,0.75,0.2,0.25,-40.61,-54.12,-84.4,43.15,56.08,False,False,True,False,False,False,False,False,False,2026-10-08
0218,0218.HK,SWHYHK,申万宏源香港,12.96,"5,000",Equity,Equity Securities (Main Board),0.83,0.835,0.835,0.83,165000,0.14,0.839,0.852,-1.07,-2.64,0.0,-1.19,-2.35,1.55,4.25,4.48,1.55,4.25,-46.13,-80.35,-81.36,46.45,80.47,False,False,False,False,False,False,False,False,False,2026-10-08
0220,0220.HK,U-PRESID CHINA,统一企业中国,318.12,"1,000",Equity,Equity Securities (Main Board),7.365,7.18,7.425,7.175,13364221,98.43,7.09,7.018,3.88,4.94,2.51,5.82,5.21,8.74,10.82,10.82,8.74,10.82,-15.05,-31.38,-31.38,15.73,31.93,True,False,False,False,False,False,False,False,False,2026-10-08
0222,0222.HK,MIN XIN HOLD,闽信集团,15.65,"2,000",Equity,Equity Securities (Main Board),2.62,2.64,2.65,2.62,22000,0.06,2.656,2.655,-1.36,-1.3,-0.38,-4.73,0.77,3.63,3.75,8.38,3.63,3.75,-27.0,-29.33,-68.39,27.82,30.13,False,False,False,False,False,False,False,False,False,2026-10-08
0223,0223.HK,ELIFE HLDGS,易生活控股,1.55,"20,000",Equity,Equity Securities (Main Board),0.095,0.086,0.095,0.086,106000,0.01,0.095,0.093,0.42,2.59,0.0,1.06,-1.04,0.19,0.5,3.4,0.19,0.5,-50.26,-81.0,-97.21,50.26,81.0,False,False,False,True,False,False,False,False,False,2026-10-08
0227,0227.HK,FIRST SHANGHAI,第一上海,2.69,"8,000",Equity,Equity Securities (Main Board),0.123,0.123,0.123,0.12,336000,0.04,0.126,0.13,-2.69,-5.38,0.0,-3.91,-4.65,0.28,0.87,1.46,0.28,0.87,-56.84,-85.86,-91.58,56.84,85.86,False,False,False,False,False,False,False,False,False,2026-10-08
0228,0228.HK,CHINA ENERGY,中能控股,4.01,"2,000",Equity,Equity Securities (Main Board),0.88,0.885,0.9,0.88,61250,0.05,0.81,0.762,8.64,15.49,1.15,15.79,14.29,2.1,5.44,10.2,2.1,5.44,-57.14,-83.46,-91.18,58.1,83.82,True,False,False,False,False,False,False,False,False,2026-10-08
0234,0234.HK,NEW CENTURY GP,新世纪集团,2.2,"24,000",Equity,Equity Securities (Main Board),0.038,0.036,0.038,0.034,4243200,0.16,0.037,0.037,2.7,3.83,0.0,11.76,-7.32,0.04,0.06,0.17,0.04,0.06,-11.63,-33.33,-77.65,11.63,33.33,False,False,True,True,False,False,False,False,False,2026-10-08
0235,0235.HK,CSC HOLDINGS,中策资本控股,4.08,"5,000",Equity,Equity Securities (Main Board),0.02,0.019,0.021,0.019,28645000,0.57,0.02,0.02,1.01,0.5,5.26,0.0,0.0,0.04,0.04,0.29,0.04,0.04,-40.0,-51.16,-92.88,42.86,53.49,False,False,False,True,False,False,False,False,False,2026-10-08
0240,0240.HK,BUILD KING HOLD,利基控股,16.77,"10,000",Equity,Equity Securities (Main Board),1.35,1.355,1.36,1.35,300000,0.41,1.353,1.365,-0.22,-1.06,-0.37,-0.37,-1.46,1.89,1.89,1.89,1.89,1.89,-28.04,-28.04,-28.04,28.57,28.57,False,False,False,False,False,False,False,False,False,2026-10-08
0241,0241.HK,ALI HEALTH,阿里健康,454.53,"2,000",Equity,Equity Securities (Main Board),2.81,2.82,2.865,2.785,51251193,144.02,2.817,2.826,-0.25,-0.58,-0.35,0.0,-1.92,7.91,7.91,30.15,7.91,7.91,-63.78,-63.78,-90.5,64.48,64.48,False,False,False,False,False,False,False,False,False,2026-10-08
0242,0242.HK,SHUN TAK HOLD,信德集团,14.64,"2,000",Equity,Equity Securities (Main Board),0.485,0.495,0.5,0.485,675500,0.33,0.496,0.503,-2.22,-3.67,-2.02,-3.0,-3.96,0.69,1.19,4.3,0.69,1.19,-27.54,-57.98,-88.37,29.71,59.24,False,False,False,False,False,False,False,False,False,2026-10-08
0243,0243.HK,QPL INT'L,QPL INT'L,1.42,"9,000",Equity,Equity Securities (Main Board),0.41,0.425,0.425,0.41,63000,0.03,0.437,0.432,-6.18,-5.09,-8.89,-6.82,1.23,0.95,0.95,11.64,0.95,0.95,-55.26,-55.26,-96.35,56.84,56.84,False,False,False,False,False,False,False,False,False,2026-10-08
0245,0245.HK,CHINA VERED FIN,中薇金融,17.94,"5,000",Equity,Equity Securities (Main Board),0.965,0.97,0.97,0.97,10000,0.01,0.95,0.954,1.58,1.1,-1.53,3.76,0.52,1.2,1.58,19.0,1.2,1.58,-19.17,-38.61,-94.89,19.58,38.92,False,False,False,False,False,False,False,False,False,2026-10-08
0254,0254.HK,NUR HOLDINGS,国家联合资源,1.43,"20,000",Equity,Equity Securities (Main Board),0.212,0.212,0.217,0.211,1440000,0.31,0.212,0.22,-0.09,-3.64,0.0,-1.85,-4.5,1.2,1.2,7.65,1.2,1.2,-81.92,-81.92,-97.16,82.33,82.33,False,False,False,False,False,False,False,False,False,2026-10-08
0255,0255.HK,LUNG KEE,龙记集团,8.65,"2,000",Equity,Equity Securities (Main Board),1.365,1.36,1.365,1.36,42000,0.06,1.363,1.365,0.15,0.04,0.74,-0.36,-0.36,1.71,1.98,4.4,1.71,1.98,-20.18,-31.06,-68.98,20.18,31.06,False,False,False,True,False,False,False,False,False,2026-10-08
0256,0256.HK,CITYCHAMP,冠城钟表珠宝,5.3,"2,000",Equity,Equity Securities (Main Board),0.102,0.1,0.103,0.097,2062000,0.21,0.102,0.103,0.2,-0.87,0.0,-0.97,0.99,0.21,1.5,2.2,0.21,1.5,-50.0,-93.13,-95.32,50.49,93.2,False,False,False,False,False,False,False,False,False,2026-10-08
0257,0257.HK,EB ENVIRONMENT,光大环境,281.35,"1,000",Equity,Equity Securities (Main Board),4.58,4.52,4.645,4.5,7642324,35.0,4.513,4.557,1.48,0.5,2.0,1.78,-0.43,5.9,5.9,12.49,5.9,5.9,-21.27,-21.27,-62.81,22.37,22.37,False,False,False,True,False,False,False,False,False,2026-10-08
0258,0258.HK,TOMSON GROUP,汤臣集团,47.33,"2,000",Equity,Equity Securities (Main Board),2.095,2.135,2.145,2.095,174000,0.36,2.117,2.14,-1.04,-2.1,-0.24,-1.18,-3.01,2.82,3.63,4.26,2.82,3.63,-23.94,-40.91,-49.65,25.71,42.29,False,False,False,False,False,False,False,False,False,2026-10-08
0259,0259.HK,YEEBO (INT'L H),亿都（国际控股）,25.21,"2,000",Equity,Equity Securities (Main Board),2.7,2.74,2.74,2.7,98000,0.26,2.783,2.768,-2.98,-2.47,-1.82,-4.59,-3.57,5.72,5.89,5.89,5.72,5.89,-52.1,-53.48,-53.48,52.8,54.16,False,False,False,False,False,False,False,False,False,2026-10-08
0262,0262.HK,DESON DEV INT'L,迪臣发展国际,1.2,"5,000",Equity,Equity Securities (Main Board),0.082,0.077,0.087,0.076,825000,0.07,0.08,0.08,1.99,2.24,2.5,2.5,2.5,0.12,0.12,0.36,0.12,0.12,-27.5,-27.5,-75.62,31.67,31.67,False,False,False,True,False,False,False,False,False,2026-10-08
0264,0264.HK,CN INT DEV CORP,中联发展控股,7.48,"4,000",Equity,Equity Securities (Main Board),1.575,1.62,1.625,1.54,2156000,3.4,1.563,1.574,0.77,0.1,-3.08,5.35,0.0,2.68,3.35,3.35,2.68,3.35,-39.37,-51.49,-51.49,41.23,52.99,False,False,False,True,False,False,False,False,False,2026-10-08
0267,0267.HK,CITIC,中信股份,3671.19,"1,000",Equity,Equity Securities (Main Board),12.62,12.81,12.88,12.52,15820880,199.66,12.74,12.914,-0.94,-2.28,-1.1,-1.17,-3.81,13.95,13.95,13.95,13.95,13.95,-7.67,-7.67,-7.67,9.53,9.53,False,False,False,False,False,False,False,True,True,2026-10-08
0268,0268.HK,KINGDEE INT'L,金蝶国际,250.94,"1,000",Equity,Equity Securities (Main Board),7.14,7.29,7.52,7.08,23098677,164.92,7.288,7.36,-2.03,-2.98,-3.19,-2.33,-2.79,17.07,19.0,39.5,17.07,19.0,-55.95,-60.42,-80.96,58.17,62.42,False,False,False,False,False,False,False,False,False,2026-10-08
0270,0270.HK,GUANGDONG INV,粤海投资,571.41,"2,000",Equity,Equity Securities (Main Board),8.74,8.8,8.8,8.65,6733486,58.85,8.764,8.783,-0.27,-0.49,0.29,-0.51,-1.63,9.03,9.03,17.34,9.03,9.03,-2.55,-2.55,-49.25,3.21,3.21,False,False,False,False,False,False,False,True,True,2026-10-08
0272,0272.HK,SHUI ON LAND,瑞安房地产,33.71,500,Equity,Equity Securities (Main Board),0.42,0.425,0.425,0.42,713500,0.3,0.42,0.428,-0.0,-1.75,-1.18,-1.18,-1.18,0.74,0.95,2.8,0.74,0.95,-42.57,-55.26,-84.82,43.24,55.79,False,False,False,False,False,False,False,False,False,2026-10-08
0276,0276.HK,MONGOLIA ENERGY,蒙古能源,1.03,"6,000",Equity,Equity Securities (Main Board),0.545,0.57,0.58,0.545,452163,0.25,0.547,0.543,-0.37,0.37,-0.91,-4.39,2.83,0.78,1.1,5.9,0.78,1.1,-25.64,-47.27,-90.17,30.13,50.45,False,False,False,False,False,False,False,False,False,2026-10-08
0279,0279.HK,ARTA TECHFIN,裕承科金,5.72,"6,000",Equity,Equity Securities (Main Board),0.41,0.41,0.415,0.41,2682000,1.1,0.412,0.413,-0.49,-0.73,-1.2,-1.2,0.0,0.7,1.74,414.0,0.7,1.74,-40.71,-76.15,-99.9,41.43,76.44,False,False,False,False,False,False,False,False,False,2026-10-08
0280,0280.HK,KING FOOK HOLD,景福集团,4.96,"2,000",Equity,Equity Securities (Main Board),0.545,0.555,0.56,0.545,246000,0.13,0.534,0.529,2.06,3.02,-0.91,4.81,3.81,0.66,0.66,0.7,0.66,0.66,-15.15,-15.15,-20.0,17.42,17.42,False,False,False,False,False,False,False,False,False,2026-10-08
0285,0285.HK,BYD ELECTRONIC,比亚迪电子,498.86,500,Equity,Equity Securities (Main Board),22.14,23.6,23.64,22.1,11308857,250.38,23.016,22.978,-3.81,-3.65,-6.74,-2.72,-3.66,36.6,61.55,63.1,36.6,61.55,-35.41,-61.59,-62.54,39.51,64.03,False,False,False,False,False,False,False,False,False,2026-10-08
0288,0288.HK,WH GROUP,万洲国际,835.25,500,Equity,Equity Securities (Main Board),6.51,6.595,6.615,6.475,50879882,331.23,6.592,6.583,-1.24,-1.11,-2.62,-1.14,-1.66,10.84,10.84,10.84,10.84,10.84,-38.98,-38.98,-38.98,39.94,39.94,False,False,False,False,False,False,False,False,False,2026-10-08
0289,0289.HK,WING ON CO,WING ON CO,36.95,"1,000",Equity,Equity Securities (Main Board),12.83,12.95,12.96,12.8,33000,0.42,12.842,12.942,-0.09,-0.87,-0.47,0.55,0.23,15.6,15.6,30.8,15.6,15.6,-16.92,-16.92,-57.92,17.76,17.76,False,False,False,False,False,False,False,False,False,2026-10-08
0290,0290.HK,GOFINTECH QUANT,国富量子,164.35,500,Equity,Equity Securities (Main Board),1.595,1.635,1.65,1.565,6569500,10.48,1.646,1.638,-3.1,-2.65,-3.04,-4.78,-1.85,10.14,10.14,10.14,10.14,10.14,-83.73,-83.73,-83.73,84.27,84.27,False,False,False,False,False,False,False,False,False,2026-10-08
0291,0291.HK,CHINA RES BEER,华润啤酒,612.18,500,Equity,Equity Securities (Main Board),18.87,18.54,18.97,18.5,8285796,156.35,18.616,18.669,1.36,1.08,1.62,1.73,0.48,27.86,45.3,78.6,27.86,45.3,-31.91,-58.12,-75.87,32.27,58.34,False,False,False,True,False,False,False,False,False,2026-10-08
0293,0293.HK,CATHAY PAC AIR,国泰航空,860.48,"1,000",Equity,Equity Securities (Main Board),14.15,14.26,14.39,14.04,6740613,95.38,14.304,14.4,-1.08,-1.74,-0.56,-1.53,-4.0,15.22,15.22,15.22,15.22,15.22,-5.45,-5.45,-5.45,7.03,7.03,False,False,False,False,False,False,False,True,True,2026-10-08
0294,0294.HK,YANGTZEKIANG,长江制衣,2.26,"1,000",Equity,Equity Securities (Main Board),1.095,1.1,1.1,1.09,63000,0.07,1.065,1.009,2.82,8.52,1.39,4.29,13.47,1.2,1.48,3.83,1.2,1.48,-7.95,-25.68,-71.28,8.37,26.01,False,False,False,False,False,False,False,True,False,2026-10-08
0295,0295.HK,KONG SUN HOLD,江山控股,2.39,"25,000",Equity,Equity Securities (Main Board),0.016,0.016,0.016,0.015,400000,0.01,0.016,0.016,0.0,0.63,0.0,0.0,0.0,0.04,0.05,0.46,0.04,0.05,-57.89,-65.22,-96.52,57.89,65.22,False,False,False,False,False,False,False,False,False,2026-10-08
0296,0296.HK,EMPEROR E HOTEL,英皇娱乐酒店,2.06,"5,000",Equity,Equity Securities (Main Board),0.173,0.168,0.173,0.168,20000,0.0,0.17,0.169,1.76,2.55,2.98,5.49,4.85,0.29,0.48,2.09,0.29,0.48,-40.34,-63.96,-91.72,40.34,63.96,False,False,False,True,False,False,False,False,False,2026-10-08
0297,0297.HK,SINOFERT,中化化肥,85.7,"2,000",Equity,Equity Securities (Main Board),1.22,1.205,1.25,1.205,17526000,21.38,1.202,1.208,1.5,1.04,2.09,2.09,0.41,2.07,2.07,2.07,2.07,2.07,-39.61,-39.61,-39.61,41.06,41.06,False,False,False,True,False,False,False,False,False,2026-10-08
0300,0300.HK,MIDEA GROUP,美的集团,603.39,100,Equity,Equity Securities (Main Board),92.8,90.15,93.35,90.15,9909795,919.63,91.17,92.98,1.79,-0.19,2.6,2.37,1.09,101.7,101.7,101.7,101.7,101.7,-8.21,-8.21,-8.21,8.75,8.75,False,False,False,False,False,False,False,True,True,2026-10-08
0301,0301.HK,SANVO CHEMICALS,三和精化,34.48,"2,000",Equity,Equity Securities (Main Board),7.33,7.3,7.4,7.24,340000,2.49,7.331,7.302,-0.01,0.38,0.14,-0.27,0.41,7.59,7.59,7.59,7.59,7.59,-2.5,-2.5,-2.5,3.43,3.43,False,False,False,False,False,False,False,True,True,2026-10-08
0302,0302.HK,CMGE,中手游,5.74,"2,000",Equity,Equity Securities (Main Board),0.184,0.195,0.195,0.171,694000,0.13,0.179,0.181,2.56,1.71,5.14,1.1,0.0,0.44,1.63,5.09,0.44,1.63,-55.68,-88.04,-96.17,58.18,88.71,False,False,False,True,False,False,False,False,False,2026-10-08
0303,0303.HK,VTECH HOLDINGS,VTECH HOLDINGS,130.07,100,Equity,Equity Securities (Main Board),51.3,51.9,52.05,51.25,370951,19.03,51.75,51.895,-0.87,-1.15,-0.68,-1.16,-1.82,66.6,67.9,128.0,66.6,67.9,-21.85,-23.34,-59.34,22.97,24.45,False,False,False,False,False,False,False,False,False,2026-10-08
0305,0305.HK,WULING MOTORS,五菱汽车,10.22,"10,000",Equity,Equity Securities (Main Board),0.31,0.31,0.31,0.305,170000,0.05,0.31,0.32,0.0,-2.97,0.0,0.0,-6.06,0.57,0.86,4.43,0.57,0.86,-45.61,-63.95,-93.0,45.61,63.95,False,False,False,False,False,False,False,False,False,2026-10-08
0308,0308.HK,CHINA TRAVEL HK,香港中旅,63.95,"2,000",Equity,Equity Securities (Main Board),1.155,1.165,1.185,1.155,3682000,4.25,1.152,1.15,0.26,0.39,-0.43,0.87,-2.53,1.65,2.99,3.61,1.65,2.99,-28.18,-60.37,-67.17,30.0,61.37,False,False,False,False,False,False,False,False,False,2026-10-08
0312,0312.HK,SHIRBLE STORE,岁宝百货,0.97,"2,000",Equity,Equity Securities (Main Board),0.039,0.045,0.045,0.038,264000,0.01,0.04,0.042,-2.5,-7.14,-9.3,5.41,-2.5,0.1,0.12,2.25,0.1,0.12,-55.0,-62.5,-98.0,61.0,67.5,False,False,False,False,False,False,False,False,False,2026-10-08
0314,0314.HK,SIPAI HEALTH,思派健康,10.15,200,Equity,Equity Securities (Main Board),1.4,1.48,1.48,1.4,739800,1.04,1.483,1.509,-5.6,-7.22,-4.11,-7.28,-7.59,3.03,8.98,44.6,3.03,8.98,-51.16,-83.52,-96.68,53.8,84.41,False,False,False,False,False,False,False,False,False,2026-10-08
0315,0315.HK,SMARTONE TELE,数码通电讯,52.85,500,Equity,Equity Securities (Main Board),4.8,4.83,4.85,4.8,955309,4.59,4.838,4.864,-0.79,-1.32,-0.72,-1.03,-1.54,5.3,5.3,12.76,5.3,5.3,-8.49,-8.49,-61.99,9.43,9.43,False,False,False,False,False,False,False,True,True,2026-10-08
0316,0316.HK,OOIL,东方海外国际,967.45,500,Equity,Equity Securities (Main Board),146.5,143.6,148.1,143.6,821606,120.37,143.94,144.03,1.78,1.71,1.74,2.59,2.02,178.9,178.9,284.8,178.9,178.9,-17.22,-17.22,-48.0,18.11,18.11,False,False,True,True,False,False,False,False,False,2026-10-08
0317,0317.HK,COMEC,中船防务,85.97,"2,000",Equity,Equity Securities (Main Board),14.52,14.55,15.15,14.51,3689200,53.57,14.556,14.658,-0.25,-0.94,-0.27,-0.14,-1.69,18.0,18.68,18.68,18.0,18.68,-15.83,-18.9,-18.9,19.33,22.27,False,False,False,False,False,False,False,False,False,2026-10-08
0320,0320.HK,CTGL,金宝通,3.71,"2,000",Equity,Equity Securities (Main Board),0.44,0.425,0.45,0.425,74000,0.03,0.44,0.442,0.0,-0.45,0.0,0.0,0.0,0.53,0.69,1.72,0.53,0.69,-15.09,-34.78,-73.84,16.98,36.23,False,False,False,False,False,False,False,False,False,2026-10-08
0321,0321.HK,TEXWINCA HOLD,德永佳集团,12.37,"2,000",Equity,Equity Securities (Main Board),0.895,0.895,0.9,0.895,2540000,2.27,0.892,0.902,0.34,-0.78,-0.56,0.56,-2.72,1.37,1.37,5.73,1.37,1.37,-34.31,-34.31,-84.29,34.67,34.67,False,False,False,False,False,False,False,False,False,2026-10-08
0322,0322.HK,TINGYI,康师傅控股,684.38,"2,000",Equity,Equity Securities (Main Board),12.14,11.65,12.22,11.65,33229164,403.4,11.68,11.588,3.94,4.76,3.32,5.84,4.57,14.14,14.24,19.5,14.14,14.24,-13.58,-14.19,-37.33,14.14,14.75,True,False,True,False,False,False,False,False,False,2026-10-08
0323,0323.HK,MAANSHAN IRON,马鞍山钢铁股份,25.91,"2,000",Equity,Equity Securities (Main Board),1.495,1.585,1.585,1.495,4092000,6.12,1.544,1.581,-3.17,-5.47,-2.61,-2.61,-7.43,3.07,3.07,4.8,3.07,3.07,-48.37,-48.37,-66.98,51.3,51.3,False,False,False,False,False,False,False,False,False,2026-10-08
0325,0325.HK,BLOKS,布鲁可,164.93,300,Equity,Equity Securities (Main Board),66.95,64.2,68.0,64.2,773647,51.8,64.45,64.25,3.88,4.2,4.94,5.1,2.53,80.6,198.0,198.0,80.6,198.0,-15.63,-65.66,-65.66,16.94,66.19,False,False,False,True,False,False,False,False,False,2026-10-08
0326,0326.HK,CHINA STAR ENT,中国星集团,157.88,"2,000",Equity,Equity Securities (Main Board),6.5,6.8,6.8,6.4,5532000,35.96,6.491,6.324,0.14,2.78,-2.77,0.08,8.51,9.98,9.98,9.98,9.98,9.98,-31.86,-31.86,-31.86,34.87,34.87,False,False,False,False,False,False,False,False,False,2026-10-08
0327,0327.HK,PAX GLOBAL,百富环球,38.6,"1,000",Equity,Equity Securities (Main Board),3.635,3.7,3.745,3.615,981000,3.57,3.691,3.702,-1.52,-1.81,-1.49,-0.41,-2.94,5.15,7.12,11.0,5.15,7.12,-27.28,-47.4,-65.95,29.42,48.95,False,False,False,False,False,False,False,False,False,2026-10-08
0328,0328.HK,ALCO HOLDINGS,ALCO HOLDINGS,1.35,"2,000",Equity,Equity Securities (Main Board),0.47,0.455,0.48,0.455,170000,0.08,0.471,0.482,-0.21,-2.49,-1.05,-2.08,-2.08,5.22,62.42,699.16,5.22,62.42,-90.8,-99.23,-99.93,91.0,99.25,False,False,False,False,False,False,False,False,False,2026-10-08
0329,0329.HK,OCI INTL,东建国际,2.43,"4,000",Equity,Equity Securities (Main Board),0.162,0.149,0.162,0.149,172000,0.03,0.145,0.133,12.03,21.53,3.18,31.71,32.79,0.41,1.02,4.74,0.41,1.02,-60.0,-84.12,-96.58,60.0,84.12,False,False,False,False,False,False,False,False,False,2026-10-08
0330,0330.HK,ESPRIT HOLDINGS,思捷环球,1.19,"10,000",Equity,Equity Securities (Main Board),0.42,0.425,0.425,0.42,145050,0.06,0.429,0.437,-2.1,-3.89,0.0,-2.33,-2.33,1.2,4.25,72.45,1.2,4.25,-64.58,-90.0,-99.41,65.0,90.12,False,False,False,False,False,False,False,False,False,2026-10-08
0331,0331.HK,FSE LIFESTYLE,丰盛生活服务,24.21,"1,000",Equity,Equity Securities (Main Board),5.38,5.32,5.385,5.32,214350,1.15,5.279,5.193,1.91,3.61,1.13,4.47,3.66,5.85,6.07,8.85,5.85,6.07,-7.95,-11.29,-39.15,8.03,11.37,False,False,False,False,False,False,False,True,False,2026-10-08
0332,0332.HK,YUANHENG GAS,元亨燃气,0.68,"10,000",Equity,Equity Securities (Main Board),0.173,0.173,0.186,0.173,280000,0.05,0.173,0.171,-0.0,1.05,1.17,3.59,2.37,0.86,1.36,19.6,0.86,1.36,-78.37,-86.32,-99.05,79.88,87.28,False,False,False,False,False,False,False,False,False,2026-10-08
0333,0333.HK,TOP FORM INT'L,黛丽斯国际,0.55,"2,000",Equity,Equity Securities (Main Board),0.184,0.188,0.206,0.17,152000,0.03,0.198,0.192,-7.16,-4.42,-7.54,-3.16,-3.16,0.29,0.39,1.69,0.29,0.39,-28.97,-47.18,-87.83,36.55,52.82,False,False,False,False,False,False,False,False,False,2026-10-08
0336,0336.HK,HUABAO INTL,华宝国际,106.48,"1,000",Equity,Equity Securities (Main Board),3.305,3.485,3.485,3.27,4337010,14.33,3.315,3.407,-0.3,-2.98,-0.15,-0.3,-1.34,5.2,5.2,26.15,5.2,5.2,-32.98,-32.98,-86.67,36.44,36.44,False,False,False,False,False,False,False,False,False,2026-10-08
0337,0337.HK,GREENLAND HK,绿地香港,3.24,"1,000",Equity,Equity Securities (Main Board),0.116,0.119,0.119,0.115,2413000,0.28,0.119,0.113,-2.68,2.2,-5.69,-0.85,1.75,0.28,0.99,4.8,0.28,0.99,-58.25,-87.98,-97.52,59.3,88.28,False,False,False,False,False,False,False,False,False,2026-10-08
0338,0338.HK,SHANGHAI PECHEM,上海石油化工股份,36.32,"2,000",Equity,Equity Securities (Main Board),1.13,1.12,1.145,1.12,18831000,21.28,1.105,1.105,2.26,2.26,0.89,3.67,0.89,1.82,1.82,5.8,1.82,1.82,-37.09,-37.09,-80.26,37.91,37.91,True,False,False,False,False,False,False,False,False,2026-10-08
0339,0339.HK,WEBX HOLDING,全球数字控股,2.98,"10,000",Equity,Investment Companies,0.69,0.69,0.69,0.69,60000,0.04,0.677,0.676,1.92,2.07,0.0,2.22,6.15,0.99,0.99,1.05,0.99,0.99,-30.3,-30.3,-34.29,30.3,30.3,False,False,False,False,False,False,False,False,False,2026-10-08
0340,0340.HK,TONGGUAN GOLD,潼关黄金,126.73,"2,000",Equity,Equity Securities (Main Board),2.39,2.38,2.465,2.365,9472564,22.64,2.406,2.439,-0.67,-1.99,-1.24,-0.83,-2.65,4.14,4.14,4.14,4.14,4.14,-40.46,-40.46,-40.46,42.27,42.27,False,False,False,False,False,False,False,False,False,2026-10-08
0341,0341.HK,CAFE DE CORAL H,大家乐集团,31.39,"2,000",Equity,Equity Securities (Main Board),5.5,5.415,5.5,5.415,368000,2.02,5.51,5.423,-0.18,1.42,1.38,-1.52,-1.08,5.91,10.6,28.0,5.91,10.6,-6.94,-48.11,-80.36,6.94,48.11,False,False,False,False,False,False,False,True,False,2026-10-08
0343,0343.HK,CULTURECOM HOLD,文化传信,2.57,"5,000",Equity,Equity Securities (Main Board),0.148,0.145,0.154,0.13,4789912,0.71,0.154,0.161,-3.65,-7.79,4.96,-4.52,-11.9,0.21,0.34,1.48,0.21,0.34,-25.24,-55.36,-89.59,28.16,57.1,False,False,False,False,False,False,False,False,False,2026-10-08
0345,0345.HK,VITASOY INT'L,VITASOY INT'L,68.99,"2,000",Equity,Equity Securities (Main Board),6.78,6.83,6.92,6.725,568257,3.85,6.765,6.695,0.22,1.28,-1.09,0.44,1.04,7.36,12.88,47.25,7.36,12.88,-5.98,-46.27,-85.35,7.88,47.36,False,False,False,False,False,False,False,True,False,2026-10-08
0346,0346.HK,YANCHANG PETRO,延长石油国际,2.57,"5,000",Equity,Equity Securities (Main Board),0.234,0.249,0.25,0.231,91000,0.02,0.235,0.24,-0.51,-2.66,1.74,-0.85,-2.5,0.78,0.78,4.76,0.78,0.78,-67.95,-67.95,-94.75,70.0,70.0,False,False,False,False,False,False,False,False,False,2026-10-08
0347,0347.HK,ANGANG STEEL,鞍钢股份,15.39,"2,000",Equity,Equity Securities (Main Board),1.09,1.1,1.14,1.085,11559200,12.6,1.095,1.109,-0.46,-1.67,0.0,0.46,-7.23,2.19,2.62,7.27,2.19,2.62,-47.95,-56.49,-84.32,50.23,58.4,False,False,False,False,False,False,False,False,False,2026-10-08
0351,0351.HK,ASIA ENERGY LOG,亚洲能源物流,5.69,"10,000",Equity,Equity Securities (Main Board),0.285,0.305,0.31,0.285,107400,0.03,0.337,0.332,-15.43,-14.16,-18.57,-18.57,-18.57,0.41,0.48,3.0,0.41,0.48,-24.39,-35.42,-89.67,30.49,40.62,False,False,False,False,False,False,False,False,False,2026-10-08
0353,0353.HK,ENERGY INTINV,能源国际投资,8.04,"4,000",Equity,Equity Securities (Main Board),0.38,0.37,0.38,0.37,22000,0.01,0.383,0.4,-0.78,-5.0,2.7,2.7,-5.0,0.44,1.5,3.0,0.44,1.5,-14.61,-74.67,-87.33,14.61,74.67,False,False,False,False,False,False,False,False,False,2026-10-08
0354,0354.HK,CHINASOFT INT'L,中国软件国际,102.18,"2,000",Equity,Equity Securities (Main Board),3.74,3.88,3.935,3.73,13093025,48.97,3.847,3.811,-2.78,-1.88,-4.47,-2.86,-2.73,5.71,9.32,16.28,5.71,9.32,-31.09,-57.78,-75.83,34.5,59.87,False,False,False,False,False,False,False,False,False,2026-10-08
0355,0355.HK,CENTURY C INT'L,世纪城市国际,2.32,"4,000",Equity,Equity Securities (Main Board),0.075,0.075,0.078,0.075,244000,0.02,0.074,0.073,1.63,2.88,-3.85,4.17,1.35,0.11,0.28,0.84,0.11,0.28,-28.44,-72.14,-90.71,31.19,73.21,False,False,False,False,False,False,False,False,False,2026-10-08
0356,0356.HK,DT CAPITAL,鼎立资本,0.79,"5,000",Equity,Investment Companies,0.39,0.39,0.39,0.39,30000,0.01,0.419,0.422,-6.92,-7.58,1.3,-11.36,-11.36,1.48,1.63,2.07,1.48,1.63,-73.74,-76.15,-81.16,73.74,76.15,False,False,False,False,False,False,False,False,False,2026-10-08
0357,0357.HK,MEILAN AIRPORT,美兰空港,8.68,"1,000",Equity,Equity Securities (Main Board),3.825,4.04,4.045,3.785,222000,0.85,4.001,4.21,-4.4,-9.13,-3.16,-4.61,-15.0,10.75,12.18,60.0,10.75,12.18,-62.37,-66.79,-93.26,64.42,68.6,False,False,False,False,False,False,False,False,False,2026-10-08
0358,0358.HK,JIANGXI COPPER,江西铜业股份,452.04,"1,000",Equity,Equity Securities (Main Board),32.58,32.8,33.74,32.22,7387565,240.69,33.112,32.87,-1.61,-0.88,-2.4,-2.22,-1.03,53.75,53.75,53.75,53.75,53.75,-37.23,-37.23,-37.23,39.39,39.39,False,False,False,False,False,False,False,False,False,2026-10-08
0360,0360.HK,NEW FOCUS AUTO,新焦点,5.85,"4,000",Equity,Equity Securities (Main Board),0.034,0.033,0.034,0.033,1632000,0.06,0.032,0.036,4.94,-5.82,0.0,13.33,-15.0,0.06,0.34,0.96,0.06,0.34,-40.35,-90.14,-96.46,40.35,90.14,False,False,False,False,False,False,False,False,False,2026-10-08
0361,0361.HK,HANFORT DEV H,汉成发展控股,2.46,"20,000",Equity,Equity Securities (Main Board),0.042,0.045,0.045,0.042,180000,0.01,0.044,0.046,-5.41,-8.3,-2.33,-4.55,-14.29,0.1,0.18,0.44,0.1,0.18,-55.88,-74.72,-89.89,58.82,76.4,False,False,False,False,False,False,False,False,False,2026-10-08
0363,0363.HK,SHANGHAI IND H,上海实业控股,142.75,"1,000",Equity,Equity Securities (Main Board),13.13,13.08,13.29,13.06,953162,12.52,13.022,12.997,0.83,1.02,0.38,1.16,0.23,16.19,16.19,25.44,16.19,16.19,-17.91,-17.91,-47.75,18.9,18.9,True,False,False,False,False,False,False,False,False,2026-10-08
0365,0365.HK,SINO ICT,芯成科技,4.66,"2,000",Equity,Equity Securities (Main Board),0.32,0.32,0.325,0.315,362000,0.12,0.327,0.331,-2.14,-3.32,-3.03,-1.54,0.0,1.59,1.59,6.6,1.59,1.59,-79.56,-79.56,-95.08,79.87,79.87,False,False,False,False,False,False,False,False,False,2026-10-08
0366,0366.HK,LUKS GROUP (VN),陆氏集团（越南）,3.98,"2,000",Equity,Equity Securities (Main Board),0.8,0.79,0.805,0.79,138000,0.11,0.8,0.805,0.0,-0.56,-0.62,0.0,-0.62,0.98,1.05,2.88,0.98,1.05,-17.86,-23.33,-72.05,18.37,23.81,False,False,True,False,False,False,False,False,False,2026-10-08
0368,0368.HK,SUPERLAND GROUP,德合集团,24.96,"4,000",Equity,Equity Securities (Main Board),3.12,3.03,3.12,2.98,312000,0.97,3.039,3.022,2.67,3.24,0.81,4.87,-1.58,6.82,6.82,6.82,6.82,6.82,-54.25,-54.25,-54.25,54.25,54.25,True,False,True,True,False,False,False,False,False,2026-10-08
0369,0369.HK,WING TAI PPT,永泰地产,22.68,"2,000",Equity,Equity Securities (Main Board),1.65,1.66,1.66,1.66,26000,0.04,1.68,1.715,-1.79,-3.76,-2.94,-2.94,-5.44,2.71,3.05,6.99,2.71,3.05,-38.75,-45.57,-76.25,39.11,45.9,False,False,False,False,False,False,False,False,False,2026-10-08
0370,0370.HK,HK ROBOTICS,港仔机器人,5.92,"6,000",Equity,Equity Securities (Main Board),0.188,0.22,0.22,0.153,153532000,28.86,0.232,0.244,-18.97,-23.11,-19.31,-23.89,-21.67,1.07,1.92,1.93,1.07,1.92,-79.44,-88.54,-88.59,82.43,90.21,False,False,False,False,False,False,False,False,False,2026-10-08
0371,0371.HK,BJ ENT WATER,北控水务集团,154.71,"2,000",Equity,Equity Securities (Main Board),1.54,1.535,1.545,1.51,27474941,42.31,1.525,1.541,0.98,-0.1,0.65,0.98,-1.6,2.98,2.98,6.75,2.98,2.98,-48.15,-48.15,-77.11,48.32,48.32,False,False,False,False,False,False,False,False,False,2026-10-08
0373,0373.HK,ALLIED GROUP,联合集团,69.57,"2,000",Equity,Equity Securities (Main Board),1.98,1.98,1.98,1.98,20000,0.04,1.966,1.969,0.71,0.56,-0.5,2.33,0.25,3.7,3.7,3.8,3.7,3.7,-46.49,-46.49,-47.83,46.49,46.49,False,False,False,False,False,False,False,False,False,2026-10-08
0375,0375.HK,YGM TRADING,YGM TRADING,1.82,"1,000",Equity,Equity Securities (Main Board),1.1,1.12,1.135,1.1,160000,0.18,1.04,1.009,5.77,9.07,-0.9,13.4,13.4,1.3,1.4,13.2,1.3,1.4,-12.69,-18.93,-91.4,15.38,21.43,False,False,False,False,False,False,False,False,False,2026-10-08
0376,0376.HK,YUNFENG FIN,云锋金融,70.63,"2,000",Equity,Equity Securities (Main Board),1.74,1.86,1.865,1.725,6266000,10.9,1.85,1.913,-5.95,-9.02,-5.43,-8.9,-9.61,3.84,7.36,8.2,3.84,7.36,-51.43,-74.66,-77.26,54.69,76.36,False,False,False,False,False,False,False,False,False,2026-10-08
0377,0377.HK,CHINA HUAJUN GP,中国华君,1.66,80,Equity,Equity Securities (Main Board),0.885,0.95,0.95,0.84,145560,0.13,0.916,0.973,-3.38,-9.04,-4.32,-5.35,-6.35,5.63,5.63,84.0,5.63,5.63,-83.13,-83.13,-98.87,84.28,84.28,False,False,False,False,False,False,False,False,False,2026-10-08
0379,0379.HK,EG LEASING,恒嘉融资租赁,2.73,"10,000",Equity,Equity Securities (Main Board),0.162,0.15,0.162,0.142,14330000,2.32,0.153,0.151,6.16,7.21,1.25,11.72,9.46,0.25,0.25,1.25,0.25,0.25,-35.2,-35.2,-87.04,35.2,35.2,False,False,True,True,False,False,False,False,False,2026-10-08
0381,0381.HK,AOM INT'L,权识国际,0.72,"20,000",Equity,Equity Securities (Main Board),0.054,0.06,0.06,0.052,7360000,0.4,0.056,0.06,-3.23,-9.85,-5.26,0.0,-10.0,0.52,3.9,138.05,0.52,3.9,-88.46,-98.46,-99.96,89.62,98.62,False,False,False,False,False,False,False,False,False,2026-10-08
0382,0382.HK,EDVANTAGE GROUP,中汇集团,5.28,"2,000",Equity,Equity Securities (Main Board),0.44,0.455,0.455,0.44,990000,0.44,0.452,0.455,-2.65,-3.3,-2.22,-4.35,-3.3,1.56,2.83,10.31,1.56,2.83,-70.83,-83.92,-95.59,71.79,84.45,False,False,False,False,False,False,False,False,False,2026-10-08
0383,0383.HK,TIANAN MEDICARE,天安卓健,8.39,"5,000",Equity,Equity Securities (Main Board),0.83,0.88,0.88,0.83,77000,0.06,0.957,0.937,-13.27,-11.42,-15.31,-19.81,-8.79,1.36,1.36,9.4,1.36,1.36,-35.29,-35.29,-90.63,38.97,38.97,False,False,False,False,False,False,False,False,False,2026-10-08
0384,0384.HK,CHINA GAS HOLD,中国燃气,288.75,200,Equity,Equity Securities (Main Board),5.3,5.415,5.47,5.29,10017582,53.09,5.368,5.384,-1.27,-1.56,-2.39,-1.3,-3.81,8.37,8.85,36.7,8.37,8.85,-34.65,-38.19,-85.1,36.68,40.11,False,False,False,False,False,False,False,False,False,2026-10-08
0386,0386.HK,SINOPEC CORP,中国石油化工股份,1073.7,"2,000",Equity,Equity Securities (Main Board),4.535,4.4,4.58,4.4,142763337,647.43,4.416,4.432,2.69,2.34,2.6,3.54,2.6,5.7,5.7,8.35,5.7,5.7,-19.65,-19.65,-45.15,20.44,20.44,True,False,True,True,False,False,False,False,False,2026-10-08
0388,0388.HK,HKEX,香港交易所,4754.39,100,Equity,Equity Securities (Main Board),375.0,377.0,380.8,374.0,2370797,889.05,377.56,383.28,-0.68,-2.16,-1.06,-0.79,-3.3,444.8,466.0,587.0,444.8,466.0,-14.39,-18.28,-35.13,15.69,19.53,False,False,False,False,False,False,False,False,False,2026-10-08
0389,0389.HK,TONTINE WINES,通天酒业,1.09,"2,000",Equity,Equity Securities (Main Board),0.36,0.3,0.37,0.3,288132,0.1,0.308,0.299,16.88,20.2,16.13,24.14,24.14,0.64,1.1,2.75,0.64,1.1,-42.19,-66.36,-86.55,43.75,67.27,False,False,True,False,False,False,False,False,False,2026-10-08
0390,0390.HK,CHINA RAILWAY,中国中铁,135.9,"1,000",Equity,Equity Securities (Main Board),3.23,3.27,3.285,3.205,18658780,60.27,3.229,3.204,0.03,0.83,-1.37,0.78,0.31,5.28,5.28,8.21,5.28,5.28,-37.78,-37.78,-59.99,38.83,38.83,False,False,False,False,False,False,False,False,False,2026-10-08
0391,0391.HK,MEI AH ENTER,美亚娱乐资讯,16.59,"20,000",Equity,Equity Securities (Main Board),0.28,0.27,0.29,0.265,1020000,0.29,0.277,0.284,1.08,-1.23,-3.45,3.7,0.0,0.34,0.34,0.62,0.34,0.34,-14.71,-14.71,-53.23,17.65,17.65,False,False,True,False,False,False,False,False,False,2026-10-08
0392,0392.HK,BEIJING ENT,北京控股,372.87,500,Equity,Equity Securities (Main Board),29.64,29.6,29.72,29.1,1535976,45.53,29.132,29.568,1.74,0.24,2.0,2.35,-1.46,36.56,36.88,50.5,36.56,36.88,-18.71,-19.41,-41.15,18.93,19.63,True,False,False,True,False,False,False,False,False,2026-10-08
0393,0393.HK,GLORIOUS SUN,旭日企业,19.8,"4,000",Equity,Equity Securities (Main Board),1.32,1.32,1.32,1.305,92000,0.12,1.316,1.307,0.3,0.99,0.0,0.0,0.38,1.43,1.43,1.43,1.43,1.43,-7.69,-7.69,-7.69,7.69,7.69,False,False,True,True,False,False,False,True,True,2026-10-08
0396,0396.HK,HING LEE (HK),兴利（香港）控股,1.97,"2,000",Equity,Equity Securities (Main Board),0.244,0.27,0.27,0.244,822000,0.2,0.251,0.251,-2.87,-2.63,-7.92,-1.21,-2.4,0.75,0.75,0.76,0.75,0.75,-64.0,-64.0,-64.47,67.47,67.47,False,False,False,False,False,False,False,False,False,2026-10-08
0397,0397.HK,MINERVA GROUP,嬴集团,1.3,"10,000",Equity,Equity Securities (Main Board),0.038,0.038,0.038,0.035,940070,0.04,0.038,0.038,1.06,-0.78,0.0,5.56,0.0,0.06,0.2,0.45,0.06,0.2,-34.48,-80.81,-91.56,34.48,80.81,False,False,True,False,False,False,False,False,False,2026-10-08
0398,0398.HK,ORIENTAL WATCH,东方表行集团,15.52,"2,000",Equity,Equity Securities (Main Board),3.185,3.18,3.195,3.18,184313,0.59,3.218,3.293,-1.03,-3.28,0.16,-0.31,-5.91,3.69,4.2,5.42,3.69,4.2,-13.41,-23.93,-41.05,13.69,24.17,False,False,False,False,False,False,False,False,False,2026-10-08
0400,0400.HK,INGDAN,硬蛋创新,70.13,"1,000",Equity,Equity Securities (Main Board),4.265,4.395,4.45,4.25,2862000,12.21,4.303,4.447,-0.88,-4.09,-2.96,0.24,-0.35,5.57,5.57,12.86,5.57,5.57,-20.11,-20.11,-65.4,23.43,23.43,False,False,False,False,False,False,False,False,False,2026-10-08
0401,0401.HK,WANJIA GROUP,万嘉集团,1.25,"20,000",Equity,Equity Securities (Main Board),0.111,0.111,0.111,0.111,1800000,0.2,0.098,0.099,13.03,12.12,16.84,16.84,16.84,0.21,0.21,4.87,0.21,0.21,-46.89,-46.89,-97.72,46.89,46.89,False,False,False,False,False,False,False,False,False,2026-10-08
0403,0403.HK,STARLITE HOLD,星光集团,0.94,"2,000",Equity,Equity Securities (Main Board),0.188,0.19,0.19,0.182,836000,0.16,0.192,0.19,-1.98,-1.26,-0.53,-3.09,-1.57,0.22,0.25,0.88,0.22,0.25,-13.64,-23.39,-78.41,14.55,24.19,False,False,False,False,False,False,False,False,False,2026-10-08
0408,0408.HK,YIP'S CHEMICAL,叶氏化工集团,14.41,"2,000",Equity,Equity Securities (Main Board),2.58,2.585,2.585,2.55,78000,0.2,2.628,2.636,-1.83,-2.11,-2.27,-2.27,-2.27,2.75,2.75,5.76,2.75,2.75,-6.0,-6.0,-55.12,6.18,6.18,False,False,False,False,False,False,False,True,True,2026-10-08
0410,0410.HK,SOHO CHINA,ＳＯＨＯ中国,14.04,500,Equity,Equity Securities (Main Board),0.27,0.28,0.28,0.26,2133500,0.58,0.274,0.279,-1.46,-3.05,-3.57,-1.82,-5.26,0.55,1.0,5.22,0.55,1.0,-49.09,-72.0,-94.64,50.91,73.0,False,False,False,False,False,False,False,False,False,2026-10-08
0412,0412.HK,SDHG,山高控股,30.08,"1,000",Equity,Equity Securities (Main Board),0.5,0.525,0.53,0.49,2880000,1.44,0.517,0.533,-3.29,-6.19,-3.85,-2.91,-8.26,2.06,18.95,18.95,2.06,18.95,-74.27,-97.2,-97.2,75.73,97.36,False,False,False,False,False,False,False,False,False,2026-10-08
0417,0417.HK,TSE SUI LUEN,谢瑞麟,1.77,"2,000",Equity,Equity Securities (Main Board),0.71,0.695,0.71,0.695,8000,0.01,0.704,0.719,0.85,-1.25,3.65,0.71,-2.74,1.05,2.45,2.96,1.05,2.45,-32.38,-71.02,-75.99,32.38,71.02,False,False,False,False,False,False,False,False,False,2026-10-08
0418,0418.HK,FOUNDER HOLD,方正控股,7.38,"2,000",Equity,Equity Securities (Main Board),0.64,0.7,0.72,0.635,60000,0.04,0.673,0.694,-4.9,-7.71,-5.88,-5.88,-6.57,0.85,1.28,1.28,0.85,1.28,-15.29,-43.75,-43.75,24.71,50.0,False,False,False,False,False,False,False,False,False,2026-10-08
0419,0419.HK,HONY MEDIA,弘毅文化集团,7.29,"10,000",Equity,Equity Securities (Main Board),0.415,0.41,0.42,0.41,570000,0.24,0.422,0.427,-1.66,-2.81,-2.35,-1.19,-2.35,0.83,1.23,7.3,0.83,1.23,-49.4,-65.85,-94.25,50.0,66.26,False,False,False,False,False,False,False,False,False,2026-10-08
0420,0420.HK,FOUNTAIN SET,福田实业,7.35,"2,000",Equity,Equity Securities (Main Board),0.6,0.61,0.61,0.59,1856000,1.11,0.612,0.618,-1.96,-2.91,-1.64,-2.44,-3.23,0.76,0.83,1.48,0.76,0.83,-20.26,-26.51,-58.78,21.57,27.71,False,False,False,False,False,False,False,False,False,2026-10-08
0422,0422.HK,VMEP HOLDINGS,越南制造加工出口,2.45,"1,000",Equity,Equity Securities (Main Board),0.27,0.28,0.305,0.28,150000,0.04,0.268,0.269,0.75,0.56,0.0,1.89,1.89,0.32,0.88,0.99,0.32,0.88,-4.69,-65.34,-69.19,15.62,69.32,False,False,False,False,False,False,False,False,False,2026-10-08
0423,0423.HK,HKET HOLDINGS,经济日报集团,2.61,"2,000",Equity,Equity Securities (Main Board),0.605,0.605,0.605,0.595,264000,0.16,0.611,0.618,-0.98,-2.02,0.0,-0.82,-3.97,0.82,1.04,1.75,0.82,1.04,-26.22,-41.83,-65.43,26.22,41.83,False,False,False,False,False,False,False,False,False,2026-10-08
0425,0425.HK,MINTH GROUP,敏实集团,264.06,100,Equity,Equity Securities (Main Board),22.54,23.0,23.18,22.4,1703600,38.4,22.876,23.032,-1.47,-2.14,-2.59,-1.49,-2.76,46.76,46.76,49.5,46.76,46.76,-50.43,-50.43,-53.17,51.8,51.8,False,False,False,False,False,False,False,False,False,2026-10-08
0426,0426.HK,ONE MEDIA GROUP,万华媒体,0.71,"2,000",Equity,Equity Securities (Main Board),0.176,0.159,0.183,0.159,546000,0.1,0.16,0.154,10.0,14.36,11.39,11.39,15.79,0.26,0.26,1.74,0.26,0.26,-30.94,-30.94,-89.48,33.58,33.58,False,False,False,False,False,False,False,False,False,2026-10-08
0432,0432.HK,PCPD,盈大地产,4.24,"1,000",Equity,Equity Securities (Main Board),0.208,0.213,0.213,0.208,519940,0.11,0.209,0.208,-0.29,0.24,-0.95,1.46,-1.42,0.38,0.38,4.02,0.38,0.38,-43.2,-43.2,-94.71,44.53,44.53,False,False,False,False,False,False,False,False,False,2026-10-08
0433,0433.HK,NORTH MINING,北方矿业,5.55,"10,000",Equity,Equity Securities (Main Board),0.037,0.038,0.038,0.037,6230000,0.23,0.039,0.038,-4.15,-3.39,-2.63,-5.13,-9.76,0.11,0.11,3.78,0.11,0.11,-65.45,-66.67,-98.99,66.36,67.54,False,False,False,False,False,False,False,False,False,2026-10-08
0434,0434.HK,BOYAA,博雅互动,22.73,"1,000",Equity,Equity Securities (Main Board),3.0,3.105,3.15,2.99,1857000,5.57,3.166,3.157,-5.24,-4.96,-3.38,-8.54,-3.23,4.13,9.36,9.36,4.13,9.36,-23.73,-66.35,-66.35,27.36,67.95,False,False,False,False,False,False,False,False,False,2026-10-08
0436,0436.HK,NU ENVIRO,新宇环保,1.55,"20,000",Equity,Equity Securities (Main Board),0.051,0.048,0.048,0.048,200000,0.01,0.055,0.055,-7.27,-6.76,-12.07,-5.56,-12.07,0.08,0.1,0.8,0.08,0.1,-36.0,-51.52,-94.0,32.0,48.48,False,False,False,False,False,False,False,False,False,2026-10-08
0438,0438.HK,IRICO NEWENERGY,彩虹新能源,1.16,200,Equity,Equity Securities (Main Board),1.205,1.1,1.205,1.1,600,0.0,1.182,1.166,1.95,3.39,-0.41,4.78,4.78,2.5,4.39,56.0,2.5,4.39,-51.8,-72.55,-97.85,51.8,72.55,False,False,False,True,False,False,False,False,False,2026-10-08
0440,0440.HK,DAH SING,大新金融,138.95,400,Equity,Equity Securities (Main Board),43.48,44.98,45.04,43.38,290600,12.64,44.42,45.176,-2.12,-3.75,-2.73,-2.12,-6.05,51.2,51.2,66.0,51.2,51.2,-12.03,-12.03,-31.76,15.08,15.08,False,False,False,False,False,False,False,False,False,2026-10-08
0451,0451.HK,DYNASTY DIGITAL,时代数字,7.71,"2,000",Equity,Equity Securities (Main Board),0.435,0.465,0.47,0.435,1269348,0.55,0.442,0.466,-1.58,-6.65,-2.25,0.0,-9.37,1.8,1.8,15.6,1.8,1.8,-73.89,-73.89,-96.99,75.83,75.83,False,False,False,False,False,False,False,False,False,2026-10-08
0456,0456.HK,NEW CITY DEV,新城市建设发展,1.14,"2,000",Equity,Equity Securities (Main Board),0.53,0.495,0.53,0.495,24000,0.01,0.494,0.501,7.29,5.89,10.42,8.16,-1.85,0.8,1.29,62.0,0.8,1.29,-33.75,-58.91,-99.15,33.75,58.91,False,False,False,True,False,False,False,False,False,2026-10-08
0458,0458.HK,TRISTATE HOLD,联亚集团,5.33,"1,000",Equity,Equity Securities (Main Board),1.945,1.945,1.945,1.945,5000,0.01,1.873,1.826,3.84,6.55,10.2,0.0,12.43,2.85,3.0,3.0,2.85,3.0,-31.75,-35.17,-35.17,31.75,35.17,False,False,False,False,False,False,False,False,False,2026-10-08
0460,0460.HK,SIHUAN PHARM,四环医药,64.27,"1,000",Equity,Equity Securities (Main Board),0.705,0.72,0.73,0.705,35272772,24.87,0.718,0.721,-1.81,-2.22,-1.4,-0.7,-3.42,1.79,1.92,3.95,1.79,1.92,-59.22,-61.98,-81.52,60.61,63.28,False,False,False,False,False,False,False,False,False,2026-10-08
0464,0464.HK,CHINA IN-TECH,中国智能科技,5.26,"4,000",Equity,Equity Securities (Main Board),0.695,0.7,0.705,0.685,196000,0.14,0.703,0.698,-1.14,-0.43,-3.47,-0.71,0.0,9.0,9.0,9.0,9.0,9.0,-92.17,-92.17,-92.17,92.28,92.28,False,False,False,False,False,False,False,False,False,2026-10-08
0465,0465.HK,FUTONG TECH,富通科技,10.31,"2,000",Equity,Equity Securities (Main Board),3.27,3.27,3.27,3.27,2000,0.01,3.217,3.375,1.65,-3.11,-0.15,3.15,2.03,6.77,6.77,6.77,6.77,6.77,-51.7,-51.7,-51.7,51.7,51.7,False,False,False,False,False,False,False,False,False,2026-10-08
0467,0467.HK,UNITEDENERGY GP,联合能源集团,115.03,"2,000",Equity,Equity Securities (Main Board),0.445,0.41,0.45,0.41,195008000,86.78,0.403,0.407,10.42,9.2,12.66,12.66,8.54,1.1,1.28,1.8,1.1,1.28,-59.09,-64.84,-75.0,59.55,65.23,False,False,False,False,False,False,False,False,False,2026-10-08
0470,0470.HK,WUXI LEAD,先导智能,31.28,100,Equity,Equity Securities (Main Board),29.18,28.0,30.58,27.6,8414925,245.55,27.764,27.34,5.1,6.73,7.12,5.57,2.46,61.85,61.85,61.85,61.85,61.85,-50.56,-50.56,-50.56,52.82,52.82,False,False,False,False,False,False,False,False,False,2026-10-08
0471,0471.HK,SILKWAVE INC,中播数据,0.55,"4,000",Equity,Equity Securities (Main Board),0.114,0.115,0.118,0.113,640000,0.07,0.114,0.114,-0.35,-0.18,-4.2,5.56,4.59,1.03,7.7,276.0,1.03,7.7,-88.54,-98.47,-99.96,88.93,98.52,False,False,False,False,False,False,False,False,False,2026-10-08
0472,0472.HK,NEW SILKROAD,新丝路控股集团,7.31,"10,000",Equity,Equity Securities (Main Board),0.19,0.182,0.19,0.182,190000,0.04,0.183,0.188,3.94,1.28,4.4,4.4,-1.04,0.45,0.5,1.88,0.45,0.5,-57.78,-62.0,-89.89,57.78,62.0,False,False,False,True,False,False,False,False,False,2026-10-08
0476,0476.HK,EV DYNAMICS,科轩动力控股,2.99,"10,000",Equity,Equity Securities (Main Board),0.84,0.85,0.85,0.82,180400,0.15,0.841,0.794,-0.12,5.73,0.6,-3.45,0.0,1.0,1.44,16.75,1.0,1.44,-15.0,-40.97,-94.93,16.0,41.67,False,False,False,False,False,False,False,False,False,2026-10-08
0480,0480.HK,HKR INT'L,香港兴业国际,14.63,800,Equity,Equity Securities (Main Board),0.985,0.995,1.0,0.975,323360,0.32,0.99,0.995,-0.51,-1.01,0.0,-0.51,-1.5,1.27,1.67,5.09,1.27,1.67,-21.26,-40.12,-80.36,22.44,41.02,False,False,False,False,False,False,False,False,False,2026-10-08
0482,0482.HK,SANDMARTIN INTL,圣马丁国际,1.13,"10,000",Equity,Equity Securities (Main Board),0.46,0.46,0.46,0.42,120000,0.06,0.484,0.485,-4.96,-5.15,-6.12,-6.12,-6.12,1.17,1.82,17.76,1.17,1.82,-60.6,-74.78,-97.41,60.6,74.78,False,False,False,False,False,False,False,False,False,2026-10-08
0486,0486.HK,RUSAL,俄铝,416.29,"1,000",Equity,Equity Securities (Main Board),2.74,2.74,2.745,2.74,24000,0.07,2.768,2.817,-1.01,-2.73,0.18,-1.08,-4.2,7.0,7.0,9.2,7.0,7.0,-60.79,-60.79,-70.16,60.86,60.86,False,False,False,False,False,False,False,False,False,2026-10-08
0487,0487.HK,SUCCESSUNIVERSE,实德环球,2.02,"4,000",Equity,Equity Securities (Main Board),0.041,0.041,0.041,0.041,100000,0.0,0.041,0.041,0.0,0.0,0.0,0.0,0.0,0.06,0.18,0.4,0.06,0.18,-36.92,-77.72,-89.75,36.92,77.72,False,False,False,False,False,False,False,False,False,2026-10-08
0488,0488.HK,LAI SUN DEV,丽新发展,10.1,300,Equity,Equity Securities (Main Board),0.695,0.6,0.715,0.6,3321,0.0,0.654,0.653,6.27,6.35,7.75,7.75,6.92,1.08,1.26,13.26,1.08,1.26,-33.8,-43.25,-94.61,35.65,44.84,False,False,False,True,False,False,False,False,False,2026-10-08
0491,0491.HK,EMPEROR CULTURE,英皇文化产业,0.8,"20,000",Equity,Equity Securities (Main Board),0.025,0.025,0.025,0.024,1340000,0.03,0.026,0.026,-2.34,-4.94,0.0,-3.85,-3.85,0.04,0.1,0.37,0.04,0.1,-34.21,-74.49,-93.24,34.21,74.49,False,False,False,False,False,False,False,False,False,2026-10-08
0493,0493.HK,GOME RETAIL,国美零售,7.64,"1,000",Equity,Equity Securities (Main Board),0.01,0.01,0.01,0.01,417000,0.0,0.01,0.01,0.0,0.0,0.0,0.0,0.0,0.02,0.08,2.55,0.02,0.08,-50.0,-88.1,-99.61,50.0,88.1,False,False,False,False,False,False,False,False,False,2026-10-08
0496,0496.HK,KASEN,卡森国际,3.65,"1,000",Equity,Equity Securities (Main Board),0.199,0.199,0.199,0.199,1000,0.0,0.2,0.189,-0.4,5.12,-0.5,-0.5,4.74,0.44,0.54,8.41,0.44,0.54,-55.28,-63.15,-97.63,55.28,63.15,False,False,False,False,False,False,False,False,False,2026-10-08
0497,0497.HK,CSI PROPERTIES,资本策略地产,17.66,"20,000",Equity,Equity Securities (Main Board),0.137,0.138,0.14,0.134,2360000,0.32,0.139,0.142,-1.3,-3.72,0.0,-2.14,-2.14,0.23,0.24,1.14,0.23,0.24,-40.17,-42.15,-87.72,41.45,43.39,False,False,False,False,False,False,False,False,False,2026-10-08
0500,0500.HK,FRONTIER SER,先丰服务集团,1.56,"1,000",Equity,Equity Securities (Main Board),0.065,0.067,0.068,0.065,510000,0.03,0.066,0.066,-1.81,-1.96,-1.52,-2.99,3.17,0.09,0.43,2.1,0.09,0.43,-24.44,-84.19,-96.76,27.78,84.88,False,False,False,False,False,False,False,False,False,2026-10-08
0506,0506.HK,CHINA FOODS,中国食品,104.62,"2,000",Equity,Equity Securities (Main Board),3.74,3.745,3.76,3.7,2042000,7.64,3.692,3.694,1.3,1.25,1.49,2.05,0.13,4.53,5.2,5.42,4.53,5.2,-17.0,-27.69,-30.63,17.44,28.08,False,False,False,False,False,False,False,False,False,2026-10-08
0508,0508.HK,DINGYI GP INV,鼎亿集团投资,2.34,"5,000",Equity,Equity Securities (Main Board),0.27,0.265,0.27,0.265,600000,0.16,0.269,0.278,0.37,-2.88,0.0,1.89,0.0,0.8,0.83,15.0,0.8,0.83,-66.25,-67.47,-98.2,66.25,67.47,False,False,False,False,False,False,False,False,False,2026-10-08
0510,0510.HK,CASH FIN SER GP,时富金融服务集团,1.79,"6,000",Equity,Equity Securities (Main Board),0.415,0.425,0.425,0.415,60000,0.02,0.411,0.417,0.97,-0.36,-2.35,3.75,0.0,0.74,1.64,10.0,0.74,1.64,-42.57,-74.09,-95.75,43.92,74.7,False,False,False,False,False,False,False,False,False,2026-10-08
0511,0511.HK,TVB,无线集团,9.25,100,Equity,Equity Securities (Main Board),1.98,2.02,2.075,1.955,460100,0.91,2.004,2.04,-1.2,-2.96,-2.46,-1.49,-3.88,3.33,4.62,35.2,3.33,4.62,-37.69,-55.09,-94.11,40.54,57.14,False,False,False,False,False,False,False,False,False,2026-10-08
0512,0512.HK,GRAND PHARMA,远大医药,168.25,500,Equity,Equity Securities (Main Board),4.74,4.88,4.95,4.73,3831500,18.16,4.793,4.817,-1.11,-1.61,-1.76,0.32,-3.85,8.18,10.2,10.2,8.18,10.2,-39.49,-51.47,-51.47,42.05,53.53,False,False,False,False,False,False,False,False,False,2026-10-08
0513,0513.HK,CONTINENTAL H,恒和集团,0.99,"10,000",Equity,Equity Securities (Main Board),0.145,0.145,0.145,0.145,13000,0.0,0.146,0.153,-0.82,-4.98,0.0,-0.68,-3.33,0.25,0.34,2.0,0.25,0.34,-42.0,-56.72,-92.75,42.0,56.72,False,False,False,False,False,False,False,False,False,2026-10-08
0517,0517.HK,COSCO SHIP INTL,中远海运国际,99.69,"2,000",Equity,Equity Securities (Main Board),6.8,6.675,6.82,6.68,2960710,20.13,6.684,6.621,1.74,2.7,1.8,2.49,2.49,7.92,7.92,7.92,7.92,7.92,-13.89,-13.89,-13.89,14.14,14.14,False,False,False,False,False,False,False,False,False,2026-10-08
0519,0519.HK,NOVAUTEK,诺科达科技,3.91,"5,000",Equity,Equity Securities (Main Board),0.128,0.126,0.129,0.126,10000,0.0,0.129,0.131,-0.93,-2.29,-1.54,-0.78,-1.54,0.23,0.55,1.01,0.23,0.55,-45.11,-76.55,-87.23,45.53,76.73,False,False,False,False,False,False,False,False,False,2026-10-08
0520,0520.HK,XIABUXIABU,呷哺呷哺,2.31,500,Equity,Equity Securities (Main Board),0.213,0.214,0.217,0.213,512500,0.11,0.216,0.223,-1.39,-4.27,-2.29,0.0,-7.39,0.82,3.34,26.95,0.82,3.34,-73.54,-93.5,-99.19,74.02,93.62,False,False,False,False,False,False,False,False,False,2026-10-08
0521,0521.HK,CWT INT'L,CWT INT'L,22.8,"10,000",Equity,Equity Securities (Main Board),0.2,0.196,0.204,0.196,1920000,0.38,0.194,0.196,3.2,2.15,4.17,3.63,0.0,0.37,0.37,0.52,0.37,0.37,-44.11,-44.11,-60.77,45.21,45.21,False,False,False,False,False,False,False,False,False,2026-10-08
0522,0522.HK,ASMPT,ASMPT,686.99,100,Equity,Equity Securities (Main Board),163.8,170.6,174.6,163.0,3194342,523.23,174.38,168.3,-6.07,-2.67,-6.13,-8.29,2.38,244.4,244.4,244.4,244.4,244.4,-28.56,-28.56,-28.56,32.98,32.98,False,False,False,False,False,False,False,False,False,2026-10-08
0524,0524.HK,GW TERROIR,长城天下,4.25,"10,000",Equity,Equity Securities (Main Board),1.8,1.805,1.83,1.8,63000,0.11,1.779,1.774,1.18,1.47,1.12,4.96,4.65,3.25,3.25,7.44,3.25,3.25,-43.69,-43.69,-75.41,44.62,44.62,False,False,False,False,False,False,False,False,False,2026-10-08
0525,0525.HK,GUANGSHEN RAIL,广深铁路股份,32.42,"2,000",Equity,Equity Securities (Main Board),2.265,2.265,2.3,2.26,2801000,6.34,2.257,2.284,0.35,-0.81,1.12,0.0,-1.52,2.6,2.64,5.89,2.6,2.64,-11.54,-12.88,-60.95,12.88,14.2,False,False,False,False,False,False,False,False,False,2026-10-08
0526,0526.HK,LISI GP HOLD,利时集团控股,7.96,"2,000",Equity,Equity Securities (Main Board),0.09,0.095,0.096,0.09,82000,0.01,0.092,0.094,-2.39,-3.85,0.0,-3.23,-3.23,0.17,0.28,1.69,0.17,0.28,-42.51,-65.71,-94.32,46.11,67.86,False,False,False,False,False,False,False,False,False,2026-10-08
0527,0527.HK,RF GREEN EN AI,瑞风绿能智算,18.26,"12,000",Equity,Equity Securities (Main Board),0.75,0.72,0.77,0.71,4118000,3.09,0.767,0.778,-2.22,-3.6,-3.23,0.0,-4.46,0.95,0.95,3.19,0.95,0.95,-18.95,-18.95,-75.84,21.05,21.05,False,False,False,False,False,False,False,False,False,2026-10-08
0528,0528.HK,KINGDOM HOLDING,金达控股,7.49,"2,000",Equity,Equity Securities (Main Board),1.19,1.19,1.2,1.18,78000,0.09,1.188,1.177,0.17,1.1,0.0,0.85,1.28,1.31,1.45,1.96,1.31,1.45,-8.4,-17.24,-38.78,9.16,17.93,False,False,False,False,False,False,False,True,False,2026-10-08
0529,0529.HK,SIS INT'L,SIS INT'L,4.93,"2,000",Equity,Equity Securities (Main Board),1.775,1.775,1.775,1.775,26000,0.05,1.751,1.745,1.37,1.69,5.97,0.28,2.01,2.44,2.72,5.43,2.44,2.72,-27.25,-34.74,-67.31,27.25,34.74,False,False,False,False,False,False,False,False,False,2026-10-08
0532,0532.HK,WKK INTL (HOLD),WKK INTL (HOLD),2.19,"2,000",Equity,Equity Securities (Main Board),0.3,0.3,0.3,0.295,210000,0.06,0.308,0.306,-2.6,-1.96,-3.23,-4.76,0.0,1.12,1.12,1.59,1.12,1.12,-73.21,-73.21,-81.13,73.21,73.21,False,False,False,False,False,False,False,False,False,2026-10-08
0533,0533.HK,GOLDLION HOLD,金利来集团,7.94,"1,000",Equity,Equity Securities (Main Board),0.815,0.81,0.815,0.81,105000,0.09,0.82,0.825,-0.61,-1.27,0.0,-1.81,-0.61,1.15,1.49,3.52,1.15,1.49,-29.13,-45.3,-76.85,29.13,45.3,False,False,False,False,False,False,False,False,False,2026-10-08
0535,0535.HK,GEMDALE PPT,金地商置,16.12,"2,000",Equity,Equity Securities (Main Board),0.097,0.099,0.099,0.094,488000,0.05,0.097,0.098,0.0,-0.72,1.04,1.04,-2.02,0.19,0.47,1.56,0.19,0.47,-48.7,-78.94,-93.65,49.74,79.36,False,False,False,False,False,False,False,False,False,2026-10-08
0536,0536.HK,TRADELINK,贸易通,9.0,"2,000",Equity,Equity Securities (Main Board),1.13,1.145,1.145,1.13,274000,0.31,1.136,1.147,-0.53,-1.53,-1.31,0.44,-0.44,1.21,1.21,1.66,1.21,1.21,-5.37,-5.37,-31.02,6.61,6.61,False,False,False,False,False,False,False,True,True,2026-10-08
0537,0537.HK,RIGOL,普源精电,5.5,100,Equity,Equity Securities (Main Board),22.18,24.6,24.7,22.18,727100,16.13,23.484,24.89,-5.55,-10.89,-7.2,-5.7,-11.56,38.0,38.0,38.0,38.0,38.0,-35.0,-35.0,-35.0,41.63,41.63,False,False,False,False,False,False,False,False,False,2026-10-08
0538,0538.HK,AJISEN (CHINA),味千（中国）,8.73,"1,000",Equity,Equity Securities (Main Board),0.8,0.8,0.805,0.79,209000,0.17,0.797,0.799,0.38,0.19,0.0,1.27,0.0,1.03,1.17,4.27,1.03,1.17,-21.84,-31.2,-81.15,22.33,31.62,False,False,False,True,False,False,False,False,False,2026-10-08
0544,0544.HK,DAIDO GROUP,大同集团,1.3,"5,000",Equity,Equity Securities (Main Board),1.05,1.05,1.05,1.05,20000,0.02,0.985,0.948,6.6,10.82,0.48,16.02,15.38,2.47,3.3,13.9,2.47,3.3,-57.49,-68.18,-92.45,57.49,68.18,True,False,False,False,False,False,False,False,False,2026-10-08
0546,0546.HK,FUFENG GROUP,阜丰集团,109.19,"1,000",Equity,Equity Securities (Main Board),4.355,4.325,4.445,4.32,6377000,27.77,4.333,4.355,0.51,0.0,0.69,0.46,-0.68,9.49,10.14,10.14,9.49,10.14,-53.16,-56.16,-56.16,54.11,57.05,False,False,False,True,False,False,False,False,False,2026-10-08
0547,0547.HK,DIGITAL DOMAIN,数字王国,16.2,"5,000",Equity,Equity Securities (Main Board),0.203,0.203,0.203,0.19,1465000,0.3,0.199,0.2,2.11,1.6,1.0,4.1,0.5,0.46,0.54,6.8,0.46,0.54,-55.38,-62.41,-97.01,55.38,62.41,False,False,True,True,False,False,False,False,False,2026-10-08
0548,0548.HK,SHENZHENEXPRESS,深圳高速公路股份,48.92,"2,000",Equity,Equity Securities (Main Board),6.545,6.415,6.615,6.405,642000,4.2,6.365,6.384,2.83,2.53,2.19,3.81,0.23,8.12,8.12,11.76,8.12,8.12,-18.53,-18.53,-43.75,19.4,19.4,False,False,False,False,False,False,False,False,False,2026-10-08
0550,0550.HK,ALLEGRO CULTURE,律齐文化,1.82,"2,000",Equity,Equity Securities (Main Board),0.4,0.39,0.41,0.38,1108000,0.44,0.399,0.439,0.25,-8.99,2.56,-8.05,-4.76,1.75,1.75,5.02,1.75,1.75,-76.57,-76.57,-91.83,77.14,77.14,False,False,False,False,False,False,False,False,False,2026-10-08
0551,0551.HK,YUE YUEN IND,裕元集团,205.22,500,Equity,Equity Securities (Main Board),12.79,12.44,12.82,12.37,3059728,39.13,12.38,12.479,3.31,2.49,3.15,5.09,1.51,19.1,19.1,38.4,19.1,19.1,-32.88,-32.88,-66.61,33.04,33.04,True,False,True,True,False,False,False,False,False,2026-10-08
0552,0552.HK,CHINACOMSERVICE,中国通信服务,96.49,"2,000",Equity,Equity Securities (Main Board),4.035,4.06,4.075,4.02,3031073,12.23,4.037,4.065,-0.05,-0.73,-0.62,0.12,-1.82,4.85,6.15,8.5,4.85,6.15,-15.98,-33.74,-52.06,16.8,34.39,False,False,False,False,False,False,False,False,False,2026-10-08
0553,0553.HK,NANJING PANDA,南京熊猫电子股份,7.1,"2,000",Equity,Equity Securities (Main Board),2.935,2.96,3.14,2.93,5442000,15.97,2.929,2.967,0.2,-1.08,0.34,1.21,-2.81,7.22,7.22,8.66,7.22,7.22,-56.51,-56.51,-63.74,59.35,59.35,False,False,False,False,False,False,False,False,False,2026-10-08
0554,0554.HK,HANS GP HLDGS,汉思集团控股,8.6,"2,000",Equity,Equity Securities (Main Board),0.196,0.197,0.197,0.189,36000,0.01,0.195,0.196,0.31,-0.1,-1.01,0.0,-0.51,0.26,0.43,0.53,0.26,0.43,-25.66,-54.19,-62.83,26.04,54.42,False,False,True,False,False,False,False,False,False,2026-10-08
0556,0556.HK,PAN ASIA ENVIRO,泛亚环保,3.17,"2,000",Equity,Equity Securities (Main Board),0.315,0.335,0.335,0.31,820000,0.26,0.327,0.347,-3.67,-9.09,-3.08,-4.55,-4.55,0.99,0.99,2.16,0.99,0.99,-66.16,-66.16,-84.49,68.18,68.18,False,False,False,False,False,False,False,False,False,2026-10-08
0558,0558.HK,LK TECH,力劲科技,15.35,"2,500",Equity,Equity Securities (Main Board),1.125,1.155,1.18,1.115,335000,0.38,1.156,1.16,-2.68,-3.02,-2.6,-5.46,-4.66,3.81,8.04,26.18,3.81,8.04,-69.03,-85.32,-95.49,70.47,86.01,False,False,False,False,False,False,False,False,False,2026-10-08
0560,0560.HK,CHU KONG SHIP,珠江船务,6.61,"2,000",Equity,Equity Securities (Main Board),0.59,0.595,0.595,0.59,220000,0.13,0.6,0.597,-1.67,-1.09,-1.67,-2.48,-0.84,0.78,0.87,2.5,0.78,0.87,-23.72,-31.61,-76.2,24.36,32.18,False,False,False,False,False,False,False,False,False,2026-10-08
0563,0563.HK,SH IND URBAN,上实城市开发,10.99,"2,000",Equity,Equity Securities (Main Board),0.23,0.229,0.23,0.223,472000,0.11,0.229,0.23,0.61,-0.13,1.77,0.0,-2.13,0.34,0.53,2.28,0.34,0.53,-31.34,-56.6,-89.91,31.34,56.6,False,False,False,False,False,False,False,False,False,2026-10-08
0564,0564.HK,ZCZL,中创智领,27.36,200,Equity,Equity Securities (Main Board),11.25,11.01,11.34,10.95,1347000,15.15,11.034,11.104,1.96,1.31,3.02,2.93,-0.09,23.88,26.0,26.0,23.88,26.0,-52.51,-56.38,-56.38,52.89,56.73,False,False,False,True,False,False,False,False,False,2026-10-08
0565,0565.HK,ART GROUP HOLD,锦艺集团控股,102.71,"5,000",Equity,Equity Securities (Main Board),3.82,3.85,3.89,3.545,6870000,26.24,3.776,4.318,1.17,-11.54,-1.04,3.52,-16.96,5.45,5.45,5.45,5.45,5.45,-28.62,-28.62,-28.62,29.91,29.91,False,False,False,False,False,False,False,False,False,2026-10-08
0567,0567.HK,JSMART TECH,金安智能,4.36,"20,000",Equity,Equity Securities (Main Board),0.27,0.27,0.27,0.27,140000,0.04,0.27,0.27,0.0,0.0,0.0,0.0,0.0,0.56,0.56,0.62,0.56,0.56,-51.79,-51.79,-56.66,51.79,51.79,False,False,False,False,False,False,False,False,False,2026-10-08
0568,0568.HK,SHANDONG MOLONG,山东墨龙,12.85,400,Equity,Equity Securities (Main Board),4.075,3.58,4.175,3.56,146147230,595.55,3.635,3.695,12.1,10.27,16.1,16.1,13.67,16.33,16.33,16.33,16.33,16.33,-74.43,-74.43,-74.43,75.05,75.05,False,False,False,True,False,False,False,False,False,2026-10-08
0570,0570.HK,TRAD CHI MED,中国中药,61.19,"2,000",Equity,Equity Securities (Main Board),1.215,1.23,1.265,1.21,14740000,17.91,1.206,1.228,0.75,-1.06,0.83,2.97,-4.71,2.24,4.46,7.57,2.24,4.46,-43.53,-71.64,-83.29,45.76,72.76,True,False,False,False,False,False,False,False,False,2026-10-08
0571,0571.HK,ESUN HOLDINGS,丰德丽控股,0.67,"2,000",Equity,Equity Securities (Main Board),0.038,0.038,0.038,0.038,448000,0.02,0.04,0.04,-4.04,-5.0,-2.56,-9.52,-13.64,0.06,0.3,1.58,0.06,0.3,-39.68,-87.33,-97.59,39.68,87.33,False,False,False,False,False,False,False,False,False,2026-10-08
0572,0572.HK,FW HOLDINGS,未来世界控股,1.12,"4,000",Equity,Equity Securities (Main Board),0.37,0.37,0.37,0.37,188000,0.07,0.374,0.379,-1.07,-2.5,0.0,0.0,-3.9,0.53,1.26,277.81,0.53,1.26,-30.19,-70.63,-99.87,30.19,70.63,False,False,False,False,False,False,False,False,False,2026-10-08
0575,0575.HK,REGENT PACIFIC,励晶太平洋,2.57,"10,000",Equity,Equity Securities (Main Board),0.88,0.87,0.885,0.87,130000,0.11,0.837,0.838,5.14,5.07,7.32,7.32,4.14,1.22,1.24,15.8,1.22,1.24,-27.46,-28.63,-94.4,27.87,29.03,False,False,False,False,False,False,False,False,False,2026-10-08
0576,0576.HK,ZHEJIANGEXPRESS,浙江沪杭甬,120.29,"2,000",Equity,Equity Securities (Main Board),5.945,5.85,5.99,5.835,9612898,57.15,5.816,5.875,2.22,1.2,2.68,3.66,-0.17,8.16,8.16,9.75,8.16,8.16,-26.59,-26.59,-38.54,27.14,27.14,False,False,False,True,False,False,False,False,False,2026-10-08
0579,0579.HK,JNCEC,京能清洁能源,44.57,"2,000",Equity,Equity Securities (Main Board),1.575,1.595,1.6,1.575,3420000,5.39,1.602,1.601,-1.69,-1.62,-1.56,-1.25,-3.67,2.53,2.62,2.93,2.53,2.62,-36.76,-38.93,-45.39,37.75,39.89,False,False,False,False,False,False,False,False,False,2026-10-08
0580,0580.HK,SUN.KING TECH,赛晶科技,17.94,"2,000",Equity,Equity Securities (Main Board),1.12,1.2,1.235,1.1,11994000,13.43,1.177,1.194,-4.84,-6.16,-7.82,-5.88,-5.49,3.12,3.12,5.6,3.12,3.12,-60.42,-60.42,-77.95,64.1,64.1,False,False,False,False,False,False,False,False,False,2026-10-08
0581,0581.HK,CHINA ORIENTAL,中国东方集团,35.55,"2,000",Equity,Equity Securities (Main Board),0.955,0.96,0.98,0.95,2546000,2.43,0.961,0.99,-0.62,-3.58,0.0,-0.52,-5.91,1.63,2.17,7.15,1.63,2.17,-39.88,-54.84,-86.29,41.41,55.99,False,False,False,False,False,False,False,False,False,2026-10-08
0582,0582.HK,SHIN HWA WORLD,神话世界,1.94,"6,000",Equity,Equity Securities (Main Board),0.053,0.054,0.054,0.05,1524720,0.08,0.055,0.056,-3.99,-5.86,-5.36,-3.64,-10.17,0.16,0.66,168.43,0.16,0.66,-65.16,-91.78,-99.97,65.81,91.94,False,False,False,False,False,False,False,False,False,2026-10-08
0583,0583.HK,GWPA HOLDINGS,长城环亚控股,2.73,"2,000",Equity,Equity Securities (Main Board),0.174,0.174,0.174,0.174,6000,0.0,0.172,0.172,1.28,1.28,1.16,1.75,2.35,0.25,0.35,2.5,0.25,0.35,-30.12,-50.99,-93.04,30.12,50.99,False,False,False,False,False,False,False,False,False,2026-10-08
0585,0585.HK,IMAGI INT'L,意力国际,37.76,500,Equity,Equity Securities (Main Board),4.55,4.4,4.6,4.22,75025,0.34,4.363,4.228,4.29,7.63,1.68,4.84,11.52,8.44,8.44,8.44,8.44,8.44,-45.5,-45.5,-45.5,46.09,46.09,False,False,False,True,False,False,False,False,False,2026-10-08
0586,0586.HK,CONCH VENTURE,海螺创业,133.78,500,Equity,Equity Securities (Main Board),7.465,7.49,7.58,7.41,5495500,41.02,7.368,7.418,1.32,0.63,1.63,1.98,-1.45,14.2,14.2,35.0,14.2,14.2,-46.62,-46.62,-78.34,47.43,47.43,False,False,False,True,False,False,False,False,False,2026-10-08
0587,0587.HK,CONCH ENVIRO,海螺环保,4.37,500,Equity,Equity Securities (Main Board),0.239,0.239,0.239,0.215,261999,0.06,0.231,0.232,3.55,3.02,2.58,5.29,4.82,0.58,2.07,15.1,0.58,2.07,-58.79,-88.45,-98.42,58.79,88.45,False,False,False,True,False,False,False,False,False,2026-10-08
0588,0588.HK,BEIJING N STAR,北京北辰实业股份,4.77,"2,000",Equity,Equity Securities (Main Board),0.675,0.685,0.695,0.675,3150000,2.13,0.676,0.681,-0.15,-0.88,-1.46,0.75,-2.17,1.01,1.29,3.41,1.01,1.29,-31.19,-46.12,-79.62,33.17,47.67,False,False,False,False,False,False,False,False,False,2026-10-08
0590,0590.HK,LUK FOOK HOLD,六福集团,127.75,"1,000",Equity,Equity Securities (Main Board),21.76,21.92,22.26,21.4,1201082,26.14,21.608,21.358,0.7,1.88,-0.91,1.12,2.74,34.5,34.5,37.68,34.5,34.5,-35.48,-35.48,-40.92,36.93,36.93,False,False,False,False,False,False,False,False,False,2026-10-08
0591,0591.HK,C HIGHPRECISION,中国高精密,2.45,"1,000",Equity,Equity Securities (Main Board),0.236,0.232,0.236,0.23,83000,0.02,0.237,0.237,-0.25,-0.51,-0.84,0.43,-1.26,0.4,0.51,1.22,0.4,0.51,-40.25,-53.73,-80.66,40.25,53.73,False,False,False,False,False,False,False,False,False,2026-10-08
0595,0595.HK,AV CONCEPT HOLD,AV CONCEPT HOLD,9.23,"2,000",Equity,Equity Securities (Main Board),1.08,1.105,1.12,1.08,738000,0.8,1.119,1.141,-3.49,-5.35,-3.57,-4.0,-5.68,2.0,2.0,2.0,2.0,2.0,-44.0,-44.0,-44.0,46.0,46.0,False,False,False,False,False,False,False,False,False,2026-10-08
0596,0596.HK,INSPUR DIGI ENT,浪潮数字企业,21.54,"2,000",Equity,Equity Securities (Main Board),1.77,1.815,1.815,1.77,1156000,2.05,1.822,1.803,-2.85,-1.86,-2.48,-5.09,-2.21,7.2,11.13,11.13,7.2,11.13,-74.79,-83.69,-83.69,75.42,84.1,False,False,False,False,False,False,False,False,False,2026-10-08
0598,0598.HK,SINOTRANS,中国外运,90.33,"1,000",Equity,Equity Securities (Main Board),4.48,4.5,4.52,4.455,5316800,23.82,4.459,4.477,0.47,0.07,0.34,0.9,-0.78,5.48,5.51,5.51,5.48,5.51,-17.52,-17.97,-17.97,18.25,18.69,False,False,False,True,False,False,False,False,False,2026-10-08
0600,0600.HK,AXERA,爱芯元智,130.39,100,Equity,Equity Securities (Main Board),22.14,21.3,22.6,20.44,1663651,36.83,21.484,21.856,3.05,1.3,6.85,2.79,-2.81,36.9,36.9,36.9,36.9,36.9,-38.75,-38.75,-38.75,40.0,40.0,False,False,False,True,False,False,False,False,False,2026-10-08
0602,0602.HK,JIAHUA STORES H,佳华百货控股,0.47,"2,500",Equity,Equity Securities (Main Board),0.045,0.045,0.045,0.045,5000,0.0,0.045,0.047,-0.88,-3.64,0.0,0.0,-4.26,0.07,0.12,0.57,0.07,0.12,-33.82,-60.87,-92.11,33.82,60.87,False,False,False,False,False,False,False,False,False,2026-10-08
0603,0603.HK,CHINA OIL & GAS,中油燃气,6.76,"20,000",Equity,Equity Securities (Main Board),0.12,0.118,0.12,0.118,2002200,0.24,0.12,0.122,0.33,-1.56,1.69,0.0,-1.64,0.51,0.51,0.85,0.51,0.51,-76.47,-76.47,-85.88,76.47,76.47,False,False,False,False,False,False,False,False,False,2026-10-08
0604,0604.HK,SHENZHEN INVEST,深圳控股,54.73,"2,000",Equity,Equity Securities (Main Board),0.615,0.635,0.64,0.615,3706470,2.28,0.624,0.623,-1.44,-1.2,-1.6,-0.81,-3.91,0.93,1.33,3.98,0.93,1.33,-31.18,-51.88,-83.92,33.87,53.76,False,False,False,False,False,False,False,False,False,2026-10-08
0605,0605.HK,C FIN SERVICES,中国金融投资管理,1.52,"2,000",Equity,Equity Securities (Main Board),0.725,0.725,0.725,0.725,10000,0.01,0.736,0.737,-1.49,-1.56,-0.68,-3.33,0.0,1.16,20.0,20.0,1.16,20.0,-37.5,-96.37,-96.37,37.5,96.37,False,False,False,False,False,False,False,False,False,2026-10-08
0606,0606.HK,SCE CM,中骏商管,4.64,"1,000",Equity,Equity Securities (Main Board),0.24,0.242,0.242,0.24,125000,0.03,0.245,0.247,-2.12,-2.87,-4.0,-3.23,-4.0,0.37,1.05,4.55,0.37,1.05,-34.59,-76.95,-94.68,35.14,77.14,False,False,False,False,False,False,False,False,False,2026-10-08
0608,0608.HK,HIGH FASHION,达利国际,3.16,"2,000",Equity,Equity Securities (Main Board),1.035,1.02,1.035,1.02,12000,0.01,1.056,1.054,-1.99,-1.8,0.98,-5.05,-5.91,1.74,1.84,2.46,1.74,1.84,-40.52,-43.75,-57.93,40.52,43.75,False,False,False,False,False,False,False,False,False,2026-10-08
0609,0609.HK,TIANDE CHEMICAL,天德化工,9.53,"4,000",Equity,Equity Securities (Main Board),1.085,1.085,1.085,1.085,8000,0.01,1.045,1.05,3.83,3.28,5.85,6.37,0.93,1.75,1.75,2.95,1.75,1.75,-38.0,-38.0,-63.22,38.0,38.0,False,False,False,False,False,False,False,False,False,2026-10-08
0611,0611.HK,CNE TECH CORP,中国核能科技,7.96,"2,000",Equity,Equity Securities (Main Board),0.43,0.42,0.43,0.42,32000,0.01,0.429,0.434,0.23,-0.81,0.0,0.0,-1.15,0.55,0.71,1.93,0.55,0.71,-21.82,-39.44,-77.72,21.82,39.44,False,False,False,False,False,False,False,False,False,2026-10-08
0613,0613.HK,PLANETREE INT'L,梧桐国际,58.34,"2,000",Equity,Equity Securities (Main Board),5.075,5.075,5.075,4.865,292000,1.48,5.181,5.287,-2.05,-4.01,0.0,-5.14,-3.24,6.36,6.36,6.36,6.36,6.36,-20.27,-20.27,-20.27,20.27,20.27,False,False,False,False,False,False,False,False,False,2026-10-08
0616,0616.HK,ASSET CHAIN,财富链,1.85,"5,000",Equity,Equity Securities (Main Board),0.099,0.095,0.102,0.094,7760026,0.77,0.092,0.094,7.38,5.77,4.21,13.79,-1.0,0.4,0.49,194.1,0.4,0.49,-74.18,-79.18,-99.95,74.94,79.8,True,False,False,False,False,False,False,False,False,2026-10-08
0617,0617.HK,PALIBURG HOLD,百利保控股,2.05,"2,000",Equity,Equity Securities (Main Board),0.184,0.183,0.187,0.183,316000,0.06,0.183,0.184,0.44,-0.16,-0.54,1.1,0.0,0.25,1.08,3.69,0.25,1.08,-26.67,-82.69,-94.93,27.84,82.96,False,False,False,False,False,False,False,False,False,2026-10-08
0618,0618.HK,PKU RESOURCES,北大资源,7.8,"8,000",Equity,Equity Securities (Main Board),0.285,0.3,0.3,0.285,160000,0.05,0.288,0.287,-1.04,-0.87,0.0,1.79,1.79,0.5,0.52,2.8,0.5,0.52,-40.0,-42.31,-89.29,43.0,45.19,False,False,False,False,False,False,False,False,False,2026-10-08
0619,0619.HK,SOUTH CHINA FIN,南华金融,0.89,"2,000",Equity,Equity Securities (Main Board),0.295,0.285,0.295,0.285,21000,0.01,0.324,0.307,-8.95,-3.91,-11.94,-11.94,-1.67,0.46,0.51,4.85,0.46,0.51,-35.16,-42.16,-93.92,35.16,42.16,False,False,False,False,False,False,False,False,False,2026-10-08
0620,0620.HK,DTXS SILK ROAD,大唐西市,1.88,"2,000",Equity,Equity Securities (Main Board),0.235,0.235,0.235,0.22,94400,0.02,0.243,0.245,-3.13,-3.92,-2.08,-5.62,-5.62,0.73,1.68,6.98,0.73,1.68,-67.81,-86.01,-96.63,67.81,86.01,False,False,False,False,False,False,False,False,False,2026-10-08
0621,0621.HK,TAUNG GOLD,坛金矿业,8.17,"5,000",Equity,Equity Securities (Main Board),0.45,0.43,0.45,0.43,270000,0.12,0.444,0.444,1.35,1.24,2.27,2.27,0.0,0.76,0.9,1.35,0.76,0.9,-40.79,-50.0,-66.67,40.79,50.0,False,False,False,True,False,False,False,False,False,2026-10-08
0622,0622.HK,OSHIDORI,威华达控股,212.12,"3,000",Equity,Equity Securities (Main Board),3.055,3.14,3.16,3.015,24887700,76.03,3.072,3.097,-0.55,-1.36,-1.45,0.99,-1.45,3.24,3.24,3.24,3.24,3.24,-2.62,-2.62,-2.62,5.86,5.86,False,False,False,False,False,False,False,True,True,2026-10-08
0625,0625.HK,SHEIN-W,希音－Ｗ,1015.58,100,Equity,Equity Securities (Main Board),35.88,34.0,36.3,33.86,4612347,165.49,32.96,33.492,8.86,7.13,8.93,13.04,16.34,48.56,48.56,48.56,48.56,48.56,-25.25,-25.25,-25.25,26.11,26.11,False,False,False,False,False,False,False,False,False,2026-10-08
0626,0626.HK,PUBLIC FIN HOLD,大众金融控股,23.66,"2,000",Equity,Equity Securities (Main Board),2.155,2.15,2.17,2.15,2104000,4.53,2.152,2.157,0.14,-0.09,0.0,0.23,0.7,2.32,2.32,3.81,2.32,2.32,-6.47,-6.47,-43.04,7.11,7.11,False,False,False,False,False,False,False,True,True,2026-10-08
0627,0627.HK,VISION SYNERGY,共生智筑,17.76,"20,000",Equity,Equity Securities (Main Board),1.25,1.03,1.32,1.015,3169709,3.96,1.057,0.905,18.26,38.2,6.84,34.41,61.29,1.17,1.97,187.0,1.32,1.97,12.82,-32.99,-99.29,5.3,36.55,True,True,False,False,True,False,False,True,False,2026-10-08
0628,0628.HK,TONGTONG AI SOC,通通ＡＩ社交,13.52,"2,000",Equity,Equity Securities (Main Board),0.26,0.265,0.28,0.26,15030000,3.91,0.265,0.276,-1.89,-5.97,-1.89,-5.45,-7.14,0.6,0.6,1.48,0.6,0.6,-53.33,-53.33,-81.08,56.67,56.67,False,False,False,False,False,False,False,False,False,2026-10-08
0629,0629.HK,YUE DA INTL,悦达国际控股,3.16,"1,000",Equity,Equity Securities (Main Board),0.27,0.27,0.27,0.27,1000,0.0,0.272,0.276,-0.74,-2.0,0.0,-1.82,-1.82,0.35,0.37,0.95,0.35,0.37,-22.86,-27.03,-71.58,22.86,27.03,False,False,False,False,False,False,False,False,False,2026-10-08
0630,0630.HK,AMCO UNITED,隽泰控股,1.59,"10,000",Equity,Equity Securities (Main Board),0.164,0.164,0.164,0.164,110000,0.02,0.171,0.184,-3.87,-11.01,-8.89,1.86,-13.23,0.31,0.43,4.5,0.31,0.43,-47.1,-61.41,-96.36,47.1,61.41,False,False,False,False,False,False,False,False,False,2026-10-08
0631,0631.HK,SANY INT'L,三一国际,258.24,"1,000",Equity,Equity Securities (Main Board),7.85,8.425,8.68,7.82,9790850,76.86,8.311,8.329,-5.55,-5.75,-8.35,-6.27,-7.05,16.24,16.24,16.24,16.24,16.24,-46.55,-46.55,-46.55,51.66,51.66,False,False,False,False,False,False,False,False,False,2026-10-08
0632,0632.HK,CHK OIL,中港石油,1.33,"2,000",Equity,Equity Securities (Main Board),0.139,0.111,0.156,0.111,32242000,4.48,0.128,0.146,8.26,-4.66,25.23,9.45,-4.79,1.12,1.12,7.25,1.12,1.12,-86.07,-86.07,-97.85,87.59,87.59,False,False,False,False,False,False,False,False,False,2026-10-08
0635,0635.HK,PLAYMATES,彩星集团,10.34,"2,000",Equity,Equity Securities (Main Board),0.5,0.5,0.5,0.5,392000,0.2,0.506,0.504,-1.19,-0.79,0.0,-1.96,0.0,0.54,0.65,1.32,0.54,0.65,-7.41,-23.08,-62.12,7.41,23.08,False,False,False,False,False,False,False,True,False,2026-10-08
0636,0636.HK,KLN,KLN,105.64,500,Equity,Equity Securities (Main Board),5.845,5.78,5.91,5.78,496757,2.9,5.826,5.835,0.33,0.18,0.17,0.95,-1.76,7.45,9.79,27.15,7.45,9.79,-20.67,-39.63,-78.23,21.54,40.3,False,False,False,True,False,False,False,False,False,2026-10-08
0637,0637.HK,LEE KEE,利记,1.38,"2,000",Equity,Equity Securities (Main Board),0.166,0.174,0.174,0.166,12000,0.0,0.172,0.172,-3.71,-3.49,-4.6,-4.6,-4.6,0.31,0.31,0.84,0.31,0.31,-44.76,-44.76,-79.29,47.3,47.3,False,False,False,False,False,False,False,False,False,2026-10-08
0639,0639.HK,SHOUGANG RES,首钢资源,138.73,"2,000",Equity,Equity Securities (Main Board),2.725,2.755,2.785,2.705,9204000,25.08,2.749,2.738,-0.87,-0.49,-1.98,-0.91,-0.91,3.5,3.64,3.86,3.5,3.64,-20.43,-23.49,-27.85,22.14,25.14,False,False,False,False,False,False,False,False,False,2026-10-08
0640,0640.HK,INFINITY DEV,星谦发展,6.92,"2,000",Equity,Equity Securities (Main Board),2.345,2.345,2.345,2.345,8000,0.02,2.337,2.326,0.34,0.8,-0.21,0.64,0.64,2.95,2.95,2.95,2.95,2.95,-20.51,-20.51,-20.51,20.51,20.51,False,False,False,False,False,False,False,False,False,2026-10-08
0641,0641.HK,CHTC FONG'S INT,中国恒天立信国际,4.4,"2,000",Equity,Equity Securities (Main Board),0.4,0.37,0.4,0.365,8000,0.0,0.385,0.379,3.9,5.4,2.56,8.11,6.67,0.48,0.48,2.45,0.48,0.48,-16.67,-16.67,-83.67,16.67,16.67,False,False,False,True,False,False,False,False,False,2026-10-08
0646,0646.HK,CHINA ENV TEC,中国环保科技,0.77,"8,000",Equity,Equity Securities (Main Board),0.225,0.238,0.238,0.225,6280000,1.41,0.24,0.243,-6.09,-7.48,-5.46,-8.16,-8.16,0.4,0.45,6.2,0.4,0.45,-39.75,-47.11,-96.16,43.04,50.0,False,False,False,False,False,False,False,False,False,2026-10-08
0648,0648.HK,SOFTMEDX,京玖康疗,0.46,"1,000",Equity,Equity Securities (Main Board),0.43,0.465,0.49,0.425,808306,0.35,0.431,0.447,-0.23,-3.7,-7.53,3.61,1.18,23.0,23.0,29.6,23.0,23.0,-97.87,-97.87,-98.34,98.13,98.13,False,False,False,False,False,False,False,False,False,2026-10-08
0650,0650.HK,PRODUCTIVE TECH,普达特科技,14.38,"2,000",Equity,Equity Securities (Main Board),0.194,0.19,0.194,0.184,1072000,0.21,0.19,0.185,2.11,4.81,2.11,6.01,14.79,0.9,0.9,3.11,0.9,0.9,-78.44,-78.44,-93.76,78.44,78.44,False,False,False,True,False,False,False,False,False,2026-10-08
0653,0653.HK,BONJOUR H-NEW,卓悦控股（新）,1.05,"5,000",Equity,Equity Securities (Main Board),1.68,1.64,1.68,1.545,631800,1.06,1.618,1.509,3.83,11.3,0.3,5.99,14.29,4.5,47.07,206.52,4.5,47.07,-62.67,-96.43,-99.19,62.67,96.43,False,False,False,False,False,False,False,False,False,2026-10-08
0655,0655.HK,HK CHINESE LTD,香港华人有限公司,7.59,"2,000",Equity,Equity Securities (Main Board),0.38,0.37,0.39,0.36,3090947,1.17,0.377,0.392,0.8,-3.18,2.7,-1.3,-5.0,0.53,0.53,1.6,0.53,0.53,-26.42,-26.42,-75.63,28.3,28.3,False,False,False,False,False,False,False,False,False,2026-10-08
0656,0656.HK,FOSUN INTL,复星国际,370.19,500,Equity,Equity Securities (Main Board),4.555,4.82,4.85,4.545,4079056,18.58,4.756,4.836,-4.23,-5.81,-6.28,-5.1,-7.32,5.66,6.81,20.2,5.66,6.81,-14.39,-28.78,-75.99,19.59,33.11,False,False,False,False,False,False,False,False,False,2026-10-08
0657,0657.HK,G-VISION INT'L,环科国际,0.78,"2,000",Equity,Equity Securities (Main Board),0.04,0.033,0.033,0.033,2000,0.0,0.041,0.04,-1.96,0.76,-2.44,-2.44,-2.44,0.05,0.06,0.37,0.05,0.06,-40.0,-43.1,-90.96,27.27,31.03,False,False,False,False,False,False,False,False,False,2026-10-08
0658,0658.HK,C TRANSMISSION,中国高速传动,16.84,"1,000",Equity,Equity Securities (Main Board),1.03,1.03,1.03,1.025,42000,0.04,1.035,1.048,-0.48,-1.76,-0.96,0.49,-0.96,2.56,2.56,13.82,2.56,2.56,-59.77,-59.77,-92.55,59.77,59.77,False,False,False,False,False,False,False,False,False,2026-10-08
0659,0659.HK,CTF SERVICES,周大福创建,399.38,"1,000",Equity,Equity Securities (Main Board),8.745,8.7,8.945,8.7,3578232,31.29,8.696,8.549,0.56,2.29,0.52,0.29,1.16,9.57,9.57,19.91,9.57,9.57,-6.53,-6.53,-55.07,8.62,8.62,False,False,False,False,False,False,False,True,True,2026-10-08
0661,0661.HK,CDAYENONFER,中国大冶有色金属,22.91,"2,000",Equity,Equity Securities (Main Board),0.128,0.132,0.132,0.125,10976000,1.4,0.131,0.134,-2.14,-4.26,-3.03,-2.29,-4.48,0.24,0.24,0.24,0.24,0.24,-44.77,-44.77,-44.77,46.44,46.44,False,False,False,False,False,False,False,False,False,2026-10-08
0662,0662.HK,ASIA FINANCIAL,亚洲金融,42.05,"2,000",Equity,Equity Securities (Main Board),4.55,4.55,4.555,4.55,10000,0.05,4.545,4.57,0.11,-0.43,0.55,0.0,-2.78,4.9,5.59,5.87,4.9,5.59,-7.04,-18.52,-22.4,7.14,18.6,False,False,False,False,False,False,False,True,False,2026-10-08
0664,0664.HK,TONGSHIFU,铜师傅,6.97,100,Equity,Equity Securities (Main Board),11.2,10.95,11.2,10.95,7300,0.08,11.222,11.54,-0.2,-2.95,2.38,-1.75,-2.01,42.0,42.0,42.0,42.0,42.0,-73.33,-73.33,-73.33,73.33,73.33,False,False,False,False,False,False,False,False,False,2026-10-08
0666,0666.HK,REPT BATTERO,瑞浦兰钧,78.63,200,Equity,Equity Securities (Main Board),8.415,8.365,8.68,8.365,2699387,22.72,8.369,8.559,0.55,-1.68,1.75,0.66,-4.54,18.87,24.4,24.4,18.87,24.4,-54.0,-64.43,-64.43,55.41,65.51,False,False,False,False,False,False,False,False,False,2026-10-08
0667,0667.HK,CHINA EAST EDU,中国东方教育,78.42,500,Equity,Equity Securities (Main Board),3.535,3.595,3.79,3.52,4907286,17.35,3.582,3.677,-1.31,-3.85,-1.39,-1.81,-6.97,7.0,9.15,20.85,7.0,9.15,-45.86,-58.58,-81.82,49.5,61.37,False,False,False,False,False,False,False,False,False,2026-10-08
0669,0669.HK,TECHTRONIC-100,创科实业（一百）,2335.85,100,Equity,Equity Securities (Main Board),127.9,129.6,130.8,127.5,4100992,524.52,129.72,128.69,-1.4,-0.61,-2.66,-1.84,-0.85,150.0,150.0,180.0,150.0,150.0,-12.8,-12.8,-27.33,14.73,14.73,False,False,False,False,False,False,False,False,False,2026-10-08
0670,0670.HK,CHINA EAST AIR,中国东方航空股份,122.01,"2,000",Equity,Equity Securities (Main Board),2.41,2.465,2.515,2.41,14697150,35.42,2.436,2.492,-1.07,-3.29,-1.83,-0.41,-8.37,6.4,6.4,7.43,6.4,6.4,-60.7,-60.7,-66.15,62.34,62.34,False,False,False,False,False,False,False,False,False,2026-10-08
0672,0672.HK,ZHONGAN GROUP,众安集团,4.0,"1,000",Equity,Equity Securities (Main Board),0.071,0.072,0.072,0.066,1039400,0.07,0.071,0.07,0.57,1.87,1.43,-1.39,1.43,0.13,0.21,1.4,0.13,0.21,-46.27,-65.55,-94.86,47.01,66.03,False,False,False,True,False,False,False,False,False,2026-10-08
0674,0674.HK,CHINA TANGSHANG,中国唐商,1.68,"4,000",Equity,Equity Securities (Main Board),0.049,0.042,0.049,0.042,112000,0.01,0.046,0.048,6.06,1.03,6.52,6.52,2.08,0.09,0.24,0.8,0.09,0.24,-44.94,-79.41,-93.88,44.94,79.41,False,False,False,True,False,False,False,False,False,2026-10-08
0676,0676.HK,PEGASUS INT'L,创信国际,7.31,"2,000",Equity,Equity Securities (Main Board),1.0,1.0,1.0,1.0,4000,0.0,1.0,1.0,0.0,0.0,0.0,0.0,0.0,1.03,1.2,2.35,1.03,1.2,-2.91,-16.67,-57.45,2.91,16.67,False,False,False,False,False,False,False,True,False,2026-10-08
0677,0677.HK,GOLDEN RES DEV,金源发展国际实业,6.03,"2,000",Equity,Equity Securities (Main Board),0.355,0.355,0.355,0.355,506000,0.18,0.358,0.363,-0.84,-2.2,0.0,-2.74,-2.74,0.41,0.68,1.65,0.41,0.68,-14.46,-47.79,-78.48,14.46,47.79,False,False,False,False,False,False,False,False,False,2026-10-08
0679,0679.HK,ASIA TELE-NET,亚洲联网科技,14.03,"5,000",Equity,Equity Securities (Main Board),3.705,4.015,4.015,3.5,845000,3.13,4.115,4.419,-9.96,-16.16,-8.86,-14.93,-18.93,21.2,21.2,21.2,21.2,21.2,-81.06,-81.06,-81.06,82.52,82.52,False,False,False,False,False,False,False,False,False,2026-10-08
0681,0681.HK,CHI PEOPLE HOLD,中民控股,2.59,"2,000",Equity,Equity Securities (Main Board),0.029,0.027,0.029,0.027,3002000,0.09,0.029,0.029,0.69,0.35,0.0,0.0,0.0,0.05,0.05,0.15,0.05,0.05,-45.28,-45.28,-80.14,45.28,45.28,False,False,True,True,False,False,False,False,False,2026-10-08
0683,0683.HK,KERRY PPT,嘉里建设,253.83,500,Equity,Equity Securities (Main Board),17.49,17.8,17.99,17.49,919351,16.08,17.508,17.559,-0.1,-0.39,-0.79,0.4,-2.07,26.1,26.1,44.9,26.1,26.1,-31.07,-31.07,-59.93,32.99,32.99,False,False,False,False,False,False,False,False,False,2026-10-08
0688,0688.HK,CHINA OVERSEAS,中国海外发展,1483.03,500,Equity,Equity Securities (Main Board),13.55,13.1,13.85,13.08,57315075,776.62,13.052,12.968,3.82,4.49,3.75,5.37,2.96,16.7,18.58,32.2,16.7,18.58,-17.07,-25.46,-56.99,18.86,27.07,True,False,False,False,False,False,False,False,False,2026-10-08
0689,0689.HK,EPI (HOLDINGS),长盈集团（控股）,2.55,"15,000",Equity,Equity Securities (Main Board),0.137,0.136,0.137,0.136,300000,0.04,0.136,0.139,0.88,-1.23,0.74,1.48,0.74,0.36,0.39,10.6,0.36,0.39,-61.94,-64.87,-98.71,61.94,64.87,False,False,False,False,False,False,False,False,False,2026-10-08
0690,0690.HK,UNI-BIO GROUP,联康生物科技集团,4.18,"20,000",Equity,Equity Securities (Main Board),0.07,0.067,0.07,0.067,90000,0.01,0.071,0.071,-0.85,-1.55,0.0,-1.41,-1.41,0.13,0.17,0.23,0.13,0.17,-44.88,-58.33,-69.57,44.88,58.33,False,False,False,False,False,False,False,False,False,2026-10-08
0694,0694.HK,BEIJING AIRPORT,北京首都机场股份,25.94,"2,000",Equity,Equity Securities (Main Board),1.38,1.4,1.425,1.38,7152000,9.87,1.41,1.449,-2.13,-4.73,-1.43,-1.43,-9.21,2.77,3.58,14.1,2.77,3.58,-48.56,-60.2,-89.89,50.18,61.45,False,False,False,False,False,False,False,False,False,2026-10-08
0695,0695.HK,DONGWU CEMENT,东吴水泥,41.43,"2,000",Equity,Equity Securities (Main Board),7.505,7.36,7.51,7.31,252000,1.89,7.521,7.597,-0.21,-1.2,-0.2,0.07,-3.29,10.06,10.06,10.06,10.06,10.06,-25.35,-25.35,-25.35,25.4,25.4,False,False,False,False,False,False,False,False,False,2026-10-08
0696,0696.HK,TRAVELSKY TECH,中国民航信息网络,82.25,"1,000",Equity,Equity Securities (Main Board),8.82,9.0,9.035,8.805,3503960,30.9,8.872,8.854,-0.59,-0.39,-0.73,-0.56,-2.27,11.24,13.9,28.0,11.24,13.9,-19.62,-35.0,-67.73,21.53,36.55,False,False,False,False,False,False,False,False,False,2026-10-08
0697,0697.HK,SHOUCHENG,首程控股,100.74,"2,000",Equity,Equity Securities (Main Board),1.27,1.3,1.305,1.26,14390235,18.28,1.28,1.277,-0.78,-0.59,-2.31,0.4,-2.68,2.43,2.68,2.88,2.43,2.68,-46.3,-51.31,-54.69,47.74,52.61,False,False,False,False,False,False,False,False,False,2026-10-08
0698,0698.HK,TONGDA GROUP,通达集团,4.87,"1,000",Equity,Equity Securities (Main Board),2.5,2.405,2.65,2.405,39000,0.1,2.56,2.509,-2.34,-0.36,-2.72,-4.21,-4.4,4.01,8.6,135.82,4.01,8.6,-33.92,-69.19,-98.05,37.66,70.93,False,False,False,False,False,False,False,False,False,2026-10-08
0700,0700.HK,TENCENT,腾讯控股,37406.98,100,Equity,Equity Securities (Main Board),411.4,422.0,424.6,411.2,30202975,12425.5,420.88,428.22,-2.25,-3.93,-2.19,-2.74,-4.55,639.0,683.0,714.9,639.0,683.0,-33.55,-37.83,-40.61,35.62,39.77,False,False,False,False,False,False,False,False,False,2026-10-08
0709,0709.HK,GIORDANO INT'L,佐丹奴国际,21.09,"2,000",Equity,Equity Securities (Main Board),1.305,1.3,1.305,1.295,324296,0.42,1.299,1.307,0.46,-0.15,0.77,1.16,-1.14,1.55,2.73,5.35,1.55,2.73,-15.81,-52.2,-75.61,15.81,52.2,False,False,False,False,False,False,False,False,False,2026-10-08
0710,0710.HK,BOE VARITRONIX,京东方精电,29.33,"1,000",Equity,Equity Securities (Main Board),3.705,3.815,3.815,3.7,1350000,5.0,3.814,3.911,-2.86,-5.26,-1.98,-4.76,-6.2,5.64,8.83,20.5,5.64,8.83,-32.36,-56.8,-81.39,34.31,58.04,False,False,False,False,False,False,False,False,False,2026-10-08
0711,0711.HK,ASIA ALLIED INF,亚洲联合基建控股,8.11,"2,000",Equity,Equity Securities (Main Board),0.44,0.43,0.44,0.43,192000,0.08,0.436,0.435,0.92,1.15,0.0,2.33,2.33,0.47,0.56,1.38,0.47,0.56,-7.37,-21.43,-68.12,7.37,21.43,False,False,False,True,False,False,False,True,False,2026-10-08
0712,0712.HK,COMTEC SOLAR,卡姆丹克太阳能,0.59,"10,000",Equity,Equity Securities (Main Board),0.056,0.054,0.056,0.054,300000,0.02,0.055,0.057,1.08,-1.58,1.82,1.82,0.0,0.14,0.27,1.76,0.14,0.27,-58.52,-79.26,-96.82,58.52,79.26,False,False,False,False,False,False,False,False,False,2026-10-08
0716,0716.HK,SINGAMAS CONT,胜狮货柜,9.05,"2,000",Equity,Equity Securities (Main Board),0.38,0.38,0.39,0.38,1102000,0.42,0.381,0.38,-0.26,-0.13,0.0,-1.3,-2.56,0.72,1.03,2.05,0.72,1.03,-45.83,-62.14,-80.98,47.22,63.11,False,False,False,False,False,False,False,False,False,2026-10-08
0717,0717.HK,EMPEROR CAPITAL,英皇资本,3.84,"6,000",Equity,Equity Securities (Main Board),0.057,0.057,0.057,0.055,10068000,0.57,0.058,0.058,-1.72,-2.06,0.0,-3.39,0.0,0.1,0.16,0.86,0.1,0.16,-45.19,-63.69,-93.37,45.19,63.69,False,False,False,False,False,False,False,False,False,2026-10-08
0719,0719.HK,SHANDONG XINHUA,山东新华制药股份,11.05,"2,000",Equity,Equity Securities (Main Board),5.665,5.805,5.945,5.665,616000,3.49,5.727,5.738,-1.08,-1.28,-2.41,-0.26,-2.58,7.25,9.46,17.0,7.25,9.46,-18.0,-37.16,-65.03,21.86,40.12,False,False,False,False,False,False,False,False,False,2026-10-08
0720,0720.HK,AUTO ITALIA,意达利控股,15.36,"25,000",Equity,Equity Securities (Main Board),0.25,0.25,0.25,0.25,850000,0.21,0.253,0.256,-1.19,-2.53,0.0,-1.96,-1.96,0.45,0.45,0.45,0.45,0.45,-44.44,-44.44,-44.44,44.44,44.44,False,False,False,False,False,False,False,False,False,2026-10-08
0721,0721.HK,C FIN INT INV,中国金融国际,2.41,"10,000",Equity,Investment Companies,0.11,0.11,0.11,0.11,170000,0.02,0.11,0.114,-0.36,-3.08,0.0,-1.79,-4.35,0.51,1.7,2.6,0.51,1.7,-78.64,-93.53,-95.77,78.64,93.53,False,False,False,False,False,False,False,False,False,2026-10-08
0723,0723.HK,RELIANCE GLO HL,信保环球控股,2.36,"30,000",Equity,Equity Securities (Main Board),0.216,0.208,0.22,0.201,1411375,0.3,0.219,0.232,-1.46,-6.78,1.89,-1.82,-8.09,0.35,0.57,1.35,0.35,0.57,-37.14,-61.4,-83.7,38.29,62.11,False,False,False,False,False,False,False,False,False,2026-10-08
0725,0725.HK,PERENNIAL INT'L,恒都集团,1.89,"2,000",Equity,Equity Securities (Main Board),0.95,0.95,0.95,0.95,4000,0.0,0.942,0.956,0.85,-0.58,1.06,1.06,1.06,1.51,1.51,1.89,1.51,1.51,-37.09,-37.09,-49.74,37.09,37.09,False,False,False,False,False,False,False,False,False,2026-10-08
0727,0727.HK,SINOPROS CORP,中国丰汇,5.21,"10,000",Equity,Equity Securities (Main Board),0.41,0.405,0.405,0.4,50000,0.02,0.42,0.425,-2.38,-3.53,0.0,-5.75,-4.65,0.99,4.38,46.0,0.99,4.38,-59.09,-90.75,-99.12,58.59,90.64,False,False,False,False,False,False,False,False,False,2026-10-08
0728,0728.HK,CHINA TELECOM,中国电信,627.95,"2,000",Equity,Equity Securities (Main Board),4.525,4.52,4.57,4.45,28677987,129.77,4.493,4.474,0.71,1.14,0.0,1.46,0.67,5.89,6.98,6.98,5.89,6.98,-22.41,-34.53,-34.53,23.17,35.17,False,False,False,True,False,False,False,False,False,2026-10-08
0730,0730.HK,CAPITAL IND-NEW,首惠产业金融－新,4.74,"1,000",Equity,Equity Securities (Main Board),5.99,5.945,5.99,5.905,5600,0.03,5.987,6.017,0.05,-0.45,-0.17,0.17,-0.25,7.0,8.45,18.25,7.0,8.45,-14.43,-29.11,-67.18,14.43,29.11,False,False,True,False,False,False,False,False,False,2026-10-08
0731,0731.HK,C&D NEWIN,建发新胜,3.75,"20,000",Equity,Equity Securities (Main Board),0.265,0.26,0.27,0.26,540000,0.14,0.274,0.273,-3.28,-2.75,-3.64,-3.64,-5.36,0.76,0.76,7.6,0.76,0.76,-64.47,-64.47,-96.45,65.13,65.13,False,False,False,False,False,False,False,False,False,2026-10-08
0732,0732.HK,TRULY INT'L,信利国际,24.23,"2,000",Equity,Equity Securities (Main Board),0.83,0.83,0.835,0.815,414000,0.34,0.821,0.81,1.1,2.47,0.0,2.47,2.47,1.12,1.34,4.18,1.12,1.34,-25.45,-37.69,-80.02,25.89,38.06,False,False,False,False,False,False,False,False,False,2026-10-08
0736,0736.HK,CHINA PPT INV,中国置业投资,0.73,"3,000",Equity,Equity Securities (Main Board),0.228,0.212,0.236,0.212,1029045,0.23,0.232,0.242,-1.72,-5.67,4.11,-8.06,-10.59,0.76,1.03,7.13,0.76,1.03,-68.95,-77.09,-96.69,70.0,77.86,False,False,False,False,False,False,False,False,False,2026-10-08
0737,0737.HK,BAY AREA DEV,湾区发展,63.97,500,Equity,Equity Securities (Main Board),1.92,1.93,1.945,1.92,145577,0.28,1.899,1.901,1.11,0.97,0.26,2.13,0.79,2.02,2.02,5.2,2.02,2.02,-3.47,-3.47,-62.6,4.71,4.71,True,False,False,False,False,False,False,True,True,2026-10-08
0738,0738.HK,LE SAUNDA,莱尔斯丹,2.04,"2,000",Equity,Equity Securities (Main Board),0.3,0.275,0.3,0.275,64000,0.02,0.3,0.312,0.0,-4.0,3.45,0.0,-7.69,0.38,0.48,1.98,0.38,0.48,-20.0,-37.5,-84.85,20.0,37.5,False,False,False,False,False,False,False,False,False,2026-10-08
0743,0743.HK,ASIA CEMENT CH,亚洲水泥（中国）,24.91,500,Equity,Equity Securities (Main Board),1.59,1.6,1.61,1.58,219500,0.35,1.974,2.022,-19.45,-21.36,-23.19,-23.19,-23.19,2.07,3.71,14.04,2.07,3.71,-22.22,-56.6,-88.53,23.19,57.14,False,False,False,False,False,False,False,False,False,2026-10-08
0745,0745.HK,CN CULTURE GP,中国国家文化产业,12.2,"2,000",Equity,Equity Securities (Main Board),5.205,5.02,5.68,5.015,300575,1.56,5.294,5.169,-1.68,0.7,2.56,-3.7,-3.16,7.21,7.21,9.8,7.21,7.21,-21.22,-21.22,-42.04,27.81,27.81,False,False,False,False,False,False,False,False,False,2026-10-08
0746,0746.HK,L & M CHEMICAL,理文化工,36.67,"2,000",Equity,Equity Securities (Main Board),4.445,4.49,4.49,4.4,134000,0.6,4.404,4.395,0.93,1.13,-0.11,2.42,0.0,6.42,6.42,13.78,6.42,6.42,-30.06,-30.06,-67.42,30.76,30.76,False,False,True,False,False,False,False,False,False,2026-10-08
0750,0750.HK,SFSY ENERGY,水发兴业能源,4.92,"1,000",Equity,Equity Securities (Main Board),0.195,0.19,0.2,0.19,249000,0.05,0.192,0.191,1.35,2.04,0.0,1.04,2.63,0.27,0.5,4.2,0.27,0.5,-25.93,-60.0,-95.24,27.78,61.0,False,False,False,True,False,False,False,False,False,2026-10-08
0751,0751.HK,SKYWORTH GROUP,创维集团,57.99,"2,000",Equity,Equity Securities (Main Board),3.065,2.935,3.285,2.935,14074403,43.14,3.023,3.202,1.39,-4.29,6.61,1.16,-6.55,7.59,7.59,7.59,7.59,7.59,-56.72,-56.72,-56.72,59.62,59.62,False,False,False,False,False,False,False,False,False,2026-10-08
0752,0752.HK,PICO FAR EAST,PICO FAR EAST,26.7,"2,000",Equity,Equity Securities (Main Board),2.09,2.09,2.09,2.075,406000,0.85,2.106,2.104,-0.76,-0.67,-0.24,-1.18,-1.65,2.96,2.96,3.54,2.96,2.96,-29.39,-29.39,-40.96,29.39,29.39,False,False,False,False,False,False,False,False,False,2026-10-08
0753,0753.HK,AIR CHINA,中国国航,182.61,"2,000",Equity,Equity Securities (Main Board),3.685,3.7,3.775,3.675,14524180,53.52,3.702,3.739,-0.46,-1.46,-0.41,-0.27,-6.71,7.77,7.77,12.86,7.77,7.77,-51.42,-51.42,-70.65,52.57,52.57,False,False,False,False,False,False,False,False,False,2026-10-08
0757,0757.HK,SOLARGIGA,阳光能源,1.7,"1,000",Equity,Equity Securities (Main Board),0.051,0.05,0.051,0.05,402000,0.02,0.05,0.051,1.19,-0.0,0.0,2.0,2.0,0.1,0.19,0.75,0.1,0.19,-50.0,-73.44,-93.2,50.0,73.44,False,False,False,False,False,False,False,False,False,2026-10-08
0759,0759.HK,CEC INT'L HOLD,CEC INT'L HOLD,1.34,"2,000",Equity,Equity Securities (Main Board),0.201,0.202,0.209,0.201,94000,0.02,0.214,0.219,-6.25,-8.01,-5.19,-10.27,-14.47,0.28,0.56,1.34,0.28,0.56,-24.0,-62.68,-84.4,26.91,64.11,False,False,False,False,False,False,False,False,False,2026-10-08
0762,0762.HK,CHINA UNICOM,中国联通,1701.26,"2,000",Equity,Equity Securities (Main Board),5.56,5.505,5.595,5.505,35777598,198.92,5.481,5.522,1.44,0.68,0.09,2.49,1.92,8.28,11.56,13.24,8.28,11.56,-32.43,-51.6,-57.74,32.85,51.9,True,False,False,True,False,False,False,False,False,2026-10-08
0763,0763.HK,ZTE,中兴通讯,156.39,200,Equity,Equity Securities (Main Board),20.7,21.72,21.76,20.5,11632668,240.8,21.5,21.83,-3.72,-5.18,-4.7,-4.26,-5.31,32.1,46.46,46.46,32.1,46.46,-32.21,-53.16,-53.16,35.51,55.45,False,False,False,False,False,False,False,False,False,2026-10-08
0767,0767.HK,ZHONG JI LS,中基长寿科学,3.02,"10,000",Equity,Equity Securities (Main Board),0.475,0.47,0.475,0.465,1230075,0.58,0.478,0.478,-0.63,-0.63,-1.04,-1.04,-1.04,0.6,0.72,9.9,0.6,0.72,-20.17,-34.03,-95.2,20.17,34.03,False,False,False,False,False,False,False,False,False,2026-10-08
0768,0768.HK,UBA INVESTMENTS,开明投资,0.56,"2,000",Equity,Investment Companies,0.044,0.044,0.044,0.041,26000,0.0,0.045,0.044,-1.79,0.23,-2.22,-2.22,-2.22,0.05,0.1,0.19,0.05,0.1,-16.98,-56.0,-77.32,16.98,56.0,False,False,False,False,False,False,False,False,False,2026-10-08
0772,0772.HK,CHINA LIT,阅文集团,199.21,200,Equity,Equity Securities (Main Board),19.64,19.92,20.54,19.57,6574500,129.12,19.686,19.75,-0.23,-0.56,0.41,0.51,-5.21,44.68,46.88,110.0,44.68,46.88,-54.03,-56.19,-81.33,56.04,58.11,False,False,False,False,False,False,False,False,False,2026-10-08
0775,0775.HK,CKLIFE SCIENCES,长江生命科技,49.98,"2,000",Equity,Equity Securities (Main Board),0.52,0.53,0.53,0.52,1064440,0.55,0.526,0.534,-1.14,-2.71,-1.89,-0.95,-4.59,0.89,1.1,1.34,0.89,1.1,-40.45,-51.82,-60.45,41.57,52.73,False,False,False,False,False,False,False,False,False,2026-10-08
0776,0776.HK,IMPERIUM TEC GP,帝国科技集团,1.61,"5,000",Equity,Equity Securities (Main Board),0.24,0.255,0.26,0.238,1740000,0.42,0.237,0.236,1.1,1.61,-7.69,5.26,3.45,1.34,9.87,34.7,1.34,9.87,-80.6,-97.37,-99.25,82.09,97.57,False,False,False,False,False,False,False,False,False,2026-10-08
0777,0777.HK,NETDRAGON,网龙,42.3,500,Equity,Equity Securities (Main Board),8.04,8.3,8.42,7.955,1302000,10.47,7.997,7.816,0.54,2.86,-2.9,0.94,3.74,12.08,16.8,34.35,12.08,16.8,-30.3,-49.88,-75.49,33.44,52.14,False,False,False,False,False,False,False,False,False,2026-10-08
0780,0780.HK,TONGCHENGTRAVEL,同程旅行,231.78,400,Equity,Equity Securities (Main Board),9.845,9.9,9.96,9.805,7433845,73.19,9.873,10.026,-0.28,-1.8,0.77,-0.96,-2.62,25.42,25.42,25.42,25.42,25.42,-60.82,-60.82,-60.82,61.27,61.27,False,False,False,False,False,False,False,False,False,2026-10-08
0784,0784.HK,AILIFE INTL,爱生命国际,4.48,"10,000",Equity,Equity Securities (Main Board),0.56,0.56,0.56,0.56,60000,0.03,0.566,0.571,-1.06,-1.93,-1.75,-1.75,-1.75,1.35,1.35,3.07,1.35,1.35,-58.52,-58.52,-81.76,58.52,58.52,False,False,False,False,False,False,False,False,False,2026-10-08
0788,0788.HK,CHINA TOWER,中国铁塔,423.71,500,Equity,Equity Securities (Main Board),9.08,8.985,9.12,8.95,31697731,287.82,8.884,8.93,2.21,1.67,1.17,4.13,0.94,11.76,12.85,23.3,11.76,12.85,-22.45,-29.03,-60.86,22.79,29.34,True,False,False,False,False,False,False,False,False,2026-10-08
0789,0789.HK,ARTINI HLDG,雅天妮集团,4.49,"5,000",Equity,Equity Securities (Main Board),1.695,1.75,1.75,1.75,5000,0.01,1.623,1.438,4.44,17.87,-3.14,7.96,13.0,2.33,4.5,4.5,2.33,4.5,-24.73,-61.11,-61.11,27.1,62.33,False,False,False,False,False,False,False,False,False,2026-10-08
0797,0797.HK,7ROAD,第七大道,25.58,"2,000",Equity,Equity Securities (Main Board),1.02,0.995,1.02,0.98,256000,0.26,1.014,1.016,0.59,0.39,2.51,0.0,-0.49,1.89,3.2,3.34,1.89,3.2,-46.03,-68.13,-69.46,46.03,68.13,False,False,False,True,False,False,False,False,False,2026-10-08
0799,0799.HK,IGG,IGG,33.9,"1,000",Equity,Equity Securities (Main Board),2.96,3.015,3.035,2.955,1455000,4.31,2.993,3.025,-1.1,-2.15,-1.33,-1.5,-4.05,4.02,5.82,15.12,4.02,5.82,-24.5,-47.85,-79.93,26.37,49.14,False,False,False,False,False,False,False,False,False,2026-10-08
0800,0800.HK,WERIDE-W,文远知行－Ｗ,113.43,100,Equity,Equity Securities (Main Board),12.17,13.33,13.4,12.1,4190400,51.0,13.066,13.995,-6.86,-13.04,-9.85,-7.1,-13.13,25.98,25.98,25.98,25.98,25.98,-48.42,-48.42,-48.42,53.16,53.16,False,False,False,False,False,False,False,False,False,2026-10-08
0804,0804.HK,PINESTONE,鼎石资本,11.15,"5,000",Equity,Equity Securities (Main Board),16.2,16.7,16.7,16.0,137500,2.23,16.152,16.055,0.3,0.9,1.25,-0.06,2.34,17.17,17.17,93.4,17.17,17.17,-2.74,-2.74,-82.12,5.65,5.65,False,False,False,True,False,False,False,True,True,2026-10-08
0805,0805.HK,NEW GONOW RV,新吉奥房车,122.88,"2,000",Equity,Equity Securities (Main Board),12.8,12.84,13.5,12.4,6890000,88.19,12.41,11.82,3.14,8.3,-0.7,12.28,1.59,13.1,13.1,13.1,13.5,13.5,3.05,3.05,3.05,5.19,5.19,False,False,True,False,True,True,True,True,True,2026-10-08
0806,0806.HK,VALUE PARTNERS,惠理集团,34.25,"1,000",Equity,Equity Securities (Main Board),1.875,1.9,1.92,1.875,3004000,5.63,1.872,1.894,0.16,-1.0,-1.32,0.0,-0.27,2.72,3.03,10.28,2.72,3.03,-29.41,-36.63,-81.32,31.07,38.12,False,False,False,False,False,False,False,False,False,2026-10-08
0807,0807.HK,SIICENVIRONMENT,上海实业环境,24.86,"1,000",Equity,Equity Securities (Main Board),0.965,0.96,0.97,0.96,267102,0.26,0.957,0.952,0.84,1.31,0.52,0.52,1.05,1.14,1.25,3.25,1.14,1.25,-14.91,-22.4,-70.15,15.35,22.8,False,False,False,False,False,False,False,False,False,2026-10-08
0810,0810.HK,CH CASTSON 81,中国铸晨８１,0.69,"6,000",Equity,Investment Companies,0.097,0.096,0.097,0.096,120000,0.01,0.095,0.097,2.32,0.41,4.3,4.3,1.04,0.17,1.01,25.4,0.17,1.01,-42.94,-90.4,-99.62,42.94,90.4,False,False,False,True,False,False,False,False,False,2026-10-08
0811,0811.HK,XINHUA WINSHARE,新华文轩,35.05,"1,000",Equity,Equity Securities (Main Board),7.93,7.98,8.055,7.84,2709000,21.48,7.903,7.995,0.34,-0.82,-1.25,0.89,-1.31,11.15,12.4,12.4,11.15,12.4,-27.76,-35.04,-35.04,28.88,36.05,False,False,True,False,False,False,False,False,False,2026-10-08
0813,0813.HK,SHIMAO GROUP,世茂集团,7.06,500,Equity,Equity Securities (Main Board),0.068,0.065,0.074,0.065,284505200,19.35,0.055,0.048,23.19,42.56,4.62,44.68,61.9,0.28,3.54,38.28,0.28,3.54,-73.09,-97.91,-99.81,75.27,98.08,True,True,False,False,False,False,False,False,False,2026-10-08
0815,0815.HK,CHI SILVER GP,中国白银集团,8.33,"2,000",Equity,Equity Securities (Main Board),0.211,0.218,0.22,0.21,17590000,3.71,0.219,0.222,-3.74,-4.87,-3.21,-6.64,-6.22,0.86,0.93,2.8,0.86,0.93,-74.42,-76.34,-92.14,75.47,77.31,False,False,False,False,False,False,False,False,False,2026-10-08
0816,0816.HK,JINMAO SERVICES,金茂服务,19.44,500,Equity,Equity Securities (Main Board),2.15,2.18,2.205,2.14,263556,0.57,2.166,2.159,-0.74,-0.39,-1.38,0.0,-1.6,2.83,3.55,7.4,2.83,3.55,-22.08,-37.89,-70.2,24.03,39.44,False,False,False,False,False,False,False,False,False,2026-10-08
0817,0817.HK,CHINA JINMAO,中国金茂,178.36,"2,000",Equity,Equity Securities (Main Board),1.32,1.315,1.37,1.305,44826455,59.17,1.3,1.288,1.54,2.52,0.38,2.72,0.0,2.04,2.04,6.23,2.04,2.04,-32.84,-32.84,-77.99,35.29,35.29,True,False,False,False,False,False,False,False,False,2026-10-08
0818,0818.HK,HI SUN TECH,高阳科技,9.02,"3,000",Equity,Equity Securities (Main Board),0.325,0.33,0.33,0.32,156000,0.05,0.331,0.331,-1.81,-1.81,1.56,-2.99,-7.14,0.54,0.73,3.25,0.54,0.73,-38.89,-54.79,-89.85,39.81,55.48,False,False,False,False,False,False,False,False,False,2026-10-08
0819,0819.HK,TIANNENG POWER,天能动力,41.39,"2,000",Equity,Equity Securities (Main Board),3.675,3.745,3.785,3.675,5210000,19.15,3.728,3.79,-1.42,-3.03,-0.94,-1.47,-5.04,8.35,9.89,22.55,8.35,9.89,-54.67,-61.73,-83.22,55.99,62.84,False,False,False,False,False,False,False,False,False,2026-10-08
0821,0821.HK,VC HOLDINGS,汇盈控股,2.13,"8,000",Equity,Equity Securities (Main Board),0.575,0.59,0.685,0.54,9916800,5.7,0.541,0.479,6.28,19.92,-8.0,19.79,36.9,0.63,1.69,33.9,0.69,1.69,8.73,-59.47,-97.98,16.06,65.98,False,False,False,False,True,False,False,False,False,2026-10-08
0822,0822.HK,KA SHUI INT'L,嘉瑞国际,2.64,"2,000",Equity,Equity Securities (Main Board),0.295,0.28,0.295,0.28,72000,0.02,0.291,0.295,1.37,-0.0,1.72,1.72,0.0,0.44,0.44,1.32,0.44,0.44,-32.95,-32.95,-77.65,32.95,32.95,False,False,False,False,False,False,False,False,False,2026-10-08
0825,0825.HK,NWDS CHINA,新世界百货中国,4.3,"1,000",Equity,Equity Securities (Main Board),0.255,0.25,0.255,0.245,345000,0.09,0.253,0.256,0.79,-0.58,2.0,0.0,0.0,0.42,0.53,2.19,0.42,0.53,-39.29,-51.89,-88.36,39.29,51.89,False,False,False,False,False,False,False,False,False,2026-10-08
0826,0826.HK,TIANGONG INT'L,天工国际,79.57,"2,000",Equity,Equity Securities (Main Board),2.92,3.06,3.06,2.91,8160000,23.83,2.999,2.982,-2.63,-2.08,-4.42,-2.67,-1.02,4.54,4.54,5.66,4.54,4.54,-32.6,-32.6,-45.94,35.68,35.68,False,False,False,False,False,False,False,False,False,2026-10-08
0827,0827.HK,KO YO GROUP,玖源集团,2.32,"4,000",Equity,Equity Securities (Main Board),0.033,0.038,0.038,0.033,3260000,0.11,0.037,0.039,-11.76,-15.38,-13.16,-15.38,-13.16,0.09,0.12,0.41,0.09,0.12,-56.32,-68.85,-90.73,62.07,72.95,False,False,False,False,False,False,False,False,False,2026-10-08
0828,0828.HK,DYNASTY WINES,王朝酒业,2.18,"2,000",Equity,Equity Securities (Main Board),0.155,0.161,0.174,0.155,230000,0.04,0.164,0.165,-5.37,-6.12,-3.73,-13.89,-4.32,0.27,0.62,1.44,0.27,0.62,-35.56,-71.94,-87.92,42.59,75.0,False,False,False,False,False,False,False,False,False,2026-10-08
0829,0829.HK,SHENGUAN HLDGS,神冠控股,7.4,"2,000",Equity,Equity Securities (Main Board),0.229,0.233,0.234,0.225,302000,0.07,0.228,0.233,0.35,-1.93,-0.43,1.78,-0.43,0.28,0.34,0.74,0.28,0.34,-14.91,-31.18,-68.38,16.73,32.65,False,False,False,False,False,False,False,False,False,2026-10-08
0830,0830.HK,CSC DEVELOPMENT,中国建筑兴业,13.75,"2,000",Equity,Equity Securities (Main Board),0.61,0.61,0.62,0.61,1178000,0.72,0.656,0.685,-7.01,-11.01,0.0,-10.29,-14.69,1.31,2.65,3.02,1.31,2.65,-52.67,-76.6,-79.47,53.44,76.98,False,False,False,False,False,False,False,False,False,2026-10-08
0831,0831.HK,CR ASIA,利亚零售,3.01,"2,000",Equity,Equity Securities (Main Board),0.385,0.385,0.39,0.38,300000,0.12,0.383,0.388,0.52,-0.9,1.32,1.32,-2.53,0.47,0.79,5.27,0.47,0.79,-16.13,-50.63,-92.6,17.2,51.27,False,False,False,False,False,False,False,False,False,2026-10-08
0832,0832.HK,CENTRAL CHINA,建业地产,1.15,"1,000",Equity,Equity Securities (Main Board),0.038,0.037,0.04,0.037,60000,0.0,0.039,0.039,-3.55,-2.31,-9.52,5.56,-7.32,0.08,0.25,5.11,0.08,0.25,-47.37,-84.0,-99.22,50.0,84.8,False,False,False,False,False,False,False,False,False,2026-10-08
0833,0833.HK,ALLTRONICS,华讯,2.34,"4,000",Equity,Equity Securities (Main Board),0.495,0.51,0.515,0.495,376000,0.19,0.523,0.536,-5.35,-7.65,-2.94,-6.6,-7.48,1.44,1.44,6.34,1.44,1.44,-64.24,-64.24,-91.88,65.63,65.63,False,False,False,False,False,False,False,False,False,2026-10-08
0834,0834.HK,SHENGRONG HLDG,盛融控股,1.01,"4,000",Equity,Equity Securities (Main Board),0.222,0.221,0.222,0.22,216000,0.05,0.222,0.226,-0.18,-1.77,0.45,-0.89,-0.89,0.5,0.82,3.78,0.5,0.82,-55.6,-72.93,-94.13,55.6,72.93,False,False,False,False,False,False,False,False,False,2026-10-08
0836,0836.HK,CHINA RES POWER,华润电力,1020.92,"2,000",Equity,Equity Securities (Main Board),19.72,19.44,19.95,19.02,10601442,209.06,19.648,19.539,0.37,0.93,-0.55,0.87,-0.2,22.16,25.45,28.85,22.16,25.45,-9.97,-21.61,-30.85,11.01,22.51,False,False,False,True,False,False,False,False,False,2026-10-08
0837,0837.HK,CARPENTER TAN,谭木匠,13.31,500,Equity,Equity Securities (Main Board),5.35,5.43,5.43,5.35,122500,0.66,5.421,5.502,-1.31,-2.76,-1.47,-1.92,-2.82,8.05,8.68,8.68,8.05,8.68,-32.55,-37.44,-37.44,33.54,38.36,False,False,False,False,False,False,False,False,False,2026-10-08
0838,0838.HK,EVA HOLDINGS,亿和控股,12.03,"2,000",Equity,Equity Securities (Main Board),0.695,0.7,0.7,0.69,2390000,1.66,0.708,0.708,-1.84,-1.91,-1.42,-2.8,-5.44,1.09,1.32,2.58,1.09,1.32,-35.78,-46.97,-72.87,36.24,47.35,False,False,False,False,False,False,False,False,False,2026-10-08
0839,0839.HK,CHINA EDU GROUP,中教控股,53.77,"1,000",Equity,Equity Securities (Main Board),1.92,2.05,2.05,1.89,9375000,18.0,1.968,1.934,-2.44,-0.72,-7.69,-1.03,0.0,3.36,6.87,20.8,3.36,6.87,-38.99,-70.16,-90.14,42.86,72.05,False,False,False,False,False,False,False,False,False,2026-10-08
0841,0841.HK,CASSAVA RES,木薯资源,0.92,"2,000",Equity,Equity Securities (Main Board),0.158,0.169,0.169,0.158,6000,0.0,0.165,0.169,-4.36,-6.4,-7.06,-7.06,-10.23,0.29,0.3,1.02,0.29,0.3,-41.72,-43.67,-83.43,45.52,47.33,False,False,False,False,False,False,False,False,False,2026-10-08
0842,0842.HK,LEOCH INT'L,理士国际,11.68,"1,000",Equity,Equity Securities (Main Board),0.815,0.81,0.83,0.81,109000,0.09,0.818,0.816,-0.37,-0.12,-1.81,0.62,-0.61,2.6,2.92,2.92,2.6,2.92,-68.08,-71.58,-71.58,68.65,72.09,False,False,False,False,False,False,False,False,False,2026-10-08
0844,0844.HK,GREATIME INTL,广泰国际控股,1.58,"4,000",Equity,Equity Securities (Main Board),0.32,0.325,0.325,0.32,28000,0.01,0.327,0.341,-2.14,-6.02,-3.03,-3.03,-1.54,0.64,0.65,1.68,0.64,0.65,-49.22,-50.0,-80.65,50.0,50.77,False,False,False,False,False,False,False,False,False,2026-10-08
0846,0846.HK,MINGFA GROUP,明发集团,5.61,"1,000",Equity,Equity Securities (Main Board),0.092,0.086,0.095,0.085,625000,0.06,0.09,0.09,2.0,2.56,6.98,1.1,-10.68,0.15,0.36,1.89,0.15,0.36,-35.37,-73.61,-94.97,37.41,74.44,False,False,False,True,False,False,False,False,False,2026-10-08
0848,0848.HK,MAOYE INT'L,茂业国际,9.0,"1,000",Equity,Equity Securities (Main Board),0.175,0.174,0.176,0.172,3985000,0.7,0.174,0.143,0.46,22.21,-0.57,1.16,6.06,0.19,0.22,1.04,0.19,0.22,-5.88,-18.14,-83.08,6.42,18.6,False,False,False,False,False,False,False,True,False,2026-10-08
0852,0852.HK,STRONG PETRO,海峡石油化工,4.42,"2,000",Equity,Equity Securities (Main Board),0.208,0.23,0.23,0.195,616000,0.13,0.216,0.218,-3.79,-4.5,-3.7,-5.88,-0.95,0.5,0.5,1.78,0.5,0.5,-53.54,-53.54,-87.08,57.98,57.98,False,False,False,False,False,False,False,False,False,2026-10-08
0855,0855.HK,CHINA WATER,中国水务,69.62,"2,000",Equity,Equity Securities (Main Board),4.28,4.205,4.315,4.205,742000,3.18,4.223,4.227,1.35,1.25,1.18,2.76,0.12,5.71,7.05,11.56,5.71,7.05,-24.43,-38.79,-62.67,25.04,39.29,False,False,False,True,False,False,False,False,False,2026-10-08
0856,0856.HK,VSTECS,伟仕佳杰,121.67,"2,000",Equity,Equity Securities (Main Board),8.51,8.81,8.885,8.505,2112000,17.97,8.715,8.808,-2.35,-3.38,-3.41,-2.8,-3.73,12.72,12.72,12.72,12.72,12.72,-30.15,-30.15,-30.15,33.1,33.1,False,False,False,False,False,False,False,False,False,2026-10-08
0857,0857.HK,PETROCHINA,中国石油股份,2074.02,"2,000",Equity,Equity Securities (Main Board),9.83,9.505,9.87,9.505,72952746,717.13,9.633,9.626,2.05,2.11,2.56,2.77,1.71,12.22,12.22,12.22,12.22,12.22,-19.23,-19.23,-19.23,19.56,19.56,False,False,False,True,False,False,False,False,False,2026-10-08
0858,0858.HK,EXTRAWELL PHAR,精优药业,2.32,"10,000",Equity,Equity Securities (Main Board),0.08,0.077,0.08,0.076,3700000,0.3,0.077,0.076,4.17,5.4,3.9,8.11,2.56,0.12,0.15,0.47,0.12,0.15,-30.43,-46.31,-82.8,30.43,46.31,False,False,False,False,False,False,False,False,False,2026-10-08
0859,0859.HK,ZHONGCHANG INTL,中昌国际控股,1.19,"2,000",Equity,Equity Securities (Main Board),0.106,0.109,0.11,0.1,36000,0.0,0.108,0.121,-2.03,-12.61,1.92,-0.93,-10.17,0.16,0.27,2.67,0.16,0.27,-30.38,-59.26,-95.88,32.91,60.74,False,False,False,False,False,False,False,False,False,2026-10-08
0860,0860.HK,APOLLO FMG,ＡＰＯＬＬＯ出行,6.03,"4,000",Equity,Equity Securities (Main Board),0.59,0.59,0.59,0.59,64000,0.04,0.584,0.593,1.03,-0.42,-2.48,6.31,6.31,0.76,1.46,42.6,0.76,1.46,-22.37,-59.59,-98.62,22.37,59.59,False,False,False,False,False,False,False,False,False,2026-10-08
0861,0861.HK,DC HOLDINGS,神州控股,36.15,"1,000",Equity,Equity Securities (Main Board),2.16,2.255,2.265,2.15,162000,0.35,2.359,2.503,-8.44,-13.7,-4.21,-14.29,-17.4,3.95,3.98,7.48,3.95,3.98,-42.66,-43.09,-69.72,45.32,45.73,False,False,False,False,False,False,False,False,False,2026-10-08
0862,0862.HK,VISION VALUES,远见控股,3.18,"10,000",Equity,Equity Securities (Main Board),0.81,0.855,0.855,0.81,530000,0.43,0.936,0.979,-13.46,-17.3,-11.96,-17.77,-20.2,2.01,2.01,7.6,2.01,2.01,-57.46,-57.46,-88.75,59.7,59.7,False,False,False,False,False,False,False,False,False,2026-10-08
0863,0863.HK,OSL GROUP,ＯＳＬ集团,93.12,500,Equity,Equity Securities (Main Board),10.32,10.5,10.67,10.18,878500,9.07,10.228,10.117,0.9,2.01,-2.55,1.88,1.67,20.18,20.3,25.0,20.18,20.3,-47.13,-47.44,-57.32,48.86,49.16,False,False,True,False,False,False,False,False,False,2026-10-08
0866,0866.HK,CHINA QINFA,中国秦发,49.66,"2,000",Equity,Equity Securities (Main Board),1.89,1.91,1.95,1.87,1374000,2.6,1.894,1.941,-0.21,-2.6,0.8,-0.26,-3.32,4.34,4.34,4.34,4.34,4.34,-55.07,-55.07,-55.07,56.45,56.45,False,False,False,False,False,False,False,False,False,2026-10-08
0867,0867.HK,CMS,康哲药业,254.02,"1,000",Equity,Equity Securities (Main Board),10.44,10.53,10.86,10.41,2988000,31.19,10.6,10.545,-1.51,-1.0,-1.97,-1.14,-2.52,15.52,15.86,22.8,15.52,15.86,-30.03,-31.53,-52.37,32.73,34.17,False,False,False,False,False,False,False,False,False,2026-10-08
0868,0868.HK,XINYI GLASS,信义玻璃,357.74,"1,000",Equity,Equity Securities (Main Board),8.02,8.015,8.22,7.965,8154360,65.4,7.943,8.001,0.97,0.24,0.06,2.04,-1.66,12.35,12.35,34.2,12.35,12.35,-33.44,-33.44,-75.96,35.06,35.06,True,False,False,True,False,False,False,False,False,2026-10-08
0869,0869.HK,PLAYMATES TOYS,彩星玩具,5.33,"4,000",Equity,Equity Securities (Main Board),0.47,0.47,0.475,0.455,2836000,1.33,0.475,0.47,-1.05,0.0,-2.08,-1.05,2.17,0.5,0.85,1.63,0.5,0.85,-4.04,-44.12,-70.86,5.05,44.71,False,False,False,False,False,False,False,True,False,2026-10-08
0873,0873.HK,SHIMAO SERVICES,世茂服务,8.52,"1,000",Equity,Equity Securities (Main Board),0.345,0.355,0.355,0.345,1239000,0.43,0.353,0.358,-2.27,-3.5,-4.17,-1.43,-4.17,0.69,1.82,27.55,0.69,1.82,-48.55,-80.49,-98.71,50.0,81.04,False,False,False,False,False,False,False,False,False,2026-10-08
0874,0874.HK,BAIYUNSHAN PH,白云山,28.65,"2,000",Equity,Equity Securities (Main Board),13.03,12.98,13.25,12.98,900000,11.73,13.036,13.089,-0.05,-0.45,0.15,0.23,-2.1,19.98,24.2,42.5,19.98,24.2,-33.68,-45.25,-68.82,34.78,46.16,False,False,False,False,False,False,False,False,False,2026-10-08
0875,0875.HK,CONGYU INTE AGR,从玉智农,2.69,"2,000",Equity,Equity Securities (Main Board),0.385,0.34,0.405,0.325,11821300,4.55,0.297,0.277,29.63,39.19,20.31,50.98,45.28,1.85,8.0,48.0,1.85,8.0,-78.11,-94.94,-99.16,79.19,95.19,True,False,False,False,False,False,False,False,False,2026-10-08
0876,0876.HK,QH BIO PHARMA,青海生物制药,1.7,"2,000",Equity,Equity Securities (Main Board),1.64,1.61,1.64,1.5,23600,0.04,1.756,1.731,-6.61,-5.26,-7.34,-8.89,-8.89,10.95,10.95,29.5,10.95,10.95,-85.02,-85.02,-94.44,85.02,85.02,False,False,False,False,False,False,False,False,False,2026-10-08
0878,0878.HK,SOUNDWILL HOLD,金朝阳集团,17.08,500,Equity,Equity Securities (Main Board),6.03,6.05,6.05,6.005,12000,0.07,6.034,6.037,-0.07,-0.11,-0.33,-0.33,-0.99,7.4,8.26,20.55,7.4,8.26,-18.24,-26.76,-70.56,18.51,27.0,False,False,False,False,False,False,False,False,False,2026-10-08
0880,0880.HK,SJM HOLDINGS,澳博控股,90.9,"1,000",Equity,Equity Securities (Main Board),1.28,1.315,1.36,1.275,11286750,14.45,1.293,1.348,-1.01,-5.04,-0.78,-0.78,-7.91,2.52,3.54,11.15,2.52,3.54,-46.03,-61.58,-87.81,49.21,63.84,False,False,False,False,False,False,False,False,False,2026-10-08
0881,0881.HK,ZHONGSHENG HLDG,中升控股,57.87,500,Equity,Equity Securities (Main Board),2.445,2.51,2.545,2.425,11783500,28.81,2.522,2.666,-3.05,-8.29,-0.81,-4.49,-9.44,13.03,21.3,77.6,13.03,21.3,-80.47,-88.05,-96.72,81.24,88.52,False,False,False,False,False,False,False,False,False,2026-10-08
0882,0882.HK,TIANJIN DEV,天津发展,21.51,"2,000",Equity,Equity Securities (Main Board),2.005,2.02,2.02,2.005,264000,0.53,2.007,2.023,-0.1,-0.87,-0.74,0.25,-1.47,2.76,2.98,5.02,2.76,2.98,-26.81,-32.21,-59.76,27.36,32.72,False,False,False,False,False,False,False,False,False,2026-10-08
0883,0883.HK,CNOOC,中国海洋石油,10707.4,"1,000",Equity,Equity Securities (Main Board),24.04,23.62,24.4,23.62,79513694,1911.51,23.588,23.652,1.92,1.64,2.21,2.65,0.33,30.98,30.98,30.98,30.98,30.98,-21.24,-21.24,-21.24,22.4,22.4,True,False,False,True,False,False,False,False,False,2026-10-08
0884,0884.HK,CIFI HOLD GP,旭辉控股集团,6.47,"2,000",Equity,Equity Securities (Main Board),0.033,0.035,0.039,0.032,229132000,7.56,0.031,0.032,5.77,4.1,-5.71,10.0,-2.94,0.17,1.0,7.5,0.17,1.0,-77.46,-96.1,-99.48,80.92,96.7,False,False,False,False,False,False,False,False,False,2026-10-08
0887,0887.HK,EMPEROR WATCH&J,英皇钟表珠宝,21.77,"10,000",Equity,Equity Securities (Main Board),0.3,0.31,0.31,0.295,9560000,2.87,0.291,0.288,3.09,4.17,-1.64,7.14,5.26,0.4,0.65,0.65,0.4,0.65,-21.52,-52.31,-52.31,24.05,53.85,False,False,False,False,False,False,False,False,False,2026-10-08
0889,0889.HK,DATRONIX HOLD,连达科技控股,1.22,"2,000",Equity,Equity Securities (Main Board),0.38,0.37,0.39,0.37,338000,0.13,0.362,0.368,4.97,3.12,2.7,8.57,-2.56,1.35,1.35,1.46,1.35,1.35,-71.11,-71.11,-73.29,71.85,71.85,False,False,False,False,False,False,False,False,False,2026-10-08
0893,0893.HK,CHINAVTM MINING,中国铁钛,1.42,"1,000",Equity,Equity Securities (Main Board),0.063,0.064,0.064,0.064,5000,0.0,0.062,0.063,1.61,0.16,3.28,1.61,0.0,0.11,0.15,0.47,0.11,0.15,-41.28,-57.33,-86.53,42.2,58.0,False,False,False,False,False,False,False,False,False,2026-10-08
0894,0894.HK,MAN YUE TECH,万裕科技,8.92,"2,000",Equity,Equity Securities (Main Board),1.86,2.03,2.065,1.85,2106000,3.92,1.978,1.964,-5.97,-5.3,-8.37,-7.0,-6.53,8.58,8.58,8.58,8.58,8.58,-75.93,-75.93,-75.93,78.32,78.32,False,False,False,False,False,False,False,False,False,2026-10-08
0895,0895.HK,DONGJIANG ENV,东江环保,3.32,200,Equity,Equity Securities (Main Board),1.66,1.63,1.69,1.6,15726800,26.11,1.613,1.621,2.91,2.41,4.08,4.73,0.61,3.05,3.7,14.02,3.05,3.7,-44.59,-54.32,-87.95,45.57,55.14,False,False,False,True,False,False,False,False,False,2026-10-08
0896,0896.HK,HANISON,兴胜创建,3.0,"2,000",Equity,Equity Securities (Main Board),0.28,0.28,0.28,0.26,104000,0.03,0.275,0.27,1.82,3.9,0.0,3.7,1.82,0.3,1.0,1.47,0.3,1.0,-6.67,-72.0,-80.95,6.67,72.0,False,False,False,True,False,False,False,True,False,2026-10-08
0898,0898.HK,MULTIFIELD INTL,万事昌国际,7.61,"2,000",Equity,Equity Securities (Main Board),0.91,0.91,0.91,0.91,144000,0.13,0.91,0.895,0.0,1.68,0.0,0.0,3.41,1.19,1.25,2.75,1.19,1.25,-23.53,-27.2,-66.91,23.53,27.2,False,False,False,False,False,False,False,False,False,2026-10-08
0899,0899.HK,ZHONG JIA GX,中加国信,1.73,"10,000",Equity,Equity Securities (Main Board),0.365,0.37,0.37,0.35,303324,0.11,0.351,0.331,3.99,10.27,2.82,5.8,14.06,0.38,3.5,31.0,0.38,3.5,-1.33,-89.43,-98.81,2.67,89.57,False,False,False,False,False,False,False,True,False,2026-10-08
0900,0900.HK,AEON CREDIT,AEON CREDIT,37.9,"2,000",Equity,Equity Securities (Main Board),9.05,9.07,9.09,9.04,56696,0.51,9.062,9.08,-0.13,-0.32,-0.22,-0.11,-0.77,9.28,9.28,9.28,9.28,9.28,-2.1,-2.1,-2.1,2.53,2.53,False,False,False,False,False,False,False,True,True,2026-10-08
0901,0901.HK,SDMC,华曦达,123.86,100,Equity,Equity Securities (Main Board),59.15,58.5,62.35,58.5,327900,19.4,59.05,60.59,0.17,-2.38,0.94,1.46,-3.11,88.45,88.45,88.45,88.45,88.45,-29.51,-29.51,-29.51,33.13,33.13,False,False,False,False,False,False,False,False,False,2026-10-08
0902,0902.HK,HUANENG POWER,华能国际电力股份,287.9,"2,000",Equity,Equity Securities (Main Board),6.125,6.06,6.14,5.97,20452164,125.27,6.091,5.966,0.56,2.67,-0.24,1.07,1.49,7.63,7.63,7.63,7.63,7.63,-19.53,-19.53,-19.53,19.72,19.72,False,False,False,False,False,False,False,False,False,2026-10-08
0905,0905.HK,WALNUT CAP,胡桃资本,1.46,"16,000",Equity,Investment Companies,0.139,0.136,0.139,0.135,112000,0.02,0.145,0.152,-3.87,-8.79,-2.8,-5.44,-10.32,1.8,2.45,2.45,1.8,2.45,-92.28,-94.33,-94.33,92.28,94.33,False,False,False,False,False,False,False,False,False,2026-10-08
0909,0909.HK,MING YUAN CLOUD,明源云,15.72,"1,000",Equity,Equity Securities (Main Board),0.835,0.88,0.88,0.81,5688000,4.75,0.862,0.896,-3.13,-6.76,-2.34,-4.57,-8.24,3.7,4.83,60.8,3.7,4.83,-76.22,-81.78,-98.55,77.43,82.71,False,False,False,False,False,False,False,False,False,2026-10-08
0911,0911.HK,QIANHAI HEALTH,前海健康,0.61,"10,000",Equity,Equity Securities (Main Board),0.36,0.36,0.36,0.36,10900,0.0,0.388,0.384,-7.22,-6.13,-8.86,-8.86,-8.86,1.4,1.4,19.5,1.4,1.4,-74.29,-74.29,-98.15,74.29,74.29,False,False,False,False,False,False,False,False,False,2026-10-08
0912,0912.HK,SUGA INT'L,信佳国际,3.15,"2,000",Equity,Equity Securities (Main Board),1.105,1.105,1.105,1.105,4000,0.0,1.079,1.078,2.41,2.55,2.79,3.27,2.79,1.24,1.36,2.98,1.24,1.36,-10.89,-18.75,-62.92,10.89,18.75,False,False,False,False,False,False,False,False,False,2026-10-08
0913,0913.HK,HARBOUR DIGITAL,港湾数字,1.3,"10,000",Equity,Investment Companies,0.146,0.152,0.152,0.146,248000,0.04,0.152,0.153,-4.2,-4.45,-5.19,-5.19,-5.19,0.46,1.01,4.2,0.46,1.01,-66.96,-84.95,-96.38,68.26,85.54,False,False,False,False,False,False,False,False,False,2026-10-08
0914,0914.HK,CONCH CEMENT,海螺水泥,204.91,500,Equity,Equity Securities (Main Board),15.98,15.8,16.24,15.66,5231943,83.61,15.868,15.876,0.71,0.66,1.14,1.14,-1.18,27.14,27.14,62.05,27.14,27.14,-40.16,-40.16,-73.83,41.12,41.12,False,False,False,True,False,False,False,False,False,2026-10-08
0915,0915.HK,DAOHE GLOBAL,道和环球,0.66,"1,000",Equity,Equity Securities (Main Board),0.044,0.049,0.049,0.044,163000,0.01,0.046,0.048,-5.17,-7.95,-6.38,-6.38,-12.0,0.07,0.25,4.52,0.07,0.25,-30.99,-80.78,-98.92,38.03,82.75,False,False,False,False,False,False,False,False,False,2026-10-08
0916,0916.HK,CHINA LONGYUAN,龙源电力,177.17,"1,000",Equity,Equity Securities (Main Board),5.34,5.3,5.42,5.25,21263059,113.54,5.246,5.261,1.79,1.51,1.23,4.3,-1.11,8.57,8.66,20.25,8.57,8.66,-36.76,-37.41,-73.23,37.69,38.34,False,False,False,True,False,False,False,False,False,2026-10-08
0917,0917.HK,QUNABOX GROUP,趣致集团,17.02,100,Equity,Equity Securities (Main Board),6.425,6.78,6.9,6.425,3655400,23.49,6.815,6.986,-5.72,-8.03,-3.02,-6.75,-6.82,37.0,137.0,137.0,37.0,137.0,-81.35,-94.96,-94.96,82.64,95.31,False,False,False,False,False,False,False,False,False,2026-10-08
0918,0918.HK,MAJESTIC DRAGON,龙翼航空科技,16.27,"6,000",Equity,Equity Securities (Main Board),1.46,1.52,1.52,1.37,840000,1.23,1.377,1.376,6.03,6.07,-3.95,2.1,52.88,3.2,3.2,5.57,3.2,3.2,-52.5,-52.5,-72.72,54.37,54.37,False,False,False,True,False,False,False,False,False,2026-10-08
0919,0919.HK,MODERNHEALTHTEC,现代健康科技,0.72,"4,000",Equity,Equity Securities (Main Board),0.08,0.081,0.081,0.076,896000,0.07,0.081,0.081,-1.23,-0.74,-1.23,-1.23,-1.23,0.12,0.15,0.43,0.12,0.15,-29.57,-46.71,-81.16,30.43,47.37,False,False,False,False,False,False,False,False,False,2026-10-08
0921,0921.HK,HISENSE HA,海信家电,98.35,"1,000",Equity,Equity Securities (Main Board),21.4,21.2,21.68,20.98,1082000,23.15,21.2,21.312,0.94,0.41,1.42,1.42,-1.56,27.48,39.5,39.5,27.48,39.5,-21.11,-45.11,-45.11,22.13,45.82,False,False,False,True,False,False,False,False,False,2026-10-08
0922,0922.HK,ANXIANYUAN CH,安贤园中国,2.24,"10,000",Equity,Equity Securities (Main Board),0.101,0.101,0.103,0.101,140000,0.01,0.103,0.102,-1.56,-1.17,-1.94,-1.94,-0.98,0.14,0.2,1.3,0.14,0.2,-26.43,-48.5,-92.08,27.86,49.5,False,False,False,False,False,False,False,False,False,2026-10-08
0923,0923.HK,IWS,综合环保集团,0.68,"2,000",Equity,Equity Securities (Main Board),0.014,0.013,0.014,0.013,2416000,0.03,0.013,0.014,4.48,-2.78,7.69,7.69,-6.67,0.02,0.04,0.22,0.02,0.04,-36.36,-66.67,-93.55,36.36,66.67,False,False,False,False,False,False,False,False,False,2026-10-08
0927,0927.HK,FUJIKON IND,富士高实业,2.17,"2,000",Equity,Equity Securities (Main Board),0.425,0.43,0.43,0.425,26000,0.01,0.428,0.441,-0.7,-3.52,0.0,-1.16,-1.16,0.7,0.86,1.63,0.7,0.86,-38.57,-50.0,-73.62,39.29,50.58,False,False,False,False,False,False,False,False,False,2026-10-08
0929,0929.HK,IPE GROUP,国际精密,5.37,"5,000",Equity,Equity Securities (Main Board),0.51,0.535,0.54,0.51,450000,0.23,0.519,0.519,-1.73,-1.83,-3.77,0.0,-1.92,1.4,1.4,2.35,1.4,1.4,-61.43,-61.43,-77.02,63.57,63.57,False,False,False,False,False,False,False,False,False,2026-10-08
0931,0931.HK,CHINA HK POWER,中国港能,25.19,"2,000",Equity,Equity Securities (Main Board),0.305,0.305,0.31,0.295,1908000,0.58,0.309,0.313,-1.29,-2.56,0.0,-1.61,-3.17,0.6,0.76,2.32,0.6,0.76,-48.33,-59.21,-86.64,49.17,59.87,False,False,False,False,False,False,False,False,False,2026-10-08
0932,0932.HK,SHUNTEN INTL,顺腾国际控股,0.93,"4,000",Equity,Equity Securities (Main Board),0.03,0.03,0.03,0.03,292000,0.01,0.031,0.03,-1.96,-1.64,0.0,-3.23,-3.23,0.04,0.07,1.97,0.04,0.07,-25.0,-55.88,-98.48,25.0,55.88,False,False,False,False,False,False,False,False,False,2026-10-08
0933,0933.HK,VIVA GOODS,非凡领越,33.86,"8,000",Equity,Equity Securities (Main Board),0.34,0.34,0.35,0.335,704000,0.24,0.344,0.354,-1.16,-3.95,-1.45,3.03,-5.56,0.71,1.28,1.97,0.71,1.28,-50.7,-72.66,-82.23,52.11,73.44,False,False,False,False,False,False,False,False,False,2026-10-08
0934,0934.HK,SINOPEC KANTONS,中石化冠德,93.6,"2,000",Equity,Equity Securities (Main Board),3.765,3.705,3.765,3.695,1566000,5.9,3.71,3.688,1.48,2.1,0.27,2.59,2.03,4.52,5.01,5.56,4.52,5.01,-16.7,-24.85,-32.28,16.7,24.85,True,False,False,False,False,False,False,False,False,2026-10-08
0936,0936.HK,KAISA CAPITAL,佳兆业资本,2.81,"10,000",Equity,Equity Securities (Main Board),0.265,0.285,0.29,0.265,400000,0.11,0.282,0.275,-6.03,-3.64,-3.64,-10.17,-7.02,0.49,1.35,1.49,0.49,1.35,-40.21,-78.52,-80.54,45.36,80.37,False,False,False,False,False,False,False,False,False,2026-10-08
0938,0938.HK,MAN SANG INT'L,民生国际,2.56,"2,000",Equity,Equity Securities (Main Board),0.395,0.385,0.395,0.37,116000,0.05,0.389,0.391,1.54,1.02,1.28,2.6,-2.47,0.64,1.38,3.65,0.64,1.38,-38.28,-71.38,-89.18,38.28,71.38,False,False,False,True,False,False,False,False,False,2026-10-08
0939,0939.HK,CCB,建设银行,23236.33,"1,000",Equity,Equity Securities (Main Board),9.665,9.6,9.78,9.58,224165410,2166.56,9.602,9.641,0.66,0.25,0.36,1.63,-1.58,9.9,9.9,9.9,9.9,9.9,-1.21,-1.21,-1.21,2.37,2.37,False,False,False,True,False,False,False,True,True,2026-10-08
0941,0941.HK,CHINA MOBILE,中国移动,16509.74,500,Equity,Equity Securities (Main Board),79.4,79.0,80.15,79.0,15909406,1263.21,79.01,79.045,0.49,0.45,0.44,0.63,-0.06,88.05,90.6,97.5,88.05,90.6,-8.97,-11.53,-17.79,9.82,12.36,False,False,True,True,False,False,False,True,False,2026-10-08
0945,0945.HK,MANULIFE-S,宏利金融－Ｓ,5379.77,100,Equity,Equity Securities (Main Board),325.2,327.8,328.2,324.6,9897,3.22,333.16,337.22,-2.39,-3.56,-2.81,-2.87,-4.97,352.0,352.0,352.0,352.0,352.0,-6.76,-6.76,-6.76,7.61,7.61,False,False,False,False,False,False,False,True,True,2026-10-08
0947,0947.HK,MOBI DEV,摩比发展,1.3,"1,000",Equity,Equity Securities (Main Board),0.163,0.164,0.164,0.163,27000,0.0,0.165,0.17,-0.97,-4.17,3.82,-2.98,-4.68,0.44,0.44,1.74,0.44,0.44,-62.3,-62.3,-90.57,62.53,62.53,False,False,False,False,False,False,False,False,False,2026-10-08
0950,0950.HK,LEE'S PHARM,李氏大药厂,6.71,500,Equity,Equity Securities (Main Board),1.14,1.18,1.19,1.14,385500,0.44,1.166,1.179,-2.23,-3.35,-3.39,-1.3,-5.0,1.69,2.7,14.7,1.69,2.7,-29.59,-55.93,-91.9,32.54,57.78,False,False,False,False,False,False,False,False,False,2026-10-08
0951,0951.HK,CHAOWEI POWER,超威动力,12.59,"1,000",Equity,Equity Securities (Main Board),1.14,1.11,1.15,1.105,396000,0.45,1.136,1.127,0.35,1.11,0.44,0.44,1.33,2.61,2.61,7.82,2.61,2.61,-55.94,-55.94,-85.29,56.32,56.32,False,False,True,True,False,False,False,False,False,2026-10-08
0952,0952.HK,QUAM PLUS FIN,华富建业金融,5.58,"10,000",Equity,Equity Securities (Main Board),0.09,0.09,0.09,0.09,30000,0.0,0.092,0.092,-1.75,-1.96,-2.17,-2.17,-2.17,0.15,0.35,1.54,0.15,0.35,-39.6,-74.29,-94.15,39.6,74.29,False,False,False,False,False,False,False,False,False,2026-10-08
0953,0953.HK,SHAW BROTHERS,邵氏兄弟控股,1.77,"2,000",Equity,Equity Securities (Main Board),0.125,0.125,0.127,0.122,246000,0.03,0.132,0.137,-5.02,-9.09,-3.85,-7.41,-10.71,0.4,0.4,1.13,0.4,0.4,-68.25,-68.25,-88.76,68.75,68.75,False,False,False,False,False,False,False,False,False,2026-10-08
0954,0954.HK,CHANGMAO BIO,常茂生物,0.52,"4,000",Equity,Equity Securities (Main Board),0.285,0.238,0.29,0.216,196000,0.06,0.234,0.228,21.9,24.78,29.55,27.8,27.8,0.36,0.61,1.36,0.36,0.61,-19.44,-52.46,-78.68,20.83,53.28,False,False,False,True,False,False,False,False,False,2026-10-08
0956,0956.HK,CHINA SUNTIEN,新天绿色能源,72.53,"1,000",Equity,Equity Securities (Main Board),3.38,3.315,3.41,3.315,6028920,20.38,3.291,3.29,2.7,2.74,2.42,4.16,1.81,4.66,4.78,8.23,4.66,4.78,-26.82,-28.66,-58.57,27.47,29.29,True,False,False,False,False,False,False,False,False,2026-10-08
0960,0960.HK,LONGFOR GROUP,龙湖集团,375.45,500,Equity,Equity Securities (Main Board),5.29,5.33,5.535,5.285,48274293,255.37,5.322,5.431,-0.6,-2.6,0.38,-0.09,-7.11,10.83,20.15,53.6,10.83,20.15,-48.89,-72.53,-89.67,51.15,73.75,False,False,False,False,False,False,False,False,False,2026-10-08
0966,0966.HK,CHINA TAIPING,中国太平,673.88,200,Equity,Equity Securities (Main Board),18.75,19.0,19.23,18.68,4765441,89.35,19.012,19.488,-1.38,-3.79,-1.26,-1.99,-4.92,25.96,25.96,36.1,25.96,25.96,-25.92,-25.92,-46.73,27.77,27.77,False,False,False,False,False,False,False,False,False,2026-10-08
0968,0968.HK,XINYI SOLAR,信义光能,171.24,"2,000",Equity,Equity Securities (Main Board),1.875,1.9,1.955,1.87,38189399,71.61,1.887,1.904,-0.64,-1.52,-2.09,-0.53,-3.85,3.73,6.82,24.8,3.73,6.82,-47.59,-71.33,-92.12,49.73,72.51,False,False,False,False,False,False,False,False,False,2026-10-08
0969,0969.HK,HUA LIEN INT'L,华联国际,2.54,"2,000",Equity,Equity Securities (Main Board),0.116,0.116,0.116,0.116,32000,0.0,0.12,0.118,-3.01,-1.36,0.0,-6.45,-3.33,0.3,0.35,0.35,0.3,0.35,-61.33,-66.86,-66.86,61.33,66.86,False,False,False,False,False,False,False,False,False,2026-10-08
0970,0970.HK,NEW SPARKLEROLL,新耀莱,2.03,"2,000",Equity,Equity Securities (Main Board),0.3,0.27,0.27,0.27,8000,0.0,0.3,0.317,0.0,-5.36,0.0,0.0,-3.23,0.55,3.26,15.04,0.55,3.26,-50.91,-91.72,-98.2,45.45,90.8,False,False,False,False,False,False,False,False,False,2026-10-08
0975,0975.HK,MONGOL MINING,MONGOL MINING,85.61,"3,000",Equity,Equity Securities (Main Board),8.345,8.415,8.725,8.29,2145000,17.9,8.427,8.518,-0.97,-2.03,-0.48,-0.83,-4.03,14.58,14.78,14.78,14.58,14.78,-40.16,-40.97,-40.97,42.76,43.54,False,False,False,False,False,False,False,False,False,2026-10-08
0978,0978.HK,CHI MER LAND,招商局置地,11.72,"2,000",Equity,Equity Securities (Main Board),0.239,0.243,0.27,0.238,3096000,0.74,0.239,0.238,-0.0,0.29,-0.42,1.27,-2.05,0.31,0.56,1.92,0.31,0.56,-11.48,-51.79,-85.94,21.64,57.32,False,False,False,False,False,False,False,False,False,2026-10-08
0979,0979.HK,GREEN ENERGY GP,绿色能源科技集团,4.98,"2,000",Equity,Equity Securities (Main Board),0.36,0.37,0.37,0.35,626000,0.23,0.379,0.385,-5.01,-6.61,-2.7,-6.49,-10.0,0.56,0.56,0.69,0.56,0.56,-33.93,-33.93,-46.38,35.71,35.71,False,False,False,False,False,False,False,False,False,2026-10-08
0980,0980.HK,LIANHUA,联华超市,0.91,"1,000",Equity,Equity Securities (Main Board),0.245,0.25,0.28,0.225,681000,0.17,0.274,0.299,-10.58,-18.06,-2.0,-22.22,-18.33,0.5,0.55,4.53,0.5,0.55,-44.55,-49.09,-93.82,51.49,55.45,False,False,False,False,False,False,False,False,False,2026-10-08
0981,0981.HK,SMIC,中芯国际,3416.28,500,Equity,Equity Securities (Main Board),56.8,60.4,60.85,56.6,77622763,4408.97,60.16,61.07,-5.59,-6.99,-6.73,-7.34,-6.35,93.0,93.5,93.5,93.0,93.5,-34.57,-34.92,-34.92,38.92,39.25,False,False,False,False,False,False,False,False,False,2026-10-08
0983,0983.HK,SOCAM DEV,瑞安建业,2.67,"2,000",Equity,Equity Securities (Main Board),0.715,0.79,0.79,0.715,156000,0.11,0.732,0.628,-2.32,13.76,-10.63,0.0,30.0,0.85,0.85,3.15,0.85,0.85,-7.06,-7.06,-74.92,15.88,15.88,False,False,False,False,False,False,False,False,False,2026-10-08
0984,0984.HK,AEON STORES,永旺,0.68,500,Equity,Equity Securities (Main Board),0.26,0.26,0.26,0.26,20000,0.01,0.256,0.255,1.56,1.76,-3.7,8.33,1.96,0.42,0.8,8.0,0.42,0.8,-38.1,-67.5,-96.75,38.1,67.5,False,False,False,False,False,False,False,False,False,2026-10-08
0986,0986.HK,DUFU LIQUOR GP,杜甫酒业集团,0.16,"5,000",Equity,Equity Securities (Main Board),0.105,0.096,0.108,0.094,740070,0.08,0.104,0.11,0.77,-4.2,2.94,3.96,-3.67,0.97,1.68,14.83,0.97,1.68,-88.87,-93.57,-99.27,89.18,93.75,False,False,False,False,False,False,False,False,False,2026-10-08
0987,0987.HK,CH RENEW EN INV,中国再生能源投资,5.29,"2,000",Equity,Equity Securities (Main Board),0.211,0.21,0.215,0.21,672735,0.14,0.213,0.215,-1.03,-1.95,-3.21,0.0,-4.95,0.24,0.24,0.44,0.24,0.24,-11.89,-11.89,-50.57,13.52,13.52,False,False,False,False,False,False,False,False,False,2026-10-08
0989,0989.HK,CHINA CBS INTL,中国长白山国际,28.42,"10,000",Equity,Equity Securities (Main Board),0.53,0.5,0.53,0.5,28000,0.01,0.539,0.544,-1.67,-2.48,-6.19,9.28,-5.36,0.98,4.04,46.6,0.98,4.04,-45.92,-86.88,-98.86,45.92,86.88,False,False,False,False,False,False,False,False,False,2026-10-08
0990,0990.HK,DEEP SOURCE,至源控股,84.92,"10,000",Equity,Equity Securities (Main Board),0.575,0.57,0.595,0.56,24860000,14.29,0.552,0.559,4.17,2.95,3.6,5.5,1.77,0.97,0.99,1.7,0.97,0.99,-38.66,-39.9,-65.0,40.72,41.92,False,False,False,False,False,False,False,False,False,2026-10-08
0991,0991.HK,DATANG POWER,大唐发电,164.38,"2,000",Equity,Equity Securities (Main Board),2.69,2.695,2.74,2.64,26412000,71.05,2.691,2.645,-0.04,1.72,-1.1,0.94,0.75,3.61,3.61,3.61,3.61,3.61,-24.1,-24.1,-24.1,25.48,25.48,False,False,False,False,False,False,False,False,False,2026-10-08
0992,0992.HK,LENOVO GROUP,联想集团,4145.38,"2,000",Equity,Equity Securities (Main Board),32.32,35.16,35.22,32.18,92790352,2998.98,34.624,35.182,-6.65,-8.13,-8.08,-10.02,-6.43,37.88,37.88,37.88,37.88,37.88,-7.02,-7.02,-7.02,14.68,14.68,False,False,False,False,False,False,False,False,False,2026-10-08
0993,0993.HK,XINKONG INT CAP,信控国际资本,7.75,"1,000",Equity,Equity Securities (Main Board),0.089,0.087,0.09,0.087,225450,0.02,0.092,0.095,-3.68,-6.02,-3.26,-4.3,-9.18,0.16,1.0,3.49,0.16,1.0,-41.94,-91.0,-97.42,42.58,91.1,False,False,False,False,False,False,False,False,False,2026-10-08
0994,0994.HK,CT VISION,中天宏信,3.87,"4,000",Equity,Equity Securities (Main Board),0.3,0.285,0.3,0.27,2492000,0.75,0.304,0.305,-1.32,-1.64,0.0,-3.23,-3.23,0.6,0.6,2.74,0.6,0.6,-50.0,-50.0,-89.05,50.0,50.0,False,False,False,False,False,False,False,False,False,2026-10-08
0995,0995.HK,ANHUIEXPRESSWAY,安徽皖通高速公路,84.71,"2,000",Equity,Equity Securities (Main Board),15.6,15.48,15.88,15.46,2050000,31.98,15.294,15.32,2.0,1.83,1.96,2.97,1.63,18.3,18.3,18.3,18.3,18.3,-13.22,-13.22,-13.22,14.75,14.75,False,False,False,False,False,False,False,False,False,2026-10-08
0997,0997.HK,CHINLINK INTL,普汇中金国际,0.22,"8,000",Equity,Equity Securities (Main Board),0.019,0.018,0.02,0.018,696000,0.01,0.019,0.019,-1.04,-2.06,0.0,0.0,0.0,0.04,0.05,12.99,0.04,0.05,-48.72,-59.18,-99.85,51.28,61.22,False,False,False,False,False,False,False,False,False,2026-10-08
0998,0998.HK,CITIC BANK,中信银行,1236.71,"1,000",Equity,Equity Securities (Main Board),8.31,8.33,8.495,8.28,35678996,296.49,8.283,8.401,0.33,-1.09,0.61,0.85,-3.15,8.69,8.69,8.69,8.69,8.69,-2.3,-2.3,-2.3,4.43,4.43,False,False,False,False,False,False,False,True,True,2026-10-08
0999,0999.HK,XIAOCAIYUAN,小菜园,105.9,800,Equity,Equity Securities (Main Board),9.09,9.2,9.39,8.93,3558084,32.34,9.06,8.908,0.33,2.04,-2.73,2.36,1.45,9.78,13.02,13.02,9.78,13.02,-3.99,-27.88,-27.88,7.06,30.18,False,False,False,False,False,False,False,True,False,2026-10-08
1000,1000.HK,BEIJING MEDIA,北青传媒,0.25,500,Equity,Equity Securities (Main Board),0.46,0.45,0.455,0.45,12000,0.01,0.482,0.511,-4.56,-9.98,-2.13,-2.13,-17.86,0.93,0.93,4.4,0.93,0.93,-51.08,-51.08,-89.66,50.54,50.54,False,False,False,False,False,False,False,False,False,2026-10-08
1001,1001.HK,HK SH ALLIANCE,沪港联合,2.29,"2,000",Equity,Equity Securities (Main Board),0.36,0.36,0.36,0.36,4000,0.0,0.356,0.358,1.12,0.7,1.41,1.41,1.41,0.44,0.44,1.06,0.44,0.44,-19.1,-19.1,-66.04,19.1,19.1,False,False,False,False,False,False,False,False,False,2026-10-08
1002,1002.HK,V.S. INT'L,威铖国际,1.28,"4,000",Equity,Equity Securities (Main Board),0.046,0.046,0.05,0.046,1504000,0.07,0.046,0.048,-0.43,-4.37,2.22,0.0,-8.0,0.1,0.1,0.43,0.1,0.1,-48.45,-50.98,-88.37,52.58,54.9,False,False,False,False,False,False,False,False,False,2026-10-08
1003,1003.HK,HUANXI MEDIA,欢喜传媒,10.78,"10,000",Equity,Equity Securities (Main Board),0.246,0.248,0.25,0.241,950000,0.23,0.251,0.254,-2.15,-3.0,0.0,-3.53,-7.17,0.4,0.81,3.18,0.4,0.81,-37.5,-69.14,-92.14,38.5,69.63,False,False,False,False,False,False,False,False,False,2026-10-08
1004,1004.HK,C SMARTERENERGY,中国智慧能源,0.87,"10,000",Equity,Equity Securities (Main Board),0.185,0.185,0.185,0.184,100000,0.02,0.197,0.192,-6.09,-3.55,-12.32,-10.19,-5.13,0.64,1.12,28.0,0.64,1.12,-71.09,-83.48,-99.34,71.09,83.48,False,False,False,False,False,False,False,False,False,2026-10-08
1010,1010.HK,SKY BLUE 11,天玺曜１１,0.18,"2,000",Equity,Equity Securities (Main Board),0.04,0.06,0.06,0.04,688000,0.03,0.048,0.051,-16.32,-21.88,-11.11,-20.0,-25.93,0.11,4.33,7.3,0.11,4.33,-45.45,-98.61,-99.18,63.64,99.08,False,False,False,False,False,False,False,False,False,2026-10-08
1011,1011.HK,NT PHARMA,泰凌医药,7.37,"10,000",Equity,Equity Securities (Main Board),0.41,0.41,0.41,0.41,20000,0.01,0.41,0.403,0.0,1.74,0.0,0.0,0.0,0.9,1.4,2.48,0.9,1.4,-54.44,-70.71,-83.47,54.44,70.71,False,False,False,False,False,False,False,False,False,2026-10-08
1013,1013.HK,WAI CHUN GROUP,伟俊集团控股,1.22,"10,000",Equity,Equity Securities (Main Board),0.455,0.425,0.46,0.42,70000,0.03,0.445,0.464,2.25,-1.94,2.25,2.25,9.64,1.55,1.55,6.8,1.55,1.55,-70.32,-70.32,-93.24,70.65,70.65,False,False,True,False,False,False,False,False,False,2026-10-08
1020,1020.HK,CIPRUN TECH,中细软科技,14.24,"4,000",Equity,Equity Securities (Main Board),0.238,0.244,0.244,0.232,12346400,2.94,0.234,0.23,1.54,3.66,-2.46,3.93,7.69,0.55,0.55,0.55,0.55,0.55,-55.64,-55.64,-55.64,56.73,56.73,False,False,False,False,False,False,False,False,False,2026-10-08
1021,1021.HK,HUAYAN ROBOTICS,华沿机器人,43.99,200,Equity,Equity Securities (Main Board),8.16,8.055,9.1,7.5,10499500,85.68,8.001,8.307,1.99,-1.76,3.16,0.55,-1.09,25.12,25.12,25.12,25.12,25.12,-63.77,-63.77,-63.77,67.52,67.52,False,False,False,False,False,False,False,False,False,2026-10-08
1022,1022.HK,FEIYU,飞鱼科技,4.64,"1,500",Equity,Equity Securities (Main Board),0.265,0.285,0.285,0.25,373500,0.1,0.291,0.307,-8.93,-13.68,-10.17,-11.67,-8.62,0.71,1.01,1.48,0.71,1.01,-59.86,-71.78,-80.74,62.68,73.76,False,False,False,False,False,False,False,False,False,2026-10-08
1023,1023.HK,SITOY GROUP,时代集团控股,3.77,"1,000",Equity,Equity Securities (Main Board),0.39,0.395,0.395,0.39,64000,0.02,0.405,0.411,-3.7,-5.11,-7.14,-1.27,-2.5,0.54,0.93,3.02,0.54,0.93,-26.85,-57.53,-86.92,27.78,58.06,False,False,False,False,False,False,False,False,False,2026-10-08
1024,1024.HK,KUAISHOU-W,快手－Ｗ,1040.23,100,Equity,Equity Securities (Main Board),28.54,29.82,30.24,28.52,42502040,1213.01,29.5,29.99,-3.25,-4.83,-3.91,-3.25,-7.76,85.2,92.6,417.8,85.2,92.6,-64.51,-67.34,-92.76,66.5,69.18,False,False,False,False,False,False,False,False,False,2026-10-08
1025,1025.HK,KNT HOLDINGS,嘉艺控股,0.87,"8,000",Equity,Equity Securities (Main Board),0.195,0.198,0.198,0.198,3464000,0.68,0.199,0.197,-2.21,-0.76,-2.5,-2.99,-2.5,0.35,8.6,88.66,0.35,8.6,-44.23,-97.7,-99.78,45.07,97.73,False,False,False,False,False,False,False,False,False,2026-10-08
1026,1026.HK,UNIVERSAL TECH,环球实业科技,5.73,"10,000",Equity,Equity Securities (Main Board),0.104,0.098,0.105,0.098,250000,0.03,0.126,0.121,-17.72,-14.4,-24.64,-20.0,-13.33,0.14,0.21,0.45,0.14,0.21,-23.91,-49.76,-76.53,24.64,50.24,False,False,False,False,False,False,False,False,False,2026-10-08
1027,1027.HK,ASIA STRAT TECH,亚洲策略科技,10.19,"1,000",Equity,Equity Securities (Main Board),2.44,2.45,2.615,2.44,16000,0.04,2.536,2.647,-3.79,-7.84,-3.17,-5.43,-7.4,4.5,5.0,140.0,4.5,5.0,-41.89,-47.7,-98.13,45.78,51.2,False,False,False,False,False,False,False,False,False,2026-10-08
1028,1028.HK,C.BANNER,千百度,20.06,"1,000",Equity,Equity Securities (Main Board),0.805,0.84,0.84,0.795,841000,0.68,0.832,0.841,-3.25,-4.22,-4.17,-7.47,-6.94,1.83,1.83,3.35,1.83,1.83,-54.1,-54.1,-74.93,56.01,56.01,False,False,False,False,False,False,False,False,False,2026-10-08
1029,1029.HK,IRC,铁货,7.28,"4,000",Equity,Equity Securities (Main Board),0.38,0.385,0.385,0.38,236000,0.09,0.391,0.397,-2.81,-4.16,-1.3,-3.8,-5.0,0.63,1.86,4.86,0.63,1.86,-38.89,-79.35,-92.08,39.68,79.62,False,False,False,False,False,False,False,False,False,2026-10-08
1030,1030.HK,SEAZEN,新城发展,103.51,"2,000",Equity,Equity Securities (Main Board),1.425,1.44,1.475,1.42,17156000,24.45,1.438,1.451,-0.9,-1.76,-1.38,-0.35,-2.06,2.81,3.48,11.06,2.81,3.48,-47.51,-57.61,-86.66,49.29,59.05,False,False,False,False,False,False,False,False,False,2026-10-08
1033,1033.HK,SINOPEC SSC,中石化油服,35.71,"2,000",Equity,Equity Securities (Main Board),0.66,0.645,0.67,0.645,27146000,17.92,0.643,0.645,2.64,2.33,3.13,3.94,1.54,1.88,1.88,1.88,1.88,1.88,-64.36,-64.36,-64.36,64.89,64.89,False,False,False,True,False,False,False,False,False,2026-10-08
1037,1037.HK,MAXNERVA TECH,云智汇科技,4.31,"2,000",Equity,Equity Securities (Main Board),0.61,0.62,0.62,0.61,472000,0.29,0.617,0.618,-1.13,-1.21,-0.81,-0.81,-3.17,0.91,1.42,2.93,0.91,1.42,-31.87,-56.34,-78.84,32.97,57.04,False,False,False,False,False,False,False,False,False,2026-10-08
1038,1038.HK,CKI HOLDINGS,长江基建集团,1632.71,500,Equity,Equity Securities (Main Board),64.8,64.85,65.0,64.35,570803,36.99,65.02,65.22,-0.34,-0.64,-0.61,-0.08,-0.77,67.9,67.9,73.8,67.9,67.9,-4.27,-4.27,-11.92,4.57,4.57,False,False,False,False,False,False,False,True,True,2026-10-08
1039,1039.HK,CHANGYOU INT GP,畅由国际集团,0.98,"1,000",Equity,Equity Securities (Main Board),0.054,0.054,0.054,0.054,130000,0.01,0.058,0.056,-7.53,-4.26,-10.0,-10.0,0.0,0.07,0.17,1.89,0.07,0.17,-26.03,-67.66,-97.14,26.03,67.66,False,False,False,False,False,False,False,False,False,2026-10-08
1044,1044.HK,HENGAN INT'L,恒安国际,224.25,500,Equity,Equity Securities (Main Board),19.41,19.39,19.61,19.3,6340760,123.07,19.354,19.562,0.29,-0.78,0.1,0.73,-1.27,29.96,29.96,88.7,29.96,29.96,-34.55,-34.55,-77.89,35.21,35.21,False,False,False,False,False,False,False,False,False,2026-10-08
1045,1045.HK,APT SATELLITE,亚太卫星,18.01,"2,000",Equity,Equity Securities (Main Board),1.94,1.985,1.985,1.93,590000,1.14,1.941,1.962,-0.05,-1.1,-0.51,0.52,-1.27,5.39,5.39,5.71,5.39,5.39,-63.17,-63.17,-65.24,64.01,64.01,False,False,False,False,False,False,False,False,False,2026-10-08
1046,1046.HK,UNIVERSE ENT,寰宇娱乐文化,13.15,"5,000",Equity,Equity Securities (Main Board),1.45,1.4,1.46,1.385,25250300,36.61,1.358,1.379,6.77,5.11,3.57,10.69,8.61,1.6,1.6,1.6,1.6,1.6,-8.75,-8.75,-8.75,9.37,9.37,False,False,False,False,False,False,False,True,True,2026-10-08
1047,1047.HK,NGAI HING HONG,毅兴行,1.26,"2,000",Equity,Equity Securities (Main Board),0.34,0.34,0.34,0.34,600000,0.2,0.342,0.342,-0.58,-0.58,0.0,-1.45,0.0,0.43,0.46,0.99,0.43,0.46,-20.0,-26.09,-65.66,20.0,26.09,False,False,False,False,False,False,False,False,False,2026-10-08
1050,1050.HK,KARRIE INT'L,嘉利国际,39.04,"2,000",Equity,Equity Securities (Main Board),1.87,1.92,1.94,1.84,2522000,4.72,1.896,1.918,-1.37,-2.53,-2.09,-1.58,-1.84,3.51,3.51,3.51,3.51,3.51,-44.73,-44.73,-44.73,46.72,46.72,False,False,False,False,False,False,False,False,False,2026-10-08
1051,1051.HK,G-RESOURCES,国际资源,28.49,"1,000",Equity,Equity Securities (Main Board),6.32,6.155,6.5,6.155,16700,0.11,6.188,6.173,2.13,2.39,2.68,3.1,-2.77,12.1,12.1,12.1,12.1,12.1,-46.28,-46.28,-46.28,47.77,47.77,True,False,False,True,False,False,False,False,False,2026-10-08
1052,1052.HK,YUEXIUTRANSPORT,越秀交通基建,56.22,"2,000",Equity,Equity Securities (Main Board),3.36,3.305,3.37,3.305,2199036,7.39,3.28,3.3,2.44,1.83,1.66,3.7,0.45,4.81,4.81,7.53,4.81,4.81,-29.94,-29.94,-55.25,30.15,30.15,True,False,False,False,False,False,False,False,False,2026-10-08
1053,1053.HK,CHONGQING IRON,重庆钢铁股份,4.52,"2,000",Equity,Equity Securities (Main Board),0.84,0.85,0.87,0.825,5846000,4.91,0.842,0.851,-0.24,-1.23,0.0,0.0,-4.55,1.46,2.12,3.21,1.46,2.12,-40.41,-58.96,-72.9,42.47,60.38,False,False,False,False,False,False,False,False,False,2026-10-08
1055,1055.HK,CHINA SOUTH AIR,中国南方航空股份,131.43,"2,000",Equity,Equity Securities (Main Board),2.83,2.895,2.935,2.83,11081140,31.36,2.867,2.903,-1.29,-2.53,-1.74,-0.88,-6.29,6.62,6.62,11.0,6.62,6.62,-55.66,-55.66,-73.32,57.25,57.25,False,False,False,False,False,False,False,False,False,2026-10-08
1057,1057.HK,ZHEJIANG SHIBAO,浙江世宝,8.1,"2,000",Equity,Equity Securities (Main Board),3.735,3.765,3.785,3.725,3578000,13.36,3.749,3.766,-0.37,-0.84,-1.84,0.67,-2.23,7.39,7.39,7.39,7.39,7.39,-48.78,-48.78,-48.78,49.46,49.46,False,False,False,False,False,False,False,False,False,2026-10-08
1058,1058.HK,NAMYUE HOLDINGS,南粤控股,1.72,"2,000",Equity,Equity Securities (Main Board),0.32,0.325,0.325,0.31,92000,0.03,0.346,0.351,-7.51,-8.83,-7.25,-9.86,-4.48,0.44,0.61,1.69,0.44,0.61,-26.97,-46.72,-80.77,28.09,47.54,False,False,False,False,False,False,False,False,False,2026-10-08
1059,1059.HK,KANTONE HOLDING,看通集团,1.58,"3,000",Equity,Equity Securities (Main Board),0.42,0.375,0.445,0.365,222000,0.09,0.406,0.402,3.45,4.48,5.0,3.7,12.0,0.51,0.51,5.0,0.51,0.51,-12.75,-12.75,-91.1,17.65,17.65,False,False,False,True,False,False,False,False,False,2026-10-08
1060,1060.HK,DAMAI ENT,大麦娱乐,128.9,"10,000",Equity,Equity Securities (Main Board),0.43,0.43,0.44,0.425,49930000,21.47,0.428,0.44,0.47,-2.16,1.18,1.18,-3.37,1.08,1.37,1.85,1.08,1.37,-59.26,-67.88,-76.22,60.19,68.61,False,False,False,False,False,False,False,False,False,2026-10-08
1061,1061.HK,ESSEX BIO-TECH,亿胜生物科技,11.78,"1,000",Equity,Equity Securities (Main Board),2.085,2.095,2.095,2.07,71000,0.15,2.109,2.123,-1.14,-1.77,-0.24,0.0,-3.47,4.5,6.12,9.6,4.5,6.12,-53.44,-65.77,-78.18,53.67,65.93,False,False,False,False,False,False,False,False,False,2026-10-08
1062,1062.HK,CDB INT'L INV,国开国际投资,2.84,"10,000",Equity,Investment Companies,0.098,0.091,0.098,0.09,340000,0.03,0.094,0.096,4.26,2.3,5.38,5.38,0.0,0.12,0.13,0.31,0.12,0.13,-19.67,-24.03,-68.39,19.67,24.03,False,False,False,True,False,False,False,False,False,2026-10-08
1064,1064.HK,ZHONG HUA INT'L,中华国际,0.48,"5,000",Equity,Equity Securities (Main Board),0.062,0.053,0.062,0.053,190000,0.01,0.06,0.061,3.68,1.81,5.08,5.08,0.0,0.13,0.17,0.48,0.13,0.17,-51.56,-63.53,-87.08,51.56,63.53,False,False,False,True,False,False,False,False,False,2026-10-08
1065,1065.HK,TIANJIN CAPITAL,天津创业环保股份,12.24,"2,000",Equity,Equity Securities (Main Board),3.6,3.6,3.63,3.59,488000,1.76,3.617,3.622,-0.47,-0.61,-1.77,0.7,-0.28,4.86,10.02,10.02,4.86,10.02,-25.31,-63.77,-63.77,25.93,64.07,False,False,False,False,False,False,False,False,False,2026-10-08
1066,1066.HK,WEIGAO GROUP,威高股份,145.25,400,Equity,Equity Securities (Main Board),3.26,3.245,3.29,3.24,8756400,28.55,3.247,3.252,0.4,0.25,0.31,1.56,-2.1,5.68,8.02,22.7,5.68,8.02,-42.08,-58.98,-85.51,42.61,59.35,False,False,False,True,False,False,False,False,False,2026-10-08
1070,1070.HK,TCL ELECTRONICS,ＴＣＬ电子,433.1,"1,000",Equity,Equity Securities (Main Board),17.18,18.0,18.0,17.11,3362500,57.77,17.598,17.347,-2.38,-0.96,-4.56,-2.16,-2.39,18.23,18.23,18.23,18.23,18.23,-1.26,-1.26,-1.26,5.76,5.76,False,False,False,False,False,False,False,True,True,2026-10-08
1071,1071.HK,HUADIAN POWER,华电国际电力股份,73.5,"2,000",Equity,Equity Securities (Main Board),4.28,4.21,4.295,4.175,6418200,27.47,4.229,4.163,1.21,2.82,1.18,2.39,0.71,4.89,5.57,5.57,4.89,5.57,-12.17,-22.89,-22.89,12.47,23.16,True,False,False,False,False,False,False,False,False,2026-10-08
1072,1072.HK,DONGFANG ELEC,东方电气,72.01,200,Equity,Equity Securities (Main Board),17.65,17.75,18.35,17.61,4362400,77.0,17.95,18.065,-1.67,-2.3,-1.78,-2.27,-4.23,46.7,119.9,119.9,46.7,119.9,-60.71,-84.7,-84.7,62.21,85.28,False,False,False,False,False,False,False,False,False,2026-10-08
1079,1079.HK,PINE TECH,松景科技,3.81,"10,000",Equity,Equity Securities (Main Board),0.178,0.177,0.18,0.177,290000,0.05,0.178,0.184,0.11,-3.21,0.56,0.56,-3.26,0.37,0.75,2.18,0.37,0.75,-50.68,-76.0,-91.74,51.23,76.27,False,False,False,False,False,False,False,False,False,2026-10-08
1080,1080.HK,SHENGLI PIPE,胜利管道,1.98,"1,500",Equity,Equity Securities (Main Board),0.051,0.046,0.051,0.046,211500,0.01,0.045,0.046,12.83,11.6,10.87,18.6,18.6,0.13,0.17,0.47,0.13,0.17,-61.36,-69.82,-89.15,61.36,69.82,False,False,False,False,False,False,False,False,False,2026-10-08
1081,1081.HK,DAJIN,大金重工,35.43,100,Equity,Equity Securities (Main Board),34.62,34.34,36.16,33.26,7910000,273.84,33.076,32.346,4.67,7.03,-0.29,7.45,0.87,66.95,66.95,66.95,66.95,66.95,-45.99,-45.99,-45.99,48.29,48.29,False,False,False,False,False,False,False,False,False,2026-10-08
1083,1083.HK,TG SMART ENERGY,港华智慧能源,112.87,"1,000",Equity,Equity Securities (Main Board),2.985,2.985,3.015,2.97,1855026,5.54,2.969,2.943,0.54,1.43,0.17,0.34,0.67,4.23,4.36,8.18,4.23,4.36,-28.72,-30.85,-63.14,29.43,31.54,False,False,False,False,False,False,False,False,False,2026-10-08
1084,1084.HK,GREEN FRESH BIO,绿新生物科技,5.59,"2,000",Equity,Equity Securities (Main Board),0.64,0.625,0.64,0.625,30000,0.02,0.643,0.646,-0.47,-1.01,0.0,-1.54,-0.78,0.79,0.96,4.85,0.79,0.96,-18.99,-33.33,-86.8,18.99,33.33,False,False,False,False,False,False,False,False,False,2026-10-08
1085,1085.HK,HXTL,亨鑫科技,6.68,"2,000",Equity,Equity Securities (Main Board),1.435,1.43,1.48,1.43,8000,0.01,1.428,1.508,0.49,-4.81,0.7,3.24,-8.6,2.09,2.6,6.15,2.09,2.6,-29.19,-43.08,-75.93,31.34,44.81,False,False,False,False,False,False,False,False,False,2026-10-08
1086,1086.HK,GOODBABY INTL,好孩子国际,23.18,"1,000",Equity,Equity Securities (Main Board),1.385,1.38,1.385,1.375,9864001,13.66,1.376,1.313,0.65,5.48,0.36,1.47,0.73,1.47,1.66,5.58,1.47,1.66,-5.46,-16.57,-75.18,5.46,16.57,True,False,True,False,False,False,False,True,False,2026-10-08
1087,1087.HK,INVESTECH HLDGS,威讯控股,3.67,"2,000",Equity,Equity Securities (Main Board),1.53,1.61,1.61,1.515,46000,0.07,1.612,1.654,-5.09,-7.5,-4.97,-5.56,-7.27,2.0,2.08,42.8,2.0,2.08,-19.5,-22.6,-96.24,23.5,26.44,False,False,False,False,False,False,False,False,False,2026-10-08
1088,1088.HK,CHINA SHENHUA,中国神华,1466.5,500,Equity,Equity Securities (Main Board),43.42,42.12,43.9,42.08,16086731,698.49,43.348,43.904,0.17,-1.1,0.42,-0.18,-2.12,49.62,49.62,49.62,49.62,49.62,-11.53,-11.53,-11.53,12.49,12.49,False,False,False,False,False,False,False,False,False,2026-10-08
1090,1090.HK,DA MING INT'L,大明国际,6.75,"2,000",Equity,Equity Securities (Main Board),0.53,0.52,0.56,0.48,412000,0.22,0.549,0.615,-3.46,-13.89,1.92,-5.36,-13.11,0.9,1.47,4.25,0.9,1.47,-37.78,-61.9,-86.82,41.11,63.95,False,False,False,False,False,False,False,False,False,2026-10-08
1091,1091.HK,SOUTH MANGANESE,南方锰业,31.99,"1,000",Equity,Equity Securities (Main Board),0.54,0.535,0.54,0.53,4012000,2.17,0.535,0.507,0.93,6.4,0.93,-0.92,3.85,0.71,0.79,1.89,0.71,0.79,-23.94,-31.65,-71.43,23.94,31.65,False,False,False,False,False,False,False,False,False,2026-10-08
1093,1093.HK,CSPC PHARMA,石药集团,1069.86,"2,000",Equity,Equity Securities (Main Board),9.285,9.88,10.04,9.235,92230220,856.36,9.777,9.649,-5.03,-3.77,-5.4,-5.78,-7.8,10.96,11.63,13.93,10.96,11.63,-8.39,-13.67,-27.94,15.28,20.16,False,False,False,False,False,False,False,False,False,2026-10-08
1094,1094.HK,CHERISH SUN,承辉国际,2.84,"8,000",Equity,Equity Securities (Main Board),0.4,0.4,0.4,0.37,12200000,4.88,0.378,0.352,5.82,13.64,0.0,11.11,17.65,0.6,0.98,8.05,0.6,0.98,-33.33,-59.18,-95.03,33.33,59.18,False,False,False,False,False,False,False,False,False,2026-10-08
1097,1097.HK,CTFME,周大福媒体娱乐,4.35,"20,000",Equity,Equity Securities (Main Board),0.061,0.061,0.061,0.059,2260000,0.14,0.061,0.061,0.0,-0.33,0.0,0.0,0.0,0.12,0.17,0.64,0.12,0.17,-46.96,-64.74,-90.49,46.96,64.74,False,False,False,False,False,False,False,False,False,2026-10-08
1098,1098.HK,ROAD KING INFRA,路劲,3.71,"1,000",Equity,Equity Securities (Main Board),0.495,0.485,0.5,0.47,41000,0.02,0.491,0.502,0.81,-1.49,-1.0,3.13,-1.0,0.75,1.97,18.68,0.75,1.97,-33.33,-74.62,-97.32,34.0,74.87,False,False,False,False,False,False,False,False,False,2026-10-08
1099,1099.HK,SINOPHARM,国药控股,197.25,400,Equity,Equity Securities (Main Board),14.7,14.85,15.01,14.67,3859472,56.73,14.782,14.82,-0.55,-0.81,-1.01,-0.07,-1.08,22.34,23.65,45.65,22.34,23.65,-32.81,-36.53,-67.12,34.2,37.84,False,False,False,False,False,False,False,False,False,2026-10-08
1100,1100.HK,MAINLAND HOLD,飞达控股,5.47,"2,000",Equity,Equity Securities (Main Board),1.275,1.27,1.27,1.265,4000,0.01,1.291,1.297,-1.24,-1.7,-0.78,-1.92,-2.3,2.2,2.2,2.28,2.2,2.2,-42.27,-42.27,-44.3,42.05,42.05,False,False,False,False,False,False,False,False,False,2026-10-08
1102,1102.HK,ENVIRO ENERGY,环能国际,2.13,"2,000",Equity,Equity Securities (Main Board),0.076,0.083,0.083,0.076,230000,0.02,0.081,0.087,-6.63,-12.54,-5.0,-9.52,-9.52,0.21,0.21,5.4,0.21,0.21,-60.48,-60.48,-98.46,63.81,63.81,False,False,False,False,False,False,False,False,False,2026-10-08
1104,1104.HK,APAC RESOURCES,亚太资源,27.97,"20,000",Equity,Equity Securities (Main Board),1.87,1.91,1.93,1.855,4416000,8.26,2.053,2.108,-8.91,-11.29,-4.1,-11.58,-14.61,3.89,3.89,3.89,3.89,3.89,-50.39,-50.39,-50.39,51.93,51.93,False,False,False,False,False,False,False,False,False,2026-10-08
1108,1108.HK,TRIUMPH NEW EN,凯盛新能,5.1,"2,000",Equity,Equity Securities (Main Board),2.04,2.115,2.125,2.03,1902000,3.88,2.102,2.118,-2.95,-3.68,-3.55,-3.77,-3.77,4.95,6.13,20.25,4.95,6.13,-57.07,-65.33,-89.51,58.79,66.72,False,False,False,False,False,False,False,False,False,2026-10-08
1109,1109.HK,CHINA RES LAND,华润置地,2182.07,500,Equity,Equity Securities (Main Board),30.6,29.76,31.56,29.62,40571735,1241.5,29.744,29.69,2.88,3.07,2.82,4.08,0.13,39.88,39.88,41.3,39.88,39.88,-20.86,-20.86,-23.58,23.27,23.27,True,False,True,True,False,False,False,False,False,2026-10-08
1110,1110.HK,KINGWORLD,金活医药集团,2.37,"4,000",Equity,Equity Securities (Main Board),0.38,0.375,0.38,0.37,1224000,0.47,0.383,0.381,-0.78,-0.39,1.33,0.0,-3.8,0.78,0.79,1.8,0.78,0.79,-51.28,-51.9,-78.89,51.28,51.9,False,False,False,False,False,False,False,False,False,2026-10-08
1112,1112.HK,H&H INTL HLDG,Ｈ＆Ｈ国际控股,128.08,500,Equity,Equity Securities (Main Board),19.84,19.11,20.18,19.11,2347500,46.57,19.206,18.922,3.3,4.85,2.8,5.03,2.8,19.49,19.49,64.5,20.18,20.18,3.54,3.54,-68.71,1.68,1.68,False,False,True,False,True,True,False,True,True,2026-10-08
1113,1113.HK,CK ASSET,长实集团,1567.9,500,Equity,Equity Securities (Main Board),44.8,45.64,45.8,44.7,4705134,210.79,45.336,45.888,-1.18,-2.37,-1.32,-1.23,-4.15,52.35,52.35,75.3,52.35,52.35,-12.51,-12.51,-39.18,14.42,14.42,False,False,False,False,False,False,False,False,False,2026-10-08
1114,1114.HK,BRILLIANCE CHI,BRILLIANCE CHI,87.79,"2,000",Equity,Equity Securities (Main Board),1.74,1.775,1.8,1.735,21072000,36.67,1.78,1.799,-2.25,-3.28,-0.85,-4.66,-4.92,4.45,8.95,23.85,4.45,8.95,-59.55,-79.89,-92.45,60.9,80.56,False,False,False,False,False,False,False,False,False,2026-10-08
1115,1115.HK,5100 XIZANG,５１００藏冰川,31.86,"10,000",Equity,Equity Securities (Main Board),0.53,0.54,0.55,0.53,6823000,3.62,0.544,0.528,-2.57,0.38,0.0,-7.02,-0.93,0.68,0.76,3.83,0.68,0.76,-19.12,-27.63,-85.63,22.06,30.26,False,False,False,False,False,False,False,False,False,2026-10-08
1116,1116.HK,HC TECH GP,慧源同创科技,4.75,"10,000",Equity,Equity Securities (Main Board),0.22,0.214,0.22,0.21,80000,0.02,0.223,0.221,-1.35,-0.5,2.33,0.0,-0.9,0.34,0.85,0.88,0.34,0.85,-35.29,-74.12,-75.0,35.29,74.12,False,False,False,False,False,False,False,False,False,2026-10-08
1117,1117.HK,CH MODERN D,现代牧业,114.78,"1,000",Equity,Equity Securities (Main Board),1.45,1.43,1.54,1.43,19152000,27.77,1.435,1.48,1.05,-2.03,1.75,1.4,-4.61,1.74,1.74,3.1,1.74,1.74,-11.24,-11.24,-50.32,16.43,16.43,False,False,False,False,False,False,False,False,False,2026-10-08
1119,1119.HK,IDREAMSKY,创梦天地,7.25,400,Equity,Equity Securities (Main Board),0.355,0.36,0.375,0.355,600800,0.21,0.357,0.357,-0.56,-0.56,-2.74,-1.39,-5.33,0.66,3.28,9.7,0.66,3.28,-43.18,-88.57,-96.13,46.21,89.18,False,False,False,False,False,False,False,False,False,2026-10-08
1120,1120.HK,ARTS OPTICAL,雅视光学,2.09,"2,000",Equity,Equity Securities (Main Board),0.54,0.54,0.54,0.54,630000,0.34,0.544,0.572,-0.74,-5.59,0.0,-1.82,-10.0,1.1,1.84,3.39,1.1,1.84,-50.91,-70.65,-84.07,50.91,70.65,False,False,False,False,False,False,False,False,False,2026-10-08
1121,1121.HK,GOLDENSOLAR,金阳新能源,7.12,"2,000",Equity,Equity Securities (Main Board),0.37,0.385,0.39,0.37,10000,0.0,0.379,0.377,-2.37,-1.86,-2.63,-2.63,-3.9,1.87,6.98,17.68,1.87,6.98,-79.14,-94.41,-97.79,80.21,94.7,False,False,False,False,False,False,False,False,False,2026-10-08
1122,1122.HK,QINGLING MOTORS,庆铃汽车股份,5.45,"2,000",Equity,Equity Securities (Main Board),0.44,0.455,0.455,0.44,2464000,1.08,0.458,0.463,-3.93,-4.86,-4.35,-5.38,-4.35,1.45,1.45,2.73,1.45,1.45,-68.62,-68.62,-83.33,69.66,69.66,False,False,False,False,False,False,False,False,False,2026-10-08
1123,1123.HK,CHINA-HK PHOTO,中港照相,1.6,"2,000",Equity,Equity Securities (Main Board),0.135,0.135,0.135,0.135,34000,0.0,0.135,0.136,0.0,-0.37,0.0,0.0,0.0,0.14,0.17,0.49,0.14,0.17,-6.9,-20.59,-72.16,6.9,20.59,False,False,False,False,False,False,False,True,False,2026-10-08
1125,1125.HK,LAI FUNG HOLD,丽丰控股,1.95,400,Equity,Equity Securities (Main Board),0.59,0.67,0.67,0.555,45600,0.03,0.706,0.712,-16.43,-17.13,-14.49,-21.33,-21.33,1.15,2.54,13.72,1.15,2.54,-41.74,-73.62,-95.12,48.7,76.77,False,False,False,False,False,False,False,False,False,2026-10-08
1126,1126.HK,DREAM INT'L,德林国际,37.23,500,Equity,Equity Securities (Main Board),5.5,5.675,5.72,5.47,873500,4.8,5.617,5.711,-2.08,-3.69,-3.17,-2.48,-3.42,9.5,19.62,19.62,9.5,19.62,-39.79,-70.85,-70.85,42.11,71.97,False,False,False,False,False,False,False,False,False,2026-10-08
1127,1127.HK,LION ROCK GROUP,狮子山集团,9.12,"4,000",Equity,Equity Securities (Main Board),1.185,1.185,1.19,1.175,64000,0.08,1.184,1.183,0.08,0.17,0.0,-0.84,0.42,1.4,1.6,1.67,1.4,1.6,-15.0,-25.62,-28.88,15.36,25.94,False,False,False,True,False,False,False,False,False,2026-10-08
1128,1128.HK,WYNN MACAU,永利澳门,259.75,400,Equity,Equity Securities (Main Board),4.9,5.02,5.095,4.87,10563103,51.76,5.046,5.127,-2.89,-4.43,-2.49,-3.35,-8.24,6.24,8.45,31.35,6.24,8.45,-18.35,-39.7,-83.75,21.47,42.01,False,False,False,False,False,False,False,False,False,2026-10-08
1133,1133.HK,HARBIN ELECTRIC,哈尔滨电气,89.38,"2,000",Equity,Equity Securities (Main Board),13.23,13.5,13.75,13.12,3982000,52.68,13.628,13.694,-2.92,-3.39,-3.43,-3.64,-3.92,28.88,28.88,28.88,28.88,28.88,-52.39,-52.39,-52.39,54.19,54.19,False,False,False,False,False,False,False,False,False,2026-10-08
1134,1134.HK,KELFRED,恒发光学,1.08,"4,000",Equity,Equity Securities (Main Board),0.216,0.22,0.22,0.215,12000,0.0,0.226,0.225,-4.26,-3.87,-5.26,-5.26,-2.7,0.55,0.59,4.0,0.55,0.59,-60.0,-62.71,-94.5,60.73,63.39,False,False,False,False,False,False,False,False,False,2026-10-08
1137,1137.HK,HK TECH VENTURE,香港科技探索,7.76,"1,000",Equity,Equity Securities (Main Board),0.98,0.98,0.995,0.96,316000,0.31,0.984,0.996,-0.41,-1.56,0.0,-0.51,-3.92,1.48,3.15,17.02,1.48,3.15,-32.77,-68.41,-94.15,33.78,68.89,False,False,False,False,False,False,False,False,False,2026-10-08
1138,1138.HK,COSCO SHIP ENGY,中远海能,270.86,"2,000",Equity,Equity Securities (Main Board),20.9,20.22,21.78,20.14,37819521,790.43,20.08,19.413,4.08,7.66,2.96,5.72,14.27,22.4,22.4,22.4,22.4,22.4,-2.77,-2.77,-2.77,6.7,6.7,True,True,False,False,False,False,False,True,True,2026-10-08
1140,1140.HK,HK.AI CAPITAL,华科智能投资,11.31,"4,000",Equity,Investment Companies,0.097,0.104,0.105,0.095,1928000,0.19,0.104,0.108,-7.09,-10.43,-7.62,-8.49,-10.19,0.26,0.45,4.03,0.26,0.45,-59.62,-76.67,-97.39,62.69,78.44,False,False,False,False,False,False,False,False,False,2026-10-08
1141,1141.HK,CMBC CAPITAL,民银资本,8.06,"1,000",Equity,Equity Securities (Main Board),0.735,0.775,0.775,0.715,1784000,1.31,0.742,0.69,-0.94,6.52,-2.0,-4.55,8.89,5.87,5.87,29.6,5.87,5.87,-86.8,-86.8,-97.38,87.48,87.48,False,False,False,False,False,False,False,False,False,2026-10-08
1142,1142.HK,E&P GLOBAL,能源及能量环球,4.28,"2,000",Equity,Equity Securities (Main Board),0.03,0.033,0.037,0.027,388874000,11.67,0.031,0.05,-3.23,-40.48,-6.25,50.0,-53.13,0.24,5.65,5.65,0.24,5.65,-84.84,-99.35,-99.35,87.7,99.47,False,False,False,False,False,False,False,False,False,2026-10-08
1145,1145.HK,COURAGE INV,勇利投资,1.42,"20,000",Equity,Equity Securities (Main Board),0.129,0.121,0.129,0.121,96000,0.01,0.125,0.127,3.04,1.82,-0.77,8.4,-2.27,0.17,0.24,2.28,0.17,0.24,-25.86,-45.34,-94.34,25.86,45.34,False,False,True,True,False,False,False,False,False,2026-10-08
1147,1147.HK,EDENSOFT,伊登软件,2.35,"10,000",Equity,Equity Securities (Main Board),0.115,0.122,0.123,0.11,1930000,0.22,0.116,0.119,-0.69,-3.6,-2.54,0.88,-5.74,0.18,0.18,0.25,0.18,0.18,-32.42,-33.15,-51.76,36.81,37.5,False,False,False,False,False,False,False,False,False,2026-10-08
1148,1148.HK,POWER XINCHEN,新晨动力,2.67,"1,000",Equity,Equity Securities (Main Board),0.208,0.208,0.208,0.208,12000,0.0,0.208,0.209,0.0,-0.48,0.0,0.0,0.48,0.4,0.44,1.87,0.4,0.44,-47.34,-53.26,-88.88,47.34,53.26,False,False,False,False,False,False,False,False,False,2026-10-08
1150,1150.HK,MILAN STATION,米兰站,1.25,"10,000",Equity,Equity Securities (Main Board),0.118,0.074,0.137,0.074,38678000,4.56,0.083,0.081,41.49,46.04,78.79,55.26,49.37,0.18,0.38,1.65,0.18,0.38,-24.31,-64.42,-91.68,34.81,69.35,False,False,False,True,False,False,False,False,False,2026-10-08
1152,1152.HK,MOMENTUM FIN,正乾金融控股,7.32,"2,000",Equity,Equity Securities (Main Board),0.204,0.208,0.215,0.195,570000,0.12,0.204,0.2,-0.0,1.95,-1.92,2.0,0.0,0.47,0.53,0.92,0.47,0.53,-54.74,-59.43,-76.63,57.05,61.51,False,False,False,False,False,False,False,False,False,2026-10-08
1153,1153.HK,JIAYUAN SER,佳源服务,2.22,"1,000",Equity,Equity Securities (Main Board),0.33,0.31,0.33,0.31,6000,0.0,0.333,0.333,-0.9,-0.75,-1.49,-1.49,0.0,0.5,0.64,4.3,0.5,0.64,-34.0,-48.44,-92.33,34.0,48.44,False,False,False,False,False,False,False,False,False,2026-10-08
1156,1156.HK,CHINANEWENERGY,CHINANEWENERGY,1.88,"4,000",Equity,Equity Securities (Main Board),0.265,0.29,0.29,0.265,3224000,0.85,0.28,0.28,-5.36,-5.36,-8.62,-5.36,-3.64,0.36,0.36,1.38,0.36,0.36,-19.44,-19.44,-78.99,26.39,26.39,False,False,False,False,False,False,False,False,False,2026-10-08
1157,1157.HK,ZOOMLION,中联重科,87.1,200,Equity,Equity Securities (Main Board),5.61,5.615,5.71,5.585,2542300,14.26,5.644,5.65,-0.6,-0.71,-0.8,-0.62,-2.6,10.67,10.67,13.98,10.67,10.67,-46.49,-46.49,-59.16,47.42,47.42,False,False,False,False,False,False,False,False,False,2026-10-08
1159,1159.HK,SMART DIGI TECH,智数科技集团,2.82,"2,000",Equity,Equity Securities (Main Board),1.99,1.98,2.01,1.9,120800,0.24,2.178,2.281,-8.63,-12.76,-5.24,-13.48,-13.48,3.6,4.7,72.4,3.6,4.7,-44.17,-57.23,-97.22,44.72,57.66,False,False,False,False,False,False,False,False,False,2026-10-08
1160,1160.HK,GOLDSTONE CAP,金石资本集团,0.91,"100,000",Equity,Investment Companies,0.385,0.32,0.395,0.315,900000,0.35,0.38,0.372,1.32,3.49,20.31,-3.75,-3.75,0.65,0.65,1.35,0.65,0.65,-39.23,-39.23,-70.74,40.77,40.77,False,False,False,True,False,False,False,False,False,2026-10-08
1162,1162.HK,LUMINA GROUP,莹岚集团,1.49,"8,000",Equity,Equity Securities (Main Board),0.249,0.249,0.255,0.24,344000,0.09,0.24,0.242,3.75,3.02,2.05,5.96,3.75,0.28,0.66,4.04,0.28,0.66,-7.27,-61.36,-93.69,9.45,62.27,False,False,True,True,False,False,False,True,False,2026-10-08
1163,1163.HK,ADTIGER CORP,虎视传媒,1.69,"2,500",Equity,Equity Securities (Main Board),0.189,0.168,0.189,0.168,260000,0.05,0.171,0.172,10.53,10.14,13.17,13.17,4.42,0.2,0.21,2.52,0.2,0.21,-6.9,-9.13,-92.5,6.9,9.13,False,False,False,True,False,False,False,True,True,2026-10-08
1164,1164.HK,CGN MINING,中广核矿业,158.09,"5,000",Equity,Equity Securities (Main Board),2.08,2.145,2.17,2.075,38209319,79.48,2.114,2.109,-1.61,-1.4,-6.09,-0.48,-1.65,5.66,5.66,5.66,5.66,5.66,-61.66,-61.66,-61.66,63.25,63.25,False,False,False,False,False,False,False,False,False,2026-10-08
1167,1167.HK,JACOBIO-B,加科思－Ｂ,45.52,300,Equity,Equity Securities (Main Board),5.82,6.11,6.15,5.78,1218600,7.09,6.076,5.997,-4.21,-2.96,-4.75,-3.4,-3.96,8.28,11.8,25.35,8.28,11.8,-25.72,-47.88,-75.74,29.71,50.68,False,False,False,False,False,False,False,False,False,2026-10-08
1168,1168.HK,Z FIN,Z FIN,21.82,"1,000",Equity,Equity Securities (Main Board),5.0,5.005,5.145,4.965,244000,1.22,5.002,5.005,-0.04,-0.11,0.0,-0.3,0.0,6.09,12.26,31.7,6.09,12.26,-15.52,-58.03,-83.77,17.9,59.22,False,False,False,False,False,False,False,False,False,2026-10-08
1170,1170.HK,KINGMAKER,信星集团,2.7,"2,000",Equity,Equity Securities (Main Board),0.405,0.405,0.405,0.405,56000,0.02,0.402,0.398,0.75,1.76,0.0,1.25,1.25,0.53,0.92,2.6,0.53,0.92,-23.58,-55.98,-84.42,23.58,55.98,False,False,False,False,False,False,False,False,False,2026-10-08
1171,1171.HK,YANKUANG ENERGY,兖矿能源,475.2,"2,000",Equity,Equity Securities (Main Board),11.66,11.45,11.74,11.44,33579285,391.53,11.406,11.515,2.23,1.26,2.37,2.82,1.75,17.42,17.42,18.72,17.42,17.42,-32.61,-32.61,-37.28,33.07,33.07,True,False,False,True,False,False,False,False,False,2026-10-08
1176,1176.HK,ZHUGUANG HOLD,珠光控股,1.68,"2,000",Equity,Equity Securities (Main Board),0.019,0.019,0.019,0.017,9176000,0.17,0.019,0.019,0.0,-0.52,0.0,0.0,0.0,0.05,0.54,2.73,0.05,0.54,-65.45,-96.48,-99.3,65.45,96.48,False,False,False,False,False,False,False,False,False,2026-10-08
1177,1177.HK,SBP GROUP,中国生物制药,1024.76,"1,000",Equity,Equity Securities (Main Board),5.485,5.56,5.865,5.475,82212769,450.94,5.616,5.6,-2.33,-2.04,-3.35,-1.17,-3.94,7.29,9.12,11.24,7.29,9.12,-19.55,-35.69,-47.82,24.76,39.86,False,False,False,False,False,False,False,False,False,2026-10-08
1179,1179.HK,HWORLD-S,华住集团－Ｓ,1039.58,100,Equity,Equity Securities (Main Board),32.96,33.08,33.3,32.9,1102650,36.34,32.904,33.098,0.17,-0.42,-0.42,0.12,-2.2,44.26,44.26,49.3,44.26,44.26,-24.76,-24.76,-32.45,25.53,25.53,False,False,True,False,False,False,False,False,False,2026-10-08
1180,1180.HK,PARADISE ENT,汇彩控股,9.89,"4,000",Equity,Equity Securities (Main Board),0.94,0.945,0.945,0.935,808000,0.76,0.939,0.939,0.11,0.11,1.62,-1.05,-0.53,1.1,2.7,2.7,1.1,2.7,-13.7,-65.0,-65.0,14.16,65.19,False,False,False,True,False,False,False,False,False,2026-10-08
1183,1183.HK,MECOM POWER,澳能建设,4.46,"2,000",Equity,Equity Securities (Main Board),0.112,0.109,0.112,0.109,122750,0.01,0.112,0.113,0.0,-1.23,0.0,0.0,-1.75,0.22,0.46,2.35,0.22,0.46,-49.09,-75.65,-95.23,49.09,75.65,False,False,False,False,False,False,False,False,False,2026-10-08
1184,1184.HK,S.A.S. DRAGON,S.A.S. DRAGON,50.38,"2,000",Equity,Equity Securities (Main Board),8.05,8.05,8.2,8.05,20000,0.16,8.017,8.048,0.41,0.03,0.5,0.37,0.25,9.3,9.3,9.3,9.3,9.3,-11.83,-11.83,-11.83,13.44,13.44,False,False,False,False,False,False,False,False,False,2026-10-08
1186,1186.HK,CHINA RAIL CONS,中国铁建,89.9,500,Equity,Equity Securities (Main Board),4.33,4.34,4.38,4.33,2382284,10.32,4.318,4.309,0.28,0.5,-0.23,0.7,-0.57,5.7,7.03,11.98,5.7,7.03,-23.16,-37.7,-63.44,24.04,38.41,False,False,False,False,False,False,False,False,False,2026-10-08
1187,1187.HK,COFOE MEDICAL,可孚医疗,7.38,100,Equity,Equity Securities (Main Board),27.32,28.14,28.96,27.3,56500,1.54,27.968,28.592,-2.32,-4.45,-2.57,-2.84,-4.81,41.0,41.0,41.0,41.0,41.0,-29.37,-29.37,-29.37,33.37,33.37,False,False,False,False,False,False,False,False,False,2026-10-08
1191,1191.HK,CREALIGHTS,海光芯正,103.55,50,Equity,Equity Securities (Main Board),113.1,130.0,136.8,109.6,2373770,268.47,126.74,136.48,-10.76,-17.13,-13.27,-14.32,-11.15,219.6,219.6,219.6,219.6,219.6,-37.7,-37.7,-37.7,48.5,48.5,False,False,False,False,False,False,False,False,False,2026-10-08
1193,1193.HK,CHINA RES GAS,华润燃气,380.66,100,Equity,Equity Securities (Main Board),16.45,16.48,16.7,16.1,1802782,29.66,16.314,16.264,0.83,1.14,0.55,1.04,0.55,22.66,35.2,52.25,22.66,35.2,-26.3,-52.56,-68.04,27.41,53.27,True,False,False,True,False,False,False,False,False,2026-10-08
1195,1195.HK,KINGWELL GROUP,京维集团,0.52,"4,000",Equity,Equity Securities (Main Board),0.018,0.017,0.018,0.016,788000,0.01,0.019,0.018,-3.23,-2.17,0.0,-5.26,-5.26,0.03,0.05,0.2,0.03,0.05,-37.93,-61.7,-91.18,37.93,61.7,False,False,False,False,False,False,False,False,False,2026-10-08
1196,1196.HK,REALORD TEC-NEW,伟禄科技股份－新,205.38,"1,000",Equity,Equity Securities (Main Board),3.56,3.79,3.86,3.56,29048950,103.41,3.78,3.325,-5.82,7.08,-8.72,-9.64,19.46,11.19,11.19,11.19,11.19,11.19,-65.5,-65.5,-65.5,68.19,68.19,False,False,False,False,False,False,False,False,False,2026-10-08
1198,1198.HK,ROYALE HOME,皇朝家居,3.3,"2,000",Equity,Equity Securities (Main Board),0.127,0.072,0.164,0.072,904500,0.11,0.111,0.095,14.0,33.83,1.6,41.11,58.75,0.17,1.81,3.1,0.17,1.81,-3.53,-90.94,-94.71,25.29,92.98,False,False,False,True,False,False,False,False,False,2026-10-08
1199,1199.HK,COSCO SHIP PORT,中远海运港口,251.85,"2,000",Equity,Equity Securities (Main Board),6.27,6.215,6.33,6.185,9972415,62.53,6.221,6.112,0.79,2.58,0.24,0.97,4.94,6.56,6.56,9.95,6.56,6.56,-3.51,-3.51,-36.38,4.42,4.42,False,False,False,False,False,False,False,True,True,2026-10-08
1200,1200.HK,MIDLAND HOLDING,美联集团,11.86,"2,000",Equity,Equity Securities (Main Board),1.655,1.79,1.79,1.655,1092000,1.81,1.673,1.706,-1.08,-2.99,-5.97,-0.3,-4.89,3.52,3.52,3.52,3.52,3.52,-49.15,-49.15,-49.15,52.98,52.98,False,False,False,False,False,False,False,False,False,2026-10-08
1201,1201.HK,TESSON HOLDINGS,天臣控股,8.79,"3,000",Equity,Equity Securities (Main Board),2.0,2.055,2.055,2.0,135000,0.27,2.064,2.09,-3.1,-4.33,-0.99,-4.31,-7.62,3.95,3.95,16.4,3.95,3.95,-47.97,-47.97,-87.47,49.37,49.37,False,False,False,False,False,False,False,False,False,2026-10-08
1202,1202.HK,SIWI SCI & TECH,四威科技,2.32,"2,000",Equity,Equity Securities (Main Board),1.45,1.45,1.45,1.45,14000,0.02,1.453,1.448,-0.21,0.17,2.11,-1.02,0.69,1.92,1.92,2.35,1.92,1.92,-24.48,-24.48,-38.3,24.48,24.48,False,False,False,False,False,False,False,False,False,2026-10-08
1204,1204.HK,BOARDWARE INTEL,博维智慧,6.5,"2,000",Equity,Equity Securities (Main Board),1.3,1.3,1.3,1.3,28000,0.04,1.479,1.634,-12.1,-20.42,-5.8,-1.89,-23.53,2.71,4.8,4.8,2.71,4.8,-52.03,-72.92,-72.92,52.03,72.92,False,False,False,False,False,False,False,False,False,2026-10-08
1205,1205.HK,CITIC RESOURCES,中信资源,47.15,"2,000",Equity,Equity Securities (Main Board),0.6,0.605,0.62,0.6,11909000,7.15,0.612,0.6,-1.96,-0.08,-3.23,-4.0,0.84,0.65,0.65,1.22,0.65,0.65,-4.62,-4.62,-49.18,7.69,7.69,False,False,False,False,False,False,False,True,True,2026-10-08
1206,1206.HK,TECHNOVATOR,同方泰德,1.2,"2,000",Equity,Equity Securities (Main Board),0.153,0.155,0.158,0.151,708000,0.11,0.165,0.175,-7.16,-12.77,-9.47,-10.0,-17.74,0.41,0.45,3.42,0.41,0.45,-60.99,-64.89,-95.38,62.22,66.0,False,False,False,False,False,False,False,False,False,2026-10-08
1208,1208.HK,MMG,五矿资源,1091.95,"4,000",Equity,Equity Securities (Main Board),8.5,8.7,8.82,8.455,21044433,178.88,8.557,8.548,-0.67,-0.56,-1.39,-0.7,-2.13,11.96,11.96,11.96,11.96,11.96,-26.25,-26.25,-26.25,28.93,28.93,False,False,False,False,False,False,False,False,False,2026-10-08
1209,1209.HK,CHINA RES MIXC,华润万象生活,851.83,200,Equity,Equity Securities (Main Board),37.32,36.72,38.08,36.72,5565609,207.71,37.036,37.46,0.77,-0.37,1.25,0.92,-2.3,51.15,51.15,55.25,51.15,51.15,-25.55,-25.55,-31.08,27.04,27.04,False,False,False,False,False,False,False,False,False,2026-10-08
1211,1211.HK,BYD COMPANY,比亚迪股份,2685.2,100,Equity,Equity Securities (Main Board),72.9,74.3,75.45,72.75,18847925,1374.01,74.09,75.71,-1.61,-3.71,-2.21,-1.62,-3.57,113.4,158.87,158.87,113.4,158.87,-33.47,-52.51,-52.51,35.71,54.11,False,False,False,False,False,False,False,False,False,2026-10-08
1215,1215.HK,KAI YUAN HLDGS,开源控股,2.81,"20,000",Equity,Equity Securities (Main Board),0.022,0.02,0.022,0.019,700000,0.02,0.022,0.022,1.85,0.92,0.0,4.76,0.0,0.03,0.03,0.14,0.03,0.03,-15.38,-31.25,-83.82,15.38,31.25,False,False,True,True,False,False,False,False,False,2026-10-08
1216,1216.HK,ZYBANK,中原银行,19.79,"1,000",Equity,Equity Securities (Main Board),0.285,0.29,0.295,0.285,90000,0.03,0.291,0.294,-2.06,-3.06,-1.72,-1.72,-5.0,0.37,0.58,2.6,0.37,0.58,-20.27,-49.14,-88.65,22.97,50.86,False,False,False,False,False,False,False,False,False,2026-10-08
1217,1217.HK,CH INNOVATION,中国创新投资,1.28,"40,000",Equity,Investment Companies,0.01,0.01,0.01,0.01,320000,0.0,0.01,0.01,0.0,0.0,0.0,0.0,0.0,0.02,0.02,0.05,0.02,0.02,-41.18,-58.33,-79.59,41.18,58.33,False,False,False,False,False,False,False,False,False,2026-10-08
1218,1218.HK,EASYKNIT INT'L,永义国际,1.75,"1,000",Equity,Equity Securities (Main Board),1.18,1.2,1.2,1.11,41000,0.05,1.215,1.218,-2.88,-3.08,-1.67,-2.88,-9.23,2.1,2.37,2.94,2.1,2.37,-42.86,-49.26,-59.18,43.81,50.11,False,False,False,False,False,False,False,False,False,2026-10-08
1222,1222.HK,WANG ON GROUP,WANG ON GROUP,2.71,"20,000",Equity,Equity Securities (Main Board),0.02,0.019,0.02,0.019,1320254,0.03,0.02,0.02,-0.99,-1.48,0.0,0.0,0.0,0.03,0.05,0.15,0.03,0.05,-28.57,-60.78,-86.67,28.57,60.78,False,False,False,False,False,False,False,False,False,2026-10-08
1223,1223.HK,SYMPHONY HOLD,新沣集团,36.43,"10,000",Equity,Equity Securities (Main Board),1.225,1.28,1.28,1.215,5840000,7.15,1.277,1.279,-4.07,-4.26,-3.92,-6.49,-5.04,1.62,1.76,1.76,1.62,1.76,-20.99,-27.27,-27.27,24.38,30.4,False,False,False,False,False,False,False,False,False,2026-10-08
1224,1224.HK,C C LAND,中渝置地,45.42,"1,000",Equity,Equity Securities (Main Board),1.17,1.175,1.175,1.17,233000,0.27,1.177,1.18,-0.59,-0.85,-0.43,-0.85,-1.27,1.4,2.38,2.55,1.4,2.38,-16.07,-50.63,-53.92,16.43,50.84,False,False,False,False,False,False,False,False,False,2026-10-08
1228,1228.HK,CANBRIDGE-B,北海康成－Ｂ,11.3,"1,000",Equity,Equity Securities (Main Board),1.89,1.93,1.93,1.88,502057,0.95,1.986,1.988,-4.83,-4.91,-6.2,-4.3,-15.44,3.5,3.5,9.99,3.5,3.5,-44.86,-44.86,-80.68,46.0,46.0,False,False,False,False,False,False,False,False,False,2026-10-08
1229,1229.HK,NAN NAN RES,南南资源,1.19,"2,000",Equity,Equity Securities (Main Board),0.156,0.148,0.156,0.146,60000,0.01,0.156,0.158,0.26,-0.95,1.96,-1.27,-1.27,0.26,0.32,1.36,0.26,0.32,-40.0,-51.25,-88.53,40.0,51.25,False,False,False,False,False,False,False,False,False,2026-10-08
1231,1231.HK,NEWTON RES,新矿资源,12.0,"2,000",Equity,Equity Securities (Main Board),0.3,0.3,0.3,0.3,134000,0.04,0.316,0.318,-5.06,-5.66,-6.25,-6.25,-6.25,0.4,0.6,1.95,0.4,0.6,-24.05,-50.0,-84.62,24.05,50.0,False,False,False,False,False,False,False,False,False,2026-10-08
1232,1232.HK,GW TIANDI,金轮天地控股,1.0,"8,000",Equity,Equity Securities (Main Board),0.475,0.38,0.485,0.38,112000,0.05,0.452,0.456,5.09,4.28,14.46,1.06,17.28,0.62,1.3,9.5,0.62,1.3,-21.77,-62.69,-94.89,23.39,63.46,False,False,False,True,False,False,False,False,False,2026-10-08
1233,1233.HK,TIMES CHINA,时代中国控股,1.65,"1,000",Equity,Equity Securities (Main Board),0.055,0.06,0.065,0.055,12010000,0.66,0.058,0.056,-5.82,-2.48,-8.33,-1.79,-20.29,0.12,0.73,17.0,0.12,0.73,-43.97,-91.1,-99.62,52.59,92.47,False,False,False,False,False,False,False,False,False,2026-10-08
1234,1234.HK,CHINA LILANG,中国利郎,33.23,"1,000",Equity,Equity Securities (Main Board),2.775,2.83,2.83,2.775,164000,0.46,2.788,2.795,-0.47,-0.7,-1.94,0.18,-0.36,3.97,5.12,13.08,3.97,5.12,-28.72,-44.73,-78.36,30.1,45.8,False,False,False,False,False,False,False,False,False,2026-10-08
1235,1235.HK,TRAVEL EXPERT,专业旅运,1.27,"5,000",Equity,Equity Securities (Main Board),0.25,0.237,0.25,0.237,250000,0.06,0.234,0.221,7.02,13.17,-1.96,23.76,24.38,0.27,0.28,0.86,0.27,0.28,-7.41,-10.71,-70.93,7.41,10.71,False,False,False,False,False,False,False,True,False,2026-10-08
1236,1236.HK,LDROBOT,乐动机器人,87.0,200,Equity,Equity Securities (Main Board),26.1,26.0,31.68,25.62,2822400,73.66,25.072,25.084,4.1,4.05,-1.14,7.58,6.53,66.0,66.0,66.0,66.0,66.0,-52.0,-52.0,-52.0,60.45,60.45,False,False,False,False,False,False,False,False,False,2026-10-08
1238,1238.HK,POWERLONG,宝龙地产,7.25,"1,000",Equity,Equity Securities (Main Board),0.175,0.18,0.18,0.164,726000,0.13,0.172,0.173,1.74,1.16,2.34,1.16,1.16,0.3,1.27,8.73,0.3,1.27,-40.0,-85.83,-97.94,41.67,86.22,False,False,False,True,False,False,False,False,False,2026-10-08
1239,1239.HK,TEAMWAY INTL GP,TEAMWAY INTL GP,1.08,"20,000",Equity,Equity Securities (Main Board),0.248,0.25,0.25,0.248,40000,0.01,0.248,0.248,0.0,0.0,0.0,0.0,0.0,0.78,0.78,25.14,0.78,0.78,-67.95,-67.95,-99.01,68.21,68.21,False,False,False,False,False,False,False,False,False,2026-10-08
1240,1240.HK,CNQC INT'L,青建国际,2.73,"2,500",Equity,Equity Securities (Main Board),0.18,0.15,0.193,0.15,217500,0.04,0.178,0.18,1.01,-0.17,0.0,4.65,-4.26,0.2,0.25,3.2,0.2,0.25,-4.46,-21.86,-93.97,10.89,27.13,False,False,True,False,False,False,False,False,False,2026-10-08
1241,1241.HK,SHUANGHUA H,双桦控股,1.1,"2,000",Equity,Equity Securities (Main Board),0.169,0.157,0.169,0.156,24000,0.0,0.168,0.169,0.6,0.0,-1.74,1.81,1.2,0.2,0.26,0.8,0.2,0.26,-15.5,-35.0,-78.88,15.5,35.0,False,False,False,True,False,False,False,False,False,2026-10-08
1244,1244.HK,3D MEDICINES,思路迪医药股份,5.96,500,Equity,Equity Securities (Main Board),2.31,2.4,2.4,2.31,109000,0.25,2.538,2.648,-8.98,-12.78,0.0,-13.81,-17.65,6.07,12.7,131.5,6.07,12.7,-60.46,-81.1,-98.17,61.94,81.81,False,False,False,False,False,False,False,False,False,2026-10-08
1245,1245.HK,NIRAKU,NIRAKU,2.98,"2,000",Equity,Equity Securities (Main Board),0.249,0.27,0.27,0.249,640000,0.16,0.269,0.274,-7.37,-9.26,-11.07,-9.45,-11.07,0.35,0.35,1.8,0.35,0.35,-23.94,-23.94,-85.0,29.86,29.86,False,False,False,False,False,False,False,False,False,2026-10-08
1247,1247.HK,MIKO INTL,米格国际控股,2.12,"6,000",Equity,Equity Securities (Main Board),0.95,1.0,1.005,0.95,90000,0.09,0.955,0.955,-0.52,-0.58,-2.06,0.0,1.6,3.07,3.42,4.0,3.07,3.42,-67.26,-70.61,-74.88,69.06,72.22,False,False,False,False,False,False,False,False,False,2026-10-08
1250,1250.HK,SDHS NEW ENERGY,山高新能源,21.9,"1,000",Equity,Equity Securities (Main Board),0.975,0.975,0.975,0.975,1000,0.0,0.99,0.998,-1.52,-2.35,-1.02,-1.02,1.56,1.89,3.35,15.0,1.89,3.35,-48.41,-70.9,-93.5,48.41,70.9,False,False,False,False,False,False,False,False,False,2026-10-08
1251,1251.HK,SPT ENERGY,华油能源,5.18,"2,000",Equity,Equity Securities (Main Board),0.265,0.265,0.29,0.265,808000,0.21,0.264,0.222,0.23,19.48,0.0,-8.62,33.84,0.38,0.38,1.22,0.38,0.38,-22.67,-22.67,-76.23,29.33,29.33,False,False,False,False,False,False,False,False,False,2026-10-08
1253,1253.HK,GREEN BROAD,绿博生态,0.97,"12,000",Equity,Equity Securities (Main Board),0.161,0.143,0.161,0.143,180000,0.03,0.153,0.145,5.5,11.03,-7.47,9.52,11.03,0.21,3.0,23.2,0.21,3.0,-23.33,-94.63,-99.31,23.33,94.63,False,False,False,True,False,False,False,False,False,2026-10-08
1257,1257.HK,CEB GREENTECH,中国光大绿色环保,14.98,"1,000",Equity,Equity Securities (Main Board),0.725,0.73,0.73,0.725,139000,0.1,0.734,0.737,-1.23,-1.63,-1.36,-1.36,-2.03,0.99,1.3,8.95,0.99,1.3,-26.26,-43.85,-91.84,26.77,44.23,False,False,False,False,False,False,False,False,False,2026-10-08
1258,1258.HK,CHINFMINING,中国有色矿业,596.23,"1,000",Equity,Equity Securities (Main Board),15.28,15.83,16.1,15.04,6361258,97.2,15.572,15.49,-1.88,-1.36,-2.24,-2.05,-2.11,19.05,19.05,19.05,19.05,19.05,-15.49,-15.49,-15.49,19.79,19.79,False,False,False,False,False,False,False,False,False,2026-10-08
1260,1260.HK,WONDERFUL SKY,皓天财经集团,4.15,"2,000",Equity,Equity Securities (Main Board),0.36,0.365,0.38,0.36,174000,0.06,0.364,0.369,-1.1,-2.31,-2.7,-2.7,0.0,0.57,0.57,2.45,0.57,0.57,-33.33,-33.33,-84.49,36.84,36.84,False,False,False,False,False,False,False,False,False,2026-10-08
1268,1268.HK,MEIDONG AUTO,美东汽车,4.91,"2,000",Equity,Equity Securities (Main Board),0.365,0.36,0.375,0.36,556000,0.2,0.373,0.38,-2.14,-3.82,1.39,-5.19,5.8,1.8,5.85,48.4,1.8,5.85,-79.17,-93.59,-99.23,79.72,93.76,False,False,False,False,False,False,False,False,False,2026-10-08
1270,1270.HK,LANGHAM-SS,朗廷－ＳＳ,15.6,"2,000",Equity,Equity Securities (Main Board),0.44,0.45,0.45,0.44,700955,0.31,0.446,0.446,-1.35,-1.46,-2.22,-1.12,-1.12,0.62,0.99,3.6,0.62,0.99,-27.42,-54.55,-87.49,29.03,55.56,False,False,False,False,False,False,False,False,False,2026-10-08
1272,1272.HK,DATANG ENVIRO,大唐环境,6.71,"1,000",Equity,Equity Securities (Main Board),1.075,1.08,1.085,1.07,103000,0.11,1.074,1.076,0.09,-0.05,-0.46,0.0,0.0,1.35,3.2,4.52,1.35,3.2,-19.63,-66.09,-76.0,20.37,66.41,False,False,True,False,False,False,False,False,False,2026-10-08
1274,1274.HK,IMOTIONTECH,知行科技,4.97,100,Equity,Equity Securities (Main Board),1.965,2.16,2.16,1.865,61600,0.12,1.947,1.946,0.92,1.0,-1.26,2.61,8.56,7.15,115.6,115.6,7.15,115.6,-69.79,-98.13,-98.13,72.52,98.3,False,False,False,True,False,False,False,False,False,2026-10-08
1276,1276.HK,HENGRUI PHARMA,恒瑞医药,125.07,200,Equity,Equity Securities (Main Board),48.44,49.74,51.0,48.28,7707959,373.37,48.804,47.528,-0.75,1.92,-1.42,0.12,-3.51,80.95,95.2,95.2,80.95,95.2,-37.0,-46.43,-46.43,40.16,49.12,False,False,False,False,False,False,False,False,False,2026-10-08
1277,1277.HK,KINETIC DEV,力量发展,161.24,"2,000",Equity,Equity Securities (Main Board),1.875,1.855,1.91,1.855,7124000,13.36,1.838,1.85,2.01,1.38,2.46,3.02,0.27,2.7,2.7,2.7,2.7,2.7,-29.26,-29.26,-29.26,30.56,30.56,False,False,False,False,False,False,False,False,False,2026-10-08
1278,1278.HK,CHINANEWTOWN,中国新城镇,6.32,"2,500",Equity,Equity Securities (Main Board),0.065,0.068,0.068,0.065,77500,0.01,0.068,0.069,-4.97,-5.66,-4.41,-5.8,-5.8,0.1,0.15,0.48,0.1,0.15,-31.31,-53.74,-85.83,34.34,55.78,False,False,False,False,False,False,False,False,False,2026-10-08
1280,1280.HK,QIDIAN GUOFENG,奇点国峰,53.36,"2,000",Equity,Equity Securities (Main Board),2.76,2.84,2.95,2.685,1086500,3.0,2.643,2.595,4.43,6.34,-2.82,10.18,9.52,3.43,5.37,19.8,3.43,5.37,-13.99,-45.07,-85.1,19.53,48.6,False,False,False,False,False,False,False,False,False,2026-10-08
1282,1282.HK,RENZE HARVEST,中泽丰,4.55,"8,000",Equity,Equity Securities (Main Board),0.091,0.091,0.091,0.083,484000,0.04,0.095,0.096,-4.01,-5.7,-1.09,-9.0,-13.33,0.16,0.29,17.07,0.16,0.29,-43.83,-69.15,-99.47,43.83,69.15,False,False,False,False,False,False,False,False,False,2026-10-08
1283,1283.HK,ACCEL GROUP,高陞集团控股,14.45,"5,000",Equity,Equity Securities (Main Board),1.75,1.74,1.75,1.74,290000,0.51,1.75,1.734,0.0,0.95,0.0,0.0,2.34,1.94,1.94,2.65,1.94,1.94,-9.79,-9.79,-33.96,9.79,9.79,False,False,True,False,False,False,False,True,True,2026-10-08
1284,1284.HK,NEW MEDIA LAB,新传企划,3.54,"5,000",Equity,Equity Securities (Main Board),0.59,0.605,0.605,0.59,205000,0.12,0.605,0.616,-2.48,-4.22,-4.84,-1.67,-0.84,0.72,0.72,1.22,0.72,0.72,-15.97,-15.97,-50.41,18.06,18.06,False,False,False,False,False,False,False,False,False,2026-10-08
1285,1285.HK,JIASHILI GP,嘉士利集团,6.33,"1,000",Equity,Equity Securities (Main Board),1.525,1.53,1.53,1.525,7000,0.01,1.539,1.549,-0.91,-1.58,0.33,-1.61,-1.61,1.72,1.72,3.42,1.72,1.72,-11.05,-11.05,-55.26,11.34,11.34,False,False,False,False,False,False,False,False,False,2026-10-08
1286,1286.HK,IMPRO PRECISION,鹰普精密,130.47,"1,000",Equity,Equity Securities (Main Board),6.7,7.03,7.075,6.66,2277827,15.26,6.911,6.941,-3.05,-3.48,-4.76,-3.67,0.0,11.8,11.8,11.8,11.8,11.8,-40.04,-40.04,-40.04,43.22,43.22,False,False,False,False,False,False,False,False,False,2026-10-08
1288,1288.HK,ABC,农业银行,2025.69,"1,000",Equity,Equity Securities (Main Board),6.59,6.49,6.7,6.49,75482187,497.43,6.532,6.555,0.89,0.53,0.23,1.62,-0.6,6.72,6.72,6.72,6.72,6.72,-0.22,-0.22,-0.22,1.86,1.86,True,False,False,True,False,False,False,True,True,2026-10-08
1289,1289.HK,SUNLIT SCI,盛力达科技,0.69,500,Equity,Equity Securities (Main Board),2.145,2.15,2.15,2.15,2000,0.0,2.149,2.062,-0.19,4.0,-0.46,-0.46,7.79,2.89,3.1,6.2,2.89,3.1,-25.61,-30.65,-65.32,25.78,30.81,False,False,False,False,False,False,False,False,False,2026-10-08
1292,1292.HK,CM LOGISTICS,长安民生物流,2.35,"1,000",Equity,Equity Securities (Main Board),1.81,1.825,1.825,1.81,40000,0.07,1.85,1.855,-2.16,-2.4,-2.69,-2.69,-2.69,4.0,4.8,6.65,4.0,4.8,-54.37,-61.98,-72.56,54.75,62.29,False,False,False,False,False,False,False,False,False,2026-10-08
1299,1299.HK,AIA,友邦保险,7165.05,200,Equity,Equity Securities (Main Board),69.25,68.8,70.7,68.4,56795279,3933.07,69.0,71.61,0.36,-3.3,0.65,0.44,-5.91,92.15,92.15,109.3,92.15,92.15,-23.28,-23.28,-35.32,24.85,24.85,False,False,False,False,False,False,False,False,False,2026-10-08
1300,1300.HK,TRIGIANT,俊知集团,54.98,"2,000",Equity,Equity Securities (Main Board),3.11,3.295,3.475,3.015,8511000,26.47,3.069,3.147,1.34,-1.19,-5.76,10.28,8.74,4.93,4.93,4.93,4.93,4.93,-29.51,-29.51,-29.51,36.92,36.92,False,False,False,False,False,False,False,False,False,2026-10-08
1301,1301.HK,D&G TECH,德基科技控股,1.85,"2,000",Equity,Equity Securities (Main Board),0.295,0.29,0.325,0.29,194000,0.06,0.3,0.303,-1.67,-2.64,-1.67,-1.67,0.0,0.69,1.05,1.7,0.69,1.05,-52.9,-69.05,-80.88,57.25,71.9,False,False,False,False,False,False,False,False,False,2026-10-08
1302,1302.HK,LIFETECH SCI,先健科技,60.68,"2,000",Equity,Equity Securities (Main Board),1.31,1.315,1.36,1.29,23916000,31.33,1.309,1.333,0.08,-1.76,0.38,0.77,-6.09,2.38,2.63,5.98,2.38,2.63,-42.86,-48.29,-77.26,44.96,50.19,False,False,False,False,False,False,False,False,False,2026-10-08
1303,1303.HK,HUILI RES,汇力资源,2.94,"2,000",Equity,Equity Securities (Main Board),0.14,0.134,0.134,0.134,30000,0.0,0.153,0.16,-8.38,-12.28,-2.1,-13.04,-14.11,0.33,0.66,1.74,0.33,0.66,-59.39,-79.7,-92.3,57.58,78.79,False,False,False,False,False,False,False,False,False,2026-10-08
1304,1304.HK,FORTIOR,FORTIOR,25.44,100,Equity,Equity Securities (Main Board),118.0,119.6,123.8,118.0,287300,33.9,121.68,122.15,-3.02,-3.4,-4.99,-2.64,0.17,185.0,226.4,226.4,185.0,226.4,-33.08,-45.32,-45.32,36.22,47.88,False,False,False,False,False,False,False,False,False,2026-10-08
1308,1308.HK,SITC,海丰国际,1342.21,"1,000",Equity,Equity Securities (Main Board),49.5,47.92,49.66,47.24,5497375,272.12,48.46,48.334,2.15,2.41,1.06,2.57,3.04,50.0,50.0,50.0,50.0,50.0,-0.68,-0.68,-0.68,1.0,1.0,False,False,False,True,False,False,False,True,True,2026-10-08
1310,1310.HK,HKBN,香港宽频,84.45,500,Equity,Equity Securities (Main Board),5.71,5.73,5.78,5.7,587495,3.35,5.609,5.588,1.8,2.18,-0.17,3.82,3.16,8.4,9.41,15.6,8.4,9.41,-31.19,-38.58,-62.95,32.02,39.32,False,False,False,False,False,False,False,False,False,2026-10-08
1312,1312.HK,KONTA CHINA,华控康泰,1.84,"6,000",Equity,Equity Securities (Main Board),0.033,0.03,0.033,0.03,120000,0.0,0.033,0.033,1.23,1.23,6.45,0.0,0.0,0.04,0.05,0.9,0.04,0.05,-8.33,-31.25,-96.33,8.33,31.25,False,False,False,True,False,False,False,True,False,2026-10-08
1313,1313.HK,CR BLDG MAT TEC,华润建材科技,63.89,"2,000",Equity,Equity Securities (Main Board),0.915,0.91,0.945,0.91,10578000,9.68,0.912,0.92,0.33,-0.49,1.1,0.55,-3.68,2.06,2.31,12.44,2.06,2.31,-54.13,-59.09,-92.4,55.58,60.39,False,False,False,False,False,False,False,False,False,2026-10-08
1316,1316.HK,NEXTEER,耐世特,112.94,"1,000",Equity,Equity Securities (Main Board),4.5,4.6,4.67,4.485,5424969,24.41,4.551,4.576,-1.12,-1.65,-2.49,-1.1,-0.55,8.25,8.9,20.4,8.25,8.9,-43.39,-47.53,-77.11,45.45,49.44,False,False,False,False,False,False,False,False,False,2026-10-08
1317,1317.HK,MAPLELEAF EDU,枫叶教育,4.64,"2,000",Equity,Equity Securities (Main Board),0.163,0.16,0.163,0.16,48000,0.01,0.163,0.171,-0.24,-4.85,-1.21,0.62,-8.94,0.4,0.57,7.63,0.4,0.57,-58.73,-71.4,-97.86,58.73,71.4,False,False,False,False,False,False,False,False,False,2026-10-08
1318,1318.HK,MAO GEPING,毛戈平,224.72,100,Equity,Equity Securities (Main Board),45.86,44.8,47.56,44.76,2402600,110.18,44.352,44.588,3.4,2.85,2.6,4.75,0.17,93.3,130.6,130.6,93.3,130.6,-49.02,-63.58,-63.58,50.85,64.89,False,False,False,False,False,False,False,False,False,2026-10-08
1319,1319.HK,OIWAHPAWN,霭华押业信贷,5.2,"8,000",Equity,Equity Securities (Main Board),0.27,0.27,0.27,0.27,152000,0.04,0.27,0.275,0.0,-1.82,0.0,0.0,-3.57,0.34,0.34,0.6,0.34,0.34,-21.74,-21.74,-55.0,21.74,21.74,False,False,False,False,False,False,False,False,False,2026-10-08
1330,1330.HK,DYNAGREEN ENV,绿色动力环保,24.4,"1,000",Equity,Equity Securities (Main Board),6.035,6.0,6.08,5.98,561231,3.39,5.948,5.998,1.46,0.62,2.37,2.12,-1.07,6.69,7.7,7.7,6.69,7.7,-9.12,-21.04,-21.04,9.79,21.62,False,False,False,True,False,False,False,True,False,2026-10-08
1332,1332.HK,TOUYUN BIOTECH,透云生物,4.36,"10,000",Equity,Equity Securities (Main Board),0.149,0.15,0.151,0.149,320000,0.05,0.152,0.155,-1.97,-3.87,0.68,-3.87,-6.87,0.32,0.75,2.2,0.32,0.75,-53.54,-79.87,-93.14,54.15,80.13,False,False,False,False,False,False,False,False,False,2026-10-08
1333,1333.HK,BRETON,博雷顿,49.39,200,Equity,Equity Securities (Main Board),13.15,17.05,17.05,11.95,9893600,130.1,17.87,15.753,-26.41,-16.52,-25.28,-33.92,-18.42,31.0,55.55,55.55,31.0,55.55,-45.0,-69.31,-69.31,57.58,76.33,False,False,False,False,False,False,False,False,False,2026-10-08
1334,1334.HK,RUICHANG INTL,瑞昌国际控股,4.33,"2,500",Equity,Equity Securities (Main Board),0.865,0.88,0.88,0.88,12500,0.01,0.862,0.886,0.35,-2.37,2.98,1.76,-5.98,2.65,2.65,2.65,2.65,2.65,-66.79,-66.79,-66.79,67.36,67.36,False,False,False,False,False,False,False,False,False,2026-10-08
1336,1336.HK,NCI,新华保险,463.49,100,Equity,Equity Securities (Main Board),44.82,44.5,45.64,44.32,6467855,289.89,44.3,44.86,1.17,-0.09,1.36,1.45,-0.44,65.8,65.8,65.8,65.8,65.8,-30.64,-30.64,-30.64,31.88,31.88,False,False,False,False,False,False,False,False,False,2026-10-08
1338,1338.HK,BAWANG GROUP,霸王集团,1.01,"2,000",Equity,Equity Securities (Main Board),0.032,0.03,0.033,0.03,742000,0.02,0.032,0.032,1.27,0.0,3.23,-3.03,3.23,0.05,0.08,0.52,0.05,0.08,-31.25,-58.75,-93.65,33.33,60.0,False,False,False,True,False,False,False,False,False,2026-10-08
1339,1339.HK,PICC GROUP,中国人民保险集团,465.11,"1,000",Equity,Equity Securities (Main Board),5.33,5.46,5.49,5.31,35956557,191.65,5.402,5.538,-1.33,-3.76,-0.19,-2.02,-4.99,7.63,7.63,7.63,7.63,7.63,-28.05,-28.05,-28.05,30.14,30.14,False,False,False,False,False,False,False,False,False,2026-10-08
1340,1340.HK,HUISHENG INTL,惠生国际,0.65,"10,000",Equity,Equity Securities (Main Board),0.47,0.47,0.47,0.47,20000,0.01,0.505,0.501,-6.93,-6.19,-2.08,-13.76,-13.76,1.0,1.0,5.72,1.0,1.0,-53.0,-53.0,-91.79,53.0,53.0,False,False,False,False,False,False,False,False,False,2026-10-08
1341,1341.HK,HAO TIAN INTL,昊天国际建投,2.77,"8,000",Equity,Equity Securities (Main Board),0.025,0.026,0.028,0.024,117808000,2.95,0.023,0.02,7.76,27.55,-3.85,25.0,56.25,0.16,2.1,2.1,0.16,2.1,-82.5,-98.67,-98.67,84.37,98.81,False,False,False,False,False,False,False,False,False,2026-10-08
1346,1346.HK,LEVER STYLE,利华控股集团,8.63,"4,000",Equity,Equity Securities (Main Board),1.35,1.38,1.39,1.35,224000,0.3,1.348,1.345,0.15,0.37,-0.74,0.75,1.5,1.64,1.69,1.69,1.64,1.69,-15.24,-17.75,-17.75,17.68,20.12,False,False,False,False,False,False,False,False,False,2026-10-08
1347,1347.HK,HUA HONG GRACE,华虹宏力,1271.46,"1,000",Equity,Equity Securities (Main Board),95.6,105.0,105.5,95.0,27062517,2587.18,104.92,106.28,-8.88,-10.05,-9.21,-13.09,-9.3,219.6,219.6,219.6,219.6,219.6,-51.96,-51.96,-51.96,56.47,56.47,False,False,False,False,False,False,False,False,False,2026-10-08
1348,1348.HK,QUALI-SMART,滉达富控股,2.17,"2,000",Equity,Equity Securities (Main Board),0.147,0.156,0.156,0.145,1644000,0.24,0.163,0.168,-9.82,-12.4,-11.98,-14.53,-10.91,0.41,0.41,0.75,0.41,0.41,-62.41,-62.41,-79.2,64.58,64.58,False,False,False,False,False,False,False,False,False,2026-10-08
1349,1349.HK,FUDANZHANGJIANG,复旦张江,8.3,"1,000",Equity,Equity Securities (Main Board),2.545,2.59,2.615,2.51,882000,2.24,2.525,2.559,0.79,-0.55,-0.2,2.83,-3.42,3.69,5.29,9.26,3.69,5.29,-29.13,-50.57,-71.76,31.03,51.89,False,False,True,False,False,False,False,False,False,2026-10-08
1351,1351.HK,BRIGHT FUTURE,辉煌明天,1.95,"2,000",Equity,Equity Securities (Main Board),0.325,0.3,0.33,0.3,694000,0.23,0.31,0.313,4.84,3.67,1.56,8.33,1.56,0.44,0.88,4.6,0.44,0.88,-25.84,-62.5,-92.83,26.97,63.07,True,False,False,True,False,False,False,False,False,2026-10-08
1354,1354.HK,KINGFARPROPERTY,经发物业,0.48,300,Equity,Equity Securities (Main Board),2.9,2.945,2.945,2.94,66900,0.19,2.864,2.768,1.26,4.77,-1.69,1.05,8.21,4.0,41.55,41.55,4.0,41.55,-26.38,-92.91,-92.91,27.5,93.02,False,False,False,False,False,False,False,False,False,2026-10-08
1355,1355.HK,BIOSYSEN,生物系统工程,3.58,"20,000",Equity,Equity Securities (Main Board),0.2,0.184,0.2,0.183,1000000,0.2,0.199,0.198,0.7,1.06,0.5,1.01,-7.41,0.23,1.18,1.65,0.23,1.18,-13.04,-83.05,-87.88,13.04,83.05,False,False,False,True,False,False,False,False,False,2026-10-08
1357,1357.HK,MEITU,美图公司,162.61,500,Equity,Equity Securities (Main Board),3.6,3.705,3.765,3.585,40541146,145.95,3.681,3.72,-2.2,-3.24,-2.83,-2.96,-5.64,9.33,12.56,23.05,9.33,12.56,-59.65,-70.02,-83.67,61.41,71.34,False,False,False,False,False,False,False,False,False,2026-10-08
1358,1358.HK,PW MEDTECH,普华和顺,13.04,"1,000",Equity,Equity Securities (Main Board),0.91,0.9,0.925,0.9,2025000,1.84,0.904,0.907,0.66,0.39,2.25,0.0,-2.15,1.41,1.63,2.66,1.41,1.63,-34.4,-43.25,-65.23,35.46,44.17,False,False,False,True,False,False,False,False,False,2026-10-08
1359,1359.HK,CHINA CINDA,中国信达,119.39,"1,000",Equity,Equity Securities (Main Board),0.88,0.89,0.91,0.875,31619561,27.83,0.89,0.889,-1.12,-1.07,-0.56,-1.12,-2.76,1.38,2.1,3.52,1.38,2.1,-34.06,-56.67,-74.15,36.23,58.1,False,False,False,False,False,False,False,False,False,2026-10-08
1361,1361.HK,361 DEGREES,３６１度,95.38,"1,000",Equity,Equity Securities (Main Board),4.4,4.52,4.52,4.395,2149000,9.46,4.387,4.433,0.3,-0.74,0.34,0.57,-2.33,7.25,7.25,7.25,7.25,7.25,-37.66,-37.66,-37.66,39.31,39.31,False,False,False,False,False,False,False,False,False,2026-10-08
1364,1364.HK,GUMING,古茗,547.3,400,Equity,Equity Securities (Main Board),23.4,22.3,23.64,22.28,8766932,205.15,22.524,22.268,3.89,5.08,4.65,5.22,2.72,31.28,31.28,31.28,31.28,31.28,-24.42,-24.42,-24.42,25.19,25.19,True,False,False,False,False,False,False,False,False,2026-10-08
1368,1368.HK,XTEP INT'L,特步国际,97.68,500,Equity,Equity Securities (Main Board),3.47,3.455,3.495,3.435,4538932,15.75,3.448,3.454,0.64,0.46,0.58,1.31,-0.29,5.54,7.5,16.32,5.54,7.5,-36.91,-53.4,-78.58,37.36,53.73,True,False,True,True,False,False,False,False,False,2026-10-08
1370,1370.HK,AOWEI HOLDING,奥威控股,2.26,"1,000",Equity,Equity Securities (Main Board),0.138,0.14,0.145,0.133,894000,0.12,0.142,0.15,-3.09,-8.06,2.99,-1.43,-9.8,0.41,1.19,2.95,0.41,1.19,-64.2,-87.82,-95.08,65.93,88.4,False,False,False,False,False,False,False,False,False,2026-10-08
1372,1372.HK,C CARBONNEUTRAL,中国碳中和,10.79,"1,000",Equity,Equity Securities (Main Board),1.1,1.18,1.18,1.1,761000,0.84,1.119,1.144,-1.7,-3.85,-7.17,-1.35,4.27,1.68,2.02,9.65,1.68,2.02,-29.76,-41.58,-87.77,34.52,45.54,False,False,False,False,False,False,False,False,False,2026-10-08
1373,1373.HK,IH RETAIL,国际家居零售,4.56,"1,000",Equity,Equity Securities (Main Board),0.64,0.64,0.64,0.63,222588,0.14,0.644,0.649,-0.62,-1.46,0.0,-1.54,-1.54,0.85,2.26,3.4,0.85,2.26,-24.71,-71.68,-81.18,24.71,71.68,False,False,False,False,False,False,False,False,False,2026-10-08
1375,1375.HK,CC SECURITIES,中州证券,17.93,"1,000",Equity,Equity Securities (Main Board),1.5,1.56,1.58,1.495,11454000,17.18,1.527,1.557,-1.77,-3.66,-2.91,-0.99,-6.25,2.38,4.08,4.98,2.38,4.08,-33.61,-61.27,-68.27,36.97,63.24,False,False,False,False,False,False,False,False,False,2026-10-08
1377,1377.HK,DTECH,鼎泰高科,31.98,100,Equity,Equity Securities (Main Board),253.2,264.8,271.8,250.6,114130,28.9,263.6,267.28,-3.95,-5.27,-6.84,-4.02,-2.39,455.6,455.6,455.6,455.6,455.6,-40.34,-40.34,-40.34,44.42,44.42,False,False,False,False,False,False,False,False,False,2026-10-08
1378,1378.HK,CHINAHONGQIAO,中国宏桥,2058.15,500,Equity,Equity Securities (Main Board),20.96,20.98,21.46,20.9,17863742,374.42,21.092,21.04,-0.63,-0.38,-0.1,-0.95,-2.69,41.36,41.36,41.36,41.36,41.36,-48.11,-48.11,-48.11,49.32,49.32,False,False,False,False,False,False,False,False,False,2026-10-08
1380,1380.HK,CHI KINGSTONE,中国金石,1.84,"10,000",Equity,Equity Securities (Main Board),0.355,0.36,0.36,0.355,100000,0.04,0.382,0.389,-7.07,-8.86,-8.97,-8.97,-11.25,0.98,1.12,5.54,0.98,1.12,-63.27,-67.86,-93.5,63.78,68.3,False,False,False,False,False,False,False,False,False,2026-10-08
1382,1382.HK,PACIFICTEXTILES,互太纺织,11.9,"1,000",Equity,Equity Securities (Main Board),0.865,0.88,0.885,0.855,544073,0.47,0.867,0.879,-0.23,-1.59,0.58,-0.57,-3.35,1.37,1.85,10.12,1.37,1.85,-35.4,-52.16,-91.25,36.86,53.24,False,False,False,False,False,False,False,False,False,2026-10-08
1384,1384.HK,DEEPEXI TECH,滴普科技,73.05,200,Equity,Equity Securities (Main Board),20.94,22.88,23.7,20.9,2143210,44.88,22.572,24.616,-7.23,-14.93,-10.59,-8.88,-12.75,120.0,128.2,128.2,120.0,128.2,-80.25,-81.51,-81.51,82.55,83.67,False,False,False,False,False,False,False,False,False,2026-10-08
1385,1385.HK,SHANGHAI FUDAN,上海复旦,68.69,"1,000",Equity,Equity Securities (Main Board),24.16,25.36,25.64,24.08,4131860,99.83,25.36,25.78,-4.73,-6.28,-5.85,-5.92,-5.77,57.0,57.0,57.0,57.0,57.0,-55.02,-55.02,-55.02,57.61,57.61,False,False,False,False,False,False,False,False,False,2026-10-08
1392,1392.HK,HQVT,海清智元,156.22,500,Equity,Equity Securities (Main Board),20.66,22.68,24.3,20.66,895000,18.49,22.736,25.288,-9.13,-18.3,-9.39,-13.7,-14.42,40.6,40.6,40.6,40.6,40.6,-40.15,-40.15,-40.15,49.11,49.11,False,False,False,False,False,False,False,False,False,2026-10-08
1393,1393.HK,HIDILI INDUSTRY,恒鼎实业,1.2,"1,000",Equity,Equity Securities (Main Board),0.026,0.026,0.026,0.024,31000,0.0,0.027,0.027,-2.99,-4.41,4.0,-3.7,-3.7,0.07,0.15,0.75,0.07,0.15,-64.38,-83.12,-96.53,64.38,83.12,False,False,False,False,False,False,False,False,False,2026-10-08
1395,1395.HK,ELL ENV,强泰环保,1.88,"5,000",Equity,Equity Securities (Main Board),0.17,0.135,0.24,0.135,440000,0.07,0.139,0.13,22.13,30.77,25.93,25.93,40.5,0.18,0.19,0.65,0.24,0.24,30.43,26.98,-63.08,29.17,29.17,False,False,False,False,True,True,False,False,False,2026-10-08
1396,1396.HK,GBA AI COMP,粤港湾智算,170.25,500,Equity,Equity Securities (Main Board),10.75,10.82,10.9,10.42,3131000,33.66,10.59,10.487,1.51,2.51,-0.46,3.86,6.02,19.85,19.85,19.85,19.85,19.85,-45.09,-45.09,-45.09,45.84,45.84,False,False,False,True,False,False,False,False,False,2026-10-08
1397,1397.HK,BAGUIO GREEN,碧瑶绿色集团,3.11,"4,000",Equity,Equity Securities (Main Board),0.75,0.75,0.75,0.75,12000,0.01,0.748,0.74,0.27,1.35,-0.66,1.35,3.45,1.32,1.41,1.41,1.32,1.41,-43.18,-46.81,-46.81,43.18,46.81,False,False,False,False,False,False,False,False,False,2026-10-08
1398,1398.HK,ICBC,工商银行,6565.97,"1,000",Equity,Equity Securities (Main Board),7.565,7.56,7.69,7.54,232978599,1762.48,7.527,7.587,0.5,-0.3,-0.2,1.48,-1.88,7.77,7.77,7.77,7.77,7.77,-1.03,-1.03,-1.03,2.64,2.64,False,False,False,False,False,False,False,True,True,2026-10-08
1399,1399.HK,VESON HLDG,锐信控股,3.6,"2,000",Equity,Equity Securities (Main Board),0.33,0.335,0.365,0.33,70000,0.02,0.34,0.339,-2.94,-2.51,-8.33,0.0,-5.71,0.6,0.6,1.04,0.6,0.6,-39.17,-39.17,-64.9,45.0,45.0,False,False,False,False,False,False,False,False,False,2026-10-08
1400,1400.HK,MOODY TECH HLDG,满地科技股份,1.18,"10,000",Equity,Equity Securities (Main Board),0.031,0.032,0.037,0.031,15570000,0.48,0.033,0.032,-4.91,-1.59,-6.06,-3.13,-3.13,0.05,1.05,61.43,0.05,1.05,-19.57,-96.48,-99.94,32.61,97.05,False,False,False,False,False,False,False,False,False,2026-10-08
1401,1401.HK,FUTURE MACH LTD,未来机器有限公司,4.05,"2,000",Equity,Equity Securities (Main Board),0.27,0.27,0.28,0.26,3816000,1.03,0.258,0.252,4.49,6.93,0.0,12.5,9.31,1.42,15.3,15.3,1.42,15.3,-80.28,-98.17,-98.17,80.99,98.24,False,False,False,False,False,False,False,False,False,2026-10-08
1402,1402.HK,I-CONTROL,超智能控股,5.25,"10,000",Equity,Equity Securities (Main Board),0.5,0.545,0.545,0.5,1500000,0.75,0.504,0.504,-0.79,-0.89,-7.41,0.0,-1.96,0.74,0.74,0.86,0.74,0.74,-26.35,-26.35,-36.63,32.43,32.43,False,False,False,False,False,False,False,False,False,2026-10-08
1405,1405.HK,DPC DASH,达势股份,38.78,100,Equity,Equity Securities (Main Board),29.46,29.5,29.9,29.36,189100,5.57,28.876,29.088,2.02,1.28,0.75,2.65,-1.93,74.5,125.2,125.2,74.5,125.2,-59.87,-76.12,-76.12,60.46,76.47,True,False,False,False,False,False,False,False,False,2026-10-08
1407,1407.HK,JY GAS,交运燃气,3.08,"2,000",Equity,Equity Securities (Main Board),0.7,0.715,0.73,0.7,142000,0.1,0.7,0.705,0.0,-0.78,0.72,-0.71,-0.71,0.83,0.83,1.6,0.83,0.83,-12.05,-12.05,-54.37,15.66,15.66,False,False,False,False,False,False,False,False,False,2026-10-08
1408,1408.HK,MACAU E&M,濠江机电,2.17,"2,000",Equity,Equity Securities (Main Board),0.435,0.43,0.46,0.42,418000,0.18,0.444,0.419,-2.03,3.94,-4.4,-4.4,6.1,0.49,0.49,5.5,0.49,0.49,-5.15,-5.15,-91.64,10.31,10.31,False,False,False,False,False,False,False,False,False,2026-10-08
1410,1410.HK,EDVANCE INTL,安领国际,11.61,"10,000",Equity,Equity Securities (Main Board),1.15,1.075,1.15,1.07,1370000,1.58,1.093,1.082,5.21,6.33,5.5,5.5,0.88,1.15,1.25,1.85,1.15,1.25,-0.43,-8.0,-37.84,0.43,8.0,False,False,False,True,False,False,False,True,True,2026-10-08
1413,1413.HK,FEG HOLDINGS,铸帝控股,0.7,"7,000",Equity,Equity Securities (Main Board),0.212,0.213,0.213,0.2,840000,0.18,0.214,0.21,-0.75,0.81,-0.47,-0.93,-0.47,0.42,1.62,2.6,0.42,1.62,-49.29,-86.89,-91.81,49.52,86.95,False,False,False,False,False,False,False,False,False,2026-10-08
1415,1415.HK,COWELL,高伟电子,190.33,"1,000",Equity,Equity Securities (Main Board),22.0,23.4,23.4,21.64,2224120,48.93,22.68,22.494,-3.0,-2.2,-5.74,-2.4,-2.22,33.88,43.06,43.06,33.88,43.06,-30.93,-45.66,-45.66,35.06,48.91,False,False,False,False,False,False,False,False,False,2026-10-08
1416,1416.HK,CTR HOLDINGS,CTR HOLDINGS,2.77,"10,000",Equity,Equity Securities (Main Board),0.179,0.179,0.179,0.179,210000,0.04,0.178,0.181,0.56,-1.32,-0.56,2.29,-3.24,0.26,0.34,0.71,0.26,0.34,-32.45,-48.12,-74.79,32.45,48.12,False,False,False,False,False,False,False,False,False,2026-10-08
1417,1417.HK,RIVERINE CHINA,浦江中国,21.93,"2,000",Equity,Equity Securities (Main Board),5.415,5.605,5.605,5.2,528000,2.86,5.614,5.184,-3.54,4.45,-4.41,-3.73,15.58,9.78,9.78,9.78,9.78,9.78,-42.72,-42.72,-42.72,44.66,44.66,False,False,False,False,False,False,False,False,False,2026-10-08
1420,1420.HK,CHUAN HOLDING,川控股,3.42,"4,000",Equity,Equity Securities (Main Board),0.255,0.25,0.255,0.25,8000,0.0,0.246,0.249,3.74,2.2,2.0,11.35,-1.92,0.33,0.33,0.52,0.33,0.33,-22.73,-22.73,-50.96,22.73,22.73,True,False,False,False,False,False,False,False,False,2026-10-08
1425,1425.HK,JUSTIN ALLEN H,捷隆控股,7.0,"5,000",Equity,Equity Securities (Main Board),0.56,0.565,0.565,0.56,285000,0.16,0.565,0.57,-0.88,-1.84,0.0,-1.75,-5.08,0.73,0.85,0.85,0.73,0.85,-22.6,-33.53,-33.53,23.29,34.12,False,False,False,False,False,False,False,False,False,2026-10-08
1427,1427.HK,CH TIANBAO GP,中国天保集团,1.68,"1,000",Equity,Equity Securities (Main Board),0.191,0.196,0.196,0.191,3000,0.0,0.187,0.214,2.25,-10.71,0.53,9.14,-16.96,0.29,0.35,4.44,0.29,0.35,-32.41,-44.0,-95.59,34.14,45.43,False,False,False,False,False,False,False,False,False,2026-10-08
1428,1428.HK,BRIGHT SMART,耀才证券金融,110.83,"2,000",Equity,Equity Securities (Main Board),6.53,6.79,6.79,6.45,11382500,74.33,6.681,6.805,-2.26,-4.04,-3.04,-3.47,-4.53,16.88,17.68,17.68,16.88,17.68,-59.77,-61.6,-61.6,61.32,63.07,False,False,False,False,False,False,False,False,False,2026-10-08
1429,1429.HK,SKYMISSION GP,天任集团,3.72,"8,000",Equity,Equity Securities (Main Board),0.194,0.194,0.195,0.185,2000000,0.39,0.193,0.196,0.41,-0.92,0.0,2.11,0.0,0.35,0.35,2.53,0.35,0.35,-45.07,-45.07,-92.29,45.35,45.35,False,False,False,False,False,False,False,False,False,2026-10-08
1431,1431.HK,YST DAIRY,原生态牧业,13.84,"1,000",Equity,Equity Securities (Main Board),0.295,0.31,0.31,0.29,2609000,0.77,0.289,0.293,2.08,0.68,3.51,3.51,0.0,0.38,0.44,0.95,0.38,0.44,-19.48,-28.74,-67.37,23.38,32.18,False,False,False,True,False,False,False,False,False,2026-10-08
1432,1432.HK,CHINASHENGMU-PF,中国圣牧－ＰＦ,25.56,"1,000",Equity,Equity Securities (Main Board),0.305,0.315,0.315,0.3,2137000,0.65,0.31,0.318,-1.61,-4.09,-3.17,-3.17,0.0,0.44,0.5,2.65,0.44,0.5,-27.59,-37.0,-88.11,29.89,39.0,False,False,False,False,False,False,False,False,False,2026-10-08
1440,1440.HK,STAR SHINE HLDG,应星控股,254.22,"2,500",Equity,Equity Securities (Main Board),20.18,19.9,20.24,19.4,2050000,41.37,19.838,19.979,1.72,1.01,0.9,2.7,1.15,23.5,23.5,23.5,23.5,23.5,-13.87,-13.87,-13.87,14.13,14.13,True,False,False,True,False,False,False,False,False,2026-10-08
1443,1443.HK,FULUM GP HLDG,富临集团控股,1.53,"2,000",Equity,Equity Securities (Main Board),0.118,0.129,0.134,0.11,700000,0.08,0.134,0.122,-11.68,-3.59,-8.53,-15.11,-15.71,0.16,0.25,1.37,0.16,0.25,-15.19,-46.4,-90.22,25.32,52.8,False,False,False,False,False,False,False,False,False,2026-10-08
1447,1447.HK,SFK,新福港,2.12,"2,000",Equity,Equity Securities (Main Board),0.53,0.52,0.53,0.52,504000,0.27,0.531,0.531,-0.19,-0.19,0.0,0.0,-0.93,0.73,0.73,3.65,0.73,0.73,-27.4,-27.4,-85.48,27.4,27.4,False,False,False,False,False,False,False,False,False,2026-10-08
1449,1449.HK,LEADER EDU,立德教育,12.2,"1,000",Equity,Equity Securities (Main Board),1.525,2.0,2.065,1.52,2856000,4.36,1.867,1.778,-18.32,-14.25,-23.17,-21.19,-19.31,2.1,2.1,2.1,2.1,2.1,-1.67,-1.67,-1.67,27.38,27.38,False,False,False,False,False,False,False,False,False,2026-10-08
1450,1450.HK,BE FRIENDS HLDG,交个朋友控股,8.08,"2,000",Equity,Equity Securities (Main Board),0.575,0.6,0.635,0.575,111400,0.06,0.613,0.629,-6.2,-8.51,-5.74,-8.0,-6.5,1.15,1.95,4.6,1.15,1.95,-44.78,-67.44,-86.2,50.0,70.51,False,False,False,False,False,False,False,False,False,2026-10-08
1451,1451.HK,MS GROUP HLDGS,万成集团股份,2.9,"2,000",Equity,Equity Securities (Main Board),1.42,1.42,1.42,1.42,34000,0.05,1.387,1.387,2.38,2.42,-0.35,6.37,7.98,2.35,2.35,2.35,2.35,2.35,-39.57,-39.57,-39.57,39.57,39.57,False,False,False,False,False,False,False,False,False,2026-10-08
1452,1452.HK,DENOX ENV,迪诺斯环保,1.22,"1,000",Equity,Equity Securities (Main Board),0.158,0.18,0.18,0.157,922000,0.15,0.176,0.18,-10.43,-12.12,-15.96,-9.2,-12.22,0.24,0.24,1.19,0.24,0.24,-25.0,-25.0,-84.87,34.17,34.17,False,False,False,False,False,False,False,False,False,2026-10-08
1455,1455.HK,FOURACE IND GP,科利实业控股,3.96,"5,000",Equity,Equity Securities (Main Board),0.31,0.31,0.31,0.295,515000,0.16,0.308,0.306,0.65,1.47,-3.12,3.33,0.0,0.35,0.35,1.45,0.35,0.35,-11.43,-11.43,-78.62,11.43,11.43,False,False,True,True,False,False,False,False,False,2026-10-08
1456,1456.HK,GLMS SEC,国联民生,15.45,500,Equity,Equity Securities (Main Board),3.49,3.59,3.6,3.49,1174500,4.1,3.532,3.572,-1.19,-2.28,-1.13,-1.27,-3.99,5.67,8.18,8.18,5.67,8.18,-36.51,-55.99,-55.99,38.45,57.33,False,False,False,False,False,False,False,False,False,2026-10-08
1458,1458.HK,ZHOU HEI YA,周黑鸭,22.27,500,Equity,Equity Securities (Main Board),1.07,1.065,1.075,1.045,1695000,1.81,1.054,1.059,1.52,1.04,1.42,2.39,0.0,1.76,2.9,11.86,1.76,2.9,-38.92,-62.93,-90.94,39.2,63.1,False,False,True,True,False,False,False,False,False,2026-10-08
1463,1463.HK,C-LINK SQ,C-LINK SQ,10.49,"2,000",Equity,Equity Securities (Main Board),0.365,0.365,0.365,0.365,100000,0.04,0.367,0.369,-0.54,-0.95,0.0,-1.35,-1.35,0.44,1.85,1.85,0.44,1.85,-17.05,-80.27,-80.27,17.05,80.27,False,False,False,False,False,False,False,False,False,2026-10-08
1466,1466.HK,BAIJIN LIFE SCI,佰金生命科学,15.85,"8,000",Equity,Equity Securities (Main Board),1.7,1.81,1.84,1.675,2544000,4.32,1.79,1.761,-5.03,-3.46,-4.76,-9.09,-10.53,1.96,1.96,14.26,1.96,1.96,-6.12,-6.12,-87.1,13.27,13.27,False,False,False,False,False,False,False,False,False,2026-10-08
1470,1470.HK,PROSPER ONE,富一国际控股,0.96,"4,000",Equity,Equity Securities (Main Board),0.12,0.123,0.123,0.12,140000,0.02,0.122,0.124,-1.96,-3.3,-2.44,-2.44,-2.44,0.21,0.34,1.42,0.21,0.34,-41.43,-63.82,-91.34,42.86,64.71,False,False,False,False,False,False,False,False,False,2026-10-08
1472,1472.HK,SANG HING HLDGS,生兴控股,0.95,"5,000",Equity,Equity Securities (Main Board),0.095,0.095,0.095,0.095,20000,0.0,0.095,0.094,0.42,0.96,0.0,0.0,1.06,0.16,0.16,3.95,0.16,0.16,-38.71,-38.71,-97.59,38.71,38.71,False,False,False,False,False,False,False,False,False,2026-10-08
1473,1473.HK,PANGAEA CONNECT,环联连讯,17.09,"4,000",Equity,Equity Securities (Main Board),1.445,1.515,1.53,1.38,1920000,2.77,1.516,1.391,-4.68,3.84,-6.47,-6.77,7.43,2.03,2.03,2.03,2.03,2.03,-24.63,-24.63,-24.63,28.82,28.82,False,False,False,False,False,False,False,False,False,2026-10-08
1475,1475.HK,NISSIN FOODS,日清食品,69.09,"1,000",Equity,Equity Securities (Main Board),6.62,6.7,6.72,6.5,202295,1.34,6.641,6.654,-0.32,-0.52,-1.78,0.3,-0.9,9.69,9.69,9.69,9.69,9.69,-30.65,-30.65,-30.65,31.68,31.68,False,False,False,False,False,False,False,False,False,2026-10-08
1477,1477.HK,OCUMENSION-B,欧康维视生物－Ｂ,41.18,500,Equity,Equity Securities (Main Board),5.05,5.15,5.35,5.04,268500,1.36,5.155,5.129,-2.04,-1.53,-3.26,-0.79,-0.69,8.65,12.23,43.0,8.65,12.23,-38.15,-56.26,-87.56,41.62,58.71,False,False,False,False,False,False,False,False,False,2026-10-08
1478,1478.HK,Q TECH,丘钛科技,57.77,"1,000",Equity,Equity Securities (Main Board),4.835,5.06,5.055,4.83,4739000,22.91,4.963,5.019,-2.58,-3.67,-3.69,-1.43,-4.45,10.5,16.99,23.25,10.5,16.99,-51.86,-70.25,-78.26,53.95,71.54,False,False,False,False,False,False,False,False,False,2026-10-08
1480,1480.HK,YAN TAT GROUP,恩达集团控股,2.4,"2,000",Equity,Equity Securities (Main Board),1.0,0.985,1.0,0.985,8000,0.01,0.995,1.003,0.5,-0.3,0.0,1.52,0.0,2.95,2.95,2.95,2.95,2.95,-66.1,-66.1,-66.1,66.1,66.1,False,False,True,False,False,False,False,False,False,2026-10-08
1481,1481.HK,SMART GLOBE,竣球控股,14.03,"10,000",Equity,Equity Securities (Main Board),1.375,1.375,1.375,1.375,30000,0.04,1.375,1.389,0.0,-1.01,0.0,0.0,0.0,3.15,3.15,3.15,3.15,3.15,-56.35,-56.35,-56.35,56.35,56.35,False,False,False,False,False,False,False,False,False,2026-10-08
1483,1483.HK,NET-A-GO TECH,网誉科技,9.59,"2,000",Equity,Equity Securities (Main Board),1.17,1.215,1.215,1.14,332000,0.39,1.222,1.225,-4.26,-4.49,-2.9,-8.95,-6.4,1.6,1.74,2.85,1.6,1.74,-24.06,-30.17,-57.37,26.88,32.76,False,False,False,False,False,False,False,False,False,2026-10-08
1488,1488.HK,BEST FOOD HLDG,百福控股,16.1,"2,000",Equity,Equity Securities (Main Board),1.02,1.02,1.02,1.02,10000,0.01,1.006,0.993,1.39,2.72,0.99,0.99,4.08,1.02,1.23,2.44,1.02,1.23,0.0,-17.07,-58.2,0.0,17.07,False,False,False,False,False,False,False,True,False,2026-10-08
1489,1489.HK,GC CONSTRUCTION,GC CONSTRUCTION,34.6,"5,000",Equity,Equity Securities (Main Board),3.46,3.545,3.58,3.22,900000,3.11,3.648,3.629,-5.15,-4.64,-2.4,-11.73,-2.12,4.59,4.59,4.59,4.59,4.59,-22.09,-22.09,-22.09,24.7,24.7,False,False,False,False,False,False,False,False,False,2026-10-08
1496,1496.HK,AP RENTALS,亚积邦租赁,1.75,"4,000",Equity,Equity Securities (Main Board),0.202,0.2,0.202,0.199,320000,0.06,0.203,0.204,-0.59,-0.83,1.51,-1.46,-3.35,0.21,0.21,0.61,0.21,0.21,-5.61,-5.61,-66.89,5.61,5.61,False,False,False,False,False,False,False,True,True,2026-10-08
1498,1498.HK,PURAPHARM,培力农本方,1.31,500,Equity,Equity Securities (Main Board),0.245,0.245,0.245,0.245,13000,0.0,0.247,0.25,-0.81,-1.92,0.0,0.0,0.82,0.38,1.17,4.15,0.38,1.17,-34.67,-79.06,-94.09,34.67,79.06,False,False,False,False,False,False,False,False,False,2026-10-08
1499,1499.HK,OKG TECH,欧科云链,6.23,"10,000",Equity,Equity Securities (Main Board),0.116,0.12,0.12,0.115,372000,0.04,0.118,0.115,-1.69,0.52,-6.45,0.0,4.5,0.22,0.73,1.22,0.22,0.73,-46.67,-83.56,-90.16,48.44,84.11,False,False,False,False,False,False,False,False,False,2026-10-08
1500,1500.HK,INCON,现恒建筑,2.82,"5,000",Equity,Equity Securities (Main Board),0.34,0.345,0.345,0.335,150000,0.05,0.347,0.352,-2.02,-3.41,-1.45,-5.56,-4.23,0.47,0.47,1.02,0.47,0.47,-27.37,-27.37,-66.18,28.42,28.42,False,False,False,False,False,False,False,False,False,2026-10-08
1501,1501.HK,INT MEDICAL,瑛泰医疗,69.36,200,Equity,Equity Securities (Main Board),32.84,33.4,33.5,32.1,168000,5.52,33.28,33.654,-1.32,-2.42,-1.2,-2.26,-3.01,41.4,41.4,73.7,41.4,41.4,-19.08,-19.08,-54.55,20.68,20.68,False,False,False,False,False,False,False,False,False,2026-10-08
1502,1502.HK,FIN STREET PPT,金融街物业,1.93,"1,000",Equity,Equity Securities (Main Board),1.865,1.865,1.865,1.855,163000,0.3,1.884,1.921,-1.01,-2.89,0.27,-1.84,-4.11,2.34,2.56,14.32,2.34,2.56,-20.3,-27.15,-86.98,20.3,27.15,False,False,False,False,False,False,False,False,False,2026-10-08
1508,1508.HK,CHINA RE,中国再保险,82.16,"1,000",Equity,Equity Securities (Main Board),1.23,1.205,1.255,1.205,10569000,13.0,1.206,1.215,1.99,1.23,2.5,2.5,-1.6,1.84,1.84,1.94,1.84,1.84,-31.79,-31.79,-35.31,33.15,33.15,False,False,False,True,False,False,False,False,False,2026-10-08
1511,1511.HK,UISEE TECH,驭势科技,63.36,50,Equity,Equity Securities (Main Board),50.0,51.8,51.8,49.8,258200,12.91,51.03,51.615,-2.02,-3.13,-3.47,-2.63,-4.12,102.3,102.3,102.3,102.3,102.3,-49.36,-49.36,-49.36,51.12,51.12,False,False,False,False,False,False,False,False,False,2026-10-08
1513,1513.HK,LIVZON PHARMA,丽珠医药,63.62,100,Equity,Equity Securities (Main Board),21.22,22.04,22.1,21.1,2549154,54.09,21.688,21.792,-2.16,-2.62,-2.39,-1.94,-6.6,30.88,41.85,42.6,30.88,41.85,-28.43,-47.19,-48.12,31.28,49.3,False,False,False,False,False,False,False,False,False,2026-10-08
1515,1515.HK,CR MEDICAL,华润医疗,29.82,500,Equity,Equity Securities (Main Board),2.3,2.325,2.34,2.285,692000,1.59,2.327,2.368,-1.16,-2.87,-0.65,-1.08,-4.56,3.47,5.23,14.16,3.47,5.23,-32.56,-55.26,-83.47,33.72,56.02,False,False,False,False,False,False,False,False,False,2026-10-08
1516,1516.HK,SUNAC SERVICES,融创服务,22.41,"1,000",Equity,Equity Securities (Main Board),0.74,0.74,0.76,0.73,3025603,2.24,0.742,0.754,-0.27,-1.92,0.0,0.0,-3.9,1.5,3.18,29.4,1.5,3.18,-49.33,-76.1,-97.41,50.67,76.73,False,False,False,False,False,False,False,False,False,2026-10-08
1519,1519.HK,J&T EXPRESS-W,极兔速递－Ｗ,747.9,200,Equity,Equity Securities (Main Board),8.69,8.95,8.995,8.66,32096946,278.92,8.741,8.736,-0.58,-0.53,-3.82,1.7,0.58,12.2,16.54,16.54,12.2,16.54,-26.27,-45.62,-45.62,28.77,47.46,False,False,False,False,False,False,False,False,False,2026-10-08
1520,1520.HK,VIRTUAL MIND,天机控股,6.41,"6,000",Equity,Equity Securities (Main Board),0.585,0.65,0.665,0.545,2208000,1.29,0.663,0.671,-11.76,-12.88,-15.22,-13.97,-10.0,1.21,1.95,5.36,1.21,1.95,-45.04,-65.9,-87.59,51.65,70.0,False,False,False,False,False,False,False,False,False,2026-10-08
1521,1521.HK,FRONTAGE,方达控股,23.69,"2,000",Equity,Equity Securities (Main Board),1.16,1.16,1.16,1.16,16000,0.02,1.158,1.148,0.17,1.05,0.87,0.87,-1.69,1.36,2.33,9.18,1.36,2.33,-14.71,-50.21,-87.36,14.71,50.21,False,False,False,False,False,False,False,False,False,2026-10-08
1522,1522.HK,BII TRANS TECH,京投交通科技,4.38,"4,000",Equity,Equity Securities (Main Board),0.209,0.209,0.209,0.204,488000,0.1,0.211,0.213,-1.14,-1.79,-1.88,-1.88,-2.79,0.35,0.4,1.8,0.35,0.4,-41.13,-47.09,-88.39,41.13,47.09,False,False,False,False,False,False,False,False,False,2026-10-08
1523,1523.HK,PLOVER BAY TECH,珩湾科技,85.32,"1,000",Equity,Equity Securities (Main Board),7.7,7.92,8.01,7.63,731713,5.63,7.655,7.557,0.59,1.89,-3.93,2.87,4.55,9.85,9.85,9.85,9.85,9.85,-18.68,-18.68,-18.68,21.83,21.83,False,False,False,False,False,False,False,False,False,2026-10-08
1525,1525.HK,GENCH EDU,建桥教育,9.01,500,Equity,Equity Securities (Main Board),2.17,2.175,2.175,2.17,115000,0.25,2.172,2.176,-0.09,-0.28,1.17,-0.46,-0.46,2.77,4.36,8.98,2.77,4.36,-21.48,-50.11,-75.78,21.66,50.23,False,False,False,False,False,False,False,False,False,2026-10-08
1526,1526.HK,RICI HEALTH,瑞慈医疗,13.73,"1,000",Equity,Equity Securities (Main Board),0.865,0.865,0.865,0.865,2000,0.0,0.896,0.875,-3.46,-1.09,-5.98,-3.35,-2.81,1.24,1.45,2.66,1.24,1.45,-30.24,-40.34,-67.48,30.24,40.34,False,False,False,False,False,False,False,False,False,2026-10-08
1529,1529.HK,YUES INTL HLDG,乐氏国际控股,7.14,"2,000",Equity,Equity Securities (Main Board),1.07,1.04,1.07,1.04,4000,0.0,1.071,1.035,-0.09,3.43,0.47,0.0,-0.47,1.08,2.95,7.1,1.08,2.95,-0.93,-63.73,-84.93,0.93,63.73,False,False,False,False,False,False,False,True,False,2026-10-08
1530,1530.HK,3SBIO,三生制药,377.68,500,Equity,Equity Securities (Main Board),14.99,15.9,16.26,14.93,34508223,517.28,15.618,15.84,-4.02,-5.37,-4.52,-3.54,-9.54,29.3,36.8,36.8,29.3,36.8,-44.51,-55.82,-55.82,48.84,59.27,False,False,False,False,False,False,False,False,False,2026-10-08
1532,1532.HK,CHINA PARTYTIME,中国派对文化,2.69,"3,000",Equity,Equity Securities (Main Board),0.149,0.15,0.15,0.149,75000,0.01,0.142,0.138,5.23,8.05,3.47,8.76,14.62,0.17,0.18,1.4,0.17,0.18,-11.76,-16.67,-89.29,12.35,17.22,False,False,False,False,False,False,False,False,False,2026-10-08
1536,1536.HK,YUK WING GP,煜荣集团,8.39,"2,000",Equity,Equity Securities (Main Board),0.46,0.37,0.525,0.37,42800000,19.69,0.351,0.423,31.05,8.75,26.03,41.54,58.62,0.87,0.87,3.34,0.87,0.87,-39.66,-39.66,-84.28,47.13,47.13,True,False,False,True,False,False,False,False,False,2026-10-08
1538,1538.HK,ZHONG AO HOME,中奥到家,7.35,"2,000",Equity,Equity Securities (Main Board),0.86,0.86,0.865,0.825,604000,0.52,0.858,0.846,0.23,1.65,1.18,-1.71,7.5,0.96,0.96,1.88,0.96,0.96,-9.9,-9.9,-53.99,10.42,10.42,False,False,False,True,False,False,False,False,False,2026-10-08
1539,1539.HK,UNITY GP HLDGS,知行集团控股,9.91,"2,000",Equity,Equity Securities (Main Board),0.28,0.28,0.285,0.28,702000,0.2,0.288,0.292,-2.78,-4.27,-1.75,-5.08,-11.11,0.41,0.71,2.3,0.41,0.71,-31.33,-59.86,-87.61,32.53,60.56,False,False,False,False,False,False,False,False,False,2026-10-08
1540,1540.HK,LEFTFIELD PRINT,澳狮环球,2.49,"3,000",Equity,Equity Securities (Main Board),0.5,0.5,0.5,0.485,276000,0.14,0.499,0.498,0.2,0.3,0.0,0.0,2.04,0.75,0.75,1.05,0.75,0.75,-33.33,-33.33,-52.38,33.33,33.33,False,False,False,True,False,False,False,False,False,2026-10-08
1541,1541.HK,IMMUNEONCO-B,宜明昂科－Ｂ,13.23,200,Equity,Equity Securities (Main Board),3.165,3.25,3.255,3.145,318800,1.01,3.309,3.33,-4.35,-4.95,-2.62,-6.91,-8.92,7.12,31.5,32.15,7.12,31.5,-54.28,-89.67,-89.88,55.55,89.95,False,False,False,False,False,False,False,False,False,2026-10-08
1545,1545.HK,DESIGN CAPITAL,设计都会,3.56,"10,000",Equity,Equity Securities (Main Board),0.178,0.178,0.18,0.172,320000,0.06,0.181,0.178,-1.44,0.17,-0.56,-2.2,-3.78,0.19,0.19,0.33,0.19,0.19,-2.7,-2.7,-45.45,3.78,3.78,False,False,False,False,False,False,False,True,True,2026-10-08
1546,1546.HK,THELLOY DEV,德莱建业,1.17,"8,000",Equity,Equity Securities (Main Board),0.146,0.146,0.146,0.146,32000,0.0,0.149,0.151,-1.75,-3.05,5.04,-5.81,-2.01,0.44,0.44,0.88,0.44,0.44,-67.19,-67.19,-83.41,67.19,67.19,False,False,False,False,False,False,False,False,False,2026-10-08
1548,1548.HK,GENSCRIPT BIO,金斯瑞生物科技,929.45,"2,000",Equity,Equity Securities (Main Board),40.7,42.88,43.66,40.4,74727701,3041.42,44.42,43.304,-8.37,-6.01,-5.13,-10.82,-9.27,49.46,49.46,49.46,49.46,49.46,-11.73,-11.73,-11.73,17.71,17.71,False,False,False,False,False,False,False,False,False,2026-10-08
1549,1549.HK,EVER HARVEST GP,永丰集团控股,1.19,"8,000",Equity,Equity Securities (Main Board),0.077,0.08,0.08,0.077,48000,0.0,0.076,0.078,1.05,-1.28,1.32,2.67,-1.28,0.11,0.17,0.51,0.11,0.17,-27.93,-52.38,-84.31,30.63,54.17,False,False,False,False,False,False,False,False,False,2026-10-08
1552,1552.HK,BHCC HOLDING,BHCC HOLDING,2.36,"5,000",Equity,Equity Securities (Main Board),0.295,0.295,0.295,0.28,535000,0.16,0.278,0.278,6.12,6.12,3.51,9.26,9.26,0.3,0.3,0.94,0.3,0.3,-1.67,-1.67,-68.62,1.67,1.67,False,False,False,False,False,False,False,True,True,2026-10-08
1553,1553.HK,MAIKE TUBE,迈科管业,6.9,"2,000",Equity,Equity Securities (Main Board),1.59,1.59,1.59,1.59,6000,0.01,1.59,1.571,0.0,1.21,0.0,0.0,1.6,1.65,1.65,4.2,1.65,1.65,-3.64,-3.64,-62.14,3.64,3.64,False,False,False,False,False,False,False,True,True,2026-10-08
1555,1555.HK,MIE HOLDINGS,ＭＩ能源,0.98,"2,000",Equity,Equity Securities (Main Board),0.029,0.029,0.029,0.028,716000,0.02,0.029,0.029,-0.68,0.69,0.0,-3.33,0.0,0.08,0.08,0.92,0.08,0.08,-61.84,-62.34,-96.85,61.84,62.34,False,False,False,False,False,False,False,False,False,2026-10-08
1556,1556.HK,CHINNEY KW,建业建荣,3.58,"5,000",Equity,Equity Securities (Main Board),0.239,0.238,0.239,0.238,150000,0.04,0.245,0.245,-2.53,-2.25,0.84,-4.4,-4.4,0.42,0.42,0.46,0.42,0.42,-43.1,-43.1,-48.04,43.1,43.1,False,False,False,False,False,False,False,False,False,2026-10-08
1557,1557.HK,K.H. GP HLDGS,剑虹集团控股,2.26,"4,000",Equity,Equity Securities (Main Board),0.47,0.465,0.465,0.465,28000,0.01,0.499,0.507,-5.81,-7.3,0.0,-6.0,-6.0,1.0,1.0,3.38,1.0,1.0,-53.5,-53.5,-86.24,53.0,53.0,False,False,False,False,False,False,False,False,False,2026-10-08
1560,1560.HK,STAR GROUP ASIA,星星集团,1.6,"2,000",Equity,Equity Securities (Main Board),0.25,0.28,0.28,0.25,118000,0.03,0.262,0.267,-4.58,-6.19,-7.41,-7.41,-1.96,0.47,1.0,1.48,0.47,1.0,-41.05,-72.0,-81.09,47.37,75.0,False,False,False,False,False,False,False,False,False,2026-10-08
1561,1561.HK,PAN ASIA DATA H,联洋智能控股,1.09,"4,000",Equity,Equity Securities (Main Board),0.102,0.106,0.115,0.095,8484000,0.87,0.092,0.076,11.35,34.56,-9.73,70.0,70.0,0.16,0.24,4.18,0.16,0.24,-28.12,-51.48,-97.25,36.25,56.96,False,False,False,False,False,False,False,False,False,2026-10-08
1563,1563.HK,ALLI INTL ED LE,友联国际教育租赁,2.15,"1,000",Equity,Equity Securities (Main Board),0.127,0.118,0.127,0.118,3000,0.0,0.123,0.125,3.42,1.68,2.42,3.25,2.42,0.18,1.78,19.62,0.18,1.78,-30.22,-92.87,-99.35,30.22,92.87,False,False,True,True,False,False,False,False,False,2026-10-08
1565,1565.HK,VIRSCEND EDU,成实外教育,4.52,"1,000",Equity,Equity Securities (Main Board),0.149,0.155,0.155,0.144,332000,0.05,0.156,0.15,-4.24,-0.8,-3.87,-6.87,0.0,0.22,0.34,5.83,0.22,0.34,-29.55,-53.73,-97.34,32.27,55.52,False,False,False,False,False,False,False,False,False,2026-10-08
1566,1566.HK,CA CULTURAL,华夏文化科技,99.48,"5,000",Equity,Equity Securities (Main Board),6.155,4.7,6.29,4.7,18165100,111.81,4.976,4.983,23.69,23.53,31.1,26.78,28.23,6.05,6.05,6.05,6.29,6.29,3.97,3.97,3.97,2.15,2.15,False,False,False,True,True,True,True,True,True,2026-10-08
1568,1568.HK,SUNDART HLDGS,承达集团,14.39,"2,000",Equity,Equity Securities (Main Board),0.66,0.67,0.67,0.66,92000,0.06,0.671,0.681,-1.64,-3.08,-1.49,-2.22,-5.71,0.9,0.95,5.15,0.9,0.95,-25.56,-29.47,-86.99,26.67,30.53,False,False,False,False,False,False,False,False,False,2026-10-08
1569,1569.HK,MINSHENG EDU,民生教育,4.09,"2,000",Equity,Equity Securities (Main Board),0.097,0.1,0.1,0.1,10000,0.0,0.101,0.099,-3.96,-2.22,-6.73,-3.96,0.0,0.21,0.37,2.39,0.21,0.37,-52.83,-72.6,-95.82,54.25,73.42,False,False,False,False,False,False,False,False,False,2026-10-08
1570,1570.HK,WEIYE HOLDINGS,伟业控股,20.36,"1,000",Equity,Equity Securities (Main Board),10.38,10.4,10.4,10.25,12000,0.12,10.444,10.261,-0.61,1.16,-0.19,-1.7,0.29,16.0,16.0,16.0,16.0,16.0,-35.0,-35.0,-35.0,35.12,35.12,False,False,False,False,False,False,False,False,False,2026-10-08
1571,1571.HK,XIN POINT HOLD,信邦控股,35.38,"1,000",Equity,Equity Securities (Main Board),3.51,3.56,3.56,3.5,192000,0.67,3.527,3.529,-0.48,-0.54,-1.27,-0.14,-0.14,4.64,4.75,7.01,4.64,4.75,-23.28,-25.05,-49.22,24.35,26.11,False,False,False,False,False,False,False,False,False,2026-10-08
1572,1572.HK,CHINA ART FIN,中国艺术金融,1.23,"4,000",Equity,Equity Securities (Main Board),0.073,0.072,0.073,0.07,12000,0.0,0.074,0.074,-0.82,-1.88,4.29,-2.67,-6.41,0.11,0.24,1.76,0.11,0.24,-31.13,-69.58,-95.85,31.13,69.58,False,False,False,False,False,False,False,False,False,2026-10-08
1575,1575.HK,REGAL PARTNERS,皇庭智家,2.01,"2,000",Equity,Equity Securities (Main Board),0.052,0.05,0.057,0.05,1330000,0.07,0.051,0.051,1.17,1.17,4.0,0.0,-3.7,0.09,0.34,2.21,0.09,0.34,-35.23,-83.24,-97.42,40.91,84.71,False,False,False,True,False,False,False,False,False,2026-10-08
1576,1576.HK,QILU EXPRESSWAY,齐鲁高速,34.4,"1,000",Equity,Equity Securities (Main Board),1.72,1.695,1.725,1.675,135000,0.23,1.699,1.698,1.24,1.3,2.38,1.18,2.38,1.88,2.51,3.2,1.88,2.51,-8.24,-31.27,-46.09,8.51,31.47,False,False,False,True,False,False,False,True,False,2026-10-08
1577,1577.HK,HUIXIN CREDIT,汇鑫小贷,1.88,"2,000",Equity,Equity Securities (Main Board),1.045,1.0,1.05,1.0,38000,0.04,1.033,1.048,1.16,-0.29,1.46,1.46,0.0,1.2,1.2,2.4,1.2,1.2,-12.5,-12.5,-56.25,12.92,12.92,False,False,False,False,False,False,False,False,False,2026-10-08
1578,1578.HK,BANK OF TIANJIN,天津银行,35.2,500,Equity,Equity Securities (Main Board),1.995,2.005,2.01,1.99,109000,0.22,2.025,2.04,-1.48,-2.21,-0.25,-2.21,-3.16,2.88,2.88,7.0,2.88,2.88,-30.21,-30.21,-71.29,30.73,30.73,False,False,False,False,False,False,False,False,False,2026-10-08
1579,1579.HK,YIHAI INTL,颐海国际,148.66,"1,000",Equity,Equity Securities (Main Board),14.34,14.24,14.42,14.15,3804000,54.55,13.976,13.836,2.6,3.64,2.14,3.69,1.63,17.33,18.82,148.6,17.33,18.82,-16.79,-23.38,-90.3,17.25,23.8,True,False,False,False,False,False,False,False,False,2026-10-08
1580,1580.HK,DA SEN HLDGS,大森控股,4.6,"30,000",Equity,Equity Securities (Main Board),0.42,0.45,0.45,0.38,3510000,1.47,0.473,0.499,-11.21,-15.92,-9.68,-11.58,-18.45,0.65,0.65,5.24,0.65,0.65,-30.77,-30.77,-91.42,35.38,35.38,False,False,False,False,False,False,False,False,False,2026-10-08
1581,1581.HK,PROGRESSIVE P,进升集团控股,1.2,"10,000",Equity,Equity Securities (Main Board),0.29,0.295,0.295,0.29,70000,0.02,0.303,0.302,-4.29,-3.81,-1.69,-6.45,-3.33,0.59,0.59,3.57,0.59,0.59,-50.0,-50.0,-91.74,50.85,50.85,False,False,False,False,False,False,False,False,False,2026-10-08
1582,1582.HK,CR CONSTRUCTION,华营建筑,2.52,"2,500",Equity,Equity Securities (Main Board),0.505,0.51,0.52,0.505,720000,0.36,0.549,0.575,-8.01,-12.1,-1.94,-15.83,-15.13,0.69,0.69,2.78,0.69,0.69,-25.18,-25.18,-81.29,27.34,27.34,False,False,False,False,False,False,False,False,False,2026-10-08
1585,1585.HK,YADEA,雅迪控股,266.6,"2,000",Equity,Equity Securities (Main Board),8.565,8.135,8.72,8.075,18197972,155.87,8.203,8.213,4.41,4.28,4.83,6.2,3.5,13.46,17.28,24.0,13.46,17.28,-35.22,-49.54,-63.67,36.37,50.43,False,False,True,True,False,False,False,False,False,2026-10-08
1586,1586.HK,LEON INSPECTION,力鸿检验,7.63,"4,000",Equity,Equity Securities (Main Board),1.3,1.285,1.3,1.24,124000,0.16,1.319,1.328,-1.44,-2.07,-1.14,-2.26,-1.52,2.38,3.25,3.25,2.38,3.25,-45.38,-60.0,-60.0,45.38,60.0,False,False,False,False,False,False,False,False,False,2026-10-08
1588,1588.HK,CHANJET,畅捷通,5.66,200,Equity,Equity Securities (Main Board),4.19,4.23,4.235,4.185,13200,0.06,4.188,4.169,0.05,0.5,0.84,-1.3,-0.59,10.0,12.21,24.13,10.0,12.21,-57.65,-65.32,-82.45,58.1,65.68,False,False,False,False,False,False,False,False,False,2026-10-08
1592,1592.HK,ANCHORSTONE,基石控股,2.36,"10,000",Equity,Equity Securities (Main Board),0.163,0.167,0.167,0.151,690000,0.11,0.161,0.163,0.99,-0.31,1.24,1.24,1.24,0.45,0.82,28.7,0.45,0.82,-62.89,-79.63,-99.42,63.78,80.12,False,False,False,False,False,False,False,False,False,2026-10-08
1593,1593.HK,CHEN LIN EDU,辰林教育,11.07,"2,000",Equity,Equity Securities (Main Board),1.115,1.05,1.115,1.01,648000,0.72,1.113,1.112,0.18,0.27,4.69,-0.45,-1.33,1.43,3.0,3.44,1.43,3.0,-22.03,-62.83,-67.59,22.03,62.83,False,False,False,True,False,False,False,False,False,2026-10-08
1596,1596.HK,YICHEN IND,翼辰实业,0.73,"1,000",Equity,Equity Securities (Main Board),0.325,0.325,0.325,0.325,15000,0.0,0.328,0.333,-0.91,-2.4,0.0,1.56,-5.8,1.45,4.6,7.68,1.45,4.6,-77.59,-92.93,-95.77,77.59,92.93,False,False,False,False,False,False,False,False,False,2026-10-08
1597,1597.HK,NATURE ENERGY T,纳泉能源科技,12.75,"1,000",Equity,Equity Securities (Main Board),5.1,5.295,5.295,5.1,20000,0.1,5.236,5.42,-2.6,-5.91,-1.92,-2.02,-6.76,8.35,9.3,9.3,8.35,9.3,-36.59,-43.06,-43.06,38.92,45.16,False,False,False,False,False,False,False,False,False,2026-10-08
1599,1599.HK,UCD,城建设计,3.67,"1,000",Equity,Equity Securities (Main Board),0.945,0.945,0.955,0.945,63000,0.06,0.953,0.962,-0.84,-1.72,0.0,-1.56,-1.56,1.4,2.24,5.53,1.4,2.24,-31.79,-57.37,-82.73,32.5,57.81,False,False,False,False,False,False,False,False,False,2026-10-08
1600,1600.HK,TIAN LUN GAS,天伦燃气,26.58,500,Equity,Equity Securities (Main Board),2.73,2.7,2.73,2.64,460000,1.26,2.706,2.738,0.89,-0.31,1.87,0.74,-0.55,3.43,5.67,10.9,3.43,5.67,-20.41,-51.85,-74.95,20.41,51.85,False,False,False,False,False,False,False,False,False,2026-10-08
1601,1601.HK,ZGC TEC LEASING,中关村科技租赁,3.35,"2,000",Equity,Equity Securities (Main Board),0.68,0.685,0.685,0.685,2000,0.0,0.667,0.673,1.95,1.04,0.0,4.62,5.43,0.87,0.99,2.67,0.87,0.99,-21.26,-30.81,-74.34,21.84,31.31,False,False,False,False,False,False,False,False,False,2026-10-08
1606,1606.HK,CDB LEASING,国银金租,41.96,"2,000",Equity,Equity Securities (Main Board),1.515,1.5,1.525,1.5,2008000,3.04,1.492,1.501,1.54,0.9,0.0,3.06,0.0,1.78,2.49,2.49,1.78,2.49,-14.33,-38.76,-38.76,14.89,39.16,False,False,False,True,False,False,False,False,False,2026-10-08
1608,1608.HK,VPOWER GROUP,伟能集团,2.34,"1,000",Equity,Equity Securities (Main Board),0.035,0.033,0.037,0.032,7940000,0.28,0.037,0.037,-5.41,-5.66,0.0,-10.26,-7.89,0.21,0.65,5.65,0.21,0.65,-82.38,-94.31,-99.35,83.33,94.62,False,False,False,False,False,False,False,False,False,2026-10-08
1609,1609.HK,STAR SPORTS MED,天星医疗,37.47,50,Equity,Equity Securities (Main Board),68.4,76.35,76.5,67.7,168000,11.49,74.72,83.31,-8.46,-17.9,-10.41,-9.04,-9.46,299.0,299.0,299.0,299.0,299.0,-74.41,-74.41,-74.41,77.12,77.12,False,False,False,False,False,False,False,False,False,2026-10-08
1610,1610.HK,COFCO JOYCOME,中粮家佳康,49.94,"1,000",Equity,Equity Securities (Main Board),1.09,1.08,1.12,1.08,11575000,12.62,1.088,1.093,0.18,-0.23,1.4,-0.46,-3.54,1.72,2.1,6.38,1.72,2.1,-34.88,-46.67,-82.45,36.63,48.1,False,False,False,False,False,False,False,False,False,2026-10-08
1611,1611.HK,BITFIRE GROUP,新火集团,14.27,500,Equity,Equity Securities (Main Board),1.895,1.885,1.895,1.865,145000,0.27,1.922,1.952,-1.4,-2.92,0.53,-3.32,-0.26,3.3,8.17,29.55,3.3,8.17,-42.58,-76.81,-93.59,42.58,76.81,False,False,False,False,False,False,False,False,False,2026-10-08
1612,1612.HK,VINCENT MED,永胜医疗,4.72,"2,000",Equity,Equity Securities (Main Board),0.715,0.68,0.74,0.665,756000,0.54,0.686,0.677,4.23,5.61,5.15,5.15,8.33,1.09,1.32,3.73,1.09,1.32,-32.11,-43.94,-80.16,34.4,45.83,False,False,False,True,False,False,False,False,False,2026-10-08
1613,1613.HK,SYNERTONE,协同通信,11.44,"6,400",Equity,Equity Securities (Main Board),0.745,0.665,0.75,0.65,1670400,1.24,0.67,0.712,11.19,4.63,21.14,9.56,2.05,1.36,1.36,6.18,1.36,1.36,-44.65,-44.65,-87.85,45.02,45.02,False,False,False,True,False,False,False,False,False,2026-10-08
1615,1615.HK,AB BUILDERS,奥邦建筑,2.79,"5,000",Equity,Equity Securities (Main Board),0.465,0.45,0.475,0.45,110000,0.05,0.467,0.487,-0.43,-4.52,3.33,-3.12,-3.12,0.56,0.56,0.7,0.56,0.56,-15.93,-15.93,-32.14,17.7,17.7,False,False,False,False,False,False,False,False,False,2026-10-08
1617,1617.HK,NANFANG COMM,南方通信,4.15,"4,000",Equity,Equity Securities (Main Board),0.255,0.28,0.28,0.255,7448000,1.9,0.27,0.28,-5.56,-8.93,-8.93,-7.27,-8.93,0.92,0.92,5.82,0.92,0.92,-69.57,-69.57,-95.19,72.28,72.28,False,False,False,False,False,False,False,False,False,2026-10-08
1618,1618.HK,MCC,中国中冶,37.05,"1,000",Equity,Equity Securities (Main Board),1.305,1.315,1.33,1.295,10269005,13.4,1.3,1.311,0.38,-0.5,0.77,0.38,-3.33,2.04,3.17,3.42,2.04,3.17,-34.8,-58.04,-61.11,36.03,58.83,False,False,False,False,False,False,False,False,False,2026-10-08
1620,1620.HK,CINESE INTL,富盈环球集团,2.05,"10,000",Equity,Equity Securities (Main Board),0.171,0.177,0.194,0.167,1230000,0.21,0.188,0.188,-9.24,-8.95,-7.57,-14.5,-10.0,0.21,0.23,0.45,0.21,0.23,-8.49,-14.91,-56.89,19.34,25.0,False,False,False,False,False,False,False,False,False,2026-10-08
1621,1621.HK,VICO INTL HLDGS,域高国际控股,2.27,"8,000",Equity,Equity Securities (Main Board),0.227,0.227,0.228,0.227,280000,0.06,0.236,0.24,-3.73,-5.3,-0.44,-5.02,-8.84,0.26,0.26,0.47,0.26,0.26,-12.31,-12.31,-50.97,12.69,12.69,False,False,False,False,False,False,False,False,False,2026-10-08
1623,1623.HK,HILONG,海隆控股,4.12,"1,000",Equity,Equity Securities (Main Board),0.243,0.241,0.244,0.236,179000,0.04,0.246,0.246,-1.14,-1.34,-0.41,-2.02,-2.02,0.31,0.4,2.58,0.31,0.4,-21.29,-38.23,-90.54,21.61,38.48,False,False,False,False,False,False,False,False,False,2026-10-08
1626,1626.HK,JIA YAO HLDGS,嘉耀控股,142.56,"1,000",Equity,Equity Securities (Main Board),23.76,23.38,23.8,22.66,606100,14.4,22.908,22.7,3.72,4.67,4.12,7.51,4.21,29.1,29.1,29.1,29.1,29.1,-18.21,-18.21,-18.21,18.35,18.35,True,False,True,True,False,False,False,False,False,2026-10-08
1627,1627.HK,ABLE ENG HLDGS,安保工程控股,7.4,"4,000",Equity,Equity Securities (Main Board),0.37,0.37,0.37,0.37,92000,0.03,0.369,0.37,0.27,0.14,0.0,1.37,0.0,0.7,0.79,1.36,0.7,0.79,-47.14,-53.16,-72.79,47.14,53.16,False,False,False,False,False,False,False,False,False,2026-10-08
1628,1628.HK,YUZHOU GROUP,禹洲集团,1.59,"5,000",Equity,Equity Securities (Main Board),0.107,0.11,0.11,0.107,145000,0.02,0.107,0.108,0.38,-0.83,-2.73,-0.93,-2.73,0.26,3.32,48.16,0.26,3.32,-58.49,-96.69,-99.77,59.62,96.78,False,False,False,False,False,False,False,False,False,2026-10-08
1630,1630.HK,KIN SHING HLDGS,建成控股,3.13,"6,000",Equity,Equity Securities (Main Board),0.209,0.22,0.22,0.209,270000,0.06,0.217,0.216,-3.51,-3.24,-8.33,-3.69,-3.69,0.47,0.47,6.67,0.47,0.47,-53.19,-53.19,-96.7,55.53,55.53,False,False,False,False,False,False,False,False,False,2026-10-08
1631,1631.HK,REF HOLDINGS,REF HOLDINGS,3.99,"5,000",Equity,Equity Securities (Main Board),1.3,1.3,1.3,1.3,10000,0.01,1.315,1.329,-1.14,-2.18,-1.14,-2.26,-1.52,1.89,1.89,2.5,1.89,1.89,-31.22,-31.22,-48.0,31.22,31.22,False,False,False,False,False,False,False,False,False,2026-10-08
1633,1633.HK,SHEUNG YUE GP,上谕集团,2.74,"3,000",Equity,Equity Securities (Main Board),0.4,0.415,0.415,0.4,405000,0.16,0.422,0.442,-5.21,-9.5,-2.44,-10.11,-12.09,0.7,0.7,4.76,0.7,0.7,-40.71,-40.71,-91.28,42.86,42.86,False,False,False,False,False,False,False,False,False,2026-10-08
1635,1635.HK,DZUG,大众公用,11.13,"1,000",Equity,Equity Securities (Main Board),2.085,2.1,2.15,2.085,5215000,10.87,2.079,2.121,0.29,-1.72,1.21,1.21,-5.01,6.33,6.33,6.33,6.33,6.33,-66.03,-66.03,-66.03,67.06,67.06,False,False,False,False,False,False,False,False,False,2026-10-08
1638,1638.HK,KAISA GROUP,佳兆业集团,2.41,"1,000",Equity,Equity Securities (Main Board),0.019,0.021,0.021,0.018,256161224,4.87,0.022,0.026,-12.04,-27.2,-5.0,-13.64,-36.67,0.13,0.73,6.71,0.13,0.73,-83.85,-97.12,-99.69,85.38,97.4,False,False,False,False,False,False,False,False,False,2026-10-08
1641,1641.HK,HX COLDCHAIN,红星冷链,0.85,500,Equity,Equity Securities (Main Board),3.47,3.355,3.47,3.3,63500,0.22,3.454,3.42,0.46,1.48,-0.86,0.43,2.66,19.7,19.7,19.7,19.7,19.7,-82.39,-82.39,-82.39,82.39,82.39,False,False,False,True,False,False,False,False,False,2026-10-08
1643,1643.HK,MODERN CHI MED,现代中药集团,4.82,"3,000",Equity,Equity Securities (Main Board),0.67,0.75,0.75,0.55,1086000,0.73,0.659,0.671,1.67,-0.15,-4.29,3.08,0.75,3.26,3.26,3.26,3.26,3.26,-76.99,-76.99,-76.99,79.45,79.45,False,False,True,False,False,False,False,False,False,2026-10-08
1645,1645.HK,HAINA INTEL,海纳智能,15.51,"4,000",Equity,Equity Securities (Main Board),2.75,2.87,2.88,2.69,4084000,11.23,2.855,2.751,-3.68,-0.04,-4.51,-4.35,1.48,4.22,4.22,4.22,4.22,4.22,-31.75,-31.75,-31.75,34.83,34.83,False,False,False,False,False,False,False,False,False,2026-10-08
1650,1650.HK,HYGIEIA GROUP,HYGIEIA GROUP,3.46,"8,000",Equity,Equity Securities (Main Board),0.173,0.17,0.173,0.169,488000,0.08,0.174,0.176,-0.69,-1.82,1.76,-1.14,-2.81,0.18,0.18,0.26,0.18,0.18,-5.98,-5.98,-33.46,5.98,5.98,False,False,False,False,False,False,False,True,True,2026-10-08
1651,1651.HK,TSUGAMI CHINA,津上机床中国,177.89,500,Equity,Equity Securities (Main Board),48.26,50.5,50.6,47.86,2042450,98.57,49.18,47.784,-1.87,1.0,-4.62,-0.82,4.14,74.15,74.15,74.15,74.15,74.15,-31.76,-31.76,-31.76,34.92,34.92,False,False,False,False,False,False,False,False,False,2026-10-08
1652,1652.HK,FUSEN PHARM,福森药业,6.91,"1,000",Equity,Equity Securities (Main Board),0.935,0.94,0.94,0.935,82000,0.08,0.931,0.889,0.43,5.17,-0.53,1.08,3.89,1.44,1.75,20.0,1.44,1.75,-34.72,-46.29,-95.3,35.07,46.57,False,False,False,False,False,False,False,False,False,2026-10-08
1653,1653.HK,MOS HOUSE,MOS HOUSE,4.15,"20,000",Equity,Equity Securities (Main Board),1.435,1.435,1.435,1.435,20000,0.03,1.407,1.396,1.99,2.79,2.5,2.5,2.5,3.82,5.02,6.7,3.82,5.02,-62.43,-71.41,-78.58,62.43,71.41,False,False,False,False,False,False,False,False,False,2026-10-08
1655,1655.HK,OKURA HOLDINGS,OKURA HOLDINGS,1.21,"5,000",Equity,Equity Securities (Main Board),0.168,0.163,0.168,0.163,395000,0.07,0.162,0.161,3.83,4.22,2.44,3.07,8.39,0.31,0.77,1.71,0.31,0.77,-45.81,-78.18,-90.18,45.81,78.18,False,False,False,False,False,False,False,False,False,2026-10-08
1658,1658.HK,PSBC,邮储银行,1064.29,"1,000",Equity,Equity Securities (Main Board),5.36,5.325,5.5,5.325,37651598,201.81,5.364,5.392,-0.07,-0.6,-0.09,0.19,-3.25,5.57,5.95,6.82,5.57,5.95,-1.35,-7.56,-19.35,3.86,9.92,False,False,False,False,False,False,False,True,True,2026-10-08
1660,1660.HK,SEVEN ELEMENTS,七元投资,12.14,"8,000",Equity,Equity Securities (Main Board),0.196,0.205,0.205,0.188,83504000,16.37,0.198,0.202,-0.81,-2.73,0.0,-1.51,-2.0,0.51,0.65,2.47,0.51,0.65,-59.8,-68.46,-91.71,61.57,69.85,False,False,False,False,False,False,False,False,False,2026-10-08
1661,1661.HK,CH FRONTIER TEC,中国前沿科技集团,3.52,"6,000",Equity,Equity Securities (Main Board),1.85,1.85,1.855,1.85,138000,0.26,1.852,1.847,-0.11,0.16,-0.27,0.0,0.0,3.73,3.73,28.6,3.73,3.73,-50.27,-50.27,-93.51,50.4,50.4,False,False,False,False,False,False,False,False,False,2026-10-08
1662,1662.HK,YEE HOP HLDGS,义合控股,3.01,"1,000",Equity,Equity Securities (Main Board),0.585,0.585,0.635,0.585,77000,0.05,0.6,0.605,-2.5,-3.23,-2.5,-5.65,-2.5,2.34,3.6,3.6,2.34,3.6,-72.86,-82.36,-82.36,75.0,83.75,False,False,False,False,False,False,False,False,False,2026-10-08
1666,1666.HK,TONG REN TANG,同仁堂科技,19.11,"1,000",Equity,Equity Securities (Main Board),3.04,3.07,3.12,3.0,578000,1.76,3.056,3.082,-0.52,-1.38,-1.3,0.16,-2.56,4.56,7.03,16.0,4.56,7.03,-31.58,-55.62,-80.5,33.33,56.76,False,False,False,False,False,False,False,False,False,2026-10-08
1669,1669.HK,GIC GROUP,环球信贷集团,5.72,"2,000",Equity,Equity Securities (Main Board),1.43,1.44,1.44,1.43,32000,0.05,1.439,1.439,-0.63,-0.59,-2.05,0.0,-0.69,1.56,1.56,1.6,1.56,1.56,-7.69,-7.69,-10.0,8.33,8.33,False,False,False,False,False,False,False,True,True,2026-10-08
1671,1671.HK,TIANBAO ENERGY,天保能源,1.22,"2,000",Equity,Equity Securities (Main Board),0.76,0.77,0.77,0.76,12000,0.01,0.784,0.787,-3.06,-3.43,-5.59,-3.8,-1.3,1.3,1.51,3.83,1.3,1.51,-40.77,-49.01,-79.9,41.54,49.67,False,False,False,False,False,False,False,False,False,2026-10-08
1672,1672.HK,ASCLETIS-B,歌礼制药－Ｂ,79.39,"1,000",Equity,Equity Securities (Main Board),7.545,8.455,8.455,7.395,4173000,31.49,8.275,8.39,-8.82,-10.07,-10.71,-7.42,-9.8,19.86,19.86,19.86,19.86,19.86,-57.43,-57.43,-57.43,62.01,62.01,False,False,False,False,False,False,False,False,False,2026-10-08
1673,1673.HK,HUAZHANG TECH,华章科技,3.75,"2,000",Equity,Equity Securities (Main Board),0.235,0.235,0.235,0.235,12000,0.0,0.225,0.231,4.44,1.64,2.17,6.82,4.44,0.38,0.45,5.08,0.38,0.45,-38.16,-47.78,-95.37,38.16,47.78,False,False,False,False,False,False,False,False,False,2026-10-08
1675,1675.HK,ASIAINFO TECH,亚信科技,34.69,400,Equity,Equity Securities (Main Board),3.69,3.91,3.93,3.68,3342000,12.33,3.865,3.944,-4.53,-6.44,-4.53,-4.77,-8.66,10.06,13.44,15.68,10.06,13.44,-60.93,-70.76,-74.94,63.32,72.54,False,False,False,False,False,False,False,False,False,2026-10-08
1676,1676.HK,GAODI HOLDINGS,高地股份,1.66,"10,000",Equity,Equity Securities (Main Board),0.42,0.425,0.425,0.42,300000,0.13,0.426,0.431,-1.41,-2.55,-4.55,-2.33,1.2,0.65,2.53,28.5,0.65,2.53,-34.62,-83.2,-98.51,35.38,83.4,False,False,False,False,False,False,False,False,False,2026-10-08
1680,1680.HK,MACAU LEGEND,澳门励骏,1.47,"4,000",Equity,Equity Securities (Main Board),0.158,0.158,0.158,0.158,5000,0.0,0.158,0.166,-0.13,-4.65,0.64,-1.25,-7.06,0.49,2.8,17.9,0.49,2.8,-67.42,-94.36,-99.12,67.42,94.36,False,False,False,False,False,False,False,False,False,2026-10-08
1681,1681.HK,CONSUN PHARMA,康臣药业,123.43,"1,000",Equity,Equity Securities (Main Board),14.73,14.86,15.07,14.6,2624000,38.65,14.728,14.648,0.01,0.56,-0.81,1.66,-0.74,19.35,19.35,19.35,19.35,19.35,-22.12,-22.12,-22.12,23.88,23.88,False,False,False,True,False,False,False,False,False,2026-10-08
1682,1682.HK,HP LIVING TECH,杭品生活科技,2.17,"4,000",Equity,Equity Securities (Main Board),0.138,0.131,0.138,0.131,320000,0.04,0.133,0.134,4.07,2.83,5.34,6.15,1.47,0.32,0.5,2.01,0.32,0.5,-56.88,-72.4,-93.13,56.88,72.4,False,False,False,True,False,False,False,False,False,2026-10-08
1683,1683.HK,HOPE LIFE INT,旷逸国际,2.39,"16,000",Equity,Equity Securities (Main Board),0.128,0.135,0.135,0.135,528000,0.07,0.132,0.127,-3.18,0.71,-1.54,-5.19,-5.19,0.38,0.95,3.54,0.38,0.95,-64.0,-85.79,-96.19,65.87,86.53,False,False,False,False,False,False,False,False,False,2026-10-08
1685,1685.HK,BOER POWER,博耳电力,4.72,"1,000",Equity,Equity Securities (Main Board),0.61,0.62,0.63,0.6,205000,0.13,0.61,0.601,0.0,1.5,0.0,-0.81,1.67,1.1,1.1,3.65,1.1,1.1,-42.73,-42.73,-82.74,44.55,44.55,False,False,False,False,False,False,False,False,False,2026-10-08
1686,1686.HK,SUNEVISION,新意网集团,127.7,"1,000",Equity,Equity Securities (Main Board),5.4,5.58,5.58,5.38,3263489,17.62,5.521,5.557,-2.19,-2.83,-3.23,-2.0,-3.23,7.9,10.36,10.36,7.9,10.36,-29.37,-46.14,-46.14,31.65,47.88,False,False,False,False,False,False,False,False,False,2026-10-08
1688,1688.HK,LINGYI ITECH,领益智造,42.05,660,Equity,Equity Securities (Main Board),5.18,5.4,5.535,5.125,7529280,39.0,5.4,5.5,-4.07,-5.83,-5.22,-5.04,-6.5,11.8,11.8,11.8,11.8,11.8,-53.09,-53.09,-53.09,56.1,56.1,False,False,False,False,False,False,False,False,False,2026-10-08
1689,1689.HK,HUAXIHOLDINGS,华禧控股,2.95,"2,000",Equity,Equity Securities (Main Board),0.42,0.305,0.43,0.3,1348000,0.57,0.328,0.313,28.05,34.4,37.7,37.7,40.0,0.47,1.37,3.86,0.47,1.37,-7.53,-68.61,-88.86,9.68,69.34,False,False,False,True,False,False,False,True,False,2026-10-08
1690,1690.HK,LAP KEI ENGRG,立基工程控股,1.99,"10,000",Equity,Equity Securities (Main Board),0.138,0.138,0.138,0.138,50000,0.01,0.135,0.137,2.37,0.44,0.73,3.76,-1.43,0.21,0.21,0.41,0.21,0.21,-34.91,-34.91,-65.93,34.91,34.91,False,False,False,False,False,False,False,False,False,2026-10-08
1691,1691.HK,JS GLOBAL LIFE,ＪＳ环球生活,57.85,500,Equity,Equity Securities (Main Board),1.665,1.65,1.69,1.65,645500,1.07,1.716,1.691,-2.97,-1.57,0.6,-7.24,-7.76,2.01,2.39,4.54,2.01,2.39,-15.92,-29.29,-62.76,17.16,30.33,False,False,False,False,False,False,False,False,False,2026-10-08
1695,1695.HK,S&P INTL HLDG,椰丰集团,0.87,"5,000",Equity,Equity Securities (Main Board),0.081,0.081,0.082,0.081,355000,0.03,0.08,0.078,1.0,3.45,1.25,1.25,3.85,0.1,0.12,1.73,0.1,0.12,-21.9,-33.33,-95.26,22.86,34.15,False,False,False,False,False,False,False,False,False,2026-10-08
1696,1696.HK,SISRAM MED,复锐医疗科技,9.02,400,Equity,Equity Securities (Main Board),1.925,1.97,1.975,1.92,76000,0.15,1.949,1.962,-1.23,-1.91,-2.28,-1.79,-3.51,4.91,8.07,35.0,4.91,8.07,-59.78,-75.53,-94.36,60.79,76.15,False,False,False,False,False,False,False,False,False,2026-10-08
1697,1697.HK,SDITC,山东国信,2.62,"1,800",Equity,Equity Securities (Main Board),0.225,0.223,0.226,0.223,77400,0.02,0.229,0.228,-1.57,-1.14,0.9,-0.44,-1.32,0.39,0.52,2.54,0.39,0.52,-42.05,-56.54,-91.1,42.31,56.73,False,False,False,False,False,False,False,False,False,2026-10-08
1698,1698.HK,TME-SW,腾讯音乐－ＳＷ,505.4,100,Equity,Equity Securities (Main Board),30.88,31.24,32.0,30.74,1020544,31.51,30.876,31.574,0.01,-2.2,-0.71,1.18,-1.97,72.75,104.0,104.0,72.75,104.0,-56.01,-69.23,-69.23,57.55,70.31,False,False,True,False,False,False,False,False,False,2026-10-08
1702,1702.HK,DONGGUANG CHEM,东光化工,11.18,"4,000",Equity,Equity Securities (Main Board),1.8,1.815,1.815,1.8,8000,0.01,1.783,1.754,0.95,2.62,-7.22,4.35,4.35,2.05,2.32,4.9,2.05,2.32,-11.46,-21.77,-62.96,12.2,22.41,False,False,False,False,False,False,False,False,False,2026-10-08
1703,1703.HK,EASYHOLD GROUP,谊和股份,0.41,"5,000",Equity,Equity Securities (Main Board),0.295,0.28,0.3,0.275,1245000,0.37,0.292,0.297,1.03,-0.67,1.72,1.72,-3.28,2.3,2.3,10.7,2.3,2.3,-86.96,-86.96,-97.2,87.17,87.17,False,False,False,False,False,False,False,False,False,2026-10-08
1705,1705.HK,B & S INTL HLDG,宾仕国际,3.6,"4,000",Equity,Equity Securities (Main Board),0.9,0.89,0.9,0.89,248000,0.22,0.916,0.916,-1.75,-1.75,1.12,-3.74,-3.23,1.0,1.0,7.9,1.0,1.0,-10.0,-10.0,-88.61,10.0,10.0,False,False,False,False,False,False,False,False,False,2026-10-08
1709,1709.HK,DL HOLDINGS GP,德林控股,17.23,"1,000",Equity,Equity Securities (Main Board),0.85,0.92,0.925,0.84,5435420,4.62,0.891,0.891,-4.6,-4.55,-7.61,-3.95,-3.41,2.57,5.67,17.02,2.57,5.67,-63.99,-83.68,-94.56,66.91,85.0,False,False,False,False,False,False,False,False,False,2026-10-08
1710,1710.HK,TRIO IND ELEC,致丰工业电子,17.85,"4,000",Equity,Equity Securities (Main Board),1.785,1.82,1.855,1.675,4636000,8.28,1.807,1.961,-1.22,-9.0,-1.92,8.18,-13.35,2.33,2.33,2.33,2.33,2.33,-20.39,-20.39,-20.39,23.39,23.39,False,False,False,False,False,False,False,False,False,2026-10-08
1712,1712.HK,DRAGON MINING,龙资源,17.48,"1,000",Equity,Equity Securities (Main Board),9.215,9.205,9.29,8.905,323000,2.98,8.819,8.591,4.49,7.26,0.71,8.41,9.9,12.96,12.96,12.96,12.96,12.96,-28.32,-28.32,-28.32,28.9,28.9,True,False,False,False,False,False,False,False,False,2026-10-08
1713,1713.HK,SICHUAN EN INV,四川能投发展,12.76,"2,000",Equity,Equity Securities (Main Board),1.62,1.62,1.62,1.61,42000,0.07,1.624,1.633,-0.25,-0.83,-1.82,0.0,-0.61,2.82,3.24,6.0,2.82,3.24,-42.55,-50.0,-73.0,42.55,50.0,False,False,False,False,False,False,False,False,False,2026-10-08
1715,1715.HK,AI HEALTH TECH,智慧健康科技,1.28,"10,000",Equity,Equity Securities (Main Board),0.355,0.365,0.365,0.365,300000,0.11,0.363,0.367,-2.2,-3.14,-2.74,-4.05,-4.05,0.69,2.35,13.5,0.69,2.35,-47.1,-84.47,-97.3,48.55,84.89,False,False,False,False,False,False,False,False,False,2026-10-08
1716,1716.HK,MOST KWAI CHUNG,毛记葵涌,8.65,"2,000",Equity,Equity Securities (Main Board),3.205,3.375,3.375,3.16,542000,1.74,3.206,3.216,-0.03,-0.36,-5.04,0.16,0.79,9.71,9.71,11.76,9.71,9.71,-65.24,-65.24,-71.3,66.99,66.99,False,False,False,False,False,False,False,False,False,2026-10-08
1717,1717.HK,AUSNUTRIA,澳优,18.14,"1,000",Equity,Equity Securities (Main Board),1.02,1.02,1.02,1.015,29000,0.03,1.026,1.032,-0.58,-1.16,0.0,0.0,-0.97,2.12,3.2,17.78,2.12,3.2,-51.89,-68.13,-94.26,51.89,68.13,False,False,False,False,False,False,False,False,False,2026-10-08
1718,1718.HK,WAN KEI GROUP,宏基集团控股,1.44,"5,000",Equity,Equity Securities (Main Board),0.475,0.535,0.535,0.475,755000,0.36,0.56,0.579,-15.18,-17.96,-11.21,-20.17,-20.83,0.96,2.93,19.3,0.96,2.93,-44.27,-81.74,-97.23,50.52,83.79,False,False,False,False,False,False,False,False,False,2026-10-08
1722,1722.HK,KIN PANG HLDGS,建鹏控股,1.29,"10,000",Equity,Equity Securities (Main Board),0.117,0.115,0.122,0.114,430000,0.05,0.125,0.131,-6.7,-10.76,-6.4,-8.59,-12.69,0.15,0.49,0.59,0.15,0.49,-17.01,-74.85,-79.32,20.41,75.88,False,False,False,False,False,False,False,False,False,2026-10-08
1723,1723.HK,MOON INC,恒月控股,3.87,"2,000",Equity,Equity Securities (Main Board),0.54,0.58,0.585,0.54,400000,0.22,0.592,0.595,-8.78,-9.29,-6.09,-10.0,-16.28,1.99,7.17,7.17,1.99,7.17,-70.6,-91.84,-91.84,72.86,92.47,False,False,False,False,False,False,False,False,False,2026-10-08
1725,1725.HK,C STRATEGIC TEC,中国技术集团,2.03,200,Equity,Equity Securities (Main Board),0.248,0.25,0.25,0.228,3425200,0.85,0.246,0.246,0.81,0.73,-0.8,0.81,1.64,1.13,6.4,50.0,1.13,6.4,-77.88,-96.09,-99.5,78.05,96.13,False,False,False,True,False,False,False,False,False,2026-10-08
1726,1726.HK,HKE HOLDINGS,HKE HOLDINGS,2.91,"5,000",Equity,Equity Securities (Main Board),0.255,0.26,0.26,0.255,120000,0.03,0.257,0.484,-0.78,-47.31,-1.92,8.51,-43.33,1.46,2.4,2.6,1.46,2.4,-82.19,-89.17,-90.0,82.53,89.38,False,False,False,False,False,False,False,False,False,2026-10-08
1727,1727.HK,HEBEI CONS,河北建设,1.1,500,Equity,Equity Securities (Main Board),0.239,0.228,0.242,0.219,45500,0.01,0.241,0.238,-0.67,0.38,4.82,-2.45,-3.24,0.43,0.76,28.5,0.43,0.76,-43.72,-68.16,-99.15,44.42,68.55,False,False,False,False,False,False,False,False,False,2026-10-08
1729,1729.HK,TIME INTERCON,汇聚科技,346.88,"1,000",Equity,Equity Securities (Main Board),15.52,16.27,16.97,15.33,17642052,273.8,16.19,16.522,-4.14,-6.06,-3.96,-6.56,-6.51,24.7,24.7,24.7,24.7,24.7,-31.3,-31.3,-31.3,37.17,37.17,False,False,False,False,False,False,False,False,False,2026-10-08
1731,1731.HK,PROSPEROUS IND,其利工业集团,8.34,"4,000",Equity,Equity Securities (Main Board),0.745,0.745,0.745,0.745,44000,0.03,0.741,0.739,0.54,0.88,0.68,0.68,0.68,0.9,0.96,3.6,0.9,0.96,-17.22,-22.4,-79.31,17.22,22.4,False,False,False,False,False,False,False,False,False,2026-10-08
1732,1732.HK,XIANGXING TECH,象兴科技,2.33,"20,000",Equity,Equity Securities (Main Board),0.182,0.195,0.195,0.182,200000,0.04,0.188,0.189,-3.4,-3.91,-4.21,-4.21,-4.21,0.28,0.4,0.74,0.28,0.4,-29.09,-50.63,-73.65,33.82,53.92,False,False,False,False,False,False,False,False,False,2026-10-08
1733,1733.HK,E-COMMODITIES,易大宗,18.15,"2,000",Equity,Equity Securities (Main Board),0.68,0.685,0.695,0.67,368000,0.25,0.68,0.688,0.0,-1.23,0.74,0.0,-3.55,0.96,1.93,2.68,0.96,1.93,-27.6,-63.99,-74.07,29.17,64.77,False,False,False,False,False,False,False,False,False,2026-10-08
1735,1735.HK,CENTRAL NEW EGY,中环新能源,427.47,"1,000",Equity,Equity Securities (Main Board),10.12,10.9,10.9,10.01,20075000,203.16,12.098,11.615,-16.35,-12.87,-7.66,-25.75,-14.6,13.75,13.75,13.75,13.75,13.75,-20.73,-20.73,-20.73,26.4,26.4,False,False,False,False,False,False,False,False,False,2026-10-08
1737,1737.HK,A & S GROUP,亚洲实业集团,1.93,"10,000",Equity,Equity Securities (Main Board),0.193,0.193,0.193,0.19,250000,0.05,0.197,0.195,-1.93,-1.23,-0.52,-3.5,-1.03,0.21,0.21,0.7,0.21,0.21,-9.39,-9.39,-72.43,9.39,9.39,False,False,False,False,False,False,False,True,True,2026-10-08
1740,1740.HK,VALUES CULTURAL,新石文化,1.76,"5,000",Equity,Equity Securities (Main Board),0.17,0.174,0.182,0.168,1410000,0.24,0.173,0.176,-1.96,-3.13,-2.86,-2.86,-1.16,0.22,0.22,1.02,0.22,0.22,-18.75,-18.75,-82.16,24.11,24.11,False,False,False,False,False,False,False,False,False,2026-10-08
1745,1745.HK,LVJI TECH,驴迹科技,1.52,"2,000",Equity,Equity Securities (Main Board),2.995,3.005,3.005,2.9,39920,0.12,2.905,2.851,3.1,5.03,-0.17,5.09,10.93,9.5,34.21,103.13,9.5,34.21,-68.37,-91.22,-97.09,68.47,91.25,False,False,False,False,False,False,False,False,False,2026-10-08
1747,1747.HK,HOME CONTROL,HOME CONTROL,19.96,"2,000",Equity,Equity Securities (Main Board),3.73,3.73,3.73,3.73,2000,0.01,3.798,3.881,-1.79,-3.9,-1.84,-1.84,-4.36,5.32,6.2,6.2,5.32,6.2,-29.89,-39.84,-39.84,29.89,39.84,False,False,False,False,False,False,False,False,False,2026-10-08
1750,1750.HK,REM GROUP HLDGS,全达电器集团控股,2.75,"10,000",Equity,Equity Securities (Main Board),0.153,0.15,0.153,0.148,820000,0.13,0.148,0.143,3.24,7.14,-2.55,12.5,10.07,0.18,0.18,0.49,0.18,0.18,-14.04,-14.04,-68.45,14.04,14.04,False,False,False,False,False,False,False,False,False,2026-10-08
1751,1751.HK,AI ENERGY ENG,智算能建,2.65,"2,000",Equity,Equity Securities (Main Board),0.65,0.67,0.67,0.65,22000,0.01,0.673,0.676,-3.42,-3.85,-2.99,-4.41,-6.47,2.25,2.38,46.38,2.25,2.38,-70.22,-71.85,-98.56,71.11,72.69,False,False,False,False,False,False,False,False,False,2026-10-08
1753,1753.HK,DUIBA,兑吧,5.06,400,Equity,Equity Securities (Main Board),0.47,0.46,0.515,0.44,5419600,2.55,0.457,0.455,2.84,3.3,2.17,2.17,13.25,0.83,0.83,6.8,0.83,0.83,-38.32,-38.32,-92.43,43.71,43.71,False,False,False,True,False,False,False,False,False,2026-10-08
1757,1757.HK,GLOBAL CHI BC,环球华商俱乐部,58.44,"1,000",Equity,Equity Securities (Main Board),4.87,5.14,5.14,4.87,16000,0.08,5.066,5.043,-3.87,-3.44,-5.34,-4.23,-4.23,22.66,22.66,22.66,22.66,22.66,-77.32,-77.32,-77.32,78.51,78.51,False,False,False,False,False,False,False,False,False,2026-10-08
1759,1759.HK,SINO GAS HLDGS,中油洁能控股,1.68,"1,000",Equity,Equity Securities (Main Board),0.78,0.78,0.78,0.78,16000,0.01,0.796,0.79,-2.01,-1.2,-2.5,-2.5,-2.5,1.49,3.0,4.9,1.49,3.0,-47.65,-74.0,-84.08,47.65,74.0,False,False,False,False,False,False,False,False,False,2026-10-08
1760,1760.HK,INTRON TECH,英恒科技,12.29,"1,000",Equity,Equity Securities (Main Board),1.13,1.135,1.165,1.12,897000,1.01,1.178,1.214,-4.07,-6.96,-4.24,-6.22,-8.13,3.3,3.33,9.56,3.3,3.33,-64.7,-65.02,-87.81,65.76,66.07,False,False,False,False,False,False,False,False,False,2026-10-08
1762,1762.HK,WANKA ONLINE,万咖壹联,17.39,"1,000",Equity,Equity Securities (Main Board),0.895,0.905,0.915,0.87,1927000,1.72,0.901,0.916,-0.67,-2.29,-0.56,-0.56,-3.76,2.31,2.31,5.86,2.31,2.31,-60.39,-60.39,-84.39,61.26,61.26,False,False,False,False,False,False,False,False,False,2026-10-08
1763,1763.HK,CIRC,中国同辐,10.31,200,Equity,Equity Securities (Main Board),12.89,13.01,13.32,12.53,116600,1.5,13.202,13.371,-2.36,-3.6,-1.0,-3.66,-1.9,24.28,25.0,35.4,24.28,25.0,-45.14,-46.72,-62.37,46.91,48.44,False,False,False,False,False,False,False,False,False,2026-10-08
1765,1765.HK,XJ INTL HLDGS,希教国际控股,11.36,"2,000",Equity,Equity Securities (Main Board),0.131,0.132,0.137,0.131,3198000,0.42,0.133,0.135,-1.21,-2.75,-0.76,-2.24,-7.09,0.19,0.51,3.47,0.19,0.51,-28.27,-73.14,-96.05,31.41,74.31,False,False,False,False,False,False,False,False,False,2026-10-08
1766,1766.HK,CRRC,中国中车,228.39,"1,000",Equity,Equity Securities (Main Board),5.225,5.25,5.325,5.215,11371609,59.42,5.247,5.257,-0.42,-0.61,-1.23,-0.19,-1.97,6.19,6.76,8.82,6.19,6.76,-13.97,-21.23,-39.63,15.59,22.71,False,False,False,False,False,False,False,False,False,2026-10-08
1767,1767.HK,TS WONDERS,TS WONDERS,3.9,"10,000",Equity,Equity Securities (Main Board),0.39,0.4,0.4,0.39,150000,0.06,0.397,0.385,-1.76,1.17,-2.5,-4.88,0.0,0.43,0.43,1.04,0.43,0.43,-6.98,-6.98,-61.54,9.3,9.3,False,False,False,False,False,False,False,True,True,2026-10-08
1768,1768.HK,BUSYMING,鸣鸣很忙,765.64,100,Equity,Equity Securities (Main Board),354.6,334.8,358.0,334.8,450439,159.73,342.48,348.36,3.54,1.79,5.16,3.38,-2.15,465.6,465.6,465.6,465.6,465.6,-23.11,-23.11,-23.11,23.84,23.84,False,False,False,True,False,False,False,False,False,2026-10-08
1769,1769.HK,SCHOLAR EDU,思考乐教育,4.75,"1,000",Equity,Equity Securities (Main Board),0.705,0.685,0.77,0.655,1098000,0.77,0.724,0.767,-2.62,-8.08,2.92,-4.73,-12.96,2.32,7.57,26.85,2.32,7.57,-66.81,-89.83,-97.13,69.61,90.69,False,False,False,False,False,False,False,False,False,2026-10-08
1770,1770.HK,DKE,东方科脉,38.9,50,Equity,Equity Securities (Main Board),76.0,75.05,77.5,71.6,5300,0.4,74.79,75.575,1.62,0.56,1.27,2.15,8.57,119.5,119.5,119.5,119.5,119.5,-35.15,-35.15,-35.15,36.4,36.4,True,True,False,True,False,False,False,False,False,2026-10-08
1772,1772.HK,GANFENGLITHIUM,赣锋锂业,141.74,200,Equity,Equity Securities (Main Board),29.34,29.94,30.98,29.26,11749293,344.72,29.912,30.304,-1.91,-3.18,-1.87,-2.72,-4.86,91.2,91.2,132.14,91.2,91.2,-66.03,-66.03,-76.56,67.83,67.83,False,False,False,False,False,False,False,False,False,2026-10-08
1773,1773.HK,TIANLI INT HLDG,天立国际控股,16.19,"1,000",Equity,Equity Securities (Main Board),0.775,0.8,0.825,0.755,3121947,2.42,0.771,0.762,0.52,1.71,-2.52,-1.27,9.15,2.93,5.98,10.68,2.93,5.98,-71.84,-86.2,-92.28,73.55,87.04,False,False,False,True,False,False,False,False,False,2026-10-08
1776,1776.HK,GF SEC,广发证券,318.85,200,Equity,Equity Securities (Main Board),16.6,17.04,17.28,16.46,5935553,98.53,16.856,16.918,-1.52,-1.88,-2.58,-1.25,-2.41,19.83,21.4,21.4,19.83,21.4,-12.86,-19.25,-19.25,16.29,22.43,False,False,False,False,False,False,False,False,False,2026-10-08
1777,1777.HK,FANTASIA,花样年控股,1.13,"5,000",Equity,Equity Securities (Main Board),0.031,0.034,0.036,0.03,4525400,0.14,0.031,0.04,0.65,-22.69,-6.06,3.33,0.0,0.5,1.5,9.6,0.5,1.5,-92.73,-97.6,-99.63,93.74,97.93,False,False,True,False,False,False,False,False,False,2026-10-08
1778,1778.HK,COLOUR LIFE,彩生活,2.57,"1,000",Equity,Equity Securities (Main Board),0.138,0.138,0.138,0.137,1163000,0.16,0.141,0.143,-1.85,-3.5,0.0,-4.17,-3.5,0.3,0.43,9.25,0.3,0.43,-54.0,-67.53,-98.51,54.0,67.53,False,False,False,False,False,False,False,False,False,2026-10-08
1779,1779.HK,LONGBIO-B,天辰生物－Ｂ,71.31,50,Equity,Equity Securities (Main Board),95.0,97.0,98.35,92.0,19500,1.85,99.2,103.61,-4.23,-8.31,-3.11,-4.76,-10.21,165.9,165.9,165.9,165.9,165.9,-40.72,-40.72,-40.72,42.74,42.74,False,False,False,False,False,False,False,False,False,2026-10-08
1780,1780.HK,RONGZUN INT'L H,荣尊国际控股,38.35,"2,500",Equity,Equity Securities (Main Board),6.185,6.03,6.5,6.03,29652780,183.4,6.046,5.714,2.3,8.25,2.57,3.43,5.28,6.73,6.73,6.73,6.73,6.73,-3.42,-3.42,-3.42,8.1,8.1,False,False,False,False,False,False,False,True,True,2026-10-08
1783,1783.HK,ENVISION GREEN,晋景新能,136.08,"1,000",Equity,Equity Securities (Main Board),4.525,4.41,4.53,4.34,9551000,43.22,4.42,4.465,2.38,1.34,2.84,3.08,-2.69,6.42,8.51,8.51,6.42,8.51,-29.44,-46.77,-46.77,29.52,46.83,False,False,False,True,False,False,False,False,False,2026-10-08
1786,1786.HK,CRCCE,铁建装备,3.64,500,Equity,Equity Securities (Main Board),0.685,0.67,0.685,0.67,241000,0.17,0.682,0.687,0.44,-0.22,0.74,0.74,0.0,0.95,1.05,3.91,0.95,1.05,-27.89,-34.76,-82.48,27.89,34.76,False,False,False,False,False,False,False,False,False,2026-10-08
1787,1787.HK,SD GOLD,山东黄金,183.37,250,Equity,Equity Securities (Main Board),18.42,18.59,18.95,18.32,15726462,289.68,18.886,19.127,-2.47,-3.7,-2.8,-2.69,-5.34,54.45,54.45,54.45,54.45,54.45,-65.2,-65.2,-65.2,66.17,66.17,False,False,False,False,False,False,False,False,False,2026-10-08
1788,1788.HK,GUOTAI JUNAN I,国泰君安国际,274.94,"1,000",Equity,Equity Securities (Main Board),2.885,2.89,2.895,2.88,19405000,55.98,2.894,2.9,-0.31,-0.5,0.17,-0.52,-0.52,3.59,7.07,7.07,3.59,7.07,-19.36,-59.05,-59.05,19.64,59.19,False,False,False,False,False,False,False,False,False,2026-10-08
1789,1789.HK,AK MEDICAL,爱康医疗,50.99,"2,000",Equity,Equity Securities (Main Board),4.735,4.77,4.825,4.72,1646000,7.79,4.711,4.764,0.51,-0.6,0.0,1.5,-2.77,7.15,7.99,27.65,7.15,7.99,-32.52,-39.61,-82.55,33.78,40.74,False,False,False,False,False,False,False,False,False,2026-10-08
1790,1790.HK,TIL ENVIRO,达力环保,5.5,"5,000",Equity,Equity Securities (Main Board),0.55,0.27,0.55,0.27,295000,0.16,0.494,0.507,11.34,8.48,8.91,8.91,5.77,0.57,0.79,1.0,0.57,0.79,-3.51,-30.38,-45.0,3.51,30.38,False,False,False,True,False,False,False,True,False,2026-10-08
1792,1792.HK,CMON,CMON,3.62,"2,000",Equity,Equity Securities (Main Board),1.46,1.485,1.485,1.38,348857,0.51,1.49,1.554,-2.01,-6.08,-1.68,-4.26,-2.67,4.0,4.0,150.5,4.0,4.0,-62.87,-62.87,-99.01,63.5,63.5,False,False,False,False,False,False,False,False,False,2026-10-08
1793,1793.HK,WECON HOLDINGS,伟工控股,19.12,"4,000",Equity,Equity Securities (Main Board),2.39,2.5,2.52,2.36,1739900,4.16,2.311,2.359,3.42,1.31,-4.59,12.21,-2.45,2.66,2.66,2.66,2.66,2.66,-5.44,-5.44,-5.44,10.32,10.32,False,False,False,False,False,False,False,False,False,2026-10-08
1795,1795.HK,YADONG GROUP,亚东集团,2.7,"3,000",Equity,Equity Securities (Main Board),0.45,0.47,0.47,0.45,126000,0.06,0.481,0.483,-6.44,-6.83,-10.0,-8.16,-7.22,0.69,5.0,5.0,0.69,5.0,-31.88,-90.6,-90.6,34.78,91.0,False,False,False,False,False,False,False,False,False,2026-10-08
1796,1796.HK,METASPACEX,中国数智科技,1.44,"2,000",Equity,Equity Securities (Main Board),0.3,0.305,0.32,0.29,890000,0.27,0.299,0.325,0.33,-7.83,-3.23,1.69,-7.69,3.65,5.5,5.5,3.65,5.5,-91.23,-94.18,-94.18,91.78,94.55,False,False,True,False,False,False,False,False,False,2026-10-08
1797,1797.HK,EAST BUY,东方甄选,271.31,500,Equity,Equity Securities (Main Board),25.74,25.5,26.26,25.3,5959700,153.4,25.556,25.632,0.72,0.42,3.13,-1.38,-1.61,33.0,53.7,75.55,33.0,53.7,-20.42,-51.1,-65.24,22.0,52.07,False,False,False,True,False,False,False,False,False,2026-10-08
1798,1798.HK,DATANG RENEW,大唐新能源,24.51,"1,000",Equity,Equity Securities (Main Board),0.98,1.01,1.025,0.98,11187710,10.96,1.003,0.995,-2.29,-1.51,-3.92,-2.0,0.0,2.15,2.82,4.41,2.15,2.82,-52.33,-63.65,-76.76,54.42,65.25,False,False,False,False,False,False,False,False,False,2026-10-08
1799,1799.HK,XINTE ENERGY,新特能源,13.81,400,Equity,Equity Securities (Main Board),3.67,3.85,3.86,3.63,3193600,11.72,3.698,3.603,-0.76,1.86,-4.43,0.96,1.24,8.22,15.98,31.3,8.22,15.98,-53.04,-75.84,-87.67,55.35,77.03,False,False,False,False,False,False,False,False,False,2026-10-08
1800,1800.HK,CHINA COMM CONS,中国交通建设,146.91,"1,000",Equity,Equity Securities (Main Board),3.325,3.345,3.39,3.325,15451292,51.38,3.327,3.332,-0.06,-0.21,-0.6,0.0,-1.34,5.26,6.11,11.74,5.26,6.11,-35.55,-44.52,-71.12,36.79,45.58,False,False,False,False,False,False,False,False,False,2026-10-08
1801,1801.HK,INNOVENT BIO,信达生物,1617.65,500,Equity,Equity Securities (Main Board),92.6,97.05,98.5,92.5,15251337,1412.27,96.6,97.26,-4.14,-4.79,-5.03,-4.83,-5.56,112.7,112.7,112.7,112.7,112.7,-12.6,-12.6,-12.6,17.83,17.83,False,False,False,False,False,False,False,False,False,2026-10-08
1808,1808.HK,ENTERPRISE DEV,企展控股,4.62,"2,000",Equity,Equity Securities (Main Board),1.885,1.68,1.89,1.65,36110,0.07,1.81,1.79,4.14,5.28,4.72,4.72,6.8,3.24,5.55,34.95,3.24,5.55,-41.67,-65.95,-94.59,41.82,66.04,False,False,False,True,False,False,False,False,False,2026-10-08
1809,1809.HK,PRINX CHENGSHAN,浦林成山,40.17,500,Equity,Equity Securities (Main Board),6.29,6.38,6.38,6.26,72000,0.45,6.327,6.419,-0.58,-2.02,-1.41,-0.63,-2.48,8.36,9.54,9.55,8.36,9.54,-23.68,-33.12,-33.19,24.76,34.07,False,False,False,False,False,False,False,False,False,2026-10-08
1810,1810.HK,XIAOMI-W,小米集团－Ｗ,5055.07,200,Equity,Equity Securities (Main Board),23.66,24.08,24.56,23.58,97457849,2305.85,23.996,24.876,-1.4,-4.89,-1.17,-0.92,-6.26,40.6,61.45,61.45,40.6,61.45,-39.51,-60.03,-60.03,41.72,61.5,False,False,False,False,False,False,False,False,False,2026-10-08
1811,1811.HK,CGN NEW ENERGY,中广核新能源,91.38,"2,000",Equity,Equity Securities (Main Board),2.13,2.06,2.17,2.055,9348000,19.91,2.044,2.022,4.21,5.34,3.65,5.45,2.9,3.0,3.23,8.99,3.0,3.23,-27.67,-32.82,-75.86,29.0,34.06,False,False,False,False,False,False,False,False,False,2026-10-08
1812,1812.HK,CHENMING PAPER,晨鸣纸业,3.2,500,Equity,Equity Securities (Main Board),0.605,0.6,0.615,0.595,885000,0.54,0.609,0.607,-0.66,-0.25,-1.63,-1.63,-0.82,1.34,2.33,10.8,1.34,2.33,-54.1,-73.61,-94.31,54.85,74.03,False,False,False,False,False,False,False,False,False,2026-10-08
1813,1813.HK,KWG GROUP,合景泰富集团,3.18,500,Equity,Equity Securities (Main Board),0.093,0.092,0.106,0.09,5883743,0.55,0.091,0.09,2.65,3.1,0.0,9.41,0.0,0.28,1.2,14.18,0.28,1.2,-62.14,-91.17,-99.25,66.79,92.25,False,False,False,True,False,False,False,False,False,2026-10-08
1815,1815.HK,EVEREST GOLD,珠峰黄金,23.11,"1,000",Equity,Equity Securities (Main Board),1.635,1.665,1.695,1.615,6546966,10.7,1.64,1.578,-0.3,3.61,-2.68,0.93,2.19,2.89,3.06,3.06,2.89,3.06,-41.35,-44.61,-44.61,43.43,46.57,False,False,False,False,False,False,False,False,False,2026-10-08
1816,1816.HK,CGN POWER,中广核电力,357.24,"1,000",Equity,Equity Securities (Main Board),3.2,3.1,3.21,3.005,114433317,366.19,3.081,3.048,3.86,4.99,3.73,5.26,3.73,3.77,3.77,3.77,3.77,3.77,-14.85,-14.85,-14.85,15.12,15.12,False,False,True,True,False,False,False,False,False,2026-10-08
1817,1817.HK,MULSANNE GROUP,慕尚集团控股,5.22,500,Equity,Equity Securities (Main Board),0.55,0.38,0.57,0.365,1131500,0.62,0.416,0.355,32.21,54.93,44.74,69.23,103.7,0.46,1.94,9.04,0.57,1.94,25.27,-70.62,-93.69,3.51,71.65,False,False,False,False,True,False,False,True,False,2026-10-08
1818,1818.HK,ZHAOJIN MINING,招金矿业,493.32,500,Equity,Equity Securities (Main Board),17.12,17.38,17.66,17.05,11758166,201.3,17.446,17.689,-1.87,-3.22,-2.0,-2.39,-5.15,42.36,42.36,42.36,42.36,42.36,-58.31,-58.31,-58.31,59.58,59.58,False,False,False,False,False,False,False,False,False,2026-10-08
1820,1820.HK,PM PACKAGING,济丰包装,8.42,"1,000",Equity,Equity Securities (Main Board),2.8,2.8,2.8,2.8,2000,0.01,2.8,2.8,0.0,0.0,0.0,0.0,0.0,3.95,6.33,6.35,3.95,6.33,-29.11,-55.77,-55.91,29.11,55.77,False,False,False,False,False,False,False,False,False,2026-10-08
1822,1822.HK,CHINA WOOD INT,中木国际,2.57,"30,000",Equity,Equity Securities (Main Board),0.13,0.13,0.135,0.13,744000,0.1,0.123,0.125,5.86,4.33,-1.52,11.11,10.17,0.18,2.2,84.0,0.18,2.2,-25.41,-93.86,-99.84,28.18,94.09,False,False,False,False,False,False,False,False,False,2026-10-08
1823,1823.HK,HUAYUEXPRESSWAY,华昱高速,4.95,"2,000",Equity,Equity Securities (Main Board),1.05,1.03,1.065,1.03,84000,0.09,1.082,1.071,-2.96,-1.96,-3.67,-3.67,2.94,2.04,2.04,7.7,2.04,2.04,-47.79,-47.79,-86.17,48.53,48.53,False,False,False,False,False,False,False,False,False,2026-10-08
1825,1825.HK,STERLING GP,STERLING GP,0.62,"2,000",Equity,Equity Securities (Main Board),1.5,1.6,1.65,1.5,255000,0.38,1.1,1.05,36.36,42.86,50.0,50.0,50.0,1.49,2.47,78.0,1.65,2.47,10.74,-33.2,-97.88,9.09,39.27,False,False,False,False,True,False,False,True,False,2026-10-08
1826,1826.HK,FDB HOLDINGS,丰展控股,17.5,"10,000",Equity,Equity Securities (Main Board),0.73,0.73,0.765,0.715,1870000,1.37,0.704,0.648,3.69,12.65,0.0,7.35,21.67,0.77,0.77,2.49,0.77,0.77,-0.65,-0.65,-69.28,5.19,5.19,False,False,False,False,False,False,False,True,True,2026-10-08
1828,1828.HK,FWD,富卫集团,415.62,100,Equity,Equity Securities (Main Board),32.48,33.86,33.98,31.86,589826,19.16,33.532,34.178,-3.14,-4.97,-4.08,-2.4,-4.75,40.8,50.8,50.8,40.8,50.8,-16.72,-33.11,-33.11,20.39,36.06,False,False,False,False,False,False,False,False,False,2026-10-08
1830,1830.HK,PERFECT MEDICAL,完美医疗,14.63,"1,000",Equity,Equity Securities (Main Board),1.165,1.18,1.18,1.15,783000,0.91,1.204,1.226,-3.24,-4.98,-4.51,-4.12,-5.67,1.47,3.95,10.9,1.47,3.95,-19.73,-70.13,-89.17,20.75,70.51,False,False,False,False,False,False,False,False,False,2026-10-08
1833,1833.HK,PA GOODDOCTOR,平安好医生,128.82,100,Equity,Equity Securities (Main Board),5.96,6.105,6.29,5.93,7485201,44.61,6.024,6.092,-1.06,-2.16,-0.83,-0.83,-6.07,18.79,24.4,148.5,18.79,24.4,-66.52,-74.22,-95.76,68.28,75.57,False,False,False,False,False,False,False,False,False,2026-10-08
1835,1835.HK,REALWAY CAPITAL,瑞威资管,1.53,400,Equity,Equity Securities (Main Board),3.995,4.0,4.0,3.995,6000,0.02,3.906,3.947,2.28,1.22,-0.13,3.77,-0.13,5.7,5.7,5.83,5.7,5.7,-29.82,-29.82,-31.39,29.91,29.91,False,False,False,False,False,False,False,False,False,2026-10-08
1836,1836.HK,STELLA HOLDINGS,九兴控股,103.87,500,Equity,Equity Securities (Main Board),12.3,12.05,12.4,12.05,1238000,15.23,12.106,12.029,1.6,2.25,2.07,1.65,2.41,15.6,19.44,19.44,15.6,19.44,-20.51,-36.21,-36.21,21.15,36.73,False,False,True,False,False,False,False,False,False,2026-10-08
1837,1837.HK,NATURAL FOOD IH,五谷磨房,28.67,"2,000",Equity,Equity Securities (Main Board),1.31,1.305,1.31,1.285,2786000,3.65,1.335,1.358,-1.87,-3.53,-1.13,-2.96,-4.73,1.83,1.83,2.45,1.83,1.83,-28.42,-28.42,-46.53,28.42,28.42,False,False,False,False,False,False,False,False,False,2026-10-08
1841,1841.HK,A.PLUS GROUP,优越集团控股,1.92,"10,000",Equity,Equity Securities (Main Board),0.48,0.48,0.48,0.47,100000,0.05,0.48,0.481,-0.0,-0.21,-1.03,0.0,-1.03,0.57,0.57,1.07,0.57,0.57,-15.79,-15.79,-55.14,15.79,15.79,False,False,False,False,False,False,False,False,False,2026-10-08
1842,1842.HK,GROWN UP GROUP,植华集团,0.46,"4,000",Equity,Equity Securities (Main Board),0.032,0.032,0.035,0.03,4910000,0.16,0.035,0.036,-8.05,-11.85,-5.88,-11.11,-13.51,0.07,0.14,2.28,0.07,0.14,-48.53,-75.18,-98.46,52.94,77.3,False,False,False,False,False,False,False,False,False,2026-10-08
1843,1843.HK,SNACK EMPIRE,快餐帝国,2.68,"4,000",Equity,Equity Securities (Main Board),0.335,0.345,0.36,0.32,2356000,0.79,0.347,0.35,-3.46,-4.42,-4.29,-4.29,-4.29,0.41,0.41,1.87,0.41,0.41,-12.2,-12.2,-80.75,18.29,18.29,False,False,False,False,False,False,False,False,False,2026-10-08
1845,1845.HK,WG ENV TECH,维港环保科技,3.47,"3,000",Equity,Equity Securities (Main Board),0.26,0.24,0.27,0.233,30000,0.01,0.272,0.282,-4.27,-7.9,4.84,-10.34,-8.77,0.44,0.44,2.0,0.44,0.44,-38.64,-38.64,-86.5,40.91,40.91,False,False,False,False,False,False,False,False,False,2026-10-08
1846,1846.HK,EUROEYES,德视佳,8.08,"1,000",Equity,Equity Securities (Main Board),2.52,2.52,2.52,2.52,43000,0.11,2.498,2.501,0.88,0.76,0.0,2.86,-1.18,3.1,5.92,15.18,3.1,5.92,-18.71,-57.43,-83.4,18.71,57.43,False,False,False,False,False,False,False,False,False,2026-10-08
1848,1848.HK,CALC,中国飞机租赁,26.12,500,Equity,Equity Securities (Main Board),3.44,3.445,3.5,3.43,248379,0.85,3.441,3.495,-0.03,-1.56,0.0,0.44,-2.41,5.1,5.25,11.04,5.1,5.25,-31.37,-33.33,-68.3,32.55,34.48,False,False,False,False,False,False,False,False,False,2026-10-08
1850,1850.HK,BEAUTIFULLIFEGP,美好生活集团控股,0.67,"10,000",Equity,Equity Securities (Main Board),0.385,0.385,0.39,0.385,271000,0.1,0.39,0.393,-1.28,-2.04,0.0,-1.28,-3.75,3.8,15.57,259.72,3.8,15.57,-89.74,-97.5,-99.85,89.87,97.53,False,False,False,False,False,False,False,False,False,2026-10-08
1851,1851.HK,GINGKO EDU,银杏教育,39.25,"2,000",Equity,Equity Securities (Main Board),7.85,8.7,8.7,6.5,1872000,14.7,8.809,8.488,-10.89,-7.52,-13.02,-14.67,-13.74,10.2,10.2,10.2,10.2,10.2,-14.71,-14.71,-14.71,23.04,23.04,False,False,False,False,False,False,False,False,False,2026-10-08
1854,1854.HK,CHINA WANTIAN,中国万天控股,19.06,"10,000",Equity,Equity Securities (Main Board),0.935,0.935,0.935,0.935,60000,0.06,0.943,0.967,-0.85,-3.36,0.0,-1.58,-2.09,1.46,1.58,3.85,1.46,1.58,-35.74,-40.82,-75.72,35.74,40.82,False,False,False,False,False,False,False,False,False,2026-10-08
1855,1855.HK,ZONQING LTD,中庆股份,1.22,"2,000",Equity,Equity Securities (Main Board),0.148,0.149,0.15,0.137,130000,0.02,0.149,0.15,-0.94,-1.2,-0.67,-1.99,0.0,2.04,10.5,10.5,2.04,10.5,-92.65,-98.57,-98.57,92.75,98.59,False,False,False,False,False,False,False,False,False,2026-10-08
1856,1856.HK,ERNEST BOREL,依波路,5.57,"1,000",Equity,Equity Securities (Main Board),1.545,1.54,1.545,1.535,153000,0.24,1.564,1.631,-1.21,-5.24,0.0,-0.32,-9.12,2.0,2.3,3.25,2.0,2.3,-22.75,-32.83,-52.46,22.75,32.83,False,False,False,False,False,False,False,False,False,2026-10-08
1857,1857.HK,CEB WATER,中国光大水务,36.62,"1,000",Equity,Equity Securities (Main Board),1.28,1.27,1.28,1.27,83000,0.11,1.278,1.282,0.16,-0.19,0.79,0.0,-0.78,1.71,1.73,3.0,1.71,1.73,-25.15,-26.01,-57.33,25.15,26.01,False,False,False,False,False,False,False,False,False,2026-10-08
1858,1858.HK,CHUNLI MEDICAL,春立医疗,7.14,250,Equity,Equity Securities (Main Board),7.505,7.605,7.68,7.435,400000,3.0,7.431,7.597,1.0,-1.2,3.02,3.3,-4.21,17.07,20.82,63.0,17.07,20.82,-55.01,-63.11,-87.81,56.03,63.95,False,False,False,False,False,False,False,False,False,2026-10-08
1860,1860.HK,MOBVISTA,汇量科技,191.09,"1,000",Equity,Equity Securities (Main Board),11.24,12.61,13.2,10.98,21507000,241.74,12.386,12.539,-9.25,-10.36,-10.44,-11.84,-16.8,20.64,21.62,21.62,20.64,21.62,-36.05,-38.95,-38.95,45.54,48.01,False,False,False,False,False,False,False,False,False,2026-10-08
1865,1865.HK,PENGO HLDG GP,鹏高控股集团,6.24,"12,000",Equity,Equity Securities (Main Board),0.435,0.42,0.44,0.415,18300000,7.96,0.427,0.432,1.87,0.81,3.57,1.16,0.0,0.65,0.7,16.73,0.65,0.7,-32.31,-37.16,-97.37,33.08,37.88,False,False,False,True,False,False,False,False,False,2026-10-08
1866,1866.HK,CHINA XLX FERT,中国心连心化肥,135.4,"1,000",Equity,Equity Securities (Main Board),10.64,10.46,11.08,10.46,4877000,51.89,10.51,10.46,1.24,1.72,1.82,-0.93,1.62,12.98,12.98,12.98,12.98,12.98,-14.64,-14.64,-14.64,18.03,18.03,False,False,False,False,False,False,False,False,False,2026-10-08
1869,1869.HK,KAFELAKU COFFEE,猫屎咖啡控股,0.85,"10,000",Equity,Equity Securities (Main Board),0.05,0.049,0.051,0.047,2030000,0.1,0.05,0.052,0.0,-3.66,4.17,-1.96,-3.85,0.17,0.32,8.12,0.17,0.32,-69.64,-84.06,-99.37,70.24,84.37,False,False,False,False,False,False,False,False,False,2026-10-08
1870,1870.HK,GREEN POWER GP,绿色电能集团,1.78,"2,500",Equity,Equity Securities (Main Board),0.175,0.186,0.187,0.169,873100,0.15,0.181,0.198,-3.21,-11.71,7.36,-7.41,-17.84,0.58,2.16,3.1,0.58,2.16,-67.76,-91.34,-93.97,69.83,91.9,False,False,False,False,False,False,False,False,False,2026-10-08
1871,1871.HK,CHINA ORIENTED,向中国际,2.09,"4,000",Equity,Equity Securities (Main Board),0.48,0.53,0.55,0.48,1004000,0.48,0.495,0.491,-3.03,-2.24,-6.8,2.13,-3.03,0.54,0.54,1.39,0.55,0.55,1.85,1.85,-60.37,12.73,12.73,False,False,False,False,True,True,False,False,False,2026-10-08
1872,1872.HK,GUAN CHAO HLDGS,冠轈控股,25.97,"5,000",Equity,Equity Securities (Main Board),3.985,3.955,3.985,3.835,850000,3.39,3.943,3.938,1.07,1.18,0.63,2.71,4.87,9.23,9.23,50.0,9.23,9.23,-56.83,-56.83,-92.03,56.83,56.83,False,False,False,True,False,False,False,False,False,2026-10-08
1873,1873.HK,VIVA BIOTECH,维亚生物,31.93,500,Equity,Equity Securities (Main Board),1.525,1.7,1.725,1.525,9311500,14.2,1.601,1.538,-4.75,-0.85,-9.76,3.04,-0.33,2.86,3.27,11.64,2.86,3.27,-39.69,-47.25,-85.18,46.68,53.36,False,False,False,False,False,False,False,False,False,2026-10-08
1875,1875.HK,BIODLINK-B,东曜药业－Ｂ,27.67,400,Equity,Equity Securities (Main Board),3.58,3.75,3.78,3.51,545600,1.95,3.694,3.741,-3.09,-4.32,-2.98,-3.89,-6.16,5.87,5.87,6.43,5.87,5.87,-35.6,-35.6,-41.21,39.01,39.01,False,False,False,False,False,False,False,False,False,2026-10-08
1876,1876.HK,BUD APAC,百威亚太,760.17,100,Equity,Equity Securities (Main Board),5.74,5.7,5.81,5.7,9974592,57.25,5.674,5.832,1.16,-1.58,1.15,2.32,-2.96,8.3,16.26,32.65,8.3,16.26,-30.0,-64.27,-82.21,30.84,64.7,True,False,False,False,False,False,False,False,False,2026-10-08
1877,1877.HK,JUNSHI BIO,君实生物,45.45,200,Equity,Equity Securities (Main Board),17.46,18.4,18.5,17.32,2045400,35.71,17.972,18.198,-2.85,-4.06,-2.4,-2.46,-9.53,30.8,38.64,94.0,30.8,38.64,-39.94,-52.12,-80.32,43.31,54.81,False,False,False,False,False,False,False,False,False,2026-10-08
1878,1878.HK,SOUTHGOBI,南戈壁,6.93,50,Equity,Equity Securities (Main Board),1.87,1.95,1.95,1.73,58950,0.11,1.851,1.847,1.03,1.25,-0.53,8.09,2.75,2.3,6.58,6.58,2.3,6.58,-15.22,-70.36,-70.36,18.7,71.58,False,False,False,True,False,False,False,False,False,2026-10-08
1879,1879.HK,XIZHI TECH-P,曦智科技－Ｐ,195.35,15,Equity,Equity Securities (Main Board),254.2,275.0,276.0,249.2,340381,86.52,274.76,282.38,-7.48,-9.98,-7.56,-10.18,-9.79,1050.0,1050.0,1050.0,1050.0,1050.0,-73.71,-73.71,-73.71,75.79,75.79,False,False,False,False,False,False,False,False,False,2026-10-08
1880,1880.HK,CTG DUTY-FREE,中国中免,56.27,100,Equity,Equity Securities (Main Board),44.9,45.88,45.88,44.7,542700,24.37,45.352,45.73,-1.0,-1.81,-1.01,-1.54,-4.02,107.0,107.0,280.0,107.0,107.0,-57.12,-57.12,-83.61,58.04,58.04,False,False,False,False,False,False,False,False,False,2026-10-08
1882,1882.HK,HAITIAN INT'L,海天国际,279.78,"1,000",Equity,Equity Securities (Main Board),17.53,17.6,17.83,17.5,1652258,28.96,17.62,17.7,-0.51,-0.96,-1.07,-0.28,-1.35,26.2,28.9,32.55,26.2,28.9,-31.95,-38.3,-45.22,33.09,39.34,False,False,False,False,False,False,False,False,False,2026-10-08
1883,1883.HK,CITIC TELECOM,中信国际电讯,87.9,"1,000",Equity,Equity Securities (Main Board),2.375,2.385,2.405,2.365,2463538,5.85,2.375,2.388,-0.0,-0.54,-0.42,0.85,-1.45,2.86,3.29,3.61,2.86,3.29,-15.91,-26.9,-33.38,16.96,27.81,False,False,False,False,False,False,False,False,False,2026-10-08
1884,1884.HK,EPRINT GROUP,ＥＰＲＩＮＴ集团,0.62,"4,000",Equity,Equity Securities (Main Board),0.112,0.111,0.111,0.111,40000,0.0,0.112,0.112,0.0,0.0,0.0,0.0,0.0,0.17,0.82,3.62,0.17,0.82,-32.73,-86.46,-96.93,32.12,86.34,False,False,False,False,False,False,False,False,False,2026-10-08
1888,1888.HK,KB LAMINATES,建滔积层板,1580.45,500,Equity,Equity Securities (Main Board),50.15,52.05,54.8,49.92,69573798,3489.13,52.71,51.219,-4.86,-2.09,-6.44,-9.31,3.32,107.2,107.2,107.2,107.2,107.2,-48.88,-48.88,-48.88,53.22,53.22,False,False,False,False,False,False,False,False,False,2026-10-08
1889,1889.HK,SANAI HEALTH GP,三爱健康集团,0.26,"5,000",Equity,Equity Securities (Main Board),0.17,0.17,0.17,0.17,302700,0.05,0.183,0.184,-7.21,-7.81,-2.86,-10.53,-11.46,0.58,1.85,20.0,0.58,1.85,-70.69,-90.81,-99.15,70.69,90.81,False,False,False,False,False,False,False,False,False,2026-10-08
1890,1890.HK,CHINA KEPEI,中国科培,16.52,"2,000",Equity,Equity Securities (Main Board),0.82,0.84,0.84,0.82,158000,0.13,0.842,0.839,-2.61,-2.26,-1.2,-3.53,-4.65,1.38,2.13,7.32,1.38,2.13,-39.13,-60.56,-88.52,40.58,61.5,False,False,False,False,False,False,False,False,False,2026-10-08
1891,1891.HK,HENG HUP,兴合控股,2.0,"4,000",Equity,Equity Securities (Main Board),0.2,0.206,0.206,0.198,1468000,0.29,0.208,0.211,-3.66,-5.08,-4.31,-4.31,-4.31,0.23,0.25,0.44,0.23,0.25,-10.82,-15.92,-53.18,13.42,18.37,False,False,False,False,False,False,False,False,False,2026-10-08
1894,1894.HK,HANG YICK HLDGS,恒益控股,1.19,"5,000",Equity,Equity Securities (Main Board),0.51,0.505,0.515,0.49,270000,0.14,0.519,0.539,-1.73,-5.38,-0.97,-3.77,-8.93,0.77,10.91,111.79,0.77,10.91,-33.12,-95.28,-99.54,33.77,95.33,False,False,False,False,False,False,False,False,False,2026-10-08
1896,1896.HK,MAOYAN ENT,猫眼娱乐,43.33,200,Equity,Equity Securities (Main Board),3.69,3.77,3.865,3.685,3523369,13.0,3.694,3.816,-0.11,-3.3,0.68,2.36,-6.58,7.92,11.08,19.3,7.92,11.08,-51.2,-65.12,-79.97,53.41,66.7,False,False,False,False,False,False,False,False,False,2026-10-08
1897,1897.HK,MILLIONHOPE IND,美亨实业,1.85,"2,000",Equity,Equity Securities (Main Board),0.46,0.46,0.46,0.46,4445,0.0,0.456,0.451,0.88,1.88,0.0,1.1,2.22,0.52,0.64,0.95,0.52,0.64,-11.54,-28.12,-51.58,11.54,28.12,False,False,False,False,False,False,False,False,False,2026-10-08
1898,1898.HK,CHINA COAL,中煤能源,425.45,"1,000",Equity,Equity Securities (Main Board),10.36,10.27,10.55,10.25,14616957,151.43,10.218,10.356,1.39,0.04,2.07,1.67,0.1,15.24,15.24,15.24,15.24,15.24,-30.77,-30.77,-30.77,32.02,32.02,False,False,False,True,False,False,False,False,False,2026-10-08
1899,1899.HK,XINGDA INT'L,兴达国际,19.01,"1,000",Equity,Equity Securities (Main Board),0.99,0.98,0.995,0.98,344000,0.34,0.981,0.993,0.92,-0.3,1.02,2.59,-0.5,1.6,1.7,3.97,1.6,1.7,-37.81,-41.47,-74.94,38.13,41.76,False,False,False,False,False,False,False,False,False,2026-10-08
1900,1900.HK,CHINA ITS,中国智能交通,2.51,"1,000",Equity,Equity Securities (Main Board),0.146,0.156,0.156,0.146,12000,0.0,0.155,0.158,-5.56,-7.77,-2.67,-9.88,-9.88,0.36,0.44,0.84,0.36,0.44,-56.67,-64.55,-81.43,59.44,66.82,False,False,False,False,False,False,False,False,False,2026-10-08
1903,1903.HK,JBB BUILDERS,JBB BUILDERS,9.8,"2,000",Equity,Equity Securities (Main Board),1.96,2.0,2.0,1.96,32000,0.06,2.068,2.014,-5.22,-2.68,-2.0,-7.98,-10.91,3.8,3.8,3.8,3.8,3.8,-47.37,-47.37,-47.37,48.42,48.42,False,False,False,False,False,False,False,False,False,2026-10-08
1906,1906.HK,BONNY HLDG,博尼控股,21.85,"10,000",Equity,Equity Securities (Main Board),1.485,1.495,1.5,1.455,9590000,14.24,1.435,1.328,3.48,11.82,1.71,1.02,16.93,1.52,1.52,1.52,1.52,1.52,-1.32,-1.32,-1.32,2.3,2.3,False,False,False,False,False,False,False,True,True,2026-10-08
1907,1907.HK,CHINA RISUN GP,中国旭阳集团,69.89,"1,000",Equity,Equity Securities (Main Board),1.645,1.695,1.73,1.63,3075000,5.06,1.681,1.655,-2.14,-0.63,-5.46,-0.9,-1.2,4.24,4.24,6.48,4.24,4.24,-59.2,-59.2,-73.3,61.2,61.2,False,False,False,False,False,False,False,False,False,2026-10-08
1908,1908.HK,C&D INTL GROUP,建发国际集团,312.88,"1,000",Equity,Equity Securities (Main Board),13.51,13.38,13.9,13.13,9525276,128.69,13.32,13.109,1.43,3.06,1.58,2.27,-1.17,18.47,19.96,27.8,18.47,19.96,-24.74,-30.36,-50.0,26.85,32.31,False,False,False,False,False,False,False,False,False,2026-10-08
1909,1909.HK,FIRE ROCK,火岩控股,4.27,"2,000",Equity,Equity Securities (Main Board),1.76,1.705,1.795,1.705,11200,0.02,1.748,1.76,0.69,-0.0,0.86,0.86,0.86,3.7,5.2,72.8,3.7,5.2,-51.49,-65.48,-97.53,52.43,66.15,False,False,False,False,False,False,False,False,False,2026-10-08
1910,1910.HK,SAMSONITE,新秀丽,171.7,300,Equity,Equity Securities (Main Board),12.59,13.28,13.31,12.54,2810015,35.38,12.872,12.696,-2.19,-0.83,-5.55,-2.78,-0.71,21.98,31.6,38.6,21.98,31.6,-39.44,-57.88,-65.52,42.72,60.16,False,False,False,False,False,False,False,False,False,2026-10-08
1911,1911.HK,CR HOLDINGS,华兴资本控股,19.04,100,Equity,Equity Securities (Main Board),3.32,3.555,3.555,3.275,216900,0.72,3.369,3.42,-1.45,-2.92,-1.92,-1.48,-6.48,5.17,10.02,32.15,5.17,10.02,-31.24,-64.52,-88.94,35.78,66.87,False,False,False,False,False,False,False,False,False,2026-10-08
1912,1912.HK,CONTEL,康特隆,14.53,"5,000",Equity,Equity Securities (Main Board),3.15,3.09,3.48,3.09,360000,1.13,3.229,3.451,-2.45,-8.71,1.78,1.61,-15.78,4.03,4.03,34.87,4.03,4.03,-13.54,-13.54,-90.02,21.74,21.74,False,False,False,False,False,False,False,False,False,2026-10-08
1913,1913.HK,PRADA,普拉达,947.79,100,Equity,Equity Securities (Main Board),37.04,37.48,38.2,36.9,1298638,48.1,36.784,37.524,0.7,-1.29,0.16,0.43,-1.17,45.86,71.7,71.7,45.86,71.7,-16.7,-46.72,-46.72,19.23,48.34,False,False,False,False,False,False,False,False,False,2026-10-08
1916,1916.HK,JIANGXI BANK,江西银行,7.87,500,Equity,Equity Securities (Main Board),0.585,0.585,0.585,0.58,423500,0.25,0.582,0.586,0.52,-0.26,0.0,0.86,-0.85,0.72,1.25,7.27,0.72,1.25,-18.75,-53.2,-91.95,18.75,53.2,False,False,True,False,False,False,False,False,False,2026-10-08
1917,1917.HK,DOUMOB,豆盟科技,1.61,"10,000",Equity,Equity Securities (Main Board),0.07,0.073,0.073,0.07,800000,0.06,0.075,0.075,-6.91,-6.79,-9.09,-10.26,-11.39,0.14,0.18,0.96,0.14,0.18,-46.72,-58.99,-92.4,48.91,60.67,False,False,False,False,False,False,False,False,False,2026-10-08
1918,1918.HK,SUNAC,融创中国,120.79,"1,000",Equity,Equity Securities (Main Board),0.605,0.64,0.66,0.6,261969000,158.49,0.618,0.634,-2.1,-4.57,-6.2,2.54,-7.63,1.36,5.51,48.91,1.36,5.51,-51.47,-88.02,-98.65,55.51,89.02,False,False,False,False,False,False,False,False,False,2026-10-08
1919,1919.HK,COSCO SHIP HOLD,中远海控,457.44,500,Equity,Equity Securities (Main Board),16.87,16.52,17.09,16.49,18004027,303.73,16.58,16.591,1.75,1.68,3.18,1.81,1.93,18.04,18.04,18.04,18.04,18.04,-5.27,-5.27,-5.27,6.49,6.49,False,False,False,True,False,False,False,True,True,2026-10-08
1920,1920.HK,JUNWEA GROUP,巨美集团,1.88,"10,000",Equity,Equity Securities (Main Board),0.32,0.34,0.34,0.3,1220000,0.39,0.346,0.361,-7.51,-11.36,-7.25,-9.86,-13.51,1.45,1.45,3.85,1.45,1.45,-76.55,-76.55,-91.17,77.93,77.93,False,False,False,False,False,False,False,False,False,2026-10-08
1921,1921.HK,DALIPAL HLDG,达力普控股,49.89,"2,000",Equity,Equity Securities (Main Board),3.21,3.13,3.215,3.03,1246000,4.0,3.092,3.043,3.82,5.49,2.72,7.54,6.64,9.99,10.5,10.5,9.99,10.5,-67.82,-69.38,-69.38,67.87,69.43,True,False,False,True,False,False,False,False,False,2026-10-08
1925,1925.HK,KWUNGS AROMA,旷世芳香,5.06,"2,000",Equity,Equity Securities (Main Board),1.25,1.25,1.25,1.25,2000,0.0,1.246,1.244,0.32,0.48,0.4,0.4,0.81,1.38,1.58,1.77,1.38,1.58,-9.75,-20.89,-29.38,9.75,20.89,False,False,False,False,False,False,False,True,False,2026-10-08
1927,1927.HK,JIUJIUWANG,久久王,2.57,"5,000",Equity,Equity Securities (Main Board),0.325,0.33,0.345,0.325,605000,0.2,0.337,0.338,-3.56,-3.85,-5.8,-4.41,-4.41,0.35,0.35,0.82,0.35,0.35,-1.43,-1.43,-57.93,7.14,7.14,False,False,False,False,False,False,False,True,True,2026-10-08
1928,1928.HK,SANDS CHINA LTD,金沙中国有限公司,891.89,400,Equity,Equity Securities (Main Board),11.02,11.31,11.44,11.0,38878435,428.44,11.326,11.615,-2.7,-5.12,-2.22,-4.42,-7.0,20.14,24.65,49.35,20.14,24.65,-43.2,-53.59,-76.82,45.28,55.29,False,False,False,False,False,False,False,False,False,2026-10-08
1929,1929.HK,CHOW TAI FOOK,周大福,1065.56,200,Equity,Equity Securities (Main Board),10.8,10.99,11.04,10.79,9541375,103.05,10.894,10.905,-0.86,-0.96,-1.73,-1.01,-1.46,15.55,16.95,18.54,15.55,16.95,-29.0,-34.87,-40.45,30.55,36.28,False,False,False,False,False,False,False,False,False,2026-10-08
1930,1930.HK,SHINELONG,勋龙,2.15,"4,000",Equity,Equity Securities (Main Board),0.325,0.315,0.325,0.315,76000,0.02,0.311,0.308,4.5,5.52,3.17,6.56,6.56,0.46,0.51,1.82,0.46,0.51,-29.35,-36.27,-82.14,29.35,36.27,False,False,False,False,False,False,False,False,False,2026-10-08
1931,1931.HK,ETHK LABS INC.,华检医疗,5.78,"1,000",Equity,Equity Securities (Main Board),0.36,0.38,0.38,0.355,283000,0.1,0.389,0.419,-7.46,-14.08,-5.26,-10.0,-17.24,2.8,12.86,12.86,2.8,12.86,-86.43,-97.05,-97.05,87.14,97.2,False,False,False,False,False,False,False,False,False,2026-10-08
1933,1933.HK,ONEFORCE HLDGS,元力控股,1.17,"4,000",Equity,Equity Securities (Main Board),0.232,0.231,0.232,0.231,52000,0.01,0.226,0.219,2.75,5.69,-1.28,6.42,2.2,0.6,0.6,1.78,0.6,0.6,-61.33,-61.33,-86.97,61.33,61.33,False,False,False,False,False,False,False,False,False,2026-10-08
1936,1936.HK,RITAMIX,利特米,11.41,"2,000",Equity,Equity Securities (Main Board),2.445,2.365,2.585,2.14,3344000,8.18,2.672,2.151,-8.5,13.67,3.38,-14.21,-5.23,3.29,3.29,6.76,3.29,3.29,-21.43,-21.43,-61.76,25.68,25.68,False,False,False,False,False,False,False,False,False,2026-10-08
1937,1937.HK,JIACHEN HOLDING,佳辰控股,1.52,"5,000",Equity,Equity Securities (Main Board),0.152,0.144,0.159,0.144,85000,0.01,0.143,0.14,6.0,8.26,5.56,5.56,10.14,0.25,1.81,1.9,0.25,1.81,-35.89,-91.22,-91.63,38.71,91.6,False,False,False,False,False,False,False,False,False,2026-10-08
1938,1938.HK,CHU KONG PIPE,珠江钢管,1.87,"1,000",Equity,Equity Securities (Main Board),0.185,0.188,0.195,0.182,552000,0.1,0.187,0.19,-0.96,-2.68,-1.6,-2.63,1.65,0.46,0.58,1.22,0.46,0.58,-57.14,-66.38,-84.02,59.34,68.1,False,False,False,False,False,False,False,False,False,2026-10-08
1939,1939.HK,SHANGSHAN GOLD,上善黄金,3.53,"2,000",Equity,Equity Securities (Main Board),0.69,0.7,0.7,0.69,428000,0.3,0.709,0.689,-2.68,0.07,-2.13,-1.43,-10.39,1.3,10.48,10.48,1.3,10.48,-46.15,-93.32,-93.32,46.92,93.42,False,False,False,False,False,False,False,False,False,2026-10-08
1940,1940.HK,CGII HLDGS,CGII HLDGS,13.8,"2,000",Equity,Equity Securities (Main Board),1.15,1.17,1.17,1.15,84000,0.1,1.209,1.227,-4.88,-6.28,-1.71,-7.26,-7.63,2.0,2.0,4.89,2.0,2.0,-41.5,-41.5,-76.07,42.5,42.5,False,False,False,False,False,False,False,False,False,2026-10-08
1941,1941.HK,YE XING GROUP,烨星集团,2.8,"2,000",Equity,Equity Securities (Main Board),0.69,0.695,0.695,0.68,312000,0.22,0.705,0.714,-2.13,-3.29,-1.43,-2.82,-4.17,0.73,0.73,1.88,0.73,0.73,-4.14,-4.14,-63.03,4.83,4.83,False,False,False,False,False,False,False,True,True,2026-10-08
1942,1942.HK,MOG DIGITECH,马可数字科技,1.21,"2,000",Equity,Equity Securities (Main Board),0.059,0.062,0.062,0.059,1350000,0.08,0.061,0.063,-2.64,-6.05,0.0,-3.28,-3.28,0.33,7.86,104.3,0.33,7.86,-81.21,-99.21,-99.94,82.12,99.25,False,False,False,False,False,False,False,False,False,2026-10-08
1943,1943.HK,KING'S STONE,金石控股集团,13.96,"5,000",Equity,Equity Securities (Main Board),1.19,1.17,1.215,1.17,2600000,3.09,1.171,1.161,1.62,2.5,3.03,1.71,2.59,1.55,1.55,1.62,1.55,1.55,-21.61,-21.61,-25.0,23.23,23.23,False,False,False,False,False,False,False,False,False,2026-10-08
1945,1945.HK,ZERO2IPO,清科控股,4.0,400,Equity,Equity Securities (Main Board),1.36,1.24,1.365,1.24,4400,0.01,1.356,1.336,0.29,1.76,-1.45,-3.55,0.74,2.09,2.09,15.82,2.09,2.09,-34.69,-34.69,-91.37,34.93,34.93,False,False,True,True,False,False,False,False,False,2026-10-08
1947,1947.HK,MEIHAO GROUP,美皓集团,3.21,"5,000",Equity,Equity Securities (Main Board),0.535,0.53,0.535,0.53,30000,0.02,0.535,0.539,0.0,-0.74,0.0,0.0,-0.93,0.61,0.61,0.82,0.61,0.61,-12.3,-12.3,-34.76,12.3,12.3,False,False,False,False,False,False,False,False,False,2026-10-08
1948,1948.HK,UJU HOLDING,优矩控股,21.3,"1,000",Equity,Equity Securities (Main Board),3.55,3.55,3.55,3.55,1000,0.0,3.606,3.701,-1.55,-4.08,0.0,-3.14,-3.66,5.8,7.7,7.7,5.8,7.7,-38.79,-53.9,-53.9,38.79,53.9,False,False,False,False,False,False,False,False,False,2026-10-08
1949,1949.HK,PLATT NERA,佰达国际控股,1.45,"4,000",Equity,Equity Securities (Main Board),0.63,0.59,0.68,0.59,96000,0.06,0.637,0.652,-1.1,-3.37,6.78,-8.03,-8.7,0.91,6.85,15.52,0.91,6.85,-25.27,-90.07,-95.62,30.77,90.8,False,False,False,False,False,False,False,False,False,2026-10-08
1950,1950.HK,DIWANG IND H,帝王实业控股,0.71,"4,000",Equity,Equity Securities (Main Board),0.099,0.1,0.1,0.098,16000,0.0,0.098,0.1,0.81,-0.9,-1.0,0.0,-3.88,0.19,0.43,10.05,0.19,0.43,-47.09,-76.47,-99.0,47.62,76.71,False,False,False,False,False,False,False,False,False,2026-10-08
1951,1951.HK,JXR,锦欣生殖,59.53,500,Equity,Equity Securities (Main Board),2.23,2.29,2.305,2.2,15981000,35.64,2.214,2.173,0.72,2.62,-2.62,2.76,-0.45,2.67,4.64,24.55,2.67,4.64,-13.67,-50.32,-90.61,16.48,51.94,False,False,False,False,False,False,False,False,False,2026-10-08
1952,1952.HK,EVEREST MED,云顶新耀,102.09,500,Equity,Equity Securities (Main Board),28.8,29.62,29.96,28.54,6405599,184.48,28.888,28.612,-0.3,0.66,0.21,1.34,-4.45,45.04,77.55,104.8,45.04,77.55,-33.48,-61.37,-71.41,36.06,62.86,False,False,False,False,False,False,False,False,False,2026-10-08
1953,1953.HK,SFQ GLOBAL,赛孚迅国际,14.93,"5,000",Equity,Equity Securities (Main Board),1.185,1.2,1.205,1.165,920000,1.09,1.188,1.201,-0.25,-1.33,-0.84,0.42,-2.47,1.9,1.9,1.9,1.9,1.9,-36.58,-36.58,-36.58,37.63,37.63,False,False,False,False,False,False,False,False,False,2026-10-08
1955,1955.HK,JOHNSON HLDGS,庄臣控股,3.35,"2,000",Equity,Equity Securities (Main Board),0.67,0.64,0.67,0.64,9310000,6.24,0.635,0.628,5.51,6.69,3.88,6.35,5.51,0.75,0.75,2.16,0.75,0.75,-10.67,-10.67,-68.98,10.67,10.67,False,False,False,False,False,False,False,False,False,2026-10-08
1956,1956.HK,WENGE AI-50,中科闻歌（五十）,112.69,50,Equity,Equity Securities (Main Board),64.6,69.9,69.9,64.5,161150,10.41,67.53,66.68,-4.34,-3.12,-6.92,-3.73,1.17,125.0,125.0,125.0,125.0,125.0,-44.08,-44.08,-44.08,48.32,48.32,False,False,False,False,False,False,False,False,False,2026-10-08
1957,1957.HK,MBV INTL,大人国际,1.63,"2,500",Equity,Equity Securities (Main Board),0.26,0.26,0.26,0.26,7500,0.0,0.27,0.272,-3.7,-4.24,-1.89,-3.7,-1.89,0.32,1.1,2.11,0.32,1.1,-20.0,-76.36,-87.68,20.0,76.36,False,False,False,False,False,False,False,False,False,2026-10-08
1958,1958.HK,BAIC MOTOR,北京汽车,17.52,500,Equity,Equity Securities (Main Board),0.695,0.705,0.705,0.695,2664013,1.85,0.701,0.71,-0.86,-2.11,0.0,-1.42,-3.47,1.99,2.82,12.58,1.99,2.82,-64.57,-75.0,-94.4,65.08,75.35,False,False,False,False,False,False,False,False,False,2026-10-08
1959,1959.HK,ZHONG JU INVEST,中聚投资,23.11,"2,000",Equity,Equity Securities (Main Board),4.36,4.24,4.505,4.2,250000,1.09,4.43,4.46,-1.58,-2.24,-3.0,-0.91,-1.91,5.3,5.3,5.3,5.3,5.3,-15.0,-15.0,-15.0,17.74,17.74,False,False,False,False,False,False,False,False,False,2026-10-08
1960,1960.HK,TBKS HLDGS,TBKS HLDGS,3.95,"5,000",Equity,Equity Securities (Main Board),0.395,0.415,0.42,0.395,795000,0.31,0.428,0.444,-7.71,-10.94,-7.06,-11.24,-15.96,0.68,0.68,0.97,0.68,0.68,-38.24,-38.24,-56.7,41.91,41.91,False,False,False,False,False,False,False,False,False,2026-10-08
1963,1963.HK,BCQ,重庆银行,130.9,500,Equity,Equity Securities (Main Board),8.29,8.215,8.44,8.185,1834000,15.2,8.191,8.288,1.21,0.02,2.22,1.66,-2.01,8.81,8.92,8.92,8.81,8.92,-4.2,-5.38,-5.38,5.9,7.06,False,False,False,True,False,False,False,True,True,2026-10-08
1965,1965.HK,LANDSEA LIFE,朗诗绿色生活,0.51,"1,000",Equity,Equity Securities (Main Board),0.125,0.125,0.125,0.125,1000,0.0,0.126,0.13,-1.11,-3.77,0.0,2.46,-9.42,0.16,0.46,7.4,0.16,0.46,-21.87,-72.83,-98.31,21.87,72.83,False,False,False,False,False,False,False,False,False,2026-10-08
1966,1966.HK,CHINA SCE GROUP,中骏集团控股,1.86,"1,000",Equity,Equity Securities (Main Board),0.044,0.046,0.046,0.04,1307000,0.06,0.046,0.048,-5.17,-7.76,0.0,-10.2,0.0,0.09,0.4,4.9,0.09,0.4,-49.45,-88.5,-99.06,51.65,89.0,False,False,False,False,False,False,False,False,False,2026-10-08
1967,1967.HK,CONFIDENCE IN,信恳智能,0.77,200,Equity,Equity Securities (Main Board),0.255,0.245,0.255,0.239,126400,0.03,0.261,0.263,-2.3,-3.23,-3.77,-1.92,-1.92,0.5,0.84,48.5,0.5,0.84,-48.48,-69.64,-99.47,48.48,69.64,False,False,False,False,False,False,False,False,False,2026-10-08
1968,1968.HK,HINGTEX HLDGS,兴纺控股,1.14,"4,000",Equity,Equity Securities (Main Board),0.178,0.178,0.178,0.174,436000,0.08,0.177,0.169,0.79,5.14,0.0,-4.81,11.25,0.25,0.25,3.55,0.25,0.25,-28.8,-28.8,-94.99,28.8,28.8,False,False,False,False,False,False,False,False,False,2026-10-08
1969,1969.HK,CHINA CHUNLAI,中国春来,11.64,"1,000",Equity,Equity Securities (Main Board),0.97,1.0,1.0,0.97,11000,0.01,1.0,0.984,-3.0,-1.42,-3.96,-4.9,0.0,5.59,427.0,427.0,5.59,427.0,-82.11,-99.77,-99.77,82.65,99.77,False,False,False,False,False,False,False,False,False,2026-10-08
1970,1970.HK,IMAX CHINA,IMAX CHINA,28.6,100,Equity,Equity Securities (Main Board),8.415,8.455,8.5,8.415,137000,1.15,8.524,8.501,-1.28,-1.01,-0.47,-1.23,-0.71,9.1,9.1,41.8,9.1,9.1,-6.59,-6.59,-79.67,7.53,7.53,False,False,False,False,False,False,False,True,True,2026-10-08
1972,1972.HK,SWIREPROPERTIES,太古地产,1373.74,200,Equity,Equity Securities (Main Board),23.86,23.5,24.32,23.5,3624257,86.47,23.876,24.146,-0.07,-1.18,-0.42,0.42,-2.05,27.18,27.18,34.65,27.18,27.18,-10.52,-10.52,-29.81,12.21,12.21,False,False,False,False,False,False,False,False,False,2026-10-08
1975,1975.HK,SUN HING PRINT,新兴印刷,2.5,"4,000",Equity,Equity Securities (Main Board),0.52,0.52,0.52,0.52,40000,0.02,0.523,0.526,-0.57,-1.14,0.0,-2.8,-2.8,0.55,0.8,1.45,0.55,0.8,-4.59,-35.0,-64.14,4.59,35.0,False,False,False,False,False,False,False,True,False,2026-10-08
1977,1977.HK,ANALOGUE HLDGS,安乐工程,12.88,"2,000",Equity,Equity Securities (Main Board),0.92,0.91,0.92,0.91,128000,0.12,0.913,0.913,0.77,0.77,0.55,1.66,0.55,1.09,1.35,2.19,1.09,1.35,-15.6,-31.85,-57.99,15.6,31.85,False,False,False,True,False,False,False,False,False,2026-10-08
1978,1978.HK,LH GROUP,叙福楼集团,1.6,"2,000",Equity,Equity Securities (Main Board),0.2,0.2,0.2,0.199,490000,0.1,0.207,0.21,-3.19,-4.94,-1.48,-4.76,-8.68,0.37,1.08,2.12,0.37,1.08,-45.95,-81.48,-90.57,45.95,81.48,False,False,False,False,False,False,False,False,False,2026-10-08
1979,1979.HK,TEN PAO GROUP,天宝集团,15.63,"4,000",Equity,Equity Securities (Main Board),1.51,1.48,1.525,1.48,224000,0.34,1.476,1.488,2.3,1.44,0.67,5.96,2.72,3.38,3.38,3.38,3.38,3.38,-54.88,-54.88,-54.88,55.33,55.33,True,False,False,True,False,False,False,False,False,2026-10-08
1980,1980.HK,TIANGE,天鸽互动,6.97,"1,000",Equity,Equity Securities (Main Board),0.63,0.625,0.63,0.625,71000,0.04,0.634,0.627,-0.63,0.4,0.0,-0.79,0.0,0.85,0.85,7.9,0.85,0.85,-25.88,-25.88,-92.03,25.88,25.88,False,False,False,False,False,False,False,False,False,2026-10-08
1981,1981.HK,CATHAY GP HLDGS,华夏控股,10.76,"1,000",Equity,Equity Securities (Main Board),0.65,0.67,0.67,0.65,229000,0.15,0.669,0.672,-2.84,-3.27,-4.41,-2.99,-3.7,1.11,1.99,8.96,1.11,1.99,-39.64,-66.33,-92.52,41.44,67.34,False,False,False,False,False,False,False,False,False,2026-10-08
1982,1982.HK,NAMESON HLDGS,南旋控股,16.98,"2,000",Equity,Equity Securities (Main Board),0.745,0.745,0.745,0.735,6000,0.0,0.736,0.734,1.22,1.5,1.36,2.05,2.05,1.22,1.22,3.53,1.22,1.22,-38.93,-38.93,-78.9,38.93,38.93,False,False,False,False,False,False,False,False,False,2026-10-08
1983,1983.HK,LUZHOU BANK,泸州银行,15.74,"1,000",Equity,Equity Securities (Main Board),2.09,2.09,2.09,2.09,8000,0.02,2.082,2.084,0.38,0.26,0.48,0.48,0.48,2.58,3.96,3.96,2.58,3.96,-18.99,-47.22,-47.22,18.99,47.22,False,False,False,False,False,False,False,False,False,2026-10-08
1985,1985.HK,MICROWARE,美高域,6.81,"2,000",Equity,Equity Securities (Main Board),2.2,2.2,2.2,2.2,8000,0.02,2.318,2.278,-5.09,-3.42,-5.38,-6.98,-3.08,4.0,4.0,4.0,4.0,4.0,-45.0,-45.0,-45.0,45.0,45.0,False,False,False,False,False,False,False,False,False,2026-10-08
1986,1986.HK,TSAKER NE,彩客新能源,9.68,500,Equity,Equity Securities (Main Board),1.0,1.02,1.02,0.97,900000,0.9,0.979,0.955,2.15,4.77,0.0,3.09,4.17,1.24,1.24,6.5,1.24,1.24,-17.74,-17.74,-84.31,19.35,19.35,False,False,True,False,False,False,False,False,False,2026-10-08
1987,1987.HK,BENG SOON MACH,BENG SOON MACH,2.15,"4,000",Equity,Equity Securities (Main Board),0.215,0.215,0.215,0.215,32000,0.01,0.211,0.211,1.9,2.14,0.0,3.37,2.87,0.28,0.32,5.07,0.28,0.32,-23.21,-32.81,-95.76,23.21,32.81,False,False,False,False,False,False,False,False,False,2026-10-08
1988,1988.HK,MINSHENG BANK,民生银行,287.05,500,Equity,Equity Securities (Main Board),3.45,3.415,3.515,3.405,23585220,81.37,3.411,3.418,1.14,0.94,1.47,2.07,-0.43,4.27,5.55,7.9,4.27,5.55,-17.68,-36.67,-55.51,19.2,37.84,False,False,False,True,False,False,False,False,False,2026-10-08
1989,1989.HK,DELTON,广合科技,52.9,100,Equity,Equity Securities (Main Board),115.0,123.5,126.7,115.0,1692600,194.65,123.0,121.4,-6.5,-5.27,-8.37,-8.87,-3.85,222.0,222.0,222.0,222.0,222.0,-42.93,-42.93,-42.93,48.2,48.2,False,False,False,False,False,False,False,False,False,2026-10-08
1995,1995.HK,ES SERVICES,永升服务,28.94,"2,000",Equity,Equity Securities (Main Board),1.695,1.71,1.73,1.685,1340000,2.27,1.707,1.71,-0.7,-0.85,-0.88,-0.29,-2.02,2.08,3.06,26.05,2.08,3.06,-16.83,-43.46,-93.36,18.51,44.61,False,False,False,False,False,False,False,False,False,2026-10-08
1996,1996.HK,RSUN PPT,弘阳地产,0.83,"1,000",Equity,Equity Securities (Main Board),0.025,0.026,0.026,0.025,10000,0.0,0.025,0.026,-1.57,-2.34,-3.85,4.17,0.0,0.05,0.32,3.62,0.05,0.32,-48.0,-91.87,-99.28,50.0,92.19,False,False,False,False,False,False,False,False,False,2026-10-08
1997,1997.HK,WHARF REIC,九龙仓置业,912.08,"1,000",Equity,Equity Securities (Main Board),30.04,30.5,30.78,29.94,2737995,82.25,29.92,30.284,0.4,-0.81,-0.79,1.97,-1.57,34.82,34.82,65.15,34.82,34.82,-11.6,-11.6,-52.76,13.73,13.73,False,False,False,False,False,False,False,False,False,2026-10-08
1999,1999.HK,MAN WAH HLDGS,敏华控股,104.17,400,Equity,Equity Securities (Main Board),2.71,2.72,2.79,2.695,7039320,19.08,2.727,2.722,-0.62,-0.44,-0.37,-1.28,-2.69,5.2,7.84,22.75,5.2,7.84,-46.35,-64.41,-87.74,47.88,65.43,False,False,False,False,False,False,False,False,False,2026-10-08
2000,2000.HK,SIM TECH,晨讯科技,6.57,"2,000",Equity,Equity Securities (Main Board),0.31,0.29,0.31,0.29,28000,0.01,0.305,0.303,1.64,2.31,-1.59,3.33,6.9,0.37,0.5,0.62,0.37,0.5,-15.07,-38.0,-50.0,15.07,38.0,False,False,False,True,False,False,False,False,False,2026-10-08
2001,2001.HK,NEW HIGHER EDU,新高教集团,9.47,"1,000",Equity,Equity Securities (Main Board),0.48,0.475,0.48,0.46,1300000,0.62,0.474,0.481,1.27,-0.21,2.13,3.23,-2.04,0.97,2.8,8.52,0.97,2.8,-50.52,-82.86,-94.37,50.52,82.86,False,False,False,False,False,False,False,False,False,2026-10-08
2002,2002.HK,SUNSHINE PAPER,阳光纸业,17.1,"2,000",Equity,Equity Securities (Main Board),1.605,1.5,1.605,1.5,312000,0.5,1.563,1.563,2.69,2.72,0.0,7.0,0.31,1.63,3.33,3.63,1.63,3.33,-1.83,-51.8,-55.79,1.83,51.8,False,False,False,True,False,False,False,True,False,2026-10-08
2003,2003.HK,VCREDIT,维信金科,5.97,200,Equity,Equity Securities (Main Board),1.22,1.25,1.3,1.22,74800,0.09,1.213,1.192,0.58,2.39,0.0,0.0,2.95,2.64,4.72,22.65,2.64,4.72,-50.76,-72.46,-94.26,53.79,74.15,False,False,False,False,False,False,False,False,False,2026-10-08
2005,2005.HK,SSY GROUP,石四药集团,80.06,"2,000",Equity,Equity Securities (Main Board),2.775,2.735,2.845,2.735,4434000,12.3,2.754,2.772,0.76,0.11,1.28,2.59,-1.77,3.15,5.2,9.46,3.15,5.2,-9.68,-45.29,-69.93,11.9,46.63,False,False,False,True,False,False,False,False,False,2026-10-08
2007,2007.HK,COUNTRY GARDEN,碧桂园,83.72,"1,000",Equity,Equity Securities (Main Board),0.179,0.189,0.19,0.179,432488055,77.42,0.183,0.185,-2.29,-3.03,-4.28,-0.56,-9.14,0.43,1.05,17.88,0.43,1.05,-55.81,-81.9,-98.94,58.37,82.95,False,False,False,False,False,False,False,False,False,2026-10-08
2008,2008.HK,PHOENIX TV,凤凰卫视,6.49,"1,000",Equity,Equity Securities (Main Board),1.3,1.24,1.3,1.24,12000,0.02,1.227,1.251,5.95,3.92,7.88,7.44,4.42,2.02,2.9,18.0,2.02,2.9,-35.64,-55.17,-92.78,35.64,55.17,False,False,False,True,False,False,False,False,False,2026-10-08
2009,2009.HK,BBMG,金隅集团,14.27,"1,000",Equity,Equity Securities (Main Board),0.61,0.62,0.625,0.605,9697000,5.92,0.61,0.609,0.0,0.25,0.83,0.83,-3.17,0.96,1.1,5.25,0.96,1.1,-34.9,-43.18,-88.1,36.46,44.55,False,False,False,False,False,False,False,False,False,2026-10-08
2011,2011.HK,GILSTON GROUP,进腾集团,6.32,"2,000",Equity,Equity Securities (Main Board),1.1,1.04,1.1,1.04,12000,0.01,1.137,1.158,-3.25,-5.05,5.77,-9.84,-6.78,1.49,2.07,3.15,1.49,2.07,-26.17,-46.86,-65.08,26.17,46.86,False,False,False,False,False,False,False,False,False,2026-10-08
2012,2012.HK,SUNSHINE OIL,阳光油砂,1.42,"1,000",Equity,Equity Securities (Main Board),0.199,0.185,0.219,0.183,4369000,0.87,0.175,0.167,13.97,18.95,13.71,20.61,25.16,0.51,1.48,25.0,0.51,1.48,-57.06,-85.2,-99.12,60.98,86.55,False,False,False,False,False,False,False,False,False,2026-10-08
2013,2013.HK,WEIMOB INC,微盟集团,30.99,"1,000",Equity,Equity Securities (Main Board),0.75,0.785,0.805,0.745,27605000,20.7,0.78,0.795,-3.85,-5.66,-3.85,-4.46,-8.54,2.62,3.87,33.5,2.62,3.87,-69.27,-79.2,-97.6,71.37,80.62,False,False,False,False,False,False,False,False,False,2026-10-08
2015,2015.HK,LI AUTO-W,理想汽车－Ｗ,700.69,100,Equity,Equity Securities (Main Board),43.02,43.32,44.12,42.78,5755437,247.6,42.828,44.146,0.45,-2.55,-1.1,1.46,-4.48,78.9,182.9,185.5,78.9,182.9,-44.08,-75.88,-76.22,45.48,76.48,False,False,True,False,False,False,False,False,False,2026-10-08
2016,2016.HK,CZBANK,浙商银行,140.01,"1,000",Equity,Equity Securities (Main Board),2.365,2.38,2.4,2.355,5465480,12.93,2.349,2.354,0.68,0.47,0.64,1.07,-0.42,2.69,3.14,4.85,2.69,3.14,-10.78,-23.57,-50.47,12.08,24.68,True,False,False,False,False,False,False,False,False,2026-10-08
2017,2017.HK,CHANHIGH,沧海控股,4.42,"2,000",Equity,Equity Securities (Main Board),0.715,0.8,0.8,0.71,1214000,0.87,0.807,0.766,-11.4,-6.66,-10.63,-13.33,-16.86,0.95,0.95,2.28,0.95,0.95,-15.79,-15.79,-64.91,24.74,24.74,False,False,False,False,False,False,False,False,False,2026-10-08
2018,2018.HK,AAC TECH,瑞声科技,429.03,500,Equity,Equity Securities (Main Board),37.24,39.88,40.14,37.14,9272343,345.3,38.884,39.266,-4.23,-5.16,-6.34,-3.62,-5.58,50.35,54.8,185.0,50.35,54.8,-20.28,-26.75,-78.3,26.04,32.04,False,False,False,False,False,False,False,False,False,2026-10-08
2020,2020.HK,ANTA SPORTS,安踏体育,2008.0,200,Equity,Equity Securities (Main Board),71.8,71.35,72.9,71.25,5929260,425.72,72.39,72.435,-0.82,-0.88,0.63,-1.98,-2.64,88.8,107.5,191.9,88.8,107.5,-17.91,-32.19,-62.01,19.14,33.21,False,False,False,False,False,False,False,False,False,2026-10-08
2022,2022.HK,DIGIT HOLLYWOOD,游莱互动,0.9,"4,000",Equity,Equity Securities (Main Board),0.045,0.045,0.045,0.041,348000,0.02,0.045,0.046,-0.88,-2.39,0.0,4.65,-11.76,0.08,0.17,1.51,0.08,0.17,-40.0,-73.68,-97.02,40.0,73.68,False,False,False,False,False,False,False,False,False,2026-10-08
2023,2023.HK,CHINA LUDAO,中国绿岛科技,3.74,"4,000",Equity,Equity Securities (Main Board),0.76,0.755,0.77,0.755,40000,0.03,0.765,0.757,-0.65,0.33,-3.8,0.0,4.11,0.82,1.18,2.1,0.82,1.18,-6.1,-34.75,-63.33,7.32,35.59,False,False,False,False,False,False,False,True,False,2026-10-08
2025,2025.HK,RUIFENG POWER,瑞丰动力,101.12,"2,000",Equity,Equity Securities (Main Board),12.64,12.62,12.65,12.62,308000,3.89,12.56,12.547,0.64,0.74,0.48,0.96,1.2,23.78,23.78,23.78,23.78,23.78,-46.8,-46.8,-46.8,46.85,46.85,False,False,False,False,False,False,False,False,False,2026-10-08
2026,2026.HK,PONY-W,小马智行－Ｗ,161.47,100,Equity,Equity Securities (Main Board),45.6,48.68,48.68,45.5,679798,31.0,46.992,50.366,-2.96,-9.46,-3.72,-3.02,-10.68,136.9,136.9,136.9,136.9,136.9,-64.44,-64.44,-64.44,66.69,66.69,False,False,False,False,False,False,False,False,False,2026-10-08
2028,2028.HK,JOLIMARK,映美控股,32.96,"2,000",Equity,Equity Securities (Main Board),3.84,3.895,4.01,3.68,19102000,73.35,4.03,4.429,-4.71,-13.29,-1.41,-6.34,-14.09,6.12,6.12,6.12,6.12,6.12,-34.48,-34.48,-34.48,37.25,37.25,False,False,False,False,False,False,False,False,False,2026-10-08
2030,2030.HK,CABBEEN,卡宾,7.86,"1,000",Equity,Equity Securities (Main Board),1.175,1.295,1.295,1.105,642000,0.75,1.284,1.295,-8.49,-9.3,-8.91,-10.98,-11.65,1.55,1.95,4.32,1.55,1.95,-16.45,-33.59,-70.02,24.19,39.74,False,False,False,False,False,False,False,False,False,2026-10-08
2031,2031.HK,AUSUPREME,澳至尊,3.7,"5,000",Equity,Equity Securities (Main Board),0.485,0.485,0.485,0.485,30000,0.01,0.487,0.485,-0.41,0.1,-1.02,-1.02,-1.02,0.52,0.52,0.71,0.52,0.52,-6.73,-6.73,-31.69,6.73,6.73,False,False,False,False,False,False,False,True,True,2026-10-08
2038,2038.HK,FIH,富智康集团,108.86,"1,000",Equity,Equity Securities (Main Board),13.91,14.79,14.79,13.79,468000,6.51,14.592,14.65,-4.67,-5.05,-3.8,-5.69,-3.27,31.46,31.46,33.4,31.46,31.46,-52.99,-52.99,-55.72,55.79,55.79,False,False,False,False,False,False,False,False,False,2026-10-08
2039,2039.HK,CIMC,中集集团,218.56,100,Equity,Equity Securities (Main Board),7.27,7.185,7.49,7.185,1842980,13.4,7.334,7.382,-0.87,-1.51,-1.16,-1.49,-2.55,12.8,12.8,12.8,12.8,12.8,-41.48,-41.48,-41.48,43.2,43.2,False,False,False,False,False,False,False,False,False,2026-10-08
2041,2041.HK,MEDCAPTAIN,麦科田,32.75,100,Equity,Equity Securities (Main Board),6.835,7.02,7.02,6.82,189700,1.3,7.008,7.363,-2.47,-7.17,-3.19,-2.57,-3.05,9.98,9.98,9.98,9.98,9.98,-29.66,-29.66,-29.66,31.51,31.51,False,False,False,False,False,False,False,False,False,2026-10-08
2048,2048.HK,E-HOUSE ENT,易居企业控股,1.08,300,Equity,Equity Securities (Main Board),0.062,0.066,0.066,0.059,2477400,0.15,0.06,0.062,2.65,-0.32,-3.13,1.64,0.0,0.13,0.6,15.34,0.13,0.6,-50.75,-89.0,-99.57,53.73,89.67,False,False,True,False,False,False,False,False,False,2026-10-08
2050,2050.HK,SANHUA,三花智控,108.94,100,Equity,Equity Securities (Main Board),22.86,24.02,24.1,22.82,6249869,142.87,23.872,24.104,-4.24,-5.16,-4.75,-5.38,-6.46,41.36,46.48,46.48,41.36,46.48,-41.73,-48.15,-48.15,44.73,50.82,False,False,False,False,False,False,False,False,False,2026-10-08
2051,2051.HK,VALA,VALA,5.54,"10,000",Equity,Equity Securities (Main Board),0.34,0.345,0.355,0.325,2250000,0.77,0.344,0.347,-1.16,-2.16,1.49,-4.23,0.0,0.73,0.87,9.55,0.73,0.87,-51.37,-59.2,-96.28,53.42,60.92,False,False,False,False,False,False,False,False,False,2026-10-08
2057,2057.HK,ZTO EXPRESS-W,中通快递－Ｗ,844.63,50,Equity,Equity Securities (Main Board),154.2,155.3,156.0,153.1,1229128,189.53,153.72,154.02,0.31,0.12,-0.58,1.11,0.72,205.6,219.0,299.0,205.6,219.0,-24.12,-28.77,-47.83,25.0,29.59,False,False,False,True,False,False,False,False,False,2026-10-08
2068,2068.HK,CHALIECO,中铝国际,6.75,"1,000",Equity,Equity Securities (Main Board),1.69,1.7,1.73,1.69,1252000,2.12,1.7,1.707,-0.59,-1.0,-0.59,-0.59,-2.03,3.43,3.5,4.34,3.43,3.5,-49.56,-50.57,-60.14,50.73,51.71,False,False,False,False,False,False,False,False,False,2026-10-08
2076,2076.HK,BOSS ZHIPIN-W,ＢＯＳＳ直聘－Ｗ,484.71,100,Equity,Equity Securities (Main Board),58.45,59.2,59.7,57.75,229066,13.39,58.47,56.435,-0.03,3.57,-1.27,0.52,6.08,83.15,97.8,98.95,83.15,97.8,-28.2,-38.96,-39.67,29.71,40.24,False,False,False,False,False,False,False,False,False,2026-10-08
2080,2080.HK,AUX INTL,奥克斯国际,2.19,"2,000",Equity,Equity Securities (Main Board),0.445,0.465,0.465,0.435,346000,0.15,0.441,0.441,0.91,1.02,-4.3,8.54,2.3,0.51,0.78,2.45,0.51,0.78,-8.82,-40.38,-81.02,12.75,42.95,False,False,False,True,False,False,False,False,False,2026-10-08
2096,2096.HK,SIMCERE PHARMA,先声药业,281.99,"1,000",Equity,Equity Securities (Main Board),10.98,11.5,11.63,10.98,4766000,52.33,11.356,11.382,-3.31,-3.53,-3.68,-3.77,-7.34,14.28,15.08,15.08,14.28,15.08,-18.56,-22.88,-22.88,23.11,27.19,False,False,False,False,False,False,False,False,False,2026-10-08
2097,2097.HK,MIXUE GROUP,蜜雪集团,257.26,100,Equity,Equity Securities (Main Board),170.5,173.7,181.0,170.2,280052,47.75,172.9,178.6,-1.39,-4.54,-1.33,-0.29,-6.27,464.0,618.5,618.5,464.0,618.5,-60.99,-70.74,-70.74,63.25,72.43,False,False,False,False,False,False,False,False,False,2026-10-08
2098,2098.HK,ZALL SMARTCOM,卓尔智联,8.18,"1,000",Equity,Equity Securities (Main Board),0.066,0.068,0.068,0.066,246000,0.02,0.071,0.072,-6.78,-7.95,-1.49,-10.81,-10.81,0.12,0.47,11.76,0.12,0.47,-41.88,-85.68,-99.42,43.59,86.11,False,False,False,False,False,False,False,False,False,2026-10-08
2099,2099.HK,CHINAGOLDINTL,中国黄金国际,832.47,100,Equity,Equity Securities (Main Board),210.0,216.0,217.6,207.0,1283588,269.55,214.76,217.92,-2.22,-3.63,-2.42,-2.87,-4.72,280.6,280.6,280.6,280.6,280.6,-22.45,-22.45,-22.45,25.16,25.16,False,False,False,False,False,False,False,False,False,2026-10-08
2100,2100.HK,BAIOO,百奥家庭互动,7.57,"2,000",Equity,Equity Securities (Main Board),0.265,0.26,0.265,0.26,1004000,0.27,0.275,0.267,-3.64,-0.75,-7.02,0.0,0.0,0.57,0.84,3.25,0.57,0.84,-53.51,-68.45,-91.85,53.51,68.45,False,False,False,False,False,False,False,False,False,2026-10-08
2101,2101.HK,FULU HOLDINGS,福禄控股,3.78,500,Equity,Equity Securities (Main Board),0.93,0.92,0.93,0.92,17000,0.02,0.923,0.944,0.76,-1.48,0.54,1.09,-0.53,1.53,3.6,12.44,1.53,3.6,-39.22,-74.17,-92.52,39.22,74.17,False,False,True,False,False,False,False,False,False,2026-10-08
2102,2102.HK,TAK LEE MACH,德利机械,3.35,"10,000",Equity,Equity Securities (Main Board),0.335,0.355,0.355,0.335,50000,0.02,0.35,0.349,-4.29,-4.15,-5.63,-5.63,-5.63,0.38,0.38,0.51,0.38,0.38,-5.33,-5.33,-30.39,10.67,10.67,False,False,False,False,False,False,False,False,False,2026-10-08
2105,2105.HK,LAEKNA-B,来凯医药－Ｂ,34.36,500,Equity,Equity Securities (Main Board),7.6,7.88,7.955,7.2,2341500,17.8,8.134,7.568,-6.57,0.42,-4.04,-6.29,-8.05,19.36,26.45,26.45,19.36,26.45,-58.91,-69.92,-69.92,60.74,71.27,False,False,False,False,False,False,False,False,False,2026-10-08
2107,2107.HK,FIRST SERVICE,第一服务控股,4.61,"2,500",Equity,Equity Securities (Main Board),0.365,0.365,0.365,0.365,17500,0.01,0.379,0.384,-3.69,-5.07,-2.67,-6.41,-7.59,0.47,0.47,2.21,0.47,0.47,-23.16,-23.16,-83.48,23.16,23.16,False,False,False,False,False,False,False,False,False,2026-10-08
2108,2108.HK,K2 F&B,K2 F&B,3.28,"4,000",Equity,Equity Securities (Main Board),0.41,0.41,0.41,0.41,104000,0.04,0.413,0.414,-0.73,-1.09,0.0,-1.2,-2.38,0.54,0.54,0.9,0.54,0.54,-24.07,-24.07,-54.44,24.07,24.07,False,False,False,False,False,False,False,False,False,2026-10-08
2110,2110.HK,TIAN CHENG-NEW,天成控股（新）,0.28,"2,000",Equity,Equity Securities (Main Board),0.65,0.68,0.68,0.6,70000,0.05,0.69,0.679,-5.8,-4.34,-7.8,-7.8,-5.11,1.85,3.8,50.0,1.85,3.8,-63.24,-82.11,-98.64,64.86,82.89,False,False,False,False,False,False,False,False,False,2026-10-08
2111,2111.HK,BEST PACIFIC,超盈国际控股,26.0,"2,000",Equity,Equity Securities (Main Board),2.5,2.51,2.54,2.5,170000,0.42,2.506,2.491,-0.24,0.34,-2.53,0.0,0.81,3.48,3.74,7.47,3.48,3.74,-27.01,-32.09,-66.0,28.16,33.16,False,False,False,False,False,False,False,False,False,2026-10-08
2112,2112.HK,GRACE LIFE-TECH,恩典生命科技,0.58,"2,000",Equity,Equity Securities (Main Board),0.039,0.038,0.039,0.038,106000,0.0,0.038,0.038,2.09,1.3,2.63,2.63,0.0,0.09,0.45,2.02,0.09,0.45,-57.61,-91.33,-98.07,57.61,91.33,False,False,False,True,False,False,False,False,False,2026-10-08
2113,2113.HK,CENTURY GP-NEW,世纪集团国际－新,0.34,"1,000",Equity,Equity Securities (Main Board),0.7,0.715,0.72,0.65,887750,0.62,0.745,0.855,-6.04,-18.13,-5.41,-4.11,-26.32,9.9,9.9,20.6,9.9,9.9,-92.73,-92.73,-96.5,92.93,92.93,False,False,False,False,False,False,False,False,False,2026-10-08
2116,2116.HK,JS INNOV,江苏创新,3.55,"2,000",Equity,Equity Securities (Main Board),0.74,0.73,0.74,0.73,44000,0.03,0.725,0.725,2.07,2.07,0.0,4.96,0.68,0.88,0.88,1.29,0.88,0.88,-15.91,-15.91,-42.64,15.91,15.91,False,False,False,False,False,False,False,False,False,2026-10-08
2119,2119.HK,TSIT WING INTL,捷荣国际控股,3.21,"2,000",Equity,Equity Securities (Main Board),0.445,0.445,0.445,0.445,4000,0.0,0.445,0.451,0.0,-1.22,0.0,0.0,-2.2,0.55,0.86,2.85,0.55,0.86,-19.09,-48.26,-84.39,19.09,48.26,False,False,False,False,False,False,False,False,False,2026-10-08
2120,2120.HK,KN HOSPITAL,康宁医院,2.83,100,Equity,Equity Securities (Main Board),10.5,10.5,10.54,10.2,96100,1.01,10.496,10.338,0.04,1.57,0.19,0.0,0.0,10.6,15.9,55.0,10.6,15.9,-0.57,-33.71,-80.84,0.94,33.96,False,False,False,True,False,False,False,True,False,2026-10-08
2121,2121.HK,AINNOVATION,创新奇智,18.58,100,Equity,Equity Securities (Main Board),3.37,3.31,3.37,3.26,482500,1.63,3.303,3.213,2.03,4.87,0.15,3.06,7.15,7.33,11.72,27.5,7.33,11.72,-54.02,-71.25,-87.75,54.02,71.25,False,False,False,False,False,False,False,False,False,2026-10-08
2122,2122.HK,KIDSLAND INTL,凯知乐国际,1.15,"2,000",Equity,Equity Securities (Main Board),0.085,0.085,0.085,0.085,12000,0.0,0.089,0.089,-4.28,-4.06,-7.61,-4.49,-3.41,0.31,0.4,1.82,0.31,0.4,-72.13,-78.48,-95.33,72.13,78.48,False,False,False,False,False,False,False,False,False,2026-10-08
2126,2126.HK,JW THERAP-B,药明巨诺－Ｂ,11.55,500,Equity,Equity Securities (Main Board),2.77,2.975,2.995,2.685,1718000,4.76,2.816,2.763,-1.63,0.24,-5.62,0.36,-1.95,3.18,6.44,52.8,3.18,6.44,-5.82,-53.49,-94.33,12.89,56.99,False,False,False,False,False,False,False,False,False,2026-10-08
2128,2128.HK,CHINA LESSO,中国联塑,98.81,"1,000",Equity,Equity Securities (Main Board),3.185,3.13,3.275,3.13,8878000,28.28,3.151,3.189,1.08,-0.13,1.76,1.43,-3.63,7.14,7.14,21.6,7.14,7.14,-54.13,-54.13,-84.84,55.39,55.39,False,False,False,False,False,False,False,False,False,2026-10-08
2129,2129.HK,LEGION CONSO,LEGION CONSO,3.56,"5,000",Equity,Equity Securities (Main Board),0.285,0.295,0.295,0.28,220000,0.06,0.288,0.292,-1.04,-2.56,-3.39,0.0,-6.56,0.31,0.31,0.49,0.31,0.31,-6.35,-6.35,-39.18,9.52,9.52,False,False,False,False,False,False,False,True,True,2026-10-08
2132,2132.HK,LANDRICH HLDG,誉燊丰控股,2.58,"8,000",Equity,Equity Securities (Main Board),0.161,0.162,0.162,0.161,184000,0.03,0.162,0.161,-0.62,-0.25,-2.42,0.0,-0.62,0.18,0.42,0.48,0.18,0.42,-11.96,-61.43,-66.25,12.5,61.67,False,False,False,False,False,False,False,False,False,2026-10-08
2136,2136.HK,LIFESTYLE CHI,利福中国,8.27,500,Equity,Equity Securities (Main Board),0.565,0.56,0.565,0.56,50500,0.03,0.574,0.581,-1.57,-2.84,0.0,-2.59,-2.59,1.13,1.16,4.07,1.13,1.16,-50.0,-51.29,-86.12,50.0,51.29,False,False,False,False,False,False,False,False,False,2026-10-08
2137,2137.HK,BRII-B,腾盛博药－Ｂ,6.1,500,Equity,Equity Securities (Main Board),0.845,0.855,0.865,0.82,698000,0.59,0.865,0.871,-2.31,-2.99,-2.87,-2.87,-2.31,1.7,3.5,52.6,1.7,3.5,-49.12,-75.29,-98.36,50.29,75.86,False,False,False,False,False,False,False,False,False,2026-10-08
2138,2138.HK,EC HEALTHCARE,医思健康,6.52,"1,000",Equity,Equity Securities (Main Board),0.55,0.585,0.585,0.54,150000,0.08,0.567,0.579,-3.0,-5.09,-1.79,-4.35,-6.78,0.72,2.99,16.26,0.72,2.99,-18.75,-80.43,-96.4,23.61,81.61,False,False,False,False,False,False,False,False,False,2026-10-08
2139,2139.HK,BANK OF GANSU,甘肃银行,9.22,"1,000",Equity,Equity Securities (Main Board),0.243,0.245,0.245,0.243,177000,0.04,0.244,0.245,-0.49,-0.9,0.0,-1.22,-2.02,0.42,0.59,3.34,0.42,0.59,-41.67,-58.47,-92.66,42.14,58.81,False,False,False,False,False,False,False,False,False,2026-10-08
2142,2142.HK,HBM HOLDINGS-B,和铂医药－Ｂ,102.82,"1,000",Equity,Equity Securities (Main Board),11.79,12.99,13.11,11.62,20334710,239.75,12.992,13.369,-9.25,-11.81,-8.03,-11.09,-14.94,17.07,17.98,17.98,17.07,17.98,-23.2,-27.09,-27.09,30.93,34.43,False,False,False,False,False,False,False,False,False,2026-10-08
2145,2145.HK,CHICMAX,上美股份,42.3,100,Equity,Equity Securities (Main Board),21.12,21.3,21.66,21.12,613789,12.96,20.996,20.992,0.59,0.61,-0.47,1.25,-2.22,81.1,104.8,104.8,81.1,104.8,-73.29,-79.33,-79.33,73.96,79.85,False,False,False,False,False,False,False,False,False,2026-10-08
2146,2146.HK,ROISERV,荣万家,1.84,500,Equity,Equity Securities (Main Board),1.96,1.9,2.02,1.9,155000,0.3,1.872,1.836,4.7,6.75,3.16,8.89,8.89,2.3,2.3,13.2,2.3,2.3,-12.17,-12.17,-84.7,14.78,14.78,False,False,False,False,False,False,False,False,False,2026-10-08
2147,2147.HK,ZHENGWEI GROUP,正味集团,2.82,"4,000",Equity,Equity Securities (Main Board),0.6,0.58,0.61,0.58,76000,0.05,0.614,0.565,-2.28,6.29,0.0,0.0,20.0,1.0,58.0,58.0,1.0,58.0,-39.0,-98.95,-98.95,40.0,98.97,False,False,False,False,False,False,False,False,False,2026-10-08
2149,2149.HK,BATELAB,贝克微,5.86,100,Equity,Equity Securities (Main Board),32.58,32.8,32.8,31.02,57400,1.87,33.312,33.472,-2.2,-2.66,-0.37,-4.12,-3.21,49.6,80.0,80.0,49.6,80.0,-33.87,-59.0,-59.0,34.31,59.27,False,False,False,False,False,False,False,False,False,2026-10-08
2150,2150.HK,NAYUKI,奈雪的茶,11.59,500,Equity,Equity Securities (Main Board),0.7,0.665,0.715,0.65,1836000,1.29,0.686,0.702,2.04,-0.28,5.26,1.45,-2.1,1.21,4.22,18.98,1.21,4.22,-40.91,-83.06,-96.23,42.15,83.41,False,False,False,False,False,False,False,False,False,2026-10-08
2153,2153.HK,TAT HONG EQUIP,达丰设备,9.34,"2,000",Equity,Equity Securities (Main Board),0.8,0.82,0.825,0.79,120000,0.1,0.814,0.845,-1.72,-5.38,-1.84,-1.23,-6.43,1.02,1.44,1.92,1.02,1.44,-19.12,-42.71,-57.03,21.57,44.44,False,False,False,False,False,False,False,False,False,2026-10-08
2155,2155.HK,MORIMATSU INTL,森松国际,85.88,"1,000",Equity,Equity Securities (Main Board),6.755,6.92,7.03,6.75,1063000,7.18,6.982,7.029,-3.25,-3.89,-2.38,-4.72,-3.08,12.08,12.08,15.64,12.08,12.08,-41.8,-41.8,-55.05,44.08,44.08,False,False,False,False,False,False,False,False,False,2026-10-08
2156,2156.HK,C&D PROPERTY,建发物业,35.28,"1,000",Equity,Equity Securities (Main Board),2.505,2.575,2.61,2.505,1009000,2.53,2.536,2.541,-1.22,-1.42,-3.28,-0.2,-0.99,3.15,4.19,5.44,3.15,4.19,-17.14,-37.71,-52.02,20.48,40.21,False,False,False,False,False,False,False,False,False,2026-10-08
2157,2157.HK,LEPU BIO,乐普生物,69.38,"1,000",Equity,Equity Securities (Main Board),3.845,4.1,4.195,3.815,12687448,48.78,3.946,3.948,-2.56,-2.6,-1.79,-1.66,-9.21,6.65,10.5,31.8,6.65,10.5,-36.92,-60.05,-86.81,42.18,63.38,False,False,False,False,False,False,False,False,False,2026-10-08
2158,2158.HK,YIDU TECH,医渡科技,33.3,100,Equity,Equity Securities (Main Board),3.265,3.32,3.33,3.245,2489300,8.13,3.303,3.357,-1.15,-2.74,-1.8,-0.31,-5.09,7.05,9.13,69.8,7.05,9.13,-52.77,-63.53,-95.23,53.69,64.24,False,False,False,False,False,False,False,False,False,2026-10-08
2159,2159.HK,MEDIWELCOME,麦迪卫康,5.65,"8,000",Equity,Equity Securities (Main Board),1.68,1.62,1.62,1.62,8000,0.01,1.689,1.686,-0.53,-0.36,0.0,-1.75,-1.18,2.27,2.27,4.81,2.27,2.27,-28.63,-28.63,-66.32,25.99,25.99,False,False,False,False,False,False,False,False,False,2026-10-08
2161,2161.HK,JBM HEALTHCARE,健倍苗苗,13.11,"2,000",Equity,Equity Securities (Main Board),1.595,1.635,1.635,1.59,434000,0.69,1.617,1.624,-1.36,-1.76,-1.85,-1.54,-2.15,2.83,3.43,3.43,2.83,3.43,-42.23,-52.33,-52.33,43.64,53.5,False,False,False,False,False,False,False,False,False,2026-10-08
2162,2162.HK,KEYMED BIO-B,康诺亚－Ｂ,225.84,500,Equity,Equity Securities (Main Board),75.6,77.5,80.4,75.0,2160256,163.32,77.74,77.2,-2.75,-2.07,-2.45,-2.07,-7.3,89.75,89.75,89.75,89.75,89.75,-10.42,-10.42,-10.42,15.77,15.77,False,False,False,False,False,False,False,False,False,2026-10-08
2165,2165.HK,LING YUE SER GP,领悦服务集团,5.61,"1,000",Equity,Equity Securities (Main Board),1.965,1.935,1.995,1.92,141000,0.28,1.938,1.724,1.39,13.98,-1.75,-4.15,31.44,2.09,2.35,5.5,2.09,2.35,-4.55,-15.11,-63.73,5.98,16.38,False,False,False,False,False,False,False,True,False,2026-10-08
2166,2166.HK,SMART-CORE,芯智控股,20.58,"2,000",Equity,Equity Securities (Main Board),3.51,3.745,3.745,3.5,390000,1.37,3.711,3.815,-5.42,-7.99,-5.01,-9.3,-6.9,6.95,6.95,6.95,6.95,6.95,-46.12,-46.12,-46.12,49.5,49.5,False,False,False,False,False,False,False,False,False,2026-10-08
2167,2167.HK,TI CLOUD,天润云,7.63,200,Equity,Equity Securities (Main Board),4.4,4.2,4.4,4.2,1400,0.01,4.478,4.505,-1.74,-2.32,-2.87,-2.87,0.0,5.3,8.78,15.9,5.3,8.78,-16.9,-49.89,-72.33,16.9,49.89,False,False,False,False,False,False,False,False,False,2026-10-08
2168,2168.HK,KAISA PROSPER,佳兆业美好,1.51,250,Equity,Equity Securities (Main Board),0.9,0.86,0.925,0.85,14000,0.01,0.936,0.953,-3.85,-5.56,-4.26,-5.26,-5.26,1.6,3.1,39.95,1.6,3.1,-42.19,-70.16,-97.68,43.75,70.97,False,False,False,False,False,False,False,False,False,2026-10-08
2169,2169.HK,CANGGANGRAILWAY,沧港铁路,21.6,"2,000",Equity,Equity Securities (Main Board),0.54,0.54,0.54,0.53,170000,0.09,0.544,0.542,-0.74,-0.37,0.0,-1.82,0.0,0.82,3.28,3.28,0.82,3.28,-34.15,-83.51,-83.51,34.15,83.51,False,False,False,False,False,False,False,False,False,2026-10-08
2170,2170.HK,BASECARE-B,贝康医疗－Ｂ,1.03,500,Equity,Equity Securities (Main Board),1.24,1.24,1.25,1.215,21000,0.03,1.26,1.261,-1.59,-1.7,-1.98,-1.98,0.0,2.27,4.45,34.85,2.27,4.45,-44.93,-71.91,-96.41,45.37,72.13,False,False,False,False,False,False,False,False,False,2026-10-08
2171,2171.HK,CARSGEN-B,科济药业－Ｂ,71.67,500,Equity,Equity Securities (Main Board),12.06,12.76,12.76,11.96,2311016,27.87,12.444,12.514,-3.09,-3.63,-2.58,-2.19,-4.29,28.6,28.6,57.25,28.6,28.6,-55.38,-55.38,-77.71,57.83,57.83,False,False,False,False,False,False,False,False,False,2026-10-08
2175,2175.HK,CH GENERAL EDU,中国通才教育,11.37,"1,000",Equity,Equity Securities (Main Board),2.25,2.155,2.255,2.155,112000,0.25,2.226,2.223,1.08,1.21,-0.44,1.81,2.04,3.9,5.18,5.18,3.9,5.18,-42.18,-56.47,-56.47,42.31,56.56,False,False,True,True,False,False,False,False,False,2026-10-08
2176,2176.HK,CCID CONSULTING,赛迪顾问,0.96,"10,000",Equity,Equity Securities (Main Board),0.46,0.46,0.46,0.46,10000,0.0,0.46,0.467,0.0,-1.5,0.0,0.0,-6.12,1.68,2.13,2.13,1.68,2.13,-72.62,-78.4,-78.4,72.62,78.4,False,False,False,False,False,False,False,False,False,2026-10-08
2177,2177.HK,UNQ HOLDINGS,优趣汇控股,3.98,200,Equity,Equity Securities (Main Board),2.4,2.25,2.4,2.25,6400,0.02,2.314,2.273,3.72,5.56,6.19,4.35,1.69,3.0,3.86,12.5,3.0,3.86,-20.0,-37.82,-80.8,20.0,37.82,False,False,False,True,False,False,False,False,False,2026-10-08
2178,2178.HK,PETRO-KING,百勤油服,3.51,"1,000",Equity,Equity Securities (Main Board),0.203,0.201,0.214,0.2,1326000,0.27,0.205,0.205,-0.98,-0.93,1.5,-3.33,4.64,0.39,0.39,0.68,0.39,0.39,-45.13,-45.13,-68.53,47.95,47.95,False,False,False,False,False,False,False,False,False,2026-10-08
2179,2179.HK,RECBIO-B,瑞科生物－Ｂ,20.22,500,Equity,Equity Securities (Main Board),4.415,4.415,4.415,4.415,500,0.0,4.408,4.405,0.16,0.24,0.11,0.23,0.23,6.7,12.5,28.3,6.7,12.5,-34.1,-64.68,-84.4,34.1,64.68,False,False,False,False,False,False,False,False,False,2026-10-08
2180,2180.HK,MANPOWER GRC,万宝盛华,9.75,250,Equity,Equity Securities (Main Board),4.7,4.7,4.86,4.7,9500,0.04,4.695,4.714,0.11,-0.3,-0.11,0.86,0.86,6.7,7.88,14.66,6.7,7.88,-27.46,-38.32,-66.85,29.85,40.36,False,False,False,False,False,False,False,False,False,2026-10-08
2185,2185.HK,BIOHEART-B,百心安－Ｂ,3.03,100,Equity,Equity Securities (Main Board),1.285,1.35,1.35,1.28,113800,0.15,1.374,1.399,-6.48,-8.18,-6.55,-5.86,-9.51,6.46,10.77,75.55,6.46,10.77,-79.1,-87.47,-98.21,80.11,88.07,False,False,False,False,False,False,False,False,False,2026-10-08
2186,2186.HK,LUYE PHARMA,绿叶制药,70.5,500,Equity,Equity Securities (Main Board),1.765,1.835,1.855,1.765,31770000,56.07,1.806,1.825,-2.27,-3.31,-1.4,-2.22,-6.86,3.06,4.49,9.86,3.06,4.49,-39.38,-58.69,-81.19,42.32,60.69,False,False,False,False,False,False,False,False,False,2026-10-08
2187,2187.HK,ZHIXIN GP HLDG,智欣集团控股,4.22,"2,000",Equity,Equity Securities (Main Board),0.47,0.47,0.47,0.45,56000,0.03,0.477,0.478,-1.47,-1.67,-2.08,-1.05,-1.05,0.99,3.8,10.2,0.99,3.8,-52.53,-87.63,-95.39,52.53,87.63,False,False,False,False,False,False,False,False,False,2026-10-08
2189,2189.HK,KATO (HK) HLDGS,嘉涛（香港）控股,4.8,"4,000",Equity,Equity Securities (Main Board),0.48,0.485,0.485,0.485,16000,0.01,0.477,0.474,0.63,1.27,2.13,1.05,3.23,0.51,0.62,0.7,0.51,0.62,-5.83,-21.77,-30.71,6.8,22.58,False,False,False,False,False,False,False,True,False,2026-10-08
2190,2190.HK,ZYLOXTB,归创通桥,66.09,500,Equity,Equity Securities (Main Board),20.52,21.64,21.64,20.52,388047,7.96,21.328,21.394,-3.79,-4.09,-5.09,-3.12,-5.0,27.62,28.0,60.8,27.62,28.0,-21.65,-22.71,-64.41,25.71,26.71,False,False,False,False,False,False,False,False,False,2026-10-08
2192,2192.HK,MEDLIVE,医脉通,48.9,500,Equity,Equity Securities (Main Board),6.605,6.66,6.8,6.53,580500,3.83,6.473,6.624,2.04,-0.29,2.8,4.18,-2.0,15.01,17.18,47.0,15.01,17.18,-54.7,-60.42,-85.53,56.0,61.55,False,False,False,False,False,False,False,False,False,2026-10-08
2193,2193.HK,MAN KING HOLD,万景控股,1.78,"4,000",Equity,Equity Securities (Main Board),0.425,0.4,0.43,0.4,84000,0.04,0.414,0.411,2.66,3.28,6.25,1.19,3.66,0.44,0.44,1.53,0.44,0.44,-2.27,-2.27,-71.9,3.41,3.41,False,False,False,True,False,False,False,True,True,2026-10-08
2195,2195.HK,UNITY ENT,盈汇企业控股,0.42,"10,000",Equity,Equity Securities (Main Board),0.25,0.238,0.25,0.238,30000,0.01,0.25,0.252,0.0,-0.79,0.0,0.0,0.0,0.47,5.9,12.7,0.47,5.9,-47.37,-95.76,-98.03,47.37,95.76,False,False,False,False,False,False,False,False,False,2026-10-08
2196,2196.HK,FOSUN PHARMA,复星医药,94.38,500,Equity,Equity Securities (Main Board),17.82,18.27,18.5,17.8,3658500,65.19,18.064,17.933,-1.35,-0.63,-2.03,-0.22,-3.52,22.18,29.0,82.0,22.18,29.0,-16.59,-36.21,-77.44,19.66,38.55,False,False,False,False,False,False,False,False,False,2026-10-08
2197,2197.HK,CLOVER BIO-B,三叶草生物－Ｂ,23.25,500,Equity,Equity Securities (Main Board),1.79,1.92,1.92,1.79,794500,1.42,1.829,1.889,-2.13,-5.24,-3.24,-2.72,-3.24,3.2,3.2,14.8,3.2,3.2,-40.0,-40.0,-87.03,44.06,44.06,False,False,False,False,False,False,False,False,False,2026-10-08
2198,2198.HK,CHINA SANJIANG,中国三江化工,45.34,"1,000",Equity,Equity Securities (Main Board),3.81,3.72,3.84,3.675,1613000,6.15,3.663,3.63,4.01,4.96,3.11,5.39,7.48,5.9,5.9,5.9,5.9,5.9,-34.92,-34.92,-34.92,35.42,35.42,False,False,False,False,False,False,False,False,False,2026-10-08
2199,2199.HK,REGINA MIRACLE,维珍妮,29.2,"1,000",Equity,Equity Securities (Main Board),2.385,2.44,2.5,2.385,188000,0.45,2.463,2.48,-3.17,-3.83,-2.25,-3.83,-9.49,2.75,3.0,9.15,2.75,3.0,-9.09,-16.67,-72.68,13.27,20.5,False,False,False,False,False,False,False,False,False,2026-10-08
2202,2202.HK,CHINA VANKE,万科企业,58.03,100,Equity,Equity Securities (Main Board),2.63,2.785,2.81,2.595,63700440,167.53,2.725,2.675,-3.49,-1.66,-5.9,-3.13,-5.73,4.14,14.08,42.85,4.14,14.08,-32.13,-80.04,-93.44,36.47,81.32,False,False,False,False,False,False,False,False,False,2026-10-08
2203,2203.HK,BRAINHOLE TECH,脑洞科技,1.21,"10,000",Equity,Equity Securities (Main Board),0.151,0.158,0.158,0.15,250000,0.04,0.156,0.142,-2.96,5.96,-4.43,-3.21,13.53,0.27,0.93,1.29,0.27,0.93,-41.48,-83.01,-87.75,44.07,83.76,False,False,False,False,False,False,False,False,False,2026-10-08
2208,2208.HK,GOLDWIND,金风科技,63.96,200,Equity,Equity Securities (Main Board),8.305,8.645,8.71,8.305,12121809,100.67,8.697,8.751,-4.51,-5.09,-4.76,-5.68,-6.89,18.49,18.49,19.82,18.49,18.49,-52.89,-52.89,-56.05,55.08,55.08,False,False,False,False,False,False,False,False,False,2026-10-08
2209,2209.HK,YESASIA HLDGS,喆丽控股,13.29,"1,000",Equity,Equity Securities (Main Board),3.17,3.165,3.2,3.145,254000,0.81,3.212,3.296,-1.31,-3.82,-0.94,-0.94,-6.76,4.19,7.45,7.45,4.19,7.45,-23.63,-57.05,-57.05,24.34,57.45,False,False,False,False,False,False,False,False,False,2026-10-08
2211,2211.HK,UNI HEALTH,大健康国际,2.43,"5,000",Equity,Equity Securities (Main Board),0.44,0.435,0.455,0.43,308010,0.14,0.454,0.455,-3.08,-3.3,0.0,-6.38,0.0,5.36,5.36,40.5,5.36,5.36,-91.51,-91.51,-98.88,91.79,91.79,False,False,False,False,False,False,False,False,False,2026-10-08
2215,2215.HK,DEXIN SER GROUP,德信服务集团,2.07,"1,000",Equity,Equity Securities (Main Board),0.225,0.236,0.24,0.225,327000,0.07,0.23,0.234,-2.34,-3.81,-4.26,-3.02,3.69,0.67,2.6,3.82,0.67,2.6,-63.91,-90.77,-93.72,66.17,91.35,False,False,False,False,False,False,False,False,False,2026-10-08
2216,2216.HK,BRONCUS-B,堃博医疗－Ｂ,3.53,500,Equity,Equity Securities (Main Board),0.67,0.7,0.7,0.665,250500,0.17,0.709,0.736,-5.5,-8.91,-4.29,-6.94,-8.84,2.7,3.72,18.0,2.7,3.72,-74.07,-81.18,-96.11,75.19,81.99,False,False,False,False,False,False,False,False,False,2026-10-08
2218,2218.HK,ANDRE JUICE,安德利果汁,12.87,500,Equity,Equity Securities (Main Board),22.44,21.98,22.88,21.72,1195500,26.83,21.76,21.722,3.13,3.31,3.13,3.6,-0.36,41.14,41.14,41.14,41.14,41.14,-44.39,-44.39,-44.39,45.45,45.45,True,False,False,True,False,False,False,False,False,2026-10-08
2219,2219.HK,CHAOJU EYE CARE,朝聚眼科,16.73,500,Equity,Equity Securities (Main Board),2.385,2.38,2.5,2.37,831900,1.98,2.38,2.396,0.21,-0.46,0.63,0.21,-1.45,3.14,4.73,17.8,3.14,4.73,-20.38,-47.15,-85.96,24.04,49.58,False,False,False,False,False,False,False,False,False,2026-10-08
2221,2221.HK,NEW CONCEPTS,创业集团控股,1.41,"4,000",Equity,Equity Securities (Main Board),0.6,0.605,0.605,0.6,36000,0.02,0.635,0.631,-5.51,-4.91,-7.69,-6.25,-4.0,1.11,7.7,53.9,1.11,7.7,-45.5,-92.14,-98.88,45.95,92.21,False,False,False,False,False,False,False,False,False,2026-10-08
2223,2223.HK,CASABLANCA,卡撒天娇,1.25,"2,000",Equity,Equity Securities (Main Board),0.485,0.475,0.49,0.47,146000,0.07,0.489,0.494,-0.82,-1.72,-2.02,-2.02,-3.0,1.05,1.05,1.53,1.05,1.05,-53.33,-53.33,-67.97,53.81,53.81,False,False,False,False,False,False,False,False,False,2026-10-08
2225,2225.HK,JINHAI MED TECH,今海医疗科技,238.33,"5,000",Equity,Equity Securities (Main Board),4.485,4.555,4.855,4.335,13180000,59.11,4.655,4.82,-3.65,-6.94,-2.29,-3.65,-7.53,6.99,6.99,6.99,6.99,6.99,-30.54,-30.54,-30.54,35.84,35.84,False,False,False,False,False,False,False,False,False,2026-10-08
2226,2226.HK,HONWORLD GP,老恒和酿造,3.68,500,Equity,Equity Securities (Main Board),0.635,0.65,0.65,0.59,32500,0.02,0.65,0.649,-2.31,-2.16,0.79,-5.22,-4.51,0.84,1.1,5.75,0.84,1.1,-22.62,-40.91,-88.7,24.4,42.27,False,False,False,False,False,False,False,False,False,2026-10-08
2227,2227.HK,SOLIS HOLDINGS,守益控股,3.02,"4,000",Equity,Equity Securities (Main Board),0.33,0.33,0.33,0.33,44000,0.01,0.333,0.343,-0.9,-3.65,1.54,-2.94,-2.94,0.45,0.45,1.1,0.45,0.45,-26.67,-26.67,-70.0,26.67,26.67,False,False,False,False,False,False,False,False,False,2026-10-08
2228,2228.HK,XTALPI,晶泰控股,307.1,"1,000",Equity,Equity Securities (Main Board),7.14,7.58,7.765,7.07,82559864,589.48,7.706,7.806,-7.34,-8.53,-2.19,-8.93,-12.71,14.28,16.2,16.2,14.28,16.2,-45.62,-52.07,-52.07,50.0,55.93,False,False,False,False,False,False,False,False,False,2026-10-08
2230,2230.HK,MEDIALINK GROUP,羚邦集团,3.59,"5,000",Equity,Equity Securities (Main Board),0.18,0.193,0.193,0.18,1795000,0.32,0.191,0.193,-5.76,-6.93,-6.74,-7.69,-7.22,0.26,0.37,0.41,0.26,0.37,-27.17,-47.84,-52.35,32.08,51.35,False,False,False,False,False,False,False,False,False,2026-10-08
2231,2231.HK,JY GRANDMARK,景业名邦集团,0.28,"1,000",Equity,Equity Securities (Main Board),0.017,0.016,0.017,0.015,4155000,0.07,0.016,0.017,3.66,0.59,6.25,6.25,0.0,0.11,1.3,3.54,0.11,1.3,-84.55,-98.69,-99.52,84.55,98.69,False,False,False,True,False,False,False,False,False,2026-10-08
2232,2232.HK,CRYSTAL INTL,晶苑国际,189.28,500,Equity,Equity Securities (Main Board),6.635,6.66,6.76,6.595,1349433,8.95,6.526,6.455,1.67,2.79,0.08,2.47,2.71,7.85,7.85,9.79,7.85,7.85,-13.89,-13.89,-30.95,15.48,15.48,True,False,False,False,False,False,False,False,False,2026-10-08
2233,2233.HK,WESTCHINACEMENT,西部水泥,101.06,"2,000",Equity,Equity Securities (Main Board),1.85,1.81,1.895,1.81,10450160,19.33,1.806,1.8,2.44,2.75,2.49,3.64,-0.8,3.83,3.83,3.83,3.83,3.83,-50.52,-50.52,-50.52,51.7,51.7,True,False,False,False,False,False,False,False,False,2026-10-08
2236,2236.HK,WISON ENGRG,惠生工程,19.99,"1,000",Equity,Equity Securities (Main Board),0.49,0.49,0.49,0.49,301000,0.15,0.488,0.487,0.41,0.62,0.0,0.0,0.0,0.77,0.77,1.85,0.77,0.77,-36.36,-36.36,-73.51,36.36,36.36,False,False,False,False,False,False,False,False,False,2026-10-08
2237,2237.HK,CHINA GRAPHITE,中国石墨,3.02,"10,000",Equity,Equity Securities (Main Board),0.189,0.18,0.195,0.18,110000,0.02,0.184,0.186,2.49,1.72,2.72,1.61,0.0,0.37,36.0,36.0,0.37,36.0,-47.3,-99.46,-99.46,48.92,99.48,False,False,False,True,False,False,False,False,False,2026-10-08
2238,2238.HK,GAC GROUP,广汽集团,61.61,"2,000",Equity,Equity Securities (Main Board),2.19,2.355,2.36,2.18,28244545,61.86,2.316,2.398,-5.44,-8.69,-6.01,-6.61,-6.81,4.21,4.38,15.75,4.21,4.38,-43.94,-46.12,-85.02,47.98,50.0,False,False,False,False,False,False,False,False,False,2026-10-08
2245,2245.HK,LYGEND RESOURCE,力勤资源,106.28,200,Equity,Equity Securities (Main Board),19.3,20.48,20.62,18.65,3275370,63.21,19.982,19.697,-3.41,-2.02,-4.93,-2.87,-3.5,30.82,30.82,30.82,30.82,30.82,-33.1,-33.1,-33.1,37.38,37.38,False,False,False,False,False,False,False,False,False,2026-10-08
2246,2246.HK,GOGOX,快狗打车,0.76,"2,000",Equity,Equity Securities (Main Board),1.15,1.18,1.18,1.18,2000,0.0,1.128,1.131,1.95,1.68,0.88,6.48,0.88,2.49,8.9,231.5,2.49,8.9,-52.61,-86.74,-99.49,53.82,87.08,False,False,False,False,False,False,False,False,False,2026-10-08
2249,2249.HK,NEXCHIP,晶合集成,50.27,100,Equity,Equity Securities (Main Board),22.14,24.6,24.8,22.0,1561550,34.57,24.624,25.65,-10.09,-13.68,-8.89,-14.78,-17.02,37.0,37.0,37.0,37.0,37.0,-32.97,-32.97,-32.97,40.16,40.16,False,False,False,False,False,False,False,False,False,2026-10-08
2250,2250.HK,B.DUCK SEMK,小黄鸭德盈,3.13,"1,000",Equity,Equity Securities (Main Board),0.31,0.315,0.315,0.315,1000,0.0,0.304,0.309,1.97,0.49,0.0,3.33,1.64,0.96,1.84,2.77,0.96,1.84,-67.19,-82.88,-88.63,67.71,83.15,False,False,False,False,False,False,False,False,False,2026-10-08
2251,2251.HK,AIRDOC-B,鹰瞳科技－Ｂ,8.53,100,Equity,Equity Securities (Main Board),8.5,9.0,9.0,8.25,90500,0.77,8.97,8.92,-5.24,-4.71,-8.11,-8.6,-5.56,13.77,18.38,74.95,13.77,18.38,-34.64,-51.03,-87.99,38.27,53.75,False,False,False,False,False,False,False,False,False,2026-10-08
2255,2255.HK,HAICHANG HLDG,海昌海洋公园,19.29,"1,000",Equity,Equity Securities (Main Board),0.146,0.153,0.155,0.142,7035000,1.03,0.157,0.16,-6.89,-8.86,-6.41,-8.18,-11.52,0.65,1.17,4.28,0.65,1.17,-76.15,-86.75,-96.38,77.54,87.52,False,False,False,False,False,False,False,False,False,2026-10-08
2256,2256.HK,ABBISKO-B,和誉－Ｂ,58.08,"1,000",Equity,Equity Securities (Main Board),8.105,8.9,8.9,8.1,2026000,16.42,8.65,8.762,-6.3,-7.5,-6.41,-8.26,-9.24,14.99,19.78,19.78,14.99,19.78,-40.63,-55.01,-55.01,45.93,59.02,False,False,False,False,False,False,False,False,False,2026-10-08
2257,2257.HK,SIRNAOMICS-B,圣诺医药－Ｂ,4.21,50,Equity,Equity Securities (Main Board),3.755,3.95,3.95,3.65,27300,0.1,3.787,3.799,-0.84,-1.17,-4.94,0.27,-1.18,10.72,49.95,101.0,10.72,49.95,-63.15,-92.09,-96.09,64.97,92.48,False,False,False,False,False,False,False,False,False,2026-10-08
2258,2258.HK,WATTS INT'L,华滋国际海洋,3.05,"2,000",Equity,Equity Securities (Main Board),0.37,0.36,0.37,0.36,12000,0.0,0.367,0.364,0.82,1.65,1.37,1.37,2.78,0.7,0.7,3.9,0.7,0.7,-47.14,-47.14,-90.51,47.14,47.14,False,False,False,True,False,False,False,False,False,2026-10-08
2259,2259.HK,ZIJIN GOLD INTL,紫金黄金国际,3645.17,100,Equity,Equity Securities (Main Board),136.2,139.0,140.1,134.3,2959834,403.13,139.84,140.37,-2.6,-2.97,-2.08,-3.4,-3.95,268.0,268.0,268.0,268.0,268.0,-47.72,-47.72,-47.72,49.18,49.18,False,False,False,False,False,False,False,False,False,2026-10-08
2260,2260.HK,VANOV HOLDINGS,环龙控股,5.8,"2,000",Equity,Equity Securities (Main Board),1.2,1.2,1.2,1.2,2000,0.0,1.194,1.198,0.5,0.21,0.0,-0.41,-0.41,2.18,2.92,2.92,2.18,2.92,-44.95,-58.9,-58.9,44.95,58.9,False,False,False,False,False,False,False,False,False,2026-10-08
2261,2261.HK,NASN TECH,拿森科技,96.86,100,Equity,Equity Securities (Main Board),16.28,16.63,17.03,16.25,309100,5.03,16.27,16.47,0.06,-1.15,-2.1,0.8,3.23,20.3,20.3,20.3,20.3,20.3,-16.11,-16.11,-16.11,19.8,19.8,False,False,False,False,False,False,False,False,False,2026-10-08
2265,2265.HK,HC ENV TECH,鸿承环保科技,11.05,"5,000",Equity,Equity Securities (Main Board),1.105,1.12,1.12,1.085,495000,0.55,1.105,1.12,0.0,-1.34,-0.9,0.45,-2.21,1.9,1.9,1.9,1.9,1.9,-41.05,-41.05,-41.05,41.84,41.84,False,False,True,False,False,False,False,False,False,2026-10-08
2266,2266.HK,LAI SI ENT,黎氏企业,1.68,"2,000",Equity,Equity Securities (Main Board),0.42,0.38,0.43,0.38,58000,0.02,0.403,0.408,4.22,2.94,10.53,2.44,2.44,0.48,0.49,3.3,0.48,0.49,-10.42,-12.24,-86.97,12.5,14.29,False,False,False,True,False,False,False,False,False,2026-10-08
2268,2268.HK,WUXI XDC,药明合联,1044.98,500,Equity,Equity Securities (Main Board),82.25,83.15,84.35,81.4,5375691,442.15,82.44,81.205,-0.23,1.29,-2.08,1.36,0.3,84.5,85.5,85.5,84.5,85.5,-0.18,-1.35,-1.35,2.66,3.8,False,False,False,False,False,False,False,True,True,2026-10-08
2269,2269.HK,WUXI BIO,药明生物,2227.17,500,Equity,Equity Securities (Main Board),54.1,56.7,57.25,53.8,35371995,1913.62,55.73,54.65,-2.92,-1.01,-4.59,-2.35,-3.48,58.0,58.0,148.0,58.0,58.0,-1.29,-1.29,-61.32,6.72,6.72,False,False,False,False,False,False,False,True,True,2026-10-08
2271,2271.HK,ZHONGAN SERVICE,众安智慧生活,21.01,"2,000",Equity,Equity Securities (Main Board),3.87,3.88,3.88,3.73,390000,1.51,3.795,3.606,1.98,7.34,0.52,1.98,10.57,3.99,6.23,6.23,3.99,6.23,-2.76,-37.72,-37.72,3.01,37.88,False,False,False,False,False,False,False,True,False,2026-10-08
2272,2272.HK,KEYTOP PARKING,科拓股份,52.72,60,Equity,Equity Securities (Main Board),53.65,56.0,56.15,52.05,109680,5.88,55.55,58.705,-3.42,-8.61,-2.72,-3.59,-3.85,127.5,127.5,127.5,127.5,127.5,-55.96,-55.96,-55.96,57.92,57.92,False,False,False,False,False,False,False,False,False,2026-10-08
2273,2273.HK,GUSHENGTANG,固生堂,58.68,100,Equity,Equity Securities (Main Board),26.52,26.82,26.9,26.28,316000,8.38,26.224,26.808,1.13,-1.07,0.38,3.03,-1.49,32.28,52.4,60.25,32.28,52.4,-16.67,-48.66,-55.35,17.84,49.39,True,False,False,False,False,False,False,False,False,2026-10-08
2276,2276.HK,CONANT OPTICAL,康耐特光学,174.69,100,Equity,Equity Securities (Main Board),35.06,38.18,38.18,34.6,1594565,55.91,36.836,37.232,-4.82,-5.83,-8.17,-5.65,-1.68,66.5,66.5,66.5,66.5,66.5,-42.59,-42.59,-42.59,47.28,47.28,False,False,False,False,False,False,False,False,False,2026-10-08
2279,2279.HK,YONGHE MEDICAL,雍禾医疗,10.98,500,Equity,Equity Securities (Main Board),2.09,2.02,2.1,2.01,220000,0.46,2.046,2.035,2.15,2.7,3.72,4.76,1.7,2.74,3.77,19.0,2.74,3.77,-23.36,-44.3,-88.95,23.72,44.56,False,False,False,True,False,False,False,False,False,2026-10-08
2281,2281.HK,XINGLU WATER,兴泸水务,1.23,"1,000",Equity,Equity Securities (Main Board),0.57,0.575,0.59,0.57,234000,0.13,0.59,0.586,-3.39,-2.81,-0.87,-6.56,-2.56,0.88,0.88,2.41,0.88,0.88,-32.95,-32.95,-75.52,35.23,35.23,False,False,False,False,False,False,False,False,False,2026-10-08
2282,2282.HK,MGM CHINA,美高梅中国,349.98,400,Equity,Equity Securities (Main Board),9.21,9.415,9.5,9.14,4339200,39.96,9.343,9.505,-1.42,-3.1,-1.86,-2.23,-5.97,13.9,17.37,25.5,13.9,17.37,-31.65,-45.31,-62.75,33.74,46.98,False,False,False,False,False,False,False,False,False,2026-10-08
2283,2283.HK,TK GROUP HLDG,东江集团控股,11.92,"2,000",Equity,Equity Securities (Main Board),1.43,1.43,1.435,1.425,308000,0.44,1.443,1.475,-0.9,-3.08,-0.35,-2.05,-3.38,2.6,2.78,7.45,2.6,2.78,-44.81,-48.38,-80.74,45.0,48.56,False,False,False,False,False,False,False,False,False,2026-10-08
2285,2285.HK,CHERVON,泉峰控股,159.18,100,Equity,Equity Securities (Main Board),31.26,31.98,32.4,30.56,4729939,147.86,30.5,28.248,2.49,10.66,-0.89,1.3,13.59,31.74,31.74,71.0,32.4,32.4,2.08,2.08,-54.37,3.52,3.52,False,False,False,False,True,True,False,True,True,2026-10-08
2286,2286.HK,CHEN XING,辰兴发展,1.68,"1,000",Equity,Equity Securities (Main Board),0.28,0.28,0.28,0.28,3000,0.0,0.282,0.285,-0.71,-1.75,0.0,0.0,-3.45,0.68,2.5,3.01,0.68,2.5,-58.82,-88.8,-90.7,58.82,88.8,False,False,False,False,False,False,False,False,False,2026-10-08
2290,2290.HK,LUNG FUNG GROUP,龙丰集团,22.98,500,Equity,Equity Securities (Main Board),4.595,4.28,4.6,4.275,3123500,14.35,4.395,4.356,4.55,5.49,7.36,5.39,9.93,4.61,4.61,4.61,4.61,4.61,-0.33,-0.33,-0.33,0.43,0.43,False,False,False,True,False,False,False,True,True,2026-10-08
2291,2291.HK,SCIENTECH,心泰医疗,45.77,"1,000",Equity,Equity Securities (Main Board),13.35,13.5,13.5,12.88,182000,2.43,12.978,12.498,2.87,6.82,2.69,4.05,7.06,19.49,31.55,43.0,19.49,31.55,-30.73,-57.21,-68.6,31.5,57.69,False,False,False,False,False,False,False,False,False,2026-10-08
2295,2295.HK,MAXICITY,丰城控股,22.04,"5,000",Equity,Equity Securities (Main Board),5.51,5.7,5.7,5.51,25000,0.14,5.661,5.71,-2.67,-3.5,0.18,-5.0,0.09,9.2,9.2,9.2,9.2,9.2,-38.04,-38.04,-38.04,40.11,40.11,False,False,False,False,False,False,False,False,False,2026-10-08
2297,2297.HK,RAINMED-B,润迈德－Ｂ,2.1,"1,000",Equity,Equity Securities (Main Board),0.15,0.167,0.167,0.149,2108000,0.32,0.155,0.159,-3.35,-5.66,-6.25,-5.06,-3.23,0.31,0.92,6.1,0.31,0.92,-46.98,-81.85,-97.26,52.38,83.7,False,False,False,False,False,False,False,False,False,2026-10-08
2298,2298.HK,COSMO LADY,都市丽人,5.47,"1,000",Equity,Equity Securities (Main Board),0.243,0.237,0.248,0.237,430000,0.1,0.248,0.255,-1.86,-4.63,-0.41,-1.62,-8.3,0.5,0.5,5.25,0.5,0.5,-50.4,-50.4,-95.28,51.4,51.4,False,False,False,False,False,False,False,False,False,2026-10-08
2302,2302.HK,CNNC INT'L,中核国际,15.31,"1,000",Equity,Equity Securities (Main Board),3.13,3.25,3.265,3.05,242000,0.76,3.175,3.177,-1.42,-1.46,-2.95,-2.03,0.0,8.8,8.8,8.8,8.8,8.8,-62.9,-62.9,-62.9,64.43,64.43,False,False,False,False,False,False,False,False,False,2026-10-08
2306,2306.HK,YH ENT,乐华娱乐,15.82,"3,000",Equity,Equity Securities (Main Board),1.905,1.91,1.93,1.9,30000,0.06,1.91,1.891,-0.26,0.74,0.26,-1.3,-1.04,2.81,8.25,8.25,2.81,8.25,-31.32,-76.61,-76.61,32.21,76.91,False,False,False,False,False,False,False,False,False,2026-10-08
2309,2309.HK,ZO FUTURE GROUP,大象未来集团,11.49,"2,000",Equity,Equity Securities (Main Board),1.245,1.27,1.385,1.225,5874000,7.31,1.504,1.729,-17.22,-27.99,-5.32,-22.67,-26.55,4.58,4.58,20.66,4.58,4.58,-69.76,-69.76,-93.3,72.82,72.82,False,False,False,False,False,False,False,False,False,2026-10-08
2312,2312.HK,LONG INV CORP,ＬＯＮＧ投资集团,1.83,"10,000",Equity,Investment Companies,0.4,0.395,0.405,0.39,651584,0.26,0.393,0.396,1.78,1.14,1.27,2.56,-2.44,1.28,2.79,43.59,1.28,2.79,-68.36,-85.48,-99.07,68.75,85.66,False,False,True,True,False,False,False,False,False,2026-10-08
2313,2313.HK,SHENZHOU INTL,申洲国际,517.28,100,Equity,Equity Securities (Main Board),34.42,34.02,35.2,34.02,4508002,155.17,33.924,34.202,1.46,0.64,1.35,2.81,-1.21,66.3,87.25,207.6,66.3,87.25,-46.91,-59.66,-83.04,48.08,60.55,True,False,False,True,False,False,False,False,False,2026-10-08
2314,2314.HK,LEE & MAN PAPER,理文造纸,141.95,"1,000",Equity,Equity Securities (Main Board),3.305,3.32,3.365,3.285,3090089,10.21,3.306,3.358,-0.03,-1.58,0.46,-0.15,-2.79,4.55,4.55,10.94,4.55,4.55,-25.96,-25.96,-69.24,27.28,27.28,False,False,False,False,False,False,False,False,False,2026-10-08
2315,2315.HK,BIOCYTOGEN-B,百奥赛图－Ｂ,77.55,500,Equity,Equity Securities (Main Board),70.0,75.95,78.5,69.55,3120583,218.44,73.28,70.44,-4.48,-0.62,-9.97,-2.1,0.0,80.65,80.65,80.65,80.65,80.65,-2.67,-2.67,-2.67,13.21,13.21,False,False,False,False,False,False,False,False,False,2026-10-08
2317,2317.HK,VEDAN INT'L,味丹国际,10.58,"4,000",Equity,Equity Securities (Main Board),0.695,0.71,0.71,0.695,168000,0.12,0.717,0.741,-3.07,-6.14,-3.47,-3.47,-7.33,0.85,0.85,1.1,0.85,0.85,-16.47,-16.47,-35.45,18.24,18.24,False,False,False,False,False,False,False,False,False,2026-10-08
2318,2318.HK,PING AN,中国平安,3820.61,500,Equity,Equity Securities (Main Board),51.3,51.5,52.05,51.25,27721729,1422.12,51.62,52.23,-0.62,-1.78,-0.39,-0.87,-2.75,74.7,74.7,103.6,74.7,74.7,-30.32,-30.32,-49.76,31.33,31.33,False,False,False,False,False,False,False,False,False,2026-10-08
2319,2319.HK,MENGNIU DAIRY,蒙牛乳业,679.39,"1,000",Equity,Equity Securities (Main Board),17.55,17.3,17.55,17.29,14139945,248.16,17.404,17.6,0.84,-0.28,1.45,1.04,-1.63,19.67,27.2,53.85,19.67,27.2,-10.78,-35.48,-67.41,10.78,35.48,False,False,False,False,False,False,False,False,False,2026-10-08
2320,2320.HK,HOP FUNG GROUP,合丰集团,1.6,"2,000",Equity,Equity Securities (Main Board),0.196,0.217,0.218,0.196,98000,0.02,0.203,0.201,-3.54,-2.58,-6.67,-2.0,12.0,0.31,0.31,1.52,0.31,0.31,-29.68,-29.68,-85.66,36.77,36.77,False,False,False,False,False,False,False,False,False,2026-10-08
2321,2321.HK,SWANGCHAICHUAN,双财庄,5.05,"5,000",Equity,Equity Securities (Main Board),0.505,0.5,0.505,0.5,70000,0.04,0.507,0.513,-0.39,-1.66,1.0,1.0,-0.98,0.56,0.56,2.44,0.56,0.56,-9.82,-9.82,-79.3,9.82,9.82,False,False,False,False,False,False,False,True,True,2026-10-08
2322,2322.HK,MODERN INNO DT,新质数字,2.39,"8,000",Equity,Equity Securities (Main Board),0.054,0.054,0.06,0.054,3208000,0.17,0.056,0.056,-3.23,-3.05,-5.26,-5.26,-3.57,0.16,1.2,1.31,0.16,1.2,-62.03,-95.0,-95.42,65.82,95.5,False,False,False,False,False,False,False,False,False,2026-10-08
2324,2324.HK,CAPITAL VC,首都创投,0.86,"10,000",Equity,Investment Companies,0.096,0.094,0.096,0.094,130000,0.01,0.098,0.101,-2.04,-4.95,3.23,-1.03,-5.88,0.17,1.86,11.8,0.17,1.86,-41.82,-94.84,-99.19,41.82,94.84,False,False,False,False,False,False,False,False,False,2026-10-08
2325,2325.HK,YUNKANG GROUP,云康集团,2.83,"3,000",Equity,Equity Securities (Main Board),0.455,0.455,0.47,0.455,168000,0.08,0.457,0.455,-0.44,0.0,0.0,0.0,-1.09,1.09,12.3,19.18,1.09,12.3,-56.88,-96.18,-97.55,58.26,96.3,False,False,False,False,False,False,False,False,False,2026-10-08
2326,2326.HK,NPE HOLDINGS,新源万恒控股,2.74,"10,000",Equity,Equity Securities (Main Board),0.013,0.013,0.014,0.013,23860000,0.31,0.014,0.013,-8.45,-0.76,-7.14,-7.14,0.0,0.02,0.02,0.65,0.02,0.02,-17.65,-26.32,-97.85,23.53,31.58,False,False,False,False,False,False,False,False,False,2026-10-08
2327,2327.HK,MEILLEUREHEALTH,美瑞健康国际,8.76,"6,000",Equity,Equity Securities (Main Board),0.216,0.212,0.218,0.212,24000,0.01,0.211,0.22,2.47,-1.59,6.93,1.41,-4.85,0.3,0.31,1.64,0.3,0.31,-27.33,-30.79,-86.71,28.0,31.43,False,False,False,False,False,False,False,False,False,2026-10-08
2328,2328.HK,PICC P&C,中国财险,1099.75,"2,000",Equity,Equity Securities (Main Board),15.94,15.58,16.21,15.58,30785787,490.73,15.856,16.2,0.53,-1.6,2.51,0.19,-3.45,17.89,19.81,19.81,17.89,19.81,-9.39,-18.17,-18.17,10.9,19.54,False,False,False,False,False,False,False,False,False,2026-10-08
2329,2329.HK,GLORY HEALTH,国瑞健康,3.73,"1,000",Equity,Equity Securities (Main Board),0.084,0.089,0.091,0.083,480000,0.04,0.089,0.091,-6.04,-8.1,-13.4,-6.67,-6.67,0.15,0.25,2.84,0.15,0.25,-39.33,-63.6,-96.8,44.0,66.4,False,False,False,False,False,False,False,False,False,2026-10-08
2330,2330.HK,CHINA UPTOWN,中国上城,1.0,"8,000",Equity,Equity Securities (Main Board),0.221,0.2,0.221,0.2,24000,0.01,0.217,0.226,1.66,-2.13,8.87,0.45,-5.96,0.47,0.59,3.5,0.47,0.59,-52.47,-62.54,-93.69,52.47,62.54,False,False,False,False,False,False,False,False,False,2026-10-08
2331,2331.HK,LI NING,李宁,317.42,500,Equity,Equity Securities (Main Board),12.28,12.38,12.5,12.24,16599841,203.85,12.314,12.358,-0.28,-0.63,-0.97,0.0,-1.68,23.42,35.6,108.2,23.42,35.6,-46.63,-64.89,-88.45,47.57,65.51,False,False,False,False,False,False,False,False,False,2026-10-08
2333,2333.HK,GWMOTOR,长城汽车,158.68,500,Equity,Equity Securities (Main Board),6.91,7.155,7.185,6.89,14579978,100.75,7.06,7.167,-2.12,-3.59,-2.88,-2.61,-4.36,15.27,19.86,39.0,15.27,19.86,-52.95,-63.82,-81.58,54.75,65.21,False,False,False,False,False,False,False,False,False,2026-10-08
2335,2335.HK,MICOT PHARMA-B,麦科医药－Ｂ,63.41,200,Equity,Equity Securities (Main Board),22.64,21.9,23.06,21.78,378600,8.57,22.184,21.537,2.06,5.12,3.57,3.19,8.85,45.04,45.04,45.04,45.04,45.04,-48.8,-48.8,-48.8,49.73,49.73,False,False,False,False,False,False,False,False,False,2026-10-08
2337,2337.HK,UNITED STRENGTH,众诚能源,5.26,"1,000",Equity,Equity Securities (Main Board),1.405,1.4,1.41,1.395,184000,0.26,1.401,1.399,0.29,0.43,0.0,0.36,1.44,1.78,6.0,16.16,1.78,6.0,-20.79,-76.5,-91.27,21.07,76.58,False,False,False,True,False,False,False,False,False,2026-10-08
2338,2338.HK,WEICHAI POWER,潍柴动力,551.82,"1,000",Equity,Equity Securities (Main Board),28.4,30.66,30.66,28.32,29201776,829.33,29.424,28.982,-3.48,-2.01,-7.97,-2.94,-1.11,45.44,45.44,45.44,45.44,45.44,-32.53,-32.53,-32.53,37.5,37.5,False,False,False,False,False,False,False,False,False,2026-10-08
2339,2339.HK,BWI INT'L,京西国际,61.06,"2,000",Equity,Equity Securities (Main Board),4.725,5.15,5.27,4.605,2615000,12.36,5.178,5.638,-8.75,-16.2,-10.17,-9.31,-20.52,9.3,9.3,9.3,9.3,9.3,-43.33,-43.33,-43.33,49.19,49.19,False,False,False,False,False,False,False,False,False,2026-10-08
2342,2342.HK,COMBA,京信通信,31.57,"2,000",Equity,Equity Securities (Main Board),1.01,1.075,1.1,1.005,24738052,24.99,1.076,1.086,-6.13,-7.0,-6.48,-13.68,2.02,2.55,3.55,3.9,2.55,3.55,-56.86,-69.01,-71.79,60.39,71.55,False,False,False,False,False,False,False,False,False,2026-10-08
2343,2343.HK,PACIFIC BASIN,太平洋航运,198.04,"1,000",Equity,Equity Securities (Main Board),3.84,3.9,3.95,3.805,15806310,60.7,3.872,3.934,-0.83,-2.4,-1.54,-0.9,-1.54,4.45,4.45,4.9,4.45,4.45,-11.24,-11.24,-19.39,13.71,13.71,False,False,False,False,False,False,False,False,False,2026-10-08
2347,2347.HK,YOHO GROUP,友和集团,3.7,"2,000",Equity,Equity Securities (Main Board),0.765,0.77,0.77,0.765,162000,0.12,0.774,0.785,-1.16,-2.55,0.0,-3.77,-3.77,0.94,0.94,2.45,0.94,0.94,-18.09,-18.09,-68.57,18.62,18.62,False,False,False,False,False,False,False,False,False,2026-10-08
2348,2348.HK,DAWNRAYS PHARMA,东瑞制药,14.47,"4,000",Equity,Equity Securities (Main Board),0.96,0.96,0.96,0.96,224000,0.22,0.964,0.97,-0.41,-0.98,0.0,-0.52,-1.54,1.22,1.47,2.75,1.22,1.47,-21.31,-34.69,-65.09,21.31,34.69,False,False,False,False,False,False,False,False,False,2026-10-08
2349,2349.HK,CHINA AI INFRA,中国智能基础设施,3.1,"4,000",Equity,Equity Securities (Main Board),0.099,0.09,0.099,0.09,22400,0.0,0.101,0.101,-2.37,-2.08,-2.94,-2.94,-3.88,0.2,0.2,0.65,0.2,0.2,-50.25,-50.25,-84.77,50.25,50.25,False,False,False,False,False,False,False,False,False,2026-10-08
2350,2350.HK,MTT GROUP,数科集团,6.26,"5,000",Equity,Equity Securities (Main Board),0.715,0.73,0.73,0.705,246000,0.18,0.706,0.712,1.27,0.42,0.0,3.62,0.0,1.25,1.25,1.25,1.25,1.25,-41.6,-41.6,-41.6,42.8,42.8,False,False,True,True,False,False,False,False,False,2026-10-08
2355,2355.HK,BAOYE GROUP,宝业集团,4.76,"2,000",Equity,Equity Securities (Main Board),2.8,2.8,2.8,2.78,34000,0.1,2.764,2.79,1.3,0.36,2.94,0.0,-2.27,6.0,6.0,7.2,6.0,6.0,-53.33,-53.33,-61.11,53.33,53.33,False,False,False,True,False,False,False,False,False,2026-10-08
2356,2356.HK,DAHSING BANKING,大新银行集团,192.73,400,Equity,Equity Securities (Main Board),13.71,14.5,14.5,13.58,2491487,34.16,14.244,14.51,-3.75,-5.51,-4.86,-4.26,-8.84,15.45,15.45,19.4,15.45,15.45,-6.15,-6.15,-25.26,11.26,11.26,False,False,False,False,False,False,False,False,False,2026-10-08
2357,2357.HK,AVICHINA,中航科工,189.74,"1,000",Equity,Equity Securities (Main Board),3.055,3.12,3.17,3.055,15236247,46.55,3.063,3.047,-0.26,0.26,-0.16,0.0,-5.42,4.66,5.33,8.13,4.66,5.33,-31.97,-40.53,-61.01,34.44,42.68,False,False,False,False,False,False,False,False,False,2026-10-08
2359,2359.HK,WUXI APPTEC,药明康德,1131.68,100,Equity,Equity Securities (Main Board),209.0,217.6,219.2,209.0,7846921,1640.01,213.68,211.2,-2.19,-1.04,-4.3,-1.6,-2.88,219.2,219.2,219.2,219.2,219.2,0.0,0.0,0.0,4.65,4.65,False,False,False,False,False,False,False,True,True,2026-10-08
2360,2360.HK,BEST MART 360,优品３６０,16.8,"2,000",Equity,Equity Securities (Main Board),1.68,1.7,1.7,1.67,246000,0.41,1.668,1.674,0.72,0.33,0.3,1.2,-0.3,2.07,2.42,4.61,2.07,2.42,-17.87,-29.75,-63.12,18.84,30.58,False,False,False,True,False,False,False,False,False,2026-10-08
2361,2361.HK,SINOHEALTH TECH,中康科技控股,17.8,500,Equity,Equity Securities (Main Board),3.94,3.95,3.95,3.94,1500,0.01,4.051,4.041,-2.74,-2.5,-3.79,-2.48,-3.55,5.6,6.0,7.11,5.6,6.0,-29.46,-34.17,-44.44,29.64,34.33,False,False,False,False,False,False,False,False,False,2026-10-08
2362,2362.HK,JINCHUAN INTL,金川国际,93.24,"1,000",Equity,Equity Securities (Main Board),0.71,0.76,0.785,0.705,133838400,95.03,0.802,0.735,-11.47,-3.39,-7.79,-17.92,-10.69,1.16,1.16,2.17,1.16,1.16,-32.62,-32.62,-63.82,39.06,39.06,False,False,False,False,False,False,False,False,False,2026-10-08
2367,2367.HK,GIANT BIOGENE,巨子生物,242.49,200,Equity,Equity Securities (Main Board),22.84,22.92,23.56,22.7,3249921,74.23,23.032,23.646,-0.83,-3.41,0.35,-1.21,-6.62,38.0,87.1,87.1,38.0,87.1,-38.0,-72.95,-72.95,39.89,73.78,False,False,False,False,False,False,False,False,False,2026-10-08
2368,2368.HK,EAGLE NICE,鹰美,16.62,"2,000",Equity,Equity Securities (Main Board),2.895,2.95,3.0,2.9,72000,0.21,2.903,2.88,-0.28,0.54,-1.86,0.7,-0.17,3.66,4.97,5.92,3.66,4.97,-18.03,-39.64,-49.32,20.9,41.75,False,False,False,False,False,False,False,False,False,2026-10-08
2369,2369.HK,COOLPAD GROUP,酷派集团,1.93,"4,000",Equity,Equity Securities (Main Board),0.485,0.49,0.49,0.485,136600,0.07,0.489,0.495,-0.82,-1.92,-1.02,0.0,-3.96,1.11,3.48,56.24,1.11,3.48,-55.86,-85.92,-99.13,56.31,86.06,False,False,False,False,False,False,False,False,False,2026-10-08
2373,2373.HK,BEAUTYFARM MED,美丽田园医疗健康,44.75,500,Equity,Equity Securities (Main Board),18.07,18.35,18.41,18.03,73500,1.33,18.554,18.687,-2.61,-3.3,0.11,-5.09,-4.89,29.2,41.6,41.6,29.2,41.6,-36.95,-55.75,-55.75,38.12,56.56,False,False,False,False,False,False,False,False,False,2026-10-08
2376,2376.HK,LUSHANGSERVICES,鲁商服务,0.83,500,Equity,Equity Securities (Main Board),2.5,2.43,2.555,2.43,33000,0.08,2.406,2.33,3.91,7.27,-1.96,6.38,8.7,3.3,3.99,5.33,3.3,3.99,-22.58,-35.96,-52.06,24.24,37.34,False,False,False,False,False,False,False,False,False,2026-10-08
2377,2377.HK,BOQI ENV,博奇环保,6.41,"1,000",Equity,Equity Securities (Main Board),0.75,0.77,0.77,0.75,3000,0.0,0.758,0.76,-1.06,-1.32,-1.32,-2.6,0.0,1.09,1.28,2.8,1.09,1.28,-29.36,-39.84,-72.5,31.19,41.41,False,False,False,False,False,False,False,False,False,2026-10-08
2378,2378.HK,PRU,保诚,2256.21,50,Equity,Equity Securities (Main Board),91.05,91.85,91.9,89.6,176045,16.03,94.1,96.18,-3.24,-5.33,-3.4,-3.85,-7.04,131.2,131.2,209.45,131.2,131.2,-29.95,-29.95,-56.12,30.6,30.6,False,False,False,False,False,False,False,False,False,2026-10-08
2380,2380.HK,CHINA POWER,中国电力,338.94,"1,000",Equity,Equity Securities (Main Board),2.74,2.73,2.755,2.67,11615191,31.83,2.732,2.704,0.29,1.31,0.18,-0.18,1.11,3.85,4.27,5.67,3.85,4.27,-28.44,-35.48,-51.41,28.83,35.83,False,False,False,True,False,False,False,False,False,2026-10-08
2381,2381.HK,SMC ELECTRIC,蚬壳电业,8.6,"10,000",Equity,Equity Securities (Main Board),0.43,0.375,0.43,0.36,9380000,4.03,0.36,0.365,19.44,17.97,14.67,30.3,22.86,0.46,0.46,0.46,0.46,0.46,-5.49,-5.49,-5.49,5.49,5.49,True,False,False,True,False,False,False,True,True,2026-10-08
2382,2382.HK,SUNNY OPTICAL,舜宇光学科技,647.92,100,Equity,Equity Securities (Main Board),60.05,64.5,64.8,59.9,8816858,529.45,62.64,63.165,-4.13,-4.93,-7.69,-3.07,-5.21,87.6,96.15,259.4,87.6,96.15,-26.03,-32.61,-75.02,31.45,37.55,False,False,False,False,False,False,False,False,False,2026-10-08
2383,2383.HK,TOM GROUP,ＴＯＭ集团,14.65,"2,000",Equity,Equity Securities (Main Board),0.37,0.36,0.37,0.36,28000,0.01,0.367,0.366,0.82,1.23,0.0,1.37,1.37,0.43,0.79,2.4,0.43,0.79,-13.95,-53.16,-84.58,13.95,53.16,False,False,True,True,False,False,False,False,False,2026-10-08
2385,2385.HK,READBOY,读书郎,16.12,400,Equity,Equity Securities (Main Board),4.58,4.695,5.025,4.49,218800,1.0,4.648,4.857,-1.46,-5.69,-2.45,-4.68,-8.4,6.95,15.0,15.0,6.95,15.0,-27.7,-66.5,-66.5,34.1,69.47,False,False,False,False,False,False,False,False,False,2026-10-08
2386,2386.HK,SINOPEC SEG,中石化炼化工程,86.46,500,Equity,Equity Securities (Main Board),5.25,5.29,5.365,5.21,5062205,26.58,5.218,5.259,0.61,-0.17,-0.28,0.67,-1.41,8.25,8.25,9.18,8.25,8.25,-34.97,-34.97,-41.56,36.36,36.36,False,False,True,False,False,False,False,False,False,2026-10-08
2388,2388.HK,BOC HONG KONG,中银香港,5125.68,500,Equity,Equity Securities (Main Board),48.48,50.65,50.85,48.22,17322435,839.79,50.346,51.083,-3.71,-5.1,-4.75,-4.0,-7.22,53.85,53.85,53.85,53.85,53.85,-5.57,-5.57,-5.57,9.97,9.97,False,False,False,False,False,False,False,True,True,2026-10-08
2389,2389.HK,BJ HEALTH,北京健康,4.36,"6,000",Equity,Equity Securities (Main Board),0.072,0.072,0.072,0.066,18000,0.0,0.071,0.075,1.41,-4.26,10.77,0.0,-7.69,0.09,0.11,0.6,0.09,0.11,-19.1,-34.55,-88.0,19.1,34.55,False,False,False,False,False,False,False,False,False,2026-10-08
2390,2390.HK,ZHIHU-W,知乎－Ｗ,21.8,100,Equity,Equity Securities (Main Board),9.05,9.0,9.06,8.87,13600,0.12,8.98,9.227,0.78,-1.91,0.56,3.43,-4.49,11.6,16.96,36.6,11.6,16.96,-21.9,-46.58,-75.25,21.98,46.64,False,False,False,False,False,False,False,False,False,2026-10-08
2392,2392.HK,XUANWU CLOUD,玄武云,5.16,500,Equity,Equity Securities (Main Board),0.93,0.93,0.93,0.93,37000,0.03,0.972,1.001,-4.32,-7.09,-4.12,-5.58,-8.37,1.6,2.6,8.17,1.6,2.6,-41.88,-64.23,-88.62,41.88,64.23,False,False,False,False,False,False,False,False,False,2026-10-08
2396,2396.HK,B&K CORP-B,青城新药－Ｂ,3.25,200,Equity,Equity Securities (Main Board),3.91,3.955,3.955,3.91,2400,0.01,4.028,4.142,-2.93,-5.6,-1.14,-5.78,-6.46,17.47,37.2,37.2,17.47,37.2,-77.36,-89.37,-89.37,77.62,89.49,False,False,False,False,False,False,False,False,False,2026-10-08
2399,2399.HK,CN ANCHU ENERGY,中国安储能源,11.96,"1,000",Equity,Equity Securities (Main Board),0.335,0.34,0.34,0.33,894000,0.3,0.335,0.317,0.0,5.85,0.0,-1.47,11.67,0.78,1.07,6.58,0.78,1.07,-56.41,-68.22,-94.83,57.05,68.69,False,False,False,False,False,False,False,False,False,2026-10-08
2400,2400.HK,XD INC,心动公司,181.75,200,Equity,Equity Securities (Main Board),37.56,38.8,39.48,37.32,1597000,59.98,38.208,38.802,-1.7,-3.2,-2.64,-1.62,-5.3,92.45,92.45,114.5,92.45,92.45,-57.3,-57.3,-65.52,59.37,59.37,False,False,False,False,False,False,False,False,False,2026-10-08
2402,2402.HK,SINOHYTEC,亿华通,4.42,50,Equity,Equity Securities (Main Board),9.88,10.3,10.52,9.88,1075650,10.63,10.279,10.4,-3.88,-5.0,-3.98,-3.89,-5.0,31.98,50.0,50.0,31.98,50.0,-67.1,-78.96,-78.96,69.11,80.24,False,False,False,False,False,False,False,False,False,2026-10-08
2407,2407.HK,GAUSH MEDITECH,高视医疗,6.38,100,Equity,Equity Securities (Main Board),4.315,4.345,4.5,4.315,5700,0.02,4.494,4.528,-3.98,-4.7,-5.06,-5.68,-5.37,8.24,42.05,56.1,8.24,42.05,-45.39,-89.3,-91.98,47.63,89.74,False,False,False,False,False,False,False,False,False,2026-10-08
2408,2408.HK,XIAO NOODLES,遇见小面,29.28,500,Equity,Equity Securities (Main Board),4.12,4.12,4.215,4.06,115000,0.47,4.148,4.163,-0.68,-1.02,1.23,-2.14,-0.24,6.07,6.07,6.07,6.07,6.07,-30.56,-30.56,-30.56,32.13,32.13,False,False,False,False,False,False,False,False,False,2026-10-08
2409,2409.HK,SEACON,洲际船务,32.3,"1,000",Equity,Equity Securities (Main Board),6.46,7.035,7.18,6.29,530000,3.42,6.175,5.375,4.62,20.17,-7.78,10.62,39.98,7.36,7.36,7.36,7.36,7.36,-2.51,-2.51,-2.51,12.29,12.29,False,False,False,False,False,False,False,False,False,2026-10-08
2410,2410.HK,TYK MEDICINES-B,同源康医药－Ｂ,14.25,500,Equity,Equity Securities (Main Board),3.75,3.9,4.05,3.665,546500,2.05,4.048,4.105,-7.36,-8.65,-7.41,-9.96,-9.42,14.89,56.55,56.55,14.89,56.55,-72.8,-92.84,-92.84,74.82,93.37,False,False,False,False,False,False,False,False,False,2026-10-08
2411,2411.HK,PAGODA GP,百果园集团,31.74,500,Equity,Equity Securities (Main Board),1.62,1.555,1.625,1.545,2358500,3.82,1.563,1.53,3.65,5.88,3.85,4.85,7.28,1.97,6.68,7.12,1.97,6.68,-17.51,-75.67,-77.18,17.77,75.75,True,True,False,False,False,False,False,False,False,2026-10-08
2416,2416.HK,EDIANYUN,易点云,13.87,500,Equity,Equity Securities (Main Board),2.85,2.83,2.85,2.72,95500,0.27,2.847,2.819,0.11,1.08,0.71,-0.7,-3.39,5.8,9.3,15.78,5.8,9.3,-50.86,-69.35,-81.94,50.86,69.35,False,False,False,True,False,False,False,False,False,2026-10-08
2418,2418.HK,DEEWIN,德银天下,13.61,"1,500",Equity,Equity Securities (Main Board),2.6,2.605,2.67,2.6,3478500,9.04,2.652,2.66,-1.96,-2.24,-3.7,-1.52,-1.52,9.61,11.4,11.4,9.61,11.4,-72.22,-76.58,-76.58,72.94,77.19,False,False,False,False,False,False,False,False,False,2026-10-08
2419,2419.HK,DEKON AGR,德康农牧,82.81,100,Equity,Equity Securities (Main Board),53.6,56.35,57.5,53.1,956715,51.28,55.99,56.625,-4.27,-5.34,-5.3,-4.96,-8.06,87.0,110.0,110.0,87.0,110.0,-33.91,-47.73,-47.73,38.39,51.27,False,False,False,False,False,False,False,False,False,2026-10-08
2420,2420.HK,ZIBUYU,子不语,25.2,500,Equity,Equity Securities (Main Board),5.04,5.28,5.315,4.955,218000,1.1,5.522,5.548,-8.73,-9.16,-5.35,-14.29,-11.19,6.19,7.0,9.4,6.19,7.0,-14.14,-24.07,-43.46,18.58,28.0,False,False,False,False,False,False,False,False,False,2026-10-08
2421,2421.HK,KRP DEVELOPMENT,嘉创地产,3.03,"2,000",Equity,Equity Securities (Main Board),0.6,0.575,0.605,0.575,481000,0.29,0.566,0.56,6.01,7.24,3.45,9.09,14.29,0.66,0.99,2.0,0.66,0.99,-8.33,-38.89,-69.75,9.09,39.39,False,False,False,False,False,False,False,True,False,2026-10-08
2422,2422.HK,REGO INTERACT,润歌互动,29.46,"4,000",Equity,Equity Securities (Main Board),1.775,1.935,1.96,1.62,2388000,4.24,1.993,2.021,-10.94,-12.17,-9.21,-14.25,-16.67,3.48,3.48,3.48,3.48,3.48,-43.68,-43.68,-43.68,48.99,48.99,False,False,False,False,False,False,False,False,False,2026-10-08
2423,2423.HK,BEKE-W,贝壳－Ｗ,1427.85,100,Equity,Equity Securities (Main Board),44.84,44.28,45.86,44.28,12272572,550.3,43.76,43.79,2.47,2.4,1.54,4.72,0.54,52.6,73.5,73.5,52.6,73.5,-12.81,-37.61,-37.61,14.75,38.99,True,False,False,False,False,False,False,False,False,2026-10-08
2425,2425.HK,AUSTASIA GROUP,澳亚集团,17.65,"1,000",Equity,Equity Securities (Main Board),1.8,1.8,1.8,1.8,20000,0.04,1.778,1.747,1.24,3.03,1.12,1.12,5.88,2.8,2.8,6.38,2.8,2.8,-35.71,-35.71,-71.79,35.71,35.71,False,False,False,False,False,False,False,False,False,2026-10-08
2427,2427.HK,GUANZE MEDICAL,GUANZE MEDICAL,23.09,"5,000",Equity,Equity Securities (Main Board),2.43,2.505,2.53,2.43,135000,0.33,2.623,2.752,-7.36,-11.7,-2.8,-12.43,-15.03,7.78,7.78,7.78,7.78,7.78,-67.48,-67.48,-67.48,68.77,68.77,False,False,False,False,False,False,False,False,False,2026-10-08
2429,2429.HK,UBOX ONLINE,友宝在线,16.86,500,Equity,Equity Securities (Main Board),1.725,1.585,1.8,1.585,40500,0.07,1.74,1.733,-0.86,-0.46,-1.15,-0.86,-0.86,3.37,29.4,29.4,3.37,29.4,-46.59,-93.88,-93.88,48.81,94.13,False,False,False,False,False,False,False,False,False,2026-10-08
2431,2431.HK,MINIEYE,佑驾创新,5.9,200,Equity,Equity Securities (Main Board),1.71,1.855,1.91,1.7,708900,1.21,1.855,1.866,-7.82,-8.34,-7.82,-10.94,-4.2,17.69,39.5,39.5,17.69,39.5,-89.2,-95.16,-95.16,90.33,95.67,False,False,False,False,False,False,False,False,False,2026-10-08
2432,2432.HK,DOBOT,越疆,76.99,200,Equity,Equity Securities (Main Board),19.55,20.7,21.0,19.55,1502612,29.38,20.662,20.648,-5.38,-5.32,-5.92,-7.78,-8.9,50.0,83.8,83.8,50.0,83.8,-58.0,-74.94,-74.94,60.9,76.67,False,False,False,False,False,False,False,False,False,2026-10-08
2436,2436.HK,LX TECHNOLOGY,凌雄科技,59.77,300,Equity,Equity Securities (Main Board),17.45,17.3,17.78,17.12,636900,11.11,17.09,17.845,2.11,-2.21,0.87,0.58,5.76,26.3,26.3,26.3,26.3,26.3,-32.4,-32.4,-32.4,33.65,33.65,False,False,False,False,False,False,False,False,False,2026-10-08
2438,2438.HK,MOBVOI,出门问问,4.18,"1,000",Equity,Equity Securities (Main Board),0.27,0.28,0.28,0.27,1025000,0.28,0.281,0.292,-3.91,-7.53,-3.57,-3.57,-10.0,0.74,4.38,4.38,0.74,4.38,-62.16,-93.61,-93.61,63.51,93.84,False,False,False,False,False,False,False,False,False,2026-10-08
2439,2439.HK,CH TREASURES NM,中宝新材,2.53,"2,000",Equity,Equity Securities (Main Board),0.211,0.211,0.219,0.21,1208000,0.25,0.214,0.215,-1.49,-2.04,0.48,-3.65,-4.95,0.48,2.93,2.93,0.48,2.93,-54.37,-92.53,-92.53,56.04,92.8,False,False,False,False,False,False,False,False,False,2026-10-08
2440,2440.HK,MEMESTRATEGY,迷策略,3.44,"1,000",Equity,Equity Securities (Main Board),0.825,0.825,0.825,0.825,120000,0.1,0.826,0.851,-0.12,-3.06,0.0,-0.6,-2.94,2.34,6.98,6.98,2.34,6.98,-64.74,-88.18,-88.18,64.74,88.18,False,False,False,False,False,False,False,False,False,2026-10-08
2442,2442.HK,EASY SMART-100,怡俊集团（一百）,161.16,100,Equity,Equity Securities (Main Board),39.5,45.0,46.68,37.32,515500,20.36,45.99,54.325,-14.11,-27.29,-13.79,-23.97,-34.87,159.5,159.5,159.5,159.5,159.5,-70.73,-70.73,-70.73,75.24,75.24,False,False,False,False,False,False,False,False,False,2026-10-08
2443,2443.HK,AUTOSTREETS,汽车街,9.16,200,Equity,Equity Securities (Main Board),1.1,1.2,1.2,1.045,140600,0.15,1.042,0.993,5.57,10.83,2.8,8.91,8.91,3.57,117.1,117.1,3.57,117.1,-66.39,-98.98,-98.98,69.19,99.06,True,False,False,False,False,False,False,False,False,2026-10-08
2450,2450.HK,HUAIBEI GD CO,淮北绿金股份,11.05,"1,500",Equity,Equity Securities (Main Board),16.75,15.42,17.0,14.0,372440,6.24,14.678,12.798,14.12,30.88,8.48,12.42,43.41,16.68,16.68,16.68,17.0,17.0,1.92,1.92,1.92,1.47,1.47,False,False,False,False,True,True,True,True,True,2026-10-08
2451,2451.HK,LUYUAN GP HLDG,绿源集团控股,55.88,500,Equity,Equity Securities (Main Board),13.76,13.9,14.06,13.75,331500,4.56,13.986,14.097,-1.62,-2.39,-1.01,-2.27,-2.34,19.19,19.19,19.19,19.19,19.19,-26.73,-26.73,-26.73,28.3,28.3,False,False,False,False,False,False,False,False,False,2026-10-08
2453,2453.HK,CONCORD HC GP,美中嘉和,2.2,200,Equity,Equity Securities (Main Board),0.7,0.76,0.76,0.7,139600,0.1,0.718,0.721,-2.51,-2.91,-4.11,-5.41,-3.45,1.98,55.0,55.0,1.98,55.0,-61.62,-98.62,-98.62,64.65,98.73,False,False,False,False,False,False,False,False,False,2026-10-08
2455,2455.HK,RUNHUA SERVICE,润华服务,2.16,"2,000",Equity,Equity Securities (Main Board),0.72,0.72,0.72,0.72,140000,0.1,0.744,0.729,-3.23,-1.23,0.0,-5.26,0.0,0.87,1.34,1.6,0.87,1.34,-17.24,-46.27,-55.0,17.24,46.27,False,False,False,False,False,False,False,False,False,2026-10-08
2457,2457.HK,BUYANG INTL,步阳国际,4.9,"5,000",Equity,Equity Securities (Main Board),0.49,0.505,0.505,0.48,350000,0.17,0.552,0.587,-11.23,-16.52,-1.01,-21.6,-18.33,0.72,0.72,0.72,0.72,0.72,-29.86,-29.86,-29.86,31.94,31.94,False,False,False,False,False,False,False,False,False,2026-10-08
2458,2458.HK,GALA TECH HOLD,望尘科技控股,9.14,400,Equity,Equity Securities (Main Board),6.405,6.4,6.4,6.4,2800,0.02,6.446,6.473,-0.64,-1.05,0.08,-2.36,-1.46,7.35,7.4,7.46,7.35,7.4,-12.93,-13.51,-14.21,12.86,13.45,False,False,False,False,False,False,False,False,False,2026-10-08
2459,2459.HK,SANERGY GROUP,升能集团,1.21,"10,000",Equity,Equity Securities (Main Board),0.625,0.625,0.625,0.585,185500,0.12,0.611,0.6,2.29,4.25,0.0,7.76,8.7,1.58,193.24,193.24,1.58,193.24,-60.44,-99.68,-99.68,60.44,99.68,False,False,False,True,False,False,False,False,False,2026-10-08
2460,2460.HK,CR BEVERAGE,华润饮料,173.27,200,Equity,Equity Securities (Main Board),7.225,7.3,7.33,7.19,419000,3.03,7.27,7.295,-0.62,-0.96,-0.34,-0.89,-2.1,10.72,16.78,16.78,10.72,16.78,-31.62,-56.32,-56.32,32.6,56.94,False,False,False,False,False,False,False,False,False,2026-10-08
2465,2465.HK,LOPAL TECH,龙蟠科技,12.74,500,Equity,Equity Securities (Main Board),9.44,9.2,9.86,9.2,18363500,173.35,9.18,8.989,2.83,5.02,2.66,4.89,2.16,23.5,23.5,23.5,23.5,23.5,-58.04,-58.04,-58.04,59.83,59.83,False,False,False,False,False,False,False,False,False,2026-10-08
2469,2469.HK,FENBI,粉笔,6.63,500,Equity,Equity Securities (Main Board),0.3,0.3,0.315,0.3,1237500,0.37,0.314,0.328,-4.46,-8.4,-1.64,-6.25,-10.45,2.54,5.91,15.04,2.54,5.91,-87.6,-94.67,-97.91,88.19,94.92,False,False,False,False,False,False,False,False,False,2026-10-08
2473,2473.HK,XXF,喜相逢集团,7.24,"2,500",Equity,Equity Securities (Main Board),0.39,0.385,0.395,0.375,25417500,9.91,0.4,0.393,-2.5,-0.89,-2.5,-3.7,1.3,15.96,15.96,15.96,15.96,15.96,-97.53,-97.53,-97.53,97.56,97.56,False,False,False,False,False,False,False,False,False,2026-10-08
2475,2475.HK,LUXSHARE ICT,立讯精密,201.18,100,Equity,Equity Securities (Main Board),50.8,53.0,54.05,50.4,3546543,180.16,52.31,53.46,-2.89,-4.98,-2.59,-4.78,-5.14,66.2,66.2,66.2,66.2,66.2,-18.35,-18.35,-18.35,23.26,23.26,False,False,False,False,False,False,False,False,False,2026-10-08
2476,2476.HK,VGT,胜宏科技,213.62,100,Equity,Equity Securities (Main Board),193.8,201.8,209.2,190.1,3599980,697.68,200.86,202.97,-3.51,-4.52,-5.0,-6.01,-1.87,475.0,475.0,475.0,475.0,475.0,-55.96,-55.96,-55.96,59.2,59.2,False,False,False,False,False,False,False,False,False,2026-10-08
2477,2477.HK,WELLCELL HOLD,经纬天地,9.26,800,Equity,Equity Securities (Main Board),0.193,0.197,0.204,0.19,118878400,22.94,0.194,0.2,-0.52,-3.5,0.0,2.12,-7.21,13.63,13.63,13.63,13.63,13.63,-98.5,-98.5,-98.5,98.58,98.58,False,False,False,False,False,False,False,False,False,2026-10-08
2480,2480.HK,LUZHU BIOTECH-B,绿竹生物－Ｂ,29.84,200,Equity,Equity Securities (Main Board),15.0,15.0,15.0,15.0,1200,0.02,15.274,14.445,-1.79,3.84,-6.19,-6.19,11.94,25.96,39.3,42.0,25.96,39.3,-42.22,-61.83,-64.29,42.22,61.83,False,False,False,False,False,False,False,False,False,2026-10-08
2482,2482.HK,LOGORY,维天运通,1.42,"1,000",Equity,Equity Securities (Main Board),0.27,0.27,0.27,0.27,68000,0.02,0.27,0.269,0.0,0.56,0.0,0.0,0.0,0.79,1.96,2.95,0.79,1.96,-65.82,-86.22,-90.85,65.82,86.22,False,False,False,False,False,False,False,False,False,2026-10-08
2486,2486.HK,PLUS GP HOLDING,普乐师集团控股,4.53,200,Equity,Equity Securities (Main Board),4.0,4.03,4.16,3.975,22200,0.09,3.961,3.901,0.98,2.54,-0.25,1.78,3.49,7.8,13.0,13.0,7.8,13.0,-46.67,-68.0,-68.0,48.72,69.23,False,False,False,False,False,False,False,False,False,2026-10-08
2487,2487.HK,CUTIA-B,科笛－Ｂ,3.17,200,Equity,Equity Securities (Main Board),0.85,0.87,0.87,0.81,311200,0.26,0.931,0.967,-8.7,-12.1,-2.3,-17.48,-16.67,5.51,24.0,32.6,5.51,24.0,-84.21,-96.37,-97.33,84.57,96.46,False,False,False,False,False,False,False,False,False,2026-10-08
2488,2488.HK,LAUNCH TECH,元征科技,24.21,500,Equity,Equity Securities (Main Board),6.9,6.9,6.96,6.9,86400,0.6,6.889,6.922,0.16,-0.32,-0.72,0.15,-0.86,9.28,15.34,15.34,9.28,15.34,-25.0,-54.63,-54.63,25.65,55.02,False,False,False,False,False,False,False,False,False,2026-10-08
2489,2489.HK,PERSISTENCEGOLD,集海黄金,19.44,"5,000",Equity,Equity Securities (Main Board),0.81,0.81,0.83,0.8,775000,0.63,0.802,0.8,1.0,1.31,0.0,1.25,2.53,1.53,2.17,2.17,1.53,2.17,-45.75,-61.75,-61.75,47.06,62.67,False,False,True,False,False,False,False,False,False,2026-10-08
2490,2490.HK,LC HOLDING,乐舱控股,26.09,300,Equity,Equity Securities (Main Board),4.245,4.17,4.25,4.075,538500,2.29,4.188,4.184,1.36,1.47,3.28,5.33,1.68,7.13,17.73,17.73,7.13,17.73,-40.39,-76.02,-76.02,40.46,76.05,False,False,False,True,False,False,False,False,False,2026-10-08
2493,2493.HK,MABWELL-B,迈威生物－Ｂ,9.6,200,Equity,Equity Securities (Main Board),20.36,20.94,20.94,20.0,268200,5.46,20.656,20.688,-1.43,-1.59,-2.58,-2.12,-1.64,29.18,29.18,29.18,29.18,29.18,-28.24,-28.24,-28.24,30.23,30.23,False,False,False,False,False,False,False,False,False,2026-10-08
2495,2495.HK,VOICECOMM,声通科技,8.2,20,Equity,Equity Securities (Main Board),25.1,25.8,26.3,24.52,11120,0.28,25.892,26.088,-3.06,-3.79,-2.71,-3.01,-6.41,77.15,650.0,650.0,77.15,650.0,-65.91,-95.95,-95.95,67.47,96.14,False,False,False,False,False,False,False,False,False,2026-10-08
2496,2496.HK,YZYBIO-B,友芝友生物－Ｂ,3.96,200,Equity,Equity Securities (Main Board),2.205,2.2,2.2,2.2,600,0.0,2.993,3.096,-26.33,-28.77,-30.88,-30.88,-30.88,8.4,16.2,19.8,8.4,16.2,-73.81,-86.42,-88.89,73.75,86.39,False,False,False,False,False,False,False,False,False,2026-10-08
2497,2497.HK,FUJING HOLDINGS,富景中国控股,2.92,"2,000",Equity,Equity Securities (Main Board),0.585,0.615,0.69,0.58,508000,0.3,0.604,0.548,-3.15,6.75,-4.88,-12.03,17.0,0.96,2.4,2.4,0.96,2.4,-28.12,-71.25,-71.25,39.06,75.63,False,False,False,False,False,False,False,False,False,2026-10-08
2498,2498.HK,ROBOSENSE,速腾聚创,72.49,100,Equity,Equity Securities (Main Board),15.4,15.98,16.25,15.35,2953331,45.48,15.9,16.16,-3.14,-4.7,-4.17,-3.02,-7.67,41.46,137.5,137.5,41.46,137.5,-60.81,-88.18,-88.18,62.86,88.8,False,False,False,False,False,False,False,False,False,2026-10-08
2499,2499.HK,FOLANGSI,佛朗斯股份,14.63,200,Equity,Equity Securities (Main Board),5.54,5.56,5.56,5.56,2600,0.01,5.556,5.566,-0.29,-0.47,-0.36,-0.36,-0.54,6.23,15.62,15.62,6.23,15.62,-10.75,-64.4,-64.4,11.08,64.53,False,False,False,False,False,False,False,False,False,2026-10-08
2500,2500.HK,VENUS MEDTECH-B,启明医疗－Ｂ,5.03,500,Equity,Equity Securities (Main Board),1.14,1.115,1.18,1.11,351000,0.4,1.17,1.182,-2.56,-3.55,-0.44,-4.6,-6.94,3.86,5.94,97.0,3.86,5.94,-69.43,-80.13,-98.78,70.47,80.81,False,False,False,False,False,False,False,False,False,2026-10-08
2501,2501.HK,MAIYUE TECH,迈越科技,11.46,"2,000",Equity,Equity Securities (Main Board),2.05,2.06,2.12,2.0,1356000,2.78,1.955,1.964,4.86,4.41,1.49,4.59,5.13,2.49,2.49,2.49,2.49,2.49,-14.86,-14.86,-14.86,17.67,17.67,True,False,False,False,False,False,False,False,False,2026-10-08
2502,2502.HK,JINYUAN HCHEM,金源氢化,5.02,"2,000",Equity,Equity Securities (Main Board),0.525,0.6,0.6,0.48,902000,0.47,0.579,0.59,-9.33,-10.94,-12.5,-7.89,-12.5,0.84,1.09,1.09,0.84,1.09,-28.57,-44.95,-44.95,37.5,51.83,False,False,False,False,False,False,False,False,False,2026-10-08
2503,2503.HK,ZHONGSHENJIANYE,中深建业,9.27,"4,000",Equity,Equity Securities (Main Board),0.27,0.27,0.28,0.26,41988000,11.34,0.267,0.272,1.12,-0.74,0.0,1.89,3.85,0.58,2.06,2.06,0.58,2.06,-51.72,-86.41,-86.41,53.45,86.89,False,False,False,False,False,False,False,False,False,2026-10-08
2505,2505.HK,EDA GROUP HLDGS,ＥＤＡ集团控股,3.1,"1,000",Equity,Equity Securities (Main Board),0.67,0.65,0.67,0.65,7000,0.0,0.664,0.661,0.9,1.36,0.0,1.52,1.52,1.8,8.47,8.47,1.8,8.47,-62.78,-92.09,-92.09,62.78,92.09,False,False,True,True,False,False,False,False,False,2026-10-08
2506,2506.HK,XUNFEIHEALTH,讯飞医疗科技,49.66,50,Equity,Equity Securities (Main Board),64.25,64.0,65.1,62.0,46735,3.0,64.06,64.455,0.3,-0.32,-2.65,1.58,-1.38,114.7,181.7,181.7,114.7,181.7,-43.24,-64.17,-64.17,43.98,64.64,False,False,True,False,False,False,False,False,False,2026-10-08
2507,2507.HK,CIRRUS,西锐,150.71,100,Equity,Equity Securities (Main Board),41.18,42.78,43.04,40.3,457243,18.83,42.06,42.22,-2.09,-2.46,-3.11,-2.46,-3.7,69.5,76.5,76.5,69.5,76.5,-38.07,-43.74,-43.74,40.75,46.17,False,False,False,False,False,False,False,False,False,2026-10-08
2508,2508.HK,SAINT BELLA GP,圣贝拉集团,16.07,500,Equity,Equity Securities (Main Board),2.61,2.735,2.735,2.495,252500,0.66,2.672,2.774,-2.32,-5.93,-2.79,-2.97,-6.79,5.9,11.0,11.0,5.9,11.0,-53.64,-75.14,-75.14,55.76,76.27,False,False,False,False,False,False,False,False,False,2026-10-08
2509,2509.HK,QYUNS-B,荃信生物－Ｂ,37.97,200,Equity,Equity Securities (Main Board),17.0,16.95,17.12,16.8,26400,0.45,17.23,17.074,-1.33,-0.43,-1.68,-2.19,0.29,24.5,36.5,36.5,24.5,36.5,-30.12,-53.1,-53.1,30.61,53.42,False,False,False,False,False,False,False,False,False,2026-10-08
2510,2510.HK,TS LINES,德翔海运,223.78,"1,000",Equity,Equity Securities (Main Board),13.44,12.98,13.64,12.8,2970573,39.92,13.082,13.235,2.74,1.55,1.97,3.78,2.21,14.96,14.96,14.96,14.96,14.96,-8.82,-8.82,-8.82,10.16,10.16,False,False,True,True,False,False,False,False,False,2026-10-08
2511,2511.HK,HIGHTIDE-B,君圣泰医药－Ｂ,22.51,500,Equity,Equity Securities (Main Board),3.36,3.61,3.61,3.36,329000,1.11,3.519,3.485,-4.52,-3.6,-3.45,-7.44,-2.18,4.72,13.18,13.18,4.72,13.18,-23.52,-72.61,-72.61,28.81,74.51,False,False,False,False,False,False,False,False,False,2026-10-08
2512,2512.HK,CLOUD FACTORY,云工场,12.94,"1,000",Equity,Equity Securities (Main Board),2.7,2.61,2.7,2.605,34000,0.09,2.699,2.693,0.04,0.28,0.0,0.0,0.0,3.78,5.69,5.69,3.78,5.69,-28.57,-52.55,-52.55,28.57,52.55,False,False,True,True,False,False,False,False,False,2026-10-08
2513,2513.HK,Z.AI,智谱,1691.47,100,Equity,Equity Securities (Main Board),643.0,680.0,687.0,630.5,4460379,2868.02,669.2,649.55,-3.92,-1.01,-7.61,-3.31,0.31,2980.0,2980.0,2980.0,2980.0,2980.0,-76.95,-76.95,-76.95,78.42,78.42,False,False,False,False,False,False,False,False,False,2026-10-08
2515,2515.HK,TJCD,天津建发,10.81,"2,000",Equity,Equity Securities (Main Board),3.48,3.6,3.7,3.3,1280000,4.45,3.973,4.52,-12.41,-23.02,-3.06,-19.07,-24.35,5.95,5.95,5.95,5.95,5.95,-37.82,-37.82,-37.82,41.51,41.51,False,False,False,False,False,False,False,False,False,2026-10-08
2516,2516.HK,FAR INTL,泛远国际,5.8,"4,000",Equity,Equity Securities (Main Board),0.62,0.605,0.615,0.605,40000,0.02,0.645,0.654,-3.88,-5.13,2.48,-7.46,-11.43,1.44,1.68,1.68,1.44,1.68,-57.29,-63.39,-63.39,56.94,63.1,False,False,False,False,False,False,False,False,False,2026-10-08
2517,2517.HK,GUOQUAN,锅圈,35.61,400,Equity,Equity Securities (Main Board),1.385,1.4,1.415,1.38,8264800,11.45,1.372,1.4,0.95,-1.07,0.73,1.09,-5.14,4.8,12.34,12.34,4.8,12.34,-70.52,-88.53,-88.53,71.15,88.78,False,False,False,False,False,False,False,False,False,2026-10-08
2521,2521.HK,SHENGHUI CLEAN,升辉清洁,15.4,"7,500",Equity,Equity Securities (Main Board),0.79,0.805,0.805,0.79,3570000,2.82,0.81,0.835,-2.47,-5.45,-2.47,-3.07,-3.66,1.26,1.26,1.26,1.26,1.26,-36.11,-36.11,-36.11,37.3,37.3,False,False,False,False,False,False,False,False,False,2026-10-08
2522,2522.HK,RIMAG GROUP,一脉阳光,16.89,500,Equity,Equity Securities (Main Board),4.915,5.025,5.04,4.89,443500,2.18,5.037,5.064,-2.42,-2.95,-2.19,-4.0,-5.48,10.54,71.95,71.95,10.54,71.95,-52.18,-93.0,-93.0,53.37,93.17,False,False,False,False,False,False,False,False,False,2026-10-08
2525,2525.HK,HESAI-W,禾赛－Ｗ,163.67,100,Equity,Equity Securities (Main Board),15.66,15.85,16.35,15.63,10060439,157.55,15.984,16.167,-2.03,-3.14,-0.63,-4.22,-4.22,28.85,30.5,30.5,28.85,30.5,-43.33,-46.39,-46.39,45.72,48.66,False,False,False,False,False,False,False,False,False,2026-10-08
2526,2526.HK,DIAGENS-B,德适－Ｂ,259.7,50,Equity,Equity Securities (Main Board),292.2,252.0,334.0,252.0,574390,167.84,255.24,292.88,14.48,-0.23,21.75,16.41,15.04,765.5,765.5,765.5,765.5,765.5,-56.37,-56.37,-56.37,61.83,61.83,False,False,False,False,False,False,False,False,False,2026-10-08
2528,2528.HK,FW FASHION INT,尚晋国际控股,3.32,"2,000",Equity,Equity Securities (Main Board),0.83,0.83,0.83,0.83,20000,0.02,0.853,0.861,-2.7,-3.54,-1.19,-4.6,-4.05,1.02,1.02,1.67,1.02,1.02,-18.63,-18.63,-50.3,18.63,18.63,False,False,False,False,False,False,False,False,False,2026-10-08
2530,2530.HK,NUMANS,纽曼思,7.2,"8,000",Equity,Equity Securities (Main Board),0.72,0.725,0.725,0.715,784000,0.56,0.723,0.725,-0.41,-0.62,0.0,0.0,-1.37,0.83,0.96,0.96,0.83,0.96,-12.65,-24.48,-24.48,13.25,25.0,False,False,False,False,False,False,False,False,False,2026-10-08
2531,2531.HK,CARLINK TECH,广联科技控股,11.18,500,Equity,Equity Securities (Main Board),3.05,3.05,3.05,3.05,2500,0.01,2.908,2.92,4.88,4.45,8.93,8.54,0.0,8.0,51.6,51.6,8.0,51.6,-61.88,-94.09,-94.09,61.88,94.09,False,False,False,False,False,False,False,False,False,2026-10-08
2533,2533.HK,BLACK SESAME,黑芝麻智能,59.85,100,Equity,Equity Securities (Main Board),8.36,9.45,9.45,8.325,13308286,111.26,9.223,9.534,-9.36,-12.32,-11.49,-10.25,-14.87,23.36,43.85,43.85,23.36,43.85,-59.55,-78.45,-78.45,64.21,80.94,False,False,False,False,False,False,False,False,False,2026-10-08
2535,2535.HK,WK GROUP,泓基集团,11.8,"10,000",Equity,Equity Securities (Main Board),0.59,0.595,0.62,0.57,6610000,3.9,0.605,0.621,-2.48,-4.99,-0.84,-7.09,-4.84,1.15,1.15,1.15,1.15,1.15,-46.09,-46.09,-46.09,48.7,48.7,False,False,False,False,False,False,False,False,False,2026-10-08
2536,2536.HK,PALASINO,百乐皇宫,4.76,"1,000",Equity,Equity Securities (Main Board),0.59,0.66,0.66,0.59,4000,0.0,0.618,0.612,-4.53,-3.59,1.72,-7.81,0.0,2.49,7.19,7.19,2.49,7.19,-73.49,-90.82,-90.82,76.31,91.79,False,False,False,False,False,False,False,False,False,2026-10-08
2539,2539.HK,LEMO SERVICES,乐摩科技,1.95,100,Equity,Equity Securities (Main Board),8.395,8.38,8.63,8.38,8400,0.07,8.469,8.521,-0.87,-1.47,0.18,-2.38,-5.25,51.95,85.0,85.0,51.95,85.0,-83.39,-89.85,-89.85,83.84,90.12,False,False,False,False,False,False,False,False,False,2026-10-08
2540,2540.HK,LESI GROUP,乐思集团,4.83,"2,500",Equity,Equity Securities (Main Board),0.805,0.805,0.805,0.805,45000,0.04,0.81,0.801,-0.62,0.56,-1.23,-0.62,0.62,1.44,7.28,7.28,1.44,7.28,-44.1,-88.94,-88.94,44.1,88.94,False,False,False,False,False,False,False,False,False,2026-10-08
2543,2543.HK,DAHON TECH,大行科工,3.04,100,Equity,Equity Securities (Main Board),33.6,33.52,33.76,33.04,30400,1.02,33.832,33.806,-0.69,-0.61,-1.41,-0.36,-1.41,39.68,69.0,69.0,39.68,69.0,-14.92,-51.07,-51.07,15.32,51.3,False,False,False,False,False,False,False,False,False,2026-10-08
2546,2546.HK,ZHIHUI MINING,智汇矿业,98.34,"1,000",Equity,Equity Securities (Main Board),20.16,21.34,21.46,20.16,494000,9.96,20.56,20.81,-1.95,-3.12,-3.91,-4.64,-4.73,24.6,24.6,24.6,24.6,24.6,-12.76,-12.76,-12.76,18.05,18.05,False,False,False,False,False,False,False,False,False,2026-10-08
2549,2549.HK,CAROTE LTD,卡罗特,21.21,500,Equity,Equity Securities (Main Board),3.85,3.85,3.85,3.85,500,0.0,3.831,3.859,0.5,-0.23,0.0,-1.28,2.67,5.45,10.88,10.88,5.45,10.88,-29.36,-64.61,-64.61,29.36,64.61,False,False,False,False,False,False,False,False,False,2026-10-08
2550,2550.HK,EASOU TECH,宜搜科技,9.53,500,Equity,Equity Securities (Main Board),2.12,2.115,2.17,2.085,572000,1.21,2.109,2.069,0.52,2.49,-1.85,3.67,1.68,3.23,67.25,67.25,3.23,67.25,-32.82,-96.77,-96.77,34.37,96.85,False,False,False,False,False,False,False,False,False,2026-10-08
2551,2551.HK,APT ELECTRONICS,晶科电子股份,3.76,"1,000",Equity,Equity Securities (Main Board),1.48,1.4,1.505,1.39,55000,0.08,1.463,1.522,1.16,-2.73,5.34,1.37,-6.92,2.9,5.95,5.95,2.9,5.95,-48.1,-74.71,-74.71,48.97,75.13,False,False,False,False,False,False,False,False,False,2026-10-08
2552,2552.HK,HUA MEDICINE-B,华领医药－Ｂ,24.2,500,Equity,Equity Securities (Main Board),2.29,2.395,2.415,2.25,1482500,3.39,2.334,2.343,-1.89,-2.26,-2.97,-0.65,-1.72,3.94,4.95,9.0,3.94,4.95,-38.71,-51.21,-73.17,41.88,53.74,False,False,False,False,False,False,False,False,False,2026-10-08
2553,2553.HK,SHOUGANG LANZA,首钢朗泽,31.13,200,Equity,Equity Securities (Main Board),11.68,11.87,12.4,11.24,891200,10.41,11.798,13.496,-1.0,-13.46,-1.6,4.29,-11.92,54.4,54.4,54.4,54.4,54.4,-77.21,-77.21,-77.21,78.53,78.53,False,False,False,False,False,False,False,False,False,2026-10-08
2555,2555.HK,CHABAIDAO,茶百道,59.47,200,Equity,Equity Securities (Main Board),4.025,4.14,4.165,4.02,538000,2.17,4.088,4.108,-1.54,-2.02,-2.19,0.0,-2.78,7.03,16.0,16.0,7.03,16.0,-40.75,-73.97,-73.97,42.75,74.84,False,False,False,False,False,False,False,False,False,2026-10-08
2556,2556.HK,MARKETINGFORCE,迈富时,128.46,100,Equity,Equity Securities (Main Board),46.28,52.7,54.75,45.42,7905726,365.88,51.766,52.103,-10.6,-11.18,-13.09,-12.35,-13.82,68.3,144.0,144.0,68.3,144.0,-19.84,-61.98,-61.98,32.24,67.86,False,False,False,False,False,False,False,False,False,2026-10-08
2558,2558.HK,JINSHANG BANK,晋商银行,10.48,"1,000",Equity,Equity Securities (Main Board),1.08,1.115,1.115,1.08,52000,0.06,1.113,1.089,-2.96,-0.87,-4.85,-4.85,0.0,1.41,1.72,3.95,1.41,1.72,-20.92,-35.17,-71.77,23.4,37.21,False,False,False,False,False,False,False,False,False,2026-10-08
2559,2559.HK,DIDA INC-PF,嘀嗒出行－ＰＦ,11.7,500,Equity,Equity Securities (Main Board),1.14,1.165,1.175,1.14,352000,0.4,1.16,1.163,-1.72,-2.02,-2.15,-0.87,-4.6,2.9,5.9,5.9,2.9,5.9,-59.48,-80.08,-80.08,60.69,80.68,False,False,False,False,False,False,False,False,False,2026-10-08
2560,2560.HK,CONCH MAT TECH,海螺材料科技,2.47,"1,000",Equity,Equity Securities (Main Board),1.335,1.34,1.345,1.335,40000,0.05,1.344,1.337,-0.67,-0.15,-0.37,-0.37,0.38,1.87,2.3,2.3,1.87,2.3,-28.07,-41.52,-41.52,28.61,41.96,False,False,False,False,False,False,False,False,False,2026-10-08
2561,2561.HK,VISEN PHARMA-B,维昇药业－Ｂ,21.4,100,Equity,Equity Securities (Main Board),18.81,18.52,18.81,18.52,2100,0.04,18.76,18.786,0.27,0.13,1.68,-0.95,0.48,43.3,69.15,69.15,43.3,69.15,-56.56,-72.8,-72.8,56.56,72.8,False,False,False,True,False,False,False,False,False,2026-10-08
2562,2562.HK,SYNAGISTICS,狮腾控股,2.22,500,Equity,Equity Securities (Main Board),0.475,0.51,0.52,0.47,4926000,2.34,0.51,0.525,-6.86,-9.61,-8.65,-5.0,-10.38,5.27,50.05,50.05,5.27,50.05,-90.13,-98.96,-98.96,90.99,99.05,False,False,False,False,False,False,False,False,False,2026-10-08
2563,2563.HK,BIOSTAR PHARM-B,华昊中天医药－Ｂ,16.75,200,Equity,Equity Securities (Main Board),4.3,4.4,4.4,4.3,1600,0.01,4.724,4.59,-8.98,-6.32,-10.97,-10.97,-10.97,5.25,39.5,39.5,5.25,39.5,-16.19,-88.86,-88.86,18.1,89.11,False,False,False,False,False,False,False,False,False,2026-10-08
2565,2565.HK,PEGBIO CO-B,派格生物医药－Ｂ,18.76,50,Equity,Equity Securities (Main Board),4.86,5.25,5.25,4.83,2626400,12.76,4.945,5.105,-1.72,-4.8,-3.67,-0.82,-6.72,76.25,77.0,77.0,76.25,77.0,-93.11,-93.18,-93.18,93.63,93.69,False,False,False,False,False,False,False,False,False,2026-10-08
2566,2566.HK,JIUYUAN GENE,九源基因,13.45,200,Equity,Equity Securities (Main Board),5.645,5.475,5.645,5.455,537000,3.03,5.51,5.636,2.45,0.16,6.31,5.42,-2.59,10.84,16.29,16.29,10.84,16.29,-47.92,-65.35,-65.35,47.92,65.35,False,False,False,True,False,False,False,False,False,2026-10-08
2567,2567.HK,QINIU,七牛智能,7.21,"1,000",Equity,Equity Securities (Main Board),0.36,0.375,0.375,0.36,632000,0.23,0.369,0.361,-2.44,-0.28,-4.0,-4.0,-1.37,0.76,1.68,1.68,0.76,1.68,-50.66,-77.68,-77.68,52.63,78.57,False,False,False,False,False,False,False,False,False,2026-10-08
2569,2569.HK,SOFT INTL,舒宝国际,14.85,"5,000",Equity,Equity Securities (Main Board),1.485,1.5,1.5,1.47,530000,0.79,1.471,1.459,0.95,1.78,-0.67,1.02,1.71,1.54,1.68,1.68,1.54,1.68,-2.6,-10.71,-10.71,3.57,11.61,False,False,True,False,False,False,False,True,False,2026-10-08
2570,2570.HK,REFIRE,重塑能源,4.62,20,Equity,Equity Securities (Main Board),5.06,5.67,5.865,5.0,228520,1.16,5.555,6.049,-8.91,-16.36,-11.77,-9.8,-20.5,75.3,316.2,316.2,75.3,316.2,-92.21,-98.15,-98.15,93.28,98.4,False,False,False,False,False,False,False,False,False,2026-10-08
2573,2573.HK,NEWTREND GROUP,新琪安,4.71,200,Equity,Equity Securities (Main Board),4.895,4.8,4.9,4.71,25000,0.12,4.944,5.093,-0.99,-3.89,-0.1,-2.3,-2.49,8.31,30.25,30.25,8.31,30.25,-41.03,-83.8,-83.8,41.1,83.82,False,False,False,False,False,False,False,False,False,2026-10-08
2575,2575.HK,XUANZHUBIO-B,轩竹生物－Ｂ,43.61,500,Equity,Equity Securities (Main Board),8.42,8.855,9.58,8.18,3880500,32.67,8.565,8.549,-1.69,-1.51,-0.18,-1.81,-9.46,79.1,96.9,96.9,79.1,96.9,-87.89,-90.11,-90.11,89.36,91.31,False,False,False,False,False,False,False,False,False,2026-10-08
2576,2576.HK,TAIMEI TECH,太美医疗科技,8.91,200,Equity,Equity Securities (Main Board),4.61,4.9,4.9,4.6,242200,1.12,4.793,4.793,-3.82,-3.81,-5.92,-7.06,-1.5,7.5,11.68,11.68,7.5,11.68,-34.67,-58.05,-58.05,38.53,60.53,False,False,False,False,False,False,False,False,False,2026-10-08
2577,2577.HK,INNOSCIENCE,英诺赛科,334.57,100,Equity,Equity Securities (Main Board),37.2,38.72,39.66,37.08,7009757,260.76,38.552,38.692,-3.51,-3.86,-2.16,-5.39,-5.54,89.8,106.1,106.1,89.8,106.1,-55.84,-62.62,-62.62,58.57,64.94,False,False,False,False,False,False,False,False,False,2026-10-08
2579,2579.HK,CNGR,中伟新材,22.24,200,Equity,Equity Securities (Main Board),21.34,21.3,21.98,21.18,686200,14.64,21.04,21.142,1.43,0.94,0.47,3.29,-0.28,46.44,46.44,46.44,46.44,46.44,-52.67,-52.67,-52.67,54.05,54.05,False,False,False,False,False,False,False,False,False,2026-10-08
2580,2580.HK,AUX ELECTRIC,奥克斯电气,134.21,200,Equity,Equity Securities (Main Board),8.45,8.5,8.7,8.355,252800,2.14,8.469,8.412,-0.22,0.45,-0.59,0.6,-0.18,13.79,16.79,16.79,13.79,16.79,-36.91,-48.18,-48.18,38.72,49.67,False,False,False,False,False,False,False,False,False,2026-10-08
2581,2581.HK,BENQ HOLDING,明基医院,8.86,500,Equity,Equity Securities (Main Board),2.84,2.945,2.945,2.7,42000,0.12,2.69,2.721,5.58,4.39,1.43,7.17,5.19,4.49,6.5,6.5,4.49,6.5,-34.41,-54.69,-54.69,36.75,56.31,False,False,False,True,False,False,False,False,False,2026-10-08
2582,2582.HK,GUOFUHEE,国富氢能,4.08,50,Equity,Equity Securities (Main Board),3.4,3.4,4.0,3.355,509750,1.73,3.818,4.019,-10.95,-15.4,-10.88,-13.6,-15.63,49.5,157.2,157.2,49.5,157.2,-91.92,-97.46,-97.46,93.13,97.84,False,False,False,False,False,False,False,False,False,2026-10-08
2583,2583.HK,HIPINE,西普尼,22.88,100,Equity,Equity Securities (Main Board),38.9,39.1,41.88,38.04,1049100,40.81,40.348,42.91,-3.59,-9.35,-0.77,-1.67,-13.94,216.0,216.0,216.0,216.0,216.0,-80.61,-80.61,-80.61,81.99,81.99,False,False,False,False,False,False,False,False,False,2026-10-08
2585,2585.HK,MOKINGRAN,梦金园,84.64,200,Equity,Equity Securities (Main Board),31.0,28.9,31.14,27.5,1027800,31.86,28.56,28.102,8.54,10.31,8.7,11.51,12.16,34.88,34.88,34.88,34.88,34.88,-10.72,-10.72,-10.72,11.12,11.12,False,False,True,True,False,False,False,False,False,2026-10-08
2586,2586.HK,DMALL,多点数智,73.95,100,Equity,Equity Securities (Main Board),8.55,8.54,8.62,8.37,6440913,55.07,8.678,8.499,-1.47,0.61,-0.35,-1.61,0.0,9.68,21.75,21.75,9.68,21.75,-10.95,-60.37,-60.37,11.67,60.69,False,False,False,False,False,False,False,False,False,2026-10-08
2587,2587.HK,HEALTHYWAY INC,健康之路,5.55,500,Equity,Equity Securities (Main Board),0.635,0.665,0.67,0.605,1704000,1.08,0.668,0.704,-4.94,-9.8,-4.51,-9.29,-11.19,6.56,62.7,62.7,6.56,62.7,-89.79,-98.93,-98.93,90.32,98.99,False,False,False,False,False,False,False,False,False,2026-10-08
2588,2588.HK,BOC AVIATION,中银航空租赁,471.23,100,Equity,Equity Securities (Main Board),67.9,68.3,69.25,67.8,1198472,81.38,68.22,69.31,-0.47,-2.03,-1.09,-0.8,-2.3,91.95,91.95,91.95,91.95,91.95,-24.69,-24.69,-24.69,26.16,26.16,False,False,False,False,False,False,False,False,False,2026-10-08
2589,2589.HK,AUNTEA JENNY,沪上阿姨,60.64,30,Equity,Equity Securities (Main Board),64.05,66.9,67.25,64.0,199340,12.77,66.46,68.905,-3.63,-7.05,-3.54,-5.67,-5.88,176.9,197.6,197.6,176.9,197.6,-61.98,-65.97,-65.97,63.79,67.59,False,False,False,False,False,False,False,False,False,2026-10-08
2590,2590.HK,GEEKPLUS-W,极智嘉－Ｗ,67.35,200,Equity,Equity Securities (Main Board),6.93,7.32,7.44,6.93,5232687,36.26,7.239,7.364,-4.27,-5.89,-5.33,-4.74,-7.6,33.5,33.9,33.9,33.5,33.9,-77.79,-78.05,-78.05,79.31,79.56,False,False,False,False,False,False,False,False,False,2026-10-08
2591,2591.HK,INNOGEN-B,银诺医药－Ｂ,15.21,200,Equity,Equity Securities (Main Board),3.62,3.68,3.82,3.525,5589000,20.23,3.629,3.716,-0.25,-2.58,2.84,0.14,-5.97,48.36,74.0,74.0,48.36,74.0,-92.1,-94.84,-94.84,92.51,95.11,False,False,False,False,False,False,False,False,False,2026-10-08
2593,2593.HK,HERBS GROUP,草姬集团,1.36,800,Equity,Equity Securities (Main Board),1.02,1.015,1.02,1.005,84800,0.09,1.057,1.04,-3.5,-1.92,-2.39,-6.42,2.0,1.22,5.05,5.05,1.22,5.05,-16.39,-79.8,-79.8,16.39,79.8,False,False,False,False,False,False,False,False,False,2026-10-08
2595,2595.HK,GENFLEET-B,劲方医药－Ｂ,98.74,200,Equity,Equity Securities (Main Board),28.16,31.6,32.9,27.74,6586400,185.47,31.368,30.68,-10.23,-8.21,-12.16,-10.55,-14.67,52.9,52.9,52.9,52.9,52.9,-37.81,-37.81,-37.81,46.77,46.77,False,False,False,False,False,False,False,False,False,2026-10-08
2596,2596.HK,YIBIN BANK,宜宾银行,18.14,"1,000",Equity,Equity Securities (Main Board),2.635,2.635,2.635,2.635,8000,0.02,2.638,2.637,-0.11,-0.08,1.15,-0.57,-0.19,2.7,2.7,2.7,2.7,2.7,-2.41,-2.41,-2.41,2.41,2.41,False,False,False,False,False,False,False,True,True,2026-10-08
2597,2597.HK,XUNZHONG,讯众通信,14.57,500,Equity,Equity Securities (Main Board),35.0,36.0,36.36,35.0,26000,0.91,35.644,35.358,-1.81,-1.01,-3.1,-2.78,-0.28,49.08,49.08,49.08,49.08,49.08,-25.92,-25.92,-25.92,28.69,28.69,False,False,False,False,False,False,False,False,False,2026-10-08
2598,2598.HK,LIANLIAN,连连数字,14.28,500,Equity,Equity Securities (Main Board),3.315,3.33,3.33,3.29,313000,1.04,3.343,3.299,-0.84,0.5,0.3,-3.63,-0.75,7.8,18.0,18.0,7.8,18.0,-57.31,-81.5,-81.5,57.5,81.58,False,False,False,False,False,False,False,False,False,2026-10-08
2600,2600.HK,CHALCO,中国铝业,302.5,"2,000",Equity,Equity Securities (Main Board),7.67,7.675,7.785,7.625,32313307,247.84,7.643,7.676,0.35,-0.07,0.52,0.85,-1.16,15.55,15.55,15.55,15.55,15.55,-49.94,-49.94,-49.94,50.68,50.68,False,False,False,False,False,False,False,False,False,2026-10-08
2601,2601.HK,CPIC,中国太保,769.87,200,Equity,Equity Securities (Main Board),27.74,27.58,28.36,27.58,11607723,322.0,27.676,27.968,0.23,-0.82,0.58,0.51,-1.42,40.46,40.46,42.75,40.46,40.46,-29.91,-29.91,-33.66,31.44,31.44,False,False,False,False,False,False,False,False,False,2026-10-08
2602,2602.HK,ONEWO,万物云,223.47,100,Equity,Equity Securities (Main Board),19.48,19.84,19.84,19.14,566100,11.03,19.342,19.076,0.71,2.12,-2.36,2.96,3.07,21.3,28.25,57.1,21.3,28.25,-6.85,-29.77,-65.25,8.54,31.04,False,False,False,False,False,False,False,True,False,2026-10-08
2603,2603.HK,JIHONG CO,吉宏股份,8.94,500,Equity,Equity Securities (Main Board),11.57,12.1,12.33,11.53,1008500,11.67,11.902,11.937,-2.79,-3.07,-4.38,-2.77,-6.39,18.68,20.4,20.4,18.68,20.4,-33.99,-39.56,-39.56,38.06,43.28,False,False,False,False,False,False,False,False,False,2026-10-08
2605,2605.HK,METALIGHT,METALIGHT,1.83,400,Equity,Equity Securities (Main Board),1.18,1.17,1.25,1.17,25600,0.03,1.158,1.148,1.9,2.79,0.85,3.96,3.51,2.87,8.31,8.31,2.87,8.31,-56.45,-84.96,-84.96,58.89,85.8,True,False,False,False,False,False,False,False,False,2026-10-08
2607,2607.HK,SH PHARMA,上海医药,100.18,100,Equity,Equity Securities (Main Board),10.9,10.86,10.97,10.83,1480000,16.13,10.86,10.884,0.37,0.15,0.37,1.3,-1.62,12.32,14.7,24.55,12.32,14.7,-10.96,-25.37,-55.32,11.53,25.85,False,False,False,True,False,False,False,False,False,2026-10-08
2609,2609.HK,BAYZED HEALTH,佰泽医疗,38.96,600,Equity,Equity Securities (Main Board),2.955,3.01,3.01,2.915,1432200,4.23,3.015,2.943,-1.99,0.41,-0.34,-3.27,-0.84,5.82,19.88,19.88,5.82,19.88,-48.28,-84.86,-84.86,49.23,85.14,False,False,False,False,False,False,False,False,False,2026-10-08
2610,2610.HK,NANSHAN AL INTL,南山铝业国际,141.58,100,Equity,Equity Securities (Main Board),22.82,23.16,23.4,22.82,149941,3.42,23.3,23.158,-2.06,-1.46,-0.78,-3.39,-2.56,74.8,74.8,74.8,74.8,74.8,-68.72,-68.72,-68.72,69.49,69.49,False,False,False,False,False,False,False,False,False,2026-10-08
2611,2611.HK,GTHT,国泰海通,491.51,200,Equity,Equity Securities (Main Board),14.02,14.54,14.69,13.96,8856028,124.16,14.116,14.361,-0.68,-2.37,-1.41,0.14,-6.84,18.53,18.56,21.35,18.53,18.56,-20.72,-20.85,-31.19,24.34,24.46,False,False,False,False,False,False,False,False,False,2026-10-08
2613,2613.HK,CONTIOCEAN,汇舸环保,12.42,100,Equity,Equity Securities (Main Board),31.04,31.02,32.2,28.52,900,0.03,31.024,30.974,0.05,0.21,0.06,0.06,0.06,37.0,38.04,38.04,37.0,38.04,-12.97,-15.35,-15.35,16.11,18.4,False,False,False,True,False,False,False,False,False,2026-10-08
2616,2616.HK,CSTONE PHARMA-B,基石药业－Ｂ,83.65,500,Equity,Equity Securities (Main Board),5.24,5.745,5.79,5.23,10842000,56.81,5.64,5.551,-7.09,-5.6,-9.42,-7.58,-11.19,10.41,13.15,19.12,10.41,13.15,-44.38,-55.97,-69.72,49.66,60.15,False,False,False,False,False,False,False,False,False,2026-10-08
2617,2617.HK,TRANSTHERA-B,药捷安康－Ｂ,31.42,500,Equity,Equity Securities (Main Board),10.07,10.47,10.68,9.97,4322500,43.53,10.242,10.269,-1.68,-1.94,0.0,-1.47,-7.95,120.4,679.5,679.5,120.4,679.5,-91.13,-98.43,-98.43,91.64,98.52,False,False,False,False,False,False,False,False,False,2026-10-08
2618,2618.HK,JD LOGISTICS,京东物流,666.85,100,Equity,Equity Securities (Main Board),10.06,9.95,10.15,9.95,10266740,103.28,9.851,9.986,2.12,0.75,0.95,3.98,0.0,16.76,16.84,48.15,16.76,16.84,-39.44,-39.73,-78.92,39.98,40.26,True,False,False,True,False,False,False,False,False,2026-10-08
2619,2619.HK,XJ ELECTRICS,香江电器,0.75,"1,000",Equity,Equity Securities (Main Board),1.105,1.11,1.11,1.11,10000,0.01,1.1,1.139,0.45,-2.99,-0.9,2.31,-3.49,2.61,2.61,2.61,2.61,2.61,-57.47,-57.47,-57.47,57.66,57.66,False,False,False,False,False,False,False,False,False,2026-10-08
2623,2623.HK,HK GOLD IND GP,香港黄金产业集团,20.0,500,Equity,Equity Securities (Main Board),3.645,3.435,3.69,3.435,1518000,5.53,3.602,3.523,1.19,3.46,0.69,2.39,4.14,6.77,6.77,6.77,6.77,6.77,-45.49,-45.49,-45.49,46.16,46.16,True,False,False,True,False,False,False,False,False,2026-10-08
2625,2625.HK,JIANGSU HORIZON,江苏宏信,1.86,"1,000",Equity,Equity Securities (Main Board),0.79,0.76,0.79,0.75,112000,0.09,0.777,0.797,1.67,-0.82,0.0,-1.25,-1.25,5.4,8.86,8.86,5.4,8.86,-85.37,-91.08,-91.08,85.37,91.08,False,False,True,False,False,False,False,False,False,2026-10-08
2628,2628.HK,CHINA LIFE,中国人寿,1991.26,"1,000",Equity,Equity Securities (Main Board),26.76,27.0,27.36,26.66,37815936,1011.95,27.276,27.94,-1.89,-4.22,-1.83,-2.9,-4.84,36.16,36.16,36.16,36.16,36.16,-24.34,-24.34,-24.34,26.0,26.0,False,False,False,False,False,False,False,False,False,2026-10-08
2630,2630.HK,VIGONVITA-B,旺山旺水－Ｂ,135.19,200,Equity,Equity Securities (Main Board),81.0,82.3,83.8,78.25,84000,6.8,81.95,81.04,-1.16,-0.05,-1.7,-2.41,2.53,134.9,134.9,134.9,134.9,134.9,-37.88,-37.88,-37.88,39.96,39.96,False,False,False,False,False,False,False,False,False,2026-10-08
2631,2631.HK,SICC,天岳先进,35.66,100,Equity,Equity Securities (Main Board),64.95,67.8,71.0,64.95,2137400,138.82,68.2,67.95,-4.77,-4.42,-1.59,-9.35,-4.49,138.7,138.7,138.7,138.7,138.7,-48.81,-48.81,-48.81,53.17,53.17,False,False,False,False,False,False,False,False,False,2026-10-08
2632,2632.HK,NEW VISION CO,泽景股份,65.37,50,Equity,Equity Securities (Main Board),59.95,60.0,60.95,58.05,8300,0.5,59.62,59.65,0.55,0.5,-1.07,1.61,3.36,137.5,137.5,137.5,137.5,137.5,-55.67,-55.67,-55.67,56.4,56.4,False,False,False,True,False,False,False,False,False,2026-10-08
2633,2633.HK,JACOBSON PHARMA,雅各臣科研制药,19.5,"2,000",Equity,Equity Securities (Main Board),0.975,0.97,0.975,0.96,416306,0.41,0.966,0.958,0.93,1.77,0.0,1.56,1.04,1.31,1.78,1.78,1.31,1.78,-25.57,-45.22,-45.22,25.57,45.22,False,False,False,False,False,False,False,False,False,2026-10-08
2635,2635.HK,NUOBIKAN,诺比侃,27.6,100,Equity,Equity Securities (Main Board),9.07,9.48,9.48,8.9,991100,8.99,9.371,9.427,-3.21,-3.79,-7.26,-2.1,2.14,83.2,83.2,83.2,83.2,83.2,-88.61,-88.61,-88.61,89.1,89.1,False,False,False,False,False,False,False,False,False,2026-10-08
2637,2637.HK,HAIXI PHARMA,海西新药,122.0,50,Equity,Equity Securities (Main Board),155.0,163.5,163.5,153.0,85400,13.24,161.66,165.08,-4.12,-6.11,0.06,-7.74,-6.63,302.4,302.4,302.4,302.4,302.4,-45.93,-45.93,-45.93,48.74,48.74,False,False,False,False,False,False,False,False,False,2026-10-08
2638,2638.HK,HKELECTRIC-SS,港灯－ＳＳ,546.52,500,Equity,Equity Securities (Main Board),6.185,6.205,6.205,6.185,1412890,8.74,6.188,6.2,-0.05,-0.25,-0.32,0.24,-0.32,7.1,7.1,8.32,7.1,7.1,-12.61,-12.61,-25.42,12.89,12.89,False,False,False,False,False,False,False,False,False,2026-10-08
2643,2643.HK,CAOCAO INC,曹操出行,68.37,100,Equity,Equity Securities (Main Board),11.81,12.08,12.54,11.81,903000,10.66,12.116,12.063,-2.53,-2.1,-6.71,-0.51,-2.56,39.34,92.5,92.5,39.34,92.5,-68.12,-86.44,-86.44,69.98,87.23,False,False,False,False,False,False,False,False,False,2026-10-08
2648,2648.HK,ANJOY FOOD,安井食品,25.04,100,Equity,Equity Securities (Main Board),62.6,61.0,63.5,61.0,363800,22.77,61.02,62.34,2.59,0.42,3.3,3.22,-1.18,94.1,94.1,94.1,94.1,94.1,-32.52,-32.52,-32.52,33.48,33.48,False,False,False,True,False,False,False,False,False,2026-10-08
2650,2650.HK,ZHIDA TECH,挚达科技,22.86,50,Equity,Equity Securities (Main Board),6.69,6.645,7.49,6.51,49898400,333.82,6.604,7.753,1.3,-13.71,4.04,-2.76,-0.82,65.28,65.28,65.28,65.28,65.28,-88.53,-88.53,-88.53,89.75,89.75,False,False,False,False,False,False,False,False,False,2026-10-08
2651,2651.HK,DAZHONG DENTAL,大众口腔,5.9,100,Equity,Equity Securities (Main Board),26.98,28.0,28.0,27.0,73900,1.99,28.052,28.354,-3.82,-4.85,-4.87,-3.64,-5.99,29.8,29.8,29.8,29.8,29.8,-6.04,-6.04,-6.04,9.46,9.46,False,False,False,False,False,False,False,True,True,2026-10-08
2652,2652.HK,CF PHARMTECH,长风药业,18.51,100,Equity,Equity Securities (Main Board),5.75,6.64,6.645,5.175,25334805,145.68,6.657,7.336,-13.62,-21.62,-13.4,-19.69,-17.09,39.5,48.8,48.8,39.5,48.8,-83.18,-86.38,-86.38,85.44,88.22,False,False,False,False,False,False,False,False,False,2026-10-08
2655,2655.HK,GUOXIA TECH,果下科技,57.35,100,Equity,Equity Securities (Main Board),14.53,15.34,15.34,14.34,435500,6.33,14.798,14.681,-1.81,-1.03,-5.28,0.14,1.61,76.8,76.8,76.8,76.8,76.8,-80.03,-80.03,-80.03,81.08,81.08,False,False,False,False,False,False,False,False,False,2026-10-08
2656,2656.HK,160 HEALTH,健康１６０,11.68,250,Equity,Equity Securities (Main Board),3.365,3.545,3.705,3.335,9365500,31.51,3.589,3.756,-6.24,-10.4,-5.74,-6.79,-3.58,158.4,158.4,158.4,158.4,158.4,-97.66,-97.66,-97.66,97.88,97.88,False,False,False,False,False,False,False,False,False,2026-10-08
2657,2657.HK,FOREST CABIN,林清轩,63.67,50,Equity,Equity Securities (Main Board),60.0,59.0,60.1,55.3,76400,4.58,58.58,57.345,2.42,4.63,1.69,2.3,5.08,96.0,96.0,96.0,96.0,96.0,-37.4,-37.4,-37.4,37.5,37.5,False,False,False,True,False,False,False,False,False,2026-10-08
2658,2658.HK,TIANYU SEMI,天域半导体,29.37,50,Equity,Equity Securities (Main Board),50.15,51.1,52.5,48.4,143100,7.18,51.13,49.941,-1.92,0.42,-3.56,-3.19,-0.69,63.5,63.5,63.5,63.5,63.5,-17.32,-17.32,-17.32,21.02,21.02,False,False,False,False,False,False,False,False,False,2026-10-08
2659,2659.HK,BAO PHARMA-B,宝济药业－Ｂ,17.73,100,Equity,Equity Securities (Main Board),11.7,12.4,13.8,11.6,1133800,13.27,11.936,12.277,-1.98,-4.7,0.78,-5.87,-4.96,206.0,206.0,206.0,206.0,206.0,-93.3,-93.3,-93.3,94.32,94.32,False,False,False,False,False,False,False,False,False,2026-10-08
2660,2660.HK,ZENGAME,禅游科技,25.22,"2,000",Equity,Equity Securities (Main Board),2.41,2.42,2.44,2.39,352000,0.85,2.399,2.382,0.46,1.18,-0.41,1.47,2.12,2.88,5.88,5.88,2.88,5.88,-15.28,-58.5,-58.5,16.32,59.01,False,False,False,False,False,False,False,False,False,2026-10-08
2661,2661.HK,QINGSONG HEALTH,轻松健康,7.48,200,Equity,Equity Securities (Main Board),3.62,3.78,3.975,3.6,12180800,44.09,3.642,3.844,-0.6,-5.83,0.0,-1.09,-9.16,162.7,162.7,162.7,162.7,162.7,-97.56,-97.56,-97.56,97.78,97.78,False,False,False,False,False,False,False,False,False,2026-10-08
2665,2665.HK,SEYOND,图达通,19.93,500,Equity,Equity Securities (Main Board),1.52,1.57,1.635,1.5,3665500,5.57,1.577,1.638,-3.61,-7.23,-3.18,-5.59,-8.43,13.98,17.88,17.88,13.98,17.88,-88.3,-90.86,-90.86,89.13,91.5,False,False,False,False,False,False,False,False,False,2026-10-08
2666,2666.HK,UNI MEDICAL,环球医疗,90.74,500,Equity,Equity Securities (Main Board),4.505,4.47,4.545,4.47,5723480,25.78,4.456,4.476,1.1,0.65,0.78,1.81,-0.88,6.39,6.71,8.47,6.39,6.71,-28.87,-32.27,-46.34,29.5,32.86,False,False,False,True,False,False,False,False,False,2026-10-08
2667,2667.HK,TONGRENTANGCARE,同仁堂医养,4.47,500,Equity,Equity Securities (Main Board),2.05,2.14,2.14,2.05,113500,0.23,2.16,2.221,-5.09,-7.72,-4.43,-6.39,-12.39,4.79,4.79,4.79,4.79,4.79,-55.32,-55.32,-55.32,57.2,57.2,False,False,False,False,False,False,False,False,False,2026-10-08
2668,2668.HK,PAK TAK INT'L,百德国际,23.08,"10,000",Equity,Equity Securities (Main Board),0.41,0.41,0.415,0.4,15670000,6.42,0.421,0.435,-2.61,-5.75,-1.2,-1.2,-5.75,0.69,1.4,1.4,0.69,1.4,-39.42,-70.36,-70.36,40.15,70.71,False,False,False,False,False,False,False,False,False,2026-10-08
2669,2669.HK,CHINA OVS PPT,中海物业,108.04,"5,000",Equity,Equity Securities (Main Board),3.29,3.3,3.36,3.29,4298908,14.14,3.253,3.261,1.14,0.87,0.77,1.86,-1.2,4.95,9.13,11.04,4.95,9.13,-32.12,-63.2,-69.57,33.54,63.96,True,False,False,False,False,False,False,False,False,2026-10-08
2670,2670.HK,YUNJI-NEW,云迹（新）,40.57,100,Equity,Equity Securities (Main Board),5.85,6.4,6.455,5.605,2931300,17.15,6.032,6.273,-3.02,-6.74,-5.34,-7.0,-2.66,35.84,35.84,35.84,35.84,35.84,-81.99,-81.99,-81.99,83.68,83.68,False,False,False,False,False,False,False,False,False,2026-10-08
2671,2671.HK,USAS BUILDING,美联股份,8.27,300,Equity,Equity Securities (Main Board),6.86,6.9,6.9,6.9,300,0.0,7.0,6.672,-2.0,2.83,-2.14,-2.28,1.48,9.0,12.0,12.0,9.0,12.0,-23.33,-42.5,-42.5,23.78,42.83,False,False,False,False,False,False,False,False,False,2026-10-08
2672,2672.HK,BAIGE DIGITAL,白鸽在线,104.09,200,Equity,Equity Securities (Main Board),68.95,71.6,75.2,65.5,1138600,78.51,64.55,61.47,6.82,12.17,-7.7,23.12,25.25,79.0,79.0,79.0,79.0,79.0,-4.81,-4.81,-4.81,12.72,12.72,False,False,False,False,False,False,False,False,False,2026-10-08
2675,2675.HK,EDGE MEDICAL-B,精锋医疗－Ｂ,106.68,100,Equity,Equity Securities (Main Board),32.78,33.86,33.9,32.78,373200,12.23,33.552,34.634,-2.3,-5.35,-1.09,-3.02,-11.07,73.7,73.7,73.7,73.7,73.7,-54.0,-54.0,-54.0,55.52,55.52,False,False,False,False,False,False,False,False,False,2026-10-08
2676,2676.HK,NOVOSENSE,纳芯微,32.35,100,Equity,Equity Securities (Main Board),161.0,166.0,170.0,153.7,211300,34.02,171.06,172.21,-5.88,-6.51,-6.61,-8.94,-5.29,252.0,252.0,252.0,252.0,252.0,-32.54,-32.54,-32.54,36.11,36.11,False,False,False,False,False,False,False,False,False,2026-10-08
2677,2677.HK,DISTINCT HEALTH,卓正医疗,14.4,50,Equity,Equity Securities (Main Board),22.3,22.56,22.56,21.96,2000,0.04,23.068,23.016,-3.33,-3.11,-1.15,-6.46,-0.36,90.85,90.85,90.85,90.85,90.85,-75.17,-75.17,-75.17,75.45,75.45,False,False,False,False,False,False,False,False,False,2026-10-08
2678,2678.HK,TEXHONG INTL GP,天虹国际集团,48.78,500,Equity,Equity Securities (Main Board),5.32,5.27,5.375,5.27,42000,0.22,5.286,5.332,0.64,-0.22,1.24,0.66,-3.1,7.64,7.64,14.56,7.64,7.64,-29.65,-29.65,-63.08,30.37,30.37,False,False,False,False,False,False,False,False,False,2026-10-08
2682,2682.HK,YUN LEE MARINE,润利海事,1.4,"4,000",Equity,Equity Securities (Main Board),0.14,0.138,0.14,0.138,172000,0.02,0.134,0.133,4.17,5.34,0.0,6.87,6.87,0.17,0.22,0.5,0.17,0.22,-19.54,-37.22,-72.0,19.54,37.22,False,False,False,False,False,False,False,False,False,2026-10-08
2683,2683.HK,WAHSUN HANDBAGS,华新手袋国际控股,4.58,"2,000",Equity,Equity Securities (Main Board),1.12,1.125,1.125,1.12,70000,0.08,1.154,1.147,-2.95,-2.31,-0.88,-5.88,-5.08,1.32,1.32,2.08,1.32,1.32,-14.77,-14.77,-45.91,15.15,15.15,False,False,False,False,False,False,False,False,False,2026-10-08
2685,2685.HK,QUANTGROUP,量化派,20.34,500,Equity,Equity Securities (Main Board),3.615,3.82,3.9,3.615,13457500,48.65,3.96,3.795,-8.71,-4.76,-13.72,-8.83,2.55,43.36,43.36,43.36,43.36,43.36,-91.01,-91.01,-91.01,91.66,91.66,False,False,False,False,False,False,False,False,False,2026-10-08
2687,2687.HK,ABLE DIGI-50,卓越睿新（五十）,174.95,50,Equity,Equity Securities (Main Board),282.4,282.0,291.6,264.0,140750,39.75,273.4,282.88,3.29,-0.17,0.14,4.36,11.62,374.6,374.6,374.6,374.6,374.6,-22.16,-22.16,-22.16,24.61,24.61,False,False,False,False,False,False,False,False,False,2026-10-08
2688,2688.HK,ENN ENERGY,新奥能源,556.19,100,Equity,Equity Securities (Main Board),49.14,49.7,50.05,48.66,4241221,208.41,48.972,48.776,0.34,0.75,-0.61,0.9,0.9,72.0,79.55,178.8,72.0,79.55,-30.49,-37.08,-72.01,31.75,38.23,False,False,False,True,False,False,False,False,False,2026-10-08
2689,2689.HK,ND PAPER,玖龙纸业,245.17,"1,000",Equity,Equity Securities (Main Board),5.225,5.275,5.355,5.2,9679000,50.57,5.291,5.523,-1.25,-5.4,-0.1,-2.43,-6.61,9.97,9.97,17.42,9.97,9.97,-46.29,-46.29,-69.26,47.59,47.59,False,False,False,False,False,False,False,False,False,2026-10-08
2692,2692.HK,ZHAOWEI,兆威机电,7.9,100,Equity,Equity Securities (Main Board),30.46,35.06,35.34,30.44,797000,24.28,34.348,35.592,-11.32,-14.42,-11.56,-12.47,-15.72,94.8,94.8,94.8,94.8,94.8,-62.72,-62.72,-62.72,67.87,67.87,False,False,False,False,False,False,False,False,False,2026-10-08
2695,2695.HK,IMPRESSION DHP,印象大红袍,0.43,"1,000",Equity,Equity Securities (Main Board),1.2,1.21,1.21,1.2,42000,0.05,1.184,1.178,1.35,1.87,1.69,1.69,3.45,2.51,3.4,3.4,2.51,3.4,-51.79,-64.41,-64.41,52.19,64.71,False,False,False,False,False,False,False,False,False,2026-10-08
2696,2696.HK,HENLIUS,复宏汉霖,176.2,100,Equity,Equity Securities (Main Board),50.65,58.7,58.7,50.3,2204900,111.68,56.66,56.73,-10.61,-10.72,-11.14,-12.75,-13.64,87.1,92.0,92.0,87.1,92.0,-32.61,-36.2,-36.2,41.85,44.95,False,False,False,False,False,False,False,False,False,2026-10-08
2697,2697.HK,TH MEDICAL-B,真健康医疗－Ｂ,99.1,20,Equity,Equity Securities (Main Board),278.0,282.0,285.6,272.4,134620,37.42,281.12,274.08,-1.11,1.43,-0.71,-1.91,6.11,886.0,886.0,886.0,886.0,886.0,-67.77,-67.77,-67.77,68.62,68.62,False,False,False,False,False,False,False,False,False,2026-10-08
2698,2698.HK,SOFTCARE,乐舒适,161.41,200,Equity,Equity Securities (Main Board),26.0,25.9,26.64,25.7,1520133,39.52,25.964,26.716,0.14,-2.68,0.93,0.85,-5.04,35.9,36.8,36.8,35.9,36.8,-25.79,-27.61,-27.61,27.58,29.35,False,False,False,False,False,False,False,False,False,2026-10-08
2699,2699.HK,XINMING CHINA,新明中国,1.47,"2,000",Equity,Equity Securities (Main Board),5.6,5.55,5.6,5.33,1374000,7.69,5.522,5.414,1.41,3.45,0.9,5.46,1.45,8.12,108.0,3159.85,8.12,108.0,-31.08,-94.81,-99.82,31.08,94.81,True,False,False,True,False,False,False,False,False,2026-10-08
2700,2700.HK,GREEN INTL HLDG,格林国际控股,3.96,"20,000",Equity,Equity Securities (Main Board),0.6,0.6,0.6,0.6,20000,0.01,0.6,0.6,0.0,0.0,0.0,0.0,0.0,0.72,0.72,6.01,0.72,0.72,-16.67,-16.67,-90.01,16.67,16.67,False,False,False,False,False,False,False,False,False,2026-10-08
2701,2701.HK,NSING TECH,国民技术,6.65,200,Equity,Equity Securities (Main Board),7.005,7.625,7.72,6.96,2615600,18.32,7.506,7.824,-6.67,-10.47,-6.54,-9.26,-12.71,17.14,17.14,17.14,17.14,17.14,-54.96,-54.96,-54.96,59.13,59.13,False,False,False,False,False,False,False,False,False,2026-10-08
2706,2706.HK,HAIZHI TECH GP,海致科技集团,147.06,200,Equity,Equity Securities (Main Board),36.38,39.16,39.46,36.2,491608,17.88,38.724,39.56,-6.05,-8.04,-7.0,-9.5,-8.36,161.6,161.6,161.6,161.6,161.6,-75.58,-75.58,-75.58,77.49,77.49,False,False,False,False,False,False,False,False,False,2026-10-08
2714,2714.HK,MUYUAN,牧原股份,111.43,100,Equity,Equity Securities (Main Board),36.16,36.82,37.54,36.12,1044200,37.76,36.812,36.882,-1.77,-1.96,-2.32,-2.43,-4.44,50.7,50.7,50.7,50.7,50.7,-25.96,-25.96,-25.96,28.68,28.68,False,False,False,False,False,False,False,False,False,2026-10-08
2715,2715.HK,ESTUN,埃斯顿,12.59,200,Equity,Equity Securities (Main Board),13.01,13.9,14.0,12.93,2219800,28.88,13.718,14.013,-5.16,-7.16,-5.72,-5.59,-7.6,26.18,26.18,26.18,26.18,26.18,-46.52,-46.52,-46.52,50.31,50.31,False,False,False,False,False,False,False,False,False,2026-10-08
2718,2718.HK,MININGLAMP-W,明略科技－Ｗ,43.9,40,Equity,Equity Securities (Main Board),31.8,37.18,37.18,31.38,3105560,98.76,35.0,36.538,-9.14,-12.97,-14.38,-9.04,-12.11,357.0,357.0,357.0,357.0,357.0,-89.59,-89.59,-89.59,91.09,91.09,False,False,False,False,False,False,False,False,False,2026-10-08
2720,2720.HK,RIDGE OUTDOOR,乐欣户外,28.33,500,Equity,Equity Securities (Main Board),22.1,22.9,23.04,22.0,74000,1.64,22.832,23.74,-3.21,-6.91,-4.0,-4.66,-7.92,39.5,39.5,39.5,39.5,39.5,-41.67,-41.67,-41.67,44.05,44.05,False,False,False,False,False,False,False,False,False,2026-10-08
2722,2722.HK,CHONGQING M&E,重庆机电,17.33,"2,000",Equity,Equity Securities (Main Board),1.575,1.625,1.64,1.565,6768000,10.66,1.59,1.619,-0.94,-2.72,-3.08,-0.32,-2.78,3.82,3.82,3.82,3.82,3.82,-57.07,-57.07,-57.07,58.77,58.77,False,False,False,False,False,False,False,False,False,2026-10-08
2723,2723.HK,DEEPZERO,深演智能,529.57,100,Equity,Equity Securities (Main Board),584.0,706.0,719.0,563.0,171032,99.88,693.9,582.98,-15.84,0.17,-20.6,-21.82,0.26,1006.0,1006.0,1006.0,1006.0,1006.0,-28.53,-28.53,-28.53,41.95,41.95,False,False,False,False,False,False,False,False,False,2026-10-08
2726,2726.HK,EPIWORLD,瀚天天成,101.92,50,Equity,Equity Securities (Main Board),85.7,93.55,94.3,84.25,133071,11.4,92.57,89.96,-7.42,-4.74,-7.85,-9.79,-4.57,141.0,141.0,141.0,141.0,141.0,-33.12,-33.12,-33.12,39.22,39.22,False,False,False,False,False,False,False,False,False,2026-10-08
2727,2727.HK,SH ELECTRIC,上海电气,81.74,"2,000",Equity,Equity Securities (Main Board),2.795,2.895,2.92,2.795,11368000,31.77,2.849,2.875,-1.9,-2.78,-2.61,-2.44,-3.45,5.33,5.71,5.71,5.33,5.71,-45.22,-48.86,-48.86,47.56,51.05,False,False,False,False,False,False,False,False,False,2026-10-08
2729,2729.HK,GALAXIS TECH,凯乐士科技,82.92,200,Equity,Equity Securities (Main Board),19.38,21.36,22.12,19.38,337800,6.55,21.576,23.244,-10.18,-16.62,-12.47,-17.53,-8.41,47.0,47.0,47.0,47.0,47.0,-52.94,-52.94,-52.94,58.77,58.77,False,False,False,False,False,False,False,False,False,2026-10-08
2738,2738.HK,HUAJIN INTL,华津国际控股,0.93,"2,000",Equity,Equity Securities (Main Board),0.155,0.162,0.162,0.155,164000,0.03,0.162,0.165,-4.44,-6.06,-4.32,-6.06,-4.91,0.54,1.99,3.25,0.54,1.99,-69.72,-91.86,-95.02,71.03,92.21,False,False,False,False,False,False,False,False,False,2026-10-08
2768,2768.HK,GON TECHNOLOGY,国恩科技,17.64,200,Equity,Equity Securities (Main Board),39.74,40.14,40.66,37.48,876200,34.82,39.496,40.022,0.62,-0.7,-2.55,2.42,1.33,59.3,59.3,59.3,59.3,59.3,-31.43,-31.43,-31.43,32.98,32.98,False,False,False,False,False,False,False,False,False,2026-10-08
2772,2772.HK,ZHONGLIANG HLDG,中梁控股,1.52,500,Equity,Equity Securities (Main Board),0.034,0.035,0.035,0.033,439000,0.01,0.033,0.033,3.66,3.98,0.0,9.68,0.0,0.07,0.56,6.56,0.07,0.56,-52.7,-93.75,-99.47,54.05,93.93,False,False,False,False,False,False,False,False,False,2026-10-08
2777,2777.HK,R&F PROPERTIES,富力地产,8.26,400,Equity,Equity Securities (Main Board),0.22,0.213,0.238,0.205,19011400,4.18,0.178,0.159,23.32,38.45,3.29,48.65,51.72,0.65,3.45,23.85,0.65,3.45,-63.38,-93.1,-99.0,66.15,93.62,True,False,False,False,False,False,False,False,False,2026-10-08
2779,2779.HK,CH XINHUA EDU,中国新华教育,5.63,"1,000",Equity,Equity Securities (Main Board),0.35,0.375,0.375,0.33,56000,0.02,0.341,0.344,2.64,1.74,6.06,6.06,-1.41,0.61,0.9,4.47,0.61,0.9,-38.52,-58.33,-91.61,42.62,61.11,False,False,False,True,False,False,False,False,False,2026-10-08
2788,2788.HK,CHUANGXIN IND,创新实业,305.23,500,Equity,Equity Securities (Main Board),14.71,14.76,15.03,14.6,1868745,27.49,14.834,14.833,-0.84,-0.83,-1.01,0.55,-2.19,33.96,33.96,33.96,33.96,33.96,-55.74,-55.74,-55.74,56.68,56.68,False,False,False,False,False,False,False,False,False,2026-10-08
2789,2789.HK,YUANDA CHINA,远大中国,10.68,"2,000",Equity,Equity Securities (Main Board),0.172,0.166,0.174,0.161,740000,0.13,0.172,0.172,0.0,0.0,0.0,0.0,-0.58,0.25,0.25,0.28,0.25,0.25,-31.76,-31.76,-37.86,32.55,32.55,False,False,False,False,False,False,False,False,False,2026-10-08
2797,2797.HK,QIYUNSHAN FOOD,齐云山食品,23.54,500,Equity,Equity Securities (Main Board),94.15,98.0,100.0,91.0,84000,7.91,100.73,94.36,-6.53,-0.22,-7.7,-8.24,-5.85,118.7,118.7,118.7,118.7,118.7,-15.75,-15.75,-15.75,20.68,20.68,False,False,False,False,False,False,False,False,False,2026-10-08
2798,2798.HK,PER ENERGY,久泰邦达能源,13.04,"5,000",Equity,Equity Securities (Main Board),0.815,0.855,0.855,0.815,405000,0.33,0.875,0.89,-6.86,-8.43,-7.39,-8.43,-11.41,1.27,1.33,16.7,1.27,1.33,-32.68,-35.71,-94.88,35.83,38.72,False,False,False,False,False,False,False,False,False,2026-10-08
2799,2799.HK,CITIC FAMC,中信金融资产,215.71,"1,000",Equity,Equity Securities (Main Board),0.61,0.615,0.625,0.605,28288259,17.26,0.608,0.616,0.33,-0.89,0.83,0.83,-3.17,0.92,1.41,4.13,0.92,1.41,-32.07,-55.67,-84.87,33.7,56.74,False,False,False,False,False,False,False,False,False,2026-10-08
2858,2858.HK,YIXIN,易鑫集团,68.01,500,Equity,Equity Securities (Main Board),1.0,1.0,1.05,0.99,21273000,21.27,0.998,1.02,0.2,-1.96,0.0,1.52,-4.31,2.94,3.3,10.18,2.94,3.3,-64.29,-68.18,-89.69,65.99,69.7,False,False,False,False,False,False,False,False,False,2026-10-08
2863,2863.HK,GOLDEN FAITH GP,高丰集团控股,5.48,"3,000",Equity,Equity Securities (Main Board),0.795,0.795,0.795,0.795,12000,0.01,0.791,0.786,0.51,1.21,0.0,1.27,1.27,1.11,1.11,1.14,1.11,1.11,-28.38,-28.38,-30.26,28.38,28.38,False,False,False,False,False,False,False,False,False,2026-10-08
2865,2865.HK,DRINDA,钧达股份,9.11,100,Equity,Equity Securities (Main Board),11.1,11.25,11.63,11.07,1772000,19.67,11.23,11.464,-1.16,-3.18,-0.89,-1.42,-7.42,52.6,52.6,52.6,52.6,52.6,-77.89,-77.89,-77.89,78.9,78.9,False,False,False,False,False,False,False,False,False,2026-10-08
2866,2866.HK,COSCO SHIP DEV,中远海发,29.94,"1,000",Equity,Equity Securities (Main Board),0.875,0.87,0.89,0.87,6048000,5.29,0.864,0.873,1.27,0.23,1.74,1.74,-1.69,1.71,1.71,2.04,1.71,1.71,-47.95,-47.95,-56.37,48.83,48.83,False,False,False,True,False,False,False,False,False,2026-10-08
2869,2869.HK,GREENTOWN SER,绿城服务,129.91,"2,000",Equity,Equity Securities (Main Board),4.175,4.1,4.205,4.1,2580016,10.77,4.096,4.132,1.93,1.03,3.09,2.45,-0.6,4.91,5.63,13.76,4.91,5.63,-14.36,-25.31,-69.44,14.97,25.84,False,False,False,True,False,False,False,False,False,2026-10-08
2877,2877.HK,SHINEWAY PHARM,神威药业,60.7,"1,000",Equity,Equity Securities (Main Board),7.34,7.4,7.485,7.26,3172890,23.29,7.312,7.849,0.38,-6.48,-0.47,0.69,-11.99,10.47,10.76,18.54,10.47,10.76,-28.51,-30.44,-59.63,29.89,31.78,False,False,False,False,False,False,False,False,False,2026-10-08
2878,2878.HK,SOLOMON SYSTECH,晶门半导体,5.47,"2,000",Equity,Equity Securities (Main Board),0.219,0.219,0.227,0.218,1288000,0.28,0.228,0.235,-4.03,-6.89,-2.23,-1.79,-9.5,0.49,0.96,1.45,0.49,0.96,-53.67,-76.35,-84.34,55.31,77.19,False,False,False,False,False,False,False,False,False,2026-10-08
2880,2880.HK,LIAONING PORT,辽港股份,33.79,"2,000",Equity,Equity Securities (Main Board),0.655,0.66,0.665,0.65,3072000,2.01,0.646,0.658,1.39,-0.53,0.77,2.34,-2.96,1.08,1.12,1.63,1.08,1.12,-38.43,-40.62,-59.2,39.35,41.52,False,False,False,False,False,False,False,False,False,2026-10-08
2882,2882.HK,3DG HOLDINGS,金至尊集团,0.96,"5,000",Equity,Equity Securities (Main Board),0.355,0.38,0.38,0.35,38320,0.01,0.378,0.387,-6.08,-8.15,-6.58,-6.58,-10.13,0.62,1.75,9.6,0.62,1.75,-38.71,-78.29,-96.04,42.74,79.71,False,False,False,False,False,False,False,False,False,2026-10-08
2883,2883.HK,CHINA OILFIELD,中海油田服务,140.36,"2,000",Equity,Equity Securities (Main Board),7.75,7.46,7.805,7.42,14886689,115.37,7.41,7.41,4.59,4.6,5.59,6.31,3.33,11.74,11.74,13.26,11.74,11.74,-33.52,-33.52,-41.14,33.99,33.99,False,False,False,False,False,False,False,False,False,2026-10-08
2885,2885.HK,PEIPORT HOLD,彼岸控股,3.68,"2,000",Equity,Equity Securities (Main Board),0.92,0.92,0.92,0.92,32000,0.03,0.921,0.924,-0.11,-0.38,0.0,-0.54,0.0,0.96,0.99,1.2,0.96,0.99,-4.17,-7.07,-23.33,4.17,7.07,False,False,False,False,False,False,False,True,True,2026-10-08
2886,2886.HK,BINHAI INV,滨海投资,15.68,"2,000",Equity,Equity Securities (Main Board),1.15,1.15,1.15,1.15,56000,0.06,1.163,1.162,-1.12,-1.08,-2.95,-1.29,0.0,1.27,1.72,2.25,1.27,1.72,-9.45,-33.14,-48.89,9.45,33.14,False,False,False,False,False,False,False,True,False,2026-10-08
2888,2888.HK,STANCHART,渣打集团,4739.86,50,Equity,Equity Securities (Main Board),218.0,224.2,224.2,216.0,3423741,746.38,228.56,234.66,-4.62,-7.1,-5.22,-4.64,-10.8,248.8,248.8,248.8,248.8,248.8,-9.89,-9.89,-9.89,12.38,12.38,False,False,False,False,False,False,False,False,False,2026-10-08
2889,2889.HK,PATEO,博泰车联,48.33,20,Equity,Equity Securities (Main Board),55.1,52.0,57.3,50.05,1578804,86.99,52.64,59.47,4.67,-7.35,5.96,9.11,8.04,288.8,288.8,288.8,288.8,288.8,-80.16,-80.16,-80.16,80.92,80.92,False,False,False,False,False,False,False,False,False,2026-10-08
2899,2899.HK,ZIJIN MINING,紫金矿业,1873.36,"2,000",Equity,Equity Securities (Main Board),31.28,32.08,32.28,31.16,41042919,1283.82,32.016,32.112,-2.3,-2.59,-3.34,-2.74,-2.98,46.98,46.98,46.98,46.98,46.98,-31.29,-31.29,-31.29,33.42,33.42,False,False,False,False,False,False,False,False,False,2026-10-08
2913,2913.HK,TIAN CHENG-OLD,天成控股（旧）,0.31,"1,000",Equity,Equity Securities (Main Board),0.72,0.72,0.72,0.71,3000,0.0,0.7,0.678,2.86,6.19,1.41,3.6,5.88,0.84,0.84,0.84,0.84,0.84,-14.29,-14.29,-14.29,14.29,14.29,False,False,False,False,False,False,False,False,False,2026-10-08
2922,2922.HK,REALORD TEC-OLD,伟禄科技股份－旧,206.25,"8,000",Equity,Equity Securities (Main Board),3.575,3.65,4.15,3.55,1208000,4.32,3.702,3.291,-3.43,8.65,-2.05,-3.38,22.43,4.2,4.2,4.2,4.2,4.2,-1.19,-1.19,-1.19,14.88,14.88,False,False,False,False,False,False,False,False,False,2026-10-08
2923,2923.HK,CENTURY GP-OLD,世纪集团国际－旧,0.32,250,Equity,Equity Securities (Main Board),0.665,0.725,0.725,0.66,20250,0.01,0.74,0.849,-10.14,-21.67,-9.52,-10.74,-29.63,9.43,9.43,9.43,9.43,9.43,-92.31,-92.31,-92.31,92.95,92.95,False,False,False,False,False,False,False,False,False,2026-10-08
3200,3200.HK,HANS CNC,大族数控,50.48,100,Equity,Equity Securities (Main Board),87.0,97.0,97.9,87.0,1899100,165.22,94.96,96.865,-8.38,-10.18,-9.75,-11.59,-9.94,205.8,205.8,205.8,205.8,205.8,-52.43,-52.43,-52.43,57.73,57.73,False,False,False,False,False,False,False,False,False,2026-10-08
3223,3223.HK,INGENIC,君正股份,25.2,100,Equity,Equity Securities (Main Board),80.55,88.3,90.0,80.5,454300,36.59,87.76,91.85,-8.22,-12.3,-8.47,-11.68,-13.9,108.6,108.6,108.6,108.6,108.6,-17.13,-17.13,-17.13,25.83,25.83,False,False,False,False,False,False,False,False,False,2026-10-08
3231,3231.HK,EXCELLAND ROBOT,优地机器人,99.35,200,Equity,Equity Securities (Main Board),35.2,35.32,35.8,34.66,157800,5.55,35.676,36.868,-1.33,-4.52,-1.07,-0.56,-3.56,48.0,48.0,48.0,48.0,48.0,-25.42,-25.42,-25.42,26.67,26.67,False,False,False,False,False,False,False,False,False,2026-10-08
3268,3268.HK,MEIG,美格智能,6.51,100,Equity,Equity Securities (Main Board),16.18,17.16,18.17,16.16,677400,10.96,17.44,17.712,-7.22,-8.65,-10.36,-9.96,-9.46,34.3,34.3,34.3,34.3,34.3,-47.03,-47.03,-47.03,52.83,52.83,False,False,False,False,False,False,False,False,False,2026-10-08
3277,3277.HK,GPIXEL,长光辰芯,195.61,100,Equity,Equity Securities (Main Board),65.0,71.25,71.9,61.6,2788616,181.26,70.73,71.905,-8.1,-9.6,-9.22,-11.38,-10.34,117.0,117.0,117.0,117.0,117.0,-38.55,-38.55,-38.55,44.44,44.44,False,False,False,False,False,False,False,False,False,2026-10-08
3288,3288.HK,HAITIAN FLAV,海天味业,74.85,100,Equity,Equity Securities (Main Board),26.34,25.86,26.6,25.52,3191585,84.07,25.484,26.178,3.36,0.62,3.95,4.69,0.38,38.38,38.38,38.38,38.38,38.38,-30.69,-30.69,-30.69,31.37,31.37,True,False,False,True,False,False,False,False,False,2026-10-08
3296,3296.HK,HUAQIN,华勤技术,55.57,100,Equity,Equity Securities (Main Board),58.95,63.5,63.65,58.8,1787540,105.38,63.74,66.18,-7.51,-10.92,-6.43,-10.14,-10.41,101.0,101.0,101.0,101.0,101.0,-36.98,-36.98,-36.98,41.63,41.63,False,False,False,False,False,False,False,False,False,2026-10-08
3300,3300.HK,CHINA GLASS,中国玻璃,5.88,"2,000",Equity,Equity Securities (Main Board),0.32,0.32,0.325,0.315,414000,0.13,0.319,0.315,0.31,1.43,1.59,0.0,1.59,0.69,0.95,4.5,0.69,0.95,-52.9,-65.79,-92.78,53.62,66.32,False,False,False,True,False,False,False,False,False,2026-10-08
3301,3301.HK,RONSHINECHINA,融信中国,1.38,500,Equity,Equity Securities (Main Board),0.082,0.092,0.096,0.079,3966500,0.33,0.086,0.085,-5.09,-3.19,-11.83,0.0,-10.87,0.19,2.19,14.64,0.19,2.19,-50.0,-95.62,-99.34,57.29,96.26,False,False,False,False,False,False,False,False,False,2026-10-08
3302,3302.HK,KINERGY,精技集团,3.41,"2,000",Equity,Equity Securities (Main Board),0.37,0.37,0.37,0.37,316000,0.12,0.368,0.369,0.54,0.27,0.0,-1.33,2.78,0.68,0.68,1.31,0.68,0.68,-45.59,-45.59,-71.76,45.59,45.59,False,False,False,False,False,False,False,False,False,2026-10-08
3303,3303.HK,JUTAL OIL SER,巨涛海洋石油服务,8.71,"2,000",Equity,Equity Securities (Main Board),0.35,0.345,0.345,0.345,8000,0.0,0.36,0.365,-2.78,-4.11,-1.41,-4.11,-2.78,0.61,0.95,3.39,0.61,0.95,-43.44,-63.68,-89.82,42.62,63.16,False,False,False,False,False,False,False,False,False,2026-10-08
3306,3306.HK,JNBY,江南布衣,117.75,500,Equity,Equity Securities (Main Board),22.08,21.76,22.48,21.74,2149683,47.47,22.332,22.516,-1.13,-1.94,1.47,-4.42,-5.07,23.6,23.6,23.6,23.6,23.6,-4.75,-4.75,-4.75,6.44,6.44,False,False,False,False,False,False,False,True,True,2026-10-08
3308,3308.HK,ZJ INNOLIGHT,中际旭创,626.44,50,Equity,Equity Securities (Main Board),999.5,1072.0,1103.0,997.0,1881027,1880.09,1066.5,1082.75,-6.28,-7.69,-6.68,-10.04,-5.89,1322.0,1322.0,1322.0,1322.0,1322.0,-16.57,-16.57,-16.57,24.39,24.39,False,False,False,False,False,False,False,False,False,2026-10-08
3309,3309.HK,C-MER MEDICAL,希玛医疗,9.36,"2,000",Equity,Equity Securities (Main Board),0.775,0.78,0.78,0.73,804136,0.62,0.785,0.782,-1.27,-0.9,-1.9,-2.52,-0.64,1.71,3.98,19.9,1.71,3.98,-54.39,-80.4,-96.08,54.68,80.53,False,False,False,False,False,False,False,False,False,2026-10-08
3310,3310.HK,VIEWTRIX TECH,云英谷科技,108.67,200,Equity,Equity Securities (Main Board),24.94,25.92,26.56,24.36,461800,11.52,25.476,25.45,-2.1,-2.0,-3.41,-2.12,-2.2,44.38,44.38,44.38,44.38,44.38,-40.15,-40.15,-40.15,43.8,43.8,False,False,False,False,False,False,False,False,False,2026-10-08
3311,3311.HK,CHINA STATE CON,中国建筑国际,457.44,"2,000",Equity,Equity Securities (Main Board),8.66,8.64,8.78,8.58,7335286,63.52,8.643,8.627,0.2,0.38,-0.06,0.41,-2.7,9.87,13.18,14.47,9.87,13.18,-11.04,-33.38,-39.34,12.26,34.29,False,False,False,True,False,False,False,False,False,2026-10-08
3313,3313.HK,ARTGO HOLDINGS,雅高控股,0.96,"5,000",Equity,Equity Securities (Main Board),0.675,0.695,0.695,0.675,80000,0.05,0.695,0.704,-2.88,-4.12,-2.88,-3.57,-4.93,1.87,4.95,2943.35,1.87,4.95,-62.83,-85.96,-99.98,63.9,86.36,False,False,False,False,False,False,False,False,False,2026-10-08
3315,3315.HK,GOLDPAC GROUP,金邦达宝嘉,4.75,"1,000",Equity,Equity Securities (Main Board),0.59,0.59,0.6,0.59,414000,0.24,0.595,0.598,-0.84,-1.34,0.0,-0.84,-2.48,0.89,1.53,3.05,0.89,1.53,-32.58,-60.78,-80.33,33.71,61.44,False,False,False,False,False,False,False,False,False,2026-10-08
3316,3316.HK,BINJIANG SER,滨江服务,57.55,500,Equity,Equity Securities (Main Board),20.82,21.24,21.36,20.8,150000,3.12,20.864,20.81,-0.21,0.05,-1.33,0.58,-0.48,26.94,27.6,37.3,26.94,27.6,-20.71,-22.61,-42.73,22.72,24.57,False,False,False,False,False,False,False,False,False,2026-10-08
3317,3317.HK,XUNCE,迅策,232.78,100,Equity,Equity Securities (Main Board),84.55,91.5,93.2,84.25,1193281,100.89,89.99,95.285,-6.05,-11.27,-6.21,-7.75,-10.81,382.8,382.8,382.8,382.8,382.8,-75.65,-75.65,-75.65,77.91,77.91,False,False,False,False,False,False,False,False,False,2026-10-08
3318,3318.HK,CHINA BOTON,中国波顿,31.41,"2,000",Equity,Equity Securities (Main Board),3.0,3.13,3.23,2.95,460000,1.38,3.085,3.187,-2.76,-5.88,-1.96,-3.38,-9.91,3.42,3.42,13.4,3.42,3.42,-5.56,-5.56,-75.9,12.28,12.28,False,False,False,False,False,False,False,False,False,2026-10-08
3319,3319.HK,A-LIVING,雅生活服务,23.48,250,Equity,Equity Securities (Main Board),1.655,1.665,1.685,1.63,792750,1.31,1.653,1.651,0.12,0.24,0.3,1.53,-0.6,2.93,4.69,48.55,2.93,4.69,-42.49,-64.07,-96.53,43.52,64.71,False,False,False,True,False,False,False,False,False,2026-10-08
3320,3320.HK,CHINARES PHARMA,华润医药,272.66,500,Equity,Equity Securities (Main Board),4.34,4.385,4.385,4.31,6706484,29.11,4.31,4.334,0.7,0.14,1.17,0.81,-2.47,6.53,7.11,13.16,6.53,7.11,-32.85,-38.33,-66.68,33.54,38.96,False,False,False,True,False,False,False,False,False,2026-10-08
3321,3321.HK,ZHONGKE GROUP,中科集团控股,0.73,"10,000",Equity,Equity Securities (Main Board),0.945,0.945,0.97,0.935,400000,0.38,0.994,1.112,-4.93,-15.02,0.53,-5.97,-23.79,2.2,12.8,79.9,2.2,12.8,-55.91,-92.42,-98.79,57.05,92.62,False,False,False,False,False,False,False,False,False,2026-10-08
3323,3323.HK,CNBM,中国建材,113.91,"2,000",Equity,Equity Securities (Main Board),3.065,3.135,3.2,3.06,33735600,103.4,3.139,3.145,-2.36,-2.53,-2.54,-2.39,-4.81,7.26,7.26,14.08,7.26,7.26,-55.92,-55.92,-77.27,57.78,57.78,False,False,False,False,False,False,False,False,False,2026-10-08
3328,3328.HK,BANKCOMM,交通银行,2923.49,"1,000",Equity,Equity Securities (Main Board),8.35,8.205,8.47,8.205,30243463,252.53,8.24,8.253,1.33,1.18,1.77,1.95,-0.12,8.38,8.38,8.38,8.47,8.47,1.07,1.07,1.07,1.42,1.42,False,False,False,True,True,True,True,True,True,2026-10-08
3329,3329.HK,BOCOM INTL,交银国际,10.66,"1,000",Equity,Equity Securities (Main Board),0.39,0.39,0.39,0.38,447040,0.17,0.391,0.399,-0.26,-2.26,0.0,-1.27,-2.5,0.8,1.08,2.77,0.8,1.08,-51.25,-63.89,-85.92,51.25,63.89,False,False,False,False,False,False,False,False,False,2026-10-08
3330,3330.HK,LINGBAO GOLD,灵宝黄金,220.47,100,Equity,Equity Securities (Main Board),18.43,19.11,19.26,18.2,15157000,279.34,19.152,19.657,-3.77,-6.24,-4.01,-4.85,-7.15,31.2,31.2,31.2,31.2,31.2,-38.27,-38.27,-38.27,40.93,40.93,False,False,False,False,False,False,False,False,False,2026-10-08
3332,3332.HK,SINOLIFE UTD,中生联合,2.0,"2,000",Equity,Equity Securities (Main Board),0.211,0.208,0.212,0.208,4000,0.0,0.216,0.204,-2.5,3.48,1.44,-6.22,0.0,0.46,0.93,2.12,0.46,0.93,-53.91,-77.2,-90.0,54.13,77.31,False,False,False,False,False,False,False,False,False,2026-10-08
3336,3336.HK,JU TENG INTL,巨腾国际,27.06,"2,000",Equity,Equity Securities (Main Board),2.255,2.325,2.33,2.24,1008000,2.27,2.324,2.326,-2.97,-3.05,-5.65,-3.84,-3.01,5.52,5.52,5.52,5.52,5.52,-57.79,-57.79,-57.79,59.15,59.15,False,False,False,False,False,False,False,False,False,2026-10-08
3337,3337.HK,ANTON OILFIELD,安东油田服务,23.41,"2,000",Equity,Equity Securities (Main Board),0.78,0.8,0.8,0.78,2538000,1.98,0.797,0.819,-2.13,-4.7,-2.5,-2.5,-7.69,1.37,1.62,1.66,1.37,1.62,-41.61,-50.62,-51.81,43.07,51.85,False,False,False,False,False,False,False,False,False,2026-10-08
3339,3339.HK,LONKING,中国龙工,132.68,"1,000",Equity,Equity Securities (Main Board),3.1,3.15,3.165,3.1,3856000,11.95,3.123,3.148,-0.74,-1.51,-1.27,-1.12,-2.52,3.62,3.62,4.46,3.62,3.62,-12.57,-12.57,-29.04,14.36,14.36,False,False,False,False,False,False,False,False,False,2026-10-08
3347,3347.HK,TIGERMED,泰格医药,54.45,100,Equity,Equity Securities (Main Board),44.22,46.0,46.0,43.94,1113900,49.26,45.588,45.638,-3.0,-3.11,-2.51,-2.43,-5.67,57.0,60.6,199.9,57.0,60.6,-19.3,-24.09,-76.99,22.42,27.03,False,False,False,False,False,False,False,False,False,2026-10-08
3348,3348.HK,CHINA PENGFEI,中国鹏飞集团,5.5,"2,000",Equity,Equity Securities (Main Board),1.1,1.13,1.13,1.1,182000,0.2,1.168,1.191,-5.82,-7.64,-2.65,-11.29,-2.22,1.5,1.5,1.6,1.5,1.5,-24.67,-24.67,-29.38,26.67,26.67,False,False,False,False,False,False,False,False,False,2026-10-08
3355,3355.HK,FS.COM,飞速创新,142.13,100,Equity,Equity Securities (Main Board),35.2,38.98,38.98,34.84,651900,22.95,37.52,37.988,-6.18,-7.34,-6.18,-9.0,-5.78,57.0,57.0,57.0,57.0,57.0,-31.61,-31.61,-31.61,38.25,38.25,False,False,False,False,False,False,False,False,False,2026-10-08
3360,3360.HK,FE HORIZON,远东宏信,297.82,"1,000",Equity,Equity Securities (Main Board),6.18,6.305,6.375,6.13,10540680,65.14,6.275,6.336,-1.51,-2.45,-1.9,-1.75,-4.11,8.28,8.54,9.33,8.28,8.54,-23.01,-25.35,-31.67,25.36,27.63,False,False,False,False,False,False,False,False,False,2026-10-08
3368,3368.HK,PARKSON GROUP,百盛集团,3.45,500,Equity,Equity Securities (Main Board),0.131,0.122,0.131,0.122,53500,0.01,0.126,0.128,4.3,2.18,6.5,2.34,-2.96,0.21,0.22,1.51,0.21,0.22,-37.32,-40.45,-91.32,37.32,40.45,False,False,False,True,False,False,False,False,False,2026-10-08
3369,3369.HK,QHD PORT,秦港股份,20.12,500,Equity,Equity Securities (Main Board),2.425,2.38,2.47,2.38,1238000,3.0,2.376,2.39,2.06,1.49,4.75,1.46,-1.02,3.16,4.04,4.04,3.16,4.04,-21.84,-38.86,-38.86,23.26,39.98,False,False,False,True,False,False,False,False,False,2026-10-08
3377,3377.HK,SINO-OCEAN GP,远洋集团,4.43,500,Equity,Equity Securities (Main Board),0.035,0.037,0.04,0.034,64677500,2.26,0.034,0.036,2.94,-2.78,-10.26,12.9,2.94,0.11,0.75,6.77,0.11,0.75,-63.64,-94.67,-99.41,68.18,95.33,False,False,False,False,False,False,False,False,False,2026-10-08
3378,3378.HK,HANXBIO-B,翰思艾泰－Ｂ,38.29,100,Equity,Equity Securities (Main Board),28.56,28.84,28.84,27.44,5600,0.16,28.52,28.24,0.14,1.13,-1.18,-0.56,-1.45,33.8,33.8,33.8,33.8,33.8,-14.67,-14.67,-14.67,15.5,15.5,False,False,True,True,False,False,False,False,False,2026-10-08
3380,3380.HK,LOGAN GROUP,龙光集团,69.08,"1,000",Equity,Equity Securities (Main Board),1.215,1.255,1.26,1.215,5019000,6.1,1.232,1.233,-1.38,-1.42,-4.71,-0.41,-0.41,1.93,1.93,15.42,1.93,1.93,-34.72,-34.72,-91.83,37.05,37.05,False,False,False,False,False,False,False,False,False,2026-10-08
3382,3382.HK,TIANJINPORT DEV,天津港发展,37.56,"2,000",Equity,Equity Securities (Main Board),0.61,0.615,0.615,0.605,1334000,0.81,0.611,0.612,-0.16,-0.33,-0.81,0.0,-1.61,0.73,0.77,1.68,0.73,0.77,-15.75,-20.13,-63.39,16.44,20.78,False,False,False,False,False,False,False,False,False,2026-10-08
3383,3383.HK,AGILE GROUP,雅居乐集团,8.33,"2,000",Equity,Equity Securities (Main Board),0.165,0.163,0.171,0.16,11230000,1.85,0.148,0.142,11.64,15.95,3.77,17.02,25.95,0.32,2.39,17.84,0.32,2.39,-47.38,-92.85,-99.04,49.23,93.1,True,False,False,False,False,False,False,False,False,2026-10-08
3388,3388.HK,CREALITY,创想三维,122.33,150,Equity,Equity Securities (Main Board),25.6,27.6,27.76,25.3,1189500,30.45,26.808,26.61,-4.51,-3.8,-7.78,-6.09,-2.29,34.0,34.0,34.0,34.0,34.0,-18.35,-18.35,-18.35,24.71,24.71,False,False,False,False,False,False,False,False,False,2026-10-08
3389,3389.HK,HENGDELI,亨得利,15.41,"4,000",Equity,Equity Securities (Main Board),0.35,0.37,0.37,0.34,5048000,1.77,0.375,0.367,-6.67,-4.63,-5.41,-9.09,-7.89,0.46,0.46,1.29,0.46,0.46,-18.68,-18.68,-71.32,23.08,23.08,False,False,False,False,False,False,False,False,False,2026-10-08
3393,3393.HK,WASION HOLDINGS,威胜控股,126.17,"2,000",Equity,Equity Securities (Main Board),12.21,12.72,12.8,12.09,3190276,38.95,12.66,12.759,-3.55,-4.3,-4.01,-4.31,-4.31,33.8,33.8,33.8,33.8,33.8,-62.13,-62.13,-62.13,63.88,63.88,False,False,False,False,False,False,False,False,False,2026-10-08
3395,3395.HK,JX ENERGY,吉星新能源,1.96,"1,000",Equity,Equity Securities (Main Board),0.225,0.199,0.23,0.199,42000,0.01,0.207,0.215,8.8,4.55,11.39,12.5,9.76,0.61,1.68,3.29,0.61,1.68,-62.3,-86.31,-93.01,63.11,86.61,False,False,False,True,False,False,False,False,False,2026-10-08
3396,3396.HK,LEGENDHOLDING,联想控股,280.06,100,Equity,Equity Securities (Main Board),22.02,24.44,24.8,21.8,15107397,332.66,23.852,24.574,-7.68,-10.39,-9.9,-10.99,-11.85,26.22,26.22,36.6,26.22,26.22,-5.42,-5.42,-32.24,16.02,16.02,False,False,False,False,False,False,False,False,False,2026-10-08
3398,3398.HK,CHINA TING,华鼎控股,1.81,"2,000",Equity,Equity Securities (Main Board),0.086,0.096,0.096,0.096,6000,0.0,0.082,0.084,4.88,2.75,2.38,7.5,17.81,0.16,0.34,0.63,0.16,0.34,-41.1,-71.34,-84.76,47.24,74.33,False,False,False,False,False,False,False,False,False,2026-10-08
3399,3399.HK,YUEYUN TRANS,粤运交通,2.48,"1,000",Equity,Equity Securities (Main Board),1.2,1.21,1.21,1.195,68000,0.08,1.2,1.194,0.0,0.5,-0.83,0.84,0.42,1.73,2.06,6.57,1.73,2.06,-30.06,-41.26,-81.58,30.64,41.75,False,False,False,False,False,False,False,False,False,2026-10-08
3600,3600.HK,MODERN DENTAL,现代牙科,69.23,"1,000",Equity,Equity Securities (Main Board),7.41,7.8,7.89,7.38,501415,3.72,7.73,7.852,-4.14,-5.63,-5.61,-5.0,-6.2,8.55,8.55,11.0,8.55,8.55,-7.67,-7.67,-28.27,13.28,13.28,False,False,False,False,False,False,False,False,False,2026-10-08
3601,3601.HK,LUDASHI,鲁大师,1.41,"1,000",Equity,Equity Securities (Main Board),0.525,0.525,0.525,0.515,206000,0.11,0.554,0.561,-5.23,-6.42,-4.55,-7.08,-7.08,0.98,1.3,11.16,0.98,1.3,-46.43,-59.62,-95.3,46.43,59.62,False,False,False,False,False,False,False,False,False,2026-10-08
3603,3603.HK,XINJI SHAXI,信基沙溪,1.16,"3,000",Equity,Equity Securities (Main Board),0.078,0.086,0.086,0.078,141000,0.01,0.081,0.081,-3.94,-4.06,-7.14,-1.27,-3.7,0.12,0.23,3.5,0.12,0.23,-28.93,-62.61,-97.54,35.54,66.09,False,False,False,False,False,False,False,False,False,2026-10-08
3606,3606.HK,FUYAO GLASS,福耀玻璃,321.88,400,Equity,Equity Securities (Main Board),53.05,54.4,54.6,53.0,3053988,162.01,54.06,54.375,-1.87,-2.44,-3.28,-2.39,-2.93,68.95,86.0,86.0,68.95,86.0,-20.81,-36.51,-36.51,23.06,38.31,False,False,False,False,False,False,False,False,False,2026-10-08
3613,3613.HK,TONGRENTANGCM,同仁堂国药,46.54,"1,000",Equity,Equity Securities (Main Board),5.56,5.43,5.64,5.43,1283017,7.13,5.505,5.512,1.0,0.87,1.74,1.65,-0.63,9.38,13.44,17.94,9.38,13.44,-39.87,-58.04,-68.56,40.72,58.63,False,False,False,True,False,False,False,False,False,2026-10-08
3616,3616.HK,EVER REACH GP,恒达集团控股,2.68,"2,000",Equity,Equity Securities (Main Board),0.223,0.23,0.23,0.208,204000,0.05,0.214,0.203,4.4,10.12,-3.04,11.5,17.37,0.28,0.88,1.73,0.28,0.88,-17.86,-73.86,-86.71,20.36,74.66,False,False,True,False,False,False,False,False,False,2026-10-08
3618,3618.HK,CQRC BANK,重庆农村商业银行,158.59,"1,000",Equity,Equity Securities (Main Board),6.31,6.325,6.4,6.225,11808161,74.51,6.256,6.265,0.86,0.71,0.72,1.45,0.24,7.3,7.3,7.49,7.3,7.3,-12.33,-12.33,-14.55,13.56,13.56,False,False,False,True,False,False,False,False,False,2026-10-08
3625,3625.HK,FOURSEMI,傅里叶,58.22,100,Equity,Equity Securities (Main Board),52.5,60.2,60.2,52.05,203200,10.67,56.54,58.87,-7.15,-10.82,-14.22,-11.76,2.54,153.0,153.0,153.0,153.0,153.0,-60.65,-60.65,-60.65,65.69,65.69,False,False,False,False,False,False,False,False,False,2026-10-08
3626,3626.HK,EAST NOVA HLDGS,启明东方控股,3.7,"2,000",Equity,Equity Securities (Main Board),2.01,2.055,2.06,1.97,102000,0.21,2.197,2.25,-8.51,-10.65,-9.66,-11.45,-4.29,3.6,21.0,21.0,3.6,21.0,-42.78,-90.19,-90.19,44.17,90.43,False,False,False,False,False,False,False,False,False,2026-10-08
3628,3628.HK,RENHENG ENT,仁恒实业控股,1.69,"4,000",Equity,Equity Securities (Main Board),0.21,0.207,0.22,0.207,700000,0.15,0.211,0.219,-0.38,-4.2,1.45,1.45,-8.7,0.25,0.3,0.97,0.25,0.3,-12.0,-26.67,-77.32,16.0,30.0,False,False,False,False,False,False,False,False,False,2026-10-08
3633,3633.HK,ZHONGYU ENERGY,中裕能源,71.9,"1,000",Equity,Equity Securities (Main Board),2.675,2.66,2.69,2.635,930908,2.49,2.647,2.652,1.06,0.89,1.13,1.13,0.56,4.2,6.85,10.28,4.2,6.85,-35.95,-60.73,-73.83,36.31,60.95,False,False,True,True,False,False,False,False,False,2026-10-08
3636,3636.HK,JINXUN RESOURCE,金浔资源,6.64,200,Equity,Equity Securities (Main Board),15.8,16.61,17.03,15.56,374000,5.91,16.264,16.039,-2.85,-1.49,-5.56,-3.66,1.67,51.8,51.8,51.8,51.8,51.8,-67.12,-67.12,-67.12,69.5,69.5,False,False,False,False,False,False,False,False,False,2026-10-08
3638,3638.HK,HUNLICAR GROUP,亨利加集团,1.91,"1,000",Equity,Equity Securities (Main Board),2.485,2.325,2.49,2.32,10000,0.02,2.489,2.558,-0.16,-2.83,-0.6,-0.6,-3.12,14.0,19.3,148.16,14.0,19.3,-82.21,-87.1,-98.32,82.25,87.12,False,False,False,False,False,False,False,False,False,2026-10-08
3639,3639.HK,YIDA CHINA,亿达中国,1.03,"2,000",Equity,Equity Securities (Main Board),0.04,0.048,0.048,0.04,1770000,0.07,0.041,0.04,-2.44,0.76,-11.11,-2.44,-4.76,0.09,0.33,7.01,0.09,0.33,-43.53,-85.45,-99.32,52.94,87.88,False,False,False,False,False,False,False,False,False,2026-10-08
3650,3650.HK,KEEP,KEEP,6.55,100,Equity,Equity Securities (Main Board),1.325,1.405,1.43,1.325,219200,0.29,1.401,1.37,-5.42,-3.28,-7.02,-5.69,-10.47,4.15,31.15,42.4,4.15,31.15,-65.54,-95.41,-96.63,68.07,95.75,False,False,False,False,False,False,False,False,False,2026-10-08
3658,3658.HK,NEW HOPE SERV,新希望服务,13.84,"1,000",Equity,Equity Securities (Main Board),1.7,1.7,1.7,1.68,37000,0.06,1.674,1.655,1.55,2.72,0.0,3.34,2.41,2.07,2.25,4.2,2.07,2.25,-17.87,-24.44,-59.52,17.87,24.44,False,False,False,False,False,False,False,False,False,2026-10-08
3660,3660.HK,QFIN-S,奇富科技－Ｓ,59.77,50,Equity,Equity Securities (Main Board),24.58,24.64,24.76,24.46,33600,0.83,25.532,27.12,-3.73,-9.37,-3.08,-4.65,-9.3,77.95,204.0,204.0,77.95,204.0,-68.24,-87.86,-87.86,68.47,87.95,False,False,False,False,False,False,False,False,False,2026-10-08
3661,3661.HK,SG MICRO,圣邦股份,44.99,100,Equity,Equity Securities (Main Board),72.45,83.1,83.25,72.05,1102446,79.87,81.27,85.255,-10.85,-15.02,-12.34,-15.16,-14.16,142.3,142.3,142.3,142.3,142.3,-41.5,-41.5,-41.5,49.09,49.09,False,False,False,False,False,False,False,False,False,2026-10-08
3662,3662.HK,STARJOY W&T,星悦康旅,2.69,"1,000",Equity,Equity Securities (Main Board),0.37,0.37,0.375,0.37,91000,0.03,0.369,0.368,0.27,0.54,-1.33,4.23,-1.33,0.44,0.79,9.73,0.44,0.79,-13.79,-52.53,-96.15,14.94,53.16,False,False,False,False,False,False,False,False,False,2026-10-08
3668,3668.HK,YANCOAL AUS,兖煤澳大利亚,420.16,100,Equity,Equity Securities (Main Board),31.82,31.36,32.1,31.36,458837,14.6,31.568,31.652,0.8,0.53,0.25,1.47,-2.33,49.08,49.08,49.4,49.08,49.08,-34.6,-34.6,-35.02,35.17,35.17,True,False,False,True,False,False,False,False,False,2026-10-08
3669,3669.HK,YONGDA AUTO,永达汽车,14.36,500,Equity,Equity Securities (Main Board),0.755,0.76,0.775,0.73,2571010,1.94,0.769,0.776,-1.82,-2.77,-1.95,0.0,-2.58,1.75,3.28,17.14,1.75,3.28,-55.71,-76.37,-95.48,56.86,76.98,False,False,False,False,False,False,False,False,False,2026-10-08
3677,3677.HK,ZENERGY,正力新能,65.95,300,Equity,Equity Securities (Main Board),4.44,4.4,4.6,4.385,2234100,9.92,4.374,4.375,1.51,1.47,1.37,3.14,1.02,9.84,13.01,13.01,9.84,13.01,-53.25,-64.64,-64.64,54.88,65.87,False,False,False,False,False,False,False,False,False,2026-10-08
3680,3680.HK,RUIHE DATA,瑞和数智,22.46,"2,000",Equity,Equity Securities (Main Board),2.44,2.495,2.495,2.425,988000,2.41,2.467,2.476,-1.09,-1.45,-1.21,-0.61,-2.01,2.72,2.72,10.16,2.72,2.72,-8.27,-8.27,-75.44,10.29,10.29,False,False,False,False,False,False,False,False,False,2026-10-08
3681,3681.HK,SINOMAB BIO-B,中国抗体－Ｂ,14.84,300,Equity,Equity Securities (Main Board),1.07,1.05,1.13,1.04,1660800,1.78,1.039,1.026,2.98,4.24,1.42,5.42,7.0,2.19,3.76,7.3,2.19,3.76,-48.4,-69.95,-84.52,51.14,71.54,True,True,False,False,False,False,False,False,False,2026-10-08
3686,3686.HK,CLIFFORDML,祈福生活服务,4.93,"10,000",Equity,Equity Securities (Main Board),0.485,0.47,0.485,0.47,110000,0.05,0.467,0.468,3.85,3.74,3.19,5.43,4.3,0.94,0.94,1.04,0.94,0.94,-48.4,-48.4,-53.37,48.4,48.4,False,False,False,False,False,False,False,False,False,2026-10-08
3690,3690.HK,MEITUAN-W,美团－Ｗ,3883.87,100,Equity,Equity Securities (Main Board),69.4,70.15,71.2,69.1,22695614,1575.08,70.24,70.915,-1.2,-2.14,-1.07,-1.77,-3.21,108.0,217.0,460.0,108.0,217.0,-34.07,-67.19,-84.52,35.74,68.02,False,False,False,False,False,False,False,False,False,2026-10-08
3692,3692.HK,HANSOH PHARMA,翰森制药,1951.44,"2,000",Equity,Equity Securities (Main Board),32.18,34.04,34.56,32.12,12234092,393.69,33.772,33.846,-4.71,-4.92,-5.13,-5.41,-8.84,44.22,44.22,46.7,44.22,44.22,-21.85,-21.85,-26.0,27.23,27.23,False,False,False,False,False,False,False,False,False,2026-10-08
3696,3696.HK,INSILICO,英矽智能,282.26,500,Equity,Equity Securities (Main Board),48.24,53.55,53.6,47.8,29149274,1406.16,55.028,55.639,-12.34,-13.3,-8.98,-15.37,-19.73,80.9,80.9,80.9,80.9,80.9,-33.75,-33.75,-33.75,40.37,40.37,False,False,False,False,False,False,False,False,False,2026-10-08
3698,3698.HK,HUISHANG BANK,徽商银行,162.46,"1,000",Equity,Equity Securities (Main Board),4.67,4.63,4.795,4.63,7416469,34.63,4.609,4.682,1.32,-0.26,1.52,2.08,-3.31,5.49,5.49,5.49,5.49,5.49,-12.66,-12.66,-12.66,14.94,14.94,False,False,False,False,False,False,False,False,False,2026-10-08
3699,3699.HK,EB GRAND CHINA,光大永年,2.3,"2,000",Equity,Equity Securities (Main Board),0.52,0.52,0.53,0.515,118000,0.06,0.509,0.506,2.16,2.77,5.05,0.97,0.0,0.52,0.52,1.53,0.53,0.53,1.92,1.92,-65.36,1.89,1.89,False,False,False,False,True,True,False,True,True,2026-10-08
3700,3700.HK,INKEVERSE,映宇宙,15.46,"1,000",Equity,Equity Securities (Main Board),0.665,0.67,0.67,0.65,1087000,0.72,0.676,0.708,-1.63,-6.07,-2.21,-0.75,-5.0,1.61,2.38,5.48,1.61,2.38,-58.39,-71.85,-87.77,58.7,72.06,False,False,False,False,False,False,False,False,False,2026-10-08
3709,3709.HK,EEKA FASHION,赢家时尚,30.86,500,Equity,Equity Securities (Main Board),4.355,4.4,4.515,4.355,323500,1.41,4.337,4.445,0.42,-2.02,-0.11,1.75,-17.05,7.76,15.48,19.66,7.76,15.48,-41.82,-70.83,-77.03,43.88,71.87,False,False,False,False,False,False,False,False,False,2026-10-08
3718,3718.HK,BJ ENT URBAN,北控城市资源,13.87,"4,000",Equity,Equity Securities (Main Board),0.39,0.39,0.39,0.385,172000,0.07,0.382,0.379,2.09,2.77,0.0,4.0,4.0,0.45,0.61,2.54,0.45,0.61,-13.33,-36.07,-84.65,13.33,36.07,False,False,False,False,False,False,False,False,False,2026-10-08
3728,3728.HK,CHING LEE,正利控股,0.57,"20,000",Equity,Equity Securities (Main Board),0.056,0.057,0.057,0.056,80000,0.0,0.058,0.058,-3.45,-4.27,-1.75,-5.08,-5.08,0.07,0.11,0.71,0.07,0.11,-19.72,-47.71,-91.97,21.13,48.62,False,False,False,False,False,False,False,False,False,2026-10-08
3737,3737.HK,ZHONGZHIPHARM,中智药业,6.56,"1,000",Equity,Equity Securities (Main Board),0.76,0.77,0.78,0.76,640000,0.49,0.763,0.756,-0.39,0.53,-2.56,0.0,0.66,0.98,1.56,2.05,0.98,1.56,-20.41,-50.0,-61.95,22.45,51.28,False,False,False,False,False,False,False,False,False,2026-10-08
3738,3738.HK,VOBILE GROUP,阜博集团,75.97,"1,000",Equity,Equity Securities (Main Board),2.93,3.205,3.29,2.895,40877787,119.77,3.143,3.205,-6.78,-8.59,-8.01,-8.72,-11.21,6.3,7.1,12.11,6.3,7.1,-47.78,-53.66,-72.84,53.49,58.73,False,False,False,False,False,False,False,False,False,2026-10-08
3750,3750.HK,CATL,宁德时代,1040.86,100,Equity,Equity Securities (Main Board),476.8,491.0,499.0,473.2,2341705,1116.52,482.4,484.52,-1.16,-1.59,-1.97,-1.37,-1.53,794.5,794.5,794.5,794.5,794.5,-37.19,-37.19,-37.19,39.99,39.99,False,False,False,False,False,False,False,False,False,2026-10-08
3752,3752.HK,ROKAE ROBOTICS,珞石机器人,132.95,100,Equity,Equity Securities (Main Board),52.5,47.54,53.1,47.54,160700,8.44,49.786,51.273,5.45,2.39,9.51,9.38,0.29,76.0,76.0,76.0,76.0,76.0,-30.13,-30.13,-30.13,30.92,30.92,False,False,False,True,False,False,False,False,False,2026-10-08
3759,3759.HK,PHARMARON,康龙化成,111.95,100,Equity,Equity Securities (Main Board),31.26,32.6,33.06,31.04,7790417,243.53,31.756,31.144,-1.56,0.37,-2.8,-1.14,-1.76,34.86,34.86,94.22,34.86,34.86,-5.16,-5.16,-64.91,10.33,10.33,False,False,False,False,False,False,False,False,False,2026-10-08
3773,3773.HK,YS DIGIFAVOR,银盛数惠,10.04,"2,000",Equity,Equity Securities (Main Board),2.42,2.425,2.425,2.385,108000,0.26,2.417,2.425,0.12,-0.21,0.0,1.47,-1.22,2.79,3.49,3.49,2.79,3.49,-13.08,-30.52,-30.52,13.26,30.66,False,False,False,False,False,False,False,False,False,2026-10-08
3774,3774.HK,FAMEGLOW,亮晴控股,211.28,"1,000",Equity,Equity Securities (Main Board),25.8,29.62,29.7,24.12,866000,22.34,28.172,26.584,-8.42,-2.95,-10.23,-14.0,1.18,34.14,34.14,34.14,34.14,34.14,-13.01,-13.01,-13.01,24.43,24.43,False,False,False,False,False,False,False,False,False,2026-10-08
3788,3788.HK,HANKING GOLD,罕王黄金,73.71,"1,000",Equity,Equity Securities (Main Board),3.015,3.2,3.2,3.0,2674000,8.06,3.126,3.077,-3.55,-2.03,-6.51,-3.98,-3.37,5.6,5.6,5.6,5.6,5.6,-42.86,-42.86,-42.86,46.16,46.16,False,False,False,False,False,False,False,False,False,2026-10-08
3789,3789.HK,ROYAL DELUXE,御佳控股,2.98,"4,000",Equity,Equity Securities (Main Board),0.248,0.28,0.285,0.248,220000,0.05,0.275,0.266,-9.69,-6.66,-4.62,-12.98,-14.48,0.3,0.3,0.62,0.3,0.3,-5.0,-5.0,-54.03,17.33,17.33,False,False,False,False,False,False,False,False,False,2026-10-08
3798,3798.HK,HOMELAND ITL,家乡互动,17.46,"2,000",Equity,Equity Securities (Main Board),1.385,1.385,1.385,1.26,40000,0.06,1.396,1.377,-0.79,0.54,0.0,-1.07,0.0,1.48,2.86,7.41,1.48,2.86,-6.42,-51.57,-81.31,6.42,51.57,False,False,False,False,False,False,False,True,False,2026-10-08
3800,3800.HK,GCL TECH,协鑫科技,231.54,"1,000",Equity,Equity Securities (Main Board),0.72,0.72,0.75,0.715,203500000,146.52,0.715,0.721,0.7,-0.21,0.7,1.41,-3.36,1.28,1.99,3.96,1.28,1.99,-41.41,-62.31,-81.05,43.75,63.82,False,False,False,False,False,False,False,False,False,2026-10-08
3808,3808.HK,SINOTRUK,中国重汽,956.96,500,Equity,Equity Securities (Main Board),34.66,35.76,35.76,34.36,5887079,204.05,35.548,35.514,-2.5,-2.4,-3.08,-3.08,-4.15,48.4,48.4,48.4,48.4,48.4,-26.12,-26.12,-26.12,28.39,28.39,False,False,False,False,False,False,False,False,False,2026-10-08
3813,3813.HK,POU SHENG INT'L,宝胜国际,19.27,"1,000",Equity,Equity Securities (Main Board),0.365,0.365,0.37,0.365,1215000,0.44,0.362,0.363,0.83,0.55,0.0,1.39,0.0,0.5,0.72,2.97,0.5,0.72,-26.0,-48.61,-87.54,27.0,49.31,False,False,False,False,False,False,False,False,False,2026-10-08
3816,3816.HK,KFM KINGDOM,ＫＦＭ金德,34.77,"4,000",Equity,Equity Securities (Main Board),5.795,5.16,5.99,4.9,6328000,36.67,4.939,4.739,17.33,22.27,12.74,23.96,27.64,5.39,5.39,5.39,5.99,5.99,11.13,11.13,11.13,3.26,3.26,True,False,False,False,True,True,True,True,True,2026-10-08
3818,3818.HK,CHINA DONGXIANG,中国动向,16.51,"1,000",Equity,Equity Securities (Main Board),0.28,0.275,0.28,0.275,333000,0.09,0.28,0.278,0.0,0.72,-1.75,0.0,-1.75,0.49,0.56,1.77,0.49,0.56,-42.27,-50.0,-84.18,42.27,50.0,False,False,False,False,False,False,False,False,False,2026-10-08
3828,3828.HK,MING FAI INT'L,明辉国际,5.29,"1,000",Equity,Equity Securities (Main Board),0.72,0.72,0.725,0.705,220000,0.16,0.716,0.727,0.56,-0.89,0.7,0.0,1.41,1.01,1.06,1.38,1.01,1.06,-28.22,-31.6,-47.46,28.71,32.08,False,False,False,False,False,False,False,False,False,2026-10-08
3830,3830.HK,KIDDIELAND,童园国际,2.0,"5,000",Equity,Equity Securities (Main Board),0.2,0.201,0.201,0.199,190000,0.04,0.206,0.205,-3.01,-2.63,-3.85,-0.99,-0.5,0.23,0.23,0.82,0.23,0.23,-12.61,-12.61,-75.49,13.04,13.04,False,False,False,False,False,False,False,False,False,2026-10-08
3833,3833.HK,XINXIN MINING,新疆新鑫矿业,17.68,"1,000",Equity,Equity Securities (Main Board),1.86,1.87,1.92,1.83,1416000,2.63,1.849,1.843,0.59,0.95,-2.11,2.76,2.2,3.27,3.9,3.9,3.27,3.9,-41.28,-50.77,-50.77,43.12,52.31,False,False,False,True,False,False,False,False,False,2026-10-08
3836,3836.HK,HARMONY AUTO,和谐汽车,7.46,500,Equity,Equity Securities (Main Board),0.49,0.515,0.515,0.49,261000,0.13,0.513,0.502,-4.48,-2.39,-4.85,-4.85,-6.67,1.46,2.72,6.8,1.46,2.72,-64.73,-81.07,-92.43,66.44,81.99,False,False,False,False,False,False,False,False,False,2026-10-08
3838,3838.HK,CHINA STARCH,中国淀粉,9.8,"5,000",Equity,Equity Securities (Main Board),0.173,0.174,0.176,0.172,1349000,0.23,0.173,0.175,0.12,-1.37,-1.14,1.76,0.0,0.19,0.28,0.38,0.19,0.28,-8.81,-36.0,-53.68,10.36,37.09,False,False,False,False,False,False,False,False,False,2026-10-08
3848,3848.HK,HAOSEN FINTECH,浩森金融科技,16.54,"1,000",Equity,Equity Securities (Main Board),2.115,2.11,2.115,2.11,388000,0.82,2.111,2.106,0.19,0.4,0.24,0.24,2.67,2.38,2.66,2.66,2.38,2.66,-11.13,-20.49,-20.49,11.13,20.49,False,False,False,False,False,False,False,False,False,2026-10-08
3858,3858.HK,JIAXIN INTL RES,佳鑫国际资源,197.44,400,Equity,Equity Securities (Main Board),43.34,44.34,45.34,42.56,1545600,66.99,44.64,45.376,-2.91,-4.49,-1.77,-4.07,-7.98,176.2,176.2,176.2,176.2,176.2,-74.27,-74.27,-74.27,75.4,75.4,False,False,False,False,False,False,False,False,False,2026-10-08
3866,3866.HK,BQD,青岛银行,115.74,500,Equity,Equity Securities (Main Board),5.05,4.96,5.05,4.945,4661590,23.54,4.887,4.938,3.34,2.27,3.06,4.77,0.4,5.41,5.41,7.99,5.41,5.41,-6.57,-6.57,-36.82,6.57,6.57,True,False,False,False,False,False,False,True,True,2026-10-08
3868,3868.HK,XINYI ENERGY,信义能源,67.93,"2,000",Equity,Equity Securities (Main Board),0.785,0.79,0.79,0.775,5098304,4.0,0.783,0.787,0.26,-0.19,0.0,0.64,-2.48,1.38,1.98,6.28,1.38,1.98,-42.75,-60.1,-87.43,43.12,60.35,False,False,False,False,False,False,False,False,False,2026-10-08
3877,3877.HK,CSSC SHIPPING,中国船舶租赁,151.39,"2,000",Equity,Equity Securities (Main Board),2.44,2.4,2.45,2.39,18913449,46.15,2.394,2.402,1.92,1.6,2.31,2.74,1.04,2.61,2.61,2.61,2.61,2.61,-6.13,-6.13,-6.13,6.51,6.51,False,False,False,True,False,False,False,True,True,2026-10-08
3878,3878.HK,VICON HOLDINGS,VICON HOLDINGS,0.94,"2,000",Equity,Equity Securities (Main Board),0.197,0.198,0.198,0.197,20000,0.0,0.197,0.197,0.1,0.2,-1.01,0.0,1.55,0.29,0.29,6.14,0.29,0.29,-32.88,-32.88,-96.78,33.22,33.22,False,False,False,False,False,False,False,False,False,2026-10-08
3880,3880.HK,MEDTIDE,泰德医药,29.3,100,Equity,Equity Securities (Main Board),20.66,20.58,20.9,20.58,71800,1.48,20.864,21.356,-0.98,-3.26,-0.58,-2.09,-4.0,30.46,41.72,41.72,30.46,41.72,-31.39,-49.9,-49.9,32.17,50.48,False,False,False,False,False,False,False,False,False,2026-10-08
3881,3881.HK,CIDI,希迪智驾,83.19,100,Equity,Equity Securities (Main Board),19.6,20.34,20.34,19.56,257700,5.05,20.1,20.334,-2.49,-3.61,-3.54,-2.68,-2.87,40.88,40.88,40.88,40.88,40.88,-50.24,-50.24,-50.24,52.05,52.05,False,False,False,False,False,False,False,False,False,2026-10-08
3882,3882.HK,SKYLIGHT HLDG,天彩控股,4.39,"1,000",Equity,Equity Securities (Main Board),0.435,0.43,0.435,0.43,20000,0.01,0.447,0.442,-2.68,-1.58,3.57,-5.43,-3.33,0.66,1.74,2.84,0.66,1.74,-34.09,-75.0,-84.68,34.09,75.0,False,False,False,False,False,False,False,False,False,2026-10-08
3883,3883.HK,CHINA AOYUAN,中国奥园,1.74,"1,000",Equity,Equity Securities (Main Board),0.037,0.039,0.039,0.036,10348000,0.38,0.037,0.038,0.0,-2.12,-2.63,2.78,-7.5,0.11,0.9,13.12,0.11,0.9,-63.55,-95.67,-99.7,65.42,95.89,False,False,True,False,False,False,False,False,False,2026-10-08
3887,3887.HK,HASHKEY HLDGS,HASHKEY HLDGS,58.64,400,Equity,Equity Securities (Main Board),2.135,2.2,2.245,2.135,1217847,2.6,2.253,2.333,-5.24,-8.51,-7.38,-6.15,-8.76,7.98,7.98,7.98,7.98,7.98,-71.87,-71.87,-71.87,73.25,73.25,False,False,False,False,False,False,False,False,False,2026-10-08
3888,3888.HK,KINGSOFT,金山软件,337.84,200,Equity,Equity Securities (Main Board),24.58,24.98,25.44,24.54,4121281,101.3,24.844,24.8,-1.06,-0.89,-1.68,-1.05,-0.97,33.68,47.5,79.5,33.68,47.5,-24.47,-46.44,-68.0,27.02,48.25,False,False,False,False,False,False,False,False,False,2026-10-08
3889,3889.HK,GLOBAL CORN GP,大成玉米集团,1.29,"2,000",Equity,Equity Securities (Main Board),0.067,0.063,0.067,0.061,292000,0.02,0.065,0.069,2.45,-2.62,6.35,-6.94,13.56,0.1,0.25,0.29,0.1,0.25,-33.0,-73.2,-77.29,33.0,73.2,False,False,False,False,False,False,False,False,False,2026-10-08
3896,3896.HK,KINGSOFT CLOUD,金山云,214.35,"2,000",Equity,Equity Securities (Main Board),4.73,4.865,5.0,4.72,42438840,200.74,4.811,4.891,-1.68,-3.28,-2.87,-1.05,-3.76,9.75,11.4,11.4,9.75,11.4,-48.72,-56.14,-56.14,51.49,58.51,False,False,False,False,False,False,False,False,False,2026-10-08
3898,3898.HK,TIMES ELECTRIC,时代电气,125.42,100,Equity,Equity Securities (Main Board),27.16,28.32,28.32,27.16,2400984,65.21,27.776,27.908,-2.22,-2.68,-3.0,-2.3,-3.89,45.64,46.88,65.3,45.64,46.88,-37.95,-39.59,-56.63,40.49,42.06,False,False,False,False,False,False,False,False,False,2026-10-08
3899,3899.HK,CIMC ENRIC,中集安瑞科,148.84,"2,000",Equity,Equity Securities (Main Board),7.055,6.985,7.16,6.95,3502000,24.71,7.017,7.064,0.54,-0.13,0.28,0.5,-0.63,13.88,13.88,13.88,13.88,13.88,-48.41,-48.41,-48.41,49.17,49.17,False,False,True,False,False,False,False,False,False,2026-10-08
3900,3900.HK,GREENTOWN CHINA,绿城中国,161.77,500,Equity,Equity Securities (Main Board),6.37,6.295,6.585,6.215,12563537,80.03,6.275,6.246,1.51,1.99,1.19,3.16,-2.0,11.98,13.78,18.5,11.98,13.78,-45.03,-52.21,-64.41,46.83,53.77,False,False,False,True,False,False,False,False,False,2026-10-08
3908,3908.HK,CICC,中金公司,372.18,400,Equity,Equity Securities (Main Board),19.55,19.8,19.97,19.46,13592058,265.72,19.728,19.661,-0.9,-0.56,-3.22,0.0,-0.05,23.1,24.65,25.75,23.1,24.65,-13.55,-18.99,-22.45,15.37,20.69,False,False,False,False,False,False,False,False,False,2026-10-08
3913,3913.HK,KWG LIVING,合景悠活,2.35,"1,000",Equity,Equity Securities (Main Board),0.116,0.118,0.118,0.116,514000,0.06,0.118,0.12,-2.03,-3.49,-1.69,-1.69,-2.52,0.25,0.67,10.5,0.25,0.67,-52.42,-82.39,-98.88,53.23,82.69,False,False,False,False,False,False,False,False,False,2026-10-08
3918,3918.HK,NAGACORP,金界控股,113.89,"2,000",Equity,Equity Securities (Main Board),2.575,2.56,2.695,2.56,8092489,20.84,2.708,2.941,-4.91,-12.46,0.59,-3.38,-19.15,4.89,6.98,14.74,4.89,6.98,-44.89,-61.39,-81.72,47.34,63.11,False,False,False,False,False,False,False,False,False,2026-10-08
3919,3919.HK,GOLDENPOWER,金力集团,0.33,"4,000",Equity,Equity Securities (Main Board),0.735,0.77,0.77,0.67,320000,0.24,1.064,1.253,-30.92,-41.36,-6.37,-50.34,-48.6,3.08,3.08,30.33,3.08,3.08,-75.0,-75.0,-97.46,76.14,76.14,False,False,False,False,False,False,False,False,False,2026-10-08
3928,3928.HK,CHINA NEXT-GEN,中国新零售供应链,131.34,500,Equity,Equity Securities (Main Board),26.48,26.86,26.86,25.7,488500,12.94,26.896,26.862,-1.55,-1.42,-1.41,-2.22,-1.56,29.56,29.56,29.56,29.56,29.56,-9.13,-9.13,-9.13,10.42,10.42,False,False,False,False,False,False,False,False,False,2026-10-08
3931,3931.HK,CALB,中创新航,120.7,100,Equity,Equity Securities (Main Board),15.85,16.3,16.92,15.76,9346000,148.13,15.974,16.637,-0.78,-4.73,-1.25,0.89,-8.7,39.3,39.3,39.3,39.3,39.3,-56.95,-56.95,-56.95,59.67,59.67,False,False,False,False,False,False,False,False,False,2026-10-08
3933,3933.HK,UNITED LAB,联邦制药,147.97,"2,000",Equity,Equity Securities (Main Board),7.51,7.7,7.785,7.48,3162000,23.75,7.574,7.664,-0.84,-2.01,-1.31,0.07,-5.83,13.72,17.98,17.98,13.72,17.98,-43.26,-56.7,-56.7,45.26,58.23,False,False,False,False,False,False,False,False,False,2026-10-08
3938,3938.HK,LFG INV HLDGS,ＬＦＧ投资控股,13.24,"2,000",Equity,Equity Securities (Main Board),2.7,2.725,2.725,2.63,112000,0.3,2.719,2.785,-0.7,-3.05,-0.92,-1.82,-3.05,4.0,4.0,4.0,4.0,4.0,-31.88,-31.88,-31.88,32.5,32.5,False,False,False,False,False,False,False,False,False,2026-10-08
3939,3939.HK,WANGUO GOLD GP,万国黄金集团,552.62,500,Equity,Equity Securities (Main Board),12.55,12.67,12.98,12.38,17525670,219.95,12.95,13.165,-3.09,-4.67,-2.86,-3.68,-7.31,18.69,18.69,18.69,18.69,18.69,-30.55,-30.55,-30.55,32.85,32.85,False,False,False,False,False,False,False,False,False,2026-10-08
3952,3952.HK,LAIFUAL,来福谐波,43.32,100,Equity,Equity Securities (Main Board),41.6,43.14,43.24,40.8,83600,3.48,43.108,44.044,-3.5,-5.55,-3.57,-5.58,-3.26,119.6,119.6,119.6,119.6,119.6,-63.85,-63.85,-63.85,65.22,65.22,False,False,False,False,False,False,False,False,False,2026-10-08
3958,3958.HK,DFZQ,东方证券,57.47,400,Equity,Equity Securities (Main Board),5.595,5.73,5.755,5.565,4103200,22.96,5.641,5.668,-0.82,-1.3,-1.84,0.27,-2.01,7.63,8.96,9.2,7.63,8.96,-24.57,-35.77,-37.45,26.67,37.56,False,False,False,False,False,False,False,False,False,2026-10-08
3963,3963.HK,RONGZHONG FIN,融众金融,0.8,"10,000",Equity,Equity Securities (Main Board),0.132,0.11,0.132,0.11,150000,0.02,0.118,0.114,11.49,15.69,18.92,21.1,22.22,0.17,1.1,1.77,0.17,1.1,-24.57,-88.0,-92.54,24.57,88.0,False,False,False,True,False,False,False,False,False,2026-10-08
3968,3968.HK,CM BANK,招商银行,2371.2,500,Equity,Equity Securities (Main Board),51.65,50.95,52.55,50.95,13072981,675.22,50.98,51.03,1.31,1.21,1.37,1.87,0.29,53.6,56.75,72.45,53.6,56.75,-1.96,-7.4,-27.47,3.64,8.99,False,False,False,True,False,False,False,True,True,2026-10-08
3969,3969.HK,CHINA CRSC,中国通号,59.56,"1,000",Equity,Equity Securities (Main Board),3.025,3.01,3.04,2.995,7298000,22.08,2.988,2.978,1.24,1.6,1.17,2.54,0.83,3.95,4.28,7.5,3.95,4.28,-23.04,-28.97,-59.47,23.42,29.32,False,False,False,False,False,False,False,False,False,2026-10-08
3978,3978.HK,BESTSTUDY EDU,卓越教育集团,19.87,"1,000",Equity,Equity Securities (Main Board),2.35,2.31,2.35,2.275,582500,1.37,2.379,2.449,-1.22,-4.04,1.73,-2.29,-8.38,4.09,5.99,5.99,4.09,5.99,-42.54,-60.77,-60.77,42.54,60.77,False,False,False,False,False,False,False,False,False,2026-10-08
3983,3983.HK,CHINA BLUECHEM,中海石油化学,33.85,"2,000",Equity,Equity Securities (Main Board),1.885,1.865,1.935,1.865,3508000,6.61,1.856,1.872,1.56,0.69,1.89,2.17,0.0,3.69,3.69,3.69,3.69,3.69,-47.56,-47.56,-47.56,48.92,48.92,False,False,False,True,False,False,False,False,False,2026-10-08
3986,3986.HK,GIGADEVICE,兆易创新,132.61,100,Equity,Equity Securities (Main Board),398.8,434.2,440.4,398.8,1622951,647.23,436.0,451.64,-8.53,-11.7,-7.47,-11.89,-11.3,1248.0,1248.0,1248.0,1248.0,1248.0,-64.71,-64.71,-64.71,68.04,68.04,False,False,False,False,False,False,False,False,False,2026-10-08
3988,3988.HK,BANK OF CHINA,中国银行,5042.42,"1,000",Equity,Equity Securities (Main Board),6.03,5.96,6.115,5.95,202855183,1223.22,5.974,6.007,0.94,0.39,0.75,1.86,-0.9,6.14,6.14,6.14,6.14,6.14,-0.41,-0.41,-0.41,1.79,1.79,False,False,False,True,False,False,False,True,True,2026-10-08
3989,3989.HK,CAPITAL ENV,首创环境,11.44,"2,000",Equity,Equity Securities (Main Board),0.08,0.081,0.082,0.08,4558000,0.36,0.083,0.084,-4.08,-5.21,-4.76,-4.76,-6.98,0.15,0.15,0.39,0.15,0.15,-43.84,-43.84,-78.97,45.21,45.21,False,False,False,False,False,False,False,False,False,2026-10-08
3990,3990.HK,MIDEA REAL EST,美的置业,33.52,200,Equity,Equity Securities (Main Board),2.335,2.365,2.415,2.325,176200,0.41,2.357,2.337,-0.93,-0.09,-1.27,-1.27,-1.27,4.69,7.92,25.3,4.69,7.92,-48.51,-69.51,-90.45,50.21,70.52,False,False,False,False,False,False,False,False,False,2026-10-08
3991,3991.HK,CHANGHONG JH,长虹佳华,8.44,"2,000",Equity,Equity Securities (Main Board),0.58,0.58,0.585,0.575,668000,0.39,0.585,0.59,-0.85,-1.78,0.0,-1.69,-1.69,1.16,1.16,1.31,1.16,1.16,-49.57,-49.57,-55.34,50.0,50.0,False,False,False,False,False,False,False,False,False,2026-10-08
3993,3993.HK,CMOC,洛阳钼业,590.02,"3,000",Equity,Equity Securities (Main Board),15.0,15.2,15.35,14.83,19948584,299.23,15.172,15.111,-1.13,-0.73,-2.09,-1.25,-0.92,25.24,25.24,25.24,25.24,25.24,-39.18,-39.18,-39.18,40.57,40.57,False,False,False,False,False,False,False,False,False,2026-10-08
3996,3996.HK,CH ENERGY ENG,中国能源建设,96.33,"2,000",Equity,Equity Securities (Main Board),1.04,1.035,1.05,1.035,15090800,15.69,1.035,1.03,0.48,0.97,-0.95,1.46,0.0,1.55,1.96,1.96,1.55,1.96,-32.26,-46.43,-46.43,32.9,46.94,False,False,False,False,False,False,False,False,False,2026-10-08
3998,3998.HK,BOSIDENG,波司登,500.67,"2,000",Equity,Equity Securities (Main Board),4.27,4.085,4.31,4.085,36321464,155.09,4.077,4.043,4.73,5.61,4.53,6.35,6.48,4.99,5.37,6.93,4.99,5.37,-13.54,-19.74,-37.81,14.34,20.48,True,False,False,False,False,False,False,False,False,2026-10-08
3999,3999.HK,DACHAN FOOD,大成食品,6.0,"1,000",Equity,Equity Securities (Main Board),0.59,0.56,0.59,0.56,54000,0.03,0.582,0.581,1.37,1.55,1.72,1.72,1.72,0.67,0.7,0.99,0.67,0.7,-11.94,-15.71,-40.4,11.94,15.71,False,False,False,True,False,False,False,False,False,2026-10-08
6030,6030.HK,CITIC SEC,中信证券,805.96,500,Equity,Equity Securities (Main Board),23.54,24.16,24.38,23.46,3825505,90.05,23.836,24.064,-1.24,-2.18,-1.92,-1.42,-3.52,30.8,32.9,32.9,30.8,32.9,-20.84,-25.9,-25.9,23.57,28.45,False,False,False,False,False,False,False,False,False,2026-10-08
6031,6031.HK,SANY HEAVY IND,三一重工,116.09,200,Equity,Equity Securities (Main Board),16.11,16.98,16.98,16.04,3948108,63.6,16.876,16.88,-4.54,-4.56,-4.96,-5.9,-5.62,27.16,27.16,27.16,27.16,27.16,-37.48,-37.48,-37.48,40.68,40.68,False,False,False,False,False,False,False,False,False,2026-10-08
6036,6036.HK,APEX ACE HLDG,光丽科技,11.83,"5,000",Equity,Equity Securities (Main Board),1.1,1.085,1.1,1.08,255000,0.28,1.09,1.117,0.92,-1.52,0.92,0.0,0.92,2.0,2.0,2.0,2.0,2.0,-45.0,-45.0,-45.0,45.0,45.0,False,False,True,False,False,False,False,False,False,2026-10-08
6038,6038.HK,G & M HLDGS,信越控股,3.76,"10,000",Equity,Equity Securities (Main Board),0.375,0.395,0.4,0.37,850000,0.32,0.404,0.404,-7.18,-7.29,-6.25,-9.64,-10.71,0.47,0.47,0.61,0.47,0.47,-14.89,-14.89,-34.43,20.21,20.21,False,False,False,False,False,False,False,False,False,2026-10-08
6049,6049.HK,POLY PPT SER,保利物业,94.52,200,Equity,Equity Securities (Main Board),27.24,27.66,27.72,27.06,1848400,50.35,27.264,27.43,-0.09,-0.69,0.44,0.0,-2.71,35.06,40.65,92.85,35.06,40.65,-20.94,-31.81,-70.15,22.3,32.99,False,False,False,False,False,False,False,False,False,2026-10-08
6051,6051.HK,YOUZAN,有赞,18.86,"5,000",Equity,Equity Securities (Main Board),1.18,1.19,1.25,1.17,1714810,2.02,1.202,1.212,-1.83,-2.6,0.43,-3.67,-2.48,3.44,4.88,90.4,3.44,4.88,-63.66,-74.39,-98.62,65.7,75.82,False,False,False,False,False,False,False,False,False,2026-10-08
6055,6055.HK,CTIHK,中烟香港,162.13,"1,000",Equity,Equity Securities (Main Board),23.44,22.96,24.28,22.9,2304000,54.01,22.812,23.126,2.75,1.36,3.81,2.27,-0.09,46.5,48.1,48.1,46.5,48.1,-47.78,-49.52,-49.52,49.59,51.27,False,False,False,True,False,False,False,False,False,2026-10-08
6058,6058.HK,CISI FIN,兴证国际,20.8,"2,000",Equity,Equity Securities (Main Board),0.52,0.51,0.525,0.51,140000,0.07,0.534,0.543,-2.62,-4.24,-1.89,-4.59,-5.45,0.69,0.86,1.45,0.69,0.86,-23.91,-38.95,-63.79,24.64,39.53,False,False,False,False,False,False,False,False,False,2026-10-08
6060,6060.HK,ZA ONLINE,众安在线,153.51,100,Equity,Equity Securities (Main Board),9.39,9.605,9.775,9.34,6246693,58.66,9.487,9.597,-1.02,-2.16,-2.24,-0.9,-3.99,18.0,23.45,97.8,18.0,23.45,-45.69,-58.32,-90.01,47.83,59.96,False,False,False,False,False,False,False,False,False,2026-10-08
6063,6063.HK,LOTUS HORIZON,智中国际,18.0,"8,000",Equity,Equity Securities (Main Board),0.9,0.945,0.945,0.875,3624000,3.26,0.937,0.963,-3.95,-6.59,-4.76,-6.74,-10.0,1.49,1.49,1.7,1.49,1.49,-36.36,-36.36,-44.41,39.39,39.39,False,False,False,False,False,False,False,False,False,2026-10-08
6066,6066.HK,CSC,中信建投证券,139.09,500,Equity,Equity Securities (Main Board),11.03,11.18,11.37,10.98,4216448,46.51,11.144,11.212,-1.02,-1.62,-2.04,-0.81,-2.48,13.95,17.48,17.48,13.95,17.48,-18.49,-34.95,-34.95,20.93,36.9,False,False,False,False,False,False,False,False,False,2026-10-08
6067,6067.HK,SENIOR MATERIAL,星源材质,9.6,500,Equity,Equity Securities (Main Board),6.42,6.81,6.93,6.325,1582500,10.16,6.765,7.008,-5.1,-8.39,-4.96,-6.62,-6.28,13.41,13.41,13.41,13.41,13.41,-48.32,-48.32,-48.32,52.13,52.13,False,False,False,False,False,False,False,False,False,2026-10-08
6068,6068.HK,WISDOM EDU INTL,光正教育,1.22,"2,000",Equity,Equity Securities (Main Board),0.056,0.052,0.056,0.052,40000,0.0,0.057,0.058,-1.41,-3.61,-1.75,1.82,-6.67,0.09,0.43,7.5,0.09,0.43,-36.36,-86.82,-99.25,36.36,86.82,False,False,False,False,False,False,False,False,False,2026-10-08
6069,6069.HK,SY HOLDINGS,盛业,63.86,500,Equity,Equity Securities (Main Board),6.0,6.105,6.235,6.0,3851000,23.11,6.042,5.993,-0.7,0.12,-1.48,-1.48,-1.15,12.36,15.24,15.24,12.36,15.24,-49.56,-59.09,-59.09,51.46,60.63,False,False,False,False,False,False,False,False,False,2026-10-08
6078,6078.HK,HYGEIA HEALTH,海吉亚医疗,57.15,200,Equity,Equity Securities (Main Board),9.49,9.72,9.78,9.44,1026000,9.74,9.41,9.553,0.85,-0.66,0.74,1.77,-2.47,14.55,51.75,110.0,14.55,51.75,-32.78,-81.1,-91.11,34.78,81.66,True,False,False,False,False,False,False,False,False,2026-10-08
6080,6080.HK,WING CHI HLDGS,荣智控股,1.27,"6,000",Equity,Equity Securities (Main Board),0.113,0.115,0.115,0.113,144000,0.02,0.116,0.118,-2.75,-3.83,-4.24,-1.74,-1.74,0.24,0.24,0.86,0.24,0.24,-51.88,-51.88,-86.63,52.72,52.72,False,False,False,False,False,False,False,False,False,2026-10-08
6082,6082.HK,BIREN TECH,壁仞科技,413.52,200,Equity,Equity Securities (Main Board),30.36,34.44,34.44,30.24,55027947,1670.65,34.624,36.038,-12.32,-15.76,-11.85,-17.54,-18.78,70.75,70.75,70.75,70.75,70.75,-51.32,-51.32,-51.32,57.09,57.09,False,False,False,False,False,False,False,False,False,2026-10-08
6083,6083.HK,WORLD-LINK LOG,环宇物流（亚洲）,2.86,"4,000",Equity,Equity Securities (Main Board),0.57,0.62,0.62,0.54,936000,0.53,0.608,0.63,-6.25,-9.52,-7.32,-8.06,-8.06,1.2,1.2,3.0,1.2,1.2,-48.33,-48.33,-79.33,52.5,52.5,False,False,False,False,False,False,False,False,False,2026-10-08
6086,6086.HK,FANGZHOU JIANKE,方舟健客,11.64,500,Equity,Equity Securities (Main Board),0.84,0.89,0.89,0.8,307000,0.26,0.861,0.833,-2.44,0.9,-4.55,-0.59,-1.18,4.33,8.18,8.18,4.33,8.18,-79.45,-89.12,-89.12,80.6,89.73,False,False,False,False,False,False,False,False,False,2026-10-08
6088,6088.HK,FIT HON TENG,FIT HON TENG,340.72,"1,000",Equity,Equity Securities (Main Board),4.665,4.905,5.15,4.65,26965907,125.8,4.857,4.968,-3.95,-6.11,-4.89,-3.91,-5.66,10.89,10.89,10.89,10.89,10.89,-52.71,-52.71,-52.71,57.16,57.16,False,False,False,False,False,False,False,False,False,2026-10-08
6090,6090.HK,BUTONG GROUP,不同集团,36.48,100,Equity,Equity Securities (Main Board),41.1,41.34,41.38,40.48,261600,10.75,41.304,42.056,-0.49,-2.27,-0.58,-2.05,0.24,143.0,143.0,143.0,143.0,143.0,-71.06,-71.06,-71.06,71.26,71.26,False,False,False,False,False,False,False,False,False,2026-10-08
6098,6098.HK,CG SERVICES,碧桂园服务,172.61,"1,000",Equity,Equity Securities (Main Board),5.19,5.26,5.315,5.18,4270119,22.16,5.194,5.222,-0.08,-0.6,-0.57,0.68,-2.63,6.61,8.74,85.2,6.61,8.74,-19.59,-39.19,-93.76,21.48,40.62,False,False,False,False,False,False,False,False,False,2026-10-08
6099,6099.HK,CMSC,招商证券,174.86,200,Equity,Equity Securities (Main Board),13.72,14.02,14.14,13.72,4294400,58.92,13.964,14.198,-1.75,-3.37,-1.79,-1.72,-5.51,18.65,26.05,26.05,18.65,26.05,-24.18,-45.72,-45.72,26.43,47.33,False,False,False,False,False,False,False,False,False,2026-10-08
6100,6100.HK,TONGDAO LIEPIN,同道猎聘,10.25,200,Equity,Equity Securities (Main Board),2.03,2.035,2.04,2.0,364200,0.74,2.008,2.043,1.1,-0.61,0.25,3.57,-1.93,4.8,7.5,36.0,4.8,7.5,-57.5,-72.8,-94.33,57.71,72.93,True,False,True,False,False,False,False,False,False,2026-10-08
6106,6106.HK,SEER TECH,仙工智能,62.6,50,Equity,Equity Securities (Main Board),56.65,58.95,59.3,55.6,361050,20.45,59.28,61.23,-4.44,-7.48,-4.87,-6.83,-3.98,140.5,140.5,140.5,140.5,140.5,-57.79,-57.79,-57.79,59.68,59.68,False,False,False,False,False,False,False,False,False,2026-10-08
6108,6108.HK,NEW RAY MEDIC,新锐医药,0.43,"8,000",Equity,Equity Securities (Main Board),0.215,0.216,0.217,0.213,565600,0.12,0.218,0.218,-1.47,-1.6,-0.92,-1.38,-4.87,0.29,0.84,27.6,0.29,0.84,-26.44,-74.17,-99.21,27.12,74.4,False,False,False,False,False,False,False,False,False,2026-10-08
6110,6110.HK,TOPSPORTS,滔搏,63.87,"1,000",Equity,Equity Securities (Main Board),1.03,1.03,1.05,1.02,8532000,8.79,1.028,1.022,0.19,0.73,0.0,0.98,-1.9,3.19,6.96,13.78,3.19,6.96,-67.08,-84.91,-92.38,67.71,85.2,False,False,False,True,False,False,False,False,False,2026-10-08
6113,6113.HK,BITSTRAT HLDGS,比特策略,4.8,"2,000",Equity,Equity Securities (Main Board),1.2,1.145,1.28,1.145,60000,0.07,1.211,1.288,-0.91,-6.83,0.42,-0.83,-9.77,3.5,7.8,7.8,3.5,7.8,-63.43,-83.59,-83.59,65.71,84.62,False,False,False,False,False,False,False,False,False,2026-10-08
6117,6117.HK,RIZHAO PORT JR,日照港裕廊,4.67,"2,000",Equity,Equity Securities (Main Board),0.57,0.57,0.57,0.57,46000,0.03,0.578,0.575,-1.38,-0.87,-1.72,-1.72,-0.87,1.1,1.1,5.51,1.1,1.1,-48.18,-48.18,-89.66,48.18,48.18,False,False,False,False,False,False,False,False,False,2026-10-08
6123,6123.HK,YTO INTL EXP,圆通国际快递,4.71,"2,000",Equity,Equity Securities (Main Board),1.12,1.12,1.12,1.12,46000,0.05,1.144,1.163,-2.1,-3.74,0.0,-3.45,-3.86,1.6,1.75,12.3,1.6,1.75,-30.0,-36.0,-90.89,30.0,36.0,False,False,False,False,False,False,False,False,False,2026-10-08
6127,6127.HK,JOINN,昭衍新药,35.79,100,Equity,Equity Securities (Main Board),30.08,29.9,31.3,28.88,9798694,294.74,30.568,29.148,-1.6,3.2,1.97,-1.83,-2.34,32.58,32.58,70.41,32.58,32.58,-3.93,-3.93,-55.54,7.67,7.67,False,False,False,False,False,False,False,True,True,2026-10-08
6132,6132.HK,HJ SCIENCE-B,华健未来－Ｂ,27.51,100,Equity,Equity Securities (Main Board),37.38,38.32,38.88,36.52,70700,2.64,36.908,37.126,1.28,0.68,-2.55,3.49,3.6,82.0,82.0,82.0,82.0,82.0,-52.59,-52.59,-52.59,54.41,54.41,False,False,False,True,False,False,False,False,False,2026-10-08
6136,6136.HK,KANGDA ENV,康达环保,17.3,"1,000",Equity,Equity Securities (Main Board),0.75,0.74,0.75,0.71,374000,0.28,0.76,0.764,-1.32,-1.83,-0.66,-3.23,-1.32,0.92,0.92,2.3,0.92,0.92,-18.48,-18.48,-67.39,18.48,18.48,False,False,False,False,False,False,False,False,False,2026-10-08
6138,6138.HK,HARBIN BANK,哈尔滨银行,9.22,"1,000",Equity,Equity Securities (Main Board),0.305,0.31,0.31,0.305,1384000,0.42,0.31,0.312,-1.61,-2.24,-1.61,-1.61,-4.69,0.4,0.57,2.8,0.4,0.57,-21.52,-45.61,-88.93,22.78,46.49,False,False,False,False,False,False,False,False,False,2026-10-08
6158,6158.HK,ZHENRO PPT,正荣地产,1.09,"1,000",Equity,Equity Securities (Main Board),0.025,0.027,0.027,0.025,10619000,0.27,0.027,0.027,-6.72,-7.06,-7.41,-3.85,-10.71,0.12,0.28,6.64,0.12,0.28,-76.52,-90.36,-99.59,78.26,91.07,False,False,False,False,False,False,False,False,False,2026-10-08
6160,6160.HK,BEONE MEDICINES,百济神州,3040.0,100,Equity,Equity Securities (Main Board),213.0,218.2,221.8,212.4,3664735,780.59,216.28,217.38,-1.52,-2.01,-1.84,-2.56,-5.5,235.6,235.6,278.6,235.6,235.6,-5.86,-5.86,-20.39,9.59,9.59,False,False,False,False,False,False,False,True,True,2026-10-08
6162,6162.HK,TR INTERIORS,天瑞汽车内饰,0.79,"8,000",Equity,Equity Securities (Main Board),0.033,0.035,0.036,0.032,7584000,0.25,0.035,0.039,-6.25,-15.6,-5.71,-10.81,-15.38,0.6,0.66,0.66,0.6,0.66,-94.0,-94.55,-94.55,94.5,95.0,False,False,False,False,False,False,False,False,False,2026-10-08
6166,6166.HK,CIG,剑桥科技,102.67,50,Equity,Equity Securities (Main Board),110.8,112.0,122.2,107.2,14985450,1660.39,115.46,113.05,-4.04,-1.99,-3.06,-8.88,0.0,173.0,173.0,173.0,173.0,173.0,-29.36,-29.36,-29.36,35.95,35.95,False,False,False,False,False,False,False,False,False,2026-10-08
6168,6168.HK,ZHOU LIU FU,周六福,30.18,100,Equity,Equity Securities (Main Board),11.6,11.7,12.31,11.52,1660000,19.26,11.85,12.163,-2.11,-4.63,0.69,-4.29,-5.15,31.3,57.55,57.55,31.3,57.55,-60.67,-78.61,-78.61,62.94,79.84,False,False,False,False,False,False,False,False,False,2026-10-08
6169,6169.HK,YUHUA EDU,宇华教育,15.73,"2,000",Equity,Equity Securities (Main Board),0.365,0.36,0.365,0.355,290000,0.11,0.358,0.358,1.96,2.1,1.39,2.82,4.29,0.58,0.93,8.54,0.58,0.93,-37.07,-60.75,-95.73,37.07,60.75,False,False,True,True,False,False,False,False,False,2026-10-08
6178,6178.HK,EB SECURITIES,光大证券,47.35,200,Equity,Equity Securities (Main Board),6.725,7.005,7.02,6.725,1058000,7.12,6.817,6.894,-1.35,-2.46,-1.47,-1.32,-4.47,9.74,13.52,13.52,9.74,13.52,-27.93,-48.08,-48.08,30.95,50.26,False,False,False,False,False,False,False,False,False,2026-10-08
6181,6181.HK,LAOPU GOLD,老铺黄金,461.34,100,Equity,Equity Securities (Main Board),321.4,320.0,326.4,319.8,516978,166.16,323.52,329.5,-0.66,-2.46,0.06,-1.17,-3.71,898.0,1108.0,1108.0,898.0,1108.0,-63.65,-70.54,-70.54,64.21,70.99,False,False,False,False,False,False,False,False,False,2026-10-08
6182,6182.HK,TWINTEK,乙德投资控股,5.32,"8,000",Equity,Equity Securities (Main Board),0.665,0.675,0.71,0.665,2152000,1.43,0.629,0.644,5.72,3.34,-1.48,10.83,6.4,1.28,1.35,1.35,1.28,1.35,-44.53,-47.41,-47.41,48.05,50.74,False,False,False,False,False,False,False,False,False,2026-10-08
6185,6185.HK,CANSINOBIO,康希诺生物,47.71,200,Equity,Equity Securities (Main Board),35.96,39.2,39.68,35.74,10830949,389.48,36.96,34.482,-2.71,4.29,-5.37,1.01,-1.59,41.64,56.55,449.6,41.64,56.55,-4.71,-29.83,-91.17,13.64,36.41,False,False,False,False,False,False,False,False,False,2026-10-08
6186,6186.HK,CHINA FEIHE,中国飞鹤,234.72,"1,000",Equity,Equity Securities (Main Board),2.665,2.725,2.74,2.65,22960957,61.19,2.716,2.674,-1.88,-0.34,-2.38,-2.2,-2.38,4.1,7.38,25.7,4.1,7.38,-33.17,-62.87,-89.34,35.0,63.89,False,False,False,False,False,False,False,False,False,2026-10-08
6188,6188.HK,BJ DIGITAL,迪信通,1.95,500,Equity,Equity Securities (Main Board),0.355,0.365,0.365,0.305,641500,0.23,0.361,0.355,-1.66,-0.14,-2.74,16.39,1.43,0.82,2.89,3.84,0.82,2.89,-55.49,-87.37,-90.49,56.71,87.72,False,False,False,False,False,False,False,False,False,2026-10-08
6190,6190.HK,BANKOFJIUJIANG,九江银行,13.51,200,Equity,Equity Securities (Main Board),2.8,2.8,2.8,2.45,2600,0.01,2.7,2.685,3.7,4.28,4.67,4.67,4.67,3.15,7.0,11.16,3.15,7.0,-11.11,-60.0,-74.91,11.11,60.0,False,False,False,True,False,False,False,False,False,2026-10-08
6193,6193.HK,TAILAM TECHCON,泰林科建,1.42,"2,000",Equity,Equity Securities (Main Board),0.355,0.355,0.355,0.355,42000,0.01,0.367,0.384,-3.27,-7.67,1.43,-4.05,-10.13,0.52,0.52,3.0,0.52,0.52,-31.73,-31.73,-88.17,31.73,31.73,False,False,False,False,False,False,False,False,False,2026-10-08
6196,6196.HK,BANKOFZHENGZHOU,郑州银行,17.17,"1,000",Equity,Equity Securities (Main Board),0.85,0.855,0.865,0.845,8027000,6.82,0.832,0.853,2.16,-0.35,1.8,3.66,-2.86,1.19,1.48,4.23,1.19,1.48,-27.31,-41.55,-79.57,28.57,42.57,False,False,False,False,False,False,False,False,False,2026-10-08
6198,6198.HK,QINGDAO PORT,青岛港,83.75,"1,000",Equity,Equity Securities (Main Board),7.62,7.485,7.77,7.485,8132833,61.97,7.516,7.558,1.38,0.83,2.14,2.01,0.2,7.95,7.95,7.95,7.95,7.95,-2.26,-2.26,-2.26,4.15,4.15,False,False,False,True,False,False,False,True,True,2026-10-08
6199,6199.HK,BANK OF GUIZHOU,贵州银行,20.57,"1,000",Equity,Equity Securities (Main Board),0.935,0.93,0.935,0.93,50000,0.05,0.917,0.918,1.96,1.85,1.08,3.31,2.19,1.18,1.8,2.92,1.18,1.8,-20.76,-48.06,-67.98,20.76,48.06,False,False,False,False,False,False,False,False,False,2026-10-08
6228,6228.HK,MERDEKAGOLD-DRS,自由黄金－ＤＲＳ,5076.43,100,Equity,Depositary Receipts,34.46,34.8,35.3,34.06,1267400,43.67,34.152,33.896,0.9,1.66,-0.98,1.35,1.65,41.58,41.58,41.58,41.58,41.58,-15.1,-15.1,-15.1,17.12,17.12,False,False,False,False,False,False,False,False,False,2026-10-08
6600,6600.HK,ONEROBOTICS,卧安机器人,100.28,100,Equity,Equity Securities (Main Board),44.5,43.2,46.46,42.7,150400,6.69,45.296,44.638,-1.76,-0.31,-4.91,-3.68,-1.68,201.6,201.6,201.6,201.6,201.6,-76.95,-76.95,-76.95,77.93,77.93,False,False,False,False,False,False,False,False,False,2026-10-08
6601,6601.HK,CHEERWIN GP,朝云集团,29.73,500,Equity,Equity Securities (Main Board),2.23,2.23,2.25,2.2,485500,1.08,2.195,2.249,1.59,-0.82,0.22,2.76,-1.76,2.52,3.21,9.36,2.52,3.21,-10.71,-29.91,-75.96,11.51,30.53,True,False,False,False,False,False,False,False,False,2026-10-08
6603,6603.HK,IFBH,IFBH,11.23,200,Equity,Equity Securities (Main Board),4.24,4.35,4.355,3.985,458600,1.94,4.268,4.216,-0.66,0.57,-3.64,0.95,0.83,21.56,48.8,48.8,21.56,48.8,-79.8,-91.08,-91.08,80.33,91.31,False,False,False,False,False,False,False,False,False,2026-10-08
6608,6608.HK,BAIRONG AI-W,百融智能－Ｗ,20.25,500,Equity,Equity Securities (Main Board),5.47,5.74,5.74,5.4,2057000,11.25,5.33,5.041,2.63,8.52,-4.29,5.29,11.52,13.64,14.8,29.45,13.64,14.8,-57.92,-61.22,-80.51,59.9,63.04,False,False,False,False,False,False,False,False,False,2026-10-08
6609,6609.HK,HEARTCARE-B,心玮医疗－Ｂ,17.87,50,Equity,Equity Securities (Main Board),58.4,62.3,65.0,58.15,93600,5.47,56.98,55.12,2.49,5.95,-6.34,7.85,8.85,66.9,71.25,147.5,66.9,71.25,-2.84,-8.77,-55.93,12.71,18.04,False,False,False,False,False,False,False,False,False,2026-10-08
6610,6610.HK,FLOWING CLOUD,飞天云动,0.98,"1,000",Equity,Equity Securities (Main Board),0.75,0.76,0.765,0.745,310000,0.23,0.739,0.724,1.49,3.52,-1.32,5.63,4.17,2.29,42.4,104.2,2.29,42.4,-66.59,-98.2,-99.27,67.25,98.23,False,False,False,False,False,False,False,False,False,2026-10-08
6613,6613.HK,LENS,蓝思科技,62.91,200,Equity,Equity Securities (Main Board),20.86,21.94,21.94,20.4,11764688,245.41,21.468,21.418,-2.83,-2.61,-4.14,-3.25,-3.43,32.58,33.94,33.94,32.58,33.94,-32.66,-35.36,-35.36,35.97,38.54,False,False,False,False,False,False,False,False,False,2026-10-08
6616,6616.HK,GLOBAL NEW MAT,环球新材国际,116.48,"1,000",Equity,Equity Securities (Main Board),9.33,9.35,9.4,9.09,1081000,10.09,9.202,9.256,1.39,0.79,0.11,1.36,-3.47,11.18,11.18,11.36,11.18,11.18,-15.92,-15.92,-17.25,16.55,16.55,False,False,True,True,False,False,False,False,False,2026-10-08
6618,6618.HK,JD HEALTH,京东健康,1128.15,50,Equity,Equity Securities (Main Board),35.36,35.34,35.92,35.0,5527306,195.45,35.06,35.376,0.86,-0.05,0.06,1.55,-1.78,71.7,71.7,198.5,71.7,71.7,-49.9,-49.9,-81.9,50.68,50.68,True,False,True,False,False,False,False,False,False,2026-10-08
6622,6622.HK,ZHAOKE OPHTH-B,兆科眼科－Ｂ,13.01,500,Equity,Equity Securities (Main Board),2.37,2.42,2.43,2.28,304000,0.72,2.446,2.482,-3.11,-4.49,-4.44,-1.86,-5.2,3.79,4.6,15.6,3.79,4.6,-35.88,-47.17,-84.42,37.47,48.48,False,False,False,False,False,False,False,False,False,2026-10-08
6623,6623.HK,LUFAX,陆控,77.14,100,Equity,Equity Securities (Main Board),4.45,4.5,4.505,4.405,68100,0.3,4.773,5.27,-6.77,-15.57,-2.52,-7.87,-17.59,10.9,21.8,38.0,10.9,21.8,-58.67,-79.33,-88.14,59.17,79.59,False,False,False,False,False,False,False,False,False,2026-10-08
6626,6626.HK,YUEXIU SERVICES,越秀服务,26.29,500,Equity,Equity Securities (Main Board),1.75,1.755,1.77,1.75,324930,0.57,1.762,1.767,-0.68,-0.96,-1.13,-0.85,-1.13,2.56,3.94,5.73,2.56,3.94,-30.86,-55.08,-69.11,31.64,55.58,False,False,False,False,False,False,False,False,False,2026-10-08
6628,6628.HK,TRANSCENTA-B,创胜集团医药－Ｂ,3.85,500,Equity,Equity Securities (Main Board),0.85,0.895,0.92,0.805,2309500,1.96,0.904,0.964,-5.97,-11.83,-5.56,-9.09,-14.57,3.06,5.8,16.18,3.06,5.8,-69.93,-84.14,-94.31,72.22,85.34,False,False,False,False,False,False,False,False,False,2026-10-08
6633,6633.HK,QINGCI GAMES,青瓷游戏,17.35,500,Equity,Equity Securities (Main Board),2.51,2.5,2.505,2.5,1000,0.0,3.006,3.074,-16.5,-18.35,-19.81,-19.81,-19.81,3.48,6.48,11.84,3.48,6.48,-28.02,-61.34,-78.84,27.87,61.27,False,False,False,False,False,False,False,False,False,2026-10-08
6636,6636.HK,EXTREME VISION,极视角,83.87,50,Equity,Equity Securities (Main Board),74.65,75.1,75.1,72.35,67650,5.05,72.83,73.13,2.5,2.08,0.74,5.74,4.41,131.1,131.1,131.1,131.1,131.1,-42.72,-42.72,-42.72,43.06,43.06,True,False,False,True,False,False,False,False,False,2026-10-08
6651,6651.HK,51WORLD,五一视界,210.0,200,Equity,Equity Securities (Main Board),52.45,56.95,57.0,52.35,1085280,56.92,54.34,54.375,-3.48,-3.54,-9.49,-1.04,-5.32,147.0,147.0,147.0,147.0,147.0,-61.22,-61.22,-61.22,64.32,64.32,False,False,False,False,False,False,False,False,False,2026-10-08
6655,6655.HK,HX BLDG MAT,华新建材,113.0,100,Equity,Equity Securities (Main Board),15.38,15.0,15.8,14.85,2440800,37.54,14.862,15.155,3.49,1.48,3.85,6.0,0.13,20.2,20.2,20.2,20.2,20.2,-21.78,-21.78,-21.78,23.86,23.86,True,False,False,True,False,False,False,False,False,2026-10-08
6656,6656.HK,SIGENERGY,思格新能,318.98,100,Equity,Equity Securities (Main Board),225.0,244.6,249.8,222.6,538508,121.16,255.24,281.5,-11.85,-20.07,-8.01,-17.28,-19.7,669.0,669.0,669.0,669.0,669.0,-62.66,-62.66,-62.66,66.37,66.37,False,False,False,False,False,False,False,False,False,2026-10-08
6657,6657.HK,BAIWANG CO,百望股份,29.96,100,Equity,Equity Securities (Main Board),13.26,13.51,13.86,12.63,82700,1.1,14.166,14.665,-6.4,-9.58,-5.82,-9.92,-13.16,20.0,51.5,51.5,20.0,51.5,-30.7,-73.09,-73.09,33.7,74.25,False,False,False,False,False,False,False,False,False,2026-10-08
6658,6658.HK,LIULIUMEI,溜溜梅,142.41,100,Equity,Equity Securities (Main Board),180.7,188.0,189.7,176.9,86900,15.7,178.06,179.8,1.48,0.5,-3.88,2.67,8.92,216.6,216.6,216.6,216.6,216.6,-12.42,-12.42,-12.42,16.57,16.57,False,False,False,True,False,False,False,False,False,2026-10-08
6660,6660.HK,AIM VACCINE,艾美疫苗,8.96,200,Equity,Equity Securities (Main Board),1.765,1.825,1.88,1.765,210000,0.37,1.768,1.734,-0.17,1.82,-6.61,2.02,3.52,3.78,31.1,100.0,3.78,31.1,-50.26,-93.95,-98.12,53.31,94.32,False,False,False,False,False,False,False,False,False,2026-10-08
6663,6663.HK,IWS GROUP,国际永胜集团,3.36,"10,000",Equity,Equity Securities (Main Board),0.42,0.42,0.42,0.42,390000,0.16,0.386,0.375,8.81,11.85,5.0,20.0,7.69,0.43,0.7,1.49,0.43,0.7,-2.33,-40.0,-71.81,2.33,40.0,False,False,False,False,False,False,False,True,False,2026-10-08
6666,6666.HK,EVERG SERVICES,恒大物业,123.24,500,Equity,Equity Securities (Main Board),1.14,1.2,1.215,1.14,24732500,28.2,1.159,1.19,-1.64,-4.24,-3.39,-0.44,-0.44,1.7,1.7,19.74,1.7,1.7,-28.53,-28.53,-93.84,32.94,32.94,False,False,False,False,False,False,False,False,False,2026-10-08
6667,6667.HK,MEGA GENOMICS,美因基因,15.9,200,Equity,Equity Securities (Main Board),7.175,7.3,7.3,7.155,189800,1.36,7.149,7.102,0.36,1.03,-1.31,2.06,2.28,7.53,12.4,21.0,7.53,12.4,-3.05,-41.13,-65.24,4.71,42.14,False,False,False,False,False,False,False,True,False,2026-10-08
6668,6668.HK,E-STAR CM,星盛商业,14.2,"1,000",Equity,Equity Securities (Main Board),1.4,1.385,1.4,1.385,50000,0.07,1.393,1.393,0.5,0.47,0.72,0.36,1.08,1.43,1.56,6.15,1.43,1.56,-2.1,-10.26,-77.24,2.1,10.26,False,False,False,True,False,False,False,True,False,2026-10-08
6669,6669.HK,ACOTEC-B,先瑞达医疗－Ｂ,18.35,"1,000",Equity,Equity Securities (Main Board),5.855,5.82,5.995,5.73,540268,3.16,5.942,6.032,-1.46,-2.93,1.47,-3.54,-7.21,15.32,15.47,19.88,15.32,15.47,-60.87,-61.25,-69.84,61.78,62.15,False,False,False,False,False,False,False,False,False,2026-10-08
6675,6675.HK,SENASIC,SENASIC,79.13,200,Equity,Equity Securities (Main Board),20.72,22.04,22.04,20.1,273200,5.66,22.436,23.91,-7.65,-13.34,-4.43,-9.91,-14.8,45.48,45.48,45.48,45.48,45.48,-51.54,-51.54,-51.54,54.44,54.44,False,False,False,False,False,False,False,False,False,2026-10-08
6676,6676.HK,ZG GROUP-W,找钢网－Ｗ,5.81,500,Equity,Equity Securities (Main Board),0.66,0.67,0.67,0.62,47000,0.03,0.648,0.65,1.85,1.54,0.0,2.33,2.33,2.19,8.21,8.21,2.19,8.21,-69.41,-91.84,-91.84,69.86,91.96,False,False,False,True,False,False,False,False,False,2026-10-08
6677,6677.HK,SINO-OCEAN SERV,远洋服务,3.32,500,Equity,Equity Securities (Main Board),0.28,0.28,0.305,0.28,828500,0.23,0.278,0.278,0.72,0.72,1.82,0.0,-1.75,0.46,0.88,6.88,0.46,0.88,-33.7,-65.34,-95.57,39.13,68.18,False,False,False,False,False,False,False,False,False,2026-10-08
6680,6680.HK,JLMAG,金力永磁,35.93,200,Equity,Equity Securities (Main Board),14.9,15.11,15.33,14.9,1673918,24.94,15.082,15.172,-1.21,-1.79,-2.36,-1.46,-0.6,25.94,29.3,29.3,25.94,29.3,-40.9,-47.68,-47.68,42.56,49.15,False,False,False,False,False,False,False,False,False,2026-10-08
6681,6681.HK,BRAINAURORA-B,脑动极光－Ｂ,13.99,"1,000",Equity,Equity Securities (Main Board),1.03,1.095,1.125,1.03,8693000,8.95,1.065,1.119,-3.29,-7.99,-2.83,-3.29,-10.04,8.48,17.79,17.79,8.48,17.79,-86.73,-93.68,-93.68,87.85,94.21,False,False,False,False,False,False,False,False,False,2026-10-08
6682,6682.HK,PHANCY,范式智能,88.04,100,Equity,Equity Securities (Main Board),24.58,25.8,26.2,24.58,5421600,133.26,25.488,26.104,-3.56,-5.84,-4.13,-2.77,-8.15,61.95,115.0,115.0,61.95,115.0,-57.71,-77.22,-77.22,60.32,78.63,False,False,False,False,False,False,False,False,False,2026-10-08
6683,6683.HK,STARPLUS LEGEND,巨星传奇,35.94,500,Equity,Equity Securities (Main Board),3.75,3.76,3.85,3.665,2071500,7.77,3.701,3.74,1.32,0.28,0.54,3.31,-0.92,11.15,17.64,17.64,11.15,17.64,-65.47,-78.17,-78.17,66.37,78.74,True,False,True,True,False,False,False,False,False,2026-10-08
6687,6687.HK,JST GROUP,聚水潭,48.62,100,Equity,Equity Securities (Main Board),11.5,11.9,12.24,11.5,540000,6.21,12.084,12.345,-4.83,-6.84,-1.88,-6.5,-8.29,33.66,41.72,41.72,33.66,41.72,-63.64,-70.66,-70.66,65.83,72.44,False,False,False,False,False,False,False,False,False,2026-10-08
6690,6690.HK,HAIER SMARTHOME,海尔智家,576.42,200,Equity,Equity Securities (Main Board),20.2,19.72,20.24,19.7,7827337,158.11,19.958,20.018,1.21,0.91,2.43,1.76,-0.2,28.2,36.45,38.45,28.2,36.45,-28.23,-44.47,-47.36,28.37,44.58,False,False,False,True,False,False,False,False,False,2026-10-08
6693,6693.HK,CHIFENG GOLD,赤峰黄金,80.13,200,Equity,Equity Securities (Main Board),33.88,34.44,35.46,33.52,3852860,130.53,34.776,35.036,-2.58,-3.3,-2.42,-3.53,-6.72,49.9,49.9,49.9,49.9,49.9,-28.94,-28.94,-28.94,32.1,32.1,False,False,False,False,False,False,False,False,False,2026-10-08
6698,6698.HK,STAR CM,星空华文,3.34,100,Equity,Equity Securities (Main Board),0.84,0.84,0.845,0.84,10200,0.01,0.847,0.835,-0.83,0.6,0.0,-1.18,-0.59,1.19,30.4,132.0,1.19,30.4,-28.99,-97.22,-99.36,29.41,97.24,False,False,False,False,False,False,False,False,False,2026-10-08
6699,6699.HK,ANGELALIGN,时代天使,143.38,200,Equity,Equity Securities (Main Board),83.2,83.2,84.25,82.7,217000,18.05,83.6,84.045,-0.48,-1.01,0.0,-0.06,-2.58,100.0,100.0,490.0,100.0,100.0,-15.75,-15.75,-82.81,16.8,16.8,False,False,False,False,False,False,False,False,False,2026-10-08
6715,6715.HK,XUNLONG SCITECH,鲟龙科技,64.02,100,Equity,Equity Securities (Main Board),58.8,61.0,63.0,57.85,177800,10.45,60.56,62.09,-2.91,-5.3,-3.29,-3.45,-5.47,120.2,120.2,120.2,120.2,120.2,-47.59,-47.59,-47.59,51.08,51.08,False,False,False,False,False,False,False,False,False,2026-10-08
6727,6727.HK,TRANSWARP,星环科技,4.7,100,Equity,Equity Securities (Main Board),33.54,32.86,35.5,32.28,631000,21.16,32.492,34.256,3.23,-2.09,3.65,4.42,-2.73,49.5,49.5,49.5,49.5,49.5,-28.28,-28.28,-28.28,32.24,32.24,False,False,False,False,False,False,False,False,False,2026-10-08
6745,6745.HK,BEFAR GROUP,滨化股份,9.93,"1,000",Equity,Equity Securities (Main Board),2.82,2.875,2.915,2.805,1127000,3.18,2.802,2.842,0.64,-0.79,0.71,1.81,-2.76,4.19,4.19,4.19,4.19,4.19,-30.43,-30.43,-30.43,32.7,32.7,False,False,False,False,False,False,False,False,False,2026-10-08
6805,6805.HK,KIMOU ENVIRON,金茂源环保,31.33,"2,000",Equity,Equity Securities (Main Board),2.835,2.84,2.84,2.835,66000,0.19,2.869,2.889,-1.19,-1.87,0.0,-2.91,1.07,3.99,3.99,3.99,3.99,3.99,-28.82,-28.82,-28.82,28.95,28.95,False,False,False,False,False,False,False,False,False,2026-10-08
6806,6806.HK,SWHY,申万宏源,58.22,800,Equity,Equity Securities (Main Board),2.325,2.36,2.405,2.325,8155200,18.96,2.343,2.374,-0.77,-2.04,-1.27,-0.85,-3.53,3.4,4.65,4.65,3.4,4.65,-29.26,-48.28,-48.28,31.62,50.0,False,False,False,False,False,False,False,False,False,2026-10-08
6808,6808.HK,SUNART RETAIL,高鑫零售,96.36,500,Equity,Equity Securities (Main Board),1.01,1.02,1.03,1.005,4520000,4.57,1.021,1.029,-1.08,-1.89,-0.49,-2.88,-2.42,1.94,2.8,13.4,1.94,2.8,-46.91,-63.21,-92.31,47.94,63.93,False,False,False,False,False,False,False,False,False,2026-10-08
6809,6809.HK,MONTAGE TECH,澜起科技,207.16,100,Equity,Equity Securities (Main Board),273.4,291.0,293.6,273.0,2021543,552.69,293.92,293.68,-6.98,-6.91,-6.05,-10.3,-4.87,543.0,543.0,543.0,543.0,543.0,-45.93,-45.93,-45.93,49.65,49.65,False,False,False,False,False,False,False,False,False,2026-10-08
6810,6810.HK,SUNMI TECH-W,商米科技－Ｗ,163.57,100,Equity,Equity Securities (Main Board),53.8,52.65,54.45,51.3,1237546,66.58,52.294,52.305,2.88,2.86,2.28,0.94,14.03,99.8,99.8,99.8,99.8,99.8,-45.44,-45.44,-45.44,46.09,46.09,False,False,False,True,False,False,False,False,False,2026-10-08
6811,6811.HK,TAI HING GROUP,太兴集团,15.15,"1,000",Equity,Equity Securities (Main Board),1.56,1.58,1.595,1.555,2281000,3.56,1.563,1.56,-0.19,-0.0,-1.27,0.0,0.97,1.62,1.62,3.01,1.62,1.62,-1.24,-1.24,-47.01,3.41,3.41,False,False,False,False,False,False,False,True,True,2026-10-08
6812,6812.HK,WINSON HLDGS HK,永顺控股香港,1.49,"5,000",Equity,Equity Securities (Main Board),0.248,0.248,0.248,0.248,20000,0.0,0.247,0.247,0.4,0.4,0.81,-0.8,-0.8,0.34,0.34,0.8,0.34,0.34,-28.12,-28.12,-69.0,28.12,28.12,False,False,False,False,False,False,False,False,False,2026-10-08
6818,6818.HK,CEB BANK,中国光大银行,358.81,"1,000",Equity,Equity Securities (Main Board),2.83,2.8,2.855,2.795,16516104,46.74,2.792,2.795,1.36,1.27,1.25,2.35,0.0,3.66,4.13,4.76,3.66,4.13,-21.99,-30.87,-40.02,22.68,31.48,True,False,False,False,False,False,False,False,False,2026-10-08
6820,6820.HK,FRIENDTIMES,友谊时光,7.74,"2,000",Equity,Equity Securities (Main Board),0.355,0.36,0.36,0.35,10000,0.0,0.358,0.359,-0.84,-1.11,-1.39,-1.39,1.43,0.67,1.65,4.08,0.67,1.65,-46.27,-78.18,-91.18,47.01,78.48,False,False,False,False,False,False,False,False,False,2026-10-08
6821,6821.HK,ASYMCHEM,凯莱英,45.37,100,Equity,Equity Securities (Main Board),163.0,165.7,170.7,160.2,571664,93.18,166.6,162.52,-2.16,0.3,-1.51,-2.51,-4.34,178.0,178.0,277.14,178.0,178.0,-4.1,-4.1,-38.41,8.43,8.43,False,False,False,False,False,False,False,True,True,2026-10-08
6822,6822.HK,KING'S FLAIR,科劲国际,2.66,"2,000",Equity,Equity Securities (Main Board),0.38,0.38,0.38,0.375,56000,0.02,0.382,0.389,-0.52,-2.19,0.0,1.33,-3.8,0.43,0.7,1.79,0.43,0.7,-11.63,-45.71,-78.77,11.63,45.71,False,False,False,False,False,False,False,False,False,2026-10-08
6823,6823.HK,HKT-SS,香港电讯－ＳＳ,898.51,"1,000",Equity,Equity Securities (Main Board),11.85,11.94,11.98,11.85,5861049,69.45,11.92,12.06,-0.59,-1.74,-0.67,-0.84,-2.07,13.58,13.58,13.58,13.58,13.58,-11.78,-11.78,-11.78,12.74,12.74,False,False,False,False,False,False,False,False,False,2026-10-08
6826,6826.HK,HAOHAI BIOTEC,昊海生物科技,5.59,100,Equity,Equity Securities (Main Board),16.07,15.96,16.14,15.48,97500,1.57,15.982,15.917,0.55,0.96,3.68,-1.59,-1.71,27.06,45.9,150.0,27.06,45.9,-40.35,-64.84,-89.24,40.61,64.99,False,False,False,True,False,False,False,False,False,2026-10-08
6828,6828.HK,BG BLUE SKY,北京燃气蓝天,7.73,"8,000",Equity,Equity Securities (Main Board),0.034,0.033,0.034,0.033,5080000,0.17,0.034,0.034,1.19,0.0,3.03,0.0,0.0,0.05,0.07,0.7,0.05,0.07,-34.62,-54.05,-95.14,34.62,54.05,False,False,False,True,False,False,False,False,False,2026-10-08
6829,6829.HK,DRAGON RISE GP,龙升集团控股,10.94,"1,000",Equity,Equity Securities (Main Board),3.8,3.625,3.8,3.6,630030,2.39,3.715,3.324,2.29,14.34,-1.3,0.13,24.18,4.0,4.0,4.65,4.0,4.0,-5.0,-5.0,-18.28,5.0,5.0,False,False,False,False,False,False,False,True,True,2026-10-08
6831,6831.HK,GREEN TEA GROUP,绿茶集团,31.7,400,Equity,Equity Securities (Main Board),4.815,4.93,4.94,4.81,553519,2.67,4.85,4.879,-0.72,-1.31,-1.33,-0.1,-1.83,9.5,9.81,9.81,9.5,9.81,-48.0,-49.64,-49.64,49.32,50.92,False,False,False,False,False,False,False,False,False,2026-10-08
6838,6838.HK,WINOX,盈利时,2.58,"2,000",Equity,Equity Securities (Main Board),0.43,0.425,0.435,0.4,652000,0.28,0.451,0.405,-4.66,6.17,-1.15,-12.24,4.88,0.5,0.85,2.4,0.5,0.85,-13.0,-48.82,-81.88,14.0,49.41,False,False,False,False,False,False,False,False,False,2026-10-08
6839,6839.HK,YUNNAN WATER,云南水务,0.28,"1,000",Equity,Equity Securities (Main Board),0.078,0.071,0.078,0.07,155000,0.01,0.078,0.08,0.26,-2.99,9.86,-2.5,-6.02,0.16,0.35,4.5,0.16,0.35,-50.0,-77.71,-98.27,50.0,77.71,False,False,False,False,False,False,False,False,False,2026-10-08
6855,6855.HK,ASCENTAGE,亚盛医药,105.06,100,Equity,Equity Securities (Main Board),28.02,29.42,29.9,28.02,2794800,78.31,28.984,29.35,-3.33,-4.53,-2.98,-0.07,-8.85,57.6,95.35,95.35,57.6,95.35,-48.09,-68.64,-68.64,51.35,70.61,False,False,False,False,False,False,False,False,False,2026-10-08
6858,6858.HK,HONMAGOLF,本间高尔夫,17.5,500,Equity,Equity Securities (Main Board),2.89,2.82,2.88,2.82,3000,0.01,2.886,2.911,0.14,-0.72,0.7,1.05,-1.7,3.3,3.68,10.36,3.3,3.68,-12.73,-21.74,-72.2,12.42,21.47,False,False,False,False,False,False,False,False,False,2026-10-08
6860,6860.HK,FINGERTANGO,指尖悦动,2.11,"1,000",Equity,Equity Securities (Main Board),0.11,0.114,0.114,0.11,974000,0.11,0.112,0.113,-1.43,-2.48,-3.51,-1.79,-0.9,0.23,0.25,2.77,0.23,0.25,-50.43,-53.66,-95.88,52.17,55.28,False,False,False,False,False,False,False,False,False,2026-10-08
6862,6862.HK,HAIDILAO,海底捞,514.76,"1,000",Equity,Equity Securities (Main Board),9.235,9.2,9.345,9.18,9624836,88.89,9.209,9.197,0.28,0.41,0.27,0.6,-0.97,17.86,22.0,85.8,17.86,22.0,-47.68,-57.52,-89.11,48.29,58.02,False,False,False,True,False,False,False,False,False,2026-10-08
6865,6865.HK,FLAT GLASS,福莱特玻璃,22.62,"1,000",Equity,Equity Securities (Main Board),5.265,5.35,5.465,5.265,3595000,18.93,5.338,5.416,-1.37,-2.78,-1.59,-1.68,-4.36,12.18,21.4,45.4,12.18,21.4,-55.13,-74.46,-87.96,56.77,75.4,False,False,False,False,False,False,False,False,False,2026-10-08
6866,6866.HK,ZUOLI KECHUANG,佐力科创,0.75,"2,000",Equity,Equity Securities (Main Board),0.25,0.255,0.255,0.232,36000,0.01,0.261,0.266,-4.21,-5.84,-1.96,-7.41,-7.41,0.42,0.44,1.27,0.42,0.44,-39.29,-42.05,-79.92,40.48,43.18,False,False,False,False,False,False,False,False,False,2026-10-08
6868,6868.HK,TENFU,天福,27.5,"1,000",Equity,Equity Securities (Main Board),2.54,2.56,2.59,2.54,24000,0.06,2.575,2.594,-1.36,-2.08,-0.78,-2.31,-2.31,3.0,5.1,6.2,3.0,5.1,-13.67,-49.22,-58.23,15.33,50.2,False,False,False,False,False,False,False,False,False,2026-10-08
6869,6869.HK,YOFC,长飞光纤光缆,706.55,500,Equity,Equity Securities (Main Board),167.6,175.4,181.4,164.5,19296040,3234.02,176.34,174.6,-4.96,-4.01,-6.73,-6.42,-0.3,305.0,305.0,305.0,305.0,305.0,-40.52,-40.52,-40.52,45.05,45.05,False,False,False,False,False,False,False,False,False,2026-10-08
6871,6871.HK,ROBOTPHOENIX,翼菲科技,66.28,100,Equity,Equity Securities (Main Board),27.06,28.5,28.5,26.8,119900,3.24,28.4,29.32,-4.72,-7.71,-5.05,-6.69,-9.5,59.65,59.65,59.65,59.65,59.65,-52.22,-52.22,-52.22,54.64,54.64,False,False,False,False,False,False,False,False,False,2026-10-08
6872,6872.HK,TENNOR THERAP-B,丹诺医药－Ｂ,56.52,50,Equity,Equity Securities (Main Board),108.0,114.8,115.5,106.1,85500,9.23,111.94,114.95,-3.52,-6.05,-5.68,-3.66,-6.33,287.0,287.0,287.0,287.0,287.0,-59.76,-59.76,-59.76,62.37,62.37,False,False,False,False,False,False,False,False,False,2026-10-08
6880,6880.HK,MOMENTA-W,MOMENTA-W,290.33,20,Equity,Equity Securities (Main Board),140.8,153.4,154.0,140.6,345523,48.65,153.84,156.6,-8.48,-10.09,-10.55,-10.03,-12.66,314.8,314.8,314.8,314.8,314.8,-51.08,-51.08,-51.08,55.27,55.27,False,False,False,False,False,False,False,False,False,2026-10-08
6881,6881.HK,CGS,中国银河,255.42,500,Equity,Equity Securities (Main Board),6.92,7.16,7.185,6.92,15977052,110.56,7.082,7.166,-2.29,-3.43,-3.35,-2.12,-3.62,11.44,12.99,12.99,11.44,12.99,-37.19,-44.69,-44.69,39.51,46.73,False,False,False,False,False,False,False,False,False,2026-10-08
6885,6885.HK,JINMA ENERGY,金马能源,3.05,"1,000",Equity,Equity Securities (Main Board),0.57,0.58,0.6,0.57,21000,0.01,0.603,0.619,-5.47,-7.99,-6.56,-8.8,-11.63,1.41,1.85,5.6,1.41,1.85,-57.45,-67.57,-89.29,59.57,69.19,False,False,False,False,False,False,False,False,False,2026-10-08
6886,6886.HK,HTSC,HTSC,280.2,200,Equity,Equity Securities (Main Board),16.3,16.68,16.8,16.29,5739640,93.56,16.502,16.555,-1.22,-1.54,-2.28,-0.67,-2.16,21.58,21.94,21.94,21.58,21.94,-22.15,-23.43,-23.43,24.47,25.71,False,False,False,False,False,False,False,False,False,2026-10-08
6887,6887.HK,SUNSHINE PHARMA,东阳光药,128.83,100,Equity,Equity Securities (Main Board),40.42,41.16,41.16,40.4,145100,5.86,41.208,41.34,-1.91,-2.23,-1.65,-1.13,-6.0,48.12,62.3,62.3,48.12,62.3,-14.46,-33.93,-33.93,16.0,35.12,False,False,False,False,False,False,False,False,False,2026-10-08
6889,6889.HK,DYNAM JAPAN,DYNAM JAPAN,21.02,200,Equity,Equity Securities (Main Board),3.07,3.09,3.09,3.045,123400,0.38,3.102,3.1,-1.03,-0.98,-0.97,-1.29,-1.29,3.58,5.49,16.38,3.58,5.49,-13.69,-43.72,-81.14,14.25,44.08,False,False,False,False,False,False,False,False,False,2026-10-08
6890,6890.HK,KANGLI INT HLDG,康利国际控股,4.37,"2,000",Equity,Equity Securities (Main Board),0.72,0.725,0.725,0.725,4000,0.0,0.732,0.741,-1.64,-2.83,-1.37,-2.7,-2.7,1.23,1.23,1.45,1.23,1.23,-41.06,-41.06,-50.0,41.46,41.46,False,False,False,False,False,False,False,False,False,2026-10-08
6893,6893.HK,HINSANG GROUP,衍生集团,4.04,"2,000",Equity,Equity Securities (Main Board),0.37,0.36,0.37,0.345,386000,0.14,0.35,0.327,5.71,12.98,0.0,13.85,8.82,0.41,0.46,2.38,0.41,0.46,-10.84,-18.68,-84.45,10.84,18.68,False,False,False,False,False,False,False,False,False,2026-10-08
6896,6896.HK,GOLDEN THROAT,金嗓子,14.19,500,Equity,Equity Securities (Main Board),1.92,1.925,1.93,1.92,120000,0.23,1.925,1.942,-0.26,-1.13,0.26,-0.26,-1.79,3.8,5.65,5.65,3.8,5.65,-49.21,-65.84,-65.84,49.47,66.02,False,False,False,False,False,False,False,False,False,2026-10-08
6908,6908.HK,HG SEMI,宏光半导体,3.4,"5,000",Equity,Equity Securities (Main Board),0.29,0.27,0.295,0.27,4035000,1.17,0.29,0.296,-0.0,-2.19,5.45,-3.33,0.0,0.56,2.8,8.99,0.56,2.8,-47.32,-89.46,-96.72,48.21,89.64,False,False,False,False,False,False,False,False,False,2026-10-08
6911,6911.HK,LANCANG TEA,澜沧古茶,1.3,200,Equity,Equity Securities (Main Board),2.35,2.35,2.35,2.35,4200,0.01,2.31,2.305,1.73,1.95,2.17,2.17,2.17,4.0,17.0,17.0,4.0,17.0,-41.25,-86.18,-86.18,41.25,86.18,False,False,False,False,False,False,False,False,False,2026-10-08
6913,6913.HK,SCVE GROUP,华南职业教育,1.05,"2,000",Equity,Equity Securities (Main Board),0.079,0.082,0.096,0.075,4812000,0.38,0.086,0.089,-7.93,-10.84,-4.82,-12.22,-12.22,0.31,0.59,1.72,0.31,0.59,-68.52,-83.73,-94.42,74.1,86.61,False,False,False,False,False,False,False,False,False,2026-10-08
6915,6915.HK,JIANGXI BIO,江西生物,32.34,500,Equity,Equity Securities (Main Board),10.53,10.55,10.94,10.09,896000,9.43,10.804,11.155,-2.54,-5.6,-1.96,-5.65,-0.38,21.1,21.1,21.1,21.1,21.1,-48.15,-48.15,-48.15,50.09,50.09,False,False,False,False,False,False,False,False,False,2026-10-08
6918,6918.HK,JIUTAI DIGITAL,九泰数智,1.16,"2,000",Equity,Equity Securities (Main Board),0.133,0.129,0.135,0.129,5442000,0.72,0.135,0.135,-1.48,-1.41,-3.62,2.31,-2.21,0.17,2.63,4.6,0.17,2.63,-22.86,-94.87,-97.07,24.0,94.94,False,False,False,False,False,False,False,False,False,2026-10-08
6919,6919.HK,RENRUI HR,人瑞人才,5.23,100,Equity,Equity Securities (Main Board),3.3,3.275,3.3,3.27,75200,0.25,3.237,3.176,1.95,3.9,0.76,3.12,6.62,4.7,5.59,55.2,4.7,5.59,-29.79,-40.97,-94.02,29.79,40.97,True,True,False,False,False,False,False,False,False,2026-10-08
6922,6922.HK,CRYOFOCUS-B,康沣生物－Ｂ,4.47,200,Equity,Equity Securities (Main Board),3.0,3.01,3.015,2.995,41400,0.12,3.019,3.006,-0.63,-0.2,-0.66,-0.83,-0.99,6.92,19.38,19.5,6.92,19.38,-56.43,-84.44,-84.54,56.65,84.52,False,False,False,False,False,False,False,False,False,2026-10-08
6928,6928.HK,TOMO HOLDINGS,万马控股,2.29,"4,000",Equity,Equity Securities (Main Board),0.3,0.285,0.32,0.26,3744000,1.12,0.252,0.218,19.14,37.74,9.09,29.87,36.36,0.31,0.61,6.38,0.32,0.61,3.23,-47.54,-94.98,6.25,50.82,False,False,False,False,True,False,False,True,False,2026-10-08
6929,6929.HK,ORBUSNEICH,业聚医疗,31.42,500,Equity,Equity Securities (Main Board),3.795,3.8,3.83,3.745,50500,0.19,3.773,3.772,0.58,0.61,0.66,0.4,0.13,4.56,9.52,16.86,4.56,9.52,-16.01,-59.77,-77.28,16.78,60.14,False,False,False,True,False,False,False,False,False,2026-10-08
6933,6933.HK,SINO-ENTERTAIN,新娱科控股,4.28,"2,000",Equity,Equity Securities (Main Board),1.0,1.075,1.075,0.97,382000,0.38,1.053,1.082,-5.03,-7.54,-6.98,-4.76,-9.09,1.94,1.94,7.88,1.94,1.94,-44.59,-44.59,-86.36,48.45,48.45,False,False,False,False,False,False,False,False,False,2026-10-08
6936,6936.HK,SF HOLDING,顺丰控股,131.38,200,Equity,Equity Securities (Main Board),29.1,28.46,29.28,28.46,573800,16.7,28.78,28.744,1.11,1.24,0.62,2.46,0.34,37.62,48.8,48.8,37.62,48.8,-22.17,-40.0,-40.0,22.65,40.37,False,False,False,True,False,False,False,False,False,2026-10-08
6938,6938.HK,RIBOLIFE-B,瑞博生物－Ｂ,92.0,200,Equity,Equity Securities (Main Board),54.25,54.15,56.95,53.4,382600,20.76,54.42,53.995,-0.31,0.47,1.21,-0.91,-4.74,95.8,95.8,95.8,95.8,95.8,-40.55,-40.55,-40.55,43.37,43.37,False,False,False,False,False,False,False,False,False,2026-10-08
6939,6939.HK,MEGAIN,美佳音控股,6.88,"2,000",Equity,Equity Securities (Main Board),1.105,1.11,1.145,1.055,552000,0.61,1.146,1.179,-3.58,-6.28,-0.45,-5.96,-8.68,2.67,2.67,2.67,2.67,2.67,-57.12,-57.12,-57.12,58.61,58.61,False,False,False,False,False,False,False,False,False,2026-10-08
6951,6951.HK,CCTC,三环集团,98.19,100,Equity,Equity Securities (Main Board),122.4,131.8,137.4,121.0,1371522,167.87,129.26,129.11,-5.31,-5.2,-8.18,-4.9,-4.23,152.7,152.7,152.7,152.7,152.7,-10.02,-10.02,-10.02,19.84,19.84,False,False,False,False,False,False,False,False,False,2026-10-08
6955,6955.HK,BOAN BIOTECH,博安生物,18.35,200,Equity,Equity Securities (Main Board),2.99,3.27,3.29,2.935,1175200,3.51,3.179,3.035,-5.95,-1.48,-8.84,-10.48,3.46,10.22,25.0,40.0,10.22,25.0,-67.81,-86.84,-91.78,70.74,88.04,False,False,False,False,False,False,False,False,False,2026-10-08
6958,6958.HK,ZHENRO SERVICES,正荣服务,0.83,"1,000",Equity,Equity Securities (Main Board),0.08,0.084,0.084,0.08,5000,0.0,0.081,0.082,-1.23,-1.96,-1.23,-2.44,-3.61,0.13,0.4,7.28,0.13,0.4,-36.84,-79.0,-98.85,39.85,80.0,False,False,False,False,False,False,False,False,False,2026-10-08
6959,6959.HK,CHANGJIU HLDGS,长久股份,5.7,100,Equity,Equity Securities (Main Board),2.82,2.82,2.82,2.82,200,0.0,2.836,2.919,-0.56,-3.39,-1.05,0.36,-1.05,6.4,108.2,108.2,6.4,108.2,-55.94,-97.39,-97.39,55.94,97.39,False,False,False,False,False,False,False,False,False,2026-10-08
6960,6960.HK,SHUANGDENG,双登股份,19.46,500,Equity,Equity Securities (Main Board),5.68,5.77,5.77,5.68,28500,0.16,5.757,5.903,-1.34,-3.77,1.34,-2.24,-4.86,19.27,27.1,27.1,19.27,27.1,-70.06,-78.71,-78.71,70.52,79.04,False,False,False,False,False,False,False,False,False,2026-10-08
6963,6963.HK,SUNSHINE INS,阳光保险,122.28,500,Equity,Equity Securities (Main Board),3.515,3.48,3.565,3.46,6187000,21.75,3.446,3.495,2.0,0.59,2.33,2.78,-0.85,4.54,4.64,5.83,4.54,4.64,-21.48,-23.17,-38.85,22.58,24.25,False,False,False,True,False,False,False,False,False,2026-10-08
6968,6968.HK,GANGLONG CHINA,港龙中国地产,1.43,"1,000",Equity,Equity Securities (Main Board),0.088,0.088,0.088,0.088,154000,0.01,0.09,0.09,-2.65,-1.68,-5.38,-1.12,-1.12,0.28,0.42,6.06,0.28,0.42,-69.12,-79.05,-98.55,69.12,79.05,False,False,False,False,False,False,False,False,False,2026-10-08
6969,6969.HK,SMOORE INTL,思摩尔国际,573.17,"1,000",Equity,Equity Securities (Main Board),9.25,9.29,9.515,9.18,5704896,52.77,9.187,9.256,0.69,-0.07,0.22,1.82,-1.23,13.47,24.12,90.0,13.47,24.12,-29.36,-60.55,-89.43,31.33,61.65,True,False,True,False,False,False,False,False,False,2026-10-08
6979,6979.HK,ZJLD,珍酒李渡,268.21,200,Equity,Equity Securities (Main Board),7.915,7.685,7.97,7.685,3905600,30.91,7.943,7.914,-0.35,0.01,0.19,0.7,0.7,9.84,13.1,13.18,9.84,13.1,-19.0,-39.16,-39.53,19.56,39.58,False,False,False,False,False,False,False,False,False,2026-10-08
6980,6980.HK,BAMA TEA,八马茶业,22.16,100,Equity,Equity Securities (Main Board),26.54,27.98,28.16,26.22,54600,1.45,27.152,27.63,-2.25,-3.94,-3.42,-1.92,-4.87,40.08,115.0,115.0,40.08,115.0,-29.74,-75.51,-75.51,33.78,76.92,False,False,False,False,False,False,False,False,False,2026-10-08
6988,6988.HK,JOY SPREADER,乐享集团,1.26,"1,000",Equity,Equity Securities (Main Board),0.053,0.049,0.063,0.049,1338000,0.07,0.053,0.053,0.76,-0.19,6.0,0.0,3.92,0.18,0.39,5.05,0.18,0.39,-64.61,-83.85,-98.75,70.22,86.41,False,False,False,False,False,False,False,False,False,2026-10-08
6989,6989.HK,EXCELLENCE CM,卓越商企服务,5.98,"1,000",Equity,Equity Securities (Main Board),0.49,0.5,0.5,0.485,31000,0.02,0.495,0.5,-1.01,-2.1,0.0,-2.0,-2.97,0.88,2.06,12.04,0.88,2.06,-43.18,-75.73,-95.85,44.32,76.21,False,False,False,False,False,False,False,False,False,2026-10-08
6990,6990.HK,SKB BIO,科伦博泰生物,788.27,100,Equity,Equity Securities (Main Board),445.8,461.4,479.4,445.8,595169,265.33,466.88,468.26,-4.52,-4.8,-4.87,-5.11,-8.46,562.5,581.0,581.0,562.5,581.0,-14.77,-17.49,-17.49,20.75,23.27,False,False,False,False,False,False,False,False,False,2026-10-08
6993,6993.HK,BLUE MOON GROUP,蓝月亮集团,140.33,500,Equity,Equity Securities (Main Board),2.42,2.38,2.465,2.38,2720500,6.58,2.348,2.362,3.07,2.48,-0.82,8.04,4.99,3.97,4.44,19.16,3.97,4.44,-37.99,-44.48,-87.13,39.12,45.5,False,False,False,False,False,False,False,False,False,2026-10-08
6996,6996.HK,ANTENGENE-B,德琪医药－Ｂ,22.72,500,Equity,Equity Securities (Main Board),3.31,3.5,3.5,3.27,980500,3.25,3.411,3.422,-2.96,-3.27,-5.43,-2.36,-4.34,6.28,8.16,22.5,6.28,8.16,-44.27,-57.11,-84.44,47.29,59.44,False,False,False,False,False,False,False,False,False,2026-10-08
6998,6998.HK,EDDING GENOR,亿腾嘉和,33.54,500,Equity,Equity Securities (Main Board),1.7,1.665,1.7,1.645,1262500,2.15,1.691,1.691,0.53,0.56,2.1,0.29,0.0,3.64,3.64,3.64,3.64,3.64,-53.3,-53.3,-53.3,53.3,53.3,False,False,False,True,False,False,False,False,False,2026-10-08
7489,7489.HK,VOYAH AUTO,岚图汽车,16.25,"1,000",Equity,Equity Securities (Main Board),1.835,1.97,1.99,1.83,3115526,5.72,1.888,1.925,-2.81,-4.68,-6.14,-1.34,-2.39,7.5,7.5,7.5,7.5,7.5,-73.47,-73.47,-73.47,75.53,75.53,False,False,False,False,False,False,False,False,False,2026-10-08
7618,7618.HK,JD INDUSTRIALS,京东工业,353.49,200,Equity,Equity Securities (Main Board),13.02,12.7,13.2,12.7,1026469,13.36,12.75,12.943,2.12,0.59,2.84,3.09,-1.21,17.17,17.17,17.17,17.17,17.17,-23.12,-23.12,-23.12,24.17,24.17,False,False,False,True,False,False,False,False,False,2026-10-08
7630,7630.HK,IMPACT THERAP-B,英派药业－Ｂ,35.87,200,Equity,Equity Securities (Main Board),12.7,14.4,14.76,12.7,2649600,33.65,13.938,13.838,-8.88,-8.22,-12.35,-9.29,-9.74,47.98,47.98,47.98,47.98,47.98,-69.24,-69.24,-69.24,73.53,73.53,False,False,False,False,False,False,False,False,False,2026-10-08
7656,7656.HK,RECONOVA,瑞为技术,42.7,200,Equity,Equity Securities (Main Board),15.6,16.9,17.09,15.0,173200,2.7,16.066,15.825,-2.9,-1.42,-7.42,-4.88,2.5,35.3,35.3,35.3,35.3,35.3,-51.59,-51.59,-51.59,55.81,55.81,False,False,False,False,False,False,False,False,False,2026-10-08
7666,7666.HK,METIS TECHBIO-P,剂泰科技－Ｐ,170.05,500,Equity,Equity Securities (Main Board),15.7,17.01,17.5,15.57,6817000,107.03,17.236,16.735,-8.91,-6.18,-6.88,-9.77,-12.04,29.98,29.98,29.98,29.98,29.98,-41.63,-41.63,-41.63,47.63,47.63,False,False,False,False,False,False,False,False,False,2026-10-08
7687,7687.HK,EACON,易控智驾,90.38,50,Equity,Equity Securities (Main Board),60.0,66.2,66.3,57.0,114323,6.86,65.07,66.395,-7.79,-9.63,-9.5,-9.09,-10.45,101.2,101.2,101.2,101.2,101.2,-34.49,-34.49,-34.49,40.71,40.71,False,False,False,False,False,False,False,False,False,2026-10-08
7688,7688.HK,TOPNC,拓璞数控,67.6,100,Equity,Equity Securities (Main Board),17.73,18.51,20.1,17.45,1152800,20.44,18.36,19.864,-3.43,-10.74,-3.64,-4.42,-11.35,49.98,49.98,49.98,49.98,49.98,-59.78,-59.78,-59.78,64.53,64.53,False,False,False,False,False,False,False,False,False,2026-10-08
8003,8003.HK,GREAT WORLD,世大控股,0.39,"6,000",Equity,Equity Securities (GEM),0.117,0.121,0.121,0.117,132000,0.02,0.124,0.133,-5.34,-11.96,-3.31,0.86,-25.48,0.2,0.66,5.0,0.2,0.66,-38.89,-81.67,-97.58,40.91,82.27,False,False,False,False,False,False,False,False,False,2026-10-08
8006,8006.HK,SINO SPLENDID,华泰瑞银,0.39,"10,000",Equity,Equity Securities (GEM),0.107,0.106,0.107,0.106,32550,0.0,0.121,0.135,-11.28,-20.97,-13.71,-13.71,-14.4,0.2,0.29,1.72,0.2,0.29,-45.96,-63.1,-93.78,45.96,63.1,False,False,False,False,False,False,False,False,False,2026-10-08
8007,8007.HK,GLOBALSTRAT,环球战略集团,1.48,"10,000",Equity,Equity Securities (GEM),0.655,0.66,0.66,0.655,11830140,7.75,0.703,0.715,-6.83,-8.39,-8.39,-9.03,-9.66,0.83,10.81,175.06,0.83,10.81,-20.48,-93.89,-99.62,21.08,93.94,False,False,False,False,False,False,False,False,False,2026-10-08
8017,8017.HK,TRADEGO,捷利交易宝,7.11,"4,000",Equity,Equity Securities (GEM),1.015,1.01,1.045,1.0,544130,0.55,1.048,1.119,-3.15,-9.33,0.0,-0.49,-13.98,1.77,2.5,2.83,1.77,2.5,-40.96,-58.2,-63.07,42.66,59.4,False,False,False,False,False,False,False,False,False,2026-10-08
8021,8021.HK,WLS HOLDINGS,汇隆控股,1.15,"10,000",Equity,Equity Securities (GEM),0.16,0.17,0.17,0.158,320000,0.05,0.186,0.188,-13.98,-15.07,-17.53,-16.67,-18.78,0.48,1.64,11.6,0.48,1.64,-64.58,-89.63,-98.53,66.67,90.24,False,False,False,False,False,False,False,False,False,2026-10-08
8023,8023.HK,KWONG MAN KEE,邝文记,2.03,"6,000",Equity,Equity Securities (GEM),0.34,0.34,0.34,0.34,60000,0.02,0.363,0.362,-6.34,-6.21,0.0,-8.11,-12.82,0.44,0.51,0.7,0.44,0.51,-22.73,-33.33,-51.43,22.73,33.33,False,False,False,False,False,False,False,False,False,2026-10-08
8028,8028.HK,TIMELESS,天时资源,0.9,"20,000",Equity,Equity Securities (GEM),0.177,0.197,0.198,0.175,140000,0.02,0.181,0.187,-2.43,-5.55,-6.84,-3.8,-11.5,0.38,0.55,1.3,0.38,0.55,-47.89,-64.0,-84.77,53.42,67.82,False,False,False,False,False,False,False,False,False,2026-10-08
8031,8031.HK,ETS GROUP,易通讯集团,0.81,"2,000",Equity,Equity Securities (GEM),0.228,0.25,0.25,0.226,226000,0.05,0.254,0.267,-10.09,-14.54,-8.8,-13.96,-12.31,0.77,0.9,1.68,0.77,0.9,-67.53,-72.22,-85.12,70.39,74.67,False,False,False,False,False,False,False,False,False,2026-10-08
8033,8033.HK,VODATEL NETWORK,爱达利网络,0.62,"2,000",Equity,Equity Securities (GEM),0.1,0.101,0.101,0.096,600000,0.06,0.103,0.105,-2.72,-4.94,-3.85,-3.85,-1.96,0.14,0.17,0.5,0.14,0.17,-26.81,-39.88,-79.6,27.54,40.48,False,False,False,False,False,False,False,False,False,2026-10-08
8035,8035.HK,JANCO HOLDINGS,骏高控股,0.4,"10,000",Equity,Equity Securities (GEM),0.066,0.066,0.066,0.066,50000,0.0,0.067,0.066,-1.49,-0.6,-2.94,-1.49,4.76,0.08,0.16,4.8,0.08,0.16,-12.0,-59.01,-98.63,12.0,59.01,False,False,False,False,False,False,False,False,False,2026-10-08
8036,8036.HK,EBROKER GROUP,电子交易集团,0.61,"10,000",Equity,Equity Securities (GEM),0.05,0.049,0.05,0.049,170000,0.01,0.05,0.05,-0.79,0.0,-1.96,-1.96,2.04,0.05,0.09,0.36,0.05,0.09,-7.41,-42.53,-86.11,7.41,42.53,False,False,False,False,False,False,False,True,False,2026-10-08
8037,8037.HK,CH BIOTECH SER,中国生物科技服务,5.12,"5,000",Equity,Equity Securities (GEM),0.525,0.55,0.55,0.525,485000,0.25,0.557,0.556,-5.75,-5.49,-1.87,-7.08,-13.93,0.92,1.33,2.64,0.92,1.33,-40.22,-58.65,-79.17,42.93,60.53,False,False,False,False,False,False,False,False,False,2026-10-08
8040,8040.HK,COOLPOINT INNO,快意智能,1.63,"5,000",Equity,Equity Securities (GEM),0.48,0.485,0.485,0.48,45000,0.02,0.504,0.507,-4.76,-5.33,-5.88,-5.88,-4.95,0.6,0.8,1.71,0.6,0.8,-19.17,-39.37,-71.64,20.0,40.0,False,False,False,False,False,False,False,False,False,2026-10-08
8041,8041.HK,INTELLIMARK AI,中微智码,5.74,"5,000",Equity,Equity Securities (GEM),0.7,0.7,0.7,0.69,335000,0.23,0.683,0.706,2.49,-0.85,0.72,3.7,-2.1,0.82,0.91,1.5,0.82,0.91,-14.63,-23.08,-53.37,14.63,23.08,True,False,False,False,False,False,False,False,False,2026-10-08
8042,8042.HK,KOS TALENT GP,高奥士人才集团,0.79,"10,000",Equity,Equity Securities (GEM),0.099,0.099,0.1,0.092,700000,0.07,0.099,0.09,0.41,9.88,-1.0,0.0,10.0,0.1,0.1,0.85,0.1,0.1,0.0,0.0,-88.24,1.0,1.0,False,False,False,False,False,False,False,True,True,2026-10-08
8049,8049.HK,JILIN CHANGLONG,吉林长龙药业,4.17,"4,000",Equity,Equity Securities (GEM),2.42,2.4,2.42,2.395,52000,0.13,2.344,2.365,3.24,2.33,4.09,4.09,0.83,3.0,3.0,3.0,3.0,3.0,-19.33,-19.33,-19.33,19.33,19.33,False,False,False,False,False,False,False,False,False,2026-10-08
8050,8050.HK,CITY COOLXUAN,城市酷选,1.97,"2,000",Equity,Equity Securities (GEM),0.725,0.725,0.725,0.725,4000,0.0,0.717,0.742,1.12,-2.29,0.0,3.57,-3.97,2.18,3.2,14.45,2.18,3.2,-66.74,-77.34,-94.98,66.74,77.34,False,False,False,False,False,False,False,False,False,2026-10-08
8056,8056.HK,LIFE CONCEPTS,生活概念,0.29,"10,000",Equity,Equity Securities (GEM),0.255,0.249,0.27,0.232,1010000,0.26,0.24,0.231,6.16,10.15,2.41,11.84,7.14,0.58,1.68,10.02,0.58,1.68,-53.45,-83.93,-97.3,56.03,84.82,True,False,False,False,False,False,False,False,False,2026-10-08
8060,8060.HK,GLOBAL LINK,国联通信,0.34,"10,000",Equity,Equity Securities (GEM),0.105,0.105,0.105,0.105,30000,0.0,0.105,0.105,0.0,0.0,0.0,0.0,0.0,0.11,0.16,2.6,0.11,0.16,-3.67,-34.38,-95.96,3.67,34.38,False,False,False,False,False,False,False,True,False,2026-10-08
8062,8062.HK,EFT SOLUTIONS,俊盟国际,1.25,"5,000",Equity,Equity Securities (GEM),0.26,0.26,0.26,0.26,70000,0.02,0.254,0.249,2.52,4.59,0.0,6.12,7.88,0.31,0.39,0.7,0.31,0.39,-16.13,-33.33,-62.86,16.13,33.33,False,False,False,False,False,False,False,False,False,2026-10-08
8065,8065.HK,KML TECH,高萌科技,0.68,"5,000",Equity,Equity Securities (GEM),0.169,0.165,0.165,0.163,25000,0.0,0.169,0.169,-0.24,0.24,-3.43,0.6,1.2,0.17,0.17,1.02,0.17,0.17,-5.71,-5.71,-83.82,3.43,3.43,False,False,False,False,False,False,False,True,True,2026-10-08
8066,8066.HK,PHOENITRON HOLD,品创控股,1.86,"5,000",Equity,Equity Securities (GEM),0.28,0.275,0.285,0.275,85000,0.02,0.274,0.263,2.34,6.3,-3.45,-1.75,14.75,0.72,0.85,0.85,0.72,0.85,-60.42,-66.47,-66.47,61.11,67.06,False,False,False,False,False,False,False,False,False,2026-10-08
8067,8067.HK,OUC HOLDINGS,东方大学城控股,0.94,"1,000",Equity,Equity Securities (GEM),0.52,0.52,0.52,0.52,38000,0.02,0.52,0.508,0.0,2.36,0.0,0.0,4.0,0.52,0.71,4.4,0.52,0.71,0.0,-26.76,-88.18,0.0,26.76,False,False,False,False,False,False,False,True,False,2026-10-08
8069,8069.HK,FLYDOO TECH,飞道旅游科技,0.14,"5,000",Equity,Equity Securities (GEM),0.35,0.33,0.34,0.33,10000,0.0,0.367,0.361,-4.63,-3.05,-7.89,-7.89,-2.78,1.22,1.74,82.0,1.22,1.74,-72.13,-80.46,-99.59,71.31,79.89,False,False,False,False,False,False,False,False,False,2026-10-08
8070,8070.HK,KEEN OCEAN,侨洋国际控股,2.07,"5,000",Equity,Equity Securities (GEM),1.035,1.035,1.035,1.035,520000,0.54,1.056,1.083,-1.99,-4.39,0.0,-3.27,-3.72,1.7,1.7,1.7,1.7,1.7,-39.12,-39.12,-39.12,39.12,39.12,False,False,False,False,False,False,False,False,False,2026-10-08
8071,8071.HK,CH NETCOMTECH,中彩网通控股,0.47,"5,000",Equity,Equity Securities (GEM),0.5,0.515,0.515,0.5,20000,0.01,0.606,0.63,-17.49,-20.7,-19.35,-20.63,-23.66,1.6,3.5,36.5,1.6,3.5,-67.81,-85.29,-98.59,68.75,85.71,False,False,False,False,False,False,False,False,False,2026-10-08
8073,8073.HK,SFSY NEW MAT,水发兴业新材料,1.48,"4,000",Equity,Equity Securities (GEM),0.285,0.295,0.295,0.285,136000,0.04,0.284,0.28,0.35,1.97,0.0,-3.39,5.56,0.42,0.42,1.83,0.42,0.42,-29.76,-29.76,-83.88,32.14,32.14,False,False,False,False,False,False,False,False,False,2026-10-08
8076,8076.HK,SING LEE,新利软件,0.5,"5,000",Equity,Equity Securities (GEM),0.038,0.049,0.049,0.038,1947500,0.07,0.039,0.036,-2.56,5.26,-19.15,-7.32,-9.52,0.06,0.06,0.22,0.06,0.06,-15.52,-15.52,-77.64,34.48,34.48,False,False,False,False,False,False,False,False,False,2026-10-08
8079,8079.HK,LIT LIFE,曌生命,0.16,"5,000",Equity,Equity Securities (GEM),0.43,0.43,0.43,0.43,10000,0.0,0.441,0.466,-2.49,-7.73,0.0,-2.27,-11.34,0.98,2.66,15.78,0.98,2.66,-56.12,-83.83,-97.28,56.12,83.83,False,False,False,False,False,False,False,False,False,2026-10-08
8081,8081.HK,BAIJUYI HOLD,白居易控股,0.67,"10,000",Equity,Equity Securities (GEM),0.013,0.014,0.014,0.013,10730000,0.14,0.014,0.014,-5.8,-6.47,-7.14,-7.14,-7.14,0.02,0.13,0.18,0.02,0.13,-41.67,-89.15,-92.13,45.83,89.92,False,False,False,False,False,False,False,False,False,2026-10-08
8082,8082.HK,QINGHUA HOLD,擎华控股,0.59,"10,000",Equity,Equity Securities (GEM),0.022,0.022,0.022,0.022,560000,0.01,0.021,0.021,3.77,3.77,0.0,10.0,4.76,0.07,0.21,0.68,0.07,0.21,-69.86,-89.42,-96.78,69.86,89.42,False,False,False,False,False,False,False,False,False,2026-10-08
8087,8087.HK,CHINA 33 GROUP,中国三三集团,13.12,"2,000",Equity,Equity Securities (GEM),2.025,2.0,2.055,2.0,268000,0.54,2.05,2.053,-1.22,-1.39,-0.74,-0.25,-4.03,11.48,11.48,25.6,11.48,11.48,-82.1,-82.1,-91.97,82.36,82.36,False,False,False,False,False,False,False,False,False,2026-10-08
8090,8090.HK,BAOGAI,宝盖新材,0.66,500,Equity,Equity Securities (GEM),4.56,4.565,4.565,4.56,46500,0.21,4.556,4.543,0.09,0.39,-0.11,0.22,0.22,7.0,7.0,7.0,7.0,7.0,-34.79,-34.79,-34.79,34.86,34.86,False,False,False,False,False,False,False,False,False,2026-10-08
8092,8092.HK,ITE HOLDINGS,ITE HOLDINGS,0.43,"4,000",Equity,Equity Securities (GEM),0.046,0.037,0.046,0.037,1748000,0.08,0.042,0.042,9.0,9.26,21.05,9.52,9.52,0.06,0.06,0.16,0.06,0.06,-20.69,-28.13,-71.25,20.69,28.13,False,False,False,True,False,False,False,False,False,2026-10-08
8095,8095.HK,BEIDA JADE BIRD,北大青鸟环宇,4.44,"1,000",Equity,Equity Securities (GEM),0.545,0.55,0.55,0.535,16000,0.01,0.541,0.55,0.74,-0.82,1.87,-1.8,-0.91,1.65,1.65,2.52,1.65,1.65,-66.67,-66.67,-78.17,66.97,66.97,False,False,False,False,False,False,False,False,False,2026-10-08
8096,8096.HK,TASTY CONCEPTS,赏之味,0.55,"5,000",Equity,Equity Securities (GEM),0.115,0.119,0.119,0.115,60000,0.01,0.116,0.12,-0.52,-3.85,-1.71,0.0,0.88,0.17,0.44,6.24,0.17,0.44,-28.31,-72.95,-98.09,30.72,73.86,False,False,False,False,False,False,False,False,False,2026-10-08
8098,8098.HK,CL GROUP,昌利控股,5.17,"10,000",Equity,Equity Securities (GEM),0.235,0.18,0.235,0.18,1800000,0.42,0.177,0.155,33.07,51.61,32.02,51.61,67.86,0.18,0.18,0.32,0.23,0.23,32.02,32.02,-26.56,0.0,0.0,True,True,False,False,True,True,False,True,True,2026-10-08
8106,8106.HK,XINHUA LANDE,芯化兰德,0.82,"5,000",Equity,Equity Securities (GEM),0.26,0.26,0.26,0.26,65000,0.02,0.268,0.274,-2.99,-5.11,-3.7,0.0,-7.14,0.41,0.94,0.94,0.41,0.94,-36.59,-72.34,-72.34,36.59,72.34,False,False,False,False,False,False,False,False,False,2026-10-08
8107,8107.HK,FICUS TECH,细叶榕科技,1.1,"5,000",Equity,Equity Securities (GEM),0.08,0.078,0.08,0.077,120000,0.01,0.082,0.086,-2.44,-7.41,1.27,-6.98,-8.05,0.36,0.83,0.83,0.36,0.83,-77.78,-90.36,-90.36,77.78,90.36,False,False,False,False,False,False,False,False,False,2026-10-08
8113,8113.HK,V&V TECH,时腾科技,0.88,"5,000",Equity,Equity Securities (GEM),0.45,0.47,0.47,0.45,10000,0.0,0.478,0.476,-5.86,-5.46,-7.22,-7.22,-7.22,0.6,0.97,7.34,0.6,0.97,-21.67,-51.68,-93.59,25.0,53.74,False,False,False,False,False,False,False,False,False,2026-10-08
8115,8115.HK,QINGDA ORI-500,清大东方（五百）,3.21,500,Equity,Equity Securities (GEM),3.845,3.84,3.845,3.84,32000,0.12,3.844,3.938,0.03,-2.36,0.39,-0.13,0.13,15.85,15.85,15.85,15.85,15.85,-75.74,-75.74,-75.74,75.74,75.74,False,False,False,False,False,False,False,False,False,2026-10-08
8117,8117.HK,CHI P ENERGY,中国基础能源,0.66,"10,000",Equity,Equity Securities (GEM),0.064,0.064,0.064,0.064,400000,0.03,0.063,0.06,1.91,7.2,-3.03,12.28,4.92,0.13,0.4,1.05,0.13,0.4,-50.77,-84.0,-93.9,50.77,84.0,False,False,False,False,False,False,False,False,False,2026-10-08
8118,8118.HK,ZHONGZI INTL H,中资国际控股,0.57,"8,000",Equity,Equity Securities (GEM),0.095,0.095,0.097,0.095,1912000,0.18,0.097,0.099,-1.66,-3.85,-3.06,-2.06,-3.06,0.19,0.35,1.07,0.19,0.35,-50.26,-72.29,-90.93,51.28,72.86,False,False,False,False,False,False,False,False,False,2026-10-08
8121,8121.HK,GUOEN HOLDINGS,国恩控股,0.62,"10,000",Equity,Equity Securities (GEM),0.41,0.41,0.41,0.41,40000,0.02,0.417,0.42,-1.68,-2.38,0.0,-5.75,-2.38,0.98,4.7,38.0,0.98,4.7,-58.16,-91.28,-98.92,58.16,91.28,False,False,False,False,False,False,False,False,False,2026-10-08
8123,8123.HK,SINOFORTUNE FIN,华亿金控,0.86,"5,000",Equity,Equity Securities (GEM),0.25,0.28,0.28,0.248,435000,0.11,0.289,0.333,-13.49,-24.92,-12.28,-10.71,-28.57,0.6,1.2,10.2,0.6,1.2,-53.33,-76.67,-97.25,58.33,79.17,False,False,False,False,False,False,False,False,False,2026-10-08
8131,8131.HK,NOVATECH INTEL,诺亚智能,3.67,"10,000",Equity,Equity Securities (GEM),0.51,0.51,0.545,0.49,2150354,1.1,0.499,0.442,2.2,15.38,-0.97,2.0,15.91,0.55,0.55,0.55,0.55,0.55,-0.91,-0.91,-0.91,7.27,7.27,False,False,False,False,False,False,False,True,True,2026-10-08
8137,8137.HK,HONBRIDGE,洪桥集团,74.23,"2,000",Equity,Equity Securities (GEM),0.51,0.52,0.525,0.5,498000,0.25,0.507,0.519,0.59,-1.73,0.0,0.99,0.0,0.73,0.78,1.96,0.73,0.78,-28.08,-32.69,-73.21,30.14,34.62,False,False,True,False,False,False,False,False,False,2026-10-08
8140,8140.HK,BOSATECH,人和科技,0.94,"10,000",Equity,Equity Securities (GEM),0.117,0.123,0.135,0.11,270000,0.03,0.113,0.112,3.91,4.65,0.86,8.33,1.74,0.16,0.16,1.9,0.16,0.16,-12.9,-12.9,-92.89,24.52,24.52,False,False,False,True,False,False,False,False,False,2026-10-08
8146,8146.HK,GRACEWINE,怡园酒业,3.09,"10,000",Equity,Equity Securities (GEM),0.38,0.38,0.385,0.38,220000,0.08,0.407,0.43,-6.63,-11.73,-3.8,-9.52,-9.52,1.21,1.21,1.85,1.21,1.21,-68.18,-68.18,-79.19,68.6,68.6,False,False,False,False,False,False,False,False,False,2026-10-08
8156,8156.HK,SINOPHARM TECH,国药科技股份,0.99,"10,000",Equity,Equity Securities (GEM),0.157,0.15,0.15,0.15,13400,0.0,0.202,0.207,-22.2,-24.34,-26.29,-26.29,-27.65,0.34,0.44,23.5,0.34,0.44,-55.88,-65.91,-99.36,53.82,64.32,False,False,False,False,False,False,False,False,False,2026-10-08
8158,8158.HK,CRMI,中国再生医学,0.94,"5,000",Equity,Equity Securities (GEM),0.31,0.315,0.315,0.315,5000,0.0,0.311,0.295,-0.32,5.08,3.33,-1.59,5.08,0.45,1.27,62.0,0.45,1.27,-30.0,-75.2,-99.49,31.11,75.59,False,False,False,False,False,False,False,False,False,2026-10-08
8159,8159.HK,CU VENTURE INV,新华联合投资,0.42,"5,000",Equity,Equity Securities (GEM),0.052,0.046,0.046,0.044,205000,0.01,0.052,0.055,-0.76,-4.76,0.0,6.12,-7.14,0.14,0.29,0.94,0.14,0.29,-68.28,-84.14,-95.11,64.14,82.07,False,False,False,False,False,False,False,False,False,2026-10-08
8160,8160.HK,GOLDWAY EDU,GOLDWAY EDU,1.08,"12,000",Equity,Equity Securities (GEM),0.505,0.57,0.57,0.505,120000,0.06,0.553,0.556,-8.68,-9.25,-10.62,-10.62,-10.62,0.74,0.74,28.79,0.74,0.74,-22.97,-22.97,-98.02,31.76,31.76,False,False,False,False,False,False,False,False,False,2026-10-08
8161,8161.HK,MEDINET GROUP,医汇集团,0.23,"4,000",Equity,Equity Securities (GEM),0.555,0.48,0.55,0.48,72000,0.04,0.479,0.474,15.87,17.21,20.65,20.65,20.65,0.68,0.8,8.62,0.68,0.8,-19.12,-31.25,-93.62,18.38,30.63,False,False,False,False,False,False,False,False,False,2026-10-08
8162,8162.HK,LOCO HK,港银控股,5.67,"10,000",Equity,Equity Securities (GEM),0.57,0.575,0.575,0.56,7690000,4.38,0.572,0.582,-0.35,-2.06,0.0,-0.87,-0.87,0.74,0.75,0.95,0.74,0.75,-22.3,-23.33,-39.47,22.97,24.0,False,False,False,False,False,False,False,False,False,2026-10-08
8163,8163.HK,NOIZ GROUP,声扬集团,0.36,"20,000",Equity,Equity Securities (GEM),0.035,0.035,0.035,0.035,80000,0.0,0.037,0.037,-4.89,-6.67,0.0,-7.89,-7.89,0.12,0.24,10.13,0.12,0.24,-69.57,-85.42,-99.65,69.57,85.42,False,False,False,False,False,False,False,False,False,2026-10-08
8176,8176.HK,SUPERROBOTICS,超人智能,0.23,"5,000",Equity,Equity Securities (GEM),0.032,0.035,0.035,0.03,4885000,0.16,0.029,0.026,10.34,21.21,-8.57,28.0,28.0,0.09,0.9,14.0,0.09,0.9,-58.82,-96.11,-99.75,62.35,96.44,False,False,False,False,False,False,False,False,False,2026-10-08
8178,8178.HK,CHINA INFO TECH,中国信息科技,0.34,"2,000",Equity,Equity Securities (GEM),0.2,0.201,0.207,0.19,540000,0.11,0.206,0.204,-3.1,-1.96,-4.76,-3.85,-2.44,0.57,4.95,38.1,0.57,4.95,-63.68,-95.82,-99.46,64.91,95.96,False,False,False,False,False,False,False,False,False,2026-10-08
8186,8186.HK,HONOR MATRIX,浩盟控股,1.02,"5,000",Equity,Equity Securities (GEM),0.9,0.925,0.925,0.9,10118,0.01,0.957,0.971,-5.96,-7.31,-5.26,-7.69,-7.22,2.0,4.39,28.42,2.0,4.39,-53.75,-78.93,-96.74,55.0,79.5,False,False,False,False,False,False,False,False,False,2026-10-08
8187,8187.HK,JIMU GROUP,积木集团,0.85,"5,000",Equity,Equity Securities (GEM),0.56,0.56,0.56,0.56,120000,0.07,0.564,0.58,-0.71,-3.45,0.9,1.82,-6.67,0.85,1.68,40.28,0.85,1.68,-34.12,-66.67,-98.61,34.12,66.67,False,False,False,False,False,False,False,False,False,2026-10-08
8188,8188.HK,GME GROUP,骏杰集团控股,5.17,"4,000",Equity,Equity Securities (GEM),1.085,1.11,1.11,1.085,500000,0.54,1.105,1.113,-1.81,-2.47,-0.46,-2.69,-4.41,1.43,1.43,3.47,1.43,1.43,-22.38,-22.38,-68.01,24.13,24.13,False,False,False,False,False,False,False,False,False,2026-10-08
8189,8189.HK,TEDA BIOMEDICAL,泰达生物,3.52,"5,000",Equity,Equity Securities (GEM),0.245,0.24,0.245,0.238,170000,0.04,0.249,0.254,-1.61,-3.54,-2.0,-2.0,-2.0,0.37,0.65,1.21,0.37,0.65,-33.78,-62.31,-79.75,33.78,62.31,False,False,False,False,False,False,False,False,False,2026-10-08
8191,8191.HK,HONG WEI ASIA,鸿伟亚洲,0.35,"6,000",Equity,Equity Securities (GEM),0.1,0.098,0.1,0.097,4602000,0.46,0.1,0.108,0.2,-7.58,2.04,0.0,-12.28,0.28,0.46,9.0,0.28,0.46,-64.91,-78.26,-98.89,64.91,78.26,False,False,False,False,False,False,False,False,False,2026-10-08
8193,8193.HK,ASIAPAC FIN INV,亚太金融投资,0.26,"10,000",Equity,Equity Securities (GEM),0.092,0.091,0.092,0.091,80000,0.01,0.1,0.106,-8.37,-13.37,0.0,-14.02,-13.21,0.69,0.7,72.17,0.69,0.7,-86.67,-86.86,-99.87,86.67,86.86,False,False,False,False,False,False,False,False,False,2026-10-08
8195,8195.HK,LEGENDARY EDU,传承教育集团,2.61,"2,000",Equity,Equity Securities (GEM),0.57,0.56,0.57,0.465,2551000,1.45,0.619,0.677,-7.92,-15.81,0.0,-13.64,-17.39,1.54,2.23,3.27,1.54,2.23,-62.99,-74.44,-82.58,62.99,74.44,False,False,False,False,False,False,False,False,False,2026-10-08
8198,8198.HK,CRYPTO FLOW,加幂科技,7.84,"4,000",Equity,Equity Securities (GEM),1.0,0.955,1.095,0.95,88000,0.09,0.949,0.933,5.37,7.12,8.7,6.38,5.26,2.61,5.42,5.42,2.61,5.42,-58.05,-79.8,-79.8,61.69,81.55,False,False,False,False,False,False,False,False,False,2026-10-08
8213,8213.HK,STARGLORY HLDGS,荣晖控股,1.03,"10,000",Equity,Equity Securities (GEM),0.185,0.161,0.185,0.161,150000,0.03,0.177,0.175,4.76,5.41,14.91,4.52,10.12,0.35,0.99,1.33,0.35,0.99,-47.89,-81.31,-86.07,47.89,81.31,False,False,False,True,False,False,False,False,False,2026-10-08
8217,8217.HK,JU FU TANG BIOT,菊福堂生物,0.3,"10,000",Equity,Equity Securities (GEM),0.098,0.098,0.099,0.098,85625,0.01,0.098,0.095,-0.2,3.38,0.0,0.0,6.52,0.41,0.9,364.0,0.41,0.9,-75.56,-89.0,-99.97,75.8,89.11,False,False,False,False,False,False,False,False,False,2026-10-08
8219,8219.HK,HANVEY GROUP,恒伟集团控股,0.94,"10,000",Equity,Equity Securities (GEM),0.38,0.38,0.405,0.365,1310000,0.5,0.437,0.481,-13.04,-21.08,5.56,7.04,-15.56,0.7,0.7,9.97,0.7,0.7,-42.14,-42.14,-95.94,45.71,45.71,False,False,False,False,False,False,False,False,False,2026-10-08
8220,8220.HK,BINGO GROUP,比高集团,8.53,"1,000",Equity,Equity Securities (GEM),4.71,4.7,4.755,4.355,174000,0.82,4.576,4.479,2.93,5.15,2.39,1.51,12.14,6.0,6.0,7.36,6.0,6.0,-20.75,-20.75,-35.39,21.5,21.5,False,False,False,True,False,False,False,False,False,2026-10-08
8221,8221.HK,GAOYU FINANCE,高裕金融,0.99,"5,000",Equity,Equity Securities (GEM),2.07,2.075,2.075,2.075,1300000,2.69,1.95,1.842,6.15,12.35,2.48,3.5,24.7,2.84,4.9,385.0,2.84,4.9,-26.94,-57.65,-99.46,27.11,57.76,False,False,False,False,False,False,False,False,False,2026-10-08
8223,8223.HK,ZYY,紫元元,0.67,"4,000",Equity,Equity Securities (GEM),0.13,0.13,0.19,0.108,2532000,0.33,0.117,0.114,10.92,13.64,8.33,19.27,23.81,0.91,3.3,3.3,0.91,3.3,-79.12,-94.24,-94.24,85.71,96.06,True,False,False,True,False,False,False,False,False,2026-10-08
8226,8226.HK,KOALA FIN GP,树熊金融集团,0.43,"5,000",Equity,Equity Securities (GEM),0.103,0.103,0.103,0.103,85000,0.01,0.104,0.102,-0.77,1.08,-1.9,-1.9,1.98,0.13,0.24,8.58,0.13,0.24,-23.13,-56.72,-98.8,23.13,56.72,False,False,False,False,False,False,False,False,False,2026-10-08
8227,8227.HK,HAITIAN ANTENNA,海天天线,1.61,"1,000",Equity,Equity Securities (GEM),0.25,0.255,0.255,0.25,102000,0.03,0.25,0.25,0.0,0.0,0.0,0.0,0.0,0.41,1.5,8.49,0.41,1.5,-38.55,-83.0,-97.0,39.76,83.33,False,False,False,False,False,False,False,False,False,2026-10-08
8229,8229.HK,FUTURE DATA,未来数据集团,3.89,"5,000",Equity,Equity Securities (GEM),0.7,0.7,0.7,0.7,70000,0.05,0.723,0.751,-3.18,-6.79,-0.71,-4.11,-9.09,0.96,0.96,1.18,0.96,0.96,-27.08,-27.08,-40.68,27.08,27.08,False,False,False,False,False,False,False,False,False,2026-10-08
8232,8232.HK,THAC GROUP,一木集团,0.34,"5,000",Equity,Equity Securities (GEM),0.615,0.67,0.67,0.615,50000,0.03,0.666,0.734,-7.66,-16.21,2.5,-15.75,-20.13,2.51,5.18,205.27,2.51,5.18,-73.31,-87.07,-99.67,75.5,88.13,False,False,False,False,False,False,False,False,False,2026-10-08
8237,8237.HK,LINK HOLDINGS,华星控股,1.51,"6,000",Equity,Equity Securities (GEM),0.75,0.67,0.75,0.67,90000,0.07,0.804,0.762,-6.72,-1.57,11.94,-15.73,-9.64,1.33,1.5,30.25,1.33,1.5,-43.61,-50.0,-97.52,43.61,50.0,False,False,False,False,False,False,False,False,False,2026-10-08
8238,8238.HK,JIUFANG DIGITAL,玖方数智,0.41,"8,000",Equity,Equity Securities (GEM),0.117,0.116,0.12,0.115,168000,0.02,0.123,0.124,-5.03,-5.8,-0.85,-9.3,-11.36,0.34,1.55,38.6,0.34,1.55,-64.71,-92.26,-99.69,65.59,92.45,False,False,False,False,False,False,False,False,False,2026-10-08
8241,8241.HK,YING KEE TEA,英记茶庄集团,0.61,"5,000",Equity,Equity Securities (GEM),0.168,0.168,0.168,0.168,70000,0.01,0.168,0.168,0.24,0.3,0.0,0.6,-5.08,0.19,0.24,1.22,0.19,0.24,-13.85,-30.0,-86.23,13.85,30.0,False,False,False,False,False,False,False,False,False,2026-10-08
8245,8245.HK,CANOPY SKYFIRE,烽翼集团,0.53,"20,000",Equity,Equity Securities (GEM),0.152,0.155,0.155,0.146,720000,0.11,0.165,0.169,-7.65,-9.85,-5.0,-11.63,-15.56,0.19,1.0,35.5,0.19,1.0,-17.99,-84.5,-99.56,19.58,84.8,False,False,False,False,False,False,False,False,False,2026-10-08
8246,8246.HK,ZHONGHUA GAS,中华燃气,4.44,"5,000",Equity,Equity Securities (GEM),0.75,0.66,0.75,0.66,75000,0.06,0.678,0.685,10.62,9.57,13.64,13.64,11.94,1.0,2.4,3.84,1.0,2.4,-25.0,-68.75,-80.47,25.0,68.75,False,False,False,True,False,False,False,False,False,2026-10-08
8247,8247.HK,BIOSINO BIO-TEC,中生北控生物科技,1.94,"2,000",Equity,Equity Securities (GEM),3.01,3.06,3.06,3.0,18000,0.05,3.159,3.176,-4.72,-5.23,-5.94,-5.49,-6.23,7.0,7.0,7.0,7.0,7.0,-56.29,-56.29,-56.29,57.0,57.0,False,False,False,False,False,False,False,False,False,2026-10-08
8250,8250.HK,DU DU HLDGS,都都控股,0.42,"10,000",Equity,Equity Securities (GEM),0.122,0.131,0.131,0.122,141000,0.02,0.132,0.118,-7.29,3.04,-9.63,-6.15,-9.63,0.2,0.22,8.0,0.2,0.22,-34.5,-41.78,-98.36,39.0,45.78,False,False,False,False,False,False,False,False,False,2026-10-08
8267,8267.HK,LINEKONG,蓝港互动,0.71,500,Equity,Equity Securities (GEM),0.192,0.192,0.192,0.192,179500,0.03,0.192,0.194,0.0,-1.18,-0.52,0.0,-3.03,0.46,1.18,4.46,0.46,1.18,-58.26,-83.73,-95.7,58.26,83.73,False,False,False,False,False,False,False,False,False,2026-10-08
8268,8268.HK,SMART CITY DEV,智城发展控股,0.44,"8,000",Equity,Equity Securities (GEM),0.153,0.126,0.169,0.126,9560000,1.46,0.135,0.13,13.67,17.42,16.79,31.9,0.0,0.42,1.62,1.83,0.42,1.62,-59.76,-89.57,-90.74,63.57,90.56,True,False,False,True,False,False,False,False,False,2026-10-08
8269,8269.HK,GO UP EDU TECH,倍升教育科技,2.17,"30,000",Equity,Equity Securities (GEM),0.244,0.245,0.245,0.245,60000,0.01,0.245,0.246,-0.49,-0.89,0.0,-0.81,-0.41,0.52,0.65,1.32,0.52,0.65,-52.88,-62.31,-81.41,53.08,62.46,False,False,False,False,False,False,False,False,False,2026-10-08
8271,8271.HK,GDC,环球数码创意,1.13,"2,000",Equity,Equity Securities (GEM),0.075,0.09,0.102,0.074,336000,0.03,0.075,0.073,-0.53,3.02,5.63,-6.25,-6.25,0.15,0.15,1.1,0.15,0.15,-32.0,-32.0,-90.73,50.0,50.0,False,False,False,False,False,False,False,False,False,2026-10-08
8275,8275.HK,CHINA NEW CONS,中国新消费集团,0.84,"20,000",Equity,Equity Securities (GEM),0.088,0.088,0.088,0.087,360000,0.03,0.085,0.088,3.04,0.11,1.15,6.02,4.76,0.13,0.35,61.33,0.13,0.35,-32.82,-74.86,-99.86,32.82,74.86,True,False,False,True,False,False,False,False,False,2026-10-08
8279,8279.HK,AGTECH HOLDINGS,亚博科技控股,135.4,"4,000",Equity,Equity Securities (GEM),1.16,1.16,1.165,1.14,4300000,4.99,1.175,1.196,-1.28,-2.97,0.0,-0.43,-4.53,1.68,1.68,1.71,1.68,1.68,-30.65,-30.65,-31.87,30.95,30.95,False,False,False,False,False,False,False,False,False,2026-10-08
8286,8286.HK,CCOE,长城微光,0.15,"5,000",Equity,Equity Securities (GEM),0.14,0.131,0.14,0.125,255000,0.04,0.144,0.13,-2.91,7.44,-4.11,-4.76,-1.41,0.5,0.5,0.76,0.5,0.5,-72.0,-72.0,-81.58,72.0,72.0,False,False,False,False,False,False,False,False,False,2026-10-08
8290,8290.HK,AHSAY BACKUP,亚势备份,0.74,"10,000",Equity,Equity Securities (GEM),0.037,0.037,0.037,0.037,30000,0.0,0.037,0.037,-0.54,-0.8,0.0,0.0,0.0,0.06,0.06,0.18,0.06,0.06,-37.29,-37.29,-79.56,37.29,37.29,False,False,False,False,False,False,False,False,False,2026-10-08
8291,8291.HK,HK ENT INTL,港娱国际,0.49,"10,000",Equity,Equity Securities (GEM),0.229,0.229,0.23,0.229,200000,0.05,0.231,0.222,-0.69,3.2,0.0,-2.55,1.78,0.56,0.75,202.13,0.56,0.75,-58.93,-69.33,-99.89,59.11,69.47,False,False,False,False,False,False,False,False,False,2026-10-08
8292,8292.HK,VSING,VSING,1.15,"10,000",Equity,Equity Securities (GEM),0.107,0.113,0.113,0.106,1100000,0.12,0.118,0.12,-9.32,-10.54,-10.83,-12.3,-12.3,0.42,0.67,38.61,0.42,0.67,-73.1,-83.13,-99.71,74.52,84.03,False,False,False,False,False,False,False,False,False,2026-10-08
8295,8295.HK,KINGWISOFT TECH,金慧科技,1.24,"20,000",Equity,Equity Securities (GEM),0.026,0.026,0.026,0.025,340000,0.01,0.026,0.027,0.0,-2.26,0.0,0.0,0.0,0.04,0.09,1.24,0.04,0.09,-27.78,-71.11,-97.9,27.78,71.11,False,False,False,False,False,False,False,False,False,2026-10-08
8297,8297.HK,OCEAN STAR TECH,海纳星空科技,0.61,"2,500",Equity,Equity Securities (GEM),0.039,0.042,0.042,0.03,10875000,0.42,0.039,0.039,-1.02,-0.51,5.41,-4.88,8.33,0.1,0.35,1.92,0.1,0.35,-58.0,-88.0,-97.81,61.0,88.86,False,False,False,False,False,False,False,False,False,2026-10-08
8299,8299.HK,GT GOLD,大唐黄金,24.33,"24,000",Equity,Equity Securities (GEM),0.255,0.275,0.28,0.255,66612500,16.99,0.266,0.265,-4.14,-3.77,-8.93,-3.77,-3.77,0.85,0.85,1.02,0.85,0.85,-67.06,-67.06,-72.44,70.0,70.0,False,False,False,False,False,False,False,False,False,2026-10-08
8300,8300.HK,JIN MI FANG GP,今米房集团,0.98,"20,000",Equity,Equity Securities (GEM),0.037,0.037,0.037,0.037,60000,0.0,0.036,0.036,2.21,3.06,0.0,8.82,5.71,0.09,0.4,0.4,0.09,0.4,-58.89,-90.75,-90.75,58.89,90.75,False,False,False,False,False,False,False,False,False,2026-10-08
8305,8305.HK,ST HLDGS,圣唐控股,3.41,"10,000",Equity,Equity Securities (GEM),0.21,0.216,0.22,0.207,3220000,0.68,0.218,0.215,-3.58,-2.19,-2.78,-2.78,-4.11,0.33,0.73,0.73,0.33,0.73,-33.33,-69.86,-69.86,36.36,71.23,False,False,False,False,False,False,False,False,False,2026-10-08
8308,8308.HK,GUDOU HLDGS,古兜控股,0.31,"4,000",Equity,Equity Securities (GEM),0.022,0.021,0.022,0.021,1812000,0.04,0.022,0.023,-0.9,-3.51,0.0,0.0,-4.35,0.08,0.6,2.43,0.08,0.6,-73.81,-96.33,-99.09,73.81,96.33,False,False,False,False,False,False,False,False,False,2026-10-08
8311,8311.HK,PERFECT OPT,圆美光电,1.08,"10,000",Equity,Equity Securities (GEM),0.073,0.066,0.078,0.064,360000,0.03,0.06,0.057,20.86,27.4,7.35,46.0,30.36,0.17,0.19,1.2,0.17,0.19,-53.85,-57.84,-93.5,56.8,60.54,True,False,False,False,False,False,False,False,False,2026-10-08
8313,8313.HK,ZACD,杰地集团,0.64,"10,000",Equity,Equity Securities (GEM),0.032,0.031,0.032,0.029,100000,0.0,0.032,0.032,0.0,1.27,3.23,-3.03,3.23,0.04,0.07,0.38,0.04,0.07,-15.79,-52.94,-91.47,15.79,52.94,False,False,False,True,False,False,False,False,False,2026-10-08
8316,8316.HK,CHINA HONGBAO,中国红包,2.17,"2,000",Equity,Equity Securities (GEM),0.228,0.228,0.228,0.228,114000,0.03,0.23,0.231,-0.7,-1.51,-0.87,-0.87,-1.72,0.31,1.26,2.79,0.31,1.26,-26.45,-81.9,-91.83,26.45,81.9,False,False,False,False,False,False,False,False,False,2026-10-08
8317,8317.HK,FINET GROUP,财华社集团,0.82,"2,000",Equity,Equity Securities (GEM),0.082,0.082,0.082,0.082,174000,0.01,0.081,0.08,0.99,2.63,1.23,1.23,1.23,0.14,0.16,0.96,0.14,0.16,-39.26,-47.1,-91.48,39.26,47.1,False,False,False,False,False,False,False,False,False,2026-10-08
8319,8319.HK,EXPERT SYS,思博系统,0.87,"10,000",Equity,Equity Securities (GEM),0.108,0.108,0.108,0.108,50000,0.01,0.103,0.103,4.65,5.26,5.88,5.88,5.88,0.14,0.15,0.25,0.14,0.15,-22.86,-29.41,-56.45,22.86,29.41,False,False,False,False,False,False,False,False,False,2026-10-08
8320,8320.HK,AEC GROUP,沛然环保,0.57,"20,000",Equity,Equity Securities (GEM),0.078,0.078,0.078,0.078,200000,0.02,0.081,0.081,-3.94,-3.58,-4.88,-2.5,0.0,0.14,0.14,5.3,0.14,0.14,-42.22,-42.22,-98.53,42.22,42.22,False,False,False,False,False,False,False,False,False,2026-10-08
8326,8326.HK,TK NEW ENERGY,同景新能源,1.33,"25,000",Equity,Equity Securities (GEM),0.108,0.124,0.124,0.108,75000,0.01,0.123,0.127,-12.48,-14.89,-1.82,-20.0,-21.17,0.25,0.25,2.84,0.25,0.25,-50.4,-50.4,-95.63,56.8,56.8,False,False,False,False,False,False,False,False,False,2026-10-08
8337,8337.HK,DIRECTEL,直通电讯,0.33,"10,000",Equity,Equity Securities (GEM),0.133,0.114,0.135,0.114,260000,0.03,0.117,0.116,13.87,14.46,17.7,20.91,20.91,0.15,0.22,7.8,0.15,0.22,-8.16,-37.21,-98.27,9.52,38.14,False,False,False,True,False,False,False,True,False,2026-10-08
8340,8340.HK,ZIJING INTL FIN,紫荆国际金融,0.8,"5,000",Equity,Equity Securities (GEM),1.005,1.095,1.095,1.005,15000,0.02,1.006,0.944,-0.1,6.52,-8.22,0.5,8.06,1.1,2.96,100.67,1.1,2.96,0.0,-63.02,-98.91,8.22,66.06,False,False,False,False,False,False,False,True,False,2026-10-08
8341,8341.HK,AESO HOLDING,艾硕控股,0.33,"5,000",Equity,Equity Securities (GEM),0.136,0.141,0.146,0.132,180000,0.02,0.144,0.145,-5.69,-5.95,-9.33,-2.86,-6.21,0.32,0.4,28.18,0.32,0.4,-54.37,-63.5,-99.48,57.5,66.0,False,False,False,False,False,False,False,False,False,2026-10-08
8348,8348.HK,BINHAI TEDA,滨海泰达物流,0.99,"2,000",Equity,Equity Securities (GEM),0.28,0.28,0.28,0.28,8000,0.0,0.312,0.316,-10.26,-11.39,-12.5,-12.5,-12.5,0.46,0.84,1.85,0.46,0.84,-39.13,-66.67,-84.86,39.13,66.67,False,False,False,False,False,False,False,False,False,2026-10-08
8357,8357.HK,REPUBLIC HC,REPUBLIC HC,1.22,"5,000",Equity,Equity Securities (GEM),0.196,0.194,0.196,0.172,6085000,1.19,0.175,0.148,12.0,32.79,6.52,29.8,18.79,0.24,0.24,0.93,0.24,0.24,-18.33,-18.33,-78.92,18.33,18.33,False,False,False,False,False,False,False,False,False,2026-10-08
8360,8360.HK,BASIC H NEWLIFE,简朴新生活,0.89,"6,000",Equity,Equity Securities (GEM),0.246,0.255,0.255,0.246,216000,0.05,0.259,0.277,-5.09,-11.06,-7.17,-7.17,-12.14,0.64,1.59,4.99,0.64,1.59,-60.16,-83.96,-94.89,61.56,84.53,False,False,False,False,False,False,False,False,False,2026-10-08
8365,8365.HK,HATCHER GROUP,亦辰集团,1.76,"10,000",Equity,Equity Securities (GEM),0.845,0.84,0.86,0.835,1800000,1.52,0.849,0.874,-0.47,-3.26,-0.59,-0.59,-1.17,3.16,3.16,40.5,3.16,3.16,-72.78,-72.78,-97.88,73.26,73.26,False,False,False,False,False,False,False,False,False,2026-10-08
8368,8368.HK,CREATIVE CHINA,中国创意控股,1.37,"10,000",Equity,Equity Securities (GEM),0.198,0.183,0.199,0.183,4080400,0.81,0.207,0.215,-4.35,-8.08,-1.0,-10.0,-13.54,0.98,1.1,9.2,0.98,1.1,-79.69,-81.91,-97.84,79.8,82.0,False,False,False,False,False,False,False,False,False,2026-10-08
8370,8370.HK,ZHI SHENG GP,智升集团控股,13.98,800,Equity,Equity Securities (GEM),7.5,7.4,7.5,7.4,56000,0.42,7.358,7.328,1.93,2.35,1.35,5.56,0.0,7.5,7.5,58.5,7.5,7.5,0.0,0.0,-87.18,0.0,0.0,False,False,False,False,False,False,False,True,True,2026-10-08
8371,8371.HK,TASTEGOURMET GP,尝高美集团,7.89,"4,000",Equity,Equity Securities (GEM),2.06,2.08,2.08,2.06,68000,0.14,2.062,2.043,-0.1,0.81,-1.9,1.98,3.0,2.21,2.21,2.21,2.21,2.21,-6.09,-6.09,-6.09,7.0,7.0,False,False,False,False,False,False,False,True,True,2026-10-08
8373,8373.HK,INDIGO STAR,靛蓝星,0.47,"5,000",Equity,Equity Securities (GEM),0.89,0.88,0.885,0.88,85000,0.08,0.901,0.898,-1.22,-0.89,-1.11,-2.73,1.14,1.1,1.75,44.0,1.1,1.75,-19.55,-49.43,-97.99,19.09,49.14,False,False,False,False,False,False,False,False,False,2026-10-08
8375,8375.HK,DATA UNION CAP,数盟资本,2.73,"10,000",Equity,Equity Securities (GEM),0.79,0.79,0.79,0.79,10000,0.01,0.801,0.873,-1.37,-9.46,-1.25,-3.07,-14.13,2.99,8.2,8.2,2.99,8.2,-73.58,-90.37,-90.37,73.58,90.37,False,False,False,False,False,False,False,False,False,2026-10-08
8385,8385.HK,PROSPEROUSPRINT,万里印刷,0.1,"10,000",Equity,Equity Securities (GEM),0.1,0.1,0.1,0.1,100000,0.01,0.1,0.109,-0.2,-8.34,0.0,-0.99,-3.85,0.4,0.4,9.5,0.4,0.4,-74.68,-74.68,-98.95,74.68,74.68,False,False,False,False,False,False,False,False,False,2026-10-08
8391,8391.HK,CORNERSTONE TEC,基石科技控股,3.2,"4,000",Equity,Equity Securities (GEM),0.305,0.3,0.305,0.3,1932000,0.59,0.304,0.304,0.33,0.33,0.0,0.0,-1.61,0.65,0.86,3.59,0.65,0.86,-53.08,-64.53,-91.5,53.08,64.53,False,False,False,True,False,False,False,False,False,2026-10-08
8395,8395.HK,ZXZN QI-HOUSE,中显智能齐家控股,31.89,"20,000",Equity,Equity Securities (GEM),1.795,1.88,1.88,1.765,780000,1.4,1.792,1.794,0.17,0.06,-2.71,3.16,10.46,2.6,2.6,2.6,2.6,2.6,-27.69,-27.69,-27.69,30.96,30.96,False,False,False,True,False,False,False,False,False,2026-10-08
8401,8401.HK,HUA XIA WATER,华夏水务集团,0.28,"2,000",Equity,Equity Securities (GEM),0.034,0.034,0.034,0.034,20000,0.0,0.034,0.033,1.19,3.03,0.0,3.03,-2.86,0.11,0.44,4.41,0.11,0.44,-68.52,-92.27,-99.23,68.52,92.27,False,False,False,False,False,False,False,False,False,2026-10-08
8402,8402.HK,PLATEAU TL,高原之宝,0.8,"5,000",Equity,Equity Securities (GEM),0.111,0.111,0.112,0.111,80000,0.01,0.102,0.094,9.06,18.32,10.26,10.27,28.64,0.16,1.23,3.0,0.16,1.23,-30.0,-90.89,-96.27,30.62,90.98,False,False,False,False,False,False,False,False,False,2026-10-08
8403,8403.HK,DEFENG SOLIFE,德丰宿来,5.8,"4,000",Equity,Equity Securities (GEM),3.43,3.44,3.445,3.3,164000,0.56,3.373,3.271,1.69,4.88,-0.44,3.94,4.1,3.76,3.76,3.76,3.76,3.76,-8.38,-8.38,-8.38,8.78,8.78,False,False,False,False,False,False,False,True,True,2026-10-08
8406,8406.HK,CHINA ORAL IND,中国口腔产业,1.64,"10,000",Equity,Equity Securities (GEM),0.08,0.079,0.079,0.079,300000,0.02,0.082,0.082,-2.2,-2.32,-3.61,-2.44,-2.44,0.1,0.22,1.98,0.1,0.22,-20.2,-63.93,-96.01,19.19,63.47,False,False,False,False,False,False,False,False,False,2026-10-08
8411,8411.HK,K W NELSON GP,K W NELSON GP,1.18,"10,000",Equity,Equity Securities (GEM),0.118,0.12,0.12,0.118,160000,0.02,0.122,0.124,-3.28,-4.84,-4.07,-4.07,-6.35,0.16,0.16,8.7,0.16,0.16,-22.58,-22.58,-98.62,23.87,23.87,False,False,False,False,False,False,False,False,False,2026-10-08
8412,8412.HK,NEW AMANTE,新爱德集团,0.56,"10,000",Equity,Equity Securities (GEM),0.385,0.35,0.45,0.335,400000,0.15,0.351,0.359,9.69,7.24,2.67,6.94,1.32,0.5,1.29,14.03,0.5,1.29,-10.0,-65.12,-96.79,23.0,70.16,False,False,True,True,False,False,False,False,False,2026-10-08
8413,8413.HK,ASIA GROCERY,亚洲富思,0.71,"10,000",Equity,Equity Securities (GEM),0.061,0.06,0.061,0.06,180000,0.01,0.062,0.061,-0.97,-0.81,-6.15,0.0,1.67,0.2,0.32,1.81,0.2,0.32,-70.24,-80.94,-96.63,70.24,80.94,False,False,False,False,False,False,False,False,False,2026-10-08
8417,8417.HK,DADI EDU,大地教育,0.39,"10,000",Equity,Equity Securities (GEM),0.022,0.022,0.022,0.021,580000,0.01,0.022,0.023,0.0,-3.93,0.0,0.0,0.0,0.03,0.03,1.98,0.03,0.03,-31.25,-31.25,-98.89,31.25,31.25,False,False,False,False,False,False,False,False,False,2026-10-08
8418,8418.HK,OPTIMA AUTO,傲迪玛汽车,4.8,"2,000",Equity,Equity Securities (GEM),0.565,0.545,0.575,0.545,52000,0.03,0.567,0.56,-0.35,0.89,-1.74,-0.88,0.89,2.5,2.5,2.79,2.5,2.5,-77.0,-77.0,-79.39,77.4,77.4,False,False,False,False,False,False,False,False,False,2026-10-08
8420,8420.HK,NEXION TECH,NEXION TECH,0.27,"5,000",Equity,Equity Securities (GEM),0.03,0.03,0.031,0.03,3565000,0.11,0.029,0.029,2.74,2.74,3.45,3.45,3.45,0.05,0.09,1.6,0.05,0.09,-42.59,-63.95,-98.06,44.44,65.12,False,False,False,False,False,False,False,False,False,2026-10-08
8423,8423.HK,CHI HO DEV,CHI HO DEV,0.33,"10,000",Equity,Equity Securities (GEM),0.041,0.041,0.041,0.041,1190000,0.05,0.042,0.044,-1.44,-6.39,0.0,-2.38,-8.89,0.11,0.11,3.6,0.11,0.11,-62.73,-62.73,-98.86,62.73,62.73,False,False,False,False,False,False,False,False,False,2026-10-08
8425,8425.HK,HING MING HLDGS,兴铭控股,0.51,"4,000",Equity,Equity Securities (GEM),0.135,0.138,0.14,0.135,164000,0.02,0.132,0.125,1.96,8.09,-2.17,3.85,4.65,0.14,0.23,3.3,0.14,0.23,1.45,-39.39,-95.76,3.57,41.56,False,False,False,False,True,False,False,True,False,2026-10-08
8426,8426.HK,MODERN LIVING,雅居投资控股,2.16,"10,000",Equity,Equity Securities (GEM),0.27,0.27,0.27,0.27,30000,0.01,0.272,0.271,-0.74,-0.37,0.0,0.0,0.0,0.43,0.86,0.86,0.43,0.86,-36.47,-68.6,-68.6,36.47,68.6,False,False,False,False,False,False,False,False,False,2026-10-08
8427,8427.HK,WS-SK TARGET,万顺瑞强集团,0.52,400,Equity,Equity Securities (GEM),3.145,3.145,3.145,3.005,5600,0.02,3.263,3.378,-3.62,-6.91,0.0,-6.12,-1.72,26.46,38.0,87.2,26.46,38.0,-88.11,-91.72,-96.39,88.11,91.72,False,False,False,False,False,False,False,False,False,2026-10-08
8429,8429.HK,SV VISION,华美乐乐,0.25,"5,000",Equity,Equity Securities (GEM),0.052,0.051,0.052,0.051,120000,0.01,0.051,0.051,1.56,1.76,1.96,1.96,1.96,0.13,0.13,1.49,0.13,0.13,-60.0,-60.0,-96.51,60.0,60.0,False,False,False,True,False,False,False,False,False,2026-10-08
8430,8430.HK,C&N HOLDINGS,春能控股,0.11,"10,000",Equity,Equity Securities (GEM),0.067,0.068,0.068,0.065,550000,0.04,0.069,0.072,-2.9,-6.94,-1.47,-1.47,-9.46,0.29,0.41,9.69,0.29,0.41,-76.95,-83.21,-99.3,77.29,83.46,False,False,False,False,False,False,False,False,False,2026-10-08
8431,8431.HK,HAO BAI INTL,浩柏国际,3.03,"10,000",Equity,Equity Securities (GEM),1.28,1.275,1.29,1.26,1830000,2.34,1.29,1.305,-0.78,-1.95,0.0,-1.54,-3.03,2.0,2.47,53.49,2.0,2.47,-35.5,-47.77,-97.59,36.0,48.18,False,False,False,False,False,False,False,False,False,2026-10-08
8432,8432.HK,BAR PACIFIC,太平洋酒吧,0.4,"10,000",Equity,Equity Securities (GEM),0.045,0.045,0.045,0.045,400000,0.02,0.045,0.045,0.45,0.22,0.0,0.0,0.0,0.05,0.08,6.06,0.05,0.08,-16.67,-43.75,-99.26,16.67,43.75,False,False,False,False,False,False,False,False,False,2026-10-08
8439,8439.HK,SOMERLEY CAP,新百利融资,1.91,"2,000",Equity,Equity Securities (GEM),1.26,1.26,1.26,1.25,132000,0.17,1.287,1.193,-2.1,5.66,0.0,-3.08,17.76,4.85,4.85,4.85,4.85,4.85,-74.02,-74.02,-74.02,74.02,74.02,False,False,False,False,False,False,False,False,False,2026-10-08
8445,8445.HK,NOBLE ENG GP,怡康泰工程集团,0.76,"10,000",Equity,Equity Securities (GEM),0.228,0.242,0.242,0.228,90000,0.02,0.248,0.263,-7.92,-13.18,-10.59,-8.8,-6.17,0.49,0.49,5.13,0.49,0.49,-50.61,-50.61,-95.29,53.47,53.47,False,False,False,False,False,False,False,False,False,2026-10-08
8447,8447.HK,MS CONCEPT,MS CONCEPT,0.72,"10,000",Equity,Equity Securities (GEM),0.072,0.072,0.072,0.072,70000,0.01,0.078,0.076,-7.22,-4.89,-7.69,-10.0,-11.11,0.1,0.1,0.36,0.1,0.1,-26.53,-26.53,-80.0,26.53,26.53,False,False,False,False,False,False,False,False,False,2026-10-08
8448,8448.HK,UNI PRINTSHOP,环球印馆,1.25,"20,000",Equity,Equity Securities (GEM),1.25,1.2,1.25,1.2,60000,0.07,1.23,1.246,1.63,0.32,0.0,4.17,4.17,1.99,1.99,9.06,1.99,1.99,-37.19,-37.19,-86.21,37.19,37.19,False,False,False,True,False,False,False,False,False,2026-10-08
8450,8450.HK,EDICO HOLDINGS,钜京控股,6.7,"10,000",Equity,Equity Securities (GEM),0.67,0.64,0.685,0.64,650000,0.44,0.7,0.734,-4.29,-8.78,-4.29,-5.63,-4.96,0.88,0.88,0.88,0.88,0.88,-22.16,-22.16,-22.16,23.86,23.86,False,False,False,False,False,False,False,False,False,2026-10-08
8451,8451.HK,SUNLIGHT HLDGS,日光控股,0.72,"10,000",Equity,Equity Securities (GEM),0.09,0.09,0.097,0.09,230000,0.02,0.088,0.086,2.27,4.17,2.27,2.27,4.65,0.09,0.25,0.48,0.1,0.25,10.23,-61.96,-79.79,7.22,64.71,False,False,False,False,True,False,False,True,False,2026-10-08
8455,8455.HK,LAI GROUP,礼建德集团,0.23,"10,000",Equity,Equity Securities (GEM),0.024,0.023,0.025,0.02,22910000,0.55,0.024,0.024,-1.64,-0.41,0.0,-4.0,0.0,0.16,0.16,3.5,0.16,0.16,-84.28,-84.28,-99.29,84.91,84.91,False,False,False,False,False,False,False,False,False,2026-10-08
8460,8460.HK,BASETROPHY GP,基地锦标集团,0.96,"5,000",Equity,Equity Securities (GEM),0.36,0.35,0.375,0.345,765000,0.28,0.358,0.327,0.56,10.09,0.0,-1.37,20.0,3.39,3.39,21.9,3.39,3.39,-88.94,-88.94,-98.29,89.38,89.38,False,False,False,False,False,False,False,False,False,2026-10-08
8471,8471.HK,REACH NEW HLDGS,新达控股,0.22,"10,000",Equity,Equity Securities (GEM),0.295,0.32,0.32,0.295,150000,0.04,0.313,0.316,-5.75,-6.65,-7.81,-7.81,-3.28,2.3,9.3,35.8,2.3,9.3,-86.09,-96.56,-99.11,87.17,96.83,False,False,False,False,False,False,False,False,False,2026-10-08
8472,8472.HK,LAPCO HOLDINGS,立高控股,0.43,"2,000",Equity,Equity Securities (GEM),0.375,0.34,0.375,0.34,786000,0.29,0.372,0.338,0.81,11.11,0.0,4.17,5.63,0.76,1.2,45.78,0.76,1.2,-50.66,-68.75,-99.18,50.66,68.75,False,False,False,False,False,False,False,False,False,2026-10-08
8473,8473.HK,MI MING MART,弥明生活百货,1.15,"10,000",Equity,Equity Securities (GEM),0.103,0.103,0.103,0.103,130000,0.01,0.1,0.099,3.21,4.25,0.0,6.19,4.04,0.13,0.18,0.91,0.13,0.18,-19.53,-42.13,-88.68,19.53,42.13,False,False,False,False,False,False,False,False,False,2026-10-08
8480,8480.HK,FURNIWEB,飞霓控股,1.21,"4,000",Equity,Equity Securities (GEM),0.131,0.14,0.14,0.131,28000,0.0,0.132,0.137,-0.61,-4.38,-5.07,0.77,-2.96,0.3,0.35,3.34,0.3,0.35,-53.33,-60.0,-95.81,56.33,62.57,False,False,False,False,False,False,False,False,False,2026-10-08
8481,8481.HK,SHENGLONG INTL,盛龙锦秀国际,1.03,"5,000",Equity,Equity Securities (GEM),0.255,0.255,0.255,0.255,10000,0.0,0.239,0.256,6.78,-0.55,14.35,14.35,-5.56,0.55,0.67,0.97,0.55,0.67,-53.64,-61.94,-73.71,53.64,61.94,False,False,False,False,False,False,False,False,False,2026-10-08
8482,8482.HK,WAN LEADER,万励达,0.26,"10,000",Equity,Equity Securities (GEM),0.114,0.115,0.115,0.113,170000,0.02,0.125,0.125,-8.65,-8.8,-5.0,-12.31,-12.31,0.17,2.5,6.5,0.17,2.5,-33.91,-95.4,-98.23,34.48,95.44,False,False,False,False,False,False,False,False,False,2026-10-08
8483,8483.HK,MAX SIGHT GROUP,名仕快相,2.68,"8,000",Equity,Equity Securities (GEM),0.335,0.35,0.36,0.32,2560000,0.86,0.339,0.335,-1.18,-0.15,-5.63,1.52,8.06,0.37,0.37,1.3,0.37,0.37,-2.7,-2.7,-72.31,9.46,9.46,False,False,False,False,False,False,False,True,True,2026-10-08
8487,8487.HK,ISP GLOBAL,ISP GLOBAL,0.94,"2,000",Equity,Equity Securities (GEM),0.09,0.09,0.09,0.09,992000,0.09,0.09,0.087,0.45,3.33,0.0,0.0,3.45,0.09,0.28,3.92,0.09,0.28,-4.26,-68.42,-97.7,4.26,68.42,False,False,False,False,False,False,False,True,False,2026-10-08
8489,8489.HK,GP LOGISTICS,裕程物流,0.83,"5,000",Equity,Equity Securities (GEM),0.27,0.25,0.275,0.25,460000,0.12,0.254,0.263,6.47,2.74,14.89,5.88,0.0,0.49,0.49,1.43,0.49,0.49,-43.88,-43.88,-80.77,44.9,44.9,False,False,False,True,False,False,False,False,False,2026-10-08
8490,8490.HK,NICHE-TECH SEMI,骏码半导体,0.56,"5,000",Equity,Equity Securities (GEM),0.08,0.077,0.08,0.077,140000,0.01,0.081,0.084,-1.72,-4.53,2.56,-9.09,-8.05,0.25,0.55,0.74,0.25,0.55,-68.63,-85.45,-89.19,68.63,85.45,False,False,False,False,False,False,False,False,False,2026-10-08
8491,8491.HK,COOL LINK,COOL LINK,0.92,"5,000",Equity,Equity Securities (GEM),0.232,0.199,0.239,0.199,220000,0.05,0.209,0.207,11.0,12.08,16.0,11.54,12.62,0.51,3.37,60.0,0.51,3.37,-53.14,-92.91,-99.6,54.51,93.12,False,False,False,True,False,False,False,False,False,2026-10-08
8495,8495.HK,1957 & CO.,1957 & CO.,1.25,"4,000",Equity,Equity Securities (GEM),0.325,0.275,0.325,0.26,260000,0.08,0.313,0.291,3.83,11.8,6.56,8.33,-5.8,0.49,0.5,0.73,0.49,0.5,-32.99,-35.0,-55.48,32.99,35.0,False,False,False,True,False,False,False,False,False,2026-10-08
8507,8507.HK,I.CENTURY HLDG,爱世纪集团,5.28,"4,000",Equity,Equity Securities (GEM),0.66,0.66,0.67,0.65,976000,0.64,0.674,0.677,-2.08,-2.44,0.0,-2.94,-2.94,1.25,1.25,1.25,1.25,1.25,-46.4,-46.4,-46.4,47.2,47.2,False,False,False,False,False,False,False,False,False,2026-10-08
8510,8510.HK,TOPSTANDARDCORP,TOPSTANDARDCORP,0.55,"20,000",Equity,Equity Securities (GEM),0.231,0.232,0.232,0.231,61600,0.01,0.248,0.226,-6.93,2.21,-3.75,-7.6,5.0,0.3,0.46,3.65,0.3,0.46,-22.67,-49.57,-93.64,23.0,49.78,False,False,False,False,False,False,False,False,False,2026-10-08
8511,8511.HK,MIN FU INTL,民富国际,0.07,"2,000",Equity,Equity Securities (GEM),0.24,0.26,0.28,0.235,312000,0.07,0.264,0.327,-8.95,-26.67,-9.43,-3.23,-33.33,1.05,3.6,35.13,1.05,3.6,-73.33,-92.22,-99.2,77.14,93.33,False,False,False,False,False,False,False,False,False,2026-10-08
8516,8516.HK,ZY INTL,中盈国际,0.81,"5,000",Equity,Equity Securities (GEM),1.41,1.59,1.59,1.28,54500,0.08,1.499,1.549,-5.94,-8.94,-3.75,-6.0,-11.88,1.93,1.98,642.0,1.93,1.98,-17.62,-19.7,-99.75,26.94,28.79,False,False,False,False,False,False,False,False,False,2026-10-08
8521,8521.HK,WEBX INTL HLDGS,智云国际控股,3.99,"5,000",Equity,Equity Securities (GEM),0.625,0.625,0.625,0.625,35000,0.02,0.639,0.657,-2.19,-4.94,0.0,-2.34,-8.09,1.26,1.7,1.7,1.26,1.7,-50.4,-63.24,-63.24,50.4,63.24,False,False,False,False,False,False,False,False,False,2026-10-08
8525,8525.HK,BAIYING HOLDING,百应控股,2.17,"2,000",Equity,Equity Securities (GEM),0.805,0.72,0.81,0.72,36000,0.03,0.799,0.803,0.75,0.31,1.9,0.62,-0.62,0.9,1.0,2.88,0.9,1.0,-10.0,-19.0,-71.88,10.56,19.5,False,False,False,True,False,False,False,False,False,2026-10-08
8526,8526.HK,WING FUNG GROUP,荣丰集团亚洲,0.77,"10,000",Equity,Equity Securities (GEM),0.475,0.45,0.48,0.45,2375000,1.13,0.455,0.464,4.4,2.26,5.56,5.56,5.56,0.5,0.5,4.84,0.5,0.5,-4.0,-4.0,-90.08,5.0,5.0,False,False,False,True,False,False,False,True,True,2026-10-08
8527,8527.HK,JLOGO HLDGS,聚利宝控股,2.58,"5,000",Equity,Equity Securities (GEM),0.515,0.51,0.525,0.505,3195000,1.65,0.51,0.458,0.98,12.45,-1.9,0.98,17.05,0.55,0.58,3.79,0.55,0.58,-3.67,-9.48,-86.15,5.5,11.21,False,False,False,False,False,False,False,True,False,2026-10-08
8529,8529.HK,UBOT HOLDING,优博控股,1.57,"5,000",Equity,Equity Securities (GEM),0.305,0.3,0.31,0.3,175000,0.05,0.285,0.282,7.02,8.16,3.39,10.91,10.91,0.78,0.78,0.78,0.78,0.78,-60.26,-60.26,-60.26,60.9,60.9,False,False,False,False,False,False,False,False,False,2026-10-08
8532,8532.HK,POLYFAIR HLDGS,宝发控股,0.05,"16,000",Equity,Equity Securities (GEM),0.058,0.058,0.058,0.058,64000,0.0,0.061,0.061,-4.29,-5.54,-3.33,-9.38,-7.94,0.1,0.69,4.5,0.1,0.69,-42.0,-91.59,-98.71,42.0,91.59,False,False,False,False,False,False,False,False,False,2026-10-08
8535,8535.HK,VISTAR HOLDINGS,荧德控股,2.86,"20,000",Equity,Equity Securities (GEM),0.238,0.24,0.24,0.238,300000,0.07,0.244,0.237,-2.3,0.63,-4.42,0.42,1.28,0.28,0.28,0.49,0.28,0.28,-14.29,-14.29,-51.02,15.0,15.0,False,False,False,False,False,False,False,False,False,2026-10-08
8540,8540.HK,VICTORY SEC,胜利证券,9.32,"1,000",Equity,Equity Securities (GEM),4.375,4.37,4.4,4.34,279000,1.22,4.372,4.373,0.07,0.06,0.11,0.0,-0.23,5.93,12.0,12.0,5.93,12.0,-25.8,-63.33,-63.33,26.22,63.54,False,False,False,True,False,False,False,False,False,2026-10-08
8549,8549.HK,GOLDEN LEAF INT,金叶国际集团,0.82,"5,000",Equity,Equity Securities (GEM),0.205,0.206,0.206,0.205,295000,0.06,0.205,0.205,-0.1,-0.15,0.0,0.0,-2.38,0.38,3.32,3.32,0.38,3.32,-45.79,-93.8,-93.8,46.05,93.83,False,False,False,False,False,False,False,False,False,2026-10-08
8610,8610.HK,BBSB INTL,BBSB INTL,2.75,"4,000",Equity,Equity Securities (GEM),0.55,0.575,0.575,0.55,36000,0.02,0.578,0.583,-4.84,-5.66,-5.17,-5.17,-8.33,3.11,3.11,3.11,3.11,3.11,-81.51,-81.51,-81.51,82.32,82.32,False,False,False,False,False,False,False,False,False,2026-10-08
8611,8611.HK,JUFEEL,九福来,6.08,"5,000",Equity,Equity Securities (GEM),1.02,0.7,1.02,0.7,3715000,3.79,0.784,0.761,30.1,34.12,42.66,38.78,39.73,1.6,1.86,3.8,1.6,1.86,-36.25,-45.16,-73.16,36.25,45.16,False,False,False,True,False,False,False,False,False,2026-10-08
8612,8612.HK,WORLD SUPER,维亮控股,0.32,"20,000",Equity,Equity Securities (GEM),0.078,0.076,0.08,0.076,3960000,0.31,0.074,0.074,4.84,5.83,6.85,5.41,9.86,0.19,0.42,13.9,0.19,0.42,-58.76,-80.95,-99.42,59.79,81.43,False,False,False,False,False,False,False,False,False,2026-10-08
8613,8613.HK,ORIENTAL PAY,东方支付集团控股,0.58,"10,000",Equity,Equity Securities (GEM),0.03,0.031,0.031,0.03,270000,0.01,0.032,0.032,-6.25,-5.66,-6.25,-11.76,-6.25,0.06,0.19,0.4,0.06,0.19,-45.61,-83.6,-92.15,47.37,84.13,False,False,False,False,False,False,False,False,False,2026-10-08
8616,8616.HK,SUNRAY ENG GP,新威工程集团,0.98,"10,000",Equity,Equity Securities (GEM),0.098,0.098,0.098,0.098,50000,0.0,0.099,0.099,-0.61,-1.01,1.03,-2.0,-2.0,0.11,0.11,0.9,0.11,0.11,-11.71,-11.71,-89.11,11.71,11.71,False,False,False,False,False,False,False,False,False,2026-10-08
8619,8619.HK,NIU HOLDINGS,NIU HOLDINGS,0.29,"10,000",Equity,Equity Securities (GEM),0.067,0.067,0.068,0.067,350000,0.02,0.07,0.074,-4.56,-9.58,1.52,-5.63,-12.99,0.3,3.9,32.0,0.3,3.9,-77.33,-98.26,-99.79,77.67,98.28,False,False,False,False,False,False,False,False,False,2026-10-08
8620,8620.HK,AE LOGISTICS,亚洲速运,0.92,"5,000",Equity,Equity Securities (GEM),0.147,0.15,0.15,0.148,130000,0.02,0.148,0.146,-0.94,0.68,-1.34,-1.34,-2.0,0.25,0.5,0.7,0.25,0.5,-41.18,-70.0,-78.57,42.35,70.6,False,False,False,False,False,False,False,False,False,2026-10-08
8622,8622.HK,JOYZYME GROUP,愉悦集团,0.9,"8,000",Equity,Equity Securities (GEM),0.174,0.174,0.174,0.174,56000,0.01,0.177,0.179,-1.69,-2.63,-1.14,-5.43,8.75,0.44,0.75,0.75,0.44,0.75,-60.0,-76.8,-76.8,60.0,76.8,False,False,False,False,False,False,False,False,False,2026-10-08
8627,8627.HK,ORANGE TOUR,旅橙文化,0.43,"8,000",Equity,Equity Securities (GEM),0.054,0.057,0.06,0.054,320000,0.02,0.058,0.059,-7.22,-9.24,-8.47,-8.47,-10.0,0.17,0.17,1.62,0.17,0.17,-64.71,-64.71,-96.3,68.24,68.24,False,False,False,False,False,False,False,False,False,2026-10-08
8635,8635.HK,ELEPHANT HLDGS,大象控股集团,1.34,"4,000",Equity,Equity Securities (GEM),0.247,0.248,0.26,0.246,596000,0.15,0.248,0.272,-0.56,-9.06,0.0,-0.8,1.23,0.79,1.84,1.84,0.79,1.84,-67.09,-85.87,-85.87,68.73,86.58,False,False,False,False,False,False,False,False,False,2026-10-08
8637,8637.HK,METASURFACE,元续科技,5.44,"1,000",Equity,Equity Securities (GEM),3.66,3.745,3.745,3.66,107000,0.39,3.695,3.594,-0.95,1.85,-1.88,-1.35,1.1,4.3,4.3,4.3,4.3,4.3,-12.91,-12.91,-12.91,14.88,14.88,False,False,False,False,False,False,False,False,False,2026-10-08
8645,8645.HK,BYTE META,比特元宇宙,1.07,"6,000",Equity,Equity Securities (GEM),0.141,0.126,0.142,0.125,342000,0.05,0.137,0.18,2.92,-21.54,11.9,6.82,-25.0,0.68,0.95,1.6,0.68,0.95,-79.12,-85.05,-91.12,79.26,85.16,False,False,False,False,False,False,False,False,False,2026-10-08
8646,8646.HK,CHINA HONGGUANG,中国宏光,2.35,"3,000",Equity,Equity Securities (GEM),0.3,0.305,0.305,0.285,2307000,0.69,0.3,0.301,0.0,-0.33,0.0,1.69,3.45,0.44,0.63,4.12,0.44,0.63,-30.68,-51.59,-92.6,31.82,52.38,False,False,True,False,False,False,False,False,False,2026-10-08
8657,8657.HK,TRUE PARTNER,TRUE PARTNER,1.86,"2,000",Equity,Equity Securities (GEM),0.305,0.31,0.33,0.31,174000,0.05,0.284,0.291,7.39,4.81,10.91,10.91,1.67,0.48,0.6,1.41,0.48,0.6,-31.25,-45.0,-76.6,36.46,49.17,False,False,False,False,False,False,False,False,False,2026-10-08
8659,8659.HK,YIK WO INTL,易和国际控股,0.79,"5,000",Equity,Equity Securities (GEM),0.096,0.096,0.096,0.093,315000,0.03,0.097,0.098,-1.03,-1.54,-1.03,2.13,-3.03,0.17,0.82,1.42,0.17,0.82,-42.17,-88.29,-93.24,42.17,88.29,False,False,False,False,False,False,False,False,False,2026-10-08
8668,8668.HK,YING HAI GROUP,瀛海集团,1.46,"10,000",Equity,Equity Securities (GEM),0.122,0.125,0.125,0.122,130000,0.02,0.125,0.125,-2.56,-2.09,-3.17,-3.17,-2.4,0.14,0.17,0.26,0.14,0.17,-8.76,-26.47,-51.92,10.95,28.24,False,False,False,False,False,False,False,False,False,2026-10-08
9600,9600.HK,NEWLINK TECH,新纽科技,1.27,800,Equity,Equity Securities (Main Board),0.127,0.127,0.127,0.127,5600,0.0,0.128,0.131,-0.78,-2.68,0.0,-0.78,1.6,0.34,2.72,4.76,0.34,2.72,-63.19,-95.33,-97.33,63.19,95.33,False,False,False,False,False,False,False,False,False,2026-10-08
9606,9606.HK,DUALITYBIO-B,映恩生物－Ｂ,170.51,100,Equity,Equity Securities (Main Board),186.7,197.7,204.8,185.7,844880,157.74,195.08,196.85,-4.3,-5.16,-4.99,-4.89,-7.48,376.8,563.5,563.5,376.8,563.5,-45.65,-63.66,-63.66,50.45,66.87,False,False,False,False,False,False,False,False,False,2026-10-08
9608,9608.HK,SUNDY SERVICE,宋都服务,1.92,"10,000",Equity,Equity Securities (Main Board),0.05,0.05,0.05,0.05,20000,0.0,0.051,0.051,-2.72,-1.57,-3.85,-3.85,2.04,0.07,0.62,0.62,0.07,0.62,-31.51,-91.94,-91.94,31.51,91.94,False,False,False,False,False,False,False,False,False,2026-10-08
9609,9609.HK,HAIWEI ELEC,海伟股份,4.48,200,Equity,Equity Securities (Main Board),6.76,6.91,6.91,6.75,1400,0.01,6.871,6.844,-1.62,-1.23,-2.17,-1.74,-0.07,12.66,13.5,13.5,12.66,13.5,-45.42,-48.81,-48.81,46.6,49.93,False,False,False,False,False,False,False,False,False,2026-10-08
9611,9611.HK,LONGCHEER,龙旗科技,10.1,100,Equity,Equity Securities (Main Board),19.65,20.5,20.5,19.48,164500,3.23,19.996,20.61,-1.73,-4.66,-0.61,-2.72,-6.78,36.86,36.86,36.86,36.86,36.86,-44.38,-44.38,-44.38,46.69,46.69,False,False,False,False,False,False,False,False,False,2026-10-08
9615,9615.HK,MECH-MIND ROBOT,梅卡曼德机器人,89.94,30,Equity,Equity Securities (Main Board),79.55,80.55,81.05,78.25,117690,9.36,80.65,80.93,-1.36,-1.71,-2.99,-1.18,-1.18,102.0,102.0,102.0,102.0,102.0,-20.54,-20.54,-20.54,22.01,22.01,False,False,False,False,False,False,False,False,False,2026-10-08
9616,9616.HK,NEUTECH GROUP,东软睿新集团,11.31,800,Equity,Equity Securities (Main Board),1.75,1.75,1.765,1.75,132800,0.23,1.78,1.799,-1.69,-2.75,-1.69,-2.23,-3.31,2.6,3.98,7.94,2.6,3.98,-32.12,-55.65,-77.77,32.69,56.03,False,False,False,False,False,False,False,False,False,2026-10-08
9618,9618.HK,JD-SW,京东集团－ＳＷ,2489.28,50,Equity,Equity Securities (Main Board),105.2,105.7,106.6,104.6,5707369,600.42,103.8,104.02,1.35,1.13,0.29,2.73,0.86,132.5,192.3,422.8,132.5,192.3,-19.55,-44.57,-74.79,20.6,45.29,True,False,False,False,False,False,False,False,False,2026-10-08
9626,9626.HK,BILIBILI-W,哔哩哔哩－Ｗ,393.88,20,Equity,Equity Securities (Main Board),115.7,117.0,119.4,114.9,2453140,283.83,115.44,116.73,0.23,-0.88,-1.45,1.31,-3.18,285.6,285.6,1052.0,285.6,285.6,-58.19,-58.19,-88.65,59.49,59.49,False,False,True,False,False,False,False,False,False,2026-10-08
9630,9630.HK,CFMEE,芯碁微装,42.82,50,Equity,Equity Securities (Main Board),290.0,325.0,335.8,289.4,356400,103.36,317.8,324.62,-8.75,-10.66,-11.85,-11.59,-11.31,555.0,555.0,555.0,555.0,555.0,-39.5,-39.5,-39.5,47.75,47.75,False,False,False,False,False,False,False,False,False,2026-10-08
9633,9633.HK,NONGFU SPRING,农夫山泉,2036.02,200,Equity,Equity Securities (Main Board),40.44,39.76,40.58,39.42,5085843,205.67,39.816,39.542,1.57,2.27,1.71,1.15,1.51,51.85,56.25,68.75,51.85,56.25,-21.74,-27.86,-40.97,22.01,28.11,False,False,True,True,False,False,False,False,False,2026-10-08
9636,9636.HK,JF SMARTINVEST,九方智投控股,122.73,100,Equity,Equity Securities (Main Board),26.54,27.7,27.72,26.28,1055876,28.02,27.536,28.156,-3.62,-5.74,-2.21,-6.88,-6.68,67.45,84.05,84.05,67.45,84.05,-58.9,-67.02,-67.02,60.65,68.42,False,False,False,False,False,False,False,False,False,2026-10-08
9637,9637.HK,ALEBUND-B,礼邦医药－Ｂ,63.62,100,Equity,Equity Securities (Main Board),27.0,28.26,28.8,25.5,686000,18.52,26.788,25.774,0.79,4.76,-5.53,2.66,8.09,46.82,46.82,46.82,46.82,46.82,-38.49,-38.49,-38.49,42.33,42.33,False,False,False,True,False,False,False,False,False,2026-10-08
9638,9638.HK,FERRETTI,法拉帝,88.01,100,Equity,Equity Securities (Main Board),26.0,25.0,25.8,25.0,3900,0.1,33.728,34.788,-22.91,-25.26,-26.97,-27.13,-27.13,41.22,41.22,41.22,41.22,41.22,-37.41,-37.41,-37.41,36.92,36.92,False,False,False,False,False,False,False,False,False,2026-10-08
9639,9639.HK,WING LEE DEV,荣利营造,9.1,"5,000",Equity,Equity Securities (Main Board),0.91,0.92,0.92,0.91,90000,0.08,0.906,0.912,0.44,-0.22,0.55,1.11,-1.09,1.25,1.82,1.82,1.25,1.82,-26.4,-49.45,-49.45,27.2,50.0,False,False,False,False,False,False,False,False,False,2026-10-08
9658,9658.HK,SUPER HI,特海国际,58.23,"1,000",Equity,Equity Securities (Main Board),8.955,8.92,9.07,8.92,128800,1.15,9.034,9.059,-0.87,-1.15,-1.65,-0.72,1.7,13.99,24.1,24.3,13.99,24.1,-35.17,-62.37,-62.67,35.99,62.84,False,False,False,False,False,False,False,False,False,2026-10-08
9660,9660.HK,HORIZONROBOT-W,地平线机器人－Ｗ,543.55,600,Equity,Equity Securities (Main Board),3.95,3.97,4.09,3.91,95757022,378.24,4.009,4.065,-1.47,-2.84,-1.13,-1.5,-5.5,9.8,11.32,11.32,9.8,11.32,-58.27,-63.87,-63.87,59.69,65.11,False,False,False,False,False,False,False,False,False,2026-10-08
9663,9663.HK,SINOSYNERGY,国鸿氢能,9.16,500,Equity,Equity Securities (Main Board),2.375,2.38,2.465,2.38,4000,0.01,2.323,2.296,2.24,3.46,-0.21,9.95,3.26,5.33,26.45,26.45,5.33,26.45,-53.75,-90.68,-90.68,55.44,91.02,False,False,False,False,False,False,False,False,False,2026-10-08
9668,9668.HK,CBHB,渤海银行,45.26,500,Equity,Equity Securities (Main Board),0.73,0.735,0.74,0.72,3678000,2.68,0.744,0.754,-1.88,-3.25,-0.68,-2.67,-5.81,1.02,1.31,5.82,1.02,1.31,-27.45,-43.51,-87.29,28.43,44.27,False,False,False,False,False,False,False,False,False,2026-10-08
9669,9669.HK,BEISEN HOLDING,北森控股,23.61,200,Equity,Equity Securities (Main Board),3.295,3.305,3.305,3.145,3710800,12.23,3.219,3.214,2.36,2.54,0.15,4.44,1.7,7.59,9.72,29.8,7.59,9.72,-56.46,-66.0,-88.91,56.59,66.1,True,False,True,True,False,False,False,False,False,2026-10-08
9676,9676.HK,SHIYUE DAOTIAN,十月稻田,43.7,300,Equity,Equity Securities (Main Board),4.135,4.12,4.195,4.055,290100,1.2,4.178,4.154,-1.03,-0.46,0.36,-2.48,0.85,9.77,100.0,100.0,9.77,100.0,-57.06,-95.8,-95.8,57.68,95.86,False,False,False,False,False,False,False,False,False,2026-10-08
9678,9678.HK,UNISOUND,云知声,29.12,20,Equity,Equity Securities (Main Board),64.55,68.0,68.0,64.55,1037560,66.97,66.28,66.905,-2.61,-3.52,-3.08,-3.01,-5.21,443.8,879.0,879.0,443.8,879.0,-84.68,-92.26,-92.26,85.46,92.66,False,False,False,False,False,False,False,False,False,2026-10-08
9686,9686.HK,XIKANG CLOUD,熙康云医院,8.29,500,Equity,Equity Securities (Main Board),0.985,0.985,0.985,0.985,25000,0.02,0.988,0.989,-0.3,-0.4,0.0,-0.51,-0.51,1.03,2.58,3.7,1.03,2.58,-4.37,-61.82,-73.38,4.37,61.82,False,False,False,False,False,False,False,True,False,2026-10-08
9688,9688.HK,ZAI LAB,再鼎医药,218.35,100,Equity,Equity Securities (Main Board),19.19,20.0,20.44,19.15,6629500,127.22,19.72,19.936,-2.69,-3.74,-3.52,0.63,-7.03,21.42,35.5,151.2,21.42,35.5,-4.58,-42.42,-86.48,10.41,45.94,False,False,False,False,False,False,False,False,False,2026-10-08
9690,9690.HK,TUHU-W,途虎－Ｗ,86.17,100,Equity,Equity Securities (Main Board),11.4,12.0,12.0,11.02,1943048,22.15,11.72,11.515,-2.73,-1.0,-6.48,-3.23,0.97,16.74,37.7,37.7,16.74,37.7,-28.32,-68.17,-68.17,31.9,69.76,False,False,False,False,False,False,False,False,False,2026-10-08
9696,9696.HK,TIANQI LITHIUM,天齐锂业,64.28,200,Equity,Equity Securities (Main Board),27.22,27.64,28.7,27.22,3356372,91.36,27.732,28.24,-1.85,-3.61,-0.51,-2.51,-5.09,69.15,69.15,88.75,69.15,69.15,-58.5,-58.5,-67.66,60.64,60.64,False,False,False,False,False,False,False,False,False,2026-10-08
9698,9698.HK,GDS-SW,万国数据－ＳＷ,449.59,100,Equity,Equity Securities (Main Board),29.76,30.96,31.64,29.6,4227277,125.8,29.312,30.586,1.53,-2.7,0.61,5.53,-5.64,46.94,48.9,118.7,46.94,48.9,-32.59,-35.3,-73.34,36.6,39.14,False,False,False,False,False,False,False,False,False,2026-10-08
9699,9699.HK,SF INTRA-CITY,顺丰同城,63.49,200,Equity,Equity Securities (Main Board),8.63,8.46,8.72,8.46,2038400,17.59,8.438,8.661,2.28,-0.36,3.11,3.48,-3.9,16.27,19.26,19.26,16.27,19.26,-46.4,-54.72,-54.72,46.96,55.19,False,False,False,False,False,False,False,False,False,2026-10-08
9856,9856.HK,LIGENT,纳真科技,293.7,100,Equity,Equity Securities (Main Board),29.88,32.46,32.5,29.38,6861700,205.03,32.08,33.362,-6.86,-10.44,-8.06,-9.18,-11.23,39.86,39.86,39.86,39.86,39.86,-18.46,-18.46,-18.46,25.04,25.04,False,False,False,False,False,False,False,False,False,2026-10-08
9858,9858.HK,YOURAN DAIRY,优然牧业,172.91,"1,000",Equity,Equity Securities (Main Board),3.85,3.86,4.065,3.83,15764000,60.69,3.815,3.918,0.92,-1.75,1.32,2.12,-4.94,5.29,5.29,6.49,5.29,5.29,-23.16,-23.16,-37.37,27.22,27.22,False,False,False,False,False,False,False,False,False,2026-10-08
9860,9860.HK,ADICON HOLDINGS,艾迪康控股,30.62,500,Equity,Equity Securities (Main Board),4.22,4.6,4.6,4.18,21000,0.09,4.682,4.596,-9.87,-8.18,-12.08,-11.99,-9.25,7.4,15.1,19.18,7.4,15.1,-37.84,-69.54,-76.02,42.97,72.05,False,False,False,False,False,False,False,False,False,2026-10-08
9863,9863.HK,LEAPMOTOR,零跑汽车,384.56,100,Equity,Equity Securities (Main Board),34.0,34.82,35.12,33.96,4819614,163.87,34.536,34.776,-1.55,-2.23,-3.08,-0.47,-0.64,57.8,76.3,76.3,57.8,76.3,-39.24,-53.97,-53.97,41.18,55.44,False,False,False,False,False,False,False,False,False,2026-10-08
9866,9866.HK,NIO-SW,蔚来－ＳＷ,637.57,10,Equity,Equity Securities (Main Board),27.0,27.68,27.82,26.94,3655495,98.7,26.904,27.29,0.36,-1.06,-0.59,0.97,1.96,54.95,74.2,199.2,54.95,74.2,-49.37,-62.51,-86.03,50.86,63.61,False,False,False,False,False,False,False,False,False,2026-10-08
9868,9868.HK,XPENG-W,小鹏集团－Ｗ,587.88,100,Equity,Equity Securities (Main Board),37.5,37.4,38.06,37.02,6752249,253.21,37.068,37.948,1.17,-1.18,-1.32,3.36,-0.95,84.6,110.8,220.0,84.6,110.8,-55.01,-65.65,-82.7,55.67,66.16,False,False,False,False,False,False,False,False,False,2026-10-08
9869,9869.HK,HELENS,海伦司,11.13,500,Equity,Equity Securities (Main Board),0.88,0.89,0.895,0.88,71000,0.06,0.902,0.915,-2.44,-3.83,-1.68,-2.22,-1.12,2.12,6.47,25.75,2.12,6.47,-57.78,-86.17,-96.52,58.49,86.4,False,False,False,False,False,False,False,False,False,2026-10-08
9876,9876.HK,OCEAN ONE HLDG,大洋环球控股,8.4,"2,000",Equity,Equity Securities (Main Board),3.0,3.115,3.14,3.0,56000,0.17,2.997,2.957,0.1,1.44,-5.51,3.27,6.38,3.9,5.29,5.29,3.9,5.29,-19.49,-40.64,-40.64,23.08,43.29,False,False,False,False,False,False,False,False,False,2026-10-08
9877,9877.HK,JENSCARE-B,健世科技－Ｂ,22.56,200,Equity,Equity Securities (Main Board),7.27,7.185,7.35,6.88,216000,1.57,7.346,7.378,-1.03,-1.46,-3.0,2.11,-1.69,10.02,37.7,94.7,10.02,37.7,-26.65,-80.5,-92.24,27.45,80.72,False,False,False,False,False,False,False,False,False,2026-10-08
9878,9878.HK,HUITONGDA NET,汇通达网络,36.72,100,Equity,Equity Securities (Main Board),6.95,7.05,7.08,6.87,397200,2.76,7.019,7.048,-0.98,-1.39,-1.84,-1.14,0.58,11.86,33.45,64.7,11.86,33.45,-40.3,-78.83,-89.06,41.4,79.22,False,False,False,False,False,False,False,False,False,2026-10-08
9879,9879.HK,MIGAO GROUP,米高集团,83.3,"1,000",Equity,Equity Securities (Main Board),9.165,9.15,9.165,9.05,463000,4.24,9.105,9.085,0.66,0.89,1.16,1.05,1.78,9.77,9.77,9.77,9.77,9.77,-6.19,-6.19,-6.19,6.19,6.19,False,False,False,True,False,False,False,True,True,2026-10-08
9880,9880.HK,UBTECH ROBOTICS,优必选,303.23,50,Equity,Equity Securities (Main Board),69.2,73.2,74.5,69.0,6519588,451.16,73.43,74.285,-5.76,-6.85,-6.99,-7.73,-6.93,156.4,328.0,328.0,156.4,328.0,-52.37,-77.29,-77.29,55.75,78.9,False,False,False,False,False,False,False,False,False,2026-10-08
9885,9885.HK,YSB,药师帮,23.54,200,Equity,Equity Securities (Main Board),3.4,3.5,3.53,3.35,383800,1.3,3.488,3.437,-2.52,-1.08,-4.23,-3.0,-2.44,6.67,56.9,64.5,6.67,56.9,-47.08,-93.8,-94.53,49.03,94.02,False,False,False,False,False,False,False,False,False,2026-10-08
9886,9886.HK,DINGDANG HEALTH,叮当健康,10.18,500,Equity,Equity Securities (Main Board),0.825,0.825,0.845,0.8,386000,0.32,0.824,0.81,0.12,1.85,0.0,-0.6,3.12,1.26,2.5,20.2,1.26,2.5,-32.94,-66.2,-95.82,34.52,67.0,False,False,False,True,False,False,False,False,False,2026-10-08
9887,9887.HK,LEADS BIOLABS-B,维立志博－Ｂ,89.27,100,Equity,Equity Securities (Main Board),45.16,49.52,50.8,45.02,2370502,107.05,49.312,50.384,-8.42,-10.37,-8.95,-10.49,-13.24,97.5,97.5,97.5,97.5,97.5,-47.9,-47.9,-47.9,53.68,53.68,False,False,False,False,False,False,False,False,False,2026-10-08
9888,9888.HK,BIDU-W,百度集团－Ｗ,1803.95,50,Equity,Equity Securities (Main Board),82.15,83.8,84.9,82.0,9805590,805.53,83.93,84.75,-2.12,-3.07,-3.07,-1.5,-4.25,161.2,161.2,256.6,161.2,161.2,-47.33,-47.33,-66.91,49.04,49.04,False,False,False,False,False,False,False,False,False,2026-10-08
9889,9889.HK,DRCB,东莞农商银行,36.16,"1,000",Equity,Equity Securities (Main Board),3.15,3.16,3.16,3.15,17000,0.05,3.136,3.135,0.45,0.49,-0.32,0.96,0.64,3.85,7.3,8.4,3.85,7.3,-17.92,-56.71,-62.38,18.18,56.85,False,False,False,False,False,False,False,False,False,2026-10-08
9890,9890.HK,TANWAN,贪玩,52.47,200,Equity,Equity Securities (Main Board),10.15,10.25,10.38,9.805,1225400,12.44,10.203,9.725,-0.52,4.36,-5.93,1.3,6.06,21.72,72.45,72.45,21.72,72.45,-52.21,-85.67,-85.67,53.27,85.99,False,False,False,False,False,False,False,False,False,2026-10-08
9896,9896.HK,MNSO,名创优品,209.13,200,Equity,Equity Securities (Main Board),17.79,17.65,17.99,17.57,2402904,42.75,17.466,17.613,1.86,1.0,2.24,3.07,-3.58,40.3,56.9,59.85,40.3,56.9,-55.36,-68.38,-69.94,55.86,68.73,True,False,False,True,False,False,False,False,False,2026-10-08
9898,9898.HK,WB-SW,微博－ＳＷ,78.45,20,Equity,Equity Securities (Main Board),49.7,50.6,51.0,49.68,99923,4.97,49.822,50.431,-0.24,-1.45,-0.8,0.24,-1.78,88.5,103.7,275.0,88.5,103.7,-42.37,-50.82,-81.45,43.84,52.07,False,False,False,False,False,False,False,False,False,2026-10-08
9899,9899.HK,NETEASE MUSIC,网易云音乐,172.79,50,Equity,Equity Securities (Main Board),82.15,82.8,85.1,81.55,371850,30.55,82.69,83.61,-0.65,-1.75,0.06,-0.84,-3.97,201.8,303.4,303.4,201.8,303.4,-57.83,-71.95,-71.95,59.29,72.92,False,False,False,False,False,False,False,False,False,2026-10-08
9900,9900.HK,ZCLOUD TECH CON,智云科技建设,193.29,"4,000",Equity,Equity Securities (Main Board),6.495,5.725,6.5,5.545,5800000,37.67,5.828,5.659,11.44,14.76,14.75,13.55,11.69,7.72,7.72,7.72,7.72,7.72,-15.8,-15.8,-15.8,15.87,15.87,False,False,False,True,False,False,False,False,False,2026-10-08
9901,9901.HK,NEW ORIENTAL-S,新东方－Ｓ,692.67,100,Equity,Equity Securities (Main Board),44.68,44.58,45.2,44.5,3021694,135.01,44.088,44.068,1.34,1.39,0.22,1.78,4.1,51.05,77.05,158.8,51.05,77.05,-11.46,-41.34,-71.54,12.48,42.01,True,True,False,False,False,False,False,False,False,2026-10-08
9903,9903.HK,ILUVATAR COREX,天数智芯,719.44,100,Equity,Equity Securities (Main Board),92.25,100.0,100.0,88.5,8888627,819.98,98.91,107.775,-6.73,-14.41,-7.01,-10.35,-12.97,295.83,295.83,295.83,295.83,295.83,-66.2,-66.2,-66.2,68.82,68.82,False,False,False,False,False,False,False,False,False,2026-10-08
9908,9908.HK,JIAXING GAS,嘉兴燃气,2.95,500,Equity,Equity Securities (Main Board),7.79,7.79,7.79,7.79,2000,0.02,7.718,7.719,0.93,0.92,1.17,1.17,1.17,9.1,9.1,14.92,9.1,9.1,-14.4,-14.4,-47.79,14.4,14.4,False,False,False,False,False,False,False,False,False,2026-10-08
9909,9909.HK,POWERLONG CM,宝龙商业,12.89,500,Equity,Equity Securities (Main Board),2.005,2.04,2.04,1.96,382996,0.77,2.006,1.955,-0.05,2.56,-1.72,0.75,-0.74,2.84,3.85,31.65,2.84,3.85,-28.17,-47.01,-93.55,29.4,47.92,False,False,False,False,False,False,False,False,False,2026-10-08
9911,9911.HK,NEWBORNTOWN,赤子城科技,126.87,"2,000",Equity,Equity Securities (Main Board),9.06,9.3,9.685,8.97,6820450,61.79,9.253,9.302,-2.09,-2.6,-1.36,-2.53,-6.79,14.09,14.09,14.09,14.09,14.09,-31.26,-31.26,-31.26,35.7,35.7,False,False,False,False,False,False,False,False,False,2026-10-08
9913,9913.HK,CHI KAN HLDGS,智勤控股,23.2,"4,000",Equity,Equity Securities (Main Board),2.32,2.335,2.335,2.32,96500,0.22,2.33,2.332,-0.43,-0.54,-0.43,-0.43,-0.85,2.6,3.5,4.05,2.6,3.5,-10.19,-33.29,-42.35,10.77,33.71,False,False,False,False,False,False,False,False,False,2026-10-08
9916,9916.HK,XINGYE WULIAN,兴业物联,1.44,"2,000",Equity,Equity Securities (Main Board),0.36,0.365,0.365,0.36,70000,0.03,0.369,0.368,-2.44,-2.17,-2.7,-1.37,-2.7,0.42,0.85,2.31,0.42,0.85,-13.1,-57.06,-84.2,14.29,57.65,False,False,False,False,False,False,False,False,False,2026-10-08
9918,9918.HK,WISE ALLY INTL,丽年国际,0.98,"2,000",Equity,Equity Securities (Main Board),0.98,0.96,0.98,0.925,29600,0.03,0.958,0.971,2.3,0.93,5.38,3.16,0.0,1.16,1.97,5.7,1.16,1.97,-15.52,-50.25,-82.81,15.52,50.25,False,False,False,True,False,False,False,False,False,2026-10-08
9919,9919.HK,ACTIVATION GP,艾德韦宣集团,5.24,"2,000",Equity,Equity Securities (Main Board),0.705,0.7,0.705,0.69,444000,0.31,0.715,0.73,-1.4,-3.42,-0.7,-2.08,-4.08,1.07,1.46,2.03,1.07,1.46,-34.11,-51.71,-65.27,34.11,51.71,False,False,False,False,False,False,False,False,False,2026-10-08
9922,9922.HK,JIUMAOJIU,九毛九,12.77,"1,000",Equity,Equity Securities (Main Board),0.955,0.97,0.985,0.955,1423000,1.36,0.971,0.983,-1.65,-2.8,-3.54,-1.55,-4.02,2.33,11.3,38.7,2.33,11.3,-57.73,-91.28,-97.45,59.01,91.55,False,False,False,False,False,False,False,False,False,2026-10-08
9923,9923.HK,YEAHKA,移卡,17.35,400,Equity,Equity Securities (Main Board),3.77,3.87,3.975,3.77,146825,0.55,3.815,3.858,-1.18,-2.29,-2.08,-1.69,-5.28,9.06,16.58,122.7,9.06,16.58,-56.13,-76.03,-96.76,58.39,77.26,False,False,False,False,False,False,False,False,False,2026-10-08
9926,9926.HK,AKESO,康方生物,973.65,"1,000",Equity,Equity Securities (Main Board),105.7,110.9,111.5,104.9,11037193,1166.63,107.64,103.265,-1.8,2.36,-3.12,-0.28,-2.76,156.0,179.0,179.0,156.0,179.0,-28.53,-37.71,-37.71,32.24,40.95,False,False,False,False,False,False,False,False,False,2026-10-08
9927,9927.HK,SERES,赛力斯,37.5,100,Equity,Equity Securities (Main Board),34.52,37.98,38.6,34.44,4232300,146.1,36.388,35.07,-5.13,-1.57,-6.7,-5.37,-1.6,113.3,131.5,131.5,113.3,131.5,-65.93,-70.65,-70.65,69.53,73.75,False,False,False,False,False,False,False,False,False,2026-10-08
9928,9928.HK,TIMES NEIGHBOR,时代邻里,4.63,"1,000",Equity,Equity Securities (Main Board),0.47,0.465,0.47,0.46,882000,0.41,0.466,0.47,0.86,-0.0,1.08,1.08,0.0,0.61,0.86,13.74,0.61,0.86,-22.95,-45.35,-96.58,22.95,45.35,False,False,False,False,False,False,False,False,False,2026-10-08
9929,9929.HK,SEM HLDGS,澳达控股,28.3,"10,000",Equity,Equity Securities (Main Board),1.415,1.42,1.45,1.395,990000,1.4,1.391,1.396,1.73,1.32,1.07,4.81,0.35,2.42,2.42,2.42,2.42,2.42,-40.08,-40.08,-40.08,41.53,41.53,True,False,False,True,False,False,False,False,False,2026-10-08
9930,9930.HK,HORIZON CD,宏信建发,22.38,"1,000",Equity,Equity Securities (Main Board),0.7,0.66,0.7,0.66,14000,0.01,0.671,0.675,4.32,3.7,6.06,5.26,4.48,1.1,4.65,4.93,1.1,4.65,-36.36,-84.95,-85.8,36.36,84.95,False,False,False,True,False,False,False,False,False,2026-10-08
9936,9936.HK,XIMEI RESOURCES,稀美资源,49.73,500,Equity,Equity Securities (Main Board),12.01,12.58,12.66,11.84,1260000,15.13,12.312,12.815,-2.45,-6.28,-2.12,-5.13,-7.62,24.2,24.2,24.2,24.2,24.2,-47.69,-47.69,-47.69,50.37,50.37,False,False,False,False,False,False,False,False,False,2026-10-08
9939,9939.HK,KINTOR PHARMA-B,开拓药业－Ｂ,8.23,500,Equity,Equity Securities (Main Board),1.65,1.73,1.74,1.625,1244000,2.05,1.743,1.788,-5.34,-7.72,-5.17,-4.9,-6.25,4.7,4.7,89.0,4.7,4.7,-62.98,-62.98,-98.04,64.89,64.89,False,False,False,False,False,False,False,False,False,2026-10-08
9955,9955.HK,CLOUDR,智云健康,3.26,100,Equity,Equity Securities (Main Board),0.505,0.48,0.515,0.475,133200,0.07,0.492,0.479,2.64,5.54,3.06,2.02,7.45,1.08,7.21,30.7,1.08,7.21,-52.31,-92.86,-98.32,53.24,93.0,False,False,False,True,False,False,False,False,False,2026-10-08
9958,9958.HK,LITIAN PICTURES,力天影业,0.69,"1,000",Equity,Equity Securities (Main Board),0.137,0.135,0.14,0.132,559000,0.08,0.136,0.136,0.59,0.96,1.48,0.0,2.24,0.25,5.31,5.31,0.25,5.31,-43.78,-97.36,-97.36,44.98,97.42,False,False,False,True,False,False,False,False,False,2026-10-08
9959,9959.HK,LINKLOGIS-W,联易融科技－Ｗ,41.97,500,Equity,Equity Securities (Main Board),2.225,2.285,2.285,2.17,6110500,13.6,2.253,2.275,-1.24,-2.2,-2.84,-0.45,-3.05,2.69,3.64,25.1,2.69,3.64,-15.06,-37.23,-90.9,17.29,38.87,False,False,False,False,False,False,False,False,False,2026-10-08
9960,9960.HK,KINDSTAR GLOBAL,康圣环球,9.39,500,Equity,Equity Securities (Main Board),0.91,0.92,0.95,0.91,186000,0.17,0.915,0.922,-0.55,-1.25,-1.09,-1.09,-1.62,1.3,1.79,9.78,1.3,1.79,-26.92,-46.93,-90.29,30.0,49.16,False,False,False,False,False,False,False,False,False,2026-10-08
9961,9961.HK,TRIP.COM-S,携程集团－Ｓ,1863.93,50,Equity,Equity Securities (Main Board),296.0,301.2,303.0,294.6,1561313,462.15,300.76,305.56,-1.58,-3.13,-2.25,-1.86,-3.96,613.0,613.0,613.0,613.0,613.0,-50.57,-50.57,-50.57,51.71,51.71,False,False,False,False,False,False,False,False,False,2026-10-08
9963,9963.HK,TRANSTECH OPTEL,高科桥光导,33.64,"2,000",Equity,Equity Securities (Main Board),8.685,8.82,8.95,8.31,206000,1.79,8.955,8.963,-3.02,-3.1,-1.53,-3.61,-3.93,13.48,13.48,13.48,13.48,13.48,-33.61,-33.61,-33.61,35.57,35.57,False,False,False,False,False,False,False,False,False,2026-10-08
9966,9966.HK,ALPHAMAB-B,康宁杰瑞制药－Ｂ,72.88,"1,000",Equity,Equity Securities (Main Board),7.54,8.055,8.055,7.48,1941000,14.64,8.142,8.186,-7.39,-7.9,-6.74,-10.24,-10.77,12.2,15.75,28.7,12.2,15.75,-33.98,-48.86,-71.93,38.2,52.13,False,False,False,False,False,False,False,False,False,2026-10-08
9968,9968.HK,HUIJING HLDGS,汇景控股,9.14,"2,000",Equity,Equity Securities (Main Board),0.174,0.181,0.184,0.171,16726000,2.91,0.164,0.152,5.97,14.55,-5.95,18.37,12.26,0.19,0.19,2.89,0.19,0.19,-5.64,-5.64,-93.63,10.77,10.77,False,False,False,False,False,False,False,False,False,2026-10-08
9969,9969.HK,INNOCARE,诺诚健华,187.32,"1,000",Equity,Equity Securities (Main Board),12.54,13.8,13.86,12.5,13797400,173.02,13.404,13.918,-6.45,-9.9,-7.18,-6.21,-15.21,16.2,20.62,32.05,16.2,20.62,-14.44,-32.78,-56.76,22.59,39.19,False,False,False,False,False,False,False,False,False,2026-10-08
9971,9971.HK,BASICSEMI,基本半导体,114.67,200,Equity,Equity Securities (Main Board),39.96,40.0,40.0,39.22,45800,1.83,39.98,40.598,-0.05,-1.57,-0.55,0.71,-1.33,73.5,73.5,73.5,73.5,73.5,-45.58,-45.58,-45.58,45.63,45.63,False,False,False,False,False,False,False,False,False,2026-10-08
9973,9973.HK,CHERY AUTO,奇瑞汽车,567.45,100,Equity,Equity Securities (Main Board),24.1,24.92,24.92,23.78,4249292,102.41,24.812,24.514,-2.87,-1.69,-3.29,-1.23,1.52,34.06,34.98,34.98,34.06,34.98,-26.83,-28.76,-28.76,29.24,31.1,False,False,False,False,False,False,False,False,False,2026-10-08
9976,9976.HK,LONGSYS,江波龙,56.86,50,Equity,Equity Securities (Main Board),189.6,202.6,206.6,189.6,682900,129.48,200.52,195.84,-5.45,-3.19,-7.78,-8.05,-3.02,236.6,236.6,236.6,236.6,236.6,-12.68,-12.68,-12.68,19.86,19.86,False,False,False,False,False,False,False,False,False,2026-10-08
9978,9978.HK,FINELAND LIVING,方圆生活服务,11.96,"4,000",Equity,Equity Securities (Main Board),2.99,3.06,3.06,2.88,488000,1.46,2.793,2.862,7.05,4.45,-3.55,14.12,15.22,3.48,3.48,3.48,3.48,3.48,-12.07,-12.07,-12.07,14.08,14.08,False,False,False,False,False,False,False,False,False,2026-10-08
9979,9979.HK,GREENTOWN MGMT,绿城管理控股,35.9,"1,000",Equity,Equity Securities (Main Board),1.795,1.805,1.84,1.76,833548,1.5,1.794,1.789,0.06,0.34,0.0,0.28,-2.45,3.39,7.98,7.98,3.39,7.98,-45.72,-76.94,-76.94,47.05,77.51,False,False,False,True,False,False,False,False,False,2026-10-08
9980,9980.HK,EASTROC,东鹏饮料,55.62,100,Equity,Equity Securities (Main Board),95.6,93.75,96.15,93.3,270520,25.86,94.14,94.79,1.55,0.85,2.41,1.65,0.0,227.69,227.69,227.69,227.69,227.69,-57.77,-57.77,-57.77,58.01,58.01,False,False,False,True,False,False,False,False,False,2026-10-08
9981,9981.HK,WOER,沃尔核材,10.91,200,Equity,Equity Securities (Main Board),7.79,8.175,8.175,7.77,1231400,9.59,8.005,8.094,-2.69,-3.76,-2.38,-3.53,-4.12,23.48,23.48,23.48,23.48,23.48,-65.18,-65.18,-65.18,66.82,66.82,False,False,False,False,False,False,False,False,False,2026-10-08
9982,9982.HK,CENTRALCHINA MT,中原建业,3.71,"2,000",Equity,Equity Securities (Main Board),0.08,0.08,0.084,0.079,2134000,0.17,0.081,0.083,-1.72,-4.19,-1.23,-3.61,-4.76,0.17,0.37,2.95,0.17,0.37,-49.09,-76.99,-97.15,51.52,78.08,False,False,False,False,False,False,False,False,False,2026-10-08
9983,9983.HK,CC NEW LIFE,建业新生活,2.99,"1,000",Equity,Equity Securities (Main Board),0.23,0.23,0.23,0.225,473000,0.11,0.236,0.248,-2.46,-7.41,0.0,-4.17,-8.0,0.63,2.31,11.88,0.63,2.31,-63.49,-90.04,-98.06,63.49,90.04,False,False,False,False,False,False,False,False,False,2026-10-08
9985,9985.HK,WL DELICIOUS,卫龙美味,158.58,200,Equity,Equity Securities (Main Board),6.525,6.445,6.645,6.445,1878400,12.26,6.48,6.52,0.69,0.07,0.85,1.08,-1.81,13.46,18.1,18.1,13.46,18.1,-50.63,-63.29,-63.29,51.52,63.95,False,False,False,True,False,False,False,False,False,2026-10-08
9987,9987.HK,YUM CHINA,百胜中国,1097.35,50,Equity,Equity Securities (Main Board),323.8,322.6,327.4,321.2,766654,248.24,319.64,320.58,1.3,1.0,0.37,3.19,0.31,451.2,451.2,544.0,451.2,451.2,-27.44,-27.44,-39.82,28.24,28.24,True,False,False,False,False,False,False,False,False,2026-10-08
9988,9988.HK,BABA-W,阿里巴巴－Ｗ,20757.74,100,Equity,Equity Securities (Main Board),104.3,104.4,106.7,103.3,66457372,6931.5,105.54,106.66,-1.17,-2.21,-1.04,-1.04,-2.16,174.2,186.2,309.4,174.2,186.2,-38.75,-42.7,-65.51,40.13,43.98,False,False,False,False,False,False,False,False,False,2026-10-08
9989,9989.HK,HEPALINK,海普瑞,8.47,500,Equity,Equity Securities (Main Board),3.85,3.965,3.965,3.82,587000,2.26,3.823,3.871,0.71,-0.56,0.92,0.65,-5.06,5.67,7.26,19.48,5.67,7.26,-30.07,-45.39,-79.65,32.1,46.97,False,False,False,False,False,False,False,False,False,2026-10-08
9990,9990.HK,ARCHOSAUR GAMES,祖龙娱乐,12.97,"1,000",Equity,Equity Securities (Main Board),1.62,1.63,1.635,1.61,275000,0.45,1.613,1.613,0.43,0.4,-1.82,3.85,3.18,2.88,2.88,28.4,2.88,2.88,-43.23,-43.23,-94.24,43.75,43.75,False,False,False,True,False,False,False,False,False,2026-10-08
9991,9991.HK,BAOZUN-W,宝尊电商－Ｗ,14.48,100,Equity,Equity Securities (Main Board),8.995,8.95,9.14,8.9,38400,0.35,8.309,8.021,8.26,12.14,4.47,14.22,15.32,8.8,12.96,145.4,9.14,12.96,3.86,-29.48,-93.71,1.59,30.59,True,False,False,False,True,False,False,True,False,2026-10-08
9992,9992.HK,POP MART,泡泡玛特,2030.96,200,Equity,Equity Securities (Main Board),152.5,151.5,153.4,150.0,6694203,1020.87,150.74,151.73,1.17,0.51,0.66,1.73,-0.07,274.2,339.8,339.8,274.2,339.8,-44.06,-54.86,-54.86,44.38,55.12,True,False,True,True,False,False,False,False,False,2026-10-08
9993,9993.HK,RADIANCE HLDGS,金辉控股,41.06,"1,000",Equity,Equity Securities (Main Board),1.015,1.07,1.085,1.01,43796000,44.45,1.042,1.058,-2.59,-4.11,-4.25,-2.4,-7.73,5.26,5.64,5.64,5.26,5.64,-79.37,-80.76,-80.76,80.7,82.0,False,False,False,False,False,False,False,False,False,2026-10-08
9995,9995.HK,REMEGEN,荣昌生物,146.53,500,Equity,Equity Securities (Main Board),70.25,73.6,74.8,70.1,2448280,171.99,72.34,73.06,-2.89,-3.85,-2.29,-2.77,-8.88,123.1,126.6,149.8,123.1,126.6,-39.24,-40.92,-50.07,42.93,44.51,False,False,False,False,False,False,False,False,False,2026-10-08
9996,9996.HK,PEIJIA-B,沛嘉医疗－Ｂ,30.97,"1,000",Equity,Equity Securities (Main Board),4.575,4.9,4.915,4.57,569000,2.6,4.714,4.794,-2.95,-4.57,-6.25,-1.08,-4.89,7.37,9.36,39.1,7.37,9.36,-33.31,-47.49,-87.43,37.92,51.12,False,False,False,False,False,False,False,False,False,2026-10-08
9998,9998.HK,KWAN YONG,光荣控股,3.96,"5,000",Equity,Equity Securities (Main Board),0.495,0.495,0.495,0.495,40000,0.02,0.502,0.508,-1.39,-2.65,-1.0,-1.98,-2.94,0.6,0.6,1.23,0.6,0.6,-17.5,-17.5,-59.76,17.5,17.5,False,False,False,False,False,False,False,False,False,2026-10-08
9999,9999.HK,NTES,网易,5971.08,100,Equity,Equity Securities (Main Board),186.5,187.4,190.1,185.5,4068159,758.71,186.48,187.5,0.01,-0.53,-1.06,0.48,-3.17,232.6,248.0,248.0,232.6,248.0,-18.27,-23.35,-23.35,19.82,24.8,False,False,True,False,False,False,False,False,False,2026-10-08
